schema_version	experiment_id	profile	phase	workload_id	logical_request_id	attempt_id	activation_id	event_code	event_seq	clock_domain	timestamp_value	timestamp_unit	node	process	pid	status
c5-timing-event-v1	C5	asyncs	measured	dynamic-html-derived-v1	1	1	ae0effa896a4419e8effa896a4219ee6	AI400	1	enclave_tsc_same_invocation	53457710784676	cycles		sgx_worker_enclave		observed
c5-timing-event-v1	C5	asyncs	measured	dynamic-html-derived-v1	1	1	ae0effa896a4419e8effa896a4219ee6	AI410	2	enclave_tsc_same_invocation	53457722056435	cycles		sgx_worker_enclave		observed
c5-timing-event-v1	C5	asyncs	measured	dynamic-html-derived-v1	1	1	ae0effa896a4419e8effa896a4219ee6	AI420	3	enclave_tsc_same_invocation	53457722057684	cycles		sgx_worker_enclave		observed
c5-timing-event-v1	C5	asyncs	measured	dynamic-html-derived-v1	1	1	ae0effa896a4419e8effa896a4219ee6	AI430	4	enclave_tsc_same_invocation	53457722060917	cycles		sgx_worker_enclave		observed
c5-timing-event-v1	C5	asyncs	measured	dynamic-html-derived-v1	1	1	ae0effa896a4419e8effa896a4219ee6	AF400	5	enclave_tsc_same_invocation	53457742071726	cycles		sgx_worker_enclave		observed
c5-timing-event-v1	C5	asyncs	measured	dynamic-html-derived-v1	1	1	ae0effa896a4419e8effa896a4219ee6	AF410	6	enclave_tsc_same_invocation	53458626437343	cycles		sgx_worker_enclave		observed
c5-timing-event-v1	C5	asyncs	measured	dynamic-html-derived-v1	1	1	ae0effa896a4419e8effa896a4219ee6	AO400	7	enclave_tsc_same_invocation	53458628478672	cycles		sgx_worker_enclave		observed
c5-timing-event-v1	C5	asyncs	measured	dynamic-html-derived-v1	1	1	ae0effa896a4419e8effa896a4219ee6	AO410	8	enclave_tsc_same_invocation	53458629082519	cycles		sgx_worker_enclave		observed
c5-timing-event-v1	C5	asyncs	measured	dynamic-html-derived-v1	1	1	ae0effa896a4419e8effa896a4219ee6	AO420	9	enclave_tsc_same_invocation	53458629083285	cycles		sgx_worker_enclave		observed
c5-timing-event-v1	C5	asyncs	measured	dynamic-html-derived-v1	1	1	ae0effa896a4419e8effa896a4219ee6	AO430	10	enclave_tsc_same_invocation	53458629092098	cycles		sgx_worker_enclave		observed
c5-timing-event-v1	C5	asyncs	measured	dynamic-html-derived-v1	1	1	ae0effa896a4419e8effa896a4219ee6	A400	400	monotonic_ns_same_process	19786461365529	ns		asyncs_worker		observed
c5-timing-event-v1	C5	asyncs	measured	dynamic-html-derived-v1	1	1	ae0effa896a4419e8effa896a4219ee6	A410	410	monotonic_ns_same_process	19786803145647	ns		asyncs_worker		observed
c5-timing-event-v1	C5	asyncs	measured	dynamic-html-derived-v1	2	1	0752ae0a2de8484792ae0a2de82847e1	AI400	1	enclave_tsc_same_invocation	53463472980946	cycles		sgx_worker_enclave		observed
c5-timing-event-v1	C5	asyncs	measured	dynamic-html-derived-v1	2	1	0752ae0a2de8484792ae0a2de82847e1	AI410	2	enclave_tsc_same_invocation	53463538507718	cycles		sgx_worker_enclave		observed
c5-timing-event-v1	C5	asyncs	measured	dynamic-html-derived-v1	2	1	0752ae0a2de8484792ae0a2de82847e1	AI420	3	enclave_tsc_same_invocation	53463595608071	cycles		sgx_worker_enclave		observed
c5-timing-event-v1	C5	asyncs	measured	dynamic-html-derived-v1	2	1	0752ae0a2de8484792ae0a2de82847e1	AI430	4	enclave_tsc_same_invocation	53463595617700	cycles		sgx_worker_enclave		observed
c5-timing-event-v1	C5	asyncs	measured	dynamic-html-derived-v1	2	1	0752ae0a2de8484792ae0a2de82847e1	AF400	5	enclave_tsc_same_invocation	53463687889100	cycles		sgx_worker_enclave		observed
c5-timing-event-v1	C5	asyncs	measured	dynamic-html-derived-v1	2	1	0752ae0a2de8484792ae0a2de82847e1	AF410	6	enclave_tsc_same_invocation	53466355167090	cycles		sgx_worker_enclave		observed
c5-timing-event-v1	C5	asyncs	measured	dynamic-html-derived-v1	2	1	0752ae0a2de8484792ae0a2de82847e1	AO400	7	enclave_tsc_same_invocation	53466357579485	cycles		sgx_worker_enclave		observed
c5-timing-event-v1	C5	asyncs	measured	dynamic-html-derived-v1	2	1	0752ae0a2de8484792ae0a2de82847e1	AO410	8	enclave_tsc_same_invocation	53466358507859	cycles		sgx_worker_enclave		observed
c5-timing-event-v1	C5	asyncs	measured	dynamic-html-derived-v1	2	1	0752ae0a2de8484792ae0a2de82847e1	AO420	9	enclave_tsc_same_invocation	53466358509121	cycles		sgx_worker_enclave		observed
c5-timing-event-v1	C5	asyncs	measured	dynamic-html-derived-v1	2	1	0752ae0a2de8484792ae0a2de82847e1	AO430	10	enclave_tsc_same_invocation	53466358525057	cycles		sgx_worker_enclave		observed
c5-timing-event-v1	C5	asyncs	measured	dynamic-html-derived-v1	2	1	0752ae0a2de8484792ae0a2de82847e1	A400	400	monotonic_ns_same_process	19787756020016	ns		asyncs_worker		observed
c5-timing-event-v1	C5	asyncs	measured	dynamic-html-derived-v1	2	1	0752ae0a2de8484792ae0a2de82847e1	A410	410	monotonic_ns_same_process	19788828637697	ns		asyncs_worker		observed
c5-timing-event-v1	C5	asyncs	measured	dynamic-html-derived-v1	3	1	b91dcf16428042dc9dcf16428042dc74	AI400	1	enclave_tsc_same_invocation	53456697522362	cycles		sgx_worker_enclave		observed
c5-timing-event-v1	C5	asyncs	measured	dynamic-html-derived-v1	3	1	b91dcf16428042dc9dcf16428042dc74	AI410	2	enclave_tsc_same_invocation	53456704468576	cycles		sgx_worker_enclave		observed
c5-timing-event-v1	C5	asyncs	measured	dynamic-html-derived-v1	3	1	b91dcf16428042dc9dcf16428042dc74	AI420	3	enclave_tsc_same_invocation	53456704469126	cycles		sgx_worker_enclave		observed
c5-timing-event-v1	C5	asyncs	measured	dynamic-html-derived-v1	3	1	b91dcf16428042dc9dcf16428042dc74	AI430	4	enclave_tsc_same_invocation	53456704471961	cycles		sgx_worker_enclave		observed
c5-timing-event-v1	C5	asyncs	measured	dynamic-html-derived-v1	3	1	b91dcf16428042dc9dcf16428042dc74	AF400	5	enclave_tsc_same_invocation	53456716144071	cycles		sgx_worker_enclave		observed
c5-timing-event-v1	C5	asyncs	measured	dynamic-html-derived-v1	3	1	b91dcf16428042dc9dcf16428042dc74	AF410	6	enclave_tsc_same_invocation	53457594530527	cycles		sgx_worker_enclave		observed
c5-timing-event-v1	C5	asyncs	measured	dynamic-html-derived-v1	3	1	b91dcf16428042dc9dcf16428042dc74	AO400	7	enclave_tsc_same_invocation	53457596581908	cycles		sgx_worker_enclave		observed
c5-timing-event-v1	C5	asyncs	measured	dynamic-html-derived-v1	3	1	b91dcf16428042dc9dcf16428042dc74	AO410	8	enclave_tsc_same_invocation	53457597185740	cycles		sgx_worker_enclave		observed
c5-timing-event-v1	C5	asyncs	measured	dynamic-html-derived-v1	3	1	b91dcf16428042dc9dcf16428042dc74	AO420	9	enclave_tsc_same_invocation	53457597186510	cycles		sgx_worker_enclave		observed
c5-timing-event-v1	C5	asyncs	measured	dynamic-html-derived-v1	3	1	b91dcf16428042dc9dcf16428042dc74	AO430	10	enclave_tsc_same_invocation	53457597195048	cycles		sgx_worker_enclave		observed
c5-timing-event-v1	C5	asyncs	measured	dynamic-html-derived-v1	3	1	b91dcf16428042dc9dcf16428042dc74	A400	400	monotonic_ns_same_process	19786086596532	ns		asyncs_worker		observed
c5-timing-event-v1	C5	asyncs	measured	dynamic-html-derived-v1	3	1	b91dcf16428042dc9dcf16428042dc74	A410	410	monotonic_ns_same_process	19786420944750	ns		asyncs_worker		observed
c5-timing-event-v1	C5	asyncs	measured	dynamic-html-derived-v1	4	1	80a9ce93018644d1a9ce93018624d114	AI400	1	enclave_tsc_same_invocation	53458770062519	cycles		sgx_worker_enclave		observed
c5-timing-event-v1	C5	asyncs	measured	dynamic-html-derived-v1	4	1	80a9ce93018644d1a9ce93018624d114	AI410	2	enclave_tsc_same_invocation	53458776567858	cycles		sgx_worker_enclave		observed
c5-timing-event-v1	C5	asyncs	measured	dynamic-html-derived-v1	4	1	80a9ce93018644d1a9ce93018624d114	AI420	3	enclave_tsc_same_invocation	53458776568515	cycles		sgx_worker_enclave		observed
c5-timing-event-v1	C5	asyncs	measured	dynamic-html-derived-v1	4	1	80a9ce93018644d1a9ce93018624d114	AI430	4	enclave_tsc_same_invocation	53458776571146	cycles		sgx_worker_enclave		observed
c5-timing-event-v1	C5	asyncs	measured	dynamic-html-derived-v1	4	1	80a9ce93018644d1a9ce93018624d114	AF400	5	enclave_tsc_same_invocation	53458788734917	cycles		sgx_worker_enclave		observed
c5-timing-event-v1	C5	asyncs	measured	dynamic-html-derived-v1	4	1	80a9ce93018644d1a9ce93018624d114	AF410	6	enclave_tsc_same_invocation	53459664353773	cycles		sgx_worker_enclave		observed
c5-timing-event-v1	C5	asyncs	measured	dynamic-html-derived-v1	4	1	80a9ce93018644d1a9ce93018624d114	AO400	7	enclave_tsc_same_invocation	53459666295524	cycles		sgx_worker_enclave		observed
c5-timing-event-v1	C5	asyncs	measured	dynamic-html-derived-v1	4	1	80a9ce93018644d1a9ce93018624d114	AO410	8	enclave_tsc_same_invocation	53459666899472	cycles		sgx_worker_enclave		observed
c5-timing-event-v1	C5	asyncs	measured	dynamic-html-derived-v1	4	1	80a9ce93018644d1a9ce93018624d114	AO420	9	enclave_tsc_same_invocation	53459666900222	cycles		sgx_worker_enclave		observed
c5-timing-event-v1	C5	asyncs	measured	dynamic-html-derived-v1	4	1	80a9ce93018644d1a9ce93018624d114	AO430	10	enclave_tsc_same_invocation	53459666911678	cycles		sgx_worker_enclave		observed
c5-timing-event-v1	C5	asyncs	measured	dynamic-html-derived-v1	4	1	80a9ce93018644d1a9ce93018624d114	A400	400	monotonic_ns_same_process	19786854199761	ns		asyncs_worker		observed
c5-timing-event-v1	C5	asyncs	measured	dynamic-html-derived-v1	4	1	80a9ce93018644d1a9ce93018624d114	A410	410	monotonic_ns_same_process	19787187524960	ns		asyncs_worker		observed
c5-timing-event-v1	C5	asyncs	measured	dynamic-html-derived-v1	5	1	a766797e26d547aca6797e26d587ac23	AI400	1	enclave_tsc_same_invocation	53463277130033	cycles		sgx_worker_enclave		observed
c5-timing-event-v1	C5	asyncs	measured	dynamic-html-derived-v1	5	1	a766797e26d547aca6797e26d587ac23	AI410	2	enclave_tsc_same_invocation	53463344583670	cycles		sgx_worker_enclave		observed
c5-timing-event-v1	C5	asyncs	measured	dynamic-html-derived-v1	5	1	a766797e26d547aca6797e26d587ac23	AI420	3	enclave_tsc_same_invocation	53463412487314	cycles		sgx_worker_enclave		observed
c5-timing-event-v1	C5	asyncs	measured	dynamic-html-derived-v1	5	1	a766797e26d547aca6797e26d587ac23	AI430	4	enclave_tsc_same_invocation	53463412495133	cycles		sgx_worker_enclave		observed
c5-timing-event-v1	C5	asyncs	measured	dynamic-html-derived-v1	5	1	a766797e26d547aca6797e26d587ac23	AF400	5	enclave_tsc_same_invocation	53463499689002	cycles		sgx_worker_enclave		observed
c5-timing-event-v1	C5	asyncs	measured	dynamic-html-derived-v1	5	1	a766797e26d547aca6797e26d587ac23	AF410	6	enclave_tsc_same_invocation	53466300031950	cycles		sgx_worker_enclave		observed
c5-timing-event-v1	C5	asyncs	measured	dynamic-html-derived-v1	5	1	a766797e26d547aca6797e26d587ac23	AO400	7	enclave_tsc_same_invocation	53466302376785	cycles		sgx_worker_enclave		observed
c5-timing-event-v1	C5	asyncs	measured	dynamic-html-derived-v1	5	1	a766797e26d547aca6797e26d587ac23	AO410	8	enclave_tsc_same_invocation	53466303441452	cycles		sgx_worker_enclave		observed
c5-timing-event-v1	C5	asyncs	measured	dynamic-html-derived-v1	5	1	a766797e26d547aca6797e26d587ac23	AO420	9	enclave_tsc_same_invocation	53466303442679	cycles		sgx_worker_enclave		observed
c5-timing-event-v1	C5	asyncs	measured	dynamic-html-derived-v1	5	1	a766797e26d547aca6797e26d587ac23	AO430	10	enclave_tsc_same_invocation	53466303456158	cycles		sgx_worker_enclave		observed
c5-timing-event-v1	C5	asyncs	measured	dynamic-html-derived-v1	5	1	a766797e26d547aca6797e26d587ac23	A400	400	monotonic_ns_same_process	19787682387301	ns		asyncs_worker		observed
c5-timing-event-v1	C5	asyncs	measured	dynamic-html-derived-v1	5	1	a766797e26d547aca6797e26d587ac23	A410	410	monotonic_ns_same_process	19788808238377	ns		asyncs_worker		observed
c5-timing-event-v1	C5	asyncs	measured	dynamic-html-derived-v1	6	1	6773f74f16a64113b3f74f16a6211364	AI400	1	enclave_tsc_same_invocation	53459837271732	cycles		sgx_worker_enclave		observed
c5-timing-event-v1	C5	asyncs	measured	dynamic-html-derived-v1	6	1	6773f74f16a64113b3f74f16a6211364	AI410	2	enclave_tsc_same_invocation	53459843763575	cycles		sgx_worker_enclave		observed
c5-timing-event-v1	C5	asyncs	measured	dynamic-html-derived-v1	6	1	6773f74f16a64113b3f74f16a6211364	AI420	3	enclave_tsc_same_invocation	53459843764105	cycles		sgx_worker_enclave		observed
c5-timing-event-v1	C5	asyncs	measured	dynamic-html-derived-v1	6	1	6773f74f16a64113b3f74f16a6211364	AI430	4	enclave_tsc_same_invocation	53459843766911	cycles		sgx_worker_enclave		observed
c5-timing-event-v1	C5	asyncs	measured	dynamic-html-derived-v1	6	1	6773f74f16a64113b3f74f16a6211364	AF400	5	enclave_tsc_same_invocation	53459855774840	cycles		sgx_worker_enclave		observed
c5-timing-event-v1	C5	asyncs	measured	dynamic-html-derived-v1	6	1	6773f74f16a64113b3f74f16a6211364	AF410	6	enclave_tsc_same_invocation	53460731482783	cycles		sgx_worker_enclave		observed
c5-timing-event-v1	C5	asyncs	measured	dynamic-html-derived-v1	6	1	6773f74f16a64113b3f74f16a6211364	AO400	7	enclave_tsc_same_invocation	53460733491317	cycles		sgx_worker_enclave		observed
c5-timing-event-v1	C5	asyncs	measured	dynamic-html-derived-v1	6	1	6773f74f16a64113b3f74f16a6211364	AO410	8	enclave_tsc_same_invocation	53460734098622	cycles		sgx_worker_enclave		observed
c5-timing-event-v1	C5	asyncs	measured	dynamic-html-derived-v1	6	1	6773f74f16a64113b3f74f16a6211364	AO420	9	enclave_tsc_same_invocation	53460734100000	cycles		sgx_worker_enclave		observed
c5-timing-event-v1	C5	asyncs	measured	dynamic-html-derived-v1	6	1	6773f74f16a64113b3f74f16a6211364	AO430	10	enclave_tsc_same_invocation	53460734109817	cycles		sgx_worker_enclave		observed
c5-timing-event-v1	C5	asyncs	measured	dynamic-html-derived-v1	6	1	6773f74f16a64113b3f74f16a6211364	A400	400	monotonic_ns_same_process	19787249491049	ns		asyncs_worker		observed
c5-timing-event-v1	C5	asyncs	measured	dynamic-html-derived-v1	6	1	6773f74f16a64113b3f74f16a6211364	A410	410	monotonic_ns_same_process	19787582792724	ns		asyncs_worker		observed
c5-timing-event-v1	C5	asyncs	measured	dynamic-html-derived-v1	7	1	120a20fa13cb449a8a20fa13cbc49a34	AI400	1	enclave_tsc_same_invocation	53460890957543	cycles		sgx_worker_enclave		observed
c5-timing-event-v1	C5	asyncs	measured	dynamic-html-derived-v1	7	1	120a20fa13cb449a8a20fa13cbc49a34	AI410	2	enclave_tsc_same_invocation	53460903455568	cycles		sgx_worker_enclave		observed
c5-timing-event-v1	C5	asyncs	measured	dynamic-html-derived-v1	7	1	120a20fa13cb449a8a20fa13cbc49a34	AI420	3	enclave_tsc_same_invocation	53460903456979	cycles		sgx_worker_enclave		observed
c5-timing-event-v1	C5	asyncs	measured	dynamic-html-derived-v1	7	1	120a20fa13cb449a8a20fa13cbc49a34	AI430	4	enclave_tsc_same_invocation	53460903461284	cycles		sgx_worker_enclave		observed
c5-timing-event-v1	C5	asyncs	measured	dynamic-html-derived-v1	7	1	120a20fa13cb449a8a20fa13cbc49a34	AF400	5	enclave_tsc_same_invocation	53460919628142	cycles		sgx_worker_enclave		observed
c5-timing-event-v1	C5	asyncs	measured	dynamic-html-derived-v1	7	1	120a20fa13cb449a8a20fa13cbc49a34	AF410	6	enclave_tsc_same_invocation	53461796468508	cycles		sgx_worker_enclave		observed
c5-timing-event-v1	C5	asyncs	measured	dynamic-html-derived-v1	7	1	120a20fa13cb449a8a20fa13cbc49a34	AO400	7	enclave_tsc_same_invocation	53461798485481	cycles		sgx_worker_enclave		observed
c5-timing-event-v1	C5	asyncs	measured	dynamic-html-derived-v1	7	1	120a20fa13cb449a8a20fa13cbc49a34	AO410	8	enclave_tsc_same_invocation	53461799105167	cycles		sgx_worker_enclave		observed
c5-timing-event-v1	C5	asyncs	measured	dynamic-html-derived-v1	7	1	120a20fa13cb449a8a20fa13cbc49a34	AO420	9	enclave_tsc_same_invocation	53461799106018	cycles		sgx_worker_enclave		observed
c5-timing-event-v1	C5	asyncs	measured	dynamic-html-derived-v1	7	1	120a20fa13cb449a8a20fa13cbc49a34	AO430	10	enclave_tsc_same_invocation	53461799115570	cycles		sgx_worker_enclave		observed
c5-timing-event-v1	C5	asyncs	measured	dynamic-html-derived-v1	7	1	120a20fa13cb449a8a20fa13cbc49a34	A400	400	monotonic_ns_same_process	19787638974505	ns		asyncs_worker		observed
c5-timing-event-v1	C5	asyncs	measured	dynamic-html-derived-v1	7	1	120a20fa13cb449a8a20fa13cbc49a34	A410	410	monotonic_ns_same_process	19787977256553	ns		asyncs_worker		observed
c5-timing-event-v1	C5	asyncs	measured	dynamic-html-derived-v1	8	1	196c439979e448a3ac439979e4e8a3dc	AI400	1	enclave_tsc_same_invocation	53462572872739	cycles		sgx_worker_enclave		observed
c5-timing-event-v1	C5	asyncs	measured	dynamic-html-derived-v1	8	1	196c439979e448a3ac439979e4e8a3dc	AI410	2	enclave_tsc_same_invocation	53462579309219	cycles		sgx_worker_enclave		observed
c5-timing-event-v1	C5	asyncs	measured	dynamic-html-derived-v1	8	1	196c439979e448a3ac439979e4e8a3dc	AI420	3	enclave_tsc_same_invocation	53462579309750	cycles		sgx_worker_enclave		observed
c5-timing-event-v1	C5	asyncs	measured	dynamic-html-derived-v1	8	1	196c439979e448a3ac439979e4e8a3dc	AI430	4	enclave_tsc_same_invocation	53462579311871	cycles		sgx_worker_enclave		observed
c5-timing-event-v1	C5	asyncs	measured	dynamic-html-derived-v1	8	1	196c439979e448a3ac439979e4e8a3dc	AF400	5	enclave_tsc_same_invocation	53462590982198	cycles		sgx_worker_enclave		observed
c5-timing-event-v1	C5	asyncs	measured	dynamic-html-derived-v1	8	1	196c439979e448a3ac439979e4e8a3dc	AF410	6	enclave_tsc_same_invocation	53463463907120	cycles		sgx_worker_enclave		observed
c5-timing-event-v1	C5	asyncs	measured	dynamic-html-derived-v1	8	1	196c439979e448a3ac439979e4e8a3dc	AO400	7	enclave_tsc_same_invocation	53463465912096	cycles		sgx_worker_enclave		observed
c5-timing-event-v1	C5	asyncs	measured	dynamic-html-derived-v1	8	1	196c439979e448a3ac439979e4e8a3dc	AO410	8	enclave_tsc_same_invocation	53463466525807	cycles		sgx_worker_enclave		observed
c5-timing-event-v1	C5	asyncs	measured	dynamic-html-derived-v1	8	1	196c439979e448a3ac439979e4e8a3dc	AO420	9	enclave_tsc_same_invocation	53463466526657	cycles		sgx_worker_enclave		observed
c5-timing-event-v1	C5	asyncs	measured	dynamic-html-derived-v1	8	1	196c439979e448a3ac439979e4e8a3dc	AO430	10	enclave_tsc_same_invocation	53463466536281	cycles		sgx_worker_enclave		observed
c5-timing-event-v1	C5	asyncs	measured	dynamic-html-derived-v1	8	1	196c439979e448a3ac439979e4e8a3dc	A400	400	monotonic_ns_same_process	19788262693262	ns		asyncs_worker		observed
c5-timing-event-v1	C5	asyncs	measured	dynamic-html-derived-v1	8	1	196c439979e448a3ac439979e4e8a3dc	A410	410	monotonic_ns_same_process	19788594827839	ns		asyncs_worker		observed
c5-timing-event-v1	C5	asyncs	measured	dynamic-html-derived-v1	9	1	2110838a54ed4af590838a54ed6af5f4	AI400	1	enclave_tsc_same_invocation	53463626011513	cycles		sgx_worker_enclave		observed
c5-timing-event-v1	C5	asyncs	measured	dynamic-html-derived-v1	9	1	2110838a54ed4af590838a54ed6af5f4	AI410	2	enclave_tsc_same_invocation	53463632479667	cycles		sgx_worker_enclave		observed
c5-timing-event-v1	C5	asyncs	measured	dynamic-html-derived-v1	9	1	2110838a54ed4af590838a54ed6af5f4	AI420	3	enclave_tsc_same_invocation	53463632480256	cycles		sgx_worker_enclave		observed
c5-timing-event-v1	C5	asyncs	measured	dynamic-html-derived-v1	9	1	2110838a54ed4af590838a54ed6af5f4	AI430	4	enclave_tsc_same_invocation	53463632482658	cycles		sgx_worker_enclave		observed
c5-timing-event-v1	C5	asyncs	measured	dynamic-html-derived-v1	9	1	2110838a54ed4af590838a54ed6af5f4	AF400	5	enclave_tsc_same_invocation	53463644268274	cycles		sgx_worker_enclave		observed
c5-timing-event-v1	C5	asyncs	measured	dynamic-html-derived-v1	9	1	2110838a54ed4af590838a54ed6af5f4	AF410	6	enclave_tsc_same_invocation	53464517722934	cycles		sgx_worker_enclave		observed
c5-timing-event-v1	C5	asyncs	measured	dynamic-html-derived-v1	9	1	2110838a54ed4af590838a54ed6af5f4	AO400	7	enclave_tsc_same_invocation	53464519767747	cycles		sgx_worker_enclave		observed
c5-timing-event-v1	C5	asyncs	measured	dynamic-html-derived-v1	9	1	2110838a54ed4af590838a54ed6af5f4	AO410	8	enclave_tsc_same_invocation	53464520402761	cycles		sgx_worker_enclave		observed
c5-timing-event-v1	C5	asyncs	measured	dynamic-html-derived-v1	9	1	2110838a54ed4af590838a54ed6af5f4	AO420	9	enclave_tsc_same_invocation	53464520403720	cycles		sgx_worker_enclave		observed
c5-timing-event-v1	C5	asyncs	measured	dynamic-html-derived-v1	9	1	2110838a54ed4af590838a54ed6af5f4	AO430	10	enclave_tsc_same_invocation	53464520412489	cycles		sgx_worker_enclave		observed
c5-timing-event-v1	C5	asyncs	measured	dynamic-html-derived-v1	9	1	2110838a54ed4af590838a54ed6af5f4	A400	400	monotonic_ns_same_process	19788652758303	ns		asyncs_worker		observed
c5-timing-event-v1	C5	asyncs	measured	dynamic-html-derived-v1	9	1	2110838a54ed4af590838a54ed6af5f4	A410	410	monotonic_ns_same_process	19788985161303	ns		asyncs_worker		observed
c5-timing-event-v1	C5	asyncs	measured	dynamic-html-derived-v1	10	1	8f915737fd574792915737fd57479262	AI400	1	enclave_tsc_same_invocation	53464685286480	cycles		sgx_worker_enclave		observed
c5-timing-event-v1	C5	asyncs	measured	dynamic-html-derived-v1	10	1	8f915737fd574792915737fd57479262	AI410	2	enclave_tsc_same_invocation	53464691749604	cycles		sgx_worker_enclave		observed
c5-timing-event-v1	C5	asyncs	measured	dynamic-html-derived-v1	10	1	8f915737fd574792915737fd57479262	AI420	3	enclave_tsc_same_invocation	53464691750155	cycles		sgx_worker_enclave		observed
c5-timing-event-v1	C5	asyncs	measured	dynamic-html-derived-v1	10	1	8f915737fd574792915737fd57479262	AI430	4	enclave_tsc_same_invocation	53464691753039	cycles		sgx_worker_enclave		observed
c5-timing-event-v1	C5	asyncs	measured	dynamic-html-derived-v1	10	1	8f915737fd574792915737fd57479262	AF400	5	enclave_tsc_same_invocation	53464703501015	cycles		sgx_worker_enclave		observed
c5-timing-event-v1	C5	asyncs	measured	dynamic-html-derived-v1	10	1	8f915737fd574792915737fd57479262	AF410	6	enclave_tsc_same_invocation	53465576704592	cycles		sgx_worker_enclave		observed
c5-timing-event-v1	C5	asyncs	measured	dynamic-html-derived-v1	10	1	8f915737fd574792915737fd57479262	AO400	7	enclave_tsc_same_invocation	53465578653924	cycles		sgx_worker_enclave		observed
c5-timing-event-v1	C5	asyncs	measured	dynamic-html-derived-v1	10	1	8f915737fd574792915737fd57479262	AO410	8	enclave_tsc_same_invocation	53465579277801	cycles		sgx_worker_enclave		observed
c5-timing-event-v1	C5	asyncs	measured	dynamic-html-derived-v1	10	1	8f915737fd574792915737fd57479262	AO420	9	enclave_tsc_same_invocation	53465579279682	cycles		sgx_worker_enclave		observed
c5-timing-event-v1	C5	asyncs	measured	dynamic-html-derived-v1	10	1	8f915737fd574792915737fd57479262	AO430	10	enclave_tsc_same_invocation	53465579289519	cycles		sgx_worker_enclave		observed
c5-timing-event-v1	C5	asyncs	measured	dynamic-html-derived-v1	10	1	8f915737fd574792915737fd57479262	A400	400	monotonic_ns_same_process	19789045091182	ns		asyncs_worker		observed
c5-timing-event-v1	C5	asyncs	measured	dynamic-html-derived-v1	10	1	8f915737fd574792915737fd57479262	A410	410	monotonic_ns_same_process	19789377344490	ns		asyncs_worker		observed
c5-timing-event-v1	C5	asyncs	measured	dynamic-html-derived-v1	11	1	51809493094c4cb1809493094c1cb14c	AI400	1	enclave_tsc_same_invocation	53465736472515	cycles		sgx_worker_enclave		observed
c5-timing-event-v1	C5	asyncs	measured	dynamic-html-derived-v1	11	1	51809493094c4cb1809493094c1cb14c	AI410	2	enclave_tsc_same_invocation	53465742935354	cycles		sgx_worker_enclave		observed
c5-timing-event-v1	C5	asyncs	measured	dynamic-html-derived-v1	11	1	51809493094c4cb1809493094c1cb14c	AI420	3	enclave_tsc_same_invocation	53465742936209	cycles		sgx_worker_enclave		observed
c5-timing-event-v1	C5	asyncs	measured	dynamic-html-derived-v1	11	1	51809493094c4cb1809493094c1cb14c	AI430	4	enclave_tsc_same_invocation	53465742939829	cycles		sgx_worker_enclave		observed
c5-timing-event-v1	C5	asyncs	measured	dynamic-html-derived-v1	11	1	51809493094c4cb1809493094c1cb14c	AF400	5	enclave_tsc_same_invocation	53465754607937	cycles		sgx_worker_enclave		observed
c5-timing-event-v1	C5	asyncs	measured	dynamic-html-derived-v1	11	1	51809493094c4cb1809493094c1cb14c	AF410	6	enclave_tsc_same_invocation	53466628718967	cycles		sgx_worker_enclave		observed
c5-timing-event-v1	C5	asyncs	measured	dynamic-html-derived-v1	11	1	51809493094c4cb1809493094c1cb14c	AO400	7	enclave_tsc_same_invocation	53466630768808	cycles		sgx_worker_enclave		observed
c5-timing-event-v1	C5	asyncs	measured	dynamic-html-derived-v1	11	1	51809493094c4cb1809493094c1cb14c	AO410	8	enclave_tsc_same_invocation	53466631369815	cycles		sgx_worker_enclave		observed
c5-timing-event-v1	C5	asyncs	measured	dynamic-html-derived-v1	11	1	51809493094c4cb1809493094c1cb14c	AO420	9	enclave_tsc_same_invocation	53466631370731	cycles		sgx_worker_enclave		observed
c5-timing-event-v1	C5	asyncs	measured	dynamic-html-derived-v1	11	1	51809493094c4cb1809493094c1cb14c	AO430	10	enclave_tsc_same_invocation	53466631380300	cycles		sgx_worker_enclave		observed
c5-timing-event-v1	C5	asyncs	measured	dynamic-html-derived-v1	11	1	51809493094c4cb1809493094c1cb14c	A400	400	monotonic_ns_same_process	19789434436728	ns		asyncs_worker		observed
c5-timing-event-v1	C5	asyncs	measured	dynamic-html-derived-v1	11	1	51809493094c4cb1809493094c1cb14c	A410	410	monotonic_ns_same_process	19789767017201	ns		asyncs_worker		observed
c5-timing-event-v1	C5	asyncs	measured	dynamic-html-derived-v1	12	1	96783c87062f4699b83c87062ff69901	AI400	1	enclave_tsc_same_invocation	53466817671049	cycles		sgx_worker_enclave		observed
c5-timing-event-v1	C5	asyncs	measured	dynamic-html-derived-v1	12	1	96783c87062f4699b83c87062ff69901	AI410	2	enclave_tsc_same_invocation	53466824157801	cycles		sgx_worker_enclave		observed
c5-timing-event-v1	C5	asyncs	measured	dynamic-html-derived-v1	12	1	96783c87062f4699b83c87062ff69901	AI420	3	enclave_tsc_same_invocation	53466824158324	cycles		sgx_worker_enclave		observed
c5-timing-event-v1	C5	asyncs	measured	dynamic-html-derived-v1	12	1	96783c87062f4699b83c87062ff69901	AI430	4	enclave_tsc_same_invocation	53466824161147	cycles		sgx_worker_enclave		observed
c5-timing-event-v1	C5	asyncs	measured	dynamic-html-derived-v1	12	1	96783c87062f4699b83c87062ff69901	AF400	5	enclave_tsc_same_invocation	53466841938752	cycles		sgx_worker_enclave		observed
c5-timing-event-v1	C5	asyncs	measured	dynamic-html-derived-v1	12	1	96783c87062f4699b83c87062ff69901	AF410	6	enclave_tsc_same_invocation	53467714491459	cycles		sgx_worker_enclave		observed
c5-timing-event-v1	C5	asyncs	measured	dynamic-html-derived-v1	12	1	96783c87062f4699b83c87062ff69901	AO400	7	enclave_tsc_same_invocation	53467716493905	cycles		sgx_worker_enclave		observed
c5-timing-event-v1	C5	asyncs	measured	dynamic-html-derived-v1	12	1	96783c87062f4699b83c87062ff69901	AO410	8	enclave_tsc_same_invocation	53467717109107	cycles		sgx_worker_enclave		observed
c5-timing-event-v1	C5	asyncs	measured	dynamic-html-derived-v1	12	1	96783c87062f4699b83c87062ff69901	AO420	9	enclave_tsc_same_invocation	53467717109935	cycles		sgx_worker_enclave		observed
c5-timing-event-v1	C5	asyncs	measured	dynamic-html-derived-v1	12	1	96783c87062f4699b83c87062ff69901	AO430	10	enclave_tsc_same_invocation	53467717120925	cycles		sgx_worker_enclave		observed
c5-timing-event-v1	C5	asyncs	measured	dynamic-html-derived-v1	12	1	96783c87062f4699b83c87062ff69901	A400	400	monotonic_ns_same_process	19789834898020	ns		asyncs_worker		observed
c5-timing-event-v1	C5	asyncs	measured	dynamic-html-derived-v1	12	1	96783c87062f4699b83c87062ff69901	A410	410	monotonic_ns_same_process	19790169150808	ns		asyncs_worker		observed
c5-timing-event-v1	C5	asyncs	measured	dynamic-html-derived-v1	13	1	45444161d88b4b07844161d88b6b07f6	AI400	1	enclave_tsc_same_invocation	53466693183342	cycles		sgx_worker_enclave		observed
c5-timing-event-v1	C5	asyncs	measured	dynamic-html-derived-v1	13	1	45444161d88b4b07844161d88b6b07f6	AI410	2	enclave_tsc_same_invocation	53466700753376	cycles		sgx_worker_enclave		observed
c5-timing-event-v1	C5	asyncs	measured	dynamic-html-derived-v1	13	1	45444161d88b4b07844161d88b6b07f6	AI420	3	enclave_tsc_same_invocation	53466700754270	cycles		sgx_worker_enclave		observed
c5-timing-event-v1	C5	asyncs	measured	dynamic-html-derived-v1	13	1	45444161d88b4b07844161d88b6b07f6	AI430	4	enclave_tsc_same_invocation	53466700758137	cycles		sgx_worker_enclave		observed
c5-timing-event-v1	C5	asyncs	measured	dynamic-html-derived-v1	13	1	45444161d88b4b07844161d88b6b07f6	AF400	5	enclave_tsc_same_invocation	53466712918774	cycles		sgx_worker_enclave		observed
c5-timing-event-v1	C5	asyncs	measured	dynamic-html-derived-v1	13	1	45444161d88b4b07844161d88b6b07f6	AF410	6	enclave_tsc_same_invocation	53467992428099	cycles		sgx_worker_enclave		observed
c5-timing-event-v1	C5	asyncs	measured	dynamic-html-derived-v1	13	1	45444161d88b4b07844161d88b6b07f6	AO400	7	enclave_tsc_same_invocation	53467994732003	cycles		sgx_worker_enclave		observed
c5-timing-event-v1	C5	asyncs	measured	dynamic-html-derived-v1	13	1	45444161d88b4b07844161d88b6b07f6	AO410	8	enclave_tsc_same_invocation	53467995792164	cycles		sgx_worker_enclave		observed
c5-timing-event-v1	C5	asyncs	measured	dynamic-html-derived-v1	13	1	45444161d88b4b07844161d88b6b07f6	AO420	9	enclave_tsc_same_invocation	53467995793170	cycles		sgx_worker_enclave		observed
c5-timing-event-v1	C5	asyncs	measured	dynamic-html-derived-v1	13	1	45444161d88b4b07844161d88b6b07f6	AO430	10	enclave_tsc_same_invocation	53467995808647	cycles		sgx_worker_enclave		observed
c5-timing-event-v1	C5	asyncs	measured	dynamic-html-derived-v1	13	1	45444161d88b4b07844161d88b6b07f6	A400	400	monotonic_ns_same_process	19788951408594	ns		asyncs_worker		observed
c5-timing-event-v1	C5	asyncs	measured	dynamic-html-derived-v1	13	1	45444161d88b4b07844161d88b6b07f6	A410	410	monotonic_ns_same_process	19789435047808	ns		asyncs_worker		observed
c5-timing-event-v1	C5	asyncs	measured	dynamic-html-derived-v1	14	1	16561b28edef4a11961b28edefaa1101	AI400	1	enclave_tsc_same_invocation	53466968350625	cycles		sgx_worker_enclave		observed
c5-timing-event-v1	C5	asyncs	measured	dynamic-html-derived-v1	14	1	16561b28edef4a11961b28edefaa1101	AI410	2	enclave_tsc_same_invocation	53466979588209	cycles		sgx_worker_enclave		observed
c5-timing-event-v1	C5	asyncs	measured	dynamic-html-derived-v1	14	1	16561b28edef4a11961b28edefaa1101	AI420	3	enclave_tsc_same_invocation	53466979589194	cycles		sgx_worker_enclave		observed
c5-timing-event-v1	C5	asyncs	measured	dynamic-html-derived-v1	14	1	16561b28edef4a11961b28edefaa1101	AI430	4	enclave_tsc_same_invocation	53466979593281	cycles		sgx_worker_enclave		observed
c5-timing-event-v1	C5	asyncs	measured	dynamic-html-derived-v1	14	1	16561b28edef4a11961b28edefaa1101	AF400	5	enclave_tsc_same_invocation	53466999183062	cycles		sgx_worker_enclave		observed
c5-timing-event-v1	C5	asyncs	measured	dynamic-html-derived-v1	14	1	16561b28edef4a11961b28edefaa1101	AF410	6	enclave_tsc_same_invocation	53468264535603	cycles		sgx_worker_enclave		observed
c5-timing-event-v1	C5	asyncs	measured	dynamic-html-derived-v1	14	1	16561b28edef4a11961b28edefaa1101	AO400	7	enclave_tsc_same_invocation	53468266526075	cycles		sgx_worker_enclave		observed
c5-timing-event-v1	C5	asyncs	measured	dynamic-html-derived-v1	14	1	16561b28edef4a11961b28edefaa1101	AO410	8	enclave_tsc_same_invocation	53468267128117	cycles		sgx_worker_enclave		observed
c5-timing-event-v1	C5	asyncs	measured	dynamic-html-derived-v1	14	1	16561b28edef4a11961b28edefaa1101	AO420	9	enclave_tsc_same_invocation	53468267128974	cycles		sgx_worker_enclave		observed
c5-timing-event-v1	C5	asyncs	measured	dynamic-html-derived-v1	14	1	16561b28edef4a11961b28edefaa1101	AO430	10	enclave_tsc_same_invocation	53468267142822	cycles		sgx_worker_enclave		observed
c5-timing-event-v1	C5	asyncs	measured	dynamic-html-derived-v1	14	1	16561b28edef4a11961b28edefaa1101	A400	400	monotonic_ns_same_process	19789051087083	ns		asyncs_worker		observed
c5-timing-event-v1	C5	asyncs	measured	dynamic-html-derived-v1	14	1	16561b28edef4a11961b28edefaa1101	A410	410	monotonic_ns_same_process	19789535518157	ns		asyncs_worker		observed
c5-timing-event-v1	C5	asyncs	measured	dynamic-html-derived-v1	15	1	57134fd7764849b8934fd77648f9b8fd	AI400	1	enclave_tsc_same_invocation	53468496502514	cycles		sgx_worker_enclave		observed
c5-timing-event-v1	C5	asyncs	measured	dynamic-html-derived-v1	15	1	57134fd7764849b8934fd77648f9b8fd	AI410	2	enclave_tsc_same_invocation	53468503005474	cycles		sgx_worker_enclave		observed
c5-timing-event-v1	C5	asyncs	measured	dynamic-html-derived-v1	15	1	57134fd7764849b8934fd77648f9b8fd	AI420	3	enclave_tsc_same_invocation	53468503006033	cycles		sgx_worker_enclave		observed
c5-timing-event-v1	C5	asyncs	measured	dynamic-html-derived-v1	15	1	57134fd7764849b8934fd77648f9b8fd	AI430	4	enclave_tsc_same_invocation	53468503008749	cycles		sgx_worker_enclave		observed
c5-timing-event-v1	C5	asyncs	measured	dynamic-html-derived-v1	15	1	57134fd7764849b8934fd77648f9b8fd	AF400	5	enclave_tsc_same_invocation	53468514850711	cycles		sgx_worker_enclave		observed
c5-timing-event-v1	C5	asyncs	measured	dynamic-html-derived-v1	15	1	57134fd7764849b8934fd77648f9b8fd	AF410	6	enclave_tsc_same_invocation	53469388010617	cycles		sgx_worker_enclave		observed
c5-timing-event-v1	C5	asyncs	measured	dynamic-html-derived-v1	15	1	57134fd7764849b8934fd77648f9b8fd	AO400	7	enclave_tsc_same_invocation	53469390102340	cycles		sgx_worker_enclave		observed
c5-timing-event-v1	C5	asyncs	measured	dynamic-html-derived-v1	15	1	57134fd7764849b8934fd77648f9b8fd	AO410	8	enclave_tsc_same_invocation	53469390708806	cycles		sgx_worker_enclave		observed
c5-timing-event-v1	C5	asyncs	measured	dynamic-html-derived-v1	15	1	57134fd7764849b8934fd77648f9b8fd	AO420	9	enclave_tsc_same_invocation	53469390709654	cycles		sgx_worker_enclave		observed
c5-timing-event-v1	C5	asyncs	measured	dynamic-html-derived-v1	15	1	57134fd7764849b8934fd77648f9b8fd	AO430	10	enclave_tsc_same_invocation	53469390719089	cycles		sgx_worker_enclave		observed
c5-timing-event-v1	C5	asyncs	measured	dynamic-html-derived-v1	15	1	57134fd7764849b8934fd77648f9b8fd	A400	400	monotonic_ns_same_process	19790456699244	ns		asyncs_worker		observed
c5-timing-event-v1	C5	asyncs	measured	dynamic-html-derived-v1	15	1	57134fd7764849b8934fd77648f9b8fd	A410	410	monotonic_ns_same_process	19790789016771	ns		asyncs_worker		observed
c5-timing-event-v1	C5	asyncs	measured	dynamic-html-derived-v1	16	1	2c5bc103898346bd9bc1038983c6bd48	AI400	1	enclave_tsc_same_invocation	53468761921466	cycles		sgx_worker_enclave		observed
c5-timing-event-v1	C5	asyncs	measured	dynamic-html-derived-v1	16	1	2c5bc103898346bd9bc1038983c6bd48	AI410	2	enclave_tsc_same_invocation	53468773624357	cycles		sgx_worker_enclave		observed
c5-timing-event-v1	C5	asyncs	measured	dynamic-html-derived-v1	16	1	2c5bc103898346bd9bc1038983c6bd48	AI420	3	enclave_tsc_same_invocation	53468773625526	cycles		sgx_worker_enclave		observed
c5-timing-event-v1	C5	asyncs	measured	dynamic-html-derived-v1	16	1	2c5bc103898346bd9bc1038983c6bd48	AI430	4	enclave_tsc_same_invocation	53468773629301	cycles		sgx_worker_enclave		observed
c5-timing-event-v1	C5	asyncs	measured	dynamic-html-derived-v1	16	1	2c5bc103898346bd9bc1038983c6bd48	AF400	5	enclave_tsc_same_invocation	53468788497292	cycles		sgx_worker_enclave		observed
c5-timing-event-v1	C5	asyncs	measured	dynamic-html-derived-v1	16	1	2c5bc103898346bd9bc1038983c6bd48	AF410	6	enclave_tsc_same_invocation	53470089373313	cycles		sgx_worker_enclave		observed
c5-timing-event-v1	C5	asyncs	measured	dynamic-html-derived-v1	16	1	2c5bc103898346bd9bc1038983c6bd48	AO400	7	enclave_tsc_same_invocation	53470091619767	cycles		sgx_worker_enclave		observed
c5-timing-event-v1	C5	asyncs	measured	dynamic-html-derived-v1	16	1	2c5bc103898346bd9bc1038983c6bd48	AO410	8	enclave_tsc_same_invocation	53470092701542	cycles		sgx_worker_enclave		observed
c5-timing-event-v1	C5	asyncs	measured	dynamic-html-derived-v1	16	1	2c5bc103898346bd9bc1038983c6bd48	AO420	9	enclave_tsc_same_invocation	53470092702397	cycles		sgx_worker_enclave		observed
c5-timing-event-v1	C5	asyncs	measured	dynamic-html-derived-v1	16	1	2c5bc103898346bd9bc1038983c6bd48	AO430	10	enclave_tsc_same_invocation	53470092716197	cycles		sgx_worker_enclave		observed
c5-timing-event-v1	C5	asyncs	measured	dynamic-html-derived-v1	16	1	2c5bc103898346bd9bc1038983c6bd48	A400	400	monotonic_ns_same_process	19789717079336	ns		asyncs_worker		observed
c5-timing-event-v1	C5	asyncs	measured	dynamic-html-derived-v1	16	1	2c5bc103898346bd9bc1038983c6bd48	A410	410	monotonic_ns_same_process	19790211700052	ns		asyncs_worker		observed
c5-timing-event-v1	C5	asyncs	measured	dynamic-html-derived-v1	17	1	1ce414a99a6d441da414a99a6d841db3	AI400	1	enclave_tsc_same_invocation	53469569092851	cycles		sgx_worker_enclave		observed
c5-timing-event-v1	C5	asyncs	measured	dynamic-html-derived-v1	17	1	1ce414a99a6d441da414a99a6d841db3	AI410	2	enclave_tsc_same_invocation	53469575578576	cycles		sgx_worker_enclave		observed
c5-timing-event-v1	C5	asyncs	measured	dynamic-html-derived-v1	17	1	1ce414a99a6d441da414a99a6d841db3	AI420	3	enclave_tsc_same_invocation	53469575579172	cycles		sgx_worker_enclave		observed
c5-timing-event-v1	C5	asyncs	measured	dynamic-html-derived-v1	17	1	1ce414a99a6d441da414a99a6d841db3	AI430	4	enclave_tsc_same_invocation	53469575581965	cycles		sgx_worker_enclave		observed
c5-timing-event-v1	C5	asyncs	measured	dynamic-html-derived-v1	17	1	1ce414a99a6d441da414a99a6d841db3	AF400	5	enclave_tsc_same_invocation	53469587699997	cycles		sgx_worker_enclave		observed
c5-timing-event-v1	C5	asyncs	measured	dynamic-html-derived-v1	17	1	1ce414a99a6d441da414a99a6d841db3	AF410	6	enclave_tsc_same_invocation	53470463668016	cycles		sgx_worker_enclave		observed
c5-timing-event-v1	C5	asyncs	measured	dynamic-html-derived-v1	17	1	1ce414a99a6d441da414a99a6d841db3	AO400	7	enclave_tsc_same_invocation	53470465621509	cycles		sgx_worker_enclave		observed
c5-timing-event-v1	C5	asyncs	measured	dynamic-html-derived-v1	17	1	1ce414a99a6d441da414a99a6d841db3	AO410	8	enclave_tsc_same_invocation	53470466263709	cycles		sgx_worker_enclave		observed
c5-timing-event-v1	C5	asyncs	measured	dynamic-html-derived-v1	17	1	1ce414a99a6d441da414a99a6d841db3	AO420	9	enclave_tsc_same_invocation	53470466264785	cycles		sgx_worker_enclave		observed
c5-timing-event-v1	C5	asyncs	measured	dynamic-html-derived-v1	17	1	1ce414a99a6d441da414a99a6d841db3	AO430	10	enclave_tsc_same_invocation	53470466276656	cycles		sgx_worker_enclave		observed
c5-timing-event-v1	C5	asyncs	measured	dynamic-html-derived-v1	17	1	1ce414a99a6d441da414a99a6d841db3	A400	400	monotonic_ns_same_process	19790854003788	ns		asyncs_worker		observed
c5-timing-event-v1	C5	asyncs	measured	dynamic-html-derived-v1	17	1	1ce414a99a6d441da414a99a6d841db3	A410	410	monotonic_ns_same_process	19791187373718	ns		asyncs_worker		observed
c5-timing-event-v1	C5	asyncs	measured	dynamic-html-derived-v1	18	1	64a0e250448b415ea0e250448b515e79	AI400	1	enclave_tsc_same_invocation	53469020729405	cycles		sgx_worker_enclave		observed
c5-timing-event-v1	C5	asyncs	measured	dynamic-html-derived-v1	18	1	64a0e250448b415ea0e250448b515e79	AI410	2	enclave_tsc_same_invocation	53469032981166	cycles		sgx_worker_enclave		observed
c5-timing-event-v1	C5	asyncs	measured	dynamic-html-derived-v1	18	1	64a0e250448b415ea0e250448b515e79	AI420	3	enclave_tsc_same_invocation	53469032982463	cycles		sgx_worker_enclave		observed
c5-timing-event-v1	C5	asyncs	measured	dynamic-html-derived-v1	18	1	64a0e250448b415ea0e250448b515e79	AI430	4	enclave_tsc_same_invocation	53469032986620	cycles		sgx_worker_enclave		observed
c5-timing-event-v1	C5	asyncs	measured	dynamic-html-derived-v1	18	1	64a0e250448b415ea0e250448b515e79	AF400	5	enclave_tsc_same_invocation	53469052212252	cycles		sgx_worker_enclave		observed
c5-timing-event-v1	C5	asyncs	measured	dynamic-html-derived-v1	18	1	64a0e250448b415ea0e250448b515e79	AF410	6	enclave_tsc_same_invocation	53470460183726	cycles		sgx_worker_enclave		observed
c5-timing-event-v1	C5	asyncs	measured	dynamic-html-derived-v1	18	1	64a0e250448b415ea0e250448b515e79	AO400	7	enclave_tsc_same_invocation	53470462398433	cycles		sgx_worker_enclave		observed
c5-timing-event-v1	C5	asyncs	measured	dynamic-html-derived-v1	18	1	64a0e250448b415ea0e250448b515e79	AO410	8	enclave_tsc_same_invocation	53470463453636	cycles		sgx_worker_enclave		observed
c5-timing-event-v1	C5	asyncs	measured	dynamic-html-derived-v1	18	1	64a0e250448b415ea0e250448b515e79	AO420	9	enclave_tsc_same_invocation	53470463454619	cycles		sgx_worker_enclave		observed
c5-timing-event-v1	C5	asyncs	measured	dynamic-html-derived-v1	18	1	64a0e250448b415ea0e250448b515e79	AO430	10	enclave_tsc_same_invocation	53470463468864	cycles		sgx_worker_enclave		observed
c5-timing-event-v1	C5	asyncs	measured	dynamic-html-derived-v1	18	1	64a0e250448b415ea0e250448b515e79	A400	400	monotonic_ns_same_process	19789812887642	ns		asyncs_worker		observed
c5-timing-event-v1	C5	asyncs	measured	dynamic-html-derived-v1	18	1	64a0e250448b415ea0e250448b515e79	A410	410	monotonic_ns_same_process	19790349010446	ns		asyncs_worker		observed
c5-timing-event-v1	C5	asyncs	measured	dynamic-html-derived-v1	19	1	001a918c065e40dd9a918c065e60dd3b	AI400	1	enclave_tsc_same_invocation	53470630236131	cycles		sgx_worker_enclave		observed
c5-timing-event-v1	C5	asyncs	measured	dynamic-html-derived-v1	19	1	001a918c065e40dd9a918c065e60dd3b	AI410	2	enclave_tsc_same_invocation	53470641933261	cycles		sgx_worker_enclave		observed
c5-timing-event-v1	C5	asyncs	measured	dynamic-html-derived-v1	19	1	001a918c065e40dd9a918c065e60dd3b	AI420	3	enclave_tsc_same_invocation	53470641934212	cycles		sgx_worker_enclave		observed
c5-timing-event-v1	C5	asyncs	measured	dynamic-html-derived-v1	19	1	001a918c065e40dd9a918c065e60dd3b	AI430	4	enclave_tsc_same_invocation	53470641937743	cycles		sgx_worker_enclave		observed
c5-timing-event-v1	C5	asyncs	measured	dynamic-html-derived-v1	19	1	001a918c065e40dd9a918c065e60dd3b	AF400	5	enclave_tsc_same_invocation	53470661908315	cycles		sgx_worker_enclave		observed
c5-timing-event-v1	C5	asyncs	measured	dynamic-html-derived-v1	19	1	001a918c065e40dd9a918c065e60dd3b	AF410	6	enclave_tsc_same_invocation	53471541916955	cycles		sgx_worker_enclave		observed
c5-timing-event-v1	C5	asyncs	measured	dynamic-html-derived-v1	19	1	001a918c065e40dd9a918c065e60dd3b	AO400	7	enclave_tsc_same_invocation	53471543923387	cycles		sgx_worker_enclave		observed
c5-timing-event-v1	C5	asyncs	measured	dynamic-html-derived-v1	19	1	001a918c065e40dd9a918c065e60dd3b	AO410	8	enclave_tsc_same_invocation	53471544533789	cycles		sgx_worker_enclave		observed
c5-timing-event-v1	C5	asyncs	measured	dynamic-html-derived-v1	19	1	001a918c065e40dd9a918c065e60dd3b	AO420	9	enclave_tsc_same_invocation	53471544534554	cycles		sgx_worker_enclave		observed
c5-timing-event-v1	C5	asyncs	measured	dynamic-html-derived-v1	19	1	001a918c065e40dd9a918c065e60dd3b	AO430	10	enclave_tsc_same_invocation	53471544543274	cycles		sgx_worker_enclave		observed
c5-timing-event-v1	C5	asyncs	measured	dynamic-html-derived-v1	19	1	001a918c065e40dd9a918c065e60dd3b	A400	400	monotonic_ns_same_process	19791246477004	ns		asyncs_worker		observed
c5-timing-event-v1	C5	asyncs	measured	dynamic-html-derived-v1	19	1	001a918c065e40dd9a918c065e60dd3b	A410	410	monotonic_ns_same_process	19791586747720	ns		asyncs_worker		observed
c5-timing-event-v1	C5	asyncs	measured	dynamic-html-derived-v1	20	1	939ca21e0a5b43129ca21e0a5bc31295	AI400	1	enclave_tsc_same_invocation	53470293786964	cycles		sgx_worker_enclave		observed
c5-timing-event-v1	C5	asyncs	measured	dynamic-html-derived-v1	20	1	939ca21e0a5b43129ca21e0a5bc31295	AI410	2	enclave_tsc_same_invocation	53470312842076	cycles		sgx_worker_enclave		observed
c5-timing-event-v1	C5	asyncs	measured	dynamic-html-derived-v1	20	1	939ca21e0a5b43129ca21e0a5bc31295	AI420	3	enclave_tsc_same_invocation	53470312843618	cycles		sgx_worker_enclave		observed
c5-timing-event-v1	C5	asyncs	measured	dynamic-html-derived-v1	20	1	939ca21e0a5b43129ca21e0a5bc31295	AI430	4	enclave_tsc_same_invocation	53470312847656	cycles		sgx_worker_enclave		observed
c5-timing-event-v1	C5	asyncs	measured	dynamic-html-derived-v1	20	1	939ca21e0a5b43129ca21e0a5bc31295	AF400	5	enclave_tsc_same_invocation	53470332491044	cycles		sgx_worker_enclave		observed
c5-timing-event-v1	C5	asyncs	measured	dynamic-html-derived-v1	20	1	939ca21e0a5b43129ca21e0a5bc31295	AF410	6	enclave_tsc_same_invocation	53471706358203	cycles		sgx_worker_enclave		observed
c5-timing-event-v1	C5	asyncs	measured	dynamic-html-derived-v1	20	1	939ca21e0a5b43129ca21e0a5bc31295	AO400	7	enclave_tsc_same_invocation	53471708653109	cycles		sgx_worker_enclave		observed
c5-timing-event-v1	C5	asyncs	measured	dynamic-html-derived-v1	20	1	939ca21e0a5b43129ca21e0a5bc31295	AO410	8	enclave_tsc_same_invocation	53471709723663	cycles		sgx_worker_enclave		observed
c5-timing-event-v1	C5	asyncs	measured	dynamic-html-derived-v1	20	1	939ca21e0a5b43129ca21e0a5bc31295	AO420	9	enclave_tsc_same_invocation	53471709724862	cycles		sgx_worker_enclave		observed
c5-timing-event-v1	C5	asyncs	measured	dynamic-html-derived-v1	20	1	939ca21e0a5b43129ca21e0a5bc31295	AO430	10	enclave_tsc_same_invocation	53471709739757	cycles		sgx_worker_enclave		observed
c5-timing-event-v1	C5	asyncs	measured	dynamic-html-derived-v1	20	1	939ca21e0a5b43129ca21e0a5bc31295	A400	400	monotonic_ns_same_process	19790284398640	ns		asyncs_worker		observed
c5-timing-event-v1	C5	asyncs	measured	dynamic-html-derived-v1	20	1	939ca21e0a5b43129ca21e0a5bc31295	A410	410	monotonic_ns_same_process	19790810611867	ns		asyncs_worker		observed
c5-timing-event-v1	C5	asyncs	measured	dynamic-html-derived-v1	21	1	a1968a478f374288968a478f37f288c6	AI400	1	enclave_tsc_same_invocation	53470652526182	cycles		sgx_worker_enclave		observed
c5-timing-event-v1	C5	asyncs	measured	dynamic-html-derived-v1	21	1	a1968a478f374288968a478f37f288c6	AI410	2	enclave_tsc_same_invocation	53470661562744	cycles		sgx_worker_enclave		observed
c5-timing-event-v1	C5	asyncs	measured	dynamic-html-derived-v1	21	1	a1968a478f374288968a478f37f288c6	AI420	3	enclave_tsc_same_invocation	53470661563430	cycles		sgx_worker_enclave		observed
c5-timing-event-v1	C5	asyncs	measured	dynamic-html-derived-v1	21	1	a1968a478f374288968a478f37f288c6	AI430	4	enclave_tsc_same_invocation	53470661567007	cycles		sgx_worker_enclave		observed
c5-timing-event-v1	C5	asyncs	measured	dynamic-html-derived-v1	21	1	a1968a478f374288968a478f37f288c6	AF400	5	enclave_tsc_same_invocation	53470680489267	cycles		sgx_worker_enclave		observed
c5-timing-event-v1	C5	asyncs	measured	dynamic-html-derived-v1	21	1	a1968a478f374288968a478f37f288c6	AF410	6	enclave_tsc_same_invocation	53472158183878	cycles		sgx_worker_enclave		observed
c5-timing-event-v1	C5	asyncs	measured	dynamic-html-derived-v1	21	1	a1968a478f374288968a478f37f288c6	AO400	7	enclave_tsc_same_invocation	53472160415887	cycles		sgx_worker_enclave		observed
c5-timing-event-v1	C5	asyncs	measured	dynamic-html-derived-v1	21	1	a1968a478f374288968a478f37f288c6	AO410	8	enclave_tsc_same_invocation	53472161472215	cycles		sgx_worker_enclave		observed
c5-timing-event-v1	C5	asyncs	measured	dynamic-html-derived-v1	21	1	a1968a478f374288968a478f37f288c6	AO420	9	enclave_tsc_same_invocation	53472161473269	cycles		sgx_worker_enclave		observed
c5-timing-event-v1	C5	asyncs	measured	dynamic-html-derived-v1	21	1	a1968a478f374288968a478f37f288c6	AO430	10	enclave_tsc_same_invocation	53472161487372	cycles		sgx_worker_enclave		observed
c5-timing-event-v1	C5	asyncs	measured	dynamic-html-derived-v1	21	1	a1968a478f374288968a478f37f288c6	A400	400	monotonic_ns_same_process	19790417343080	ns		asyncs_worker		observed
c5-timing-event-v1	C5	asyncs	measured	dynamic-html-derived-v1	21	1	a1968a478f374288968a478f37f288c6	A410	410	monotonic_ns_same_process	19790977922057	ns		asyncs_worker		observed
c5-timing-event-v1	C5	asyncs	measured	dynamic-html-derived-v1	22	1	52c734cdc0694fe48734cdc069dfe499	AI400	1	enclave_tsc_same_invocation	53472267185265	cycles		sgx_worker_enclave		observed
c5-timing-event-v1	C5	asyncs	measured	dynamic-html-derived-v1	22	1	52c734cdc0694fe48734cdc069dfe499	AI410	2	enclave_tsc_same_invocation	53472273654008	cycles		sgx_worker_enclave		observed
c5-timing-event-v1	C5	asyncs	measured	dynamic-html-derived-v1	22	1	52c734cdc0694fe48734cdc069dfe499	AI420	3	enclave_tsc_same_invocation	53472273654700	cycles		sgx_worker_enclave		observed
c5-timing-event-v1	C5	asyncs	measured	dynamic-html-derived-v1	22	1	52c734cdc0694fe48734cdc069dfe499	AI430	4	enclave_tsc_same_invocation	53472273657423	cycles		sgx_worker_enclave		observed
c5-timing-event-v1	C5	asyncs	measured	dynamic-html-derived-v1	22	1	52c734cdc0694fe48734cdc069dfe499	AF400	5	enclave_tsc_same_invocation	53472285373535	cycles		sgx_worker_enclave		observed
c5-timing-event-v1	C5	asyncs	measured	dynamic-html-derived-v1	22	1	52c734cdc0694fe48734cdc069dfe499	AF410	6	enclave_tsc_same_invocation	53473161388602	cycles		sgx_worker_enclave		observed
c5-timing-event-v1	C5	asyncs	measured	dynamic-html-derived-v1	22	1	52c734cdc0694fe48734cdc069dfe499	AO400	7	enclave_tsc_same_invocation	53473163408067	cycles		sgx_worker_enclave		observed
c5-timing-event-v1	C5	asyncs	measured	dynamic-html-derived-v1	22	1	52c734cdc0694fe48734cdc069dfe499	AO410	8	enclave_tsc_same_invocation	53473164009638	cycles		sgx_worker_enclave		observed
c5-timing-event-v1	C5	asyncs	measured	dynamic-html-derived-v1	22	1	52c734cdc0694fe48734cdc069dfe499	AO420	9	enclave_tsc_same_invocation	53473164010458	cycles		sgx_worker_enclave		observed
c5-timing-event-v1	C5	asyncs	measured	dynamic-html-derived-v1	22	1	52c734cdc0694fe48734cdc069dfe499	AO430	10	enclave_tsc_same_invocation	53473164019420	cycles		sgx_worker_enclave		observed
c5-timing-event-v1	C5	asyncs	measured	dynamic-html-derived-v1	22	1	52c734cdc0694fe48734cdc069dfe499	A400	400	monotonic_ns_same_process	19791853269237	ns		asyncs_worker		observed
c5-timing-event-v1	C5	asyncs	measured	dynamic-html-derived-v1	22	1	52c734cdc0694fe48734cdc069dfe499	A410	410	monotonic_ns_same_process	19792186562096	ns		asyncs_worker		observed
c5-timing-event-v1	C5	asyncs	measured	dynamic-html-derived-v1	23	1	583f9200ec884715bf9200ec88d71597	AI400	1	enclave_tsc_same_invocation	53471879916523	cycles		sgx_worker_enclave		observed
c5-timing-event-v1	C5	asyncs	measured	dynamic-html-derived-v1	23	1	583f9200ec884715bf9200ec88d71597	AI410	2	enclave_tsc_same_invocation	53471891942776	cycles		sgx_worker_enclave		observed
c5-timing-event-v1	C5	asyncs	measured	dynamic-html-derived-v1	23	1	583f9200ec884715bf9200ec88d71597	AI420	3	enclave_tsc_same_invocation	53471891944102	cycles		sgx_worker_enclave		observed
c5-timing-event-v1	C5	asyncs	measured	dynamic-html-derived-v1	23	1	583f9200ec884715bf9200ec88d71597	AI430	4	enclave_tsc_same_invocation	53471891947670	cycles		sgx_worker_enclave		observed
c5-timing-event-v1	C5	asyncs	measured	dynamic-html-derived-v1	23	1	583f9200ec884715bf9200ec88d71597	AF400	5	enclave_tsc_same_invocation	53471912032684	cycles		sgx_worker_enclave		observed
c5-timing-event-v1	C5	asyncs	measured	dynamic-html-derived-v1	23	1	583f9200ec884715bf9200ec88d71597	AF410	6	enclave_tsc_same_invocation	53472966398401	cycles		sgx_worker_enclave		observed
c5-timing-event-v1	C5	asyncs	measured	dynamic-html-derived-v1	23	1	583f9200ec884715bf9200ec88d71597	AO400	7	enclave_tsc_same_invocation	53472968789261	cycles		sgx_worker_enclave		observed
c5-timing-event-v1	C5	asyncs	measured	dynamic-html-derived-v1	23	1	583f9200ec884715bf9200ec88d71597	AO410	8	enclave_tsc_same_invocation	53472969817386	cycles		sgx_worker_enclave		observed
c5-timing-event-v1	C5	asyncs	measured	dynamic-html-derived-v1	23	1	583f9200ec884715bf9200ec88d71597	AO420	9	enclave_tsc_same_invocation	53472969818188	cycles		sgx_worker_enclave		observed
c5-timing-event-v1	C5	asyncs	measured	dynamic-html-derived-v1	23	1	583f9200ec884715bf9200ec88d71597	AO430	10	enclave_tsc_same_invocation	53472969833238	cycles		sgx_worker_enclave		observed
c5-timing-event-v1	C5	asyncs	measured	dynamic-html-derived-v1	23	1	583f9200ec884715bf9200ec88d71597	A400	400	monotonic_ns_same_process	19790871780725	ns		asyncs_worker		observed
c5-timing-event-v1	C5	asyncs	measured	dynamic-html-derived-v1	23	1	583f9200ec884715bf9200ec88d71597	A410	410	monotonic_ns_same_process	19791277314265	ns		asyncs_worker		observed
c5-timing-event-v1	C5	asyncs	measured	dynamic-html-derived-v1	24	1	804b989e7d464c148b989e7d468c1487	AI400	1	enclave_tsc_same_invocation	53473307418823	cycles		sgx_worker_enclave		observed
c5-timing-event-v1	C5	asyncs	measured	dynamic-html-derived-v1	24	1	804b989e7d464c148b989e7d468c1487	AI410	2	enclave_tsc_same_invocation	53473313903879	cycles		sgx_worker_enclave		observed
c5-timing-event-v1	C5	asyncs	measured	dynamic-html-derived-v1	24	1	804b989e7d464c148b989e7d468c1487	AI420	3	enclave_tsc_same_invocation	53473313904449	cycles		sgx_worker_enclave		observed
c5-timing-event-v1	C5	asyncs	measured	dynamic-html-derived-v1	24	1	804b989e7d464c148b989e7d468c1487	AI430	4	enclave_tsc_same_invocation	53473313907428	cycles		sgx_worker_enclave		observed
c5-timing-event-v1	C5	asyncs	measured	dynamic-html-derived-v1	24	1	804b989e7d464c148b989e7d468c1487	AF400	5	enclave_tsc_same_invocation	53473325645321	cycles		sgx_worker_enclave		observed
c5-timing-event-v1	C5	asyncs	measured	dynamic-html-derived-v1	24	1	804b989e7d464c148b989e7d468c1487	AF410	6	enclave_tsc_same_invocation	53474198564461	cycles		sgx_worker_enclave		observed
c5-timing-event-v1	C5	asyncs	measured	dynamic-html-derived-v1	24	1	804b989e7d464c148b989e7d468c1487	AO400	7	enclave_tsc_same_invocation	53474200545044	cycles		sgx_worker_enclave		observed
c5-timing-event-v1	C5	asyncs	measured	dynamic-html-derived-v1	24	1	804b989e7d464c148b989e7d468c1487	AO410	8	enclave_tsc_same_invocation	53474201144997	cycles		sgx_worker_enclave		observed
c5-timing-event-v1	C5	asyncs	measured	dynamic-html-derived-v1	24	1	804b989e7d464c148b989e7d468c1487	AO420	9	enclave_tsc_same_invocation	53474201145697	cycles		sgx_worker_enclave		observed
c5-timing-event-v1	C5	asyncs	measured	dynamic-html-derived-v1	24	1	804b989e7d464c148b989e7d468c1487	AO430	10	enclave_tsc_same_invocation	53474201155389	cycles		sgx_worker_enclave		observed
c5-timing-event-v1	C5	asyncs	measured	dynamic-html-derived-v1	24	1	804b989e7d464c148b989e7d468c1487	A400	400	monotonic_ns_same_process	19792238581968	ns		asyncs_worker		observed
c5-timing-event-v1	C5	asyncs	measured	dynamic-html-derived-v1	24	1	804b989e7d464c148b989e7d468c1487	A410	410	monotonic_ns_same_process	19792570697461	ns		asyncs_worker		observed
c5-timing-event-v1	C5	asyncs	measured	dynamic-html-derived-v1	25	1	302c0aad512347caac0aad5123c7ca1a	AI400	1	enclave_tsc_same_invocation	53472917690647	cycles		sgx_worker_enclave		observed
c5-timing-event-v1	C5	asyncs	measured	dynamic-html-derived-v1	25	1	302c0aad512347caac0aad5123c7ca1a	AI410	2	enclave_tsc_same_invocation	53472928721314	cycles		sgx_worker_enclave		observed
c5-timing-event-v1	C5	asyncs	measured	dynamic-html-derived-v1	25	1	302c0aad512347caac0aad5123c7ca1a	AI420	3	enclave_tsc_same_invocation	53472928722286	cycles		sgx_worker_enclave		observed
c5-timing-event-v1	C5	asyncs	measured	dynamic-html-derived-v1	25	1	302c0aad512347caac0aad5123c7ca1a	AI430	4	enclave_tsc_same_invocation	53472928725800	cycles		sgx_worker_enclave		observed
c5-timing-event-v1	C5	asyncs	measured	dynamic-html-derived-v1	25	1	302c0aad512347caac0aad5123c7ca1a	AF400	5	enclave_tsc_same_invocation	53472947861611	cycles		sgx_worker_enclave		observed
c5-timing-event-v1	C5	asyncs	measured	dynamic-html-derived-v1	25	1	302c0aad512347caac0aad5123c7ca1a	AF410	6	enclave_tsc_same_invocation	53474379293712	cycles		sgx_worker_enclave		observed
c5-timing-event-v1	C5	asyncs	measured	dynamic-html-derived-v1	25	1	302c0aad512347caac0aad5123c7ca1a	AO400	7	enclave_tsc_same_invocation	53474381622584	cycles		sgx_worker_enclave		observed
c5-timing-event-v1	C5	asyncs	measured	dynamic-html-derived-v1	25	1	302c0aad512347caac0aad5123c7ca1a	AO410	8	enclave_tsc_same_invocation	53474382641546	cycles		sgx_worker_enclave		observed
c5-timing-event-v1	C5	asyncs	measured	dynamic-html-derived-v1	25	1	302c0aad512347caac0aad5123c7ca1a	AO420	9	enclave_tsc_same_invocation	53474382642572	cycles		sgx_worker_enclave		observed
c5-timing-event-v1	C5	asyncs	measured	dynamic-html-derived-v1	25	1	302c0aad512347caac0aad5123c7ca1a	AO430	10	enclave_tsc_same_invocation	53474382657932	cycles		sgx_worker_enclave		observed
c5-timing-event-v1	C5	asyncs	measured	dynamic-html-derived-v1	25	1	302c0aad512347caac0aad5123c7ca1a	A400	400	monotonic_ns_same_process	19791256272980	ns		asyncs_worker		observed
c5-timing-event-v1	C5	asyncs	measured	dynamic-html-derived-v1	25	1	302c0aad512347caac0aad5123c7ca1a	A410	410	monotonic_ns_same_process	19791800626125	ns		asyncs_worker		observed
c5-timing-event-v1	C5	asyncs	measured	dynamic-html-derived-v1	26	1	1dd43abd5afb43dc943abd5afb83dcdc	AI400	1	enclave_tsc_same_invocation	53473164381270	cycles		sgx_worker_enclave		observed
c5-timing-event-v1	C5	asyncs	measured	dynamic-html-derived-v1	26	1	1dd43abd5afb43dc943abd5afb83dcdc	AI410	2	enclave_tsc_same_invocation	53473170767206	cycles		sgx_worker_enclave		observed
c5-timing-event-v1	C5	asyncs	measured	dynamic-html-derived-v1	26	1	1dd43abd5afb43dc943abd5afb83dcdc	AI420	3	enclave_tsc_same_invocation	53473170767720	cycles		sgx_worker_enclave		observed
c5-timing-event-v1	C5	asyncs	measured	dynamic-html-derived-v1	26	1	1dd43abd5afb43dc943abd5afb83dcdc	AI430	4	enclave_tsc_same_invocation	53473170770363	cycles		sgx_worker_enclave		observed
c5-timing-event-v1	C5	asyncs	measured	dynamic-html-derived-v1	26	1	1dd43abd5afb43dc943abd5afb83dcdc	AF400	5	enclave_tsc_same_invocation	53473189461521	cycles		sgx_worker_enclave		observed
c5-timing-event-v1	C5	asyncs	measured	dynamic-html-derived-v1	26	1	1dd43abd5afb43dc943abd5afb83dcdc	AF410	6	enclave_tsc_same_invocation	53474525407979	cycles		sgx_worker_enclave		observed
c5-timing-event-v1	C5	asyncs	measured	dynamic-html-derived-v1	26	1	1dd43abd5afb43dc943abd5afb83dcdc	AO400	7	enclave_tsc_same_invocation	53474527534494	cycles		sgx_worker_enclave		observed
c5-timing-event-v1	C5	asyncs	measured	dynamic-html-derived-v1	26	1	1dd43abd5afb43dc943abd5afb83dcdc	AO410	8	enclave_tsc_same_invocation	53474528124322	cycles		sgx_worker_enclave		observed
c5-timing-event-v1	C5	asyncs	measured	dynamic-html-derived-v1	26	1	1dd43abd5afb43dc943abd5afb83dcdc	AO420	9	enclave_tsc_same_invocation	53474528125139	cycles		sgx_worker_enclave		observed
c5-timing-event-v1	C5	asyncs	measured	dynamic-html-derived-v1	26	1	1dd43abd5afb43dc943abd5afb83dcdc	AO430	10	enclave_tsc_same_invocation	53474528135321	cycles		sgx_worker_enclave		observed
c5-timing-event-v1	C5	asyncs	measured	dynamic-html-derived-v1	26	1	1dd43abd5afb43dc943abd5afb83dcdc	A400	400	monotonic_ns_same_process	19791348243031	ns		asyncs_worker		observed
c5-timing-event-v1	C5	asyncs	measured	dynamic-html-derived-v1	26	1	1dd43abd5afb43dc943abd5afb83dcdc	A410	410	monotonic_ns_same_process	19791854450917	ns		asyncs_worker		observed
c5-timing-event-v1	C5	asyncs	measured	dynamic-html-derived-v1	27	1	44c63881408749db863881408719db42	AI400	1	enclave_tsc_same_invocation	53474356891598	cycles		sgx_worker_enclave		observed
c5-timing-event-v1	C5	asyncs	measured	dynamic-html-derived-v1	27	1	44c63881408749db863881408719db42	AI410	2	enclave_tsc_same_invocation	53474363535397	cycles		sgx_worker_enclave		observed
c5-timing-event-v1	C5	asyncs	measured	dynamic-html-derived-v1	27	1	44c63881408749db863881408719db42	AI420	3	enclave_tsc_same_invocation	53474363535959	cycles		sgx_worker_enclave		observed
c5-timing-event-v1	C5	asyncs	measured	dynamic-html-derived-v1	27	1	44c63881408749db863881408719db42	AI430	4	enclave_tsc_same_invocation	53474363538747	cycles		sgx_worker_enclave		observed
c5-timing-event-v1	C5	asyncs	measured	dynamic-html-derived-v1	27	1	44c63881408749db863881408719db42	AF400	5	enclave_tsc_same_invocation	53474375250269	cycles		sgx_worker_enclave		observed
c5-timing-event-v1	C5	asyncs	measured	dynamic-html-derived-v1	27	1	44c63881408749db863881408719db42	AF410	6	enclave_tsc_same_invocation	53475251199024	cycles		sgx_worker_enclave		observed
c5-timing-event-v1	C5	asyncs	measured	dynamic-html-derived-v1	27	1	44c63881408749db863881408719db42	AO400	7	enclave_tsc_same_invocation	53475253216510	cycles		sgx_worker_enclave		observed
c5-timing-event-v1	C5	asyncs	measured	dynamic-html-derived-v1	27	1	44c63881408749db863881408719db42	AO410	8	enclave_tsc_same_invocation	53475253836404	cycles		sgx_worker_enclave		observed
c5-timing-event-v1	C5	asyncs	measured	dynamic-html-derived-v1	27	1	44c63881408749db863881408719db42	AO420	9	enclave_tsc_same_invocation	53475253837350	cycles		sgx_worker_enclave		observed
c5-timing-event-v1	C5	asyncs	measured	dynamic-html-derived-v1	27	1	44c63881408749db863881408719db42	AO430	10	enclave_tsc_same_invocation	53475253847109	cycles		sgx_worker_enclave		observed
c5-timing-event-v1	C5	asyncs	measured	dynamic-html-derived-v1	27	1	44c63881408749db863881408719db42	A400	400	monotonic_ns_same_process	19792627271599	ns		asyncs_worker		observed
c5-timing-event-v1	C5	asyncs	measured	dynamic-html-derived-v1	27	1	44c63881408749db863881408719db42	A410	410	monotonic_ns_same_process	19792960592031	ns		asyncs_worker		observed
c5-timing-event-v1	C5	asyncs	measured	dynamic-html-derived-v1	28	1	e4427c0690654661827c069065c66199	AI400	1	enclave_tsc_same_invocation	53474668820860	cycles		sgx_worker_enclave		observed
c5-timing-event-v1	C5	asyncs	measured	dynamic-html-derived-v1	28	1	e4427c0690654661827c069065c66199	AI410	2	enclave_tsc_same_invocation	53474676944768	cycles		sgx_worker_enclave		observed
c5-timing-event-v1	C5	asyncs	measured	dynamic-html-derived-v1	28	1	e4427c0690654661827c069065c66199	AI420	3	enclave_tsc_same_invocation	53474676945639	cycles		sgx_worker_enclave		observed
c5-timing-event-v1	C5	asyncs	measured	dynamic-html-derived-v1	28	1	e4427c0690654661827c069065c66199	AI430	4	enclave_tsc_same_invocation	53474676949196	cycles		sgx_worker_enclave		observed
c5-timing-event-v1	C5	asyncs	measured	dynamic-html-derived-v1	28	1	e4427c0690654661827c069065c66199	AF400	5	enclave_tsc_same_invocation	53474692869887	cycles		sgx_worker_enclave		observed
c5-timing-event-v1	C5	asyncs	measured	dynamic-html-derived-v1	28	1	e4427c0690654661827c069065c66199	AF410	6	enclave_tsc_same_invocation	53475974097020	cycles		sgx_worker_enclave		observed
c5-timing-event-v1	C5	asyncs	measured	dynamic-html-derived-v1	28	1	e4427c0690654661827c069065c66199	AO400	7	enclave_tsc_same_invocation	53475976332225	cycles		sgx_worker_enclave		observed
c5-timing-event-v1	C5	asyncs	measured	dynamic-html-derived-v1	28	1	e4427c0690654661827c069065c66199	AO410	8	enclave_tsc_same_invocation	53475977411938	cycles		sgx_worker_enclave		observed
c5-timing-event-v1	C5	asyncs	measured	dynamic-html-derived-v1	28	1	e4427c0690654661827c069065c66199	AO420	9	enclave_tsc_same_invocation	53475977412998	cycles		sgx_worker_enclave		observed
c5-timing-event-v1	C5	asyncs	measured	dynamic-html-derived-v1	28	1	e4427c0690654661827c069065c66199	AO430	10	enclave_tsc_same_invocation	53475977427252	cycles		sgx_worker_enclave		observed
c5-timing-event-v1	C5	asyncs	measured	dynamic-html-derived-v1	28	1	e4427c0690654661827c069065c66199	A400	400	monotonic_ns_same_process	19791905458646	ns		asyncs_worker		observed
c5-timing-event-v1	C5	asyncs	measured	dynamic-html-derived-v1	28	1	e4427c0690654661827c069065c66199	A410	410	monotonic_ns_same_process	19792391264757	ns		asyncs_worker		observed
c5-timing-event-v1	C5	asyncs	measured	dynamic-html-derived-v1	29	1	e444e2c5b81e46fb84e2c5b81e36fb00	AI400	1	enclave_tsc_same_invocation	53475361407167	cycles		sgx_worker_enclave		observed
c5-timing-event-v1	C5	asyncs	measured	dynamic-html-derived-v1	29	1	e444e2c5b81e46fb84e2c5b81e36fb00	AI410	2	enclave_tsc_same_invocation	53475367860374	cycles		sgx_worker_enclave		observed
c5-timing-event-v1	C5	asyncs	measured	dynamic-html-derived-v1	29	1	e444e2c5b81e46fb84e2c5b81e36fb00	AI420	3	enclave_tsc_same_invocation	53475367860851	cycles		sgx_worker_enclave		observed
c5-timing-event-v1	C5	asyncs	measured	dynamic-html-derived-v1	29	1	e444e2c5b81e46fb84e2c5b81e36fb00	AI430	4	enclave_tsc_same_invocation	53475367863519	cycles		sgx_worker_enclave		observed
c5-timing-event-v1	C5	asyncs	measured	dynamic-html-derived-v1	29	1	e444e2c5b81e46fb84e2c5b81e36fb00	AF400	5	enclave_tsc_same_invocation	53475379532830	cycles		sgx_worker_enclave		observed
c5-timing-event-v1	C5	asyncs	measured	dynamic-html-derived-v1	29	1	e444e2c5b81e46fb84e2c5b81e36fb00	AF410	6	enclave_tsc_same_invocation	53476255461700	cycles		sgx_worker_enclave		observed
c5-timing-event-v1	C5	asyncs	measured	dynamic-html-derived-v1	29	1	e444e2c5b81e46fb84e2c5b81e36fb00	AO400	7	enclave_tsc_same_invocation	53476257572127	cycles		sgx_worker_enclave		observed
c5-timing-event-v1	C5	asyncs	measured	dynamic-html-derived-v1	29	1	e444e2c5b81e46fb84e2c5b81e36fb00	AO410	8	enclave_tsc_same_invocation	53476258179277	cycles		sgx_worker_enclave		observed
c5-timing-event-v1	C5	asyncs	measured	dynamic-html-derived-v1	29	1	e444e2c5b81e46fb84e2c5b81e36fb00	AO420	9	enclave_tsc_same_invocation	53476258180147	cycles		sgx_worker_enclave		observed
c5-timing-event-v1	C5	asyncs	measured	dynamic-html-derived-v1	29	1	e444e2c5b81e46fb84e2c5b81e36fb00	AO430	10	enclave_tsc_same_invocation	53476258194137	cycles		sgx_worker_enclave		observed
c5-timing-event-v1	C5	asyncs	measured	dynamic-html-derived-v1	29	1	e444e2c5b81e46fb84e2c5b81e36fb00	A400	400	monotonic_ns_same_process	19792999342214	ns		asyncs_worker		observed
c5-timing-event-v1	C5	asyncs	measured	dynamic-html-derived-v1	29	1	e444e2c5b81e46fb84e2c5b81e36fb00	A410	410	monotonic_ns_same_process	19793332572106	ns		asyncs_worker		observed
c5-timing-event-v1	C5	asyncs	measured	dynamic-html-derived-v1	30	1	f0f9eef95e8a4611b9eef95e8a16119e	AI400	1	enclave_tsc_same_invocation	53474837254670	cycles		sgx_worker_enclave		observed
c5-timing-event-v1	C5	asyncs	measured	dynamic-html-derived-v1	30	1	f0f9eef95e8a4611b9eef95e8a16119e	AI410	2	enclave_tsc_same_invocation	53474848836916	cycles		sgx_worker_enclave		observed
c5-timing-event-v1	C5	asyncs	measured	dynamic-html-derived-v1	30	1	f0f9eef95e8a4611b9eef95e8a16119e	AI420	3	enclave_tsc_same_invocation	53474848837862	cycles		sgx_worker_enclave		observed
c5-timing-event-v1	C5	asyncs	measured	dynamic-html-derived-v1	30	1	f0f9eef95e8a4611b9eef95e8a16119e	AI430	4	enclave_tsc_same_invocation	53474848842083	cycles		sgx_worker_enclave		observed
c5-timing-event-v1	C5	asyncs	measured	dynamic-html-derived-v1	30	1	f0f9eef95e8a4611b9eef95e8a16119e	AF400	5	enclave_tsc_same_invocation	53474870004326	cycles		sgx_worker_enclave		observed
c5-timing-event-v1	C5	asyncs	measured	dynamic-html-derived-v1	30	1	f0f9eef95e8a4611b9eef95e8a16119e	AF410	6	enclave_tsc_same_invocation	53476215691789	cycles		sgx_worker_enclave		observed
c5-timing-event-v1	C5	asyncs	measured	dynamic-html-derived-v1	30	1	f0f9eef95e8a4611b9eef95e8a16119e	AO400	7	enclave_tsc_same_invocation	53476217931215	cycles		sgx_worker_enclave		observed
c5-timing-event-v1	C5	asyncs	measured	dynamic-html-derived-v1	30	1	f0f9eef95e8a4611b9eef95e8a16119e	AO410	8	enclave_tsc_same_invocation	53476218952966	cycles		sgx_worker_enclave		observed
c5-timing-event-v1	C5	asyncs	measured	dynamic-html-derived-v1	30	1	f0f9eef95e8a4611b9eef95e8a16119e	AO420	9	enclave_tsc_same_invocation	53476218954001	cycles		sgx_worker_enclave		observed
c5-timing-event-v1	C5	asyncs	measured	dynamic-html-derived-v1	30	1	f0f9eef95e8a4611b9eef95e8a16119e	AO430	10	enclave_tsc_same_invocation	53476218967985	cycles		sgx_worker_enclave		observed
c5-timing-event-v1	C5	asyncs	measured	dynamic-html-derived-v1	30	1	f0f9eef95e8a4611b9eef95e8a16119e	A400	400	monotonic_ns_same_process	19791967082525	ns		asyncs_worker		observed
c5-timing-event-v1	C5	asyncs	measured	dynamic-html-derived-v1	30	1	f0f9eef95e8a4611b9eef95e8a16119e	A410	410	monotonic_ns_same_process	19792480726902	ns		asyncs_worker		observed
c5-timing-event-v1	C5	asyncs	measured	dynamic-html-derived-v1	31	1	5a09985c19f2414f89985c19f2114f0b	AI400	1	enclave_tsc_same_invocation	53476412823913	cycles		sgx_worker_enclave		observed
c5-timing-event-v1	C5	asyncs	measured	dynamic-html-derived-v1	31	1	5a09985c19f2414f89985c19f2114f0b	AI410	2	enclave_tsc_same_invocation	53476419343435	cycles		sgx_worker_enclave		observed
c5-timing-event-v1	C5	asyncs	measured	dynamic-html-derived-v1	31	1	5a09985c19f2414f89985c19f2114f0b	AI420	3	enclave_tsc_same_invocation	53476419344013	cycles		sgx_worker_enclave		observed
c5-timing-event-v1	C5	asyncs	measured	dynamic-html-derived-v1	31	1	5a09985c19f2414f89985c19f2114f0b	AI430	4	enclave_tsc_same_invocation	53476419346703	cycles		sgx_worker_enclave		observed
c5-timing-event-v1	C5	asyncs	measured	dynamic-html-derived-v1	31	1	5a09985c19f2414f89985c19f2114f0b	AF400	5	enclave_tsc_same_invocation	53476431043269	cycles		sgx_worker_enclave		observed
c5-timing-event-v1	C5	asyncs	measured	dynamic-html-derived-v1	31	1	5a09985c19f2414f89985c19f2114f0b	AF410	6	enclave_tsc_same_invocation	53477305303157	cycles		sgx_worker_enclave		observed
c5-timing-event-v1	C5	asyncs	measured	dynamic-html-derived-v1	31	1	5a09985c19f2414f89985c19f2114f0b	AO400	7	enclave_tsc_same_invocation	53477307243318	cycles		sgx_worker_enclave		observed
c5-timing-event-v1	C5	asyncs	measured	dynamic-html-derived-v1	31	1	5a09985c19f2414f89985c19f2114f0b	AO410	8	enclave_tsc_same_invocation	53477307874856	cycles		sgx_worker_enclave		observed
c5-timing-event-v1	C5	asyncs	measured	dynamic-html-derived-v1	31	1	5a09985c19f2414f89985c19f2114f0b	AO420	9	enclave_tsc_same_invocation	53477307875737	cycles		sgx_worker_enclave		observed
c5-timing-event-v1	C5	asyncs	measured	dynamic-html-derived-v1	31	1	5a09985c19f2414f89985c19f2114f0b	AO430	10	enclave_tsc_same_invocation	53477307884314	cycles		sgx_worker_enclave		observed
c5-timing-event-v1	C5	asyncs	measured	dynamic-html-derived-v1	31	1	5a09985c19f2414f89985c19f2114f0b	A400	400	monotonic_ns_same_process	19793388736663	ns		asyncs_worker		observed
c5-timing-event-v1	C5	asyncs	measured	dynamic-html-derived-v1	31	1	5a09985c19f2414f89985c19f2114f0b	A410	410	monotonic_ns_same_process	19793721369303	ns		asyncs_worker		observed
c5-timing-event-v1	C5	asyncs	measured	dynamic-html-derived-v1	32	1	0f30f7039a064772b0f7039a06877221	AI400	1	enclave_tsc_same_invocation	53476142105980	cycles		sgx_worker_enclave		observed
c5-timing-event-v1	C5	asyncs	measured	dynamic-html-derived-v1	32	1	0f30f7039a064772b0f7039a06877221	AI410	2	enclave_tsc_same_invocation	53476153620583	cycles		sgx_worker_enclave		observed
c5-timing-event-v1	C5	asyncs	measured	dynamic-html-derived-v1	32	1	0f30f7039a064772b0f7039a06877221	AI420	3	enclave_tsc_same_invocation	53476153621492	cycles		sgx_worker_enclave		observed
c5-timing-event-v1	C5	asyncs	measured	dynamic-html-derived-v1	32	1	0f30f7039a064772b0f7039a06877221	AI430	4	enclave_tsc_same_invocation	53476153625132	cycles		sgx_worker_enclave		observed
c5-timing-event-v1	C5	asyncs	measured	dynamic-html-derived-v1	32	1	0f30f7039a064772b0f7039a06877221	AF400	5	enclave_tsc_same_invocation	53476173340643	cycles		sgx_worker_enclave		observed
c5-timing-event-v1	C5	asyncs	measured	dynamic-html-derived-v1	32	1	0f30f7039a064772b0f7039a06877221	AF410	6	enclave_tsc_same_invocation	53477500259646	cycles		sgx_worker_enclave		observed
c5-timing-event-v1	C5	asyncs	measured	dynamic-html-derived-v1	32	1	0f30f7039a064772b0f7039a06877221	AO400	7	enclave_tsc_same_invocation	53477502496901	cycles		sgx_worker_enclave		observed
c5-timing-event-v1	C5	asyncs	measured	dynamic-html-derived-v1	32	1	0f30f7039a064772b0f7039a06877221	AO410	8	enclave_tsc_same_invocation	53477503561585	cycles		sgx_worker_enclave		observed
c5-timing-event-v1	C5	asyncs	measured	dynamic-html-derived-v1	32	1	0f30f7039a064772b0f7039a06877221	AO420	9	enclave_tsc_same_invocation	53477503562701	cycles		sgx_worker_enclave		observed
c5-timing-event-v1	C5	asyncs	measured	dynamic-html-derived-v1	32	1	0f30f7039a064772b0f7039a06877221	AO430	10	enclave_tsc_same_invocation	53477503577327	cycles		sgx_worker_enclave		observed
c5-timing-event-v1	C5	asyncs	measured	dynamic-html-derived-v1	32	1	0f30f7039a064772b0f7039a06877221	A400	400	monotonic_ns_same_process	19792449748918	ns		asyncs_worker		observed
c5-timing-event-v1	C5	asyncs	measured	dynamic-html-derived-v1	32	1	0f30f7039a064772b0f7039a06877221	A410	410	monotonic_ns_same_process	19792956519933	ns		asyncs_worker		observed
c5-timing-event-v1	C5	asyncs	measured	dynamic-html-derived-v1	33	1	1de050e6ee684a76a050e6ee68ba7626	AI400	1	enclave_tsc_same_invocation	53476369354168	cycles		sgx_worker_enclave		observed
c5-timing-event-v1	C5	asyncs	measured	dynamic-html-derived-v1	33	1	1de050e6ee684a76a050e6ee68ba7626	AI410	2	enclave_tsc_same_invocation	53476380853094	cycles		sgx_worker_enclave		observed
c5-timing-event-v1	C5	asyncs	measured	dynamic-html-derived-v1	33	1	1de050e6ee684a76a050e6ee68ba7626	AI420	3	enclave_tsc_same_invocation	53476380854040	cycles		sgx_worker_enclave		observed
c5-timing-event-v1	C5	asyncs	measured	dynamic-html-derived-v1	33	1	1de050e6ee684a76a050e6ee68ba7626	AI430	4	enclave_tsc_same_invocation	53476380858082	cycles		sgx_worker_enclave		observed
c5-timing-event-v1	C5	asyncs	measured	dynamic-html-derived-v1	33	1	1de050e6ee684a76a050e6ee68ba7626	AF400	5	enclave_tsc_same_invocation	53476400921186	cycles		sgx_worker_enclave		observed
c5-timing-event-v1	C5	asyncs	measured	dynamic-html-derived-v1	33	1	1de050e6ee684a76a050e6ee68ba7626	AF410	6	enclave_tsc_same_invocation	53477745791052	cycles		sgx_worker_enclave		observed
c5-timing-event-v1	C5	asyncs	measured	dynamic-html-derived-v1	33	1	1de050e6ee684a76a050e6ee68ba7626	AO400	7	enclave_tsc_same_invocation	53477747987374	cycles		sgx_worker_enclave		observed
c5-timing-event-v1	C5	asyncs	measured	dynamic-html-derived-v1	33	1	1de050e6ee684a76a050e6ee68ba7626	AO410	8	enclave_tsc_same_invocation	53477749050167	cycles		sgx_worker_enclave		observed
c5-timing-event-v1	C5	asyncs	measured	dynamic-html-derived-v1	33	1	1de050e6ee684a76a050e6ee68ba7626	AO420	9	enclave_tsc_same_invocation	53477749051161	cycles		sgx_worker_enclave		observed
c5-timing-event-v1	C5	asyncs	measured	dynamic-html-derived-v1	33	1	1de050e6ee684a76a050e6ee68ba7626	AO430	10	enclave_tsc_same_invocation	53477749065514	cycles		sgx_worker_enclave		observed
c5-timing-event-v1	C5	asyncs	measured	dynamic-html-derived-v1	33	1	1de050e6ee684a76a050e6ee68ba7626	A400	400	monotonic_ns_same_process	19792533499569	ns		asyncs_worker		observed
c5-timing-event-v1	C5	asyncs	measured	dynamic-html-derived-v1	33	1	1de050e6ee684a76a050e6ee68ba7626	A410	410	monotonic_ns_same_process	19793047442673	ns		asyncs_worker		observed
c5-timing-event-v1	C5	asyncs	measured	dynamic-html-derived-v1	34	1	7daf320056404c67af320056403c67e2	AI400	1	enclave_tsc_same_invocation	53477471289675	cycles		sgx_worker_enclave		observed
c5-timing-event-v1	C5	asyncs	measured	dynamic-html-derived-v1	34	1	7daf320056404c67af320056403c67e2	AI410	2	enclave_tsc_same_invocation	53477477855126	cycles		sgx_worker_enclave		observed
c5-timing-event-v1	C5	asyncs	measured	dynamic-html-derived-v1	34	1	7daf320056404c67af320056403c67e2	AI420	3	enclave_tsc_same_invocation	53477477855683	cycles		sgx_worker_enclave		observed
c5-timing-event-v1	C5	asyncs	measured	dynamic-html-derived-v1	34	1	7daf320056404c67af320056403c67e2	AI430	4	enclave_tsc_same_invocation	53477477858331	cycles		sgx_worker_enclave		observed
c5-timing-event-v1	C5	asyncs	measured	dynamic-html-derived-v1	34	1	7daf320056404c67af320056403c67e2	AF400	5	enclave_tsc_same_invocation	53477489505917	cycles		sgx_worker_enclave		observed
c5-timing-event-v1	C5	asyncs	measured	dynamic-html-derived-v1	34	1	7daf320056404c67af320056403c67e2	AF410	6	enclave_tsc_same_invocation	53478371865435	cycles		sgx_worker_enclave		observed
c5-timing-event-v1	C5	asyncs	measured	dynamic-html-derived-v1	34	1	7daf320056404c67af320056403c67e2	AO400	7	enclave_tsc_same_invocation	53478373838834	cycles		sgx_worker_enclave		observed
c5-timing-event-v1	C5	asyncs	measured	dynamic-html-derived-v1	34	1	7daf320056404c67af320056403c67e2	AO410	8	enclave_tsc_same_invocation	53478374459969	cycles		sgx_worker_enclave		observed
c5-timing-event-v1	C5	asyncs	measured	dynamic-html-derived-v1	34	1	7daf320056404c67af320056403c67e2	AO420	9	enclave_tsc_same_invocation	53478374460788	cycles		sgx_worker_enclave		observed
c5-timing-event-v1	C5	asyncs	measured	dynamic-html-derived-v1	34	1	7daf320056404c67af320056403c67e2	AO430	10	enclave_tsc_same_invocation	53478374470141	cycles		sgx_worker_enclave		observed
c5-timing-event-v1	C5	asyncs	measured	dynamic-html-derived-v1	34	1	7daf320056404c67af320056403c67e2	A400	400	monotonic_ns_same_process	19793780767433	ns		asyncs_worker		observed
c5-timing-event-v1	C5	asyncs	measured	dynamic-html-derived-v1	34	1	7daf320056404c67af320056403c67e2	A410	410	monotonic_ns_same_process	19794116404440	ns		asyncs_worker		observed
c5-timing-event-v1	C5	asyncs	measured	dynamic-html-derived-v1	35	1	5278197052a84df5b8197052a83df5dc	AI400	1	enclave_tsc_same_invocation	53477673876555	cycles		sgx_worker_enclave		observed
c5-timing-event-v1	C5	asyncs	measured	dynamic-html-derived-v1	35	1	5278197052a84df5b8197052a83df5dc	AI410	2	enclave_tsc_same_invocation	53477685116841	cycles		sgx_worker_enclave		observed
c5-timing-event-v1	C5	asyncs	measured	dynamic-html-derived-v1	35	1	5278197052a84df5b8197052a83df5dc	AI420	3	enclave_tsc_same_invocation	53477685117752	cycles		sgx_worker_enclave		observed
c5-timing-event-v1	C5	asyncs	measured	dynamic-html-derived-v1	35	1	5278197052a84df5b8197052a83df5dc	AI430	4	enclave_tsc_same_invocation	53477685121656	cycles		sgx_worker_enclave		observed
c5-timing-event-v1	C5	asyncs	measured	dynamic-html-derived-v1	35	1	5278197052a84df5b8197052a83df5dc	AF400	5	enclave_tsc_same_invocation	53477723556736	cycles		sgx_worker_enclave		observed
c5-timing-event-v1	C5	asyncs	measured	dynamic-html-derived-v1	35	1	5278197052a84df5b8197052a83df5dc	AF410	6	enclave_tsc_same_invocation	53479057168644	cycles		sgx_worker_enclave		observed
c5-timing-event-v1	C5	asyncs	measured	dynamic-html-derived-v1	35	1	5278197052a84df5b8197052a83df5dc	AO400	7	enclave_tsc_same_invocation	53479059402346	cycles		sgx_worker_enclave		observed
c5-timing-event-v1	C5	asyncs	measured	dynamic-html-derived-v1	35	1	5278197052a84df5b8197052a83df5dc	AO410	8	enclave_tsc_same_invocation	53479060489875	cycles		sgx_worker_enclave		observed
c5-timing-event-v1	C5	asyncs	measured	dynamic-html-derived-v1	35	1	5278197052a84df5b8197052a83df5dc	AO420	9	enclave_tsc_same_invocation	53479060491098	cycles		sgx_worker_enclave		observed
c5-timing-event-v1	C5	asyncs	measured	dynamic-html-derived-v1	35	1	5278197052a84df5b8197052a83df5dc	AO430	10	enclave_tsc_same_invocation	53479060507473	cycles		sgx_worker_enclave		observed
c5-timing-event-v1	C5	asyncs	measured	dynamic-html-derived-v1	35	1	5278197052a84df5b8197052a83df5dc	A400	400	monotonic_ns_same_process	19793017898079	ns		asyncs_worker		observed
c5-timing-event-v1	C5	asyncs	measured	dynamic-html-derived-v1	35	1	5278197052a84df5b8197052a83df5dc	A410	410	monotonic_ns_same_process	19793533177143	ns		asyncs_worker		observed
c5-timing-event-v1	C5	asyncs	measured	dynamic-html-derived-v1	36	1	f2c2430cf0e94df582430cf0e94df598	AI400	1	enclave_tsc_same_invocation	53478522685195	cycles		sgx_worker_enclave		observed
c5-timing-event-v1	C5	asyncs	measured	dynamic-html-derived-v1	36	1	f2c2430cf0e94df582430cf0e94df598	AI410	2	enclave_tsc_same_invocation	53478529173703	cycles		sgx_worker_enclave		observed
c5-timing-event-v1	C5	asyncs	measured	dynamic-html-derived-v1	36	1	f2c2430cf0e94df582430cf0e94df598	AI420	3	enclave_tsc_same_invocation	53478529174519	cycles		sgx_worker_enclave		observed
c5-timing-event-v1	C5	asyncs	measured	dynamic-html-derived-v1	36	1	f2c2430cf0e94df582430cf0e94df598	AI430	4	enclave_tsc_same_invocation	53478529177751	cycles		sgx_worker_enclave		observed
c5-timing-event-v1	C5	asyncs	measured	dynamic-html-derived-v1	36	1	f2c2430cf0e94df582430cf0e94df598	AF400	5	enclave_tsc_same_invocation	53478540867377	cycles		sgx_worker_enclave		observed
c5-timing-event-v1	C5	asyncs	measured	dynamic-html-derived-v1	36	1	f2c2430cf0e94df582430cf0e94df598	AF410	6	enclave_tsc_same_invocation	53479423011568	cycles		sgx_worker_enclave		observed
c5-timing-event-v1	C5	asyncs	measured	dynamic-html-derived-v1	36	1	f2c2430cf0e94df582430cf0e94df598	AO400	7	enclave_tsc_same_invocation	53479424947327	cycles		sgx_worker_enclave		observed
c5-timing-event-v1	C5	asyncs	measured	dynamic-html-derived-v1	36	1	f2c2430cf0e94df582430cf0e94df598	AO410	8	enclave_tsc_same_invocation	53479425548871	cycles		sgx_worker_enclave		observed
c5-timing-event-v1	C5	asyncs	measured	dynamic-html-derived-v1	36	1	f2c2430cf0e94df582430cf0e94df598	AO420	9	enclave_tsc_same_invocation	53479425549669	cycles		sgx_worker_enclave		observed
c5-timing-event-v1	C5	asyncs	measured	dynamic-html-derived-v1	36	1	f2c2430cf0e94df582430cf0e94df598	AO430	10	enclave_tsc_same_invocation	53479425559432	cycles		sgx_worker_enclave		observed
c5-timing-event-v1	C5	asyncs	measured	dynamic-html-derived-v1	36	1	f2c2430cf0e94df582430cf0e94df598	A400	400	monotonic_ns_same_process	19794169850558	ns		asyncs_worker		observed
c5-timing-event-v1	C5	asyncs	measured	dynamic-html-derived-v1	36	1	f2c2430cf0e94df582430cf0e94df598	A410	410	monotonic_ns_same_process	19794505706952	ns		asyncs_worker		observed
c5-timing-event-v1	C5	asyncs	measured	dynamic-html-derived-v1	37	1	f1372ada40f34be7b72ada40f3fbe7e3	AI400	1	enclave_tsc_same_invocation	53477975436199	cycles		sgx_worker_enclave		observed
c5-timing-event-v1	C5	asyncs	measured	dynamic-html-derived-v1	37	1	f1372ada40f34be7b72ada40f3fbe7e3	AI410	2	enclave_tsc_same_invocation	53477986930312	cycles		sgx_worker_enclave		observed
c5-timing-event-v1	C5	asyncs	measured	dynamic-html-derived-v1	37	1	f1372ada40f34be7b72ada40f3fbe7e3	AI420	3	enclave_tsc_same_invocation	53477986931271	cycles		sgx_worker_enclave		observed
c5-timing-event-v1	C5	asyncs	measured	dynamic-html-derived-v1	37	1	f1372ada40f34be7b72ada40f3fbe7e3	AI430	4	enclave_tsc_same_invocation	53477986936049	cycles		sgx_worker_enclave		observed
c5-timing-event-v1	C5	asyncs	measured	dynamic-html-derived-v1	37	1	f1372ada40f34be7b72ada40f3fbe7e3	AF400	5	enclave_tsc_same_invocation	53478007382564	cycles		sgx_worker_enclave		observed
c5-timing-event-v1	C5	asyncs	measured	dynamic-html-derived-v1	37	1	f1372ada40f34be7b72ada40f3fbe7e3	AF410	6	enclave_tsc_same_invocation	53479359106019	cycles		sgx_worker_enclave		observed
c5-timing-event-v1	C5	asyncs	measured	dynamic-html-derived-v1	37	1	f1372ada40f34be7b72ada40f3fbe7e3	AO400	7	enclave_tsc_same_invocation	53479361325613	cycles		sgx_worker_enclave		observed
c5-timing-event-v1	C5	asyncs	measured	dynamic-html-derived-v1	37	1	f1372ada40f34be7b72ada40f3fbe7e3	AO410	8	enclave_tsc_same_invocation	53479362356105	cycles		sgx_worker_enclave		observed
c5-timing-event-v1	C5	asyncs	measured	dynamic-html-derived-v1	37	1	f1372ada40f34be7b72ada40f3fbe7e3	AO420	9	enclave_tsc_same_invocation	53479362357265	cycles		sgx_worker_enclave		observed
c5-timing-event-v1	C5	asyncs	measured	dynamic-html-derived-v1	37	1	f1372ada40f34be7b72ada40f3fbe7e3	AO430	10	enclave_tsc_same_invocation	53479362371739	cycles		sgx_worker_enclave		observed
c5-timing-event-v1	C5	asyncs	measured	dynamic-html-derived-v1	37	1	f1372ada40f34be7b72ada40f3fbe7e3	A400	400	monotonic_ns_same_process	19793129550815	ns		asyncs_worker		observed
c5-timing-event-v1	C5	asyncs	measured	dynamic-html-derived-v1	37	1	f1372ada40f34be7b72ada40f3fbe7e3	A410	410	monotonic_ns_same_process	19793644969285	ns		asyncs_worker		observed
c5-timing-event-v1	C5	asyncs	measured	dynamic-html-derived-v1	38	1	bee3d716a3164ceda3d716a3163cedd5	AI400	1	enclave_tsc_same_invocation	53479574469245	cycles		sgx_worker_enclave		observed
c5-timing-event-v1	C5	asyncs	measured	dynamic-html-derived-v1	38	1	bee3d716a3164ceda3d716a3163cedd5	AI410	2	enclave_tsc_same_invocation	53479580915976	cycles		sgx_worker_enclave		observed
c5-timing-event-v1	C5	asyncs	measured	dynamic-html-derived-v1	38	1	bee3d716a3164ceda3d716a3163cedd5	AI420	3	enclave_tsc_same_invocation	53479580916503	cycles		sgx_worker_enclave		observed
c5-timing-event-v1	C5	asyncs	measured	dynamic-html-derived-v1	38	1	bee3d716a3164ceda3d716a3163cedd5	AI430	4	enclave_tsc_same_invocation	53479580919290	cycles		sgx_worker_enclave		observed
c5-timing-event-v1	C5	asyncs	measured	dynamic-html-derived-v1	38	1	bee3d716a3164ceda3d716a3163cedd5	AF400	5	enclave_tsc_same_invocation	53479592542856	cycles		sgx_worker_enclave		observed
c5-timing-event-v1	C5	asyncs	measured	dynamic-html-derived-v1	38	1	bee3d716a3164ceda3d716a3163cedd5	AF410	6	enclave_tsc_same_invocation	53480465072723	cycles		sgx_worker_enclave		observed
c5-timing-event-v1	C5	asyncs	measured	dynamic-html-derived-v1	38	1	bee3d716a3164ceda3d716a3163cedd5	AO400	7	enclave_tsc_same_invocation	53480467106319	cycles		sgx_worker_enclave		observed
c5-timing-event-v1	C5	asyncs	measured	dynamic-html-derived-v1	38	1	bee3d716a3164ceda3d716a3163cedd5	AO410	8	enclave_tsc_same_invocation	53480467723960	cycles		sgx_worker_enclave		observed
c5-timing-event-v1	C5	asyncs	measured	dynamic-html-derived-v1	38	1	bee3d716a3164ceda3d716a3163cedd5	AO420	9	enclave_tsc_same_invocation	53480467724818	cycles		sgx_worker_enclave		observed
c5-timing-event-v1	C5	asyncs	measured	dynamic-html-derived-v1	38	1	bee3d716a3164ceda3d716a3163cedd5	AO430	10	enclave_tsc_same_invocation	53480467734458	cycles		sgx_worker_enclave		observed
c5-timing-event-v1	C5	asyncs	measured	dynamic-html-derived-v1	38	1	bee3d716a3164ceda3d716a3163cedd5	A400	400	monotonic_ns_same_process	19794559692500	ns		asyncs_worker		observed
c5-timing-event-v1	C5	asyncs	measured	dynamic-html-derived-v1	38	1	bee3d716a3164ceda3d716a3163cedd5	A410	410	monotonic_ns_same_process	19794891698008	ns		asyncs_worker		observed
c5-timing-event-v1	C5	asyncs	measured	dynamic-html-derived-v1	39	1	8ca49c9d73d34711a49c9d73d3c71119	AI400	1	enclave_tsc_same_invocation	53479237734754	cycles		sgx_worker_enclave		observed
c5-timing-event-v1	C5	asyncs	measured	dynamic-html-derived-v1	39	1	8ca49c9d73d34711a49c9d73d3c71119	AI410	2	enclave_tsc_same_invocation	53479248947634	cycles		sgx_worker_enclave		observed
c5-timing-event-v1	C5	asyncs	measured	dynamic-html-derived-v1	39	1	8ca49c9d73d34711a49c9d73d3c71119	AI420	3	enclave_tsc_same_invocation	53479248948638	cycles		sgx_worker_enclave		observed
c5-timing-event-v1	C5	asyncs	measured	dynamic-html-derived-v1	39	1	8ca49c9d73d34711a49c9d73d3c71119	AI430	4	enclave_tsc_same_invocation	53479248952684	cycles		sgx_worker_enclave		observed
c5-timing-event-v1	C5	asyncs	measured	dynamic-html-derived-v1	39	1	8ca49c9d73d34711a49c9d73d3c71119	AF400	5	enclave_tsc_same_invocation	53479268625790	cycles		sgx_worker_enclave		observed
c5-timing-event-v1	C5	asyncs	measured	dynamic-html-derived-v1	39	1	8ca49c9d73d34711a49c9d73d3c71119	AF410	6	enclave_tsc_same_invocation	53480591960451	cycles		sgx_worker_enclave		observed
c5-timing-event-v1	C5	asyncs	measured	dynamic-html-derived-v1	39	1	8ca49c9d73d34711a49c9d73d3c71119	AO400	7	enclave_tsc_same_invocation	53480594158345	cycles		sgx_worker_enclave		observed
c5-timing-event-v1	C5	asyncs	measured	dynamic-html-derived-v1	39	1	8ca49c9d73d34711a49c9d73d3c71119	AO410	8	enclave_tsc_same_invocation	53480595182515	cycles		sgx_worker_enclave		observed
c5-timing-event-v1	C5	asyncs	measured	dynamic-html-derived-v1	39	1	8ca49c9d73d34711a49c9d73d3c71119	AO420	9	enclave_tsc_same_invocation	53480595183310	cycles		sgx_worker_enclave		observed
c5-timing-event-v1	C5	asyncs	measured	dynamic-html-derived-v1	39	1	8ca49c9d73d34711a49c9d73d3c71119	AO430	10	enclave_tsc_same_invocation	53480595199042	cycles		sgx_worker_enclave		observed
c5-timing-event-v1	C5	asyncs	measured	dynamic-html-derived-v1	39	1	8ca49c9d73d34711a49c9d73d3c71119	A400	400	monotonic_ns_same_process	19793597034791	ns		asyncs_worker		observed
c5-timing-event-v1	C5	asyncs	measured	dynamic-html-derived-v1	39	1	8ca49c9d73d34711a49c9d73d3c71119	A410	410	monotonic_ns_same_process	19794101590084	ns		asyncs_worker		observed
c5-timing-event-v1	C5	asyncs	measured	dynamic-html-derived-v1	40	1	253f82147eea4e61bf82147eeade6178	AI400	1	enclave_tsc_same_invocation	53479518424789	cycles		sgx_worker_enclave		observed
c5-timing-event-v1	C5	asyncs	measured	dynamic-html-derived-v1	40	1	253f82147eea4e61bf82147eeade6178	AI410	2	enclave_tsc_same_invocation	53479527032811	cycles		sgx_worker_enclave		observed
c5-timing-event-v1	C5	asyncs	measured	dynamic-html-derived-v1	40	1	253f82147eea4e61bf82147eeade6178	AI420	3	enclave_tsc_same_invocation	53479527033446	cycles		sgx_worker_enclave		observed
c5-timing-event-v1	C5	asyncs	measured	dynamic-html-derived-v1	40	1	253f82147eea4e61bf82147eeade6178	AI430	4	enclave_tsc_same_invocation	53479527037442	cycles		sgx_worker_enclave		observed
c5-timing-event-v1	C5	asyncs	measured	dynamic-html-derived-v1	40	1	253f82147eea4e61bf82147eeade6178	AF400	5	enclave_tsc_same_invocation	53479546646909	cycles		sgx_worker_enclave		observed
c5-timing-event-v1	C5	asyncs	measured	dynamic-html-derived-v1	40	1	253f82147eea4e61bf82147eeade6178	AF410	6	enclave_tsc_same_invocation	53480859172773	cycles		sgx_worker_enclave		observed
c5-timing-event-v1	C5	asyncs	measured	dynamic-html-derived-v1	40	1	253f82147eea4e61bf82147eeade6178	AO400	7	enclave_tsc_same_invocation	53480861698672	cycles		sgx_worker_enclave		observed
c5-timing-event-v1	C5	asyncs	measured	dynamic-html-derived-v1	40	1	253f82147eea4e61bf82147eeade6178	AO410	8	enclave_tsc_same_invocation	53480862732553	cycles		sgx_worker_enclave		observed
c5-timing-event-v1	C5	asyncs	measured	dynamic-html-derived-v1	40	1	253f82147eea4e61bf82147eeade6178	AO420	9	enclave_tsc_same_invocation	53480862733558	cycles		sgx_worker_enclave		observed
c5-timing-event-v1	C5	asyncs	measured	dynamic-html-derived-v1	40	1	253f82147eea4e61bf82147eeade6178	AO430	10	enclave_tsc_same_invocation	53480862747727	cycles		sgx_worker_enclave		observed
c5-timing-event-v1	C5	asyncs	measured	dynamic-html-derived-v1	40	1	253f82147eea4e61bf82147eeade6178	A400	400	monotonic_ns_same_process	19793701209125	ns		asyncs_worker		observed
c5-timing-event-v1	C5	asyncs	measured	dynamic-html-derived-v1	40	1	253f82147eea4e61bf82147eeade6178	A410	410	monotonic_ns_same_process	19794200686072	ns		asyncs_worker		observed
c5-timing-event-v1	C5	asyncs	measured	dynamic-html-derived-v1	41	1	c6c0694b31554f2880694b31559f28bf	AI400	1	enclave_tsc_same_invocation	53480604776745	cycles		sgx_worker_enclave		observed
c5-timing-event-v1	C5	asyncs	measured	dynamic-html-derived-v1	41	1	c6c0694b31554f2880694b31559f28bf	AI410	2	enclave_tsc_same_invocation	53480611194427	cycles		sgx_worker_enclave		observed
c5-timing-event-v1	C5	asyncs	measured	dynamic-html-derived-v1	41	1	c6c0694b31554f2880694b31559f28bf	AI420	3	enclave_tsc_same_invocation	53480611195012	cycles		sgx_worker_enclave		observed
c5-timing-event-v1	C5	asyncs	measured	dynamic-html-derived-v1	41	1	c6c0694b31554f2880694b31559f28bf	AI430	4	enclave_tsc_same_invocation	53480611197730	cycles		sgx_worker_enclave		observed
c5-timing-event-v1	C5	asyncs	measured	dynamic-html-derived-v1	41	1	c6c0694b31554f2880694b31559f28bf	AF400	5	enclave_tsc_same_invocation	53480622996463	cycles		sgx_worker_enclave		observed
c5-timing-event-v1	C5	asyncs	measured	dynamic-html-derived-v1	41	1	c6c0694b31554f2880694b31559f28bf	AF410	6	enclave_tsc_same_invocation	53481504738711	cycles		sgx_worker_enclave		observed
c5-timing-event-v1	C5	asyncs	measured	dynamic-html-derived-v1	41	1	c6c0694b31554f2880694b31559f28bf	AO400	7	enclave_tsc_same_invocation	53481506769774	cycles		sgx_worker_enclave		observed
c5-timing-event-v1	C5	asyncs	measured	dynamic-html-derived-v1	41	1	c6c0694b31554f2880694b31559f28bf	AO410	8	enclave_tsc_same_invocation	53481507392672	cycles		sgx_worker_enclave		observed
c5-timing-event-v1	C5	asyncs	measured	dynamic-html-derived-v1	41	1	c6c0694b31554f2880694b31559f28bf	AO420	9	enclave_tsc_same_invocation	53481507393545	cycles		sgx_worker_enclave		observed
c5-timing-event-v1	C5	asyncs	measured	dynamic-html-derived-v1	41	1	c6c0694b31554f2880694b31559f28bf	AO430	10	enclave_tsc_same_invocation	53481507402772	cycles		sgx_worker_enclave		observed
c5-timing-event-v1	C5	asyncs	measured	dynamic-html-derived-v1	41	1	c6c0694b31554f2880694b31559f28bf	A400	400	monotonic_ns_same_process	19794941366651	ns		asyncs_worker		observed
c5-timing-event-v1	C5	asyncs	measured	dynamic-html-derived-v1	41	1	c6c0694b31554f2880694b31559f28bf	A410	410	monotonic_ns_same_process	19795276776212	ns		asyncs_worker		observed
c5-timing-event-v1	C5	asyncs	measured	dynamic-html-derived-v1	42	1	cb8358a2adef48f08358a2adefe8f097	AI400	1	enclave_tsc_same_invocation	53480807974331	cycles		sgx_worker_enclave		observed
c5-timing-event-v1	C5	asyncs	measured	dynamic-html-derived-v1	42	1	cb8358a2adef48f08358a2adefe8f097	AI410	2	enclave_tsc_same_invocation	53480819416991	cycles		sgx_worker_enclave		observed
c5-timing-event-v1	C5	asyncs	measured	dynamic-html-derived-v1	42	1	cb8358a2adef48f08358a2adefe8f097	AI420	3	enclave_tsc_same_invocation	53480819417892	cycles		sgx_worker_enclave		observed
c5-timing-event-v1	C5	asyncs	measured	dynamic-html-derived-v1	42	1	cb8358a2adef48f08358a2adefe8f097	AI430	4	enclave_tsc_same_invocation	53480819421746	cycles		sgx_worker_enclave		observed
c5-timing-event-v1	C5	asyncs	measured	dynamic-html-derived-v1	42	1	cb8358a2adef48f08358a2adefe8f097	AF400	5	enclave_tsc_same_invocation	53480857276851	cycles		sgx_worker_enclave		observed
c5-timing-event-v1	C5	asyncs	measured	dynamic-html-derived-v1	42	1	cb8358a2adef48f08358a2adefe8f097	AF410	6	enclave_tsc_same_invocation	53482177904160	cycles		sgx_worker_enclave		observed
c5-timing-event-v1	C5	asyncs	measured	dynamic-html-derived-v1	42	1	cb8358a2adef48f08358a2adefe8f097	AO400	7	enclave_tsc_same_invocation	53482180241274	cycles		sgx_worker_enclave		observed
c5-timing-event-v1	C5	asyncs	measured	dynamic-html-derived-v1	42	1	cb8358a2adef48f08358a2adefe8f097	AO410	8	enclave_tsc_same_invocation	53482181332789	cycles		sgx_worker_enclave		observed
c5-timing-event-v1	C5	asyncs	measured	dynamic-html-derived-v1	42	1	cb8358a2adef48f08358a2adefe8f097	AO420	9	enclave_tsc_same_invocation	53482181333819	cycles		sgx_worker_enclave		observed
c5-timing-event-v1	C5	asyncs	measured	dynamic-html-derived-v1	42	1	cb8358a2adef48f08358a2adefe8f097	AO430	10	enclave_tsc_same_invocation	53482181347444	cycles		sgx_worker_enclave		observed
c5-timing-event-v1	C5	asyncs	measured	dynamic-html-derived-v1	42	1	cb8358a2adef48f08358a2adefe8f097	A400	400	monotonic_ns_same_process	19794178440240	ns		asyncs_worker		observed
c5-timing-event-v1	C5	asyncs	measured	dynamic-html-derived-v1	42	1	cb8358a2adef48f08358a2adefe8f097	A410	410	monotonic_ns_same_process	19794689065149	ns		asyncs_worker		observed
c5-timing-event-v1	C5	asyncs	measured	dynamic-html-derived-v1	43	1	c455b90829334b0895b90829337b089a	AI400	1	enclave_tsc_same_invocation	53481683300650	cycles		sgx_worker_enclave		observed
c5-timing-event-v1	C5	asyncs	measured	dynamic-html-derived-v1	43	1	c455b90829334b0895b90829337b089a	AI410	2	enclave_tsc_same_invocation	53481695091411	cycles		sgx_worker_enclave		observed
c5-timing-event-v1	C5	asyncs	measured	dynamic-html-derived-v1	43	1	c455b90829334b0895b90829337b089a	AI420	3	enclave_tsc_same_invocation	53481695092407	cycles		sgx_worker_enclave		observed
c5-timing-event-v1	C5	asyncs	measured	dynamic-html-derived-v1	43	1	c455b90829334b0895b90829337b089a	AI430	4	enclave_tsc_same_invocation	53481695096848	cycles		sgx_worker_enclave		observed
c5-timing-event-v1	C5	asyncs	measured	dynamic-html-derived-v1	43	1	c455b90829334b0895b90829337b089a	AF400	5	enclave_tsc_same_invocation	53481710567340	cycles		sgx_worker_enclave		observed
c5-timing-event-v1	C5	asyncs	measured	dynamic-html-derived-v1	43	1	c455b90829334b0895b90829337b089a	AF410	6	enclave_tsc_same_invocation	53482587067895	cycles		sgx_worker_enclave		observed
c5-timing-event-v1	C5	asyncs	measured	dynamic-html-derived-v1	43	1	c455b90829334b0895b90829337b089a	AO400	7	enclave_tsc_same_invocation	53482589024463	cycles		sgx_worker_enclave		observed
c5-timing-event-v1	C5	asyncs	measured	dynamic-html-derived-v1	43	1	c455b90829334b0895b90829337b089a	AO410	8	enclave_tsc_same_invocation	53482589625904	cycles		sgx_worker_enclave		observed
c5-timing-event-v1	C5	asyncs	measured	dynamic-html-derived-v1	43	1	c455b90829334b0895b90829337b089a	AO420	9	enclave_tsc_same_invocation	53482589626612	cycles		sgx_worker_enclave		observed
c5-timing-event-v1	C5	asyncs	measured	dynamic-html-derived-v1	43	1	c455b90829334b0895b90829337b089a	AO430	10	enclave_tsc_same_invocation	53482589635516	cycles		sgx_worker_enclave		observed
c5-timing-event-v1	C5	asyncs	measured	dynamic-html-derived-v1	43	1	c455b90829334b0895b90829337b089a	A400	400	monotonic_ns_same_process	19795340231194	ns		asyncs_worker		observed
c5-timing-event-v1	C5	asyncs	measured	dynamic-html-derived-v1	43	1	c455b90829334b0895b90829337b089a	A410	410	monotonic_ns_same_process	19795677607456	ns		asyncs_worker		observed
c5-timing-event-v1	C5	asyncs	measured	dynamic-html-derived-v1	44	1	5c2e8880ccec4572ae8880ccec55722a	AI400	1	enclave_tsc_same_invocation	53481111819988	cycles		sgx_worker_enclave		observed
c5-timing-event-v1	C5	asyncs	measured	dynamic-html-derived-v1	44	1	5c2e8880ccec4572ae8880ccec55722a	AI410	2	enclave_tsc_same_invocation	53481123340977	cycles		sgx_worker_enclave		observed
c5-timing-event-v1	C5	asyncs	measured	dynamic-html-derived-v1	44	1	5c2e8880ccec4572ae8880ccec55722a	AI420	3	enclave_tsc_same_invocation	53481123341892	cycles		sgx_worker_enclave		observed
c5-timing-event-v1	C5	asyncs	measured	dynamic-html-derived-v1	44	1	5c2e8880ccec4572ae8880ccec55722a	AI430	4	enclave_tsc_same_invocation	53481123346122	cycles		sgx_worker_enclave		observed
c5-timing-event-v1	C5	asyncs	measured	dynamic-html-derived-v1	44	1	5c2e8880ccec4572ae8880ccec55722a	AF400	5	enclave_tsc_same_invocation	53481143235871	cycles		sgx_worker_enclave		observed
c5-timing-event-v1	C5	asyncs	measured	dynamic-html-derived-v1	44	1	5c2e8880ccec4572ae8880ccec55722a	AF410	6	enclave_tsc_same_invocation	53482463493454	cycles		sgx_worker_enclave		observed
c5-timing-event-v1	C5	asyncs	measured	dynamic-html-derived-v1	44	1	5c2e8880ccec4572ae8880ccec55722a	AO400	7	enclave_tsc_same_invocation	53482465547637	cycles		sgx_worker_enclave		observed
c5-timing-event-v1	C5	asyncs	measured	dynamic-html-derived-v1	44	1	5c2e8880ccec4572ae8880ccec55722a	AO410	8	enclave_tsc_same_invocation	53482466134088	cycles		sgx_worker_enclave		observed
c5-timing-event-v1	C5	asyncs	measured	dynamic-html-derived-v1	44	1	5c2e8880ccec4572ae8880ccec55722a	AO420	9	enclave_tsc_same_invocation	53482466134962	cycles		sgx_worker_enclave		observed
c5-timing-event-v1	C5	asyncs	measured	dynamic-html-derived-v1	44	1	5c2e8880ccec4572ae8880ccec55722a	AO430	10	enclave_tsc_same_invocation	53482466144507	cycles		sgx_worker_enclave		observed
c5-timing-event-v1	C5	asyncs	measured	dynamic-html-derived-v1	44	1	5c2e8880ccec4572ae8880ccec55722a	A400	400	monotonic_ns_same_process	19794291061905	ns		asyncs_worker		observed
c5-timing-event-v1	C5	asyncs	measured	dynamic-html-derived-v1	44	1	5c2e8880ccec4572ae8880ccec55722a	A410	410	monotonic_ns_same_process	19794794522980	ns		asyncs_worker		observed
c5-timing-event-v1	C5	asyncs	measured	dynamic-html-derived-v1	45	1	21d184a0428f4d159184a0428f6d157a	AI400	1	enclave_tsc_same_invocation	53482950940366	cycles		sgx_worker_enclave		observed
c5-timing-event-v1	C5	asyncs	measured	dynamic-html-derived-v1	45	1	21d184a0428f4d159184a0428f6d157a	AI410	2	enclave_tsc_same_invocation	53482957394718	cycles		sgx_worker_enclave		observed
c5-timing-event-v1	C5	asyncs	measured	dynamic-html-derived-v1	45	1	21d184a0428f4d159184a0428f6d157a	AI420	3	enclave_tsc_same_invocation	53482957395256	cycles		sgx_worker_enclave		observed
c5-timing-event-v1	C5	asyncs	measured	dynamic-html-derived-v1	45	1	21d184a0428f4d159184a0428f6d157a	AI430	4	enclave_tsc_same_invocation	53482957397963	cycles		sgx_worker_enclave		observed
c5-timing-event-v1	C5	asyncs	measured	dynamic-html-derived-v1	45	1	21d184a0428f4d159184a0428f6d157a	AF400	5	enclave_tsc_same_invocation	53482969176598	cycles		sgx_worker_enclave		observed
c5-timing-event-v1	C5	asyncs	measured	dynamic-html-derived-v1	45	1	21d184a0428f4d159184a0428f6d157a	AF410	6	enclave_tsc_same_invocation	53483846440310	cycles		sgx_worker_enclave		observed
c5-timing-event-v1	C5	asyncs	measured	dynamic-html-derived-v1	45	1	21d184a0428f4d159184a0428f6d157a	AO400	7	enclave_tsc_same_invocation	53483848489376	cycles		sgx_worker_enclave		observed
c5-timing-event-v1	C5	asyncs	measured	dynamic-html-derived-v1	45	1	21d184a0428f4d159184a0428f6d157a	AO410	8	enclave_tsc_same_invocation	53483849092851	cycles		sgx_worker_enclave		observed
c5-timing-event-v1	C5	asyncs	measured	dynamic-html-derived-v1	45	1	21d184a0428f4d159184a0428f6d157a	AO420	9	enclave_tsc_same_invocation	53483849093620	cycles		sgx_worker_enclave		observed
c5-timing-event-v1	C5	asyncs	measured	dynamic-html-derived-v1	45	1	21d184a0428f4d159184a0428f6d157a	AO430	10	enclave_tsc_same_invocation	53483849102278	cycles		sgx_worker_enclave		observed
c5-timing-event-v1	C5	asyncs	measured	dynamic-html-derived-v1	45	1	21d184a0428f4d159184a0428f6d157a	A400	400	monotonic_ns_same_process	19795810355538	ns		asyncs_worker		observed
c5-timing-event-v1	C5	asyncs	measured	dynamic-html-derived-v1	45	1	21d184a0428f4d159184a0428f6d157a	A410	410	monotonic_ns_same_process	19796144103506	ns		asyncs_worker		observed
c5-timing-event-v1	C5	asyncs	measured	dynamic-html-derived-v1	46	1	9e4621bb2f3441108621bb2f3461103e	AI400	1	enclave_tsc_same_invocation	53482699883744	cycles		sgx_worker_enclave		observed
c5-timing-event-v1	C5	asyncs	measured	dynamic-html-derived-v1	46	1	9e4621bb2f3441108621bb2f3461103e	AI410	2	enclave_tsc_same_invocation	53482706341036	cycles		sgx_worker_enclave		observed
c5-timing-event-v1	C5	asyncs	measured	dynamic-html-derived-v1	46	1	9e4621bb2f3441108621bb2f3461103e	AI420	3	enclave_tsc_same_invocation	53482706341552	cycles		sgx_worker_enclave		observed
c5-timing-event-v1	C5	asyncs	measured	dynamic-html-derived-v1	46	1	9e4621bb2f3441108621bb2f3461103e	AI430	4	enclave_tsc_same_invocation	53482706344149	cycles		sgx_worker_enclave		observed
c5-timing-event-v1	C5	asyncs	measured	dynamic-html-derived-v1	46	1	9e4621bb2f3441108621bb2f3461103e	AF400	5	enclave_tsc_same_invocation	53482718216055	cycles		sgx_worker_enclave		observed
c5-timing-event-v1	C5	asyncs	measured	dynamic-html-derived-v1	46	1	9e4621bb2f3441108621bb2f3461103e	AF410	6	enclave_tsc_same_invocation	53483807623335	cycles		sgx_worker_enclave		observed
c5-timing-event-v1	C5	asyncs	measured	dynamic-html-derived-v1	46	1	9e4621bb2f3441108621bb2f3461103e	AO400	7	enclave_tsc_same_invocation	53483809963834	cycles		sgx_worker_enclave		observed
c5-timing-event-v1	C5	asyncs	measured	dynamic-html-derived-v1	46	1	9e4621bb2f3441108621bb2f3461103e	AO410	8	enclave_tsc_same_invocation	53483810974885	cycles		sgx_worker_enclave		observed
c5-timing-event-v1	C5	asyncs	measured	dynamic-html-derived-v1	46	1	9e4621bb2f3441108621bb2f3461103e	AO420	9	enclave_tsc_same_invocation	53483810976057	cycles		sgx_worker_enclave		observed
c5-timing-event-v1	C5	asyncs	measured	dynamic-html-derived-v1	46	1	9e4621bb2f3441108621bb2f3461103e	AO430	10	enclave_tsc_same_invocation	53483810991877	cycles		sgx_worker_enclave		observed
c5-timing-event-v1	C5	asyncs	measured	dynamic-html-derived-v1	46	1	9e4621bb2f3441108621bb2f3461103e	A400	400	monotonic_ns_same_process	19794879917591	ns		asyncs_worker		observed
c5-timing-event-v1	C5	asyncs	measured	dynamic-html-derived-v1	46	1	9e4621bb2f3441108621bb2f3461103e	A410	410	monotonic_ns_same_process	19795292649397	ns		asyncs_worker		observed
c5-timing-event-v1	C5	asyncs	measured	dynamic-html-derived-v1	47	1	a82746999e4e407fa746999e4e607fc8	AI400	1	enclave_tsc_same_invocation	53483191970317	cycles		sgx_worker_enclave		observed
c5-timing-event-v1	C5	asyncs	measured	dynamic-html-derived-v1	47	1	a82746999e4e407fa746999e4e607fc8	AI410	2	enclave_tsc_same_invocation	53483203475300	cycles		sgx_worker_enclave		observed
c5-timing-event-v1	C5	asyncs	measured	dynamic-html-derived-v1	47	1	a82746999e4e407fa746999e4e607fc8	AI420	3	enclave_tsc_same_invocation	53483203476194	cycles		sgx_worker_enclave		observed
c5-timing-event-v1	C5	asyncs	measured	dynamic-html-derived-v1	47	1	a82746999e4e407fa746999e4e607fc8	AI430	4	enclave_tsc_same_invocation	53483203479808	cycles		sgx_worker_enclave		observed
c5-timing-event-v1	C5	asyncs	measured	dynamic-html-derived-v1	47	1	a82746999e4e407fa746999e4e607fc8	AF400	5	enclave_tsc_same_invocation	53483223522622	cycles		sgx_worker_enclave		observed
c5-timing-event-v1	C5	asyncs	measured	dynamic-html-derived-v1	47	1	a82746999e4e407fa746999e4e607fc8	AF410	6	enclave_tsc_same_invocation	53484574811163	cycles		sgx_worker_enclave		observed
c5-timing-event-v1	C5	asyncs	measured	dynamic-html-derived-v1	47	1	a82746999e4e407fa746999e4e607fc8	AO400	7	enclave_tsc_same_invocation	53484577052663	cycles		sgx_worker_enclave		observed
c5-timing-event-v1	C5	asyncs	measured	dynamic-html-derived-v1	47	1	a82746999e4e407fa746999e4e607fc8	AO410	8	enclave_tsc_same_invocation	53484578082931	cycles		sgx_worker_enclave		observed
c5-timing-event-v1	C5	asyncs	measured	dynamic-html-derived-v1	47	1	a82746999e4e407fa746999e4e607fc8	AO420	9	enclave_tsc_same_invocation	53484578084162	cycles		sgx_worker_enclave		observed
c5-timing-event-v1	C5	asyncs	measured	dynamic-html-derived-v1	47	1	a82746999e4e407fa746999e4e607fc8	AO430	10	enclave_tsc_same_invocation	53484578099167	cycles		sgx_worker_enclave		observed
c5-timing-event-v1	C5	asyncs	measured	dynamic-html-derived-v1	47	1	a82746999e4e407fa746999e4e607fc8	A400	400	monotonic_ns_same_process	19795061516138	ns		asyncs_worker		observed
c5-timing-event-v1	C5	asyncs	measured	dynamic-html-derived-v1	47	1	a82746999e4e407fa746999e4e607fc8	A410	410	monotonic_ns_same_process	19795576787952	ns		asyncs_worker		observed
c5-timing-event-v1	C5	asyncs	measured	dynamic-html-derived-v1	48	1	2406f6d0028343a786f6d0028383a701	AI400	1	enclave_tsc_same_invocation	53483982964855	cycles		sgx_worker_enclave		observed
c5-timing-event-v1	C5	asyncs	measured	dynamic-html-derived-v1	48	1	2406f6d0028343a786f6d0028383a701	AI410	2	enclave_tsc_same_invocation	53483989316567	cycles		sgx_worker_enclave		observed
c5-timing-event-v1	C5	asyncs	measured	dynamic-html-derived-v1	48	1	2406f6d0028343a786f6d0028383a701	AI420	3	enclave_tsc_same_invocation	53483989317077	cycles		sgx_worker_enclave		observed
c5-timing-event-v1	C5	asyncs	measured	dynamic-html-derived-v1	48	1	2406f6d0028343a786f6d0028383a701	AI430	4	enclave_tsc_same_invocation	53483989319788	cycles		sgx_worker_enclave		observed
c5-timing-event-v1	C5	asyncs	measured	dynamic-html-derived-v1	48	1	2406f6d0028343a786f6d0028383a701	AF400	5	enclave_tsc_same_invocation	53484002633690	cycles		sgx_worker_enclave		observed
c5-timing-event-v1	C5	asyncs	measured	dynamic-html-derived-v1	48	1	2406f6d0028343a786f6d0028383a701	AF410	6	enclave_tsc_same_invocation	53484874522342	cycles		sgx_worker_enclave		observed
c5-timing-event-v1	C5	asyncs	measured	dynamic-html-derived-v1	48	1	2406f6d0028343a786f6d0028383a701	AO400	7	enclave_tsc_same_invocation	53484876603544	cycles		sgx_worker_enclave		observed
c5-timing-event-v1	C5	asyncs	measured	dynamic-html-derived-v1	48	1	2406f6d0028343a786f6d0028383a701	AO410	8	enclave_tsc_same_invocation	53484877202108	cycles		sgx_worker_enclave		observed
c5-timing-event-v1	C5	asyncs	measured	dynamic-html-derived-v1	48	1	2406f6d0028343a786f6d0028383a701	AO420	9	enclave_tsc_same_invocation	53484877202935	cycles		sgx_worker_enclave		observed
c5-timing-event-v1	C5	asyncs	measured	dynamic-html-derived-v1	48	1	2406f6d0028343a786f6d0028383a701	AO430	10	enclave_tsc_same_invocation	53484877212483	cycles		sgx_worker_enclave		observed
c5-timing-event-v1	C5	asyncs	measured	dynamic-html-derived-v1	48	1	2406f6d0028343a786f6d0028383a701	A400	400	monotonic_ns_same_process	19796192576930	ns		asyncs_worker		observed
c5-timing-event-v1	C5	asyncs	measured	dynamic-html-derived-v1	48	1	2406f6d0028343a786f6d0028383a701	A410	410	monotonic_ns_same_process	19796524878170	ns		asyncs_worker		observed
c5-timing-event-v1	C5	asyncs	measured	dynamic-html-derived-v1	49	1	7a0c6f9459f142fb8c6f9459f1b2fbc1	AI400	1	enclave_tsc_same_invocation	53483951353299	cycles		sgx_worker_enclave		observed
c5-timing-event-v1	C5	asyncs	measured	dynamic-html-derived-v1	49	1	7a0c6f9459f142fb8c6f9459f1b2fbc1	AI410	2	enclave_tsc_same_invocation	53483962834410	cycles		sgx_worker_enclave		observed
c5-timing-event-v1	C5	asyncs	measured	dynamic-html-derived-v1	49	1	7a0c6f9459f142fb8c6f9459f1b2fbc1	AI420	3	enclave_tsc_same_invocation	53483962835270	cycles		sgx_worker_enclave		observed
c5-timing-event-v1	C5	asyncs	measured	dynamic-html-derived-v1	49	1	7a0c6f9459f142fb8c6f9459f1b2fbc1	AI430	4	enclave_tsc_same_invocation	53483962838924	cycles		sgx_worker_enclave		observed
c5-timing-event-v1	C5	asyncs	measured	dynamic-html-derived-v1	49	1	7a0c6f9459f142fb8c6f9459f1b2fbc1	AF400	5	enclave_tsc_same_invocation	53483982650694	cycles		sgx_worker_enclave		observed
c5-timing-event-v1	C5	asyncs	measured	dynamic-html-derived-v1	49	1	7a0c6f9459f142fb8c6f9459f1b2fbc1	AF410	6	enclave_tsc_same_invocation	53485391992482	cycles		sgx_worker_enclave		observed
c5-timing-event-v1	C5	asyncs	measured	dynamic-html-derived-v1	49	1	7a0c6f9459f142fb8c6f9459f1b2fbc1	AO400	7	enclave_tsc_same_invocation	53485394265077	cycles		sgx_worker_enclave		observed
c5-timing-event-v1	C5	asyncs	measured	dynamic-html-derived-v1	49	1	7a0c6f9459f142fb8c6f9459f1b2fbc1	AO410	8	enclave_tsc_same_invocation	53485395352079	cycles		sgx_worker_enclave		observed
c5-timing-event-v1	C5	asyncs	measured	dynamic-html-derived-v1	49	1	7a0c6f9459f142fb8c6f9459f1b2fbc1	AO420	9	enclave_tsc_same_invocation	53485395353419	cycles		sgx_worker_enclave		observed
c5-timing-event-v1	C5	asyncs	measured	dynamic-html-derived-v1	49	1	7a0c6f9459f142fb8c6f9459f1b2fbc1	AO430	10	enclave_tsc_same_invocation	53485395368001	cycles		sgx_worker_enclave		observed
c5-timing-event-v1	C5	asyncs	measured	dynamic-html-derived-v1	49	1	7a0c6f9459f142fb8c6f9459f1b2fbc1	A400	400	monotonic_ns_same_process	19795342773929	ns		asyncs_worker		observed
c5-timing-event-v1	C5	asyncs	measured	dynamic-html-derived-v1	49	1	7a0c6f9459f142fb8c6f9459f1b2fbc1	A410	410	monotonic_ns_same_process	19795879475846	ns		asyncs_worker		observed
c5-timing-event-v1	C5	asyncs	measured	dynamic-html-derived-v1	50	1	ce83e82a48e0486583e82a48e07865c4	AI400	1	enclave_tsc_same_invocation	53485009449239	cycles		sgx_worker_enclave		observed
c5-timing-event-v1	C5	asyncs	measured	dynamic-html-derived-v1	50	1	ce83e82a48e0486583e82a48e07865c4	AI410	2	enclave_tsc_same_invocation	53485016862520	cycles		sgx_worker_enclave		observed
c5-timing-event-v1	C5	asyncs	measured	dynamic-html-derived-v1	50	1	ce83e82a48e0486583e82a48e07865c4	AI420	3	enclave_tsc_same_invocation	53485016863075	cycles		sgx_worker_enclave		observed
c5-timing-event-v1	C5	asyncs	measured	dynamic-html-derived-v1	50	1	ce83e82a48e0486583e82a48e07865c4	AI430	4	enclave_tsc_same_invocation	53485016866509	cycles		sgx_worker_enclave		observed
c5-timing-event-v1	C5	asyncs	measured	dynamic-html-derived-v1	50	1	ce83e82a48e0486583e82a48e07865c4	AF400	5	enclave_tsc_same_invocation	53485028671177	cycles		sgx_worker_enclave		observed
c5-timing-event-v1	C5	asyncs	measured	dynamic-html-derived-v1	50	1	ce83e82a48e0486583e82a48e07865c4	AF410	6	enclave_tsc_same_invocation	53485907280614	cycles		sgx_worker_enclave		observed
c5-timing-event-v1	C5	asyncs	measured	dynamic-html-derived-v1	50	1	ce83e82a48e0486583e82a48e07865c4	AO400	7	enclave_tsc_same_invocation	53485909313739	cycles		sgx_worker_enclave		observed
c5-timing-event-v1	C5	asyncs	measured	dynamic-html-derived-v1	50	1	ce83e82a48e0486583e82a48e07865c4	AO410	8	enclave_tsc_same_invocation	53485909916463	cycles		sgx_worker_enclave		observed
c5-timing-event-v1	C5	asyncs	measured	dynamic-html-derived-v1	50	1	ce83e82a48e0486583e82a48e07865c4	AO420	9	enclave_tsc_same_invocation	53485909917200	cycles		sgx_worker_enclave		observed
c5-timing-event-v1	C5	asyncs	measured	dynamic-html-derived-v1	50	1	ce83e82a48e0486583e82a48e07865c4	AO430	10	enclave_tsc_same_invocation	53485909925812	cycles		sgx_worker_enclave		observed
c5-timing-event-v1	C5	asyncs	measured	dynamic-html-derived-v1	50	1	ce83e82a48e0486583e82a48e07865c4	A400	400	monotonic_ns_same_process	19796572762813	ns		asyncs_worker		observed
c5-timing-event-v1	C5	asyncs	measured	dynamic-html-derived-v1	50	1	ce83e82a48e0486583e82a48e07865c4	A410	410	monotonic_ns_same_process	19796907367436	ns		asyncs_worker		observed
c5-timing-event-v1	C5	asyncs	measured	dynamic-html-derived-v1	51	1	cfbe1806b23e4d94be1806b23e0d940b	AI400	1	enclave_tsc_same_invocation	53484757723872	cycles		sgx_worker_enclave		observed
c5-timing-event-v1	C5	asyncs	measured	dynamic-html-derived-v1	51	1	cfbe1806b23e4d94be1806b23e0d940b	AI410	2	enclave_tsc_same_invocation	53484767648498	cycles		sgx_worker_enclave		observed
c5-timing-event-v1	C5	asyncs	measured	dynamic-html-derived-v1	51	1	cfbe1806b23e4d94be1806b23e0d940b	AI420	3	enclave_tsc_same_invocation	53484767649410	cycles		sgx_worker_enclave		observed
c5-timing-event-v1	C5	asyncs	measured	dynamic-html-derived-v1	51	1	cfbe1806b23e4d94be1806b23e0d940b	AI430	4	enclave_tsc_same_invocation	53484767653542	cycles		sgx_worker_enclave		observed
c5-timing-event-v1	C5	asyncs	measured	dynamic-html-derived-v1	51	1	cfbe1806b23e4d94be1806b23e0d940b	AF400	5	enclave_tsc_same_invocation	53484787004186	cycles		sgx_worker_enclave		observed
c5-timing-event-v1	C5	asyncs	measured	dynamic-html-derived-v1	51	1	cfbe1806b23e4d94be1806b23e0d940b	AF410	6	enclave_tsc_same_invocation	53486036445962	cycles		sgx_worker_enclave		observed
c5-timing-event-v1	C5	asyncs	measured	dynamic-html-derived-v1	51	1	cfbe1806b23e4d94be1806b23e0d940b	AO400	7	enclave_tsc_same_invocation	53486038676925	cycles		sgx_worker_enclave		observed
c5-timing-event-v1	C5	asyncs	measured	dynamic-html-derived-v1	51	1	cfbe1806b23e4d94be1806b23e0d940b	AO410	8	enclave_tsc_same_invocation	53486039730573	cycles		sgx_worker_enclave		observed
c5-timing-event-v1	C5	asyncs	measured	dynamic-html-derived-v1	51	1	cfbe1806b23e4d94be1806b23e0d940b	AO420	9	enclave_tsc_same_invocation	53486039731476	cycles		sgx_worker_enclave		observed
c5-timing-event-v1	C5	asyncs	measured	dynamic-html-derived-v1	51	1	cfbe1806b23e4d94be1806b23e0d940b	AO430	10	enclave_tsc_same_invocation	53486039746384	cycles		sgx_worker_enclave		observed
c5-timing-event-v1	C5	asyncs	measured	dynamic-html-derived-v1	51	1	cfbe1806b23e4d94be1806b23e0d940b	A400	400	monotonic_ns_same_process	19795641667738	ns		asyncs_worker		observed
c5-timing-event-v1	C5	asyncs	measured	dynamic-html-derived-v1	51	1	cfbe1806b23e4d94be1806b23e0d940b	A410	410	monotonic_ns_same_process	19796118129364	ns		asyncs_worker		observed
c5-timing-event-v1	C5	asyncs	measured	dynamic-html-derived-v1	52	1	86cf984070e14d0e8f984070e1ad0e92	AI400	1	enclave_tsc_same_invocation	53486063366070	cycles		sgx_worker_enclave		observed
c5-timing-event-v1	C5	asyncs	measured	dynamic-html-derived-v1	52	1	86cf984070e14d0e8f984070e1ad0e92	AI410	2	enclave_tsc_same_invocation	53486074355802	cycles		sgx_worker_enclave		observed
c5-timing-event-v1	C5	asyncs	measured	dynamic-html-derived-v1	52	1	86cf984070e14d0e8f984070e1ad0e92	AI420	3	enclave_tsc_same_invocation	53486074357085	cycles		sgx_worker_enclave		observed
c5-timing-event-v1	C5	asyncs	measured	dynamic-html-derived-v1	52	1	86cf984070e14d0e8f984070e1ad0e92	AI430	4	enclave_tsc_same_invocation	53486074361061	cycles		sgx_worker_enclave		observed
c5-timing-event-v1	C5	asyncs	measured	dynamic-html-derived-v1	52	1	86cf984070e14d0e8f984070e1ad0e92	AF400	5	enclave_tsc_same_invocation	53486088790804	cycles		sgx_worker_enclave		observed
c5-timing-event-v1	C5	asyncs	measured	dynamic-html-derived-v1	52	1	86cf984070e14d0e8f984070e1ad0e92	AF410	6	enclave_tsc_same_invocation	53486965200572	cycles		sgx_worker_enclave		observed
c5-timing-event-v1	C5	asyncs	measured	dynamic-html-derived-v1	52	1	86cf984070e14d0e8f984070e1ad0e92	AO400	7	enclave_tsc_same_invocation	53486967134136	cycles		sgx_worker_enclave		observed
c5-timing-event-v1	C5	asyncs	measured	dynamic-html-derived-v1	52	1	86cf984070e14d0e8f984070e1ad0e92	AO410	8	enclave_tsc_same_invocation	53486967794419	cycles		sgx_worker_enclave		observed
c5-timing-event-v1	C5	asyncs	measured	dynamic-html-derived-v1	52	1	86cf984070e14d0e8f984070e1ad0e92	AO420	9	enclave_tsc_same_invocation	53486967795385	cycles		sgx_worker_enclave		observed
c5-timing-event-v1	C5	asyncs	measured	dynamic-html-derived-v1	52	1	86cf984070e14d0e8f984070e1ad0e92	AO430	10	enclave_tsc_same_invocation	53486967809878	cycles		sgx_worker_enclave		observed
c5-timing-event-v1	C5	asyncs	measured	dynamic-html-derived-v1	52	1	86cf984070e14d0e8f984070e1ad0e92	A400	400	monotonic_ns_same_process	19796962366013	ns		asyncs_worker		observed
c5-timing-event-v1	C5	asyncs	measured	dynamic-html-derived-v1	52	1	86cf984070e14d0e8f984070e1ad0e92	A410	410	monotonic_ns_same_process	19797299197807	ns		asyncs_worker		observed
c5-timing-event-v1	C5	asyncs	measured	dynamic-html-derived-v1	53	1	660d2c14c64943278d2c14c649e3273d	AI400	1	enclave_tsc_same_invocation	53485621673367	cycles		sgx_worker_enclave		observed
c5-timing-event-v1	C5	asyncs	measured	dynamic-html-derived-v1	53	1	660d2c14c64943278d2c14c649e3273d	AI410	2	enclave_tsc_same_invocation	53485633229605	cycles		sgx_worker_enclave		observed
c5-timing-event-v1	C5	asyncs	measured	dynamic-html-derived-v1	53	1	660d2c14c64943278d2c14c649e3273d	AI420	3	enclave_tsc_same_invocation	53485633230443	cycles		sgx_worker_enclave		observed
c5-timing-event-v1	C5	asyncs	measured	dynamic-html-derived-v1	53	1	660d2c14c64943278d2c14c649e3273d	AI430	4	enclave_tsc_same_invocation	53485633234504	cycles		sgx_worker_enclave		observed
c5-timing-event-v1	C5	asyncs	measured	dynamic-html-derived-v1	53	1	660d2c14c64943278d2c14c649e3273d	AF400	5	enclave_tsc_same_invocation	53485653367337	cycles		sgx_worker_enclave		observed
c5-timing-event-v1	C5	asyncs	measured	dynamic-html-derived-v1	53	1	660d2c14c64943278d2c14c649e3273d	AF410	6	enclave_tsc_same_invocation	53487028998327	cycles		sgx_worker_enclave		observed
c5-timing-event-v1	C5	asyncs	measured	dynamic-html-derived-v1	53	1	660d2c14c64943278d2c14c649e3273d	AO400	7	enclave_tsc_same_invocation	53487031231179	cycles		sgx_worker_enclave		observed
c5-timing-event-v1	C5	asyncs	measured	dynamic-html-derived-v1	53	1	660d2c14c64943278d2c14c649e3273d	AO410	8	enclave_tsc_same_invocation	53487032354275	cycles		sgx_worker_enclave		observed
c5-timing-event-v1	C5	asyncs	measured	dynamic-html-derived-v1	53	1	660d2c14c64943278d2c14c649e3273d	AO420	9	enclave_tsc_same_invocation	53487032355469	cycles		sgx_worker_enclave		observed
c5-timing-event-v1	C5	asyncs	measured	dynamic-html-derived-v1	53	1	660d2c14c64943278d2c14c649e3273d	AO430	10	enclave_tsc_same_invocation	53487032369592	cycles		sgx_worker_enclave		observed
c5-timing-event-v1	C5	asyncs	measured	dynamic-html-derived-v1	53	1	660d2c14c64943278d2c14c649e3273d	A400	400	monotonic_ns_same_process	19795961528428	ns		asyncs_worker		observed
c5-timing-event-v1	C5	asyncs	measured	dynamic-html-derived-v1	53	1	660d2c14c64943278d2c14c649e3273d	A410	410	monotonic_ns_same_process	19796485785410	ns		asyncs_worker		observed
c5-timing-event-v1	C5	asyncs	measured	dynamic-html-derived-v1	54	1	1fde32c25cc3476f9e32c25cc3c76ff6	AI400	1	enclave_tsc_same_invocation	53486216655093	cycles		sgx_worker_enclave		observed
c5-timing-event-v1	C5	asyncs	measured	dynamic-html-derived-v1	54	1	1fde32c25cc3476f9e32c25cc3c76ff6	AI410	2	enclave_tsc_same_invocation	53486227903444	cycles		sgx_worker_enclave		observed
c5-timing-event-v1	C5	asyncs	measured	dynamic-html-derived-v1	54	1	1fde32c25cc3476f9e32c25cc3c76ff6	AI420	3	enclave_tsc_same_invocation	53486227905373	cycles		sgx_worker_enclave		observed
c5-timing-event-v1	C5	asyncs	measured	dynamic-html-derived-v1	54	1	1fde32c25cc3476f9e32c25cc3c76ff6	AI430	4	enclave_tsc_same_invocation	53486227909246	cycles		sgx_worker_enclave		observed
c5-timing-event-v1	C5	asyncs	measured	dynamic-html-derived-v1	54	1	1fde32c25cc3476f9e32c25cc3c76ff6	AF400	5	enclave_tsc_same_invocation	53486247534126	cycles		sgx_worker_enclave		observed
c5-timing-event-v1	C5	asyncs	measured	dynamic-html-derived-v1	54	1	1fde32c25cc3476f9e32c25cc3c76ff6	AF410	6	enclave_tsc_same_invocation	53487568476351	cycles		sgx_worker_enclave		observed
c5-timing-event-v1	C5	asyncs	measured	dynamic-html-derived-v1	54	1	1fde32c25cc3476f9e32c25cc3c76ff6	AO400	7	enclave_tsc_same_invocation	53487570732813	cycles		sgx_worker_enclave		observed
c5-timing-event-v1	C5	asyncs	measured	dynamic-html-derived-v1	54	1	1fde32c25cc3476f9e32c25cc3c76ff6	AO410	8	enclave_tsc_same_invocation	53487571805303	cycles		sgx_worker_enclave		observed
c5-timing-event-v1	C5	asyncs	measured	dynamic-html-derived-v1	54	1	1fde32c25cc3476f9e32c25cc3c76ff6	AO420	9	enclave_tsc_same_invocation	53487571806326	cycles		sgx_worker_enclave		observed
c5-timing-event-v1	C5	asyncs	measured	dynamic-html-derived-v1	54	1	1fde32c25cc3476f9e32c25cc3c76ff6	AO430	10	enclave_tsc_same_invocation	53487571820591	cycles		sgx_worker_enclave		observed
c5-timing-event-v1	C5	asyncs	measured	dynamic-html-derived-v1	54	1	1fde32c25cc3476f9e32c25cc3c76ff6	A400	400	monotonic_ns_same_process	19796181942575	ns		asyncs_worker		observed
c5-timing-event-v1	C5	asyncs	measured	dynamic-html-derived-v1	54	1	1fde32c25cc3476f9e32c25cc3c76ff6	A410	410	monotonic_ns_same_process	19796685596389	ns		asyncs_worker		observed
c5-timing-event-v1	C5	asyncs	measured	dynamic-html-derived-v1	55	1	fcd468360a2f43d39468360a2f53d349	AI400	1	enclave_tsc_same_invocation	53487107425974	cycles		sgx_worker_enclave		observed
c5-timing-event-v1	C5	asyncs	measured	dynamic-html-derived-v1	55	1	fcd468360a2f43d39468360a2f53d349	AI410	2	enclave_tsc_same_invocation	53487113951916	cycles		sgx_worker_enclave		observed
c5-timing-event-v1	C5	asyncs	measured	dynamic-html-derived-v1	55	1	fcd468360a2f43d39468360a2f53d349	AI420	3	enclave_tsc_same_invocation	53487113952472	cycles		sgx_worker_enclave		observed
c5-timing-event-v1	C5	asyncs	measured	dynamic-html-derived-v1	55	1	fcd468360a2f43d39468360a2f53d349	AI430	4	enclave_tsc_same_invocation	53487113955193	cycles		sgx_worker_enclave		observed
c5-timing-event-v1	C5	asyncs	measured	dynamic-html-derived-v1	55	1	fcd468360a2f43d39468360a2f53d349	AF400	5	enclave_tsc_same_invocation	53487125547494	cycles		sgx_worker_enclave		observed
c5-timing-event-v1	C5	asyncs	measured	dynamic-html-derived-v1	55	1	fcd468360a2f43d39468360a2f53d349	AF410	6	enclave_tsc_same_invocation	53487999174701	cycles		sgx_worker_enclave		observed
c5-timing-event-v1	C5	asyncs	measured	dynamic-html-derived-v1	55	1	fcd468360a2f43d39468360a2f53d349	AO400	7	enclave_tsc_same_invocation	53488001196564	cycles		sgx_worker_enclave		observed
c5-timing-event-v1	C5	asyncs	measured	dynamic-html-derived-v1	55	1	fcd468360a2f43d39468360a2f53d349	AO410	8	enclave_tsc_same_invocation	53488001845021	cycles		sgx_worker_enclave		observed
c5-timing-event-v1	C5	asyncs	measured	dynamic-html-derived-v1	55	1	fcd468360a2f43d39468360a2f53d349	AO420	9	enclave_tsc_same_invocation	53488001845890	cycles		sgx_worker_enclave		observed
c5-timing-event-v1	C5	asyncs	measured	dynamic-html-derived-v1	55	1	fcd468360a2f43d39468360a2f53d349	AO430	10	enclave_tsc_same_invocation	53488001855290	cycles		sgx_worker_enclave		observed
c5-timing-event-v1	C5	asyncs	measured	dynamic-html-derived-v1	55	1	fcd468360a2f43d39468360a2f53d349	A400	400	monotonic_ns_same_process	19797349821874	ns		asyncs_worker		observed
c5-timing-event-v1	C5	asyncs	measured	dynamic-html-derived-v1	55	1	fcd468360a2f43d39468360a2f53d349	A410	410	monotonic_ns_same_process	19797682181626	ns		asyncs_worker		observed
c5-timing-event-v1	C5	asyncs	measured	dynamic-html-derived-v1	56	1	9eaadfea011b4ba7aadfea011b7ba788	AI400	1	enclave_tsc_same_invocation	53487231413017	cycles		sgx_worker_enclave		observed
c5-timing-event-v1	C5	asyncs	measured	dynamic-html-derived-v1	56	1	9eaadfea011b4ba7aadfea011b7ba788	AI410	2	enclave_tsc_same_invocation	53487266016231	cycles		sgx_worker_enclave		observed
c5-timing-event-v1	C5	asyncs	measured	dynamic-html-derived-v1	56	1	9eaadfea011b4ba7aadfea011b7ba788	AI420	3	enclave_tsc_same_invocation	53487266017689	cycles		sgx_worker_enclave		observed
c5-timing-event-v1	C5	asyncs	measured	dynamic-html-derived-v1	56	1	9eaadfea011b4ba7aadfea011b7ba788	AI430	4	enclave_tsc_same_invocation	53487266020778	cycles		sgx_worker_enclave		observed
c5-timing-event-v1	C5	asyncs	measured	dynamic-html-derived-v1	56	1	9eaadfea011b4ba7aadfea011b7ba788	AF400	5	enclave_tsc_same_invocation	53487285257072	cycles		sgx_worker_enclave		observed
c5-timing-event-v1	C5	asyncs	measured	dynamic-html-derived-v1	56	1	9eaadfea011b4ba7aadfea011b7ba788	AF410	6	enclave_tsc_same_invocation	53488626763136	cycles		sgx_worker_enclave		observed
c5-timing-event-v1	C5	asyncs	measured	dynamic-html-derived-v1	56	1	9eaadfea011b4ba7aadfea011b7ba788	AO400	7	enclave_tsc_same_invocation	53488629027001	cycles		sgx_worker_enclave		observed
c5-timing-event-v1	C5	asyncs	measured	dynamic-html-derived-v1	56	1	9eaadfea011b4ba7aadfea011b7ba788	AO410	8	enclave_tsc_same_invocation	53488630140570	cycles		sgx_worker_enclave		observed
c5-timing-event-v1	C5	asyncs	measured	dynamic-html-derived-v1	56	1	9eaadfea011b4ba7aadfea011b7ba788	AO420	9	enclave_tsc_same_invocation	53488630141650	cycles		sgx_worker_enclave		observed
c5-timing-event-v1	C5	asyncs	measured	dynamic-html-derived-v1	56	1	9eaadfea011b4ba7aadfea011b7ba788	AO430	10	enclave_tsc_same_invocation	53488630155534	cycles		sgx_worker_enclave		observed
c5-timing-event-v1	C5	asyncs	measured	dynamic-html-derived-v1	56	1	9eaadfea011b4ba7aadfea011b7ba788	A400	400	monotonic_ns_same_process	19796557839152	ns		asyncs_worker		observed
c5-timing-event-v1	C5	asyncs	measured	dynamic-html-derived-v1	56	1	9eaadfea011b4ba7aadfea011b7ba788	A410	410	monotonic_ns_same_process	19797077568145	ns		asyncs_worker		observed
c5-timing-event-v1	C5	asyncs	measured	dynamic-html-derived-v1	57	1	d62f203807ff49b0af203807fff9b036	AI400	1	enclave_tsc_same_invocation	53488138791252	cycles		sgx_worker_enclave		observed
c5-timing-event-v1	C5	asyncs	measured	dynamic-html-derived-v1	57	1	d62f203807ff49b0af203807fff9b036	AI410	2	enclave_tsc_same_invocation	53488145310250	cycles		sgx_worker_enclave		observed
c5-timing-event-v1	C5	asyncs	measured	dynamic-html-derived-v1	57	1	d62f203807ff49b0af203807fff9b036	AI420	3	enclave_tsc_same_invocation	53488145310848	cycles		sgx_worker_enclave		observed
c5-timing-event-v1	C5	asyncs	measured	dynamic-html-derived-v1	57	1	d62f203807ff49b0af203807fff9b036	AI430	4	enclave_tsc_same_invocation	53488145313635	cycles		sgx_worker_enclave		observed
c5-timing-event-v1	C5	asyncs	measured	dynamic-html-derived-v1	57	1	d62f203807ff49b0af203807fff9b036	AF400	5	enclave_tsc_same_invocation	53488156980952	cycles		sgx_worker_enclave		observed
c5-timing-event-v1	C5	asyncs	measured	dynamic-html-derived-v1	57	1	d62f203807ff49b0af203807fff9b036	AF410	6	enclave_tsc_same_invocation	53489034699014	cycles		sgx_worker_enclave		observed
c5-timing-event-v1	C5	asyncs	measured	dynamic-html-derived-v1	57	1	d62f203807ff49b0af203807fff9b036	AO400	7	enclave_tsc_same_invocation	53489036700124	cycles		sgx_worker_enclave		observed
c5-timing-event-v1	C5	asyncs	measured	dynamic-html-derived-v1	57	1	d62f203807ff49b0af203807fff9b036	AO410	8	enclave_tsc_same_invocation	53489037304418	cycles		sgx_worker_enclave		observed
c5-timing-event-v1	C5	asyncs	measured	dynamic-html-derived-v1	57	1	d62f203807ff49b0af203807fff9b036	AO420	9	enclave_tsc_same_invocation	53489037305098	cycles		sgx_worker_enclave		observed
c5-timing-event-v1	C5	asyncs	measured	dynamic-html-derived-v1	57	1	d62f203807ff49b0af203807fff9b036	AO430	10	enclave_tsc_same_invocation	53489037313933	cycles		sgx_worker_enclave		observed
c5-timing-event-v1	C5	asyncs	measured	dynamic-html-derived-v1	57	1	d62f203807ff49b0af203807fff9b036	A400	400	monotonic_ns_same_process	19797731752387	ns		asyncs_worker		observed
c5-timing-event-v1	C5	asyncs	measured	dynamic-html-derived-v1	57	1	d62f203807ff49b0af203807fff9b036	A410	410	monotonic_ns_same_process	19798065683616	ns		asyncs_worker		observed
c5-timing-event-v1	C5	asyncs	measured	dynamic-html-derived-v1	58	1	7e70c54680024665b0c5468002066524	AI400	1	enclave_tsc_same_invocation	53487765700048	cycles		sgx_worker_enclave		observed
c5-timing-event-v1	C5	asyncs	measured	dynamic-html-derived-v1	58	1	7e70c54680024665b0c5468002066524	AI410	2	enclave_tsc_same_invocation	53487772239228	cycles		sgx_worker_enclave		observed
c5-timing-event-v1	C5	asyncs	measured	dynamic-html-derived-v1	58	1	7e70c54680024665b0c5468002066524	AI420	3	enclave_tsc_same_invocation	53487772239744	cycles		sgx_worker_enclave		observed
c5-timing-event-v1	C5	asyncs	measured	dynamic-html-derived-v1	58	1	7e70c54680024665b0c5468002066524	AI430	4	enclave_tsc_same_invocation	53487772242209	cycles		sgx_worker_enclave		observed
c5-timing-event-v1	C5	asyncs	measured	dynamic-html-derived-v1	58	1	7e70c54680024665b0c5468002066524	AF400	5	enclave_tsc_same_invocation	53487784265464	cycles		sgx_worker_enclave		observed
c5-timing-event-v1	C5	asyncs	measured	dynamic-html-derived-v1	58	1	7e70c54680024665b0c5468002066524	AF410	6	enclave_tsc_same_invocation	53489077618138	cycles		sgx_worker_enclave		observed
c5-timing-event-v1	C5	asyncs	measured	dynamic-html-derived-v1	58	1	7e70c54680024665b0c5468002066524	AO400	7	enclave_tsc_same_invocation	53489079924991	cycles		sgx_worker_enclave		observed
c5-timing-event-v1	C5	asyncs	measured	dynamic-html-derived-v1	58	1	7e70c54680024665b0c5468002066524	AO410	8	enclave_tsc_same_invocation	53489080969217	cycles		sgx_worker_enclave		observed
c5-timing-event-v1	C5	asyncs	measured	dynamic-html-derived-v1	58	1	7e70c54680024665b0c5468002066524	AO420	9	enclave_tsc_same_invocation	53489080970062	cycles		sgx_worker_enclave		observed
c5-timing-event-v1	C5	asyncs	measured	dynamic-html-derived-v1	58	1	7e70c54680024665b0c5468002066524	AO430	10	enclave_tsc_same_invocation	53489081035345	cycles		sgx_worker_enclave		observed
c5-timing-event-v1	C5	asyncs	measured	dynamic-html-derived-v1	58	1	7e70c54680024665b0c5468002066524	A400	400	monotonic_ns_same_process	19796756240135	ns		asyncs_worker		observed
c5-timing-event-v1	C5	asyncs	measured	dynamic-html-derived-v1	58	1	7e70c54680024665b0c5468002066524	A410	410	monotonic_ns_same_process	19797244559638	ns		asyncs_worker		observed
c5-timing-event-v1	C5	asyncs	measured	dynamic-html-derived-v1	59	1	7765e3e1d8814fe1a5e3e1d881dfe172	AI400	1	enclave_tsc_same_invocation	53489176536701	cycles		sgx_worker_enclave		observed
c5-timing-event-v1	C5	asyncs	measured	dynamic-html-derived-v1	59	1	7765e3e1d8814fe1a5e3e1d881dfe172	AI410	2	enclave_tsc_same_invocation	53489183004568	cycles		sgx_worker_enclave		observed
c5-timing-event-v1	C5	asyncs	measured	dynamic-html-derived-v1	59	1	7765e3e1d8814fe1a5e3e1d881dfe172	AI420	3	enclave_tsc_same_invocation	53489183005066	cycles		sgx_worker_enclave		observed
c5-timing-event-v1	C5	asyncs	measured	dynamic-html-derived-v1	59	1	7765e3e1d8814fe1a5e3e1d881dfe172	AI430	4	enclave_tsc_same_invocation	53489183007838	cycles		sgx_worker_enclave		observed
c5-timing-event-v1	C5	asyncs	measured	dynamic-html-derived-v1	59	1	7765e3e1d8814fe1a5e3e1d881dfe172	AF400	5	enclave_tsc_same_invocation	53489194740158	cycles		sgx_worker_enclave		observed
c5-timing-event-v1	C5	asyncs	measured	dynamic-html-derived-v1	59	1	7765e3e1d8814fe1a5e3e1d881dfe172	AF410	6	enclave_tsc_same_invocation	53490066391534	cycles		sgx_worker_enclave		observed
c5-timing-event-v1	C5	asyncs	measured	dynamic-html-derived-v1	59	1	7765e3e1d8814fe1a5e3e1d881dfe172	AO400	7	enclave_tsc_same_invocation	53490068396300	cycles		sgx_worker_enclave		observed
c5-timing-event-v1	C5	asyncs	measured	dynamic-html-derived-v1	59	1	7765e3e1d8814fe1a5e3e1d881dfe172	AO410	8	enclave_tsc_same_invocation	53490068992829	cycles		sgx_worker_enclave		observed
c5-timing-event-v1	C5	asyncs	measured	dynamic-html-derived-v1	59	1	7765e3e1d8814fe1a5e3e1d881dfe172	AO420	9	enclave_tsc_same_invocation	53490068993672	cycles		sgx_worker_enclave		observed
c5-timing-event-v1	C5	asyncs	measured	dynamic-html-derived-v1	59	1	7765e3e1d8814fe1a5e3e1d881dfe172	AO430	10	enclave_tsc_same_invocation	53490069002742	cycles		sgx_worker_enclave		observed
c5-timing-event-v1	C5	asyncs	measured	dynamic-html-derived-v1	59	1	7765e3e1d8814fe1a5e3e1d881dfe172	A400	400	monotonic_ns_same_process	19798116155141	ns		asyncs_worker		observed
c5-timing-event-v1	C5	asyncs	measured	dynamic-html-derived-v1	59	1	7765e3e1d8814fe1a5e3e1d881dfe172	A410	410	monotonic_ns_same_process	19798447807003	ns		asyncs_worker		observed
c5-timing-event-v1	C5	asyncs	measured	dynamic-html-derived-v1	60	1	fbb7255dda8b4d25b7255dda8b7d25b3	AI400	1	enclave_tsc_same_invocation	53488797636819	cycles		sgx_worker_enclave		observed
c5-timing-event-v1	C5	asyncs	measured	dynamic-html-derived-v1	60	1	fbb7255dda8b4d25b7255dda8b7d25b3	AI410	2	enclave_tsc_same_invocation	53488809138909	cycles		sgx_worker_enclave		observed
c5-timing-event-v1	C5	asyncs	measured	dynamic-html-derived-v1	60	1	fbb7255dda8b4d25b7255dda8b7d25b3	AI420	3	enclave_tsc_same_invocation	53488809139801	cycles		sgx_worker_enclave		observed
c5-timing-event-v1	C5	asyncs	measured	dynamic-html-derived-v1	60	1	fbb7255dda8b4d25b7255dda8b7d25b3	AI430	4	enclave_tsc_same_invocation	53488809143871	cycles		sgx_worker_enclave		observed
c5-timing-event-v1	C5	asyncs	measured	dynamic-html-derived-v1	60	1	fbb7255dda8b4d25b7255dda8b7d25b3	AF400	5	enclave_tsc_same_invocation	53488828904496	cycles		sgx_worker_enclave		observed
c5-timing-event-v1	C5	asyncs	measured	dynamic-html-derived-v1	60	1	fbb7255dda8b4d25b7255dda8b7d25b3	AF410	6	enclave_tsc_same_invocation	53490181168603	cycles		sgx_worker_enclave		observed
c5-timing-event-v1	C5	asyncs	measured	dynamic-html-derived-v1	60	1	fbb7255dda8b4d25b7255dda8b7d25b3	AO400	7	enclave_tsc_same_invocation	53490183438072	cycles		sgx_worker_enclave		observed
c5-timing-event-v1	C5	asyncs	measured	dynamic-html-derived-v1	60	1	fbb7255dda8b4d25b7255dda8b7d25b3	AO410	8	enclave_tsc_same_invocation	53490184496932	cycles		sgx_worker_enclave		observed
c5-timing-event-v1	C5	asyncs	measured	dynamic-html-derived-v1	60	1	fbb7255dda8b4d25b7255dda8b7d25b3	AO420	9	enclave_tsc_same_invocation	53490184498101	cycles		sgx_worker_enclave		observed
c5-timing-event-v1	C5	asyncs	measured	dynamic-html-derived-v1	60	1	fbb7255dda8b4d25b7255dda8b7d25b3	AO430	10	enclave_tsc_same_invocation	53490184511624	cycles		sgx_worker_enclave		observed
c5-timing-event-v1	C5	asyncs	measured	dynamic-html-derived-v1	60	1	fbb7255dda8b4d25b7255dda8b7d25b3	A400	400	monotonic_ns_same_process	19797137825090	ns		asyncs_worker		observed
c5-timing-event-v1	C5	asyncs	measured	dynamic-html-derived-v1	60	1	fbb7255dda8b4d25b7255dda8b7d25b3	A410	410	monotonic_ns_same_process	19797653261962	ns		asyncs_worker		observed
c5-timing-event-v1	C5	asyncs	measured	dynamic-html-derived-v1	61	1	d184703be4a94dfc84703be4a90dfcbc	AI400	1	enclave_tsc_same_invocation	53489243857769	cycles		sgx_worker_enclave		observed
c5-timing-event-v1	C5	asyncs	measured	dynamic-html-derived-v1	61	1	d184703be4a94dfc84703be4a90dfcbc	AI410	2	enclave_tsc_same_invocation	53489254817957	cycles		sgx_worker_enclave		observed
c5-timing-event-v1	C5	asyncs	measured	dynamic-html-derived-v1	61	1	d184703be4a94dfc84703be4a90dfcbc	AI420	3	enclave_tsc_same_invocation	53489254818923	cycles		sgx_worker_enclave		observed
c5-timing-event-v1	C5	asyncs	measured	dynamic-html-derived-v1	61	1	d184703be4a94dfc84703be4a90dfcbc	AI430	4	enclave_tsc_same_invocation	53489254823442	cycles		sgx_worker_enclave		observed
c5-timing-event-v1	C5	asyncs	measured	dynamic-html-derived-v1	61	1	d184703be4a94dfc84703be4a90dfcbc	AF400	5	enclave_tsc_same_invocation	53489274098578	cycles		sgx_worker_enclave		observed
c5-timing-event-v1	C5	asyncs	measured	dynamic-html-derived-v1	61	1	d184703be4a94dfc84703be4a90dfcbc	AF410	6	enclave_tsc_same_invocation	53490573423376	cycles		sgx_worker_enclave		observed
c5-timing-event-v1	C5	asyncs	measured	dynamic-html-derived-v1	61	1	d184703be4a94dfc84703be4a90dfcbc	AO400	7	enclave_tsc_same_invocation	53490575633502	cycles		sgx_worker_enclave		observed
c5-timing-event-v1	C5	asyncs	measured	dynamic-html-derived-v1	61	1	d184703be4a94dfc84703be4a90dfcbc	AO410	8	enclave_tsc_same_invocation	53490576694218	cycles		sgx_worker_enclave		observed
c5-timing-event-v1	C5	asyncs	measured	dynamic-html-derived-v1	61	1	d184703be4a94dfc84703be4a90dfcbc	AO420	9	enclave_tsc_same_invocation	53490576695296	cycles		sgx_worker_enclave		observed
c5-timing-event-v1	C5	asyncs	measured	dynamic-html-derived-v1	61	1	d184703be4a94dfc84703be4a90dfcbc	AO430	10	enclave_tsc_same_invocation	53490576711666	cycles		sgx_worker_enclave		observed
c5-timing-event-v1	C5	asyncs	measured	dynamic-html-derived-v1	61	1	d184703be4a94dfc84703be4a90dfcbc	A400	400	monotonic_ns_same_process	19797303457786	ns		asyncs_worker		observed
c5-timing-event-v1	C5	asyncs	measured	dynamic-html-derived-v1	61	1	d184703be4a94dfc84703be4a90dfcbc	A410	410	monotonic_ns_same_process	19797798528332	ns		asyncs_worker		observed
c5-timing-event-v1	C5	asyncs	measured	dynamic-html-derived-v1	62	1	280c52e24e8c426b8c52e24e8cf26b48	AI400	1	enclave_tsc_same_invocation	53490212056348	cycles		sgx_worker_enclave		observed
c5-timing-event-v1	C5	asyncs	measured	dynamic-html-derived-v1	62	1	280c52e24e8c426b8c52e24e8cf26b48	AI410	2	enclave_tsc_same_invocation	53490218557367	cycles		sgx_worker_enclave		observed
c5-timing-event-v1	C5	asyncs	measured	dynamic-html-derived-v1	62	1	280c52e24e8c426b8c52e24e8cf26b48	AI420	3	enclave_tsc_same_invocation	53490218557922	cycles		sgx_worker_enclave		observed
c5-timing-event-v1	C5	asyncs	measured	dynamic-html-derived-v1	62	1	280c52e24e8c426b8c52e24e8cf26b48	AI430	4	enclave_tsc_same_invocation	53490218560885	cycles		sgx_worker_enclave		observed
c5-timing-event-v1	C5	asyncs	measured	dynamic-html-derived-v1	62	1	280c52e24e8c426b8c52e24e8cf26b48	AF400	5	enclave_tsc_same_invocation	53490230602295	cycles		sgx_worker_enclave		observed
c5-timing-event-v1	C5	asyncs	measured	dynamic-html-derived-v1	62	1	280c52e24e8c426b8c52e24e8cf26b48	AF410	6	enclave_tsc_same_invocation	53491103714213	cycles		sgx_worker_enclave		observed
c5-timing-event-v1	C5	asyncs	measured	dynamic-html-derived-v1	62	1	280c52e24e8c426b8c52e24e8cf26b48	AO400	7	enclave_tsc_same_invocation	53491105761006	cycles		sgx_worker_enclave		observed
c5-timing-event-v1	C5	asyncs	measured	dynamic-html-derived-v1	62	1	280c52e24e8c426b8c52e24e8cf26b48	AO410	8	enclave_tsc_same_invocation	53491106374947	cycles		sgx_worker_enclave		observed
c5-timing-event-v1	C5	asyncs	measured	dynamic-html-derived-v1	62	1	280c52e24e8c426b8c52e24e8cf26b48	AO420	9	enclave_tsc_same_invocation	53491106375824	cycles		sgx_worker_enclave		observed
c5-timing-event-v1	C5	asyncs	measured	dynamic-html-derived-v1	62	1	280c52e24e8c426b8c52e24e8cf26b48	AO430	10	enclave_tsc_same_invocation	53491106385663	cycles		sgx_worker_enclave		observed
c5-timing-event-v1	C5	asyncs	measured	dynamic-html-derived-v1	62	1	280c52e24e8c426b8c52e24e8cf26b48	A400	400	monotonic_ns_same_process	19798499369245	ns		asyncs_worker		observed
c5-timing-event-v1	C5	asyncs	measured	dynamic-html-derived-v1	62	1	280c52e24e8c426b8c52e24e8cf26b48	A410	410	monotonic_ns_same_process	19798832041791	ns		asyncs_worker		observed
c5-timing-event-v1	C5	asyncs	measured	dynamic-html-derived-v1	63	1	5195c682972c44fa95c682972cf4fae6	AI400	1	enclave_tsc_same_invocation	53490378890809	cycles		sgx_worker_enclave		observed
c5-timing-event-v1	C5	asyncs	measured	dynamic-html-derived-v1	63	1	5195c682972c44fa95c682972cf4fae6	AI410	2	enclave_tsc_same_invocation	53490390231521	cycles		sgx_worker_enclave		observed
c5-timing-event-v1	C5	asyncs	measured	dynamic-html-derived-v1	63	1	5195c682972c44fa95c682972cf4fae6	AI420	3	enclave_tsc_same_invocation	53490390232396	cycles		sgx_worker_enclave		observed
c5-timing-event-v1	C5	asyncs	measured	dynamic-html-derived-v1	63	1	5195c682972c44fa95c682972cf4fae6	AI430	4	enclave_tsc_same_invocation	53490390236081	cycles		sgx_worker_enclave		observed
c5-timing-event-v1	C5	asyncs	measured	dynamic-html-derived-v1	63	1	5195c682972c44fa95c682972cf4fae6	AF400	5	enclave_tsc_same_invocation	53490410425984	cycles		sgx_worker_enclave		observed
c5-timing-event-v1	C5	asyncs	measured	dynamic-html-derived-v1	63	1	5195c682972c44fa95c682972cf4fae6	AF410	6	enclave_tsc_same_invocation	53491700019562	cycles		sgx_worker_enclave		observed
c5-timing-event-v1	C5	asyncs	measured	dynamic-html-derived-v1	63	1	5195c682972c44fa95c682972cf4fae6	AO400	7	enclave_tsc_same_invocation	53491702256725	cycles		sgx_worker_enclave		observed
c5-timing-event-v1	C5	asyncs	measured	dynamic-html-derived-v1	63	1	5195c682972c44fa95c682972cf4fae6	AO410	8	enclave_tsc_same_invocation	53491703296357	cycles		sgx_worker_enclave		observed
c5-timing-event-v1	C5	asyncs	measured	dynamic-html-derived-v1	63	1	5195c682972c44fa95c682972cf4fae6	AO420	9	enclave_tsc_same_invocation	53491703297268	cycles		sgx_worker_enclave		observed
c5-timing-event-v1	C5	asyncs	measured	dynamic-html-derived-v1	63	1	5195c682972c44fa95c682972cf4fae6	AO430	10	enclave_tsc_same_invocation	53491703312107	cycles		sgx_worker_enclave		observed
c5-timing-event-v1	C5	asyncs	measured	dynamic-html-derived-v1	63	1	5195c682972c44fa95c682972cf4fae6	A400	400	monotonic_ns_same_process	19797723244964	ns		asyncs_worker		observed
c5-timing-event-v1	C5	asyncs	measured	dynamic-html-derived-v1	63	1	5195c682972c44fa95c682972cf4fae6	A410	410	monotonic_ns_same_process	19798215797173	ns		asyncs_worker		observed
c5-timing-event-v1	C5	asyncs	measured	dynamic-html-derived-v1	64	1	96e9fae34d8146eea9fae34d8146ee5d	AI400	1	enclave_tsc_same_invocation	53491265343142	cycles		sgx_worker_enclave		observed
c5-timing-event-v1	C5	asyncs	measured	dynamic-html-derived-v1	64	1	96e9fae34d8146eea9fae34d8146ee5d	AI410	2	enclave_tsc_same_invocation	53491271813273	cycles		sgx_worker_enclave		observed
c5-timing-event-v1	C5	asyncs	measured	dynamic-html-derived-v1	64	1	96e9fae34d8146eea9fae34d8146ee5d	AI420	3	enclave_tsc_same_invocation	53491271814091	cycles		sgx_worker_enclave		observed
c5-timing-event-v1	C5	asyncs	measured	dynamic-html-derived-v1	64	1	96e9fae34d8146eea9fae34d8146ee5d	AI430	4	enclave_tsc_same_invocation	53491271816979	cycles		sgx_worker_enclave		observed
c5-timing-event-v1	C5	asyncs	measured	dynamic-html-derived-v1	64	1	96e9fae34d8146eea9fae34d8146ee5d	AF400	5	enclave_tsc_same_invocation	53491283617333	cycles		sgx_worker_enclave		observed
c5-timing-event-v1	C5	asyncs	measured	dynamic-html-derived-v1	64	1	96e9fae34d8146eea9fae34d8146ee5d	AF410	6	enclave_tsc_same_invocation	53492159155394	cycles		sgx_worker_enclave		observed
c5-timing-event-v1	C5	asyncs	measured	dynamic-html-derived-v1	64	1	96e9fae34d8146eea9fae34d8146ee5d	AO400	7	enclave_tsc_same_invocation	53492161139319	cycles		sgx_worker_enclave		observed
c5-timing-event-v1	C5	asyncs	measured	dynamic-html-derived-v1	64	1	96e9fae34d8146eea9fae34d8146ee5d	AO410	8	enclave_tsc_same_invocation	53492161764941	cycles		sgx_worker_enclave		observed
c5-timing-event-v1	C5	asyncs	measured	dynamic-html-derived-v1	64	1	96e9fae34d8146eea9fae34d8146ee5d	AO420	9	enclave_tsc_same_invocation	53492161765811	cycles		sgx_worker_enclave		observed
c5-timing-event-v1	C5	asyncs	measured	dynamic-html-derived-v1	64	1	96e9fae34d8146eea9fae34d8146ee5d	AO430	10	enclave_tsc_same_invocation	53492161775412	cycles		sgx_worker_enclave		observed
c5-timing-event-v1	C5	asyncs	measured	dynamic-html-derived-v1	64	1	96e9fae34d8146eea9fae34d8146ee5d	A400	400	monotonic_ns_same_process	19798889758371	ns		asyncs_worker		observed
c5-timing-event-v1	C5	asyncs	measured	dynamic-html-derived-v1	64	1	96e9fae34d8146eea9fae34d8146ee5d	A410	410	monotonic_ns_same_process	19799222923955	ns		asyncs_worker		observed
c5-timing-event-v1	C5	asyncs	measured	dynamic-html-derived-v1	65	1	f53eec1e437944a4beec1e4379a4a4e5	AI400	1	enclave_tsc_same_invocation	53490775900991	cycles		sgx_worker_enclave		observed
c5-timing-event-v1	C5	asyncs	measured	dynamic-html-derived-v1	65	1	f53eec1e437944a4beec1e4379a4a4e5	AI410	2	enclave_tsc_same_invocation	53490787723315	cycles		sgx_worker_enclave		observed
c5-timing-event-v1	C5	asyncs	measured	dynamic-html-derived-v1	65	1	f53eec1e437944a4beec1e4379a4a4e5	AI420	3	enclave_tsc_same_invocation	53490787724220	cycles		sgx_worker_enclave		observed
c5-timing-event-v1	C5	asyncs	measured	dynamic-html-derived-v1	65	1	f53eec1e437944a4beec1e4379a4a4e5	AI430	4	enclave_tsc_same_invocation	53490787728511	cycles		sgx_worker_enclave		observed
c5-timing-event-v1	C5	asyncs	measured	dynamic-html-derived-v1	65	1	f53eec1e437944a4beec1e4379a4a4e5	AF400	5	enclave_tsc_same_invocation	53490807729998	cycles		sgx_worker_enclave		observed
c5-timing-event-v1	C5	asyncs	measured	dynamic-html-derived-v1	65	1	f53eec1e437944a4beec1e4379a4a4e5	AF410	6	enclave_tsc_same_invocation	53492166022077	cycles		sgx_worker_enclave		observed
c5-timing-event-v1	C5	asyncs	measured	dynamic-html-derived-v1	65	1	f53eec1e437944a4beec1e4379a4a4e5	AO400	7	enclave_tsc_same_invocation	53492168383452	cycles		sgx_worker_enclave		observed
c5-timing-event-v1	C5	asyncs	measured	dynamic-html-derived-v1	65	1	f53eec1e437944a4beec1e4379a4a4e5	AO410	8	enclave_tsc_same_invocation	53492169461152	cycles		sgx_worker_enclave		observed
c5-timing-event-v1	C5	asyncs	measured	dynamic-html-derived-v1	65	1	f53eec1e437944a4beec1e4379a4a4e5	AO420	9	enclave_tsc_same_invocation	53492169462227	cycles		sgx_worker_enclave		observed
c5-timing-event-v1	C5	asyncs	measured	dynamic-html-derived-v1	65	1	f53eec1e437944a4beec1e4379a4a4e5	AO430	10	enclave_tsc_same_invocation	53492169475958	cycles		sgx_worker_enclave		observed
c5-timing-event-v1	C5	asyncs	measured	dynamic-html-derived-v1	65	1	f53eec1e437944a4beec1e4379a4a4e5	A400	400	monotonic_ns_same_process	19797870426734	ns		asyncs_worker		observed
c5-timing-event-v1	C5	asyncs	measured	dynamic-html-derived-v1	65	1	f53eec1e437944a4beec1e4379a4a4e5	A410	410	monotonic_ns_same_process	19798388471931	ns		asyncs_worker		observed
c5-timing-event-v1	C5	asyncs	measured	dynamic-html-derived-v1	66	1	b783ec6bae0348f783ec6bae0328f744	AI400	1	enclave_tsc_same_invocation	53492325841638	cycles		sgx_worker_enclave		observed
c5-timing-event-v1	C5	asyncs	measured	dynamic-html-derived-v1	66	1	b783ec6bae0348f783ec6bae0328f744	AI410	2	enclave_tsc_same_invocation	53492332327413	cycles		sgx_worker_enclave		observed
c5-timing-event-v1	C5	asyncs	measured	dynamic-html-derived-v1	66	1	b783ec6bae0348f783ec6bae0328f744	AI420	3	enclave_tsc_same_invocation	53492332328612	cycles		sgx_worker_enclave		observed
c5-timing-event-v1	C5	asyncs	measured	dynamic-html-derived-v1	66	1	b783ec6bae0348f783ec6bae0328f744	AI430	4	enclave_tsc_same_invocation	53492332331269	cycles		sgx_worker_enclave		observed
c5-timing-event-v1	C5	asyncs	measured	dynamic-html-derived-v1	66	1	b783ec6bae0348f783ec6bae0328f744	AF400	5	enclave_tsc_same_invocation	53492344056863	cycles		sgx_worker_enclave		observed
c5-timing-event-v1	C5	asyncs	measured	dynamic-html-derived-v1	66	1	b783ec6bae0348f783ec6bae0328f744	AF410	6	enclave_tsc_same_invocation	53493216788538	cycles		sgx_worker_enclave		observed
c5-timing-event-v1	C5	asyncs	measured	dynamic-html-derived-v1	66	1	b783ec6bae0348f783ec6bae0328f744	AO400	7	enclave_tsc_same_invocation	53493218734922	cycles		sgx_worker_enclave		observed
c5-timing-event-v1	C5	asyncs	measured	dynamic-html-derived-v1	66	1	b783ec6bae0348f783ec6bae0328f744	AO410	8	enclave_tsc_same_invocation	53493219358399	cycles		sgx_worker_enclave		observed
c5-timing-event-v1	C5	asyncs	measured	dynamic-html-derived-v1	66	1	b783ec6bae0348f783ec6bae0328f744	AO420	9	enclave_tsc_same_invocation	53493219359279	cycles		sgx_worker_enclave		observed
c5-timing-event-v1	C5	asyncs	measured	dynamic-html-derived-v1	66	1	b783ec6bae0348f783ec6bae0328f744	AO430	10	enclave_tsc_same_invocation	53493219372180	cycles		sgx_worker_enclave		observed
c5-timing-event-v1	C5	asyncs	measured	dynamic-html-derived-v1	66	1	b783ec6bae0348f783ec6bae0328f744	A400	400	monotonic_ns_same_process	19799282546970	ns		asyncs_worker		observed
c5-timing-event-v1	C5	asyncs	measured	dynamic-html-derived-v1	66	1	b783ec6bae0348f783ec6bae0328f744	A410	410	monotonic_ns_same_process	19799614636221	ns		asyncs_worker		observed
c5-timing-event-v1	C5	asyncs	measured	dynamic-html-derived-v1	67	1	2920fd7d68184877a0fd7d68185877e1	AI400	1	enclave_tsc_same_invocation	53491880459849	cycles		sgx_worker_enclave		observed
c5-timing-event-v1	C5	asyncs	measured	dynamic-html-derived-v1	67	1	2920fd7d68184877a0fd7d68185877e1	AI410	2	enclave_tsc_same_invocation	53491886769690	cycles		sgx_worker_enclave		observed
c5-timing-event-v1	C5	asyncs	measured	dynamic-html-derived-v1	67	1	2920fd7d68184877a0fd7d68185877e1	AI420	3	enclave_tsc_same_invocation	53491886770321	cycles		sgx_worker_enclave		observed
c5-timing-event-v1	C5	asyncs	measured	dynamic-html-derived-v1	67	1	2920fd7d68184877a0fd7d68185877e1	AI430	4	enclave_tsc_same_invocation	53491886772772	cycles		sgx_worker_enclave		observed
c5-timing-event-v1	C5	asyncs	measured	dynamic-html-derived-v1	67	1	2920fd7d68184877a0fd7d68185877e1	AF400	5	enclave_tsc_same_invocation	53491898623361	cycles		sgx_worker_enclave		observed
c5-timing-event-v1	C5	asyncs	measured	dynamic-html-derived-v1	67	1	2920fd7d68184877a0fd7d68185877e1	AF410	6	enclave_tsc_same_invocation	53493201711889	cycles		sgx_worker_enclave		observed
c5-timing-event-v1	C5	asyncs	measured	dynamic-html-derived-v1	67	1	2920fd7d68184877a0fd7d68185877e1	AO400	7	enclave_tsc_same_invocation	53493203920881	cycles		sgx_worker_enclave		observed
c5-timing-event-v1	C5	asyncs	measured	dynamic-html-derived-v1	67	1	2920fd7d68184877a0fd7d68185877e1	AO410	8	enclave_tsc_same_invocation	53493205024937	cycles		sgx_worker_enclave		observed
c5-timing-event-v1	C5	asyncs	measured	dynamic-html-derived-v1	67	1	2920fd7d68184877a0fd7d68185877e1	AO420	9	enclave_tsc_same_invocation	53493205026077	cycles		sgx_worker_enclave		observed
c5-timing-event-v1	C5	asyncs	measured	dynamic-html-derived-v1	67	1	2920fd7d68184877a0fd7d68185877e1	AO430	10	enclave_tsc_same_invocation	53493205040253	cycles		sgx_worker_enclave		observed
c5-timing-event-v1	C5	asyncs	measured	dynamic-html-derived-v1	67	1	2920fd7d68184877a0fd7d68185877e1	A400	400	monotonic_ns_same_process	19798280278782	ns		asyncs_worker		observed
c5-timing-event-v1	C5	asyncs	measured	dynamic-html-derived-v1	67	1	2920fd7d68184877a0fd7d68185877e1	A410	410	monotonic_ns_same_process	19798772022398	ns		asyncs_worker		observed
c5-timing-event-v1	C5	asyncs	measured	dynamic-html-derived-v1	68	1	cba0ee24adca4c8da0ee24adcaac8dc0	AI400	1	enclave_tsc_same_invocation	53492357497742	cycles		sgx_worker_enclave		observed
c5-timing-event-v1	C5	asyncs	measured	dynamic-html-derived-v1	68	1	cba0ee24adca4c8da0ee24adcaac8dc0	AI410	2	enclave_tsc_same_invocation	53492368670908	cycles		sgx_worker_enclave		observed
c5-timing-event-v1	C5	asyncs	measured	dynamic-html-derived-v1	68	1	cba0ee24adca4c8da0ee24adcaac8dc0	AI420	3	enclave_tsc_same_invocation	53492368671928	cycles		sgx_worker_enclave		observed
c5-timing-event-v1	C5	asyncs	measured	dynamic-html-derived-v1	68	1	cba0ee24adca4c8da0ee24adcaac8dc0	AI430	4	enclave_tsc_same_invocation	53492368675928	cycles		sgx_worker_enclave		observed
c5-timing-event-v1	C5	asyncs	measured	dynamic-html-derived-v1	68	1	cba0ee24adca4c8da0ee24adcaac8dc0	AF400	5	enclave_tsc_same_invocation	53492388588640	cycles		sgx_worker_enclave		observed
c5-timing-event-v1	C5	asyncs	measured	dynamic-html-derived-v1	68	1	cba0ee24adca4c8da0ee24adcaac8dc0	AF410	6	enclave_tsc_same_invocation	53493720721421	cycles		sgx_worker_enclave		observed
c5-timing-event-v1	C5	asyncs	measured	dynamic-html-derived-v1	68	1	cba0ee24adca4c8da0ee24adcaac8dc0	AO400	7	enclave_tsc_same_invocation	53493722954553	cycles		sgx_worker_enclave		observed
c5-timing-event-v1	C5	asyncs	measured	dynamic-html-derived-v1	68	1	cba0ee24adca4c8da0ee24adcaac8dc0	AO410	8	enclave_tsc_same_invocation	53493723999693	cycles		sgx_worker_enclave		observed
c5-timing-event-v1	C5	asyncs	measured	dynamic-html-derived-v1	68	1	cba0ee24adca4c8da0ee24adcaac8dc0	AO420	9	enclave_tsc_same_invocation	53493724000488	cycles		sgx_worker_enclave		observed
c5-timing-event-v1	C5	asyncs	measured	dynamic-html-derived-v1	68	1	cba0ee24adca4c8da0ee24adcaac8dc0	AO430	10	enclave_tsc_same_invocation	53493724014545	cycles		sgx_worker_enclave		observed
c5-timing-event-v1	C5	asyncs	measured	dynamic-html-derived-v1	68	1	cba0ee24adca4c8da0ee24adcaac8dc0	A400	400	monotonic_ns_same_process	19798456260357	ns		asyncs_worker		observed
c5-timing-event-v1	C5	asyncs	measured	dynamic-html-derived-v1	68	1	cba0ee24adca4c8da0ee24adcaac8dc0	A410	410	monotonic_ns_same_process	19798964226110	ns		asyncs_worker		observed
c5-timing-event-v1	C5	asyncs	measured	dynamic-html-derived-v1	69	1	d18d8d29a50043d68d8d29a500a3d6fa	AI400	1	enclave_tsc_same_invocation	53493375224140	cycles		sgx_worker_enclave		observed
c5-timing-event-v1	C5	asyncs	measured	dynamic-html-derived-v1	69	1	d18d8d29a50043d68d8d29a500a3d6fa	AI410	2	enclave_tsc_same_invocation	53493381675913	cycles		sgx_worker_enclave		observed
c5-timing-event-v1	C5	asyncs	measured	dynamic-html-derived-v1	69	1	d18d8d29a50043d68d8d29a500a3d6fa	AI420	3	enclave_tsc_same_invocation	53493381676386	cycles		sgx_worker_enclave		observed
c5-timing-event-v1	C5	asyncs	measured	dynamic-html-derived-v1	69	1	d18d8d29a50043d68d8d29a500a3d6fa	AI430	4	enclave_tsc_same_invocation	53493381679198	cycles		sgx_worker_enclave		observed
c5-timing-event-v1	C5	asyncs	measured	dynamic-html-derived-v1	69	1	d18d8d29a50043d68d8d29a500a3d6fa	AF400	5	enclave_tsc_same_invocation	53493393360033	cycles		sgx_worker_enclave		observed
c5-timing-event-v1	C5	asyncs	measured	dynamic-html-derived-v1	69	1	d18d8d29a50043d68d8d29a500a3d6fa	AF410	6	enclave_tsc_same_invocation	53494268214232	cycles		sgx_worker_enclave		observed
c5-timing-event-v1	C5	asyncs	measured	dynamic-html-derived-v1	69	1	d18d8d29a50043d68d8d29a500a3d6fa	AO400	7	enclave_tsc_same_invocation	53494270131053	cycles		sgx_worker_enclave		observed
c5-timing-event-v1	C5	asyncs	measured	dynamic-html-derived-v1	69	1	d18d8d29a50043d68d8d29a500a3d6fa	AO410	8	enclave_tsc_same_invocation	53494270740417	cycles		sgx_worker_enclave		observed
c5-timing-event-v1	C5	asyncs	measured	dynamic-html-derived-v1	69	1	d18d8d29a50043d68d8d29a500a3d6fa	AO420	9	enclave_tsc_same_invocation	53494270741899	cycles		sgx_worker_enclave		observed
c5-timing-event-v1	C5	asyncs	measured	dynamic-html-derived-v1	69	1	d18d8d29a50043d68d8d29a500a3d6fa	AO430	10	enclave_tsc_same_invocation	53494270770251	cycles		sgx_worker_enclave		observed
c5-timing-event-v1	C5	asyncs	measured	dynamic-html-derived-v1	69	1	d18d8d29a50043d68d8d29a500a3d6fa	A400	400	monotonic_ns_same_process	19799671250857	ns		asyncs_worker		observed
c5-timing-event-v1	C5	asyncs	measured	dynamic-html-derived-v1	69	1	d18d8d29a50043d68d8d29a500a3d6fa	A410	410	monotonic_ns_same_process	19800004065671	ns		asyncs_worker		observed
c5-timing-event-v1	C5	asyncs	measured	dynamic-html-derived-v1	70	1	25a9a31d14794139a9a31d147901399b	AI400	1	enclave_tsc_same_invocation	53493369904891	cycles		sgx_worker_enclave		observed
c5-timing-event-v1	C5	asyncs	measured	dynamic-html-derived-v1	70	1	25a9a31d14794139a9a31d147901399b	AI410	2	enclave_tsc_same_invocation	53493383199693	cycles		sgx_worker_enclave		observed
c5-timing-event-v1	C5	asyncs	measured	dynamic-html-derived-v1	70	1	25a9a31d14794139a9a31d147901399b	AI420	3	enclave_tsc_same_invocation	53493383200559	cycles		sgx_worker_enclave		observed
c5-timing-event-v1	C5	asyncs	measured	dynamic-html-derived-v1	70	1	25a9a31d14794139a9a31d147901399b	AI430	4	enclave_tsc_same_invocation	53493383204456	cycles		sgx_worker_enclave		observed
c5-timing-event-v1	C5	asyncs	measured	dynamic-html-derived-v1	70	1	25a9a31d14794139a9a31d147901399b	AF400	5	enclave_tsc_same_invocation	53493402878047	cycles		sgx_worker_enclave		observed
c5-timing-event-v1	C5	asyncs	measured	dynamic-html-derived-v1	70	1	25a9a31d14794139a9a31d147901399b	AF410	6	enclave_tsc_same_invocation	53494672258667	cycles		sgx_worker_enclave		observed
c5-timing-event-v1	C5	asyncs	measured	dynamic-html-derived-v1	70	1	25a9a31d14794139a9a31d147901399b	AO400	7	enclave_tsc_same_invocation	53494674497668	cycles		sgx_worker_enclave		observed
c5-timing-event-v1	C5	asyncs	measured	dynamic-html-derived-v1	70	1	25a9a31d14794139a9a31d147901399b	AO410	8	enclave_tsc_same_invocation	53494675511296	cycles		sgx_worker_enclave		observed
c5-timing-event-v1	C5	asyncs	measured	dynamic-html-derived-v1	70	1	25a9a31d14794139a9a31d147901399b	AO420	9	enclave_tsc_same_invocation	53494675512347	cycles		sgx_worker_enclave		observed
c5-timing-event-v1	C5	asyncs	measured	dynamic-html-derived-v1	70	1	25a9a31d14794139a9a31d147901399b	AO430	10	enclave_tsc_same_invocation	53494675526886	cycles		sgx_worker_enclave		observed
c5-timing-event-v1	C5	asyncs	measured	dynamic-html-derived-v1	70	1	25a9a31d14794139a9a31d147901399b	A400	400	monotonic_ns_same_process	19798830192529	ns		asyncs_worker		observed
c5-timing-event-v1	C5	asyncs	measured	dynamic-html-derived-v1	70	1	25a9a31d14794139a9a31d147901399b	A410	410	monotonic_ns_same_process	19799316639148	ns		asyncs_worker		observed
c5-timing-event-v1	C5	asyncs	measured	dynamic-html-derived-v1	71	1	7fda16db87f544519a16db87f5445129	AI400	1	enclave_tsc_same_invocation	53494502931220	cycles		sgx_worker_enclave		observed
c5-timing-event-v1	C5	asyncs	measured	dynamic-html-derived-v1	71	1	7fda16db87f544519a16db87f5445129	AI410	2	enclave_tsc_same_invocation	53494509454199	cycles		sgx_worker_enclave		observed
c5-timing-event-v1	C5	asyncs	measured	dynamic-html-derived-v1	71	1	7fda16db87f544519a16db87f5445129	AI420	3	enclave_tsc_same_invocation	53494509454733	cycles		sgx_worker_enclave		observed
c5-timing-event-v1	C5	asyncs	measured	dynamic-html-derived-v1	71	1	7fda16db87f544519a16db87f5445129	AI430	4	enclave_tsc_same_invocation	53494509457515	cycles		sgx_worker_enclave		observed
c5-timing-event-v1	C5	asyncs	measured	dynamic-html-derived-v1	71	1	7fda16db87f544519a16db87f5445129	AF400	5	enclave_tsc_same_invocation	53494521142994	cycles		sgx_worker_enclave		observed
c5-timing-event-v1	C5	asyncs	measured	dynamic-html-derived-v1	71	1	7fda16db87f544519a16db87f5445129	AF410	6	enclave_tsc_same_invocation	53495393242621	cycles		sgx_worker_enclave		observed
c5-timing-event-v1	C5	asyncs	measured	dynamic-html-derived-v1	71	1	7fda16db87f544519a16db87f5445129	AO400	7	enclave_tsc_same_invocation	53495395331664	cycles		sgx_worker_enclave		observed
c5-timing-event-v1	C5	asyncs	measured	dynamic-html-derived-v1	71	1	7fda16db87f544519a16db87f5445129	AO410	8	enclave_tsc_same_invocation	53495395951485	cycles		sgx_worker_enclave		observed
c5-timing-event-v1	C5	asyncs	measured	dynamic-html-derived-v1	71	1	7fda16db87f544519a16db87f5445129	AO420	9	enclave_tsc_same_invocation	53495395952420	cycles		sgx_worker_enclave		observed
c5-timing-event-v1	C5	asyncs	measured	dynamic-html-derived-v1	71	1	7fda16db87f544519a16db87f5445129	AO430	10	enclave_tsc_same_invocation	53495395962412	cycles		sgx_worker_enclave		observed
c5-timing-event-v1	C5	asyncs	measured	dynamic-html-derived-v1	71	1	7fda16db87f544519a16db87f5445129	A400	400	monotonic_ns_same_process	19800088894013	ns		asyncs_worker		observed
c5-timing-event-v1	C5	asyncs	measured	dynamic-html-derived-v1	71	1	7fda16db87f544519a16db87f5445129	A410	410	monotonic_ns_same_process	19800420806999	ns		asyncs_worker		observed
c5-timing-event-v1	C5	asyncs	measured	dynamic-html-derived-v1	72	1	13fac885b01b4a3bbac885b01bfa3bae	AI400	1	enclave_tsc_same_invocation	53493952081456	cycles		sgx_worker_enclave		observed
c5-timing-event-v1	C5	asyncs	measured	dynamic-html-derived-v1	72	1	13fac885b01b4a3bbac885b01bfa3bae	AI410	2	enclave_tsc_same_invocation	53493963675759	cycles		sgx_worker_enclave		observed
c5-timing-event-v1	C5	asyncs	measured	dynamic-html-derived-v1	72	1	13fac885b01b4a3bbac885b01bfa3bae	AI420	3	enclave_tsc_same_invocation	53493963677606	cycles		sgx_worker_enclave		observed
c5-timing-event-v1	C5	asyncs	measured	dynamic-html-derived-v1	72	1	13fac885b01b4a3bbac885b01bfa3bae	AI430	4	enclave_tsc_same_invocation	53493963680839	cycles		sgx_worker_enclave		observed
c5-timing-event-v1	C5	asyncs	measured	dynamic-html-derived-v1	72	1	13fac885b01b4a3bbac885b01bfa3bae	AF400	5	enclave_tsc_same_invocation	53493983559829	cycles		sgx_worker_enclave		observed
c5-timing-event-v1	C5	asyncs	measured	dynamic-html-derived-v1	72	1	13fac885b01b4a3bbac885b01bfa3bae	AF410	6	enclave_tsc_same_invocation	53495386404223	cycles		sgx_worker_enclave		observed
c5-timing-event-v1	C5	asyncs	measured	dynamic-html-derived-v1	72	1	13fac885b01b4a3bbac885b01bfa3bae	AO400	7	enclave_tsc_same_invocation	53495388651731	cycles		sgx_worker_enclave		observed
c5-timing-event-v1	C5	asyncs	measured	dynamic-html-derived-v1	72	1	13fac885b01b4a3bbac885b01bfa3bae	AO410	8	enclave_tsc_same_invocation	53495389657452	cycles		sgx_worker_enclave		observed
c5-timing-event-v1	C5	asyncs	measured	dynamic-html-derived-v1	72	1	13fac885b01b4a3bbac885b01bfa3bae	AO420	9	enclave_tsc_same_invocation	53495389658212	cycles		sgx_worker_enclave		observed
c5-timing-event-v1	C5	asyncs	measured	dynamic-html-derived-v1	72	1	13fac885b01b4a3bbac885b01bfa3bae	AO430	10	enclave_tsc_same_invocation	53495389685940	cycles		sgx_worker_enclave		observed
c5-timing-event-v1	C5	asyncs	measured	dynamic-html-derived-v1	72	1	13fac885b01b4a3bbac885b01bfa3bae	A400	400	monotonic_ns_same_process	19799045623308	ns		asyncs_worker		observed
c5-timing-event-v1	C5	asyncs	measured	dynamic-html-derived-v1	72	1	13fac885b01b4a3bbac885b01bfa3bae	A410	410	monotonic_ns_same_process	19799581148315	ns		asyncs_worker		observed
c5-timing-event-v1	C5	asyncs	measured	dynamic-html-derived-v1	73	1	44abd12bc27b4a0fabd12bc27b1a0fb3	AI400	1	enclave_tsc_same_invocation	53494850420034	cycles		sgx_worker_enclave		observed
c5-timing-event-v1	C5	asyncs	measured	dynamic-html-derived-v1	73	1	44abd12bc27b4a0fabd12bc27b1a0fb3	AI410	2	enclave_tsc_same_invocation	53494863898575	cycles		sgx_worker_enclave		observed
c5-timing-event-v1	C5	asyncs	measured	dynamic-html-derived-v1	73	1	44abd12bc27b4a0fabd12bc27b1a0fb3	AI420	3	enclave_tsc_same_invocation	53494863899312	cycles		sgx_worker_enclave		observed
c5-timing-event-v1	C5	asyncs	measured	dynamic-html-derived-v1	73	1	44abd12bc27b4a0fabd12bc27b1a0fb3	AI430	4	enclave_tsc_same_invocation	53494863901947	cycles		sgx_worker_enclave		observed
c5-timing-event-v1	C5	asyncs	measured	dynamic-html-derived-v1	73	1	44abd12bc27b4a0fabd12bc27b1a0fb3	AF400	5	enclave_tsc_same_invocation	53494893690920	cycles		sgx_worker_enclave		observed
c5-timing-event-v1	C5	asyncs	measured	dynamic-html-derived-v1	73	1	44abd12bc27b4a0fabd12bc27b1a0fb3	AF410	6	enclave_tsc_same_invocation	53496245781102	cycles		sgx_worker_enclave		observed
c5-timing-event-v1	C5	asyncs	measured	dynamic-html-derived-v1	73	1	44abd12bc27b4a0fabd12bc27b1a0fb3	AO400	7	enclave_tsc_same_invocation	53496247981912	cycles		sgx_worker_enclave		observed
c5-timing-event-v1	C5	asyncs	measured	dynamic-html-derived-v1	73	1	44abd12bc27b4a0fabd12bc27b1a0fb3	AO410	8	enclave_tsc_same_invocation	53496249145750	cycles		sgx_worker_enclave		observed
c5-timing-event-v1	C5	asyncs	measured	dynamic-html-derived-v1	73	1	44abd12bc27b4a0fabd12bc27b1a0fb3	AO420	9	enclave_tsc_same_invocation	53496249146905	cycles		sgx_worker_enclave		observed
c5-timing-event-v1	C5	asyncs	measured	dynamic-html-derived-v1	73	1	44abd12bc27b4a0fabd12bc27b1a0fb3	AO430	10	enclave_tsc_same_invocation	53496249161097	cycles		sgx_worker_enclave		observed
c5-timing-event-v1	C5	asyncs	measured	dynamic-html-derived-v1	73	1	44abd12bc27b4a0fabd12bc27b1a0fb3	A400	400	monotonic_ns_same_process	19799379740494	ns		asyncs_worker		observed
c5-timing-event-v1	C5	asyncs	measured	dynamic-html-derived-v1	73	1	44abd12bc27b4a0fabd12bc27b1a0fb3	A410	410	monotonic_ns_same_process	19799899490983	ns		asyncs_worker		observed
c5-timing-event-v1	C5	asyncs	measured	dynamic-html-derived-v1	74	1	eba186c438584860a186c43858b86000	AI400	1	enclave_tsc_same_invocation	53495546441080	cycles		sgx_worker_enclave		observed
c5-timing-event-v1	C5	asyncs	measured	dynamic-html-derived-v1	74	1	eba186c438584860a186c43858b86000	AI410	2	enclave_tsc_same_invocation	53495557654541	cycles		sgx_worker_enclave		observed
c5-timing-event-v1	C5	asyncs	measured	dynamic-html-derived-v1	74	1	eba186c438584860a186c43858b86000	AI420	3	enclave_tsc_same_invocation	53495557656198	cycles		sgx_worker_enclave		observed
c5-timing-event-v1	C5	asyncs	measured	dynamic-html-derived-v1	74	1	eba186c438584860a186c43858b86000	AI430	4	enclave_tsc_same_invocation	53495557660220	cycles		sgx_worker_enclave		observed
c5-timing-event-v1	C5	asyncs	measured	dynamic-html-derived-v1	74	1	eba186c438584860a186c43858b86000	AF400	5	enclave_tsc_same_invocation	53495577808735	cycles		sgx_worker_enclave		observed
c5-timing-event-v1	C5	asyncs	measured	dynamic-html-derived-v1	74	1	eba186c438584860a186c43858b86000	AF410	6	enclave_tsc_same_invocation	53496450688796	cycles		sgx_worker_enclave		observed
c5-timing-event-v1	C5	asyncs	measured	dynamic-html-derived-v1	74	1	eba186c438584860a186c43858b86000	AO400	7	enclave_tsc_same_invocation	53496452750271	cycles		sgx_worker_enclave		observed
c5-timing-event-v1	C5	asyncs	measured	dynamic-html-derived-v1	74	1	eba186c438584860a186c43858b86000	AO410	8	enclave_tsc_same_invocation	53496453349796	cycles		sgx_worker_enclave		observed
c5-timing-event-v1	C5	asyncs	measured	dynamic-html-derived-v1	74	1	eba186c438584860a186c43858b86000	AO420	9	enclave_tsc_same_invocation	53496453350586	cycles		sgx_worker_enclave		observed
c5-timing-event-v1	C5	asyncs	measured	dynamic-html-derived-v1	74	1	eba186c438584860a186c43858b86000	AO430	10	enclave_tsc_same_invocation	53496453360144	cycles		sgx_worker_enclave		observed
c5-timing-event-v1	C5	asyncs	measured	dynamic-html-derived-v1	74	1	eba186c438584860a186c43858b86000	A400	400	monotonic_ns_same_process	19800474881412	ns		asyncs_worker		observed
c5-timing-event-v1	C5	asyncs	measured	dynamic-html-derived-v1	74	1	eba186c438584860a186c43858b86000	A410	410	monotonic_ns_same_process	19800812438029	ns		asyncs_worker		observed
c5-timing-event-v1	C5	asyncs	measured	dynamic-html-derived-v1	75	1	9128758fb04e4409a8758fb04ed4090e	AI400	1	enclave_tsc_same_invocation	53495544590501	cycles		sgx_worker_enclave		observed
c5-timing-event-v1	C5	asyncs	measured	dynamic-html-derived-v1	75	1	9128758fb04e4409a8758fb04ed4090e	AI410	2	enclave_tsc_same_invocation	53495555991303	cycles		sgx_worker_enclave		observed
c5-timing-event-v1	C5	asyncs	measured	dynamic-html-derived-v1	75	1	9128758fb04e4409a8758fb04ed4090e	AI420	3	enclave_tsc_same_invocation	53495555992605	cycles		sgx_worker_enclave		observed
c5-timing-event-v1	C5	asyncs	measured	dynamic-html-derived-v1	75	1	9128758fb04e4409a8758fb04ed4090e	AI430	4	enclave_tsc_same_invocation	53495555998094	cycles		sgx_worker_enclave		observed
c5-timing-event-v1	C5	asyncs	measured	dynamic-html-derived-v1	75	1	9128758fb04e4409a8758fb04ed4090e	AF400	5	enclave_tsc_same_invocation	53495575766038	cycles		sgx_worker_enclave		observed
c5-timing-event-v1	C5	asyncs	measured	dynamic-html-derived-v1	75	1	9128758fb04e4409a8758fb04ed4090e	AF410	6	enclave_tsc_same_invocation	53496922251888	cycles		sgx_worker_enclave		observed
c5-timing-event-v1	C5	asyncs	measured	dynamic-html-derived-v1	75	1	9128758fb04e4409a8758fb04ed4090e	AO400	7	enclave_tsc_same_invocation	53496924413687	cycles		sgx_worker_enclave		observed
c5-timing-event-v1	C5	asyncs	measured	dynamic-html-derived-v1	75	1	9128758fb04e4409a8758fb04ed4090e	AO410	8	enclave_tsc_same_invocation	53496925470829	cycles		sgx_worker_enclave		observed
c5-timing-event-v1	C5	asyncs	measured	dynamic-html-derived-v1	75	1	9128758fb04e4409a8758fb04ed4090e	AO420	9	enclave_tsc_same_invocation	53496925472104	cycles		sgx_worker_enclave		observed
c5-timing-event-v1	C5	asyncs	measured	dynamic-html-derived-v1	75	1	9128758fb04e4409a8758fb04ed4090e	AO430	10	enclave_tsc_same_invocation	53496925487703	cycles		sgx_worker_enclave		observed
c5-timing-event-v1	C5	asyncs	measured	dynamic-html-derived-v1	75	1	9128758fb04e4409a8758fb04ed4090e	A400	400	monotonic_ns_same_process	19799636277095	ns		asyncs_worker		observed
c5-timing-event-v1	C5	asyncs	measured	dynamic-html-derived-v1	75	1	9128758fb04e4409a8758fb04ed4090e	A410	410	monotonic_ns_same_process	19800149993836	ns		asyncs_worker		observed
c5-timing-event-v1	C5	asyncs	measured	dynamic-html-derived-v1	76	1	30397b199d214aa2b97b199d21daa219	AI400	1	enclave_tsc_same_invocation	53496600630549	cycles		sgx_worker_enclave		observed
c5-timing-event-v1	C5	asyncs	measured	dynamic-html-derived-v1	76	1	30397b199d214aa2b97b199d21daa219	AI410	2	enclave_tsc_same_invocation	53496610912574	cycles		sgx_worker_enclave		observed
c5-timing-event-v1	C5	asyncs	measured	dynamic-html-derived-v1	76	1	30397b199d214aa2b97b199d21daa219	AI420	3	enclave_tsc_same_invocation	53496610913233	cycles		sgx_worker_enclave		observed
c5-timing-event-v1	C5	asyncs	measured	dynamic-html-derived-v1	76	1	30397b199d214aa2b97b199d21daa219	AI430	4	enclave_tsc_same_invocation	53496610916149	cycles		sgx_worker_enclave		observed
c5-timing-event-v1	C5	asyncs	measured	dynamic-html-derived-v1	76	1	30397b199d214aa2b97b199d21daa219	AF400	5	enclave_tsc_same_invocation	53496622771359	cycles		sgx_worker_enclave		observed
c5-timing-event-v1	C5	asyncs	measured	dynamic-html-derived-v1	76	1	30397b199d214aa2b97b199d21daa219	AF410	6	enclave_tsc_same_invocation	53497500087664	cycles		sgx_worker_enclave		observed
c5-timing-event-v1	C5	asyncs	measured	dynamic-html-derived-v1	76	1	30397b199d214aa2b97b199d21daa219	AO400	7	enclave_tsc_same_invocation	53497502137761	cycles		sgx_worker_enclave		observed
c5-timing-event-v1	C5	asyncs	measured	dynamic-html-derived-v1	76	1	30397b199d214aa2b97b199d21daa219	AO410	8	enclave_tsc_same_invocation	53497502833350	cycles		sgx_worker_enclave		observed
c5-timing-event-v1	C5	asyncs	measured	dynamic-html-derived-v1	76	1	30397b199d214aa2b97b199d21daa219	AO420	9	enclave_tsc_same_invocation	53497502834320	cycles		sgx_worker_enclave		observed
c5-timing-event-v1	C5	asyncs	measured	dynamic-html-derived-v1	76	1	30397b199d214aa2b97b199d21daa219	AO430	10	enclave_tsc_same_invocation	53497502843957	cycles		sgx_worker_enclave		observed
c5-timing-event-v1	C5	asyncs	measured	dynamic-html-derived-v1	76	1	30397b199d214aa2b97b199d21daa219	A400	400	monotonic_ns_same_process	19800865329635	ns		asyncs_worker		observed
c5-timing-event-v1	C5	asyncs	measured	dynamic-html-derived-v1	76	1	30397b199d214aa2b97b199d21daa219	A410	410	monotonic_ns_same_process	19801201144482	ns		asyncs_worker		observed
c5-timing-event-v1	C5	asyncs	measured	dynamic-html-derived-v1	77	1	f6165d1da7624ad1965d1da7625ad10f	AI400	1	enclave_tsc_same_invocation	53496477807200	cycles		sgx_worker_enclave		observed
c5-timing-event-v1	C5	asyncs	measured	dynamic-html-derived-v1	77	1	f6165d1da7624ad1965d1da7625ad10f	AI410	2	enclave_tsc_same_invocation	53496489317477	cycles		sgx_worker_enclave		observed
c5-timing-event-v1	C5	asyncs	measured	dynamic-html-derived-v1	77	1	f6165d1da7624ad1965d1da7625ad10f	AI420	3	enclave_tsc_same_invocation	53496489318360	cycles		sgx_worker_enclave		observed
c5-timing-event-v1	C5	asyncs	measured	dynamic-html-derived-v1	77	1	f6165d1da7624ad1965d1da7625ad10f	AI430	4	enclave_tsc_same_invocation	53496489322290	cycles		sgx_worker_enclave		observed
c5-timing-event-v1	C5	asyncs	measured	dynamic-html-derived-v1	77	1	f6165d1da7624ad1965d1da7625ad10f	AF400	5	enclave_tsc_same_invocation	53496509445805	cycles		sgx_worker_enclave		observed
c5-timing-event-v1	C5	asyncs	measured	dynamic-html-derived-v1	77	1	f6165d1da7624ad1965d1da7625ad10f	AF410	6	enclave_tsc_same_invocation	53497749080597	cycles		sgx_worker_enclave		observed
c5-timing-event-v1	C5	asyncs	measured	dynamic-html-derived-v1	77	1	f6165d1da7624ad1965d1da7625ad10f	AO400	7	enclave_tsc_same_invocation	53497751453402	cycles		sgx_worker_enclave		observed
c5-timing-event-v1	C5	asyncs	measured	dynamic-html-derived-v1	77	1	f6165d1da7624ad1965d1da7625ad10f	AO410	8	enclave_tsc_same_invocation	53497752536099	cycles		sgx_worker_enclave		observed
c5-timing-event-v1	C5	asyncs	measured	dynamic-html-derived-v1	77	1	f6165d1da7624ad1965d1da7625ad10f	AO420	9	enclave_tsc_same_invocation	53497752537285	cycles		sgx_worker_enclave		observed
c5-timing-event-v1	C5	asyncs	measured	dynamic-html-derived-v1	77	1	f6165d1da7624ad1965d1da7625ad10f	AO430	10	enclave_tsc_same_invocation	53497752551422	cycles		sgx_worker_enclave		observed
c5-timing-event-v1	C5	asyncs	measured	dynamic-html-derived-v1	77	1	f6165d1da7624ad1965d1da7625ad10f	A400	400	monotonic_ns_same_process	19799982224756	ns		asyncs_worker		observed
c5-timing-event-v1	C5	asyncs	measured	dynamic-html-derived-v1	77	1	f6165d1da7624ad1965d1da7625ad10f	A410	410	monotonic_ns_same_process	19800456298395	ns		asyncs_worker		observed
c5-timing-event-v1	C5	asyncs	measured	dynamic-html-derived-v1	78	1	6b8bbccc04be41c48bbccc04beb1c495	AI400	1	enclave_tsc_same_invocation	53497704188294	cycles		sgx_worker_enclave		observed
c5-timing-event-v1	C5	asyncs	measured	dynamic-html-derived-v1	78	1	6b8bbccc04be41c48bbccc04beb1c495	AI410	2	enclave_tsc_same_invocation	53497710637896	cycles		sgx_worker_enclave		observed
c5-timing-event-v1	C5	asyncs	measured	dynamic-html-derived-v1	78	1	6b8bbccc04be41c48bbccc04beb1c495	AI420	3	enclave_tsc_same_invocation	53497710638488	cycles		sgx_worker_enclave		observed
c5-timing-event-v1	C5	asyncs	measured	dynamic-html-derived-v1	78	1	6b8bbccc04be41c48bbccc04beb1c495	AI430	4	enclave_tsc_same_invocation	53497710641281	cycles		sgx_worker_enclave		observed
c5-timing-event-v1	C5	asyncs	measured	dynamic-html-derived-v1	78	1	6b8bbccc04be41c48bbccc04beb1c495	AF400	5	enclave_tsc_same_invocation	53497722413390	cycles		sgx_worker_enclave		observed
c5-timing-event-v1	C5	asyncs	measured	dynamic-html-derived-v1	78	1	6b8bbccc04be41c48bbccc04beb1c495	AF410	6	enclave_tsc_same_invocation	53498599017690	cycles		sgx_worker_enclave		observed
c5-timing-event-v1	C5	asyncs	measured	dynamic-html-derived-v1	78	1	6b8bbccc04be41c48bbccc04beb1c495	AO400	7	enclave_tsc_same_invocation	53498600996257	cycles		sgx_worker_enclave		observed
c5-timing-event-v1	C5	asyncs	measured	dynamic-html-derived-v1	78	1	6b8bbccc04be41c48bbccc04beb1c495	AO410	8	enclave_tsc_same_invocation	53498601655258	cycles		sgx_worker_enclave		observed
c5-timing-event-v1	C5	asyncs	measured	dynamic-html-derived-v1	78	1	6b8bbccc04be41c48bbccc04beb1c495	AO420	9	enclave_tsc_same_invocation	53498601656209	cycles		sgx_worker_enclave		observed
c5-timing-event-v1	C5	asyncs	measured	dynamic-html-derived-v1	78	1	6b8bbccc04be41c48bbccc04beb1c495	AO430	10	enclave_tsc_same_invocation	53498601665888	cycles		sgx_worker_enclave		observed
c5-timing-event-v1	C5	asyncs	measured	dynamic-html-derived-v1	78	1	6b8bbccc04be41c48bbccc04beb1c495	A400	400	monotonic_ns_same_process	19801274593864	ns		asyncs_worker		observed
c5-timing-event-v1	C5	asyncs	measured	dynamic-html-derived-v1	78	1	6b8bbccc04be41c48bbccc04beb1c495	A410	410	monotonic_ns_same_process	19801608130612	ns		asyncs_worker		observed
c5-timing-event-v1	C5	asyncs	measured	dynamic-html-derived-v1	79	1	dfc222fc403242498222fc403242497d	AI400	1	enclave_tsc_same_invocation	53497242196792	cycles		sgx_worker_enclave		observed
c5-timing-event-v1	C5	asyncs	measured	dynamic-html-derived-v1	79	1	dfc222fc403242498222fc403242497d	AI410	2	enclave_tsc_same_invocation	53497253093312	cycles		sgx_worker_enclave		observed
c5-timing-event-v1	C5	asyncs	measured	dynamic-html-derived-v1	79	1	dfc222fc403242498222fc403242497d	AI420	3	enclave_tsc_same_invocation	53497253094265	cycles		sgx_worker_enclave		observed
c5-timing-event-v1	C5	asyncs	measured	dynamic-html-derived-v1	79	1	dfc222fc403242498222fc403242497d	AI430	4	enclave_tsc_same_invocation	53497253098116	cycles		sgx_worker_enclave		observed
c5-timing-event-v1	C5	asyncs	measured	dynamic-html-derived-v1	79	1	dfc222fc403242498222fc403242497d	AF400	5	enclave_tsc_same_invocation	53497272778631	cycles		sgx_worker_enclave		observed
c5-timing-event-v1	C5	asyncs	measured	dynamic-html-derived-v1	79	1	dfc222fc403242498222fc403242497d	AF410	6	enclave_tsc_same_invocation	53498582961973	cycles		sgx_worker_enclave		observed
c5-timing-event-v1	C5	asyncs	measured	dynamic-html-derived-v1	79	1	dfc222fc403242498222fc403242497d	AO400	7	enclave_tsc_same_invocation	53498585193151	cycles		sgx_worker_enclave		observed
c5-timing-event-v1	C5	asyncs	measured	dynamic-html-derived-v1	79	1	dfc222fc403242498222fc403242497d	AO410	8	enclave_tsc_same_invocation	53498586357393	cycles		sgx_worker_enclave		observed
c5-timing-event-v1	C5	asyncs	measured	dynamic-html-derived-v1	79	1	dfc222fc403242498222fc403242497d	AO420	9	enclave_tsc_same_invocation	53498586358323	cycles		sgx_worker_enclave		observed
c5-timing-event-v1	C5	asyncs	measured	dynamic-html-derived-v1	79	1	dfc222fc403242498222fc403242497d	AO430	10	enclave_tsc_same_invocation	53498586374219	cycles		sgx_worker_enclave		observed
c5-timing-event-v1	C5	asyncs	measured	dynamic-html-derived-v1	79	1	dfc222fc403242498222fc403242497d	A400	400	monotonic_ns_same_process	19800265541731	ns		asyncs_worker		observed
c5-timing-event-v1	C5	asyncs	measured	dynamic-html-derived-v1	79	1	dfc222fc403242498222fc403242497d	A410	410	monotonic_ns_same_process	19800765138830	ns		asyncs_worker		observed
c5-timing-event-v1	C5	asyncs	measured	dynamic-html-derived-v1	80	1	b9a2490721f5415aa2490721f5615a86	AI400	1	enclave_tsc_same_invocation	53497923716489	cycles		sgx_worker_enclave		observed
c5-timing-event-v1	C5	asyncs	measured	dynamic-html-derived-v1	80	1	b9a2490721f5415aa2490721f5615a86	AI410	2	enclave_tsc_same_invocation	53497935249391	cycles		sgx_worker_enclave		observed
c5-timing-event-v1	C5	asyncs	measured	dynamic-html-derived-v1	80	1	b9a2490721f5415aa2490721f5615a86	AI420	3	enclave_tsc_same_invocation	53497935250258	cycles		sgx_worker_enclave		observed
c5-timing-event-v1	C5	asyncs	measured	dynamic-html-derived-v1	80	1	b9a2490721f5415aa2490721f5615a86	AI430	4	enclave_tsc_same_invocation	53497935253752	cycles		sgx_worker_enclave		observed
c5-timing-event-v1	C5	asyncs	measured	dynamic-html-derived-v1	80	1	b9a2490721f5415aa2490721f5615a86	AF400	5	enclave_tsc_same_invocation	53497955309813	cycles		sgx_worker_enclave		observed
c5-timing-event-v1	C5	asyncs	measured	dynamic-html-derived-v1	80	1	b9a2490721f5415aa2490721f5615a86	AF410	6	enclave_tsc_same_invocation	53499288961728	cycles		sgx_worker_enclave		observed
c5-timing-event-v1	C5	asyncs	measured	dynamic-html-derived-v1	80	1	b9a2490721f5415aa2490721f5615a86	AO400	7	enclave_tsc_same_invocation	53499291266125	cycles		sgx_worker_enclave		observed
c5-timing-event-v1	C5	asyncs	measured	dynamic-html-derived-v1	80	1	b9a2490721f5415aa2490721f5615a86	AO410	8	enclave_tsc_same_invocation	53499292319179	cycles		sgx_worker_enclave		observed
c5-timing-event-v1	C5	asyncs	measured	dynamic-html-derived-v1	80	1	b9a2490721f5415aa2490721f5615a86	AO420	9	enclave_tsc_same_invocation	53499292320284	cycles		sgx_worker_enclave		observed
c5-timing-event-v1	C5	asyncs	measured	dynamic-html-derived-v1	80	1	b9a2490721f5415aa2490721f5615a86	AO430	10	enclave_tsc_same_invocation	53499292334236	cycles		sgx_worker_enclave		observed
c5-timing-event-v1	C5	asyncs	measured	dynamic-html-derived-v1	80	1	b9a2490721f5415aa2490721f5615a86	A400	400	monotonic_ns_same_process	19800517442818	ns		asyncs_worker		observed
c5-timing-event-v1	C5	asyncs	measured	dynamic-html-derived-v1	80	1	b9a2490721f5415aa2490721f5615a86	A410	410	monotonic_ns_same_process	19801026611695	ns		asyncs_worker		observed
c5-timing-event-v1	C5	asyncs	measured	dynamic-html-derived-v1	81	1	fb418164103b4498818164103b4498aa	AI400	1	enclave_tsc_same_invocation	53498753756833	cycles		sgx_worker_enclave		observed
c5-timing-event-v1	C5	asyncs	measured	dynamic-html-derived-v1	81	1	fb418164103b4498818164103b4498aa	AI410	2	enclave_tsc_same_invocation	53498760148880	cycles		sgx_worker_enclave		observed
c5-timing-event-v1	C5	asyncs	measured	dynamic-html-derived-v1	81	1	fb418164103b4498818164103b4498aa	AI420	3	enclave_tsc_same_invocation	53498760149418	cycles		sgx_worker_enclave		observed
c5-timing-event-v1	C5	asyncs	measured	dynamic-html-derived-v1	81	1	fb418164103b4498818164103b4498aa	AI430	4	enclave_tsc_same_invocation	53498760152267	cycles		sgx_worker_enclave		observed
c5-timing-event-v1	C5	asyncs	measured	dynamic-html-derived-v1	81	1	fb418164103b4498818164103b4498aa	AF400	5	enclave_tsc_same_invocation	53498771980026	cycles		sgx_worker_enclave		observed
c5-timing-event-v1	C5	asyncs	measured	dynamic-html-derived-v1	81	1	fb418164103b4498818164103b4498aa	AF410	6	enclave_tsc_same_invocation	53499651103094	cycles		sgx_worker_enclave		observed
c5-timing-event-v1	C5	asyncs	measured	dynamic-html-derived-v1	81	1	fb418164103b4498818164103b4498aa	AO400	7	enclave_tsc_same_invocation	53499653122804	cycles		sgx_worker_enclave		observed
c5-timing-event-v1	C5	asyncs	measured	dynamic-html-derived-v1	81	1	fb418164103b4498818164103b4498aa	AO410	8	enclave_tsc_same_invocation	53499653728569	cycles		sgx_worker_enclave		observed
c5-timing-event-v1	C5	asyncs	measured	dynamic-html-derived-v1	81	1	fb418164103b4498818164103b4498aa	AO420	9	enclave_tsc_same_invocation	53499653729279	cycles		sgx_worker_enclave		observed
c5-timing-event-v1	C5	asyncs	measured	dynamic-html-derived-v1	81	1	fb418164103b4498818164103b4498aa	AO430	10	enclave_tsc_same_invocation	53499653738563	cycles		sgx_worker_enclave		observed
c5-timing-event-v1	C5	asyncs	measured	dynamic-html-derived-v1	81	1	fb418164103b4498818164103b4498aa	A400	400	monotonic_ns_same_process	19801663331287	ns		asyncs_worker		observed
c5-timing-event-v1	C5	asyncs	measured	dynamic-html-derived-v1	81	1	fb418164103b4498818164103b4498aa	A410	410	monotonic_ns_same_process	19801997782642	ns		asyncs_worker		observed
c5-timing-event-v1	C5	asyncs	measured	dynamic-html-derived-v1	82	1	a7cdd71c60bc415c8dd71c60bcf15c78	AI400	1	enclave_tsc_same_invocation	53498744868881	cycles		sgx_worker_enclave		observed
c5-timing-event-v1	C5	asyncs	measured	dynamic-html-derived-v1	82	1	a7cdd71c60bc415c8dd71c60bcf15c78	AI410	2	enclave_tsc_same_invocation	53498755266309	cycles		sgx_worker_enclave		observed
c5-timing-event-v1	C5	asyncs	measured	dynamic-html-derived-v1	82	1	a7cdd71c60bc415c8dd71c60bcf15c78	AI420	3	enclave_tsc_same_invocation	53498755267228	cycles		sgx_worker_enclave		observed
c5-timing-event-v1	C5	asyncs	measured	dynamic-html-derived-v1	82	1	a7cdd71c60bc415c8dd71c60bcf15c78	AI430	4	enclave_tsc_same_invocation	53498755270854	cycles		sgx_worker_enclave		observed
c5-timing-event-v1	C5	asyncs	measured	dynamic-html-derived-v1	82	1	a7cdd71c60bc415c8dd71c60bcf15c78	AF400	5	enclave_tsc_same_invocation	53498774452124	cycles		sgx_worker_enclave		observed
c5-timing-event-v1	C5	asyncs	measured	dynamic-html-derived-v1	82	1	a7cdd71c60bc415c8dd71c60bcf15c78	AF410	6	enclave_tsc_same_invocation	53500049014141	cycles		sgx_worker_enclave		observed
c5-timing-event-v1	C5	asyncs	measured	dynamic-html-derived-v1	82	1	a7cdd71c60bc415c8dd71c60bcf15c78	AO400	7	enclave_tsc_same_invocation	53500051176667	cycles		sgx_worker_enclave		observed
c5-timing-event-v1	C5	asyncs	measured	dynamic-html-derived-v1	82	1	a7cdd71c60bc415c8dd71c60bcf15c78	AO410	8	enclave_tsc_same_invocation	53500052203715	cycles		sgx_worker_enclave		observed
c5-timing-event-v1	C5	asyncs	measured	dynamic-html-derived-v1	82	1	a7cdd71c60bc415c8dd71c60bcf15c78	AO420	9	enclave_tsc_same_invocation	53500052204779	cycles		sgx_worker_enclave		observed
c5-timing-event-v1	C5	asyncs	measured	dynamic-html-derived-v1	82	1	a7cdd71c60bc415c8dd71c60bcf15c78	AO430	10	enclave_tsc_same_invocation	53500052218757	cycles		sgx_worker_enclave		observed
c5-timing-event-v1	C5	asyncs	measured	dynamic-html-derived-v1	82	1	a7cdd71c60bc415c8dd71c60bcf15c78	A400	400	monotonic_ns_same_process	19800822182122	ns		asyncs_worker		observed
c5-timing-event-v1	C5	asyncs	measured	dynamic-html-derived-v1	82	1	a7cdd71c60bc415c8dd71c60bcf15c78	A410	410	monotonic_ns_same_process	19801308057409	ns		asyncs_worker		observed
c5-timing-event-v1	C5	asyncs	measured	dynamic-html-derived-v1	83	1	9a41da22562d45dd81da22562d75ddb5	AI400	1	enclave_tsc_same_invocation	53499798197934	cycles		sgx_worker_enclave		observed
c5-timing-event-v1	C5	asyncs	measured	dynamic-html-derived-v1	83	1	9a41da22562d45dd81da22562d75ddb5	AI410	2	enclave_tsc_same_invocation	53499809746581	cycles		sgx_worker_enclave		observed
c5-timing-event-v1	C5	asyncs	measured	dynamic-html-derived-v1	83	1	9a41da22562d45dd81da22562d75ddb5	AI420	3	enclave_tsc_same_invocation	53499809747548	cycles		sgx_worker_enclave		observed
c5-timing-event-v1	C5	asyncs	measured	dynamic-html-derived-v1	83	1	9a41da22562d45dd81da22562d75ddb5	AI430	4	enclave_tsc_same_invocation	53499809751538	cycles		sgx_worker_enclave		observed
c5-timing-event-v1	C5	asyncs	measured	dynamic-html-derived-v1	83	1	9a41da22562d45dd81da22562d75ddb5	AF400	5	enclave_tsc_same_invocation	53499826026376	cycles		sgx_worker_enclave		observed
c5-timing-event-v1	C5	asyncs	measured	dynamic-html-derived-v1	83	1	9a41da22562d45dd81da22562d75ddb5	AF410	6	enclave_tsc_same_invocation	53500699422462	cycles		sgx_worker_enclave		observed
c5-timing-event-v1	C5	asyncs	measured	dynamic-html-derived-v1	83	1	9a41da22562d45dd81da22562d75ddb5	AO400	7	enclave_tsc_same_invocation	53500701350724	cycles		sgx_worker_enclave		observed
c5-timing-event-v1	C5	asyncs	measured	dynamic-html-derived-v1	83	1	9a41da22562d45dd81da22562d75ddb5	AO410	8	enclave_tsc_same_invocation	53500701984012	cycles		sgx_worker_enclave		observed
c5-timing-event-v1	C5	asyncs	measured	dynamic-html-derived-v1	83	1	9a41da22562d45dd81da22562d75ddb5	AO420	9	enclave_tsc_same_invocation	53500701984938	cycles		sgx_worker_enclave		observed
c5-timing-event-v1	C5	asyncs	measured	dynamic-html-derived-v1	83	1	9a41da22562d45dd81da22562d75ddb5	AO430	10	enclave_tsc_same_invocation	53500701995462	cycles		sgx_worker_enclave		observed
c5-timing-event-v1	C5	asyncs	measured	dynamic-html-derived-v1	83	1	9a41da22562d45dd81da22562d75ddb5	A400	400	monotonic_ns_same_process	19802049637205	ns		asyncs_worker		observed
c5-timing-event-v1	C5	asyncs	measured	dynamic-html-derived-v1	83	1	9a41da22562d45dd81da22562d75ddb5	A410	410	monotonic_ns_same_process	19802386041213	ns		asyncs_worker		observed
c5-timing-event-v1	C5	asyncs	measured	dynamic-html-derived-v1	84	1	86d5857c370f4e5195857c370fee51bb	AI400	1	enclave_tsc_same_invocation	53499477089101	cycles		sgx_worker_enclave		observed
c5-timing-event-v1	C5	asyncs	measured	dynamic-html-derived-v1	84	1	86d5857c370f4e5195857c370fee51bb	AI410	2	enclave_tsc_same_invocation	53499500872884	cycles		sgx_worker_enclave		observed
c5-timing-event-v1	C5	asyncs	measured	dynamic-html-derived-v1	84	1	86d5857c370f4e5195857c370fee51bb	AI420	3	enclave_tsc_same_invocation	53499500873834	cycles		sgx_worker_enclave		observed
c5-timing-event-v1	C5	asyncs	measured	dynamic-html-derived-v1	84	1	86d5857c370f4e5195857c370fee51bb	AI430	4	enclave_tsc_same_invocation	53499500878169	cycles		sgx_worker_enclave		observed
c5-timing-event-v1	C5	asyncs	measured	dynamic-html-derived-v1	84	1	86d5857c370f4e5195857c370fee51bb	AF400	5	enclave_tsc_same_invocation	53499520711420	cycles		sgx_worker_enclave		observed
c5-timing-event-v1	C5	asyncs	measured	dynamic-html-derived-v1	84	1	86d5857c370f4e5195857c370fee51bb	AF410	6	enclave_tsc_same_invocation	53500820740231	cycles		sgx_worker_enclave		observed
c5-timing-event-v1	C5	asyncs	measured	dynamic-html-derived-v1	84	1	86d5857c370f4e5195857c370fee51bb	AO400	7	enclave_tsc_same_invocation	53500823074987	cycles		sgx_worker_enclave		observed
c5-timing-event-v1	C5	asyncs	measured	dynamic-html-derived-v1	84	1	86d5857c370f4e5195857c370fee51bb	AO410	8	enclave_tsc_same_invocation	53500824176215	cycles		sgx_worker_enclave		observed
c5-timing-event-v1	C5	asyncs	measured	dynamic-html-derived-v1	84	1	86d5857c370f4e5195857c370fee51bb	AO420	9	enclave_tsc_same_invocation	53500824177331	cycles		sgx_worker_enclave		observed
c5-timing-event-v1	C5	asyncs	measured	dynamic-html-derived-v1	84	1	86d5857c370f4e5195857c370fee51bb	AO430	10	enclave_tsc_same_invocation	53500824191417	cycles		sgx_worker_enclave		observed
c5-timing-event-v1	C5	asyncs	measured	dynamic-html-derived-v1	84	1	86d5857c370f4e5195857c370fee51bb	A400	400	monotonic_ns_same_process	19801088811635	ns		asyncs_worker		observed
c5-timing-event-v1	C5	asyncs	measured	dynamic-html-derived-v1	84	1	86d5857c370f4e5195857c370fee51bb	A410	410	monotonic_ns_same_process	19801593970069	ns		asyncs_worker		observed
c5-timing-event-v1	C5	asyncs	measured	dynamic-html-derived-v1	85	1	500b144ce6af42e08b144ce6af42e0e5	AI400	1	enclave_tsc_same_invocation	53500844020403	cycles		sgx_worker_enclave		observed
c5-timing-event-v1	C5	asyncs	measured	dynamic-html-derived-v1	85	1	500b144ce6af42e08b144ce6af42e0e5	AI410	2	enclave_tsc_same_invocation	53500850501932	cycles		sgx_worker_enclave		observed
c5-timing-event-v1	C5	asyncs	measured	dynamic-html-derived-v1	85	1	500b144ce6af42e08b144ce6af42e0e5	AI420	3	enclave_tsc_same_invocation	53500850502438	cycles		sgx_worker_enclave		observed
c5-timing-event-v1	C5	asyncs	measured	dynamic-html-derived-v1	85	1	500b144ce6af42e08b144ce6af42e0e5	AI430	4	enclave_tsc_same_invocation	53500850505304	cycles		sgx_worker_enclave		observed
c5-timing-event-v1	C5	asyncs	measured	dynamic-html-derived-v1	85	1	500b144ce6af42e08b144ce6af42e0e5	AF400	5	enclave_tsc_same_invocation	53500862305984	cycles		sgx_worker_enclave		observed
c5-timing-event-v1	C5	asyncs	measured	dynamic-html-derived-v1	85	1	500b144ce6af42e08b144ce6af42e0e5	AF410	6	enclave_tsc_same_invocation	53501736683815	cycles		sgx_worker_enclave		observed
c5-timing-event-v1	C5	asyncs	measured	dynamic-html-derived-v1	85	1	500b144ce6af42e08b144ce6af42e0e5	AO400	7	enclave_tsc_same_invocation	53501738746270	cycles		sgx_worker_enclave		observed
c5-timing-event-v1	C5	asyncs	measured	dynamic-html-derived-v1	85	1	500b144ce6af42e08b144ce6af42e0e5	AO410	8	enclave_tsc_same_invocation	53501739354967	cycles		sgx_worker_enclave		observed
c5-timing-event-v1	C5	asyncs	measured	dynamic-html-derived-v1	85	1	500b144ce6af42e08b144ce6af42e0e5	AO420	9	enclave_tsc_same_invocation	53501739355779	cycles		sgx_worker_enclave		observed
c5-timing-event-v1	C5	asyncs	measured	dynamic-html-derived-v1	85	1	500b144ce6af42e08b144ce6af42e0e5	AO430	10	enclave_tsc_same_invocation	53501739365721	cycles		sgx_worker_enclave		observed
c5-timing-event-v1	C5	asyncs	measured	dynamic-html-derived-v1	85	1	500b144ce6af42e08b144ce6af42e0e5	A400	400	monotonic_ns_same_process	19802437528186	ns		asyncs_worker		observed
c5-timing-event-v1	C5	asyncs	measured	dynamic-html-derived-v1	85	1	500b144ce6af42e08b144ce6af42e0e5	A410	410	monotonic_ns_same_process	19802770261363	ns		asyncs_worker		observed
c5-timing-event-v1	C5	asyncs	measured	dynamic-html-derived-v1	86	1	2708a33c4ba745da88a33c4ba785da05	AI400	1	enclave_tsc_same_invocation	53500332632769	cycles		sgx_worker_enclave		observed
c5-timing-event-v1	C5	asyncs	measured	dynamic-html-derived-v1	86	1	2708a33c4ba745da88a33c4ba785da05	AI410	2	enclave_tsc_same_invocation	53500343741599	cycles		sgx_worker_enclave		observed
c5-timing-event-v1	C5	asyncs	measured	dynamic-html-derived-v1	86	1	2708a33c4ba745da88a33c4ba785da05	AI420	3	enclave_tsc_same_invocation	53500343742545	cycles		sgx_worker_enclave		observed
c5-timing-event-v1	C5	asyncs	measured	dynamic-html-derived-v1	86	1	2708a33c4ba745da88a33c4ba785da05	AI430	4	enclave_tsc_same_invocation	53500343747187	cycles		sgx_worker_enclave		observed
c5-timing-event-v1	C5	asyncs	measured	dynamic-html-derived-v1	86	1	2708a33c4ba745da88a33c4ba785da05	AF400	5	enclave_tsc_same_invocation	53500390290460	cycles		sgx_worker_enclave		observed
c5-timing-event-v1	C5	asyncs	measured	dynamic-html-derived-v1	86	1	2708a33c4ba745da88a33c4ba785da05	AF410	6	enclave_tsc_same_invocation	53501652930796	cycles		sgx_worker_enclave		observed
c5-timing-event-v1	C5	asyncs	measured	dynamic-html-derived-v1	86	1	2708a33c4ba745da88a33c4ba785da05	AO400	7	enclave_tsc_same_invocation	53501655111624	cycles		sgx_worker_enclave		observed
c5-timing-event-v1	C5	asyncs	measured	dynamic-html-derived-v1	86	1	2708a33c4ba745da88a33c4ba785da05	AO410	8	enclave_tsc_same_invocation	53501656134330	cycles		sgx_worker_enclave		observed
c5-timing-event-v1	C5	asyncs	measured	dynamic-html-derived-v1	86	1	2708a33c4ba745da88a33c4ba785da05	AO420	9	enclave_tsc_same_invocation	53501656135420	cycles		sgx_worker_enclave		observed
c5-timing-event-v1	C5	asyncs	measured	dynamic-html-derived-v1	86	1	2708a33c4ba745da88a33c4ba785da05	AO430	10	enclave_tsc_same_invocation	53501656150506	cycles		sgx_worker_enclave		observed
c5-timing-event-v1	C5	asyncs	measured	dynamic-html-derived-v1	86	1	2708a33c4ba745da88a33c4ba785da05	A400	400	monotonic_ns_same_process	19801410256530	ns		asyncs_worker		observed
c5-timing-event-v1	C5	asyncs	measured	dynamic-html-derived-v1	86	1	2708a33c4ba745da88a33c4ba785da05	A410	410	monotonic_ns_same_process	19801902113168	ns		asyncs_worker		observed
c5-timing-event-v1	C5	asyncs	measured	dynamic-html-derived-v1	87	1	1a71f5e3510442cfb1f5e3510462cfb0	AI400	1	enclave_tsc_same_invocation	53501001968874	cycles		sgx_worker_enclave		observed
c5-timing-event-v1	C5	asyncs	measured	dynamic-html-derived-v1	87	1	1a71f5e3510442cfb1f5e3510462cfb0	AI410	2	enclave_tsc_same_invocation	53501013387234	cycles		sgx_worker_enclave		observed
c5-timing-event-v1	C5	asyncs	measured	dynamic-html-derived-v1	87	1	1a71f5e3510442cfb1f5e3510462cfb0	AI420	3	enclave_tsc_same_invocation	53501013388107	cycles		sgx_worker_enclave		observed
c5-timing-event-v1	C5	asyncs	measured	dynamic-html-derived-v1	87	1	1a71f5e3510442cfb1f5e3510462cfb0	AI430	4	enclave_tsc_same_invocation	53501013391750	cycles		sgx_worker_enclave		observed
c5-timing-event-v1	C5	asyncs	measured	dynamic-html-derived-v1	87	1	1a71f5e3510442cfb1f5e3510462cfb0	AF400	5	enclave_tsc_same_invocation	53501033369544	cycles		sgx_worker_enclave		observed
c5-timing-event-v1	C5	asyncs	measured	dynamic-html-derived-v1	87	1	1a71f5e3510442cfb1f5e3510462cfb0	AF410	6	enclave_tsc_same_invocation	53502332152272	cycles		sgx_worker_enclave		observed
c5-timing-event-v1	C5	asyncs	measured	dynamic-html-derived-v1	87	1	1a71f5e3510442cfb1f5e3510462cfb0	AO400	7	enclave_tsc_same_invocation	53502334412737	cycles		sgx_worker_enclave		observed
c5-timing-event-v1	C5	asyncs	measured	dynamic-html-derived-v1	87	1	1a71f5e3510442cfb1f5e3510462cfb0	AO410	8	enclave_tsc_same_invocation	53502335474315	cycles		sgx_worker_enclave		observed
c5-timing-event-v1	C5	asyncs	measured	dynamic-html-derived-v1	87	1	1a71f5e3510442cfb1f5e3510462cfb0	AO420	9	enclave_tsc_same_invocation	53502335475405	cycles		sgx_worker_enclave		observed
c5-timing-event-v1	C5	asyncs	measured	dynamic-html-derived-v1	87	1	1a71f5e3510442cfb1f5e3510462cfb0	AO430	10	enclave_tsc_same_invocation	53502335491208	cycles		sgx_worker_enclave		observed
c5-timing-event-v1	C5	asyncs	measured	dynamic-html-derived-v1	87	1	1a71f5e3510442cfb1f5e3510462cfb0	A400	400	monotonic_ns_same_process	19801657426828	ns		asyncs_worker		observed
c5-timing-event-v1	C5	asyncs	measured	dynamic-html-derived-v1	87	1	1a71f5e3510442cfb1f5e3510462cfb0	A410	410	monotonic_ns_same_process	19802153734377	ns		asyncs_worker		observed
c5-timing-event-v1	C5	asyncs	measured	dynamic-html-derived-v1	88	1	f09caeb7b6984a1d9caeb7b6982a1d34	AI400	1	enclave_tsc_same_invocation	53501877090493	cycles		sgx_worker_enclave		observed
c5-timing-event-v1	C5	asyncs	measured	dynamic-html-derived-v1	88	1	f09caeb7b6984a1d9caeb7b6982a1d34	AI410	2	enclave_tsc_same_invocation	53501883460598	cycles		sgx_worker_enclave		observed
c5-timing-event-v1	C5	asyncs	measured	dynamic-html-derived-v1	88	1	f09caeb7b6984a1d9caeb7b6982a1d34	AI420	3	enclave_tsc_same_invocation	53501883461091	cycles		sgx_worker_enclave		observed
c5-timing-event-v1	C5	asyncs	measured	dynamic-html-derived-v1	88	1	f09caeb7b6984a1d9caeb7b6982a1d34	AI430	4	enclave_tsc_same_invocation	53501883463892	cycles		sgx_worker_enclave		observed
c5-timing-event-v1	C5	asyncs	measured	dynamic-html-derived-v1	88	1	f09caeb7b6984a1d9caeb7b6982a1d34	AF400	5	enclave_tsc_same_invocation	53501895351122	cycles		sgx_worker_enclave		observed
c5-timing-event-v1	C5	asyncs	measured	dynamic-html-derived-v1	88	1	f09caeb7b6984a1d9caeb7b6982a1d34	AF410	6	enclave_tsc_same_invocation	53502774427168	cycles		sgx_worker_enclave		observed
c5-timing-event-v1	C5	asyncs	measured	dynamic-html-derived-v1	88	1	f09caeb7b6984a1d9caeb7b6982a1d34	AO400	7	enclave_tsc_same_invocation	53502776549532	cycles		sgx_worker_enclave		observed
c5-timing-event-v1	C5	asyncs	measured	dynamic-html-derived-v1	88	1	f09caeb7b6984a1d9caeb7b6982a1d34	AO410	8	enclave_tsc_same_invocation	53502777153761	cycles		sgx_worker_enclave		observed
c5-timing-event-v1	C5	asyncs	measured	dynamic-html-derived-v1	88	1	f09caeb7b6984a1d9caeb7b6982a1d34	AO420	9	enclave_tsc_same_invocation	53502777154601	cycles		sgx_worker_enclave		observed
c5-timing-event-v1	C5	asyncs	measured	dynamic-html-derived-v1	88	1	f09caeb7b6984a1d9caeb7b6982a1d34	AO430	10	enclave_tsc_same_invocation	53502777163501	cycles		sgx_worker_enclave		observed
c5-timing-event-v1	C5	asyncs	measured	dynamic-html-derived-v1	88	1	f09caeb7b6984a1d9caeb7b6982a1d34	A400	400	monotonic_ns_same_process	19802820130849	ns		asyncs_worker		observed
c5-timing-event-v1	C5	asyncs	measured	dynamic-html-derived-v1	88	1	f09caeb7b6984a1d9caeb7b6982a1d34	A410	410	monotonic_ns_same_process	19803154636477	ns		asyncs_worker		observed
c5-timing-event-v1	C5	asyncs	measured	dynamic-html-derived-v1	89	1	52ce52df810b47178e52df810ba71725	AI400	1	enclave_tsc_same_invocation	53501856513106	cycles		sgx_worker_enclave		observed
c5-timing-event-v1	C5	asyncs	measured	dynamic-html-derived-v1	89	1	52ce52df810b47178e52df810ba71725	AI410	2	enclave_tsc_same_invocation	53501867854512	cycles		sgx_worker_enclave		observed
c5-timing-event-v1	C5	asyncs	measured	dynamic-html-derived-v1	89	1	52ce52df810b47178e52df810ba71725	AI420	3	enclave_tsc_same_invocation	53501867856568	cycles		sgx_worker_enclave		observed
c5-timing-event-v1	C5	asyncs	measured	dynamic-html-derived-v1	89	1	52ce52df810b47178e52df810ba71725	AI430	4	enclave_tsc_same_invocation	53501867860523	cycles		sgx_worker_enclave		observed
c5-timing-event-v1	C5	asyncs	measured	dynamic-html-derived-v1	89	1	52ce52df810b47178e52df810ba71725	AF400	5	enclave_tsc_same_invocation	53501887765001	cycles		sgx_worker_enclave		observed
c5-timing-event-v1	C5	asyncs	measured	dynamic-html-derived-v1	89	1	52ce52df810b47178e52df810ba71725	AF410	6	enclave_tsc_same_invocation	53503217339736	cycles		sgx_worker_enclave		observed
c5-timing-event-v1	C5	asyncs	measured	dynamic-html-derived-v1	89	1	52ce52df810b47178e52df810ba71725	AO400	7	enclave_tsc_same_invocation	53503219663548	cycles		sgx_worker_enclave		observed
c5-timing-event-v1	C5	asyncs	measured	dynamic-html-derived-v1	89	1	52ce52df810b47178e52df810ba71725	AO410	8	enclave_tsc_same_invocation	53503220736415	cycles		sgx_worker_enclave		observed
c5-timing-event-v1	C5	asyncs	measured	dynamic-html-derived-v1	89	1	52ce52df810b47178e52df810ba71725	AO420	9	enclave_tsc_same_invocation	53503220737610	cycles		sgx_worker_enclave		observed
c5-timing-event-v1	C5	asyncs	measured	dynamic-html-derived-v1	89	1	52ce52df810b47178e52df810ba71725	AO430	10	enclave_tsc_same_invocation	53503220753336	cycles		sgx_worker_enclave		observed
c5-timing-event-v1	C5	asyncs	measured	dynamic-html-derived-v1	89	1	52ce52df810b47178e52df810ba71725	A400	400	monotonic_ns_same_process	19801974455242	ns		asyncs_worker		observed
c5-timing-event-v1	C5	asyncs	measured	dynamic-html-derived-v1	89	1	52ce52df810b47178e52df810ba71725	A410	410	monotonic_ns_same_process	19802481609398	ns		asyncs_worker		observed
c5-timing-event-v1	C5	asyncs	measured	dynamic-html-derived-v1	90	1	69edaf0db1954d4dadaf0db1952d4d5b	AI400	1	enclave_tsc_same_invocation	53502949193035	cycles		sgx_worker_enclave		observed
c5-timing-event-v1	C5	asyncs	measured	dynamic-html-derived-v1	90	1	69edaf0db1954d4dadaf0db1952d4d5b	AI410	2	enclave_tsc_same_invocation	53502955742276	cycles		sgx_worker_enclave		observed
c5-timing-event-v1	C5	asyncs	measured	dynamic-html-derived-v1	90	1	69edaf0db1954d4dadaf0db1952d4d5b	AI420	3	enclave_tsc_same_invocation	53502955743758	cycles		sgx_worker_enclave		observed
c5-timing-event-v1	C5	asyncs	measured	dynamic-html-derived-v1	90	1	69edaf0db1954d4dadaf0db1952d4d5b	AI430	4	enclave_tsc_same_invocation	53502955747579	cycles		sgx_worker_enclave		observed
c5-timing-event-v1	C5	asyncs	measured	dynamic-html-derived-v1	90	1	69edaf0db1954d4dadaf0db1952d4d5b	AF400	5	enclave_tsc_same_invocation	53502967574030	cycles		sgx_worker_enclave		observed
c5-timing-event-v1	C5	asyncs	measured	dynamic-html-derived-v1	90	1	69edaf0db1954d4dadaf0db1952d4d5b	AF410	6	enclave_tsc_same_invocation	53503841175736	cycles		sgx_worker_enclave		observed
c5-timing-event-v1	C5	asyncs	measured	dynamic-html-derived-v1	90	1	69edaf0db1954d4dadaf0db1952d4d5b	AO400	7	enclave_tsc_same_invocation	53503843261132	cycles		sgx_worker_enclave		observed
c5-timing-event-v1	C5	asyncs	measured	dynamic-html-derived-v1	90	1	69edaf0db1954d4dadaf0db1952d4d5b	AO410	8	enclave_tsc_same_invocation	53503843886472	cycles		sgx_worker_enclave		observed
c5-timing-event-v1	C5	asyncs	measured	dynamic-html-derived-v1	90	1	69edaf0db1954d4dadaf0db1952d4d5b	AO420	9	enclave_tsc_same_invocation	53503843887372	cycles		sgx_worker_enclave		observed
c5-timing-event-v1	C5	asyncs	measured	dynamic-html-derived-v1	90	1	69edaf0db1954d4dadaf0db1952d4d5b	AO430	10	enclave_tsc_same_invocation	53503843897533	cycles		sgx_worker_enclave		observed
c5-timing-event-v1	C5	asyncs	measured	dynamic-html-derived-v1	90	1	69edaf0db1954d4dadaf0db1952d4d5b	A400	400	monotonic_ns_same_process	19803216292866	ns		asyncs_worker		observed
c5-timing-event-v1	C5	asyncs	measured	dynamic-html-derived-v1	90	1	69edaf0db1954d4dadaf0db1952d4d5b	A410	410	monotonic_ns_same_process	19803549732774	ns		asyncs_worker		observed
c5-timing-event-v1	C5	asyncs	measured	dynamic-html-derived-v1	91	1	c92cd9c4fca4469bacd9c4fca4569b89	AI400	1	enclave_tsc_same_invocation	53502507396014	cycles		sgx_worker_enclave		observed
c5-timing-event-v1	C5	asyncs	measured	dynamic-html-derived-v1	91	1	c92cd9c4fca4469bacd9c4fca4569b89	AI410	2	enclave_tsc_same_invocation	53502513801221	cycles		sgx_worker_enclave		observed
c5-timing-event-v1	C5	asyncs	measured	dynamic-html-derived-v1	91	1	c92cd9c4fca4469bacd9c4fca4569b89	AI420	3	enclave_tsc_same_invocation	53502513801774	cycles		sgx_worker_enclave		observed
c5-timing-event-v1	C5	asyncs	measured	dynamic-html-derived-v1	91	1	c92cd9c4fca4469bacd9c4fca4569b89	AI430	4	enclave_tsc_same_invocation	53502513804273	cycles		sgx_worker_enclave		observed
c5-timing-event-v1	C5	asyncs	measured	dynamic-html-derived-v1	91	1	c92cd9c4fca4469bacd9c4fca4569b89	AF400	5	enclave_tsc_same_invocation	53502536334254	cycles		sgx_worker_enclave		observed
c5-timing-event-v1	C5	asyncs	measured	dynamic-html-derived-v1	91	1	c92cd9c4fca4469bacd9c4fca4569b89	AF410	6	enclave_tsc_same_invocation	53503798627876	cycles		sgx_worker_enclave		observed
c5-timing-event-v1	C5	asyncs	measured	dynamic-html-derived-v1	91	1	c92cd9c4fca4469bacd9c4fca4569b89	AO400	7	enclave_tsc_same_invocation	53503800865237	cycles		sgx_worker_enclave		observed
c5-timing-event-v1	C5	asyncs	measured	dynamic-html-derived-v1	91	1	c92cd9c4fca4469bacd9c4fca4569b89	AO410	8	enclave_tsc_same_invocation	53503801899598	cycles		sgx_worker_enclave		observed
c5-timing-event-v1	C5	asyncs	measured	dynamic-html-derived-v1	91	1	c92cd9c4fca4469bacd9c4fca4569b89	AO420	9	enclave_tsc_same_invocation	53503801900745	cycles		sgx_worker_enclave		observed
c5-timing-event-v1	C5	asyncs	measured	dynamic-html-derived-v1	91	1	c92cd9c4fca4469bacd9c4fca4569b89	AO430	10	enclave_tsc_same_invocation	53503801914578	cycles		sgx_worker_enclave		observed
c5-timing-event-v1	C5	asyncs	measured	dynamic-html-derived-v1	91	1	c92cd9c4fca4469bacd9c4fca4569b89	A400	400	monotonic_ns_same_process	19802216244779	ns		asyncs_worker		observed
c5-timing-event-v1	C5	asyncs	measured	dynamic-html-derived-v1	91	1	c92cd9c4fca4469bacd9c4fca4569b89	A410	410	monotonic_ns_same_process	19802696854779	ns		asyncs_worker		observed
c5-timing-event-v1	C5	asyncs	measured	dynamic-html-derived-v1	92	1	55b9aebe07214660b9aebe0721366040	AI400	1	enclave_tsc_same_invocation	53504016630402	cycles		sgx_worker_enclave		observed
c5-timing-event-v1	C5	asyncs	measured	dynamic-html-derived-v1	92	1	55b9aebe07214660b9aebe0721366040	AI410	2	enclave_tsc_same_invocation	53504023171355	cycles		sgx_worker_enclave		observed
c5-timing-event-v1	C5	asyncs	measured	dynamic-html-derived-v1	92	1	55b9aebe07214660b9aebe0721366040	AI420	3	enclave_tsc_same_invocation	53504023171880	cycles		sgx_worker_enclave		observed
c5-timing-event-v1	C5	asyncs	measured	dynamic-html-derived-v1	92	1	55b9aebe07214660b9aebe0721366040	AI430	4	enclave_tsc_same_invocation	53504023174722	cycles		sgx_worker_enclave		observed
c5-timing-event-v1	C5	asyncs	measured	dynamic-html-derived-v1	92	1	55b9aebe07214660b9aebe0721366040	AF400	5	enclave_tsc_same_invocation	53504035105327	cycles		sgx_worker_enclave		observed
c5-timing-event-v1	C5	asyncs	measured	dynamic-html-derived-v1	92	1	55b9aebe07214660b9aebe0721366040	AF410	6	enclave_tsc_same_invocation	53504927957921	cycles		sgx_worker_enclave		observed
c5-timing-event-v1	C5	asyncs	measured	dynamic-html-derived-v1	92	1	55b9aebe07214660b9aebe0721366040	AO400	7	enclave_tsc_same_invocation	53504929988422	cycles		sgx_worker_enclave		observed
c5-timing-event-v1	C5	asyncs	measured	dynamic-html-derived-v1	92	1	55b9aebe07214660b9aebe0721366040	AO410	8	enclave_tsc_same_invocation	53504930618604	cycles		sgx_worker_enclave		observed
c5-timing-event-v1	C5	asyncs	measured	dynamic-html-derived-v1	92	1	55b9aebe07214660b9aebe0721366040	AO420	9	enclave_tsc_same_invocation	53504930619474	cycles		sgx_worker_enclave		observed
c5-timing-event-v1	C5	asyncs	measured	dynamic-html-derived-v1	92	1	55b9aebe07214660b9aebe0721366040	AO430	10	enclave_tsc_same_invocation	53504930629453	cycles		sgx_worker_enclave		observed
c5-timing-event-v1	C5	asyncs	measured	dynamic-html-derived-v1	92	1	55b9aebe07214660b9aebe0721366040	A400	400	monotonic_ns_same_process	19803612536073	ns		asyncs_worker		observed
c5-timing-event-v1	C5	asyncs	measured	dynamic-html-derived-v1	92	1	55b9aebe07214660b9aebe0721366040	A410	410	monotonic_ns_same_process	19803952231793	ns		asyncs_worker		observed
c5-timing-event-v1	C5	asyncs	measured	dynamic-html-derived-v1	93	1	1aa49a31340c47a9a49a31340c27a9be	AI400	1	enclave_tsc_same_invocation	53503476510937	cycles		sgx_worker_enclave		observed
c5-timing-event-v1	C5	asyncs	measured	dynamic-html-derived-v1	93	1	1aa49a31340c47a9a49a31340c27a9be	AI410	2	enclave_tsc_same_invocation	53503487933268	cycles		sgx_worker_enclave		observed
c5-timing-event-v1	C5	asyncs	measured	dynamic-html-derived-v1	93	1	1aa49a31340c47a9a49a31340c27a9be	AI420	3	enclave_tsc_same_invocation	53503487934129	cycles		sgx_worker_enclave		observed
c5-timing-event-v1	C5	asyncs	measured	dynamic-html-derived-v1	93	1	1aa49a31340c47a9a49a31340c27a9be	AI430	4	enclave_tsc_same_invocation	53503487938166	cycles		sgx_worker_enclave		observed
c5-timing-event-v1	C5	asyncs	measured	dynamic-html-derived-v1	93	1	1aa49a31340c47a9a49a31340c27a9be	AF400	5	enclave_tsc_same_invocation	53503508385059	cycles		sgx_worker_enclave		observed
c5-timing-event-v1	C5	asyncs	measured	dynamic-html-derived-v1	93	1	1aa49a31340c47a9a49a31340c27a9be	AF410	6	enclave_tsc_same_invocation	53504803972813	cycles		sgx_worker_enclave		observed
c5-timing-event-v1	C5	asyncs	measured	dynamic-html-derived-v1	93	1	1aa49a31340c47a9a49a31340c27a9be	AO400	7	enclave_tsc_same_invocation	53504806210650	cycles		sgx_worker_enclave		observed
c5-timing-event-v1	C5	asyncs	measured	dynamic-html-derived-v1	93	1	1aa49a31340c47a9a49a31340c27a9be	AO410	8	enclave_tsc_same_invocation	53504807232077	cycles		sgx_worker_enclave		observed
c5-timing-event-v1	C5	asyncs	measured	dynamic-html-derived-v1	93	1	1aa49a31340c47a9a49a31340c27a9be	AO420	9	enclave_tsc_same_invocation	53504807232980	cycles		sgx_worker_enclave		observed
c5-timing-event-v1	C5	asyncs	measured	dynamic-html-derived-v1	93	1	1aa49a31340c47a9a49a31340c27a9be	AO430	10	enclave_tsc_same_invocation	53504807247225	cycles		sgx_worker_enclave		observed
c5-timing-event-v1	C5	asyncs	measured	dynamic-html-derived-v1	93	1	1aa49a31340c47a9a49a31340c27a9be	A400	400	monotonic_ns_same_process	19802573967049	ns		asyncs_worker		observed
c5-timing-event-v1	C5	asyncs	measured	dynamic-html-derived-v1	93	1	1aa49a31340c47a9a49a31340c27a9be	A410	410	monotonic_ns_same_process	19803069210895	ns		asyncs_worker		observed
c5-timing-event-v1	C5	asyncs	measured	dynamic-html-derived-v1	94	1	460f2ab63ca14acb8f2ab63ca1eacbd8	AI400	1	enclave_tsc_same_invocation	53503970290271	cycles		sgx_worker_enclave		observed
c5-timing-event-v1	C5	asyncs	measured	dynamic-html-derived-v1	94	1	460f2ab63ca14acb8f2ab63ca1eacbd8	AI410	2	enclave_tsc_same_invocation	53503981802168	cycles		sgx_worker_enclave		observed
c5-timing-event-v1	C5	asyncs	measured	dynamic-html-derived-v1	94	1	460f2ab63ca14acb8f2ab63ca1eacbd8	AI420	3	enclave_tsc_same_invocation	53503981802987	cycles		sgx_worker_enclave		observed
c5-timing-event-v1	C5	asyncs	measured	dynamic-html-derived-v1	94	1	460f2ab63ca14acb8f2ab63ca1eacbd8	AI430	4	enclave_tsc_same_invocation	53503981806944	cycles		sgx_worker_enclave		observed
c5-timing-event-v1	C5	asyncs	measured	dynamic-html-derived-v1	94	1	460f2ab63ca14acb8f2ab63ca1eacbd8	AF400	5	enclave_tsc_same_invocation	53504002133212	cycles		sgx_worker_enclave		observed
c5-timing-event-v1	C5	asyncs	measured	dynamic-html-derived-v1	94	1	460f2ab63ca14acb8f2ab63ca1eacbd8	AF410	6	enclave_tsc_same_invocation	53505342382764	cycles		sgx_worker_enclave		observed
c5-timing-event-v1	C5	asyncs	measured	dynamic-html-derived-v1	94	1	460f2ab63ca14acb8f2ab63ca1eacbd8	AO400	7	enclave_tsc_same_invocation	53505344699936	cycles		sgx_worker_enclave		observed
c5-timing-event-v1	C5	asyncs	measured	dynamic-html-derived-v1	94	1	460f2ab63ca14acb8f2ab63ca1eacbd8	AO410	8	enclave_tsc_same_invocation	53505345731888	cycles		sgx_worker_enclave		observed
c5-timing-event-v1	C5	asyncs	measured	dynamic-html-derived-v1	94	1	460f2ab63ca14acb8f2ab63ca1eacbd8	AO420	9	enclave_tsc_same_invocation	53505345733044	cycles		sgx_worker_enclave		observed
c5-timing-event-v1	C5	asyncs	measured	dynamic-html-derived-v1	94	1	460f2ab63ca14acb8f2ab63ca1eacbd8	AO430	10	enclave_tsc_same_invocation	53505345747302	cycles		sgx_worker_enclave		observed
c5-timing-event-v1	C5	asyncs	measured	dynamic-html-derived-v1	94	1	460f2ab63ca14acb8f2ab63ca1eacbd8	A400	400	monotonic_ns_same_process	19802757345014	ns		asyncs_worker		observed
c5-timing-event-v1	C5	asyncs	measured	dynamic-html-derived-v1	94	1	460f2ab63ca14acb8f2ab63ca1eacbd8	A410	410	monotonic_ns_same_process	19803268679726	ns		asyncs_worker		observed
c5-timing-event-v1	C5	asyncs	measured	dynamic-html-derived-v1	95	1	e6a659ca5f3f4ccea659ca5f3f3cce77	AI400	1	enclave_tsc_same_invocation	53505076415893	cycles		sgx_worker_enclave		observed
c5-timing-event-v1	C5	asyncs	measured	dynamic-html-derived-v1	95	1	e6a659ca5f3f4ccea659ca5f3f3cce77	AI410	2	enclave_tsc_same_invocation	53505082920534	cycles		sgx_worker_enclave		observed
c5-timing-event-v1	C5	asyncs	measured	dynamic-html-derived-v1	95	1	e6a659ca5f3f4ccea659ca5f3f3cce77	AI420	3	enclave_tsc_same_invocation	53505082921000	cycles		sgx_worker_enclave		observed
c5-timing-event-v1	C5	asyncs	measured	dynamic-html-derived-v1	95	1	e6a659ca5f3f4ccea659ca5f3f3cce77	AI430	4	enclave_tsc_same_invocation	53505082923277	cycles		sgx_worker_enclave		observed
c5-timing-event-v1	C5	asyncs	measured	dynamic-html-derived-v1	95	1	e6a659ca5f3f4ccea659ca5f3f3cce77	AF400	5	enclave_tsc_same_invocation	53505095452784	cycles		sgx_worker_enclave		observed
c5-timing-event-v1	C5	asyncs	measured	dynamic-html-derived-v1	95	1	e6a659ca5f3f4ccea659ca5f3f3cce77	AF410	6	enclave_tsc_same_invocation	53505973585069	cycles		sgx_worker_enclave		observed
c5-timing-event-v1	C5	asyncs	measured	dynamic-html-derived-v1	95	1	e6a659ca5f3f4ccea659ca5f3f3cce77	AO400	7	enclave_tsc_same_invocation	53505975589206	cycles		sgx_worker_enclave		observed
c5-timing-event-v1	C5	asyncs	measured	dynamic-html-derived-v1	95	1	e6a659ca5f3f4ccea659ca5f3f3cce77	AO410	8	enclave_tsc_same_invocation	53505976204204	cycles		sgx_worker_enclave		observed
c5-timing-event-v1	C5	asyncs	measured	dynamic-html-derived-v1	95	1	e6a659ca5f3f4ccea659ca5f3f3cce77	AO420	9	enclave_tsc_same_invocation	53505976205022	cycles		sgx_worker_enclave		observed
c5-timing-event-v1	C5	asyncs	measured	dynamic-html-derived-v1	95	1	e6a659ca5f3f4ccea659ca5f3f3cce77	AO430	10	enclave_tsc_same_invocation	53505976216014	cycles		sgx_worker_enclave		observed
c5-timing-event-v1	C5	asyncs	measured	dynamic-html-derived-v1	95	1	e6a659ca5f3f4ccea659ca5f3f3cce77	A400	400	monotonic_ns_same_process	19804005111179	ns		asyncs_worker		observed
c5-timing-event-v1	C5	asyncs	measured	dynamic-html-derived-v1	95	1	e6a659ca5f3f4ccea659ca5f3f3cce77	A410	410	monotonic_ns_same_process	19804339498360	ns		asyncs_worker		observed
c5-timing-event-v1	C5	asyncs	measured	dynamic-html-derived-v1	96	1	dfb2e7a0618c4207b2e7a0618c2207b6	AI400	1	enclave_tsc_same_invocation	53504963463324	cycles		sgx_worker_enclave		observed
c5-timing-event-v1	C5	asyncs	measured	dynamic-html-derived-v1	96	1	dfb2e7a0618c4207b2e7a0618c2207b6	AI410	2	enclave_tsc_same_invocation	53504974384223	cycles		sgx_worker_enclave		observed
c5-timing-event-v1	C5	asyncs	measured	dynamic-html-derived-v1	96	1	dfb2e7a0618c4207b2e7a0618c2207b6	AI420	3	enclave_tsc_same_invocation	53504974385087	cycles		sgx_worker_enclave		observed
c5-timing-event-v1	C5	asyncs	measured	dynamic-html-derived-v1	96	1	dfb2e7a0618c4207b2e7a0618c2207b6	AI430	4	enclave_tsc_same_invocation	53504974388303	cycles		sgx_worker_enclave		observed
c5-timing-event-v1	C5	asyncs	measured	dynamic-html-derived-v1	96	1	dfb2e7a0618c4207b2e7a0618c2207b6	AF400	5	enclave_tsc_same_invocation	53504993583067	cycles		sgx_worker_enclave		observed
c5-timing-event-v1	C5	asyncs	measured	dynamic-html-derived-v1	96	1	dfb2e7a0618c4207b2e7a0618c2207b6	AF410	6	enclave_tsc_same_invocation	53506226587465	cycles		sgx_worker_enclave		observed
c5-timing-event-v1	C5	asyncs	measured	dynamic-html-derived-v1	96	1	dfb2e7a0618c4207b2e7a0618c2207b6	AO400	7	enclave_tsc_same_invocation	53506228824364	cycles		sgx_worker_enclave		observed
c5-timing-event-v1	C5	asyncs	measured	dynamic-html-derived-v1	96	1	dfb2e7a0618c4207b2e7a0618c2207b6	AO410	8	enclave_tsc_same_invocation	53506229893249	cycles		sgx_worker_enclave		observed
c5-timing-event-v1	C5	asyncs	measured	dynamic-html-derived-v1	96	1	dfb2e7a0618c4207b2e7a0618c2207b6	AO420	9	enclave_tsc_same_invocation	53506229894288	cycles		sgx_worker_enclave		observed
c5-timing-event-v1	C5	asyncs	measured	dynamic-html-derived-v1	96	1	dfb2e7a0618c4207b2e7a0618c2207b6	AO430	10	enclave_tsc_same_invocation	53506229908749	cycles		sgx_worker_enclave		observed
c5-timing-event-v1	C5	asyncs	measured	dynamic-html-derived-v1	96	1	dfb2e7a0618c4207b2e7a0618c2207b6	A400	400	monotonic_ns_same_process	19803125318187	ns		asyncs_worker		observed
c5-timing-event-v1	C5	asyncs	measured	dynamic-html-derived-v1	96	1	dfb2e7a0618c4207b2e7a0618c2207b6	A410	410	monotonic_ns_same_process	19803596135520	ns		asyncs_worker		observed
c5-timing-event-v1	C5	asyncs	measured	dynamic-html-derived-v1	97	1	f56ee29dc6694042aee29dc66900420b	AI400	1	enclave_tsc_same_invocation	53506160777888	cycles		sgx_worker_enclave		observed
c5-timing-event-v1	C5	asyncs	measured	dynamic-html-derived-v1	97	1	f56ee29dc6694042aee29dc66900420b	AI410	2	enclave_tsc_same_invocation	53506167259974	cycles		sgx_worker_enclave		observed
c5-timing-event-v1	C5	asyncs	measured	dynamic-html-derived-v1	97	1	f56ee29dc6694042aee29dc66900420b	AI420	3	enclave_tsc_same_invocation	53506167260540	cycles		sgx_worker_enclave		observed
c5-timing-event-v1	C5	asyncs	measured	dynamic-html-derived-v1	97	1	f56ee29dc6694042aee29dc66900420b	AI430	4	enclave_tsc_same_invocation	53506167263097	cycles		sgx_worker_enclave		observed
c5-timing-event-v1	C5	asyncs	measured	dynamic-html-derived-v1	97	1	f56ee29dc6694042aee29dc66900420b	AF400	5	enclave_tsc_same_invocation	53506179037346	cycles		sgx_worker_enclave		observed
c5-timing-event-v1	C5	asyncs	measured	dynamic-html-derived-v1	97	1	f56ee29dc6694042aee29dc66900420b	AF410	6	enclave_tsc_same_invocation	53507052814839	cycles		sgx_worker_enclave		observed
c5-timing-event-v1	C5	asyncs	measured	dynamic-html-derived-v1	97	1	f56ee29dc6694042aee29dc66900420b	AO400	7	enclave_tsc_same_invocation	53507054763514	cycles		sgx_worker_enclave		observed
c5-timing-event-v1	C5	asyncs	measured	dynamic-html-derived-v1	97	1	f56ee29dc6694042aee29dc66900420b	AO410	8	enclave_tsc_same_invocation	53507055363230	cycles		sgx_worker_enclave		observed
c5-timing-event-v1	C5	asyncs	measured	dynamic-html-derived-v1	97	1	f56ee29dc6694042aee29dc66900420b	AO420	9	enclave_tsc_same_invocation	53507055364037	cycles		sgx_worker_enclave		observed
c5-timing-event-v1	C5	asyncs	measured	dynamic-html-derived-v1	97	1	f56ee29dc6694042aee29dc66900420b	AO430	10	enclave_tsc_same_invocation	53507055375064	cycles		sgx_worker_enclave		observed
c5-timing-event-v1	C5	asyncs	measured	dynamic-html-derived-v1	97	1	f56ee29dc6694042aee29dc66900420b	A400	400	monotonic_ns_same_process	19804406742402	ns		asyncs_worker		observed
c5-timing-event-v1	C5	asyncs	measured	dynamic-html-derived-v1	97	1	f56ee29dc6694042aee29dc66900420b	A410	410	monotonic_ns_same_process	19804739197971	ns		asyncs_worker		observed
c5-timing-event-v1	C5	asyncs	measured	dynamic-html-derived-v1	98	1	31ba74dd22be4dd9ba74dd22becdd99b	AI400	1	enclave_tsc_same_invocation	53505621678988	cycles		sgx_worker_enclave		observed
c5-timing-event-v1	C5	asyncs	measured	dynamic-html-derived-v1	98	1	31ba74dd22be4dd9ba74dd22becdd99b	AI410	2	enclave_tsc_same_invocation	53505633347310	cycles		sgx_worker_enclave		observed
c5-timing-event-v1	C5	asyncs	measured	dynamic-html-derived-v1	98	1	31ba74dd22be4dd9ba74dd22becdd99b	AI420	3	enclave_tsc_same_invocation	53505633349685	cycles		sgx_worker_enclave		observed
c5-timing-event-v1	C5	asyncs	measured	dynamic-html-derived-v1	98	1	31ba74dd22be4dd9ba74dd22becdd99b	AI430	4	enclave_tsc_same_invocation	53505633353392	cycles		sgx_worker_enclave		observed
c5-timing-event-v1	C5	asyncs	measured	dynamic-html-derived-v1	98	1	31ba74dd22be4dd9ba74dd22becdd99b	AF400	5	enclave_tsc_same_invocation	53505653644679	cycles		sgx_worker_enclave		observed
c5-timing-event-v1	C5	asyncs	measured	dynamic-html-derived-v1	98	1	31ba74dd22be4dd9ba74dd22becdd99b	AF410	6	enclave_tsc_same_invocation	53506954378131	cycles		sgx_worker_enclave		observed
c5-timing-event-v1	C5	asyncs	measured	dynamic-html-derived-v1	98	1	31ba74dd22be4dd9ba74dd22becdd99b	AO400	7	enclave_tsc_same_invocation	53506956579129	cycles		sgx_worker_enclave		observed
c5-timing-event-v1	C5	asyncs	measured	dynamic-html-derived-v1	98	1	31ba74dd22be4dd9ba74dd22becdd99b	AO410	8	enclave_tsc_same_invocation	53506957627098	cycles		sgx_worker_enclave		observed
c5-timing-event-v1	C5	asyncs	measured	dynamic-html-derived-v1	98	1	31ba74dd22be4dd9ba74dd22becdd99b	AO420	9	enclave_tsc_same_invocation	53506957628332	cycles		sgx_worker_enclave		observed
c5-timing-event-v1	C5	asyncs	measured	dynamic-html-derived-v1	98	1	31ba74dd22be4dd9ba74dd22becdd99b	AO430	10	enclave_tsc_same_invocation	53506957642378	cycles		sgx_worker_enclave		observed
c5-timing-event-v1	C5	asyncs	measured	dynamic-html-derived-v1	98	1	31ba74dd22be4dd9ba74dd22becdd99b	A400	400	monotonic_ns_same_process	19803367415902	ns		asyncs_worker		observed
c5-timing-event-v1	C5	asyncs	measured	dynamic-html-derived-v1	98	1	31ba74dd22be4dd9ba74dd22becdd99b	A410	410	monotonic_ns_same_process	19803865669757	ns		asyncs_worker		observed
c5-timing-event-v1	C5	asyncs	measured	dynamic-html-derived-v1	99	1	ebc04f0e71584364804f0e7158236441	AI400	1	enclave_tsc_same_invocation	53506390804695	cycles		sgx_worker_enclave		observed
c5-timing-event-v1	C5	asyncs	measured	dynamic-html-derived-v1	99	1	ebc04f0e71584364804f0e7158236441	AI410	2	enclave_tsc_same_invocation	53506423690477	cycles		sgx_worker_enclave		observed
c5-timing-event-v1	C5	asyncs	measured	dynamic-html-derived-v1	99	1	ebc04f0e71584364804f0e7158236441	AI420	3	enclave_tsc_same_invocation	53506423692054	cycles		sgx_worker_enclave		observed
c5-timing-event-v1	C5	asyncs	measured	dynamic-html-derived-v1	99	1	ebc04f0e71584364804f0e7158236441	AI430	4	enclave_tsc_same_invocation	53506423695285	cycles		sgx_worker_enclave		observed
c5-timing-event-v1	C5	asyncs	measured	dynamic-html-derived-v1	99	1	ebc04f0e71584364804f0e7158236441	AF400	5	enclave_tsc_same_invocation	53506443535940	cycles		sgx_worker_enclave		observed
c5-timing-event-v1	C5	asyncs	measured	dynamic-html-derived-v1	99	1	ebc04f0e71584364804f0e7158236441	AF410	6	enclave_tsc_same_invocation	53507807021491	cycles		sgx_worker_enclave		observed
c5-timing-event-v1	C5	asyncs	measured	dynamic-html-derived-v1	99	1	ebc04f0e71584364804f0e7158236441	AO400	7	enclave_tsc_same_invocation	53507809293536	cycles		sgx_worker_enclave		observed
c5-timing-event-v1	C5	asyncs	measured	dynamic-html-derived-v1	99	1	ebc04f0e71584364804f0e7158236441	AO410	8	enclave_tsc_same_invocation	53507810321382	cycles		sgx_worker_enclave		observed
c5-timing-event-v1	C5	asyncs	measured	dynamic-html-derived-v1	99	1	ebc04f0e71584364804f0e7158236441	AO420	9	enclave_tsc_same_invocation	53507810322434	cycles		sgx_worker_enclave		observed
c5-timing-event-v1	C5	asyncs	measured	dynamic-html-derived-v1	99	1	ebc04f0e71584364804f0e7158236441	AO430	10	enclave_tsc_same_invocation	53507810337962	cycles		sgx_worker_enclave		observed
c5-timing-event-v1	C5	asyncs	measured	dynamic-html-derived-v1	99	1	ebc04f0e71584364804f0e7158236441	A400	400	monotonic_ns_same_process	19803654101717	ns		asyncs_worker		observed
c5-timing-event-v1	C5	asyncs	measured	dynamic-html-derived-v1	99	1	ebc04f0e71584364804f0e7158236441	A410	410	monotonic_ns_same_process	19804181507579	ns		asyncs_worker		observed
c5-timing-event-v1	C5	asyncs	measured	dynamic-html-derived-v1	100	1	f5d340067fe84ede9340067fe8fedebf	AI400	1	enclave_tsc_same_invocation	53507189559313	cycles		sgx_worker_enclave		observed
c5-timing-event-v1	C5	asyncs	measured	dynamic-html-derived-v1	100	1	f5d340067fe84ede9340067fe8fedebf	AI410	2	enclave_tsc_same_invocation	53507196201830	cycles		sgx_worker_enclave		observed
c5-timing-event-v1	C5	asyncs	measured	dynamic-html-derived-v1	100	1	f5d340067fe84ede9340067fe8fedebf	AI420	3	enclave_tsc_same_invocation	53507196202440	cycles		sgx_worker_enclave		observed
c5-timing-event-v1	C5	asyncs	measured	dynamic-html-derived-v1	100	1	f5d340067fe84ede9340067fe8fedebf	AI430	4	enclave_tsc_same_invocation	53507196205315	cycles		sgx_worker_enclave		observed
c5-timing-event-v1	C5	asyncs	measured	dynamic-html-derived-v1	100	1	f5d340067fe84ede9340067fe8fedebf	AF400	5	enclave_tsc_same_invocation	53507208123917	cycles		sgx_worker_enclave		observed
c5-timing-event-v1	C5	asyncs	measured	dynamic-html-derived-v1	100	1	f5d340067fe84ede9340067fe8fedebf	AF410	6	enclave_tsc_same_invocation	53508092353729	cycles		sgx_worker_enclave		observed
c5-timing-event-v1	C5	asyncs	measured	dynamic-html-derived-v1	100	1	f5d340067fe84ede9340067fe8fedebf	AO400	7	enclave_tsc_same_invocation	53508094379879	cycles		sgx_worker_enclave		observed
c5-timing-event-v1	C5	asyncs	measured	dynamic-html-derived-v1	100	1	f5d340067fe84ede9340067fe8fedebf	AO410	8	enclave_tsc_same_invocation	53508095003467	cycles		sgx_worker_enclave		observed
c5-timing-event-v1	C5	asyncs	measured	dynamic-html-derived-v1	100	1	f5d340067fe84ede9340067fe8fedebf	AO420	9	enclave_tsc_same_invocation	53508095004359	cycles		sgx_worker_enclave		observed
c5-timing-event-v1	C5	asyncs	measured	dynamic-html-derived-v1	100	1	f5d340067fe84ede9340067fe8fedebf	AO430	10	enclave_tsc_same_invocation	53508095013547	cycles		sgx_worker_enclave		observed
c5-timing-event-v1	C5	asyncs	measured	dynamic-html-derived-v1	100	1	f5d340067fe84ede9340067fe8fedebf	A400	400	monotonic_ns_same_process	19804787234867	ns		asyncs_worker		observed
c5-timing-event-v1	C5	asyncs	measured	dynamic-html-derived-v1	100	1	f5d340067fe84ede9340067fe8fedebf	A410	410	monotonic_ns_same_process	19805124262392	ns		asyncs_worker		observed
c5-timing-event-v1	C5	asyncs	measured	dynamic-html-derived-v1	101	1	5e0ddc971dc14d938ddc971dc15d93d2	AI400	1	enclave_tsc_same_invocation	53507133853410	cycles		sgx_worker_enclave		observed
c5-timing-event-v1	C5	asyncs	measured	dynamic-html-derived-v1	101	1	5e0ddc971dc14d938ddc971dc15d93d2	AI410	2	enclave_tsc_same_invocation	53507143393433	cycles		sgx_worker_enclave		observed
c5-timing-event-v1	C5	asyncs	measured	dynamic-html-derived-v1	101	1	5e0ddc971dc14d938ddc971dc15d93d2	AI420	3	enclave_tsc_same_invocation	53507143394329	cycles		sgx_worker_enclave		observed
c5-timing-event-v1	C5	asyncs	measured	dynamic-html-derived-v1	101	1	5e0ddc971dc14d938ddc971dc15d93d2	AI430	4	enclave_tsc_same_invocation	53507143413186	cycles		sgx_worker_enclave		observed
c5-timing-event-v1	C5	asyncs	measured	dynamic-html-derived-v1	101	1	5e0ddc971dc14d938ddc971dc15d93d2	AF400	5	enclave_tsc_same_invocation	53507162668578	cycles		sgx_worker_enclave		observed
c5-timing-event-v1	C5	asyncs	measured	dynamic-html-derived-v1	101	1	5e0ddc971dc14d938ddc971dc15d93d2	AF410	6	enclave_tsc_same_invocation	53508436408904	cycles		sgx_worker_enclave		observed
c5-timing-event-v1	C5	asyncs	measured	dynamic-html-derived-v1	101	1	5e0ddc971dc14d938ddc971dc15d93d2	AO400	7	enclave_tsc_same_invocation	53508438628663	cycles		sgx_worker_enclave		observed
c5-timing-event-v1	C5	asyncs	measured	dynamic-html-derived-v1	101	1	5e0ddc971dc14d938ddc971dc15d93d2	AO410	8	enclave_tsc_same_invocation	53508439614986	cycles		sgx_worker_enclave		observed
c5-timing-event-v1	C5	asyncs	measured	dynamic-html-derived-v1	101	1	5e0ddc971dc14d938ddc971dc15d93d2	AO420	9	enclave_tsc_same_invocation	53508439615844	cycles		sgx_worker_enclave		observed
c5-timing-event-v1	C5	asyncs	measured	dynamic-html-derived-v1	101	1	5e0ddc971dc14d938ddc971dc15d93d2	AO430	10	enclave_tsc_same_invocation	53508439630333	cycles		sgx_worker_enclave		observed
c5-timing-event-v1	C5	asyncs	measured	dynamic-html-derived-v1	101	1	5e0ddc971dc14d938ddc971dc15d93d2	A400	400	monotonic_ns_same_process	19803929302399	ns		asyncs_worker		observed
c5-timing-event-v1	C5	asyncs	measured	dynamic-html-derived-v1	101	1	5e0ddc971dc14d938ddc971dc15d93d2	A410	410	monotonic_ns_same_process	19804414570591	ns		asyncs_worker		observed
c5-timing-event-v1	C5	asyncs	measured	dynamic-html-derived-v1	102	1	4afc9bb8f77946abbc9bb8f779a6ab67	AI400	1	enclave_tsc_same_invocation	53508254148393	cycles		sgx_worker_enclave		observed
c5-timing-event-v1	C5	asyncs	measured	dynamic-html-derived-v1	102	1	4afc9bb8f77946abbc9bb8f779a6ab67	AI410	2	enclave_tsc_same_invocation	53508260649688	cycles		sgx_worker_enclave		observed
c5-timing-event-v1	C5	asyncs	measured	dynamic-html-derived-v1	102	1	4afc9bb8f77946abbc9bb8f779a6ab67	AI420	3	enclave_tsc_same_invocation	53508260650199	cycles		sgx_worker_enclave		observed
c5-timing-event-v1	C5	asyncs	measured	dynamic-html-derived-v1	102	1	4afc9bb8f77946abbc9bb8f779a6ab67	AI430	4	enclave_tsc_same_invocation	53508260653098	cycles		sgx_worker_enclave		observed
c5-timing-event-v1	C5	asyncs	measured	dynamic-html-derived-v1	102	1	4afc9bb8f77946abbc9bb8f779a6ab67	AF400	5	enclave_tsc_same_invocation	53508272325099	cycles		sgx_worker_enclave		observed
c5-timing-event-v1	C5	asyncs	measured	dynamic-html-derived-v1	102	1	4afc9bb8f77946abbc9bb8f779a6ab67	AF410	6	enclave_tsc_same_invocation	53509151716021	cycles		sgx_worker_enclave		observed
c5-timing-event-v1	C5	asyncs	measured	dynamic-html-derived-v1	102	1	4afc9bb8f77946abbc9bb8f779a6ab67	AO400	7	enclave_tsc_same_invocation	53509153756953	cycles		sgx_worker_enclave		observed
c5-timing-event-v1	C5	asyncs	measured	dynamic-html-derived-v1	102	1	4afc9bb8f77946abbc9bb8f779a6ab67	AO410	8	enclave_tsc_same_invocation	53509154375369	cycles		sgx_worker_enclave		observed
c5-timing-event-v1	C5	asyncs	measured	dynamic-html-derived-v1	102	1	4afc9bb8f77946abbc9bb8f779a6ab67	AO420	9	enclave_tsc_same_invocation	53509154376162	cycles		sgx_worker_enclave		observed
c5-timing-event-v1	C5	asyncs	measured	dynamic-html-derived-v1	102	1	4afc9bb8f77946abbc9bb8f779a6ab67	AO430	10	enclave_tsc_same_invocation	53509154385925	cycles		sgx_worker_enclave		observed
c5-timing-event-v1	C5	asyncs	measured	dynamic-html-derived-v1	102	1	4afc9bb8f77946abbc9bb8f779a6ab67	A400	400	monotonic_ns_same_process	19805181612413	ns		asyncs_worker		observed
c5-timing-event-v1	C5	asyncs	measured	dynamic-html-derived-v1	102	1	4afc9bb8f77946abbc9bb8f779a6ab67	A410	410	monotonic_ns_same_process	19805516626560	ns		asyncs_worker		observed
c5-timing-event-v1	C5	asyncs	measured	dynamic-html-derived-v1	103	1	25314e9ff54c4215b14e9ff54c42155d	AI400	1	enclave_tsc_same_invocation	53508013086510	cycles		sgx_worker_enclave		observed
c5-timing-event-v1	C5	asyncs	measured	dynamic-html-derived-v1	103	1	25314e9ff54c4215b14e9ff54c42155d	AI410	2	enclave_tsc_same_invocation	53508024595428	cycles		sgx_worker_enclave		observed
c5-timing-event-v1	C5	asyncs	measured	dynamic-html-derived-v1	103	1	25314e9ff54c4215b14e9ff54c42155d	AI420	3	enclave_tsc_same_invocation	53508024596391	cycles		sgx_worker_enclave		observed
c5-timing-event-v1	C5	asyncs	measured	dynamic-html-derived-v1	103	1	25314e9ff54c4215b14e9ff54c42155d	AI430	4	enclave_tsc_same_invocation	53508024601532	cycles		sgx_worker_enclave		observed
c5-timing-event-v1	C5	asyncs	measured	dynamic-html-derived-v1	103	1	25314e9ff54c4215b14e9ff54c42155d	AF400	5	enclave_tsc_same_invocation	53508044686565	cycles		sgx_worker_enclave		observed
c5-timing-event-v1	C5	asyncs	measured	dynamic-html-derived-v1	103	1	25314e9ff54c4215b14e9ff54c42155d	AF410	6	enclave_tsc_same_invocation	53509090750231	cycles		sgx_worker_enclave		observed
c5-timing-event-v1	C5	asyncs	measured	dynamic-html-derived-v1	103	1	25314e9ff54c4215b14e9ff54c42155d	AO400	7	enclave_tsc_same_invocation	53509092802954	cycles		sgx_worker_enclave		observed
c5-timing-event-v1	C5	asyncs	measured	dynamic-html-derived-v1	103	1	25314e9ff54c4215b14e9ff54c42155d	AO410	8	enclave_tsc_same_invocation	53509093412015	cycles		sgx_worker_enclave		observed
c5-timing-event-v1	C5	asyncs	measured	dynamic-html-derived-v1	103	1	25314e9ff54c4215b14e9ff54c42155d	AO420	9	enclave_tsc_same_invocation	53509093412897	cycles		sgx_worker_enclave		observed
c5-timing-event-v1	C5	asyncs	measured	dynamic-html-derived-v1	103	1	25314e9ff54c4215b14e9ff54c42155d	AO430	10	enclave_tsc_same_invocation	53509093422014	cycles		sgx_worker_enclave		observed
c5-timing-event-v1	C5	asyncs	measured	dynamic-html-derived-v1	103	1	25314e9ff54c4215b14e9ff54c42155d	A400	400	monotonic_ns_same_process	19804253742605	ns		asyncs_worker		observed
c5-timing-event-v1	C5	asyncs	measured	dynamic-html-derived-v1	103	1	25314e9ff54c4215b14e9ff54c42155d	A410	410	monotonic_ns_same_process	19804656697274	ns		asyncs_worker		observed
c5-timing-event-v1	C5	asyncs	measured	dynamic-html-derived-v1	104	1	5dc8785aeb7c48c988785aeb7cd8c951	AI400	1	enclave_tsc_same_invocation	53509307977456	cycles		sgx_worker_enclave		observed
c5-timing-event-v1	C5	asyncs	measured	dynamic-html-derived-v1	104	1	5dc8785aeb7c48c988785aeb7cd8c951	AI410	2	enclave_tsc_same_invocation	53509314753700	cycles		sgx_worker_enclave		observed
c5-timing-event-v1	C5	asyncs	measured	dynamic-html-derived-v1	104	1	5dc8785aeb7c48c988785aeb7cd8c951	AI420	3	enclave_tsc_same_invocation	53509314754311	cycles		sgx_worker_enclave		observed
c5-timing-event-v1	C5	asyncs	measured	dynamic-html-derived-v1	104	1	5dc8785aeb7c48c988785aeb7cd8c951	AI430	4	enclave_tsc_same_invocation	53509314756821	cycles		sgx_worker_enclave		observed
c5-timing-event-v1	C5	asyncs	measured	dynamic-html-derived-v1	104	1	5dc8785aeb7c48c988785aeb7cd8c951	AF400	5	enclave_tsc_same_invocation	53509326435565	cycles		sgx_worker_enclave		observed
c5-timing-event-v1	C5	asyncs	measured	dynamic-html-derived-v1	104	1	5dc8785aeb7c48c988785aeb7cd8c951	AF410	6	enclave_tsc_same_invocation	53510207421508	cycles		sgx_worker_enclave		observed
c5-timing-event-v1	C5	asyncs	measured	dynamic-html-derived-v1	104	1	5dc8785aeb7c48c988785aeb7cd8c951	AO400	7	enclave_tsc_same_invocation	53510209395238	cycles		sgx_worker_enclave		observed
c5-timing-event-v1	C5	asyncs	measured	dynamic-html-derived-v1	104	1	5dc8785aeb7c48c988785aeb7cd8c951	AO410	8	enclave_tsc_same_invocation	53510210003356	cycles		sgx_worker_enclave		observed
c5-timing-event-v1	C5	asyncs	measured	dynamic-html-derived-v1	104	1	5dc8785aeb7c48c988785aeb7cd8c951	AO420	9	enclave_tsc_same_invocation	53510210004064	cycles		sgx_worker_enclave		observed
c5-timing-event-v1	C5	asyncs	measured	dynamic-html-derived-v1	104	1	5dc8785aeb7c48c988785aeb7cd8c951	AO430	10	enclave_tsc_same_invocation	53510210014499	cycles		sgx_worker_enclave		observed
c5-timing-event-v1	C5	asyncs	measured	dynamic-html-derived-v1	104	1	5dc8785aeb7c48c988785aeb7cd8c951	A400	400	monotonic_ns_same_process	19805571370820	ns		asyncs_worker		observed
c5-timing-event-v1	C5	asyncs	measured	dynamic-html-derived-v1	104	1	5dc8785aeb7c48c988785aeb7cd8c951	A410	410	monotonic_ns_same_process	19805907601623	ns		asyncs_worker		observed
c5-timing-event-v1	C5	asyncs	measured	dynamic-html-derived-v1	105	1	b6768e0929374d03b68e0929372d0329	AI400	1	enclave_tsc_same_invocation	53509219523716	cycles		sgx_worker_enclave		observed
c5-timing-event-v1	C5	asyncs	measured	dynamic-html-derived-v1	105	1	b6768e0929374d03b68e0929372d0329	AI410	2	enclave_tsc_same_invocation	53509231594556	cycles		sgx_worker_enclave		observed
c5-timing-event-v1	C5	asyncs	measured	dynamic-html-derived-v1	105	1	b6768e0929374d03b68e0929372d0329	AI420	3	enclave_tsc_same_invocation	53509231595405	cycles		sgx_worker_enclave		observed
c5-timing-event-v1	C5	asyncs	measured	dynamic-html-derived-v1	105	1	b6768e0929374d03b68e0929372d0329	AI430	4	enclave_tsc_same_invocation	53509231598897	cycles		sgx_worker_enclave		observed
c5-timing-event-v1	C5	asyncs	measured	dynamic-html-derived-v1	105	1	b6768e0929374d03b68e0929372d0329	AF400	5	enclave_tsc_same_invocation	53509252471319	cycles		sgx_worker_enclave		observed
c5-timing-event-v1	C5	asyncs	measured	dynamic-html-derived-v1	105	1	b6768e0929374d03b68e0929372d0329	AF410	6	enclave_tsc_same_invocation	53510656663697	cycles		sgx_worker_enclave		observed
c5-timing-event-v1	C5	asyncs	measured	dynamic-html-derived-v1	105	1	b6768e0929374d03b68e0929372d0329	AO400	7	enclave_tsc_same_invocation	53510658949963	cycles		sgx_worker_enclave		observed
c5-timing-event-v1	C5	asyncs	measured	dynamic-html-derived-v1	105	1	b6768e0929374d03b68e0929372d0329	AO410	8	enclave_tsc_same_invocation	53510660108377	cycles		sgx_worker_enclave		observed
c5-timing-event-v1	C5	asyncs	measured	dynamic-html-derived-v1	105	1	b6768e0929374d03b68e0929372d0329	AO420	9	enclave_tsc_same_invocation	53510660109345	cycles		sgx_worker_enclave		observed
c5-timing-event-v1	C5	asyncs	measured	dynamic-html-derived-v1	105	1	b6768e0929374d03b68e0929372d0329	AO430	10	enclave_tsc_same_invocation	53510660124349	cycles		sgx_worker_enclave		observed
c5-timing-event-v1	C5	asyncs	measured	dynamic-html-derived-v1	105	1	b6768e0929374d03b68e0929372d0329	A400	400	monotonic_ns_same_process	19804701634267	ns		asyncs_worker		observed
c5-timing-event-v1	C5	asyncs	measured	dynamic-html-derived-v1	105	1	b6768e0929374d03b68e0929372d0329	A410	410	monotonic_ns_same_process	19805237003912	ns		asyncs_worker		observed
c5-timing-event-v1	C5	asyncs	measured	dynamic-html-derived-v1	106	1	947dac9bafc44809bdac9bafc4b80952	AI400	1	enclave_tsc_same_invocation	53509294474159	cycles		sgx_worker_enclave		observed
c5-timing-event-v1	C5	asyncs	measured	dynamic-html-derived-v1	106	1	947dac9bafc44809bdac9bafc4b80952	AI410	2	enclave_tsc_same_invocation	53509314809583	cycles		sgx_worker_enclave		observed
c5-timing-event-v1	C5	asyncs	measured	dynamic-html-derived-v1	106	1	947dac9bafc44809bdac9bafc4b80952	AI420	3	enclave_tsc_same_invocation	53509314810659	cycles		sgx_worker_enclave		observed
c5-timing-event-v1	C5	asyncs	measured	dynamic-html-derived-v1	106	1	947dac9bafc44809bdac9bafc4b80952	AI430	4	enclave_tsc_same_invocation	53509314814595	cycles		sgx_worker_enclave		observed
c5-timing-event-v1	C5	asyncs	measured	dynamic-html-derived-v1	106	1	947dac9bafc44809bdac9bafc4b80952	AF400	5	enclave_tsc_same_invocation	53509334110938	cycles		sgx_worker_enclave		observed
c5-timing-event-v1	C5	asyncs	measured	dynamic-html-derived-v1	106	1	947dac9bafc44809bdac9bafc4b80952	AF410	6	enclave_tsc_same_invocation	53510725633945	cycles		sgx_worker_enclave		observed
c5-timing-event-v1	C5	asyncs	measured	dynamic-html-derived-v1	106	1	947dac9bafc44809bdac9bafc4b80952	AO400	7	enclave_tsc_same_invocation	53510727692755	cycles		sgx_worker_enclave		observed
c5-timing-event-v1	C5	asyncs	measured	dynamic-html-derived-v1	106	1	947dac9bafc44809bdac9bafc4b80952	AO410	8	enclave_tsc_same_invocation	53510728304160	cycles		sgx_worker_enclave		observed
c5-timing-event-v1	C5	asyncs	measured	dynamic-html-derived-v1	106	1	947dac9bafc44809bdac9bafc4b80952	AO420	9	enclave_tsc_same_invocation	53510728305035	cycles		sgx_worker_enclave		observed
c5-timing-event-v1	C5	asyncs	measured	dynamic-html-derived-v1	106	1	947dac9bafc44809bdac9bafc4b80952	AO430	10	enclave_tsc_same_invocation	53510728315050	cycles		sgx_worker_enclave		observed
c5-timing-event-v1	C5	asyncs	measured	dynamic-html-derived-v1	106	1	947dac9bafc44809bdac9bafc4b80952	A400	400	monotonic_ns_same_process	19804729483356	ns		asyncs_worker		observed
c5-timing-event-v1	C5	asyncs	measured	dynamic-html-derived-v1	106	1	947dac9bafc44809bdac9bafc4b80952	A410	410	monotonic_ns_same_process	19805262214178	ns		asyncs_worker		observed
c5-timing-event-v1	C5	asyncs	measured	dynamic-html-derived-v1	107	1	602ab337b6ed4f4eaab337b6ed0f4eb6	AI400	1	enclave_tsc_same_invocation	53510337217645	cycles		sgx_worker_enclave		observed
c5-timing-event-v1	C5	asyncs	measured	dynamic-html-derived-v1	107	1	602ab337b6ed4f4eaab337b6ed0f4eb6	AI410	2	enclave_tsc_same_invocation	53510343768700	cycles		sgx_worker_enclave		observed
c5-timing-event-v1	C5	asyncs	measured	dynamic-html-derived-v1	107	1	602ab337b6ed4f4eaab337b6ed0f4eb6	AI420	3	enclave_tsc_same_invocation	53510343769367	cycles		sgx_worker_enclave		observed
c5-timing-event-v1	C5	asyncs	measured	dynamic-html-derived-v1	107	1	602ab337b6ed4f4eaab337b6ed0f4eb6	AI430	4	enclave_tsc_same_invocation	53510343772113	cycles		sgx_worker_enclave		observed
c5-timing-event-v1	C5	asyncs	measured	dynamic-html-derived-v1	107	1	602ab337b6ed4f4eaab337b6ed0f4eb6	AF400	5	enclave_tsc_same_invocation	53510355475632	cycles		sgx_worker_enclave		observed
c5-timing-event-v1	C5	asyncs	measured	dynamic-html-derived-v1	107	1	602ab337b6ed4f4eaab337b6ed0f4eb6	AF410	6	enclave_tsc_same_invocation	53511235245366	cycles		sgx_worker_enclave		observed
c5-timing-event-v1	C5	asyncs	measured	dynamic-html-derived-v1	107	1	602ab337b6ed4f4eaab337b6ed0f4eb6	AO400	7	enclave_tsc_same_invocation	53511237300288	cycles		sgx_worker_enclave		observed
c5-timing-event-v1	C5	asyncs	measured	dynamic-html-derived-v1	107	1	602ab337b6ed4f4eaab337b6ed0f4eb6	AO410	8	enclave_tsc_same_invocation	53511237940423	cycles		sgx_worker_enclave		observed
c5-timing-event-v1	C5	asyncs	measured	dynamic-html-derived-v1	107	1	602ab337b6ed4f4eaab337b6ed0f4eb6	AO420	9	enclave_tsc_same_invocation	53511237941268	cycles		sgx_worker_enclave		observed
c5-timing-event-v1	C5	asyncs	measured	dynamic-html-derived-v1	107	1	602ab337b6ed4f4eaab337b6ed0f4eb6	AO430	10	enclave_tsc_same_invocation	53511237951338	cycles		sgx_worker_enclave		observed
c5-timing-event-v1	C5	asyncs	measured	dynamic-html-derived-v1	107	1	602ab337b6ed4f4eaab337b6ed0f4eb6	A400	400	monotonic_ns_same_process	19805953574159	ns		asyncs_worker		observed
c5-timing-event-v1	C5	asyncs	measured	dynamic-html-derived-v1	107	1	602ab337b6ed4f4eaab337b6ed0f4eb6	A410	410	monotonic_ns_same_process	19806288326044	ns		asyncs_worker		observed
c5-timing-event-v1	C5	asyncs	measured	dynamic-html-derived-v1	108	1	9c9373a3a1224c399373a3a1221c3982	AI400	1	enclave_tsc_same_invocation	53511444081893	cycles		sgx_worker_enclave		observed
c5-timing-event-v1	C5	asyncs	measured	dynamic-html-derived-v1	108	1	9c9373a3a1224c399373a3a1221c3982	AI410	2	enclave_tsc_same_invocation	53511450447651	cycles		sgx_worker_enclave		observed
c5-timing-event-v1	C5	asyncs	measured	dynamic-html-derived-v1	108	1	9c9373a3a1224c399373a3a1221c3982	AI420	3	enclave_tsc_same_invocation	53511450448322	cycles		sgx_worker_enclave		observed
c5-timing-event-v1	C5	asyncs	measured	dynamic-html-derived-v1	108	1	9c9373a3a1224c399373a3a1221c3982	AI430	4	enclave_tsc_same_invocation	53511450451105	cycles		sgx_worker_enclave		observed
c5-timing-event-v1	C5	asyncs	measured	dynamic-html-derived-v1	108	1	9c9373a3a1224c399373a3a1221c3982	AF400	5	enclave_tsc_same_invocation	53511462151937	cycles		sgx_worker_enclave		observed
c5-timing-event-v1	C5	asyncs	measured	dynamic-html-derived-v1	108	1	9c9373a3a1224c399373a3a1221c3982	AF410	6	enclave_tsc_same_invocation	53512338582118	cycles		sgx_worker_enclave		observed
c5-timing-event-v1	C5	asyncs	measured	dynamic-html-derived-v1	108	1	9c9373a3a1224c399373a3a1221c3982	AO400	7	enclave_tsc_same_invocation	53512340584500	cycles		sgx_worker_enclave		observed
c5-timing-event-v1	C5	asyncs	measured	dynamic-html-derived-v1	108	1	9c9373a3a1224c399373a3a1221c3982	AO410	8	enclave_tsc_same_invocation	53512341218872	cycles		sgx_worker_enclave		observed
c5-timing-event-v1	C5	asyncs	measured	dynamic-html-derived-v1	108	1	9c9373a3a1224c399373a3a1221c3982	AO420	9	enclave_tsc_same_invocation	53512341219771	cycles		sgx_worker_enclave		observed
c5-timing-event-v1	C5	asyncs	measured	dynamic-html-derived-v1	108	1	9c9373a3a1224c399373a3a1221c3982	AO430	10	enclave_tsc_same_invocation	53512341229175	cycles		sgx_worker_enclave		observed
c5-timing-event-v1	C5	asyncs	measured	dynamic-html-derived-v1	108	1	9c9373a3a1224c399373a3a1221c3982	A400	400	monotonic_ns_same_process	19806363499507	ns		asyncs_worker		observed
c5-timing-event-v1	C5	asyncs	measured	dynamic-html-derived-v1	108	1	9c9373a3a1224c399373a3a1221c3982	A410	410	monotonic_ns_same_process	19806696961581	ns		asyncs_worker		observed
c5-timing-event-v1	C5	asyncs	measured	dynamic-html-derived-v1	109	1	afe6f2cd192440eda6f2cd192490edbe	AI400	1	enclave_tsc_same_invocation	53510935076054	cycles		sgx_worker_enclave		observed
c5-timing-event-v1	C5	asyncs	measured	dynamic-html-derived-v1	109	1	afe6f2cd192440eda6f2cd192490edbe	AI410	2	enclave_tsc_same_invocation	53510941454224	cycles		sgx_worker_enclave		observed
c5-timing-event-v1	C5	asyncs	measured	dynamic-html-derived-v1	109	1	afe6f2cd192440eda6f2cd192490edbe	AI420	3	enclave_tsc_same_invocation	53510941454803	cycles		sgx_worker_enclave		observed
c5-timing-event-v1	C5	asyncs	measured	dynamic-html-derived-v1	109	1	afe6f2cd192440eda6f2cd192490edbe	AI430	4	enclave_tsc_same_invocation	53510941457473	cycles		sgx_worker_enclave		observed
c5-timing-event-v1	C5	asyncs	measured	dynamic-html-derived-v1	109	1	afe6f2cd192440eda6f2cd192490edbe	AF400	5	enclave_tsc_same_invocation	53510953309660	cycles		sgx_worker_enclave		observed
c5-timing-event-v1	C5	asyncs	measured	dynamic-html-derived-v1	109	1	afe6f2cd192440eda6f2cd192490edbe	AF410	6	enclave_tsc_same_invocation	53511983010797	cycles		sgx_worker_enclave		observed
c5-timing-event-v1	C5	asyncs	measured	dynamic-html-derived-v1	109	1	afe6f2cd192440eda6f2cd192490edbe	AO400	7	enclave_tsc_same_invocation	53511985218256	cycles		sgx_worker_enclave		observed
c5-timing-event-v1	C5	asyncs	measured	dynamic-html-derived-v1	109	1	afe6f2cd192440eda6f2cd192490edbe	AO410	8	enclave_tsc_same_invocation	53511986224407	cycles		sgx_worker_enclave		observed
c5-timing-event-v1	C5	asyncs	measured	dynamic-html-derived-v1	109	1	afe6f2cd192440eda6f2cd192490edbe	AO420	9	enclave_tsc_same_invocation	53511986225667	cycles		sgx_worker_enclave		observed
c5-timing-event-v1	C5	asyncs	measured	dynamic-html-derived-v1	109	1	afe6f2cd192440eda6f2cd192490edbe	AO430	10	enclave_tsc_same_invocation	53511986239728	cycles		sgx_worker_enclave		observed
c5-timing-event-v1	C5	asyncs	measured	dynamic-html-derived-v1	109	1	afe6f2cd192440eda6f2cd192490edbe	A400	400	monotonic_ns_same_process	19805337652770	ns		asyncs_worker		observed
c5-timing-event-v1	C5	asyncs	measured	dynamic-html-derived-v1	109	1	afe6f2cd192440eda6f2cd192490edbe	A410	410	monotonic_ns_same_process	19805728164468	ns		asyncs_worker		observed
c5-timing-event-v1	C5	asyncs	measured	dynamic-html-derived-v1	110	1	0aba12fa9dcb454aba12fa9dcba54a53	AI400	1	enclave_tsc_same_invocation	53511549358078	cycles		sgx_worker_enclave		observed
c5-timing-event-v1	C5	asyncs	measured	dynamic-html-derived-v1	110	1	0aba12fa9dcb454aba12fa9dcba54a53	AI410	2	enclave_tsc_same_invocation	53511560756945	cycles		sgx_worker_enclave		observed
c5-timing-event-v1	C5	asyncs	measured	dynamic-html-derived-v1	110	1	0aba12fa9dcb454aba12fa9dcba54a53	AI420	3	enclave_tsc_same_invocation	53511560757830	cycles		sgx_worker_enclave		observed
c5-timing-event-v1	C5	asyncs	measured	dynamic-html-derived-v1	110	1	0aba12fa9dcb454aba12fa9dcba54a53	AI430	4	enclave_tsc_same_invocation	53511560761632	cycles		sgx_worker_enclave		observed
c5-timing-event-v1	C5	asyncs	measured	dynamic-html-derived-v1	110	1	0aba12fa9dcb454aba12fa9dcba54a53	AF400	5	enclave_tsc_same_invocation	53511580788228	cycles		sgx_worker_enclave		observed
c5-timing-event-v1	C5	asyncs	measured	dynamic-html-derived-v1	110	1	0aba12fa9dcb454aba12fa9dcba54a53	AF410	6	enclave_tsc_same_invocation	53512638819343	cycles		sgx_worker_enclave		observed
c5-timing-event-v1	C5	asyncs	measured	dynamic-html-derived-v1	110	1	0aba12fa9dcb454aba12fa9dcba54a53	AO400	7	enclave_tsc_same_invocation	53512640783165	cycles		sgx_worker_enclave		observed
c5-timing-event-v1	C5	asyncs	measured	dynamic-html-derived-v1	110	1	0aba12fa9dcb454aba12fa9dcba54a53	AO410	8	enclave_tsc_same_invocation	53512641387850	cycles		sgx_worker_enclave		observed
c5-timing-event-v1	C5	asyncs	measured	dynamic-html-derived-v1	110	1	0aba12fa9dcb454aba12fa9dcba54a53	AO420	9	enclave_tsc_same_invocation	53512641388630	cycles		sgx_worker_enclave		observed
c5-timing-event-v1	C5	asyncs	measured	dynamic-html-derived-v1	110	1	0aba12fa9dcb454aba12fa9dcba54a53	AO430	10	enclave_tsc_same_invocation	53512641397898	cycles		sgx_worker_enclave		observed
c5-timing-event-v1	C5	asyncs	measured	dynamic-html-derived-v1	110	1	0aba12fa9dcb454aba12fa9dcba54a53	A400	400	monotonic_ns_same_process	19805564539311	ns		asyncs_worker		observed
c5-timing-event-v1	C5	asyncs	measured	dynamic-html-derived-v1	110	1	0aba12fa9dcb454aba12fa9dcba54a53	A410	410	monotonic_ns_same_process	19805970782885	ns		asyncs_worker		observed
c5-timing-event-v1	C5	asyncs	measured	dynamic-html-derived-v1	111	1	97009370f69143a0809370f691f3a077	AI400	1	enclave_tsc_same_invocation	53513053963890	cycles		sgx_worker_enclave		observed
c5-timing-event-v1	C5	asyncs	measured	dynamic-html-derived-v1	111	1	97009370f69143a0809370f691f3a077	AI410	2	enclave_tsc_same_invocation	53513060334014	cycles		sgx_worker_enclave		observed
c5-timing-event-v1	C5	asyncs	measured	dynamic-html-derived-v1	111	1	97009370f69143a0809370f691f3a077	AI420	3	enclave_tsc_same_invocation	53513060334589	cycles		sgx_worker_enclave		observed
c5-timing-event-v1	C5	asyncs	measured	dynamic-html-derived-v1	111	1	97009370f69143a0809370f691f3a077	AI430	4	enclave_tsc_same_invocation	53513060337477	cycles		sgx_worker_enclave		observed
c5-timing-event-v1	C5	asyncs	measured	dynamic-html-derived-v1	111	1	97009370f69143a0809370f691f3a077	AF400	5	enclave_tsc_same_invocation	53513071985661	cycles		sgx_worker_enclave		observed
c5-timing-event-v1	C5	asyncs	measured	dynamic-html-derived-v1	111	1	97009370f69143a0809370f691f3a077	AF410	6	enclave_tsc_same_invocation	53513950311561	cycles		sgx_worker_enclave		observed
c5-timing-event-v1	C5	asyncs	measured	dynamic-html-derived-v1	111	1	97009370f69143a0809370f691f3a077	AO400	7	enclave_tsc_same_invocation	53513952299502	cycles		sgx_worker_enclave		observed
c5-timing-event-v1	C5	asyncs	measured	dynamic-html-derived-v1	111	1	97009370f69143a0809370f691f3a077	AO410	8	enclave_tsc_same_invocation	53513952922281	cycles		sgx_worker_enclave		observed
c5-timing-event-v1	C5	asyncs	measured	dynamic-html-derived-v1	111	1	97009370f69143a0809370f691f3a077	AO420	9	enclave_tsc_same_invocation	53513952923184	cycles		sgx_worker_enclave		observed
c5-timing-event-v1	C5	asyncs	measured	dynamic-html-derived-v1	111	1	97009370f69143a0809370f691f3a077	AO430	10	enclave_tsc_same_invocation	53513952933478	cycles		sgx_worker_enclave		observed
c5-timing-event-v1	C5	asyncs	measured	dynamic-html-derived-v1	111	1	97009370f69143a0809370f691f3a077	A400	400	monotonic_ns_same_process	19806959800526	ns		asyncs_worker		observed
c5-timing-event-v1	C5	asyncs	measured	dynamic-html-derived-v1	111	1	97009370f69143a0809370f691f3a077	A410	410	monotonic_ns_same_process	19807293907100	ns		asyncs_worker		observed
c5-timing-event-v1	C5	asyncs	measured	dynamic-html-derived-v1	112	1	7e475e98c17440cf875e98c17430cfa7	AI400	1	enclave_tsc_same_invocation	53512740155321	cycles		sgx_worker_enclave		observed
c5-timing-event-v1	C5	asyncs	measured	dynamic-html-derived-v1	112	1	7e475e98c17440cf875e98c17430cfa7	AI410	2	enclave_tsc_same_invocation	53512746587793	cycles		sgx_worker_enclave		observed
c5-timing-event-v1	C5	asyncs	measured	dynamic-html-derived-v1	112	1	7e475e98c17440cf875e98c17430cfa7	AI420	3	enclave_tsc_same_invocation	53512746588249	cycles		sgx_worker_enclave		observed
c5-timing-event-v1	C5	asyncs	measured	dynamic-html-derived-v1	112	1	7e475e98c17440cf875e98c17430cfa7	AI430	4	enclave_tsc_same_invocation	53512746590794	cycles		sgx_worker_enclave		observed
c5-timing-event-v1	C5	asyncs	measured	dynamic-html-derived-v1	112	1	7e475e98c17440cf875e98c17430cfa7	AF400	5	enclave_tsc_same_invocation	53512758366325	cycles		sgx_worker_enclave		observed
c5-timing-event-v1	C5	asyncs	measured	dynamic-html-derived-v1	112	1	7e475e98c17440cf875e98c17430cfa7	AF410	6	enclave_tsc_same_invocation	53514104237409	cycles		sgx_worker_enclave		observed
c5-timing-event-v1	C5	asyncs	measured	dynamic-html-derived-v1	112	1	7e475e98c17440cf875e98c17430cfa7	AO400	7	enclave_tsc_same_invocation	53514106413977	cycles		sgx_worker_enclave		observed
c5-timing-event-v1	C5	asyncs	measured	dynamic-html-derived-v1	112	1	7e475e98c17440cf875e98c17430cfa7	AO410	8	enclave_tsc_same_invocation	53514107477278	cycles		sgx_worker_enclave		observed
c5-timing-event-v1	C5	asyncs	measured	dynamic-html-derived-v1	112	1	7e475e98c17440cf875e98c17430cfa7	AO420	9	enclave_tsc_same_invocation	53514107478457	cycles		sgx_worker_enclave		observed
c5-timing-event-v1	C5	asyncs	measured	dynamic-html-derived-v1	112	1	7e475e98c17440cf875e98c17430cfa7	AO430	10	enclave_tsc_same_invocation	53514107493571	cycles		sgx_worker_enclave		observed
c5-timing-event-v1	C5	asyncs	measured	dynamic-html-derived-v1	112	1	7e475e98c17440cf875e98c17430cfa7	A400	400	monotonic_ns_same_process	19806006197186	ns		asyncs_worker		observed
c5-timing-event-v1	C5	asyncs	measured	dynamic-html-derived-v1	112	1	7e475e98c17440cf875e98c17430cfa7	A410	410	monotonic_ns_same_process	19806513821779	ns		asyncs_worker		observed
c5-timing-event-v1	C5	asyncs	measured	dynamic-html-derived-v1	113	1	d840d3ce4f164bb580d3ce4f163bb501	AI400	1	enclave_tsc_same_invocation	53512802993045	cycles		sgx_worker_enclave		observed
c5-timing-event-v1	C5	asyncs	measured	dynamic-html-derived-v1	113	1	d840d3ce4f164bb580d3ce4f163bb501	AI410	2	enclave_tsc_same_invocation	53512811288418	cycles		sgx_worker_enclave		observed
c5-timing-event-v1	C5	asyncs	measured	dynamic-html-derived-v1	113	1	d840d3ce4f164bb580d3ce4f163bb501	AI420	3	enclave_tsc_same_invocation	53512811289108	cycles		sgx_worker_enclave		observed
c5-timing-event-v1	C5	asyncs	measured	dynamic-html-derived-v1	113	1	d840d3ce4f164bb580d3ce4f163bb501	AI430	4	enclave_tsc_same_invocation	53512811293000	cycles		sgx_worker_enclave		observed
c5-timing-event-v1	C5	asyncs	measured	dynamic-html-derived-v1	113	1	d840d3ce4f164bb580d3ce4f163bb501	AF400	5	enclave_tsc_same_invocation	53512830908827	cycles		sgx_worker_enclave		observed
c5-timing-event-v1	C5	asyncs	measured	dynamic-html-derived-v1	113	1	d840d3ce4f164bb580d3ce4f163bb501	AF410	6	enclave_tsc_same_invocation	53514227650335	cycles		sgx_worker_enclave		observed
c5-timing-event-v1	C5	asyncs	measured	dynamic-html-derived-v1	113	1	d840d3ce4f164bb580d3ce4f163bb501	AO400	7	enclave_tsc_same_invocation	53514229664628	cycles		sgx_worker_enclave		observed
c5-timing-event-v1	C5	asyncs	measured	dynamic-html-derived-v1	113	1	d840d3ce4f164bb580d3ce4f163bb501	AO410	8	enclave_tsc_same_invocation	53514230249378	cycles		sgx_worker_enclave		observed
c5-timing-event-v1	C5	asyncs	measured	dynamic-html-derived-v1	113	1	d840d3ce4f164bb580d3ce4f163bb501	AO420	9	enclave_tsc_same_invocation	53514230249963	cycles		sgx_worker_enclave		observed
c5-timing-event-v1	C5	asyncs	measured	dynamic-html-derived-v1	113	1	d840d3ce4f164bb580d3ce4f163bb501	AO430	10	enclave_tsc_same_invocation	53514230259081	cycles		sgx_worker_enclave		observed
c5-timing-event-v1	C5	asyncs	measured	dynamic-html-derived-v1	113	1	d840d3ce4f164bb580d3ce4f163bb501	A400	400	monotonic_ns_same_process	19806029522837	ns		asyncs_worker		observed
c5-timing-event-v1	C5	asyncs	measured	dynamic-html-derived-v1	113	1	d840d3ce4f164bb580d3ce4f163bb501	A410	410	monotonic_ns_same_process	19806559260541	ns		asyncs_worker		observed
c5-timing-event-v1	C5	asyncs	measured	dynamic-html-derived-v1	114	1	292855ac622d492ea855ac622d592e91	AI400	1	enclave_tsc_same_invocation	53514133127508	cycles		sgx_worker_enclave		observed
c5-timing-event-v1	C5	asyncs	measured	dynamic-html-derived-v1	114	1	292855ac622d492ea855ac622d592e91	AI410	2	enclave_tsc_same_invocation	53514139553069	cycles		sgx_worker_enclave		observed
c5-timing-event-v1	C5	asyncs	measured	dynamic-html-derived-v1	114	1	292855ac622d492ea855ac622d592e91	AI420	3	enclave_tsc_same_invocation	53514139553632	cycles		sgx_worker_enclave		observed
c5-timing-event-v1	C5	asyncs	measured	dynamic-html-derived-v1	114	1	292855ac622d492ea855ac622d592e91	AI430	4	enclave_tsc_same_invocation	53514139556432	cycles		sgx_worker_enclave		observed
c5-timing-event-v1	C5	asyncs	measured	dynamic-html-derived-v1	114	1	292855ac622d492ea855ac622d592e91	AF400	5	enclave_tsc_same_invocation	53514151245079	cycles		sgx_worker_enclave		observed
c5-timing-event-v1	C5	asyncs	measured	dynamic-html-derived-v1	114	1	292855ac622d492ea855ac622d592e91	AF410	6	enclave_tsc_same_invocation	53515027569227	cycles		sgx_worker_enclave		observed
c5-timing-event-v1	C5	asyncs	measured	dynamic-html-derived-v1	114	1	292855ac622d492ea855ac622d592e91	AO400	7	enclave_tsc_same_invocation	53515029599723	cycles		sgx_worker_enclave		observed
c5-timing-event-v1	C5	asyncs	measured	dynamic-html-derived-v1	114	1	292855ac622d492ea855ac622d592e91	AO410	8	enclave_tsc_same_invocation	53515030237057	cycles		sgx_worker_enclave		observed
c5-timing-event-v1	C5	asyncs	measured	dynamic-html-derived-v1	114	1	292855ac622d492ea855ac622d592e91	AO420	9	enclave_tsc_same_invocation	53515030237905	cycles		sgx_worker_enclave		observed
c5-timing-event-v1	C5	asyncs	measured	dynamic-html-derived-v1	114	1	292855ac622d492ea855ac622d592e91	AO430	10	enclave_tsc_same_invocation	53515030247666	cycles		sgx_worker_enclave		observed
c5-timing-event-v1	C5	asyncs	measured	dynamic-html-derived-v1	114	1	292855ac622d492ea855ac622d592e91	A400	400	monotonic_ns_same_process	19807359452930	ns		asyncs_worker		observed
c5-timing-event-v1	C5	asyncs	measured	dynamic-html-derived-v1	114	1	292855ac622d492ea855ac622d592e91	A410	410	monotonic_ns_same_process	19807692917520	ns		asyncs_worker		observed
c5-timing-event-v1	C5	asyncs	measured	dynamic-html-derived-v1	115	1	4e85bacda169479f85bacda169879fa4	AI400	1	enclave_tsc_same_invocation	53515205218252	cycles		sgx_worker_enclave		observed
c5-timing-event-v1	C5	asyncs	measured	dynamic-html-derived-v1	115	1	4e85bacda169479f85bacda169879fa4	AI410	2	enclave_tsc_same_invocation	53515211617256	cycles		sgx_worker_enclave		observed
c5-timing-event-v1	C5	asyncs	measured	dynamic-html-derived-v1	115	1	4e85bacda169479f85bacda169879fa4	AI420	3	enclave_tsc_same_invocation	53515211617785	cycles		sgx_worker_enclave		observed
c5-timing-event-v1	C5	asyncs	measured	dynamic-html-derived-v1	115	1	4e85bacda169479f85bacda169879fa4	AI430	4	enclave_tsc_same_invocation	53515211620651	cycles		sgx_worker_enclave		observed
c5-timing-event-v1	C5	asyncs	measured	dynamic-html-derived-v1	115	1	4e85bacda169479f85bacda169879fa4	AF400	5	enclave_tsc_same_invocation	53515223323349	cycles		sgx_worker_enclave		observed
c5-timing-event-v1	C5	asyncs	measured	dynamic-html-derived-v1	115	1	4e85bacda169479f85bacda169879fa4	AF410	6	enclave_tsc_same_invocation	53516123078921	cycles		sgx_worker_enclave		observed
c5-timing-event-v1	C5	asyncs	measured	dynamic-html-derived-v1	115	1	4e85bacda169479f85bacda169879fa4	AO400	7	enclave_tsc_same_invocation	53516125088753	cycles		sgx_worker_enclave		observed
c5-timing-event-v1	C5	asyncs	measured	dynamic-html-derived-v1	115	1	4e85bacda169479f85bacda169879fa4	AO410	8	enclave_tsc_same_invocation	53516125702315	cycles		sgx_worker_enclave		observed
c5-timing-event-v1	C5	asyncs	measured	dynamic-html-derived-v1	115	1	4e85bacda169479f85bacda169879fa4	AO420	9	enclave_tsc_same_invocation	53516125703166	cycles		sgx_worker_enclave		observed
c5-timing-event-v1	C5	asyncs	measured	dynamic-html-derived-v1	115	1	4e85bacda169479f85bacda169879fa4	AO430	10	enclave_tsc_same_invocation	53516125712057	cycles		sgx_worker_enclave		observed
c5-timing-event-v1	C5	asyncs	measured	dynamic-html-derived-v1	115	1	4e85bacda169479f85bacda169879fa4	A400	400	monotonic_ns_same_process	19807756576141	ns		asyncs_worker		observed
c5-timing-event-v1	C5	asyncs	measured	dynamic-html-derived-v1	115	1	4e85bacda169479f85bacda169879fa4	A410	410	monotonic_ns_same_process	19808098657089	ns		asyncs_worker		observed
c5-timing-event-v1	C5	asyncs	measured	dynamic-html-derived-v1	116	1	2b3b5300a96a4542bb5300a96af54268	AI400	1	enclave_tsc_same_invocation	53514843520260	cycles		sgx_worker_enclave		observed
c5-timing-event-v1	C5	asyncs	measured	dynamic-html-derived-v1	116	1	2b3b5300a96a4542bb5300a96af54268	AI410	2	enclave_tsc_same_invocation	53514850033767	cycles		sgx_worker_enclave		observed
c5-timing-event-v1	C5	asyncs	measured	dynamic-html-derived-v1	116	1	2b3b5300a96a4542bb5300a96af54268	AI420	3	enclave_tsc_same_invocation	53514850034350	cycles		sgx_worker_enclave		observed
c5-timing-event-v1	C5	asyncs	measured	dynamic-html-derived-v1	116	1	2b3b5300a96a4542bb5300a96af54268	AI430	4	enclave_tsc_same_invocation	53514850037025	cycles		sgx_worker_enclave		observed
c5-timing-event-v1	C5	asyncs	measured	dynamic-html-derived-v1	116	1	2b3b5300a96a4542bb5300a96af54268	AF400	5	enclave_tsc_same_invocation	53514861912404	cycles		sgx_worker_enclave		observed
c5-timing-event-v1	C5	asyncs	measured	dynamic-html-derived-v1	116	1	2b3b5300a96a4542bb5300a96af54268	AF410	6	enclave_tsc_same_invocation	53516212865722	cycles		sgx_worker_enclave		observed
c5-timing-event-v1	C5	asyncs	measured	dynamic-html-derived-v1	116	1	2b3b5300a96a4542bb5300a96af54268	AO400	7	enclave_tsc_same_invocation	53516215099759	cycles		sgx_worker_enclave		observed
c5-timing-event-v1	C5	asyncs	measured	dynamic-html-derived-v1	116	1	2b3b5300a96a4542bb5300a96af54268	AO410	8	enclave_tsc_same_invocation	53516216210143	cycles		sgx_worker_enclave		observed
c5-timing-event-v1	C5	asyncs	measured	dynamic-html-derived-v1	116	1	2b3b5300a96a4542bb5300a96af54268	AO420	9	enclave_tsc_same_invocation	53516216211245	cycles		sgx_worker_enclave		observed
c5-timing-event-v1	C5	asyncs	measured	dynamic-html-derived-v1	116	1	2b3b5300a96a4542bb5300a96af54268	AO430	10	enclave_tsc_same_invocation	53516216225063	cycles		sgx_worker_enclave		observed
c5-timing-event-v1	C5	asyncs	measured	dynamic-html-derived-v1	116	1	2b3b5300a96a4542bb5300a96af54268	A400	400	monotonic_ns_same_process	19806785243749	ns		asyncs_worker		observed
c5-timing-event-v1	C5	asyncs	measured	dynamic-html-derived-v1	116	1	2b3b5300a96a4542bb5300a96af54268	A410	410	monotonic_ns_same_process	19807294850686	ns		asyncs_worker		observed
c5-timing-event-v1	C5	asyncs	measured	dynamic-html-derived-v1	117	1	a644de0a3e53451a84de0a3e53a51a7c	AI400	1	enclave_tsc_same_invocation	53514971943002	cycles		sgx_worker_enclave		observed
c5-timing-event-v1	C5	asyncs	measured	dynamic-html-derived-v1	117	1	a644de0a3e53451a84de0a3e53a51a7c	AI410	2	enclave_tsc_same_invocation	53514982837802	cycles		sgx_worker_enclave		observed
c5-timing-event-v1	C5	asyncs	measured	dynamic-html-derived-v1	117	1	a644de0a3e53451a84de0a3e53a51a7c	AI420	3	enclave_tsc_same_invocation	53514982838761	cycles		sgx_worker_enclave		observed
c5-timing-event-v1	C5	asyncs	measured	dynamic-html-derived-v1	117	1	a644de0a3e53451a84de0a3e53a51a7c	AI430	4	enclave_tsc_same_invocation	53514982842617	cycles		sgx_worker_enclave		observed
c5-timing-event-v1	C5	asyncs	measured	dynamic-html-derived-v1	117	1	a644de0a3e53451a84de0a3e53a51a7c	AF400	5	enclave_tsc_same_invocation	53515002412043	cycles		sgx_worker_enclave		observed
c5-timing-event-v1	C5	asyncs	measured	dynamic-html-derived-v1	117	1	a644de0a3e53451a84de0a3e53a51a7c	AF410	6	enclave_tsc_same_invocation	53516322046528	cycles		sgx_worker_enclave		observed
c5-timing-event-v1	C5	asyncs	measured	dynamic-html-derived-v1	117	1	a644de0a3e53451a84de0a3e53a51a7c	AO400	7	enclave_tsc_same_invocation	53516324132573	cycles		sgx_worker_enclave		observed
c5-timing-event-v1	C5	asyncs	measured	dynamic-html-derived-v1	117	1	a644de0a3e53451a84de0a3e53a51a7c	AO410	8	enclave_tsc_same_invocation	53516324720264	cycles		sgx_worker_enclave		observed
c5-timing-event-v1	C5	asyncs	measured	dynamic-html-derived-v1	117	1	a644de0a3e53451a84de0a3e53a51a7c	AO420	9	enclave_tsc_same_invocation	53516324721003	cycles		sgx_worker_enclave		observed
c5-timing-event-v1	C5	asyncs	measured	dynamic-html-derived-v1	117	1	a644de0a3e53451a84de0a3e53a51a7c	AO430	10	enclave_tsc_same_invocation	53516324730489	cycles		sgx_worker_enclave		observed
c5-timing-event-v1	C5	asyncs	measured	dynamic-html-derived-v1	117	1	a644de0a3e53451a84de0a3e53a51a7c	A400	400	monotonic_ns_same_process	19806832262983	ns		asyncs_worker		observed
c5-timing-event-v1	C5	asyncs	measured	dynamic-html-derived-v1	117	1	a644de0a3e53451a84de0a3e53a51a7c	A410	410	monotonic_ns_same_process	19807335015171	ns		asyncs_worker		observed
c5-timing-event-v1	C5	asyncs	measured	dynamic-html-derived-v1	118	1	7639c659aa594306b9c659aa59c3069a	AI400	1	enclave_tsc_same_invocation	53516297320096	cycles		sgx_worker_enclave		observed
c5-timing-event-v1	C5	asyncs	measured	dynamic-html-derived-v1	118	1	7639c659aa594306b9c659aa59c3069a	AI410	2	enclave_tsc_same_invocation	53516303818918	cycles		sgx_worker_enclave		observed
c5-timing-event-v1	C5	asyncs	measured	dynamic-html-derived-v1	118	1	7639c659aa594306b9c659aa59c3069a	AI420	3	enclave_tsc_same_invocation	53516303819508	cycles		sgx_worker_enclave		observed
c5-timing-event-v1	C5	asyncs	measured	dynamic-html-derived-v1	118	1	7639c659aa594306b9c659aa59c3069a	AI430	4	enclave_tsc_same_invocation	53516303822249	cycles		sgx_worker_enclave		observed
c5-timing-event-v1	C5	asyncs	measured	dynamic-html-derived-v1	118	1	7639c659aa594306b9c659aa59c3069a	AF400	5	enclave_tsc_same_invocation	53516315601016	cycles		sgx_worker_enclave		observed
c5-timing-event-v1	C5	asyncs	measured	dynamic-html-derived-v1	118	1	7639c659aa594306b9c659aa59c3069a	AF410	6	enclave_tsc_same_invocation	53517190718613	cycles		sgx_worker_enclave		observed
c5-timing-event-v1	C5	asyncs	measured	dynamic-html-derived-v1	118	1	7639c659aa594306b9c659aa59c3069a	AO400	7	enclave_tsc_same_invocation	53517192642259	cycles		sgx_worker_enclave		observed
c5-timing-event-v1	C5	asyncs	measured	dynamic-html-derived-v1	118	1	7639c659aa594306b9c659aa59c3069a	AO410	8	enclave_tsc_same_invocation	53517193274670	cycles		sgx_worker_enclave		observed
c5-timing-event-v1	C5	asyncs	measured	dynamic-html-derived-v1	118	1	7639c659aa594306b9c659aa59c3069a	AO420	9	enclave_tsc_same_invocation	53517193275672	cycles		sgx_worker_enclave		observed
c5-timing-event-v1	C5	asyncs	measured	dynamic-html-derived-v1	118	1	7639c659aa594306b9c659aa59c3069a	AO430	10	enclave_tsc_same_invocation	53517193285293	cycles		sgx_worker_enclave		observed
c5-timing-event-v1	C5	asyncs	measured	dynamic-html-derived-v1	118	1	7639c659aa594306b9c659aa59c3069a	A400	400	monotonic_ns_same_process	19808161095620	ns		asyncs_worker		observed
c5-timing-event-v1	C5	asyncs	measured	dynamic-html-derived-v1	118	1	7639c659aa594306b9c659aa59c3069a	A410	410	monotonic_ns_same_process	19808494059682	ns		asyncs_worker		observed
c5-timing-event-v1	C5	asyncs	measured	dynamic-html-derived-v1	119	1	c79b3dda736c4cbe9b3dda736cbcbe1c	AI400	1	enclave_tsc_same_invocation	53516366672890	cycles		sgx_worker_enclave		observed
c5-timing-event-v1	C5	asyncs	measured	dynamic-html-derived-v1	119	1	c79b3dda736c4cbe9b3dda736cbcbe1c	AI410	2	enclave_tsc_same_invocation	53516373219945	cycles		sgx_worker_enclave		observed
c5-timing-event-v1	C5	asyncs	measured	dynamic-html-derived-v1	119	1	c79b3dda736c4cbe9b3dda736cbcbe1c	AI420	3	enclave_tsc_same_invocation	53516373220526	cycles		sgx_worker_enclave		observed
c5-timing-event-v1	C5	asyncs	measured	dynamic-html-derived-v1	119	1	c79b3dda736c4cbe9b3dda736cbcbe1c	AI430	4	enclave_tsc_same_invocation	53516373223263	cycles		sgx_worker_enclave		observed
c5-timing-event-v1	C5	asyncs	measured	dynamic-html-derived-v1	119	1	c79b3dda736c4cbe9b3dda736cbcbe1c	AF400	5	enclave_tsc_same_invocation	53516387868111	cycles		sgx_worker_enclave		observed
c5-timing-event-v1	C5	asyncs	measured	dynamic-html-derived-v1	119	1	c79b3dda736c4cbe9b3dda736cbcbe1c	AF410	6	enclave_tsc_same_invocation	53517776027917	cycles		sgx_worker_enclave		observed
c5-timing-event-v1	C5	asyncs	measured	dynamic-html-derived-v1	119	1	c79b3dda736c4cbe9b3dda736cbcbe1c	AO400	7	enclave_tsc_same_invocation	53517778417083	cycles		sgx_worker_enclave		observed
c5-timing-event-v1	C5	asyncs	measured	dynamic-html-derived-v1	119	1	c79b3dda736c4cbe9b3dda736cbcbe1c	AO410	8	enclave_tsc_same_invocation	53517779592028	cycles		sgx_worker_enclave		observed
c5-timing-event-v1	C5	asyncs	measured	dynamic-html-derived-v1	119	1	c79b3dda736c4cbe9b3dda736cbcbe1c	AO420	9	enclave_tsc_same_invocation	53517779592972	cycles		sgx_worker_enclave		observed
c5-timing-event-v1	C5	asyncs	measured	dynamic-html-derived-v1	119	1	c79b3dda736c4cbe9b3dda736cbcbe1c	AO430	10	enclave_tsc_same_invocation	53517779609250	cycles		sgx_worker_enclave		observed
c5-timing-event-v1	C5	asyncs	measured	dynamic-html-derived-v1	119	1	c79b3dda736c4cbe9b3dda736cbcbe1c	A400	400	monotonic_ns_same_process	19807349433853	ns		asyncs_worker		observed
c5-timing-event-v1	C5	asyncs	measured	dynamic-html-derived-v1	119	1	c79b3dda736c4cbe9b3dda736cbcbe1c	A410	410	monotonic_ns_same_process	19807873898543	ns		asyncs_worker		observed
c5-timing-event-v1	C5	asyncs	measured	dynamic-html-derived-v1	120	1	efaeb7b351604225aeb7b351604225c6	AI400	1	enclave_tsc_same_invocation	53516470983055	cycles		sgx_worker_enclave		observed
c5-timing-event-v1	C5	asyncs	measured	dynamic-html-derived-v1	120	1	efaeb7b351604225aeb7b351604225c6	AI410	2	enclave_tsc_same_invocation	53516478068554	cycles		sgx_worker_enclave		observed
c5-timing-event-v1	C5	asyncs	measured	dynamic-html-derived-v1	120	1	efaeb7b351604225aeb7b351604225c6	AI420	3	enclave_tsc_same_invocation	53516478070083	cycles		sgx_worker_enclave		observed
c5-timing-event-v1	C5	asyncs	measured	dynamic-html-derived-v1	120	1	efaeb7b351604225aeb7b351604225c6	AI430	4	enclave_tsc_same_invocation	53516478072919	cycles		sgx_worker_enclave		observed
c5-timing-event-v1	C5	asyncs	measured	dynamic-html-derived-v1	120	1	efaeb7b351604225aeb7b351604225c6	AF400	5	enclave_tsc_same_invocation	53516500876954	cycles		sgx_worker_enclave		observed
c5-timing-event-v1	C5	asyncs	measured	dynamic-html-derived-v1	120	1	efaeb7b351604225aeb7b351604225c6	AF410	6	enclave_tsc_same_invocation	53517845009377	cycles		sgx_worker_enclave		observed
c5-timing-event-v1	C5	asyncs	measured	dynamic-html-derived-v1	120	1	efaeb7b351604225aeb7b351604225c6	AO400	7	enclave_tsc_same_invocation	53517847012567	cycles		sgx_worker_enclave		observed
c5-timing-event-v1	C5	asyncs	measured	dynamic-html-derived-v1	120	1	efaeb7b351604225aeb7b351604225c6	AO410	8	enclave_tsc_same_invocation	53517847607141	cycles		sgx_worker_enclave		observed
c5-timing-event-v1	C5	asyncs	measured	dynamic-html-derived-v1	120	1	efaeb7b351604225aeb7b351604225c6	AO420	9	enclave_tsc_same_invocation	53517847607925	cycles		sgx_worker_enclave		observed
c5-timing-event-v1	C5	asyncs	measured	dynamic-html-derived-v1	120	1	efaeb7b351604225aeb7b351604225c6	AO430	10	enclave_tsc_same_invocation	53517847617235	cycles		sgx_worker_enclave		observed
c5-timing-event-v1	C5	asyncs	measured	dynamic-html-derived-v1	120	1	efaeb7b351604225aeb7b351604225c6	A400	400	monotonic_ns_same_process	19807386790778	ns		asyncs_worker		observed
c5-timing-event-v1	C5	asyncs	measured	dynamic-html-derived-v1	120	1	efaeb7b351604225aeb7b351604225c6	A410	410	monotonic_ns_same_process	19807899058696	ns		asyncs_worker		observed
c5-timing-event-v1	C5	asyncs	measured	dynamic-html-derived-v1	121	1	961ae0a7674c43f59ae0a7674ce3f539	AI400	1	enclave_tsc_same_invocation	53517345632365	cycles		sgx_worker_enclave		observed
c5-timing-event-v1	C5	asyncs	measured	dynamic-html-derived-v1	121	1	961ae0a7674c43f59ae0a7674ce3f539	AI410	2	enclave_tsc_same_invocation	53517352194950	cycles		sgx_worker_enclave		observed
c5-timing-event-v1	C5	asyncs	measured	dynamic-html-derived-v1	121	1	961ae0a7674c43f59ae0a7674ce3f539	AI420	3	enclave_tsc_same_invocation	53517352195526	cycles		sgx_worker_enclave		observed
c5-timing-event-v1	C5	asyncs	measured	dynamic-html-derived-v1	121	1	961ae0a7674c43f59ae0a7674ce3f539	AI430	4	enclave_tsc_same_invocation	53517352198451	cycles		sgx_worker_enclave		observed
c5-timing-event-v1	C5	asyncs	measured	dynamic-html-derived-v1	121	1	961ae0a7674c43f59ae0a7674ce3f539	AF400	5	enclave_tsc_same_invocation	53517363886861	cycles		sgx_worker_enclave		observed
c5-timing-event-v1	C5	asyncs	measured	dynamic-html-derived-v1	121	1	961ae0a7674c43f59ae0a7674ce3f539	AF410	6	enclave_tsc_same_invocation	53518242844390	cycles		sgx_worker_enclave		observed
c5-timing-event-v1	C5	asyncs	measured	dynamic-html-derived-v1	121	1	961ae0a7674c43f59ae0a7674ce3f539	AO400	7	enclave_tsc_same_invocation	53518244857734	cycles		sgx_worker_enclave		observed
c5-timing-event-v1	C5	asyncs	measured	dynamic-html-derived-v1	121	1	961ae0a7674c43f59ae0a7674ce3f539	AO410	8	enclave_tsc_same_invocation	53518245464335	cycles		sgx_worker_enclave		observed
c5-timing-event-v1	C5	asyncs	measured	dynamic-html-derived-v1	121	1	961ae0a7674c43f59ae0a7674ce3f539	AO420	9	enclave_tsc_same_invocation	53518245465102	cycles		sgx_worker_enclave		observed
c5-timing-event-v1	C5	asyncs	measured	dynamic-html-derived-v1	121	1	961ae0a7674c43f59ae0a7674ce3f539	AO430	10	enclave_tsc_same_invocation	53518245474504	cycles		sgx_worker_enclave		observed
c5-timing-event-v1	C5	asyncs	measured	dynamic-html-derived-v1	121	1	961ae0a7674c43f59ae0a7674ce3f539	A400	400	monotonic_ns_same_process	19808549338415	ns		asyncs_worker		observed
c5-timing-event-v1	C5	asyncs	measured	dynamic-html-derived-v1	121	1	961ae0a7674c43f59ae0a7674ce3f539	A410	410	monotonic_ns_same_process	19808883763486	ns		asyncs_worker		observed
c5-timing-event-v1	C5	asyncs	measured	dynamic-html-derived-v1	122	1	3fc223b062344cb78223b062348cb7ed	AI400	1	enclave_tsc_same_invocation	53518422139475	cycles		sgx_worker_enclave		observed
c5-timing-event-v1	C5	asyncs	measured	dynamic-html-derived-v1	122	1	3fc223b062344cb78223b062348cb7ed	AI410	2	enclave_tsc_same_invocation	53518428623458	cycles		sgx_worker_enclave		observed
c5-timing-event-v1	C5	asyncs	measured	dynamic-html-derived-v1	122	1	3fc223b062344cb78223b062348cb7ed	AI420	3	enclave_tsc_same_invocation	53518428623989	cycles		sgx_worker_enclave		observed
c5-timing-event-v1	C5	asyncs	measured	dynamic-html-derived-v1	122	1	3fc223b062344cb78223b062348cb7ed	AI430	4	enclave_tsc_same_invocation	53518428626225	cycles		sgx_worker_enclave		observed
c5-timing-event-v1	C5	asyncs	measured	dynamic-html-derived-v1	122	1	3fc223b062344cb78223b062348cb7ed	AF400	5	enclave_tsc_same_invocation	53518440442545	cycles		sgx_worker_enclave		observed
c5-timing-event-v1	C5	asyncs	measured	dynamic-html-derived-v1	122	1	3fc223b062344cb78223b062348cb7ed	AF410	6	enclave_tsc_same_invocation	53519317021413	cycles		sgx_worker_enclave		observed
c5-timing-event-v1	C5	asyncs	measured	dynamic-html-derived-v1	122	1	3fc223b062344cb78223b062348cb7ed	AO400	7	enclave_tsc_same_invocation	53519318982258	cycles		sgx_worker_enclave		observed
c5-timing-event-v1	C5	asyncs	measured	dynamic-html-derived-v1	122	1	3fc223b062344cb78223b062348cb7ed	AO410	8	enclave_tsc_same_invocation	53519319597430	cycles		sgx_worker_enclave		observed
c5-timing-event-v1	C5	asyncs	measured	dynamic-html-derived-v1	122	1	3fc223b062344cb78223b062348cb7ed	AO420	9	enclave_tsc_same_invocation	53519319598275	cycles		sgx_worker_enclave		observed
c5-timing-event-v1	C5	asyncs	measured	dynamic-html-derived-v1	122	1	3fc223b062344cb78223b062348cb7ed	AO430	10	enclave_tsc_same_invocation	53519319607269	cycles		sgx_worker_enclave		observed
c5-timing-event-v1	C5	asyncs	measured	dynamic-html-derived-v1	122	1	3fc223b062344cb78223b062348cb7ed	A400	400	monotonic_ns_same_process	19808948102047	ns		asyncs_worker		observed
c5-timing-event-v1	C5	asyncs	measured	dynamic-html-derived-v1	122	1	3fc223b062344cb78223b062348cb7ed	A410	410	monotonic_ns_same_process	19809281603733	ns		asyncs_worker		observed
c5-timing-event-v1	C5	asyncs	measured	dynamic-html-derived-v1	123	1	452e8727556b4ae4ae8727556b2ae4f1	AI400	1	enclave_tsc_same_invocation	53518045968731	cycles		sgx_worker_enclave		observed
c5-timing-event-v1	C5	asyncs	measured	dynamic-html-derived-v1	123	1	452e8727556b4ae4ae8727556b2ae4f1	AI410	2	enclave_tsc_same_invocation	53518052511431	cycles		sgx_worker_enclave		observed
c5-timing-event-v1	C5	asyncs	measured	dynamic-html-derived-v1	123	1	452e8727556b4ae4ae8727556b2ae4f1	AI420	3	enclave_tsc_same_invocation	53518052512597	cycles		sgx_worker_enclave		observed
c5-timing-event-v1	C5	asyncs	measured	dynamic-html-derived-v1	123	1	452e8727556b4ae4ae8727556b2ae4f1	AI430	4	enclave_tsc_same_invocation	53518052515282	cycles		sgx_worker_enclave		observed
c5-timing-event-v1	C5	asyncs	measured	dynamic-html-derived-v1	123	1	452e8727556b4ae4ae8727556b2ae4f1	AF400	5	enclave_tsc_same_invocation	53518064348455	cycles		sgx_worker_enclave		observed
c5-timing-event-v1	C5	asyncs	measured	dynamic-html-derived-v1	123	1	452e8727556b4ae4ae8727556b2ae4f1	AF410	6	enclave_tsc_same_invocation	53519379241670	cycles		sgx_worker_enclave		observed
c5-timing-event-v1	C5	asyncs	measured	dynamic-html-derived-v1	123	1	452e8727556b4ae4ae8727556b2ae4f1	AO400	7	enclave_tsc_same_invocation	53519381457207	cycles		sgx_worker_enclave		observed
c5-timing-event-v1	C5	asyncs	measured	dynamic-html-derived-v1	123	1	452e8727556b4ae4ae8727556b2ae4f1	AO410	8	enclave_tsc_same_invocation	53519382509182	cycles		sgx_worker_enclave		observed
c5-timing-event-v1	C5	asyncs	measured	dynamic-html-derived-v1	123	1	452e8727556b4ae4ae8727556b2ae4f1	AO420	9	enclave_tsc_same_invocation	53519382510910	cycles		sgx_worker_enclave		observed
c5-timing-event-v1	C5	asyncs	measured	dynamic-html-derived-v1	123	1	452e8727556b4ae4ae8727556b2ae4f1	AO430	10	enclave_tsc_same_invocation	53519382525508	cycles		sgx_worker_enclave		observed
c5-timing-event-v1	C5	asyncs	measured	dynamic-html-derived-v1	123	1	452e8727556b4ae4ae8727556b2ae4f1	A400	400	monotonic_ns_same_process	19807971355776	ns		asyncs_worker		observed
c5-timing-event-v1	C5	asyncs	measured	dynamic-html-derived-v1	123	1	452e8727556b4ae4ae8727556b2ae4f1	A410	410	monotonic_ns_same_process	19808467576553	ns		asyncs_worker		observed
c5-timing-event-v1	C5	asyncs	measured	dynamic-html-derived-v1	124	1	4135443aa0f740fab5443aa0f7e0fa33	AI400	1	enclave_tsc_same_invocation	53518158240894	cycles		sgx_worker_enclave		observed
c5-timing-event-v1	C5	asyncs	measured	dynamic-html-derived-v1	124	1	4135443aa0f740fab5443aa0f7e0fa33	AI410	2	enclave_tsc_same_invocation	53518170140737	cycles		sgx_worker_enclave		observed
c5-timing-event-v1	C5	asyncs	measured	dynamic-html-derived-v1	124	1	4135443aa0f740fab5443aa0f7e0fa33	AI420	3	enclave_tsc_same_invocation	53518170141698	cycles		sgx_worker_enclave		observed
c5-timing-event-v1	C5	asyncs	measured	dynamic-html-derived-v1	124	1	4135443aa0f740fab5443aa0f7e0fa33	AI430	4	enclave_tsc_same_invocation	53518170145677	cycles		sgx_worker_enclave		observed
c5-timing-event-v1	C5	asyncs	measured	dynamic-html-derived-v1	124	1	4135443aa0f740fab5443aa0f7e0fa33	AF400	5	enclave_tsc_same_invocation	53518190469744	cycles		sgx_worker_enclave		observed
c5-timing-event-v1	C5	asyncs	measured	dynamic-html-derived-v1	124	1	4135443aa0f740fab5443aa0f7e0fa33	AF410	6	enclave_tsc_same_invocation	53519540485475	cycles		sgx_worker_enclave		observed
c5-timing-event-v1	C5	asyncs	measured	dynamic-html-derived-v1	124	1	4135443aa0f740fab5443aa0f7e0fa33	AO400	7	enclave_tsc_same_invocation	53519542568810	cycles		sgx_worker_enclave		observed
c5-timing-event-v1	C5	asyncs	measured	dynamic-html-derived-v1	124	1	4135443aa0f740fab5443aa0f7e0fa33	AO410	8	enclave_tsc_same_invocation	53519543176607	cycles		sgx_worker_enclave		observed
c5-timing-event-v1	C5	asyncs	measured	dynamic-html-derived-v1	124	1	4135443aa0f740fab5443aa0f7e0fa33	AO420	9	enclave_tsc_same_invocation	53519543178146	cycles		sgx_worker_enclave		observed
c5-timing-event-v1	C5	asyncs	measured	dynamic-html-derived-v1	124	1	4135443aa0f740fab5443aa0f7e0fa33	AO430	10	enclave_tsc_same_invocation	53519543187362	cycles		sgx_worker_enclave		observed
c5-timing-event-v1	C5	asyncs	measured	dynamic-html-derived-v1	124	1	4135443aa0f740fab5443aa0f7e0fa33	A400	400	monotonic_ns_same_process	19808012329424	ns		asyncs_worker		observed
c5-timing-event-v1	C5	asyncs	measured	dynamic-html-derived-v1	124	1	4135443aa0f740fab5443aa0f7e0fa33	A410	410	monotonic_ns_same_process	19808527070343	ns		asyncs_worker		observed
c5-timing-event-v1	C5	asyncs	measured	dynamic-html-derived-v1	125	1	af14904e8ab8485c94904e8ab8685ce0	AI400	1	enclave_tsc_same_invocation	53520080109692	cycles		sgx_worker_enclave		observed
c5-timing-event-v1	C5	asyncs	measured	dynamic-html-derived-v1	125	1	af14904e8ab8485c94904e8ab8685ce0	AI410	2	enclave_tsc_same_invocation	53520091558947	cycles		sgx_worker_enclave		observed
c5-timing-event-v1	C5	asyncs	measured	dynamic-html-derived-v1	125	1	af14904e8ab8485c94904e8ab8685ce0	AI420	3	enclave_tsc_same_invocation	53520091560363	cycles		sgx_worker_enclave		observed
c5-timing-event-v1	C5	asyncs	measured	dynamic-html-derived-v1	125	1	af14904e8ab8485c94904e8ab8685ce0	AI430	4	enclave_tsc_same_invocation	53520091564876	cycles		sgx_worker_enclave		observed
c5-timing-event-v1	C5	asyncs	measured	dynamic-html-derived-v1	125	1	af14904e8ab8485c94904e8ab8685ce0	AF400	5	enclave_tsc_same_invocation	53520111624358	cycles		sgx_worker_enclave		observed
c5-timing-event-v1	C5	asyncs	measured	dynamic-html-derived-v1	125	1	af14904e8ab8485c94904e8ab8685ce0	AF410	6	enclave_tsc_same_invocation	53521101542521	cycles		sgx_worker_enclave		observed
c5-timing-event-v1	C5	asyncs	measured	dynamic-html-derived-v1	125	1	af14904e8ab8485c94904e8ab8685ce0	AO400	7	enclave_tsc_same_invocation	53521103540129	cycles		sgx_worker_enclave		observed
c5-timing-event-v1	C5	asyncs	measured	dynamic-html-derived-v1	125	1	af14904e8ab8485c94904e8ab8685ce0	AO410	8	enclave_tsc_same_invocation	53521104137608	cycles		sgx_worker_enclave		observed
c5-timing-event-v1	C5	asyncs	measured	dynamic-html-derived-v1	125	1	af14904e8ab8485c94904e8ab8685ce0	AO420	9	enclave_tsc_same_invocation	53521104138418	cycles		sgx_worker_enclave		observed
c5-timing-event-v1	C5	asyncs	measured	dynamic-html-derived-v1	125	1	af14904e8ab8485c94904e8ab8685ce0	AO430	10	enclave_tsc_same_invocation	53521104147209	cycles		sgx_worker_enclave		observed
c5-timing-event-v1	C5	asyncs	measured	dynamic-html-derived-v1	125	1	af14904e8ab8485c94904e8ab8685ce0	A400	400	monotonic_ns_same_process	19809561715414	ns		asyncs_worker		observed
c5-timing-event-v1	C5	asyncs	measured	dynamic-html-derived-v1	125	1	af14904e8ab8485c94904e8ab8685ce0	A410	410	monotonic_ns_same_process	19809942553230	ns		asyncs_worker		observed
c5-timing-event-v1	C5	asyncs	measured	dynamic-html-derived-v1	126	1	2dc06f7220874c26806f7220874c26f0	AI400	1	enclave_tsc_same_invocation	53519618602047	cycles		sgx_worker_enclave		observed
c5-timing-event-v1	C5	asyncs	measured	dynamic-html-derived-v1	126	1	2dc06f7220874c26806f7220874c26f0	AI410	2	enclave_tsc_same_invocation	53519650193605	cycles		sgx_worker_enclave		observed
c5-timing-event-v1	C5	asyncs	measured	dynamic-html-derived-v1	126	1	2dc06f7220874c26806f7220874c26f0	AI420	3	enclave_tsc_same_invocation	53519650194834	cycles		sgx_worker_enclave		observed
c5-timing-event-v1	C5	asyncs	measured	dynamic-html-derived-v1	126	1	2dc06f7220874c26806f7220874c26f0	AI430	4	enclave_tsc_same_invocation	53519650198690	cycles		sgx_worker_enclave		observed
c5-timing-event-v1	C5	asyncs	measured	dynamic-html-derived-v1	126	1	2dc06f7220874c26806f7220874c26f0	AF400	5	enclave_tsc_same_invocation	53519670601759	cycles		sgx_worker_enclave		observed
c5-timing-event-v1	C5	asyncs	measured	dynamic-html-derived-v1	126	1	2dc06f7220874c26806f7220874c26f0	AF410	6	enclave_tsc_same_invocation	53521155591619	cycles		sgx_worker_enclave		observed
c5-timing-event-v1	C5	asyncs	measured	dynamic-html-derived-v1	126	1	2dc06f7220874c26806f7220874c26f0	AO400	7	enclave_tsc_same_invocation	53521157815624	cycles		sgx_worker_enclave		observed
c5-timing-event-v1	C5	asyncs	measured	dynamic-html-derived-v1	126	1	2dc06f7220874c26806f7220874c26f0	AO410	8	enclave_tsc_same_invocation	53521158908821	cycles		sgx_worker_enclave		observed
c5-timing-event-v1	C5	asyncs	measured	dynamic-html-derived-v1	126	1	2dc06f7220874c26806f7220874c26f0	AO420	9	enclave_tsc_same_invocation	53521158909922	cycles		sgx_worker_enclave		observed
c5-timing-event-v1	C5	asyncs	measured	dynamic-html-derived-v1	126	1	2dc06f7220874c26806f7220874c26f0	AO430	10	enclave_tsc_same_invocation	53521158923926	cycles		sgx_worker_enclave		observed
c5-timing-event-v1	C5	asyncs	measured	dynamic-html-derived-v1	126	1	2dc06f7220874c26806f7220874c26f0	A400	400	monotonic_ns_same_process	19808553906304	ns		asyncs_worker		observed
c5-timing-event-v1	C5	asyncs	measured	dynamic-html-derived-v1	126	1	2dc06f7220874c26806f7220874c26f0	A410	410	monotonic_ns_same_process	19809125533202	ns		asyncs_worker		observed
c5-timing-event-v1	C5	asyncs	measured	dynamic-html-derived-v1	127	1	d8ac0745e3a540c1ac0745e3a5d0c1f2	AI400	1	enclave_tsc_same_invocation	53519729703035	cycles		sgx_worker_enclave		observed
c5-timing-event-v1	C5	asyncs	measured	dynamic-html-derived-v1	127	1	d8ac0745e3a540c1ac0745e3a5d0c1f2	AI410	2	enclave_tsc_same_invocation	53519759826154	cycles		sgx_worker_enclave		observed
c5-timing-event-v1	C5	asyncs	measured	dynamic-html-derived-v1	127	1	d8ac0745e3a540c1ac0745e3a5d0c1f2	AI420	3	enclave_tsc_same_invocation	53519759827134	cycles		sgx_worker_enclave		observed
c5-timing-event-v1	C5	asyncs	measured	dynamic-html-derived-v1	127	1	d8ac0745e3a540c1ac0745e3a5d0c1f2	AI430	4	enclave_tsc_same_invocation	53519759830135	cycles		sgx_worker_enclave		observed
c5-timing-event-v1	C5	asyncs	measured	dynamic-html-derived-v1	127	1	d8ac0745e3a540c1ac0745e3a5d0c1f2	AF400	5	enclave_tsc_same_invocation	53519815730012	cycles		sgx_worker_enclave		observed
c5-timing-event-v1	C5	asyncs	measured	dynamic-html-derived-v1	127	1	d8ac0745e3a540c1ac0745e3a5d0c1f2	AF410	6	enclave_tsc_same_invocation	53521306370936	cycles		sgx_worker_enclave		observed
c5-timing-event-v1	C5	asyncs	measured	dynamic-html-derived-v1	127	1	d8ac0745e3a540c1ac0745e3a5d0c1f2	AO400	7	enclave_tsc_same_invocation	53521308660423	cycles		sgx_worker_enclave		observed
c5-timing-event-v1	C5	asyncs	measured	dynamic-html-derived-v1	127	1	d8ac0745e3a540c1ac0745e3a5d0c1f2	AO410	8	enclave_tsc_same_invocation	53521309531002	cycles		sgx_worker_enclave		observed
c5-timing-event-v1	C5	asyncs	measured	dynamic-html-derived-v1	127	1	d8ac0745e3a540c1ac0745e3a5d0c1f2	AO420	9	enclave_tsc_same_invocation	53521309532503	cycles		sgx_worker_enclave		observed
c5-timing-event-v1	C5	asyncs	measured	dynamic-html-derived-v1	127	1	d8ac0745e3a540c1ac0745e3a5d0c1f2	AO430	10	enclave_tsc_same_invocation	53521309548089	cycles		sgx_worker_enclave		observed
c5-timing-event-v1	C5	asyncs	measured	dynamic-html-derived-v1	127	1	d8ac0745e3a540c1ac0745e3a5d0c1f2	A400	400	monotonic_ns_same_process	19808594312317	ns		asyncs_worker		observed
c5-timing-event-v1	C5	asyncs	measured	dynamic-html-derived-v1	127	1	d8ac0745e3a540c1ac0745e3a5d0c1f2	A410	410	monotonic_ns_same_process	19809181313359	ns		asyncs_worker		observed
c5-timing-event-v1	C5	asyncs	measured	dynamic-html-derived-v1	128	1	b83ad669950d4794bad669950d07949e	AI400	1	enclave_tsc_same_invocation	53521266477730	cycles		sgx_worker_enclave		observed
c5-timing-event-v1	C5	asyncs	measured	dynamic-html-derived-v1	128	1	b83ad669950d4794bad669950d07949e	AI410	2	enclave_tsc_same_invocation	53521273049718	cycles		sgx_worker_enclave		observed
c5-timing-event-v1	C5	asyncs	measured	dynamic-html-derived-v1	128	1	b83ad669950d4794bad669950d07949e	AI420	3	enclave_tsc_same_invocation	53521273050292	cycles		sgx_worker_enclave		observed
c5-timing-event-v1	C5	asyncs	measured	dynamic-html-derived-v1	128	1	b83ad669950d4794bad669950d07949e	AI430	4	enclave_tsc_same_invocation	53521273053200	cycles		sgx_worker_enclave		observed
c5-timing-event-v1	C5	asyncs	measured	dynamic-html-derived-v1	128	1	b83ad669950d4794bad669950d07949e	AF400	5	enclave_tsc_same_invocation	53521284770823	cycles		sgx_worker_enclave		observed
c5-timing-event-v1	C5	asyncs	measured	dynamic-html-derived-v1	128	1	b83ad669950d4794bad669950d07949e	AF410	6	enclave_tsc_same_invocation	53522162736479	cycles		sgx_worker_enclave		observed
c5-timing-event-v1	C5	asyncs	measured	dynamic-html-derived-v1	128	1	b83ad669950d4794bad669950d07949e	AO400	7	enclave_tsc_same_invocation	53522164776234	cycles		sgx_worker_enclave		observed
c5-timing-event-v1	C5	asyncs	measured	dynamic-html-derived-v1	128	1	b83ad669950d4794bad669950d07949e	AO410	8	enclave_tsc_same_invocation	53522165383126	cycles		sgx_worker_enclave		observed
c5-timing-event-v1	C5	asyncs	measured	dynamic-html-derived-v1	128	1	b83ad669950d4794bad669950d07949e	AO420	9	enclave_tsc_same_invocation	53522165383893	cycles		sgx_worker_enclave		observed
c5-timing-event-v1	C5	asyncs	measured	dynamic-html-derived-v1	128	1	b83ad669950d4794bad669950d07949e	AO430	10	enclave_tsc_same_invocation	53522165393123	cycles		sgx_worker_enclave		observed
c5-timing-event-v1	C5	asyncs	measured	dynamic-html-derived-v1	128	1	b83ad669950d4794bad669950d07949e	A400	400	monotonic_ns_same_process	19810001574419	ns		asyncs_worker		observed
c5-timing-event-v1	C5	asyncs	measured	dynamic-html-derived-v1	128	1	b83ad669950d4794bad669950d07949e	A410	410	monotonic_ns_same_process	19810335623641	ns		asyncs_worker		observed
c5-timing-event-v1	C5	asyncs	measured	dynamic-html-derived-v1	129	1	7062fa25403d4056a2fa25403d905629	AI400	1	enclave_tsc_same_invocation	53521321679368	cycles		sgx_worker_enclave		observed
c5-timing-event-v1	C5	asyncs	measured	dynamic-html-derived-v1	129	1	7062fa25403d4056a2fa25403d905629	AI410	2	enclave_tsc_same_invocation	53521333307767	cycles		sgx_worker_enclave		observed
c5-timing-event-v1	C5	asyncs	measured	dynamic-html-derived-v1	129	1	7062fa25403d4056a2fa25403d905629	AI420	3	enclave_tsc_same_invocation	53521333308670	cycles		sgx_worker_enclave		observed
c5-timing-event-v1	C5	asyncs	measured	dynamic-html-derived-v1	129	1	7062fa25403d4056a2fa25403d905629	AI430	4	enclave_tsc_same_invocation	53521333312195	cycles		sgx_worker_enclave		observed
c5-timing-event-v1	C5	asyncs	measured	dynamic-html-derived-v1	129	1	7062fa25403d4056a2fa25403d905629	AF400	5	enclave_tsc_same_invocation	53521351878396	cycles		sgx_worker_enclave		observed
c5-timing-event-v1	C5	asyncs	measured	dynamic-html-derived-v1	129	1	7062fa25403d4056a2fa25403d905629	AF410	6	enclave_tsc_same_invocation	53522678588082	cycles		sgx_worker_enclave		observed
c5-timing-event-v1	C5	asyncs	measured	dynamic-html-derived-v1	129	1	7062fa25403d4056a2fa25403d905629	AO400	7	enclave_tsc_same_invocation	53522680832317	cycles		sgx_worker_enclave		observed
c5-timing-event-v1	C5	asyncs	measured	dynamic-html-derived-v1	129	1	7062fa25403d4056a2fa25403d905629	AO410	8	enclave_tsc_same_invocation	53522681865714	cycles		sgx_worker_enclave		observed
c5-timing-event-v1	C5	asyncs	measured	dynamic-html-derived-v1	129	1	7062fa25403d4056a2fa25403d905629	AO420	9	enclave_tsc_same_invocation	53522681866822	cycles		sgx_worker_enclave		observed
c5-timing-event-v1	C5	asyncs	measured	dynamic-html-derived-v1	129	1	7062fa25403d4056a2fa25403d905629	AO430	10	enclave_tsc_same_invocation	53522681881709	cycles		sgx_worker_enclave		observed
c5-timing-event-v1	C5	asyncs	measured	dynamic-html-derived-v1	129	1	7062fa25403d4056a2fa25403d905629	A400	400	monotonic_ns_same_process	19809184266665	ns		asyncs_worker		observed
c5-timing-event-v1	C5	asyncs	measured	dynamic-html-derived-v1	129	1	7062fa25403d4056a2fa25403d905629	A410	410	monotonic_ns_same_process	19809689590998	ns		asyncs_worker		observed
c5-timing-event-v1	C5	asyncs	measured	dynamic-html-derived-v1	130	1	72bf87abaac64c4dbf87abaac65c4dd8	AI400	1	enclave_tsc_same_invocation	53521494939988	cycles		sgx_worker_enclave		observed
c5-timing-event-v1	C5	asyncs	measured	dynamic-html-derived-v1	130	1	72bf87abaac64c4dbf87abaac65c4dd8	AI410	2	enclave_tsc_same_invocation	53521505807808	cycles		sgx_worker_enclave		observed
c5-timing-event-v1	C5	asyncs	measured	dynamic-html-derived-v1	130	1	72bf87abaac64c4dbf87abaac65c4dd8	AI420	3	enclave_tsc_same_invocation	53521505808782	cycles		sgx_worker_enclave		observed
c5-timing-event-v1	C5	asyncs	measured	dynamic-html-derived-v1	130	1	72bf87abaac64c4dbf87abaac65c4dd8	AI430	4	enclave_tsc_same_invocation	53521505812236	cycles		sgx_worker_enclave		observed
c5-timing-event-v1	C5	asyncs	measured	dynamic-html-derived-v1	130	1	72bf87abaac64c4dbf87abaac65c4dd8	AF400	5	enclave_tsc_same_invocation	53521525129929	cycles		sgx_worker_enclave		observed
c5-timing-event-v1	C5	asyncs	measured	dynamic-html-derived-v1	130	1	72bf87abaac64c4dbf87abaac65c4dd8	AF410	6	enclave_tsc_same_invocation	53522835992384	cycles		sgx_worker_enclave		observed
c5-timing-event-v1	C5	asyncs	measured	dynamic-html-derived-v1	130	1	72bf87abaac64c4dbf87abaac65c4dd8	AO400	7	enclave_tsc_same_invocation	53522838199814	cycles		sgx_worker_enclave		observed
c5-timing-event-v1	C5	asyncs	measured	dynamic-html-derived-v1	130	1	72bf87abaac64c4dbf87abaac65c4dd8	AO410	8	enclave_tsc_same_invocation	53522839078949	cycles		sgx_worker_enclave		observed
c5-timing-event-v1	C5	asyncs	measured	dynamic-html-derived-v1	130	1	72bf87abaac64c4dbf87abaac65c4dd8	AO420	9	enclave_tsc_same_invocation	53522839080318	cycles		sgx_worker_enclave		observed
c5-timing-event-v1	C5	asyncs	measured	dynamic-html-derived-v1	130	1	72bf87abaac64c4dbf87abaac65c4dd8	AO430	10	enclave_tsc_same_invocation	53522839093900	cycles		sgx_worker_enclave		observed
c5-timing-event-v1	C5	asyncs	measured	dynamic-html-derived-v1	130	1	72bf87abaac64c4dbf87abaac65c4dd8	A400	400	monotonic_ns_same_process	19809248261822	ns		asyncs_worker		observed
c5-timing-event-v1	C5	asyncs	measured	dynamic-html-derived-v1	130	1	72bf87abaac64c4dbf87abaac65c4dd8	A410	410	monotonic_ns_same_process	19809747831189	ns		asyncs_worker		observed
c5-timing-event-v1	C5	asyncs	measured	dynamic-html-derived-v1	131	1	5beb4ddc1efe4e41ab4ddc1efede41f2	AI400	1	enclave_tsc_same_invocation	53522297096562	cycles		sgx_worker_enclave		observed
c5-timing-event-v1	C5	asyncs	measured	dynamic-html-derived-v1	131	1	5beb4ddc1efe4e41ab4ddc1efede41f2	AI410	2	enclave_tsc_same_invocation	53522303441501	cycles		sgx_worker_enclave		observed
c5-timing-event-v1	C5	asyncs	measured	dynamic-html-derived-v1	131	1	5beb4ddc1efe4e41ab4ddc1efede41f2	AI420	3	enclave_tsc_same_invocation	53522303442050	cycles		sgx_worker_enclave		observed
c5-timing-event-v1	C5	asyncs	measured	dynamic-html-derived-v1	131	1	5beb4ddc1efe4e41ab4ddc1efede41f2	AI430	4	enclave_tsc_same_invocation	53522303444891	cycles		sgx_worker_enclave		observed
c5-timing-event-v1	C5	asyncs	measured	dynamic-html-derived-v1	131	1	5beb4ddc1efe4e41ab4ddc1efede41f2	AF400	5	enclave_tsc_same_invocation	53522315055357	cycles		sgx_worker_enclave		observed
c5-timing-event-v1	C5	asyncs	measured	dynamic-html-derived-v1	131	1	5beb4ddc1efe4e41ab4ddc1efede41f2	AF410	6	enclave_tsc_same_invocation	53523191445779	cycles		sgx_worker_enclave		observed
c5-timing-event-v1	C5	asyncs	measured	dynamic-html-derived-v1	131	1	5beb4ddc1efe4e41ab4ddc1efede41f2	AO400	7	enclave_tsc_same_invocation	53523193478753	cycles		sgx_worker_enclave		observed
c5-timing-event-v1	C5	asyncs	measured	dynamic-html-derived-v1	131	1	5beb4ddc1efe4e41ab4ddc1efede41f2	AO410	8	enclave_tsc_same_invocation	53523194098824	cycles		sgx_worker_enclave		observed
c5-timing-event-v1	C5	asyncs	measured	dynamic-html-derived-v1	131	1	5beb4ddc1efe4e41ab4ddc1efede41f2	AO420	9	enclave_tsc_same_invocation	53523194099621	cycles		sgx_worker_enclave		observed
c5-timing-event-v1	C5	asyncs	measured	dynamic-html-derived-v1	131	1	5beb4ddc1efe4e41ab4ddc1efede41f2	AO430	10	enclave_tsc_same_invocation	53523194108490	cycles		sgx_worker_enclave		observed
c5-timing-event-v1	C5	asyncs	measured	dynamic-html-derived-v1	131	1	5beb4ddc1efe4e41ab4ddc1efede41f2	A400	400	monotonic_ns_same_process	19810383272898	ns		asyncs_worker		observed
c5-timing-event-v1	C5	asyncs	measured	dynamic-html-derived-v1	131	1	5beb4ddc1efe4e41ab4ddc1efede41f2	A410	410	monotonic_ns_same_process	19810716630526	ns		asyncs_worker		observed
c5-timing-event-v1	C5	asyncs	measured	dynamic-html-derived-v1	132	1	347f6adf5670455abf6adf5670e55a3e	AI400	1	enclave_tsc_same_invocation	53523385326980	cycles		sgx_worker_enclave		observed
c5-timing-event-v1	C5	asyncs	measured	dynamic-html-derived-v1	132	1	347f6adf5670455abf6adf5670e55a3e	AI410	2	enclave_tsc_same_invocation	53523391725077	cycles		sgx_worker_enclave		observed
c5-timing-event-v1	C5	asyncs	measured	dynamic-html-derived-v1	132	1	347f6adf5670455abf6adf5670e55a3e	AI420	3	enclave_tsc_same_invocation	53523391725632	cycles		sgx_worker_enclave		observed
c5-timing-event-v1	C5	asyncs	measured	dynamic-html-derived-v1	132	1	347f6adf5670455abf6adf5670e55a3e	AI430	4	enclave_tsc_same_invocation	53523391728291	cycles		sgx_worker_enclave		observed
c5-timing-event-v1	C5	asyncs	measured	dynamic-html-derived-v1	132	1	347f6adf5670455abf6adf5670e55a3e	AF400	5	enclave_tsc_same_invocation	53523403414534	cycles		sgx_worker_enclave		observed
c5-timing-event-v1	C5	asyncs	measured	dynamic-html-derived-v1	132	1	347f6adf5670455abf6adf5670e55a3e	AF410	6	enclave_tsc_same_invocation	53524284396274	cycles		sgx_worker_enclave		observed
c5-timing-event-v1	C5	asyncs	measured	dynamic-html-derived-v1	132	1	347f6adf5670455abf6adf5670e55a3e	AO400	7	enclave_tsc_same_invocation	53524286361219	cycles		sgx_worker_enclave		observed
c5-timing-event-v1	C5	asyncs	measured	dynamic-html-derived-v1	132	1	347f6adf5670455abf6adf5670e55a3e	AO410	8	enclave_tsc_same_invocation	53524286974812	cycles		sgx_worker_enclave		observed
c5-timing-event-v1	C5	asyncs	measured	dynamic-html-derived-v1	132	1	347f6adf5670455abf6adf5670e55a3e	AO420	9	enclave_tsc_same_invocation	53524286975607	cycles		sgx_worker_enclave		observed
c5-timing-event-v1	C5	asyncs	measured	dynamic-html-derived-v1	132	1	347f6adf5670455abf6adf5670e55a3e	AO430	10	enclave_tsc_same_invocation	53524286984640	cycles		sgx_worker_enclave		observed
c5-timing-event-v1	C5	asyncs	measured	dynamic-html-derived-v1	132	1	347f6adf5670455abf6adf5670e55a3e	A400	400	monotonic_ns_same_process	19810786277674	ns		asyncs_worker		observed
c5-timing-event-v1	C5	asyncs	measured	dynamic-html-derived-v1	132	1	347f6adf5670455abf6adf5670e55a3e	A410	410	monotonic_ns_same_process	19811121412067	ns		asyncs_worker		observed
c5-timing-event-v1	C5	asyncs	measured	dynamic-html-derived-v1	133	1	ae241600510a4535a41600510ad535f6	AI400	1	enclave_tsc_same_invocation	53522870064839	cycles		sgx_worker_enclave		observed
c5-timing-event-v1	C5	asyncs	measured	dynamic-html-derived-v1	133	1	ae241600510a4535a41600510ad535f6	AI410	2	enclave_tsc_same_invocation	53522905149595	cycles		sgx_worker_enclave		observed
c5-timing-event-v1	C5	asyncs	measured	dynamic-html-derived-v1	133	1	ae241600510a4535a41600510ad535f6	AI420	3	enclave_tsc_same_invocation	53522905150540	cycles		sgx_worker_enclave		observed
c5-timing-event-v1	C5	asyncs	measured	dynamic-html-derived-v1	133	1	ae241600510a4535a41600510ad535f6	AI430	4	enclave_tsc_same_invocation	53522905154474	cycles		sgx_worker_enclave		observed
c5-timing-event-v1	C5	asyncs	measured	dynamic-html-derived-v1	133	1	ae241600510a4535a41600510ad535f6	AF400	5	enclave_tsc_same_invocation	53522929867048	cycles		sgx_worker_enclave		observed
c5-timing-event-v1	C5	asyncs	measured	dynamic-html-derived-v1	133	1	ae241600510a4535a41600510ad535f6	AF410	6	enclave_tsc_same_invocation	53524294477074	cycles		sgx_worker_enclave		observed
c5-timing-event-v1	C5	asyncs	measured	dynamic-html-derived-v1	133	1	ae241600510a4535a41600510ad535f6	AO400	7	enclave_tsc_same_invocation	53524296867438	cycles		sgx_worker_enclave		observed
c5-timing-event-v1	C5	asyncs	measured	dynamic-html-derived-v1	133	1	ae241600510a4535a41600510ad535f6	AO410	8	enclave_tsc_same_invocation	53524297952991	cycles		sgx_worker_enclave		observed
c5-timing-event-v1	C5	asyncs	measured	dynamic-html-derived-v1	133	1	ae241600510a4535a41600510ad535f6	AO420	9	enclave_tsc_same_invocation	53524297953982	cycles		sgx_worker_enclave		observed
c5-timing-event-v1	C5	asyncs	measured	dynamic-html-derived-v1	133	1	ae241600510a4535a41600510ad535f6	AO430	10	enclave_tsc_same_invocation	53524297967592	cycles		sgx_worker_enclave		observed
c5-timing-event-v1	C5	asyncs	measured	dynamic-html-derived-v1	133	1	ae241600510a4535a41600510ad535f6	A400	400	monotonic_ns_same_process	19809757219007	ns		asyncs_worker		observed
c5-timing-event-v1	C5	asyncs	measured	dynamic-html-derived-v1	133	1	ae241600510a4535a41600510ad535f6	A410	410	monotonic_ns_same_process	19810288160456	ns		asyncs_worker		observed
c5-timing-event-v1	C5	asyncs	measured	dynamic-html-derived-v1	134	1	0bbf212876554912bf21287655e912b6	AI400	1	enclave_tsc_same_invocation	53523064462977	cycles		sgx_worker_enclave		observed
c5-timing-event-v1	C5	asyncs	measured	dynamic-html-derived-v1	134	1	0bbf212876554912bf21287655e912b6	AI410	2	enclave_tsc_same_invocation	53523083673132	cycles		sgx_worker_enclave		observed
c5-timing-event-v1	C5	asyncs	measured	dynamic-html-derived-v1	134	1	0bbf212876554912bf21287655e912b6	AI420	3	enclave_tsc_same_invocation	53523083674102	cycles		sgx_worker_enclave		observed
c5-timing-event-v1	C5	asyncs	measured	dynamic-html-derived-v1	134	1	0bbf212876554912bf21287655e912b6	AI430	4	enclave_tsc_same_invocation	53523083678241	cycles		sgx_worker_enclave		observed
c5-timing-event-v1	C5	asyncs	measured	dynamic-html-derived-v1	134	1	0bbf212876554912bf21287655e912b6	AF400	5	enclave_tsc_same_invocation	53523103229995	cycles		sgx_worker_enclave		observed
c5-timing-event-v1	C5	asyncs	measured	dynamic-html-derived-v1	134	1	0bbf212876554912bf21287655e912b6	AF410	6	enclave_tsc_same_invocation	53524422301825	cycles		sgx_worker_enclave		observed
c5-timing-event-v1	C5	asyncs	measured	dynamic-html-derived-v1	134	1	0bbf212876554912bf21287655e912b6	AO400	7	enclave_tsc_same_invocation	53524424304136	cycles		sgx_worker_enclave		observed
c5-timing-event-v1	C5	asyncs	measured	dynamic-html-derived-v1	134	1	0bbf212876554912bf21287655e912b6	AO410	8	enclave_tsc_same_invocation	53524424898365	cycles		sgx_worker_enclave		observed
c5-timing-event-v1	C5	asyncs	measured	dynamic-html-derived-v1	134	1	0bbf212876554912bf21287655e912b6	AO420	9	enclave_tsc_same_invocation	53524424899339	cycles		sgx_worker_enclave		observed
c5-timing-event-v1	C5	asyncs	measured	dynamic-html-derived-v1	134	1	0bbf212876554912bf21287655e912b6	AO430	10	enclave_tsc_same_invocation	53524424908450	cycles		sgx_worker_enclave		observed
c5-timing-event-v1	C5	asyncs	measured	dynamic-html-derived-v1	134	1	0bbf212876554912bf21287655e912b6	A400	400	monotonic_ns_same_process	19809829538975	ns		asyncs_worker		observed
c5-timing-event-v1	C5	asyncs	measured	dynamic-html-derived-v1	134	1	0bbf212876554912bf21287655e912b6	A410	410	monotonic_ns_same_process	19810335148715	ns		asyncs_worker		observed
c5-timing-event-v1	C5	asyncs	measured	dynamic-html-derived-v1	135	1	c1411b6a02c347fa811b6a02c367fa3d	AI400	1	enclave_tsc_same_invocation	53525088737327	cycles		sgx_worker_enclave		observed
c5-timing-event-v1	C5	asyncs	measured	dynamic-html-derived-v1	135	1	c1411b6a02c347fa811b6a02c367fa3d	AI410	2	enclave_tsc_same_invocation	53525095194360	cycles		sgx_worker_enclave		observed
c5-timing-event-v1	C5	asyncs	measured	dynamic-html-derived-v1	135	1	c1411b6a02c347fa811b6a02c367fa3d	AI420	3	enclave_tsc_same_invocation	53525095194902	cycles		sgx_worker_enclave		observed
c5-timing-event-v1	C5	asyncs	measured	dynamic-html-derived-v1	135	1	c1411b6a02c347fa811b6a02c367fa3d	AI430	4	enclave_tsc_same_invocation	53525095197766	cycles		sgx_worker_enclave		observed
c5-timing-event-v1	C5	asyncs	measured	dynamic-html-derived-v1	135	1	c1411b6a02c347fa811b6a02c367fa3d	AF400	5	enclave_tsc_same_invocation	53525107059256	cycles		sgx_worker_enclave		observed
c5-timing-event-v1	C5	asyncs	measured	dynamic-html-derived-v1	135	1	c1411b6a02c347fa811b6a02c367fa3d	AF410	6	enclave_tsc_same_invocation	53525981042161	cycles		sgx_worker_enclave		observed
c5-timing-event-v1	C5	asyncs	measured	dynamic-html-derived-v1	135	1	c1411b6a02c347fa811b6a02c367fa3d	AO400	7	enclave_tsc_same_invocation	53525983027170	cycles		sgx_worker_enclave		observed
c5-timing-event-v1	C5	asyncs	measured	dynamic-html-derived-v1	135	1	c1411b6a02c347fa811b6a02c367fa3d	AO410	8	enclave_tsc_same_invocation	53525983666271	cycles		sgx_worker_enclave		observed
c5-timing-event-v1	C5	asyncs	measured	dynamic-html-derived-v1	135	1	c1411b6a02c347fa811b6a02c367fa3d	AO420	9	enclave_tsc_same_invocation	53525983667184	cycles		sgx_worker_enclave		observed
c5-timing-event-v1	C5	asyncs	measured	dynamic-html-derived-v1	135	1	c1411b6a02c347fa811b6a02c367fa3d	AO430	10	enclave_tsc_same_invocation	53525983677123	cycles		sgx_worker_enclave		observed
c5-timing-event-v1	C5	asyncs	measured	dynamic-html-derived-v1	135	1	c1411b6a02c347fa811b6a02c367fa3d	A400	400	monotonic_ns_same_process	19811417257699	ns		asyncs_worker		observed
c5-timing-event-v1	C5	asyncs	measured	dynamic-html-derived-v1	135	1	c1411b6a02c347fa811b6a02c367fa3d	A410	410	monotonic_ns_same_process	19811749832411	ns		asyncs_worker		observed
c5-timing-event-v1	C5	asyncs	measured	dynamic-html-derived-v1	136	1	d5dd63ba348e4b7d9d63ba348edb7d98	AI400	1	enclave_tsc_same_invocation	53524520550950	cycles		sgx_worker_enclave		observed
c5-timing-event-v1	C5	asyncs	measured	dynamic-html-derived-v1	136	1	d5dd63ba348e4b7d9d63ba348edb7d98	AI410	2	enclave_tsc_same_invocation	53524527069451	cycles		sgx_worker_enclave		observed
c5-timing-event-v1	C5	asyncs	measured	dynamic-html-derived-v1	136	1	d5dd63ba348e4b7d9d63ba348edb7d98	AI420	3	enclave_tsc_same_invocation	53524527070242	cycles		sgx_worker_enclave		observed
c5-timing-event-v1	C5	asyncs	measured	dynamic-html-derived-v1	136	1	d5dd63ba348e4b7d9d63ba348edb7d98	AI430	4	enclave_tsc_same_invocation	53524527072981	cycles		sgx_worker_enclave		observed
c5-timing-event-v1	C5	asyncs	measured	dynamic-html-derived-v1	136	1	d5dd63ba348e4b7d9d63ba348edb7d98	AF400	5	enclave_tsc_same_invocation	53524538899803	cycles		sgx_worker_enclave		observed
c5-timing-event-v1	C5	asyncs	measured	dynamic-html-derived-v1	136	1	d5dd63ba348e4b7d9d63ba348edb7d98	AF410	6	enclave_tsc_same_invocation	53525862634041	cycles		sgx_worker_enclave		observed
c5-timing-event-v1	C5	asyncs	measured	dynamic-html-derived-v1	136	1	d5dd63ba348e4b7d9d63ba348edb7d98	AO400	7	enclave_tsc_same_invocation	53525864971415	cycles		sgx_worker_enclave		observed
c5-timing-event-v1	C5	asyncs	measured	dynamic-html-derived-v1	136	1	d5dd63ba348e4b7d9d63ba348edb7d98	AO410	8	enclave_tsc_same_invocation	53525866148245	cycles		sgx_worker_enclave		observed
c5-timing-event-v1	C5	asyncs	measured	dynamic-html-derived-v1	136	1	d5dd63ba348e4b7d9d63ba348edb7d98	AO420	9	enclave_tsc_same_invocation	53525866150185	cycles		sgx_worker_enclave		observed
c5-timing-event-v1	C5	asyncs	measured	dynamic-html-derived-v1	136	1	d5dd63ba348e4b7d9d63ba348edb7d98	AO430	10	enclave_tsc_same_invocation	53525866165780	cycles		sgx_worker_enclave		observed
c5-timing-event-v1	C5	asyncs	measured	dynamic-html-derived-v1	136	1	d5dd63ba348e4b7d9d63ba348edb7d98	A400	400	monotonic_ns_same_process	19810369481102	ns		asyncs_worker		observed
c5-timing-event-v1	C5	asyncs	measured	dynamic-html-derived-v1	136	1	d5dd63ba348e4b7d9d63ba348edb7d98	A410	410	monotonic_ns_same_process	19810868985063	ns		asyncs_worker		observed
c5-timing-event-v1	C5	asyncs	measured	dynamic-html-derived-v1	137	1	6b19016fb783462799016fb7832627ec	AI400	1	enclave_tsc_same_invocation	53524619764451	cycles		sgx_worker_enclave		observed
c5-timing-event-v1	C5	asyncs	measured	dynamic-html-derived-v1	137	1	6b19016fb783462799016fb7832627ec	AI410	2	enclave_tsc_same_invocation	53524641801950	cycles		sgx_worker_enclave		observed
c5-timing-event-v1	C5	asyncs	measured	dynamic-html-derived-v1	137	1	6b19016fb783462799016fb7832627ec	AI420	3	enclave_tsc_same_invocation	53524641804050	cycles		sgx_worker_enclave		observed
c5-timing-event-v1	C5	asyncs	measured	dynamic-html-derived-v1	137	1	6b19016fb783462799016fb7832627ec	AI430	4	enclave_tsc_same_invocation	53524641808303	cycles		sgx_worker_enclave		observed
c5-timing-event-v1	C5	asyncs	measured	dynamic-html-derived-v1	137	1	6b19016fb783462799016fb7832627ec	AF400	5	enclave_tsc_same_invocation	53524661761086	cycles		sgx_worker_enclave		observed
c5-timing-event-v1	C5	asyncs	measured	dynamic-html-derived-v1	137	1	6b19016fb783462799016fb7832627ec	AF410	6	enclave_tsc_same_invocation	53526022489345	cycles		sgx_worker_enclave		observed
c5-timing-event-v1	C5	asyncs	measured	dynamic-html-derived-v1	137	1	6b19016fb783462799016fb7832627ec	AO400	7	enclave_tsc_same_invocation	53526024645262	cycles		sgx_worker_enclave		observed
c5-timing-event-v1	C5	asyncs	measured	dynamic-html-derived-v1	137	1	6b19016fb783462799016fb7832627ec	AO410	8	enclave_tsc_same_invocation	53526025522494	cycles		sgx_worker_enclave		observed
c5-timing-event-v1	C5	asyncs	measured	dynamic-html-derived-v1	137	1	6b19016fb783462799016fb7832627ec	AO420	9	enclave_tsc_same_invocation	53526025523715	cycles		sgx_worker_enclave		observed
c5-timing-event-v1	C5	asyncs	measured	dynamic-html-derived-v1	137	1	6b19016fb783462799016fb7832627ec	AO430	10	enclave_tsc_same_invocation	53526025538906	cycles		sgx_worker_enclave		observed
c5-timing-event-v1	C5	asyncs	measured	dynamic-html-derived-v1	137	1	6b19016fb783462799016fb7832627ec	A400	400	monotonic_ns_same_process	19810405686024	ns		asyncs_worker		observed
c5-timing-event-v1	C5	asyncs	measured	dynamic-html-derived-v1	137	1	6b19016fb783462799016fb7832627ec	A410	410	monotonic_ns_same_process	19810928031157	ns		asyncs_worker		observed
c5-timing-event-v1	C5	asyncs	measured	dynamic-html-derived-v1	138	1	3b292506a0e54a32a92506a0e59a324c	AI400	1	enclave_tsc_same_invocation	53526118383026	cycles		sgx_worker_enclave		observed
c5-timing-event-v1	C5	asyncs	measured	dynamic-html-derived-v1	138	1	3b292506a0e54a32a92506a0e59a324c	AI410	2	enclave_tsc_same_invocation	53526125017690	cycles		sgx_worker_enclave		observed
c5-timing-event-v1	C5	asyncs	measured	dynamic-html-derived-v1	138	1	3b292506a0e54a32a92506a0e59a324c	AI420	3	enclave_tsc_same_invocation	53526125019182	cycles		sgx_worker_enclave		observed
c5-timing-event-v1	C5	asyncs	measured	dynamic-html-derived-v1	138	1	3b292506a0e54a32a92506a0e59a324c	AI430	4	enclave_tsc_same_invocation	53526125022630	cycles		sgx_worker_enclave		observed
c5-timing-event-v1	C5	asyncs	measured	dynamic-html-derived-v1	138	1	3b292506a0e54a32a92506a0e59a324c	AF400	5	enclave_tsc_same_invocation	53526136789556	cycles		sgx_worker_enclave		observed
c5-timing-event-v1	C5	asyncs	measured	dynamic-html-derived-v1	138	1	3b292506a0e54a32a92506a0e59a324c	AF410	6	enclave_tsc_same_invocation	53527017396164	cycles		sgx_worker_enclave		observed
c5-timing-event-v1	C5	asyncs	measured	dynamic-html-derived-v1	138	1	3b292506a0e54a32a92506a0e59a324c	AO400	7	enclave_tsc_same_invocation	53527019354530	cycles		sgx_worker_enclave		observed
c5-timing-event-v1	C5	asyncs	measured	dynamic-html-derived-v1	138	1	3b292506a0e54a32a92506a0e59a324c	AO410	8	enclave_tsc_same_invocation	53527019972787	cycles		sgx_worker_enclave		observed
c5-timing-event-v1	C5	asyncs	measured	dynamic-html-derived-v1	138	1	3b292506a0e54a32a92506a0e59a324c	AO420	9	enclave_tsc_same_invocation	53527019973683	cycles		sgx_worker_enclave		observed
c5-timing-event-v1	C5	asyncs	measured	dynamic-html-derived-v1	138	1	3b292506a0e54a32a92506a0e59a324c	AO430	10	enclave_tsc_same_invocation	53527019982677	cycles		sgx_worker_enclave		observed
c5-timing-event-v1	C5	asyncs	measured	dynamic-html-derived-v1	138	1	3b292506a0e54a32a92506a0e59a324c	A400	400	monotonic_ns_same_process	19811798418788	ns		asyncs_worker		observed
c5-timing-event-v1	C5	asyncs	measured	dynamic-html-derived-v1	138	1	3b292506a0e54a32a92506a0e59a324c	A410	410	monotonic_ns_same_process	19812133653956	ns		asyncs_worker		observed
c5-timing-event-v1	C5	asyncs	measured	dynamic-html-derived-v1	139	1	57fa386520e545caba386520e525ca54	AI400	1	enclave_tsc_same_invocation	53526046281176	cycles		sgx_worker_enclave		observed
c5-timing-event-v1	C5	asyncs	measured	dynamic-html-derived-v1	139	1	57fa386520e545caba386520e525ca54	AI410	2	enclave_tsc_same_invocation	53526058910771	cycles		sgx_worker_enclave		observed
c5-timing-event-v1	C5	asyncs	measured	dynamic-html-derived-v1	139	1	57fa386520e545caba386520e525ca54	AI420	3	enclave_tsc_same_invocation	53526058911597	cycles		sgx_worker_enclave		observed
c5-timing-event-v1	C5	asyncs	measured	dynamic-html-derived-v1	139	1	57fa386520e545caba386520e525ca54	AI430	4	enclave_tsc_same_invocation	53526058914281	cycles		sgx_worker_enclave		observed
c5-timing-event-v1	C5	asyncs	measured	dynamic-html-derived-v1	139	1	57fa386520e545caba386520e525ca54	AF400	5	enclave_tsc_same_invocation	53526079710110	cycles		sgx_worker_enclave		observed
c5-timing-event-v1	C5	asyncs	measured	dynamic-html-derived-v1	139	1	57fa386520e545caba386520e525ca54	AF410	6	enclave_tsc_same_invocation	53527426178014	cycles		sgx_worker_enclave		observed
c5-timing-event-v1	C5	asyncs	measured	dynamic-html-derived-v1	139	1	57fa386520e545caba386520e525ca54	AO400	7	enclave_tsc_same_invocation	53527428553037	cycles		sgx_worker_enclave		observed
c5-timing-event-v1	C5	asyncs	measured	dynamic-html-derived-v1	139	1	57fa386520e545caba386520e525ca54	AO410	8	enclave_tsc_same_invocation	53527429667100	cycles		sgx_worker_enclave		observed
c5-timing-event-v1	C5	asyncs	measured	dynamic-html-derived-v1	139	1	57fa386520e545caba386520e525ca54	AO420	9	enclave_tsc_same_invocation	53527429668188	cycles		sgx_worker_enclave		observed
c5-timing-event-v1	C5	asyncs	measured	dynamic-html-derived-v1	139	1	57fa386520e545caba386520e525ca54	AO430	10	enclave_tsc_same_invocation	53527429682215	cycles		sgx_worker_enclave		observed
c5-timing-event-v1	C5	asyncs	measured	dynamic-html-derived-v1	139	1	57fa386520e545caba386520e525ca54	A400	400	monotonic_ns_same_process	19810934439927	ns		asyncs_worker		observed
c5-timing-event-v1	C5	asyncs	measured	dynamic-html-derived-v1	139	1	57fa386520e545caba386520e525ca54	A410	410	monotonic_ns_same_process	19811448076858	ns		asyncs_worker		observed
c5-timing-event-v1	C5	asyncs	measured	dynamic-html-derived-v1	140	1	9ba67bdd95534198a67bdd9553219810	AI400	1	enclave_tsc_same_invocation	53526196984934	cycles		sgx_worker_enclave		observed
c5-timing-event-v1	C5	asyncs	measured	dynamic-html-derived-v1	140	1	9ba67bdd95534198a67bdd9553219810	AI410	2	enclave_tsc_same_invocation	53526208477451	cycles		sgx_worker_enclave		observed
c5-timing-event-v1	C5	asyncs	measured	dynamic-html-derived-v1	140	1	9ba67bdd95534198a67bdd9553219810	AI420	3	enclave_tsc_same_invocation	53526208478441	cycles		sgx_worker_enclave		observed
c5-timing-event-v1	C5	asyncs	measured	dynamic-html-derived-v1	140	1	9ba67bdd95534198a67bdd9553219810	AI430	4	enclave_tsc_same_invocation	53526208482588	cycles		sgx_worker_enclave		observed
c5-timing-event-v1	C5	asyncs	measured	dynamic-html-derived-v1	140	1	9ba67bdd95534198a67bdd9553219810	AF400	5	enclave_tsc_same_invocation	53526227600554	cycles		sgx_worker_enclave		observed
c5-timing-event-v1	C5	asyncs	measured	dynamic-html-derived-v1	140	1	9ba67bdd95534198a67bdd9553219810	AF410	6	enclave_tsc_same_invocation	53527530808459	cycles		sgx_worker_enclave		observed
c5-timing-event-v1	C5	asyncs	measured	dynamic-html-derived-v1	140	1	9ba67bdd95534198a67bdd9553219810	AO400	7	enclave_tsc_same_invocation	53527532960937	cycles		sgx_worker_enclave		observed
c5-timing-event-v1	C5	asyncs	measured	dynamic-html-derived-v1	140	1	9ba67bdd95534198a67bdd9553219810	AO410	8	enclave_tsc_same_invocation	53527533995809	cycles		sgx_worker_enclave		observed
c5-timing-event-v1	C5	asyncs	measured	dynamic-html-derived-v1	140	1	9ba67bdd95534198a67bdd9553219810	AO420	9	enclave_tsc_same_invocation	53527533997142	cycles		sgx_worker_enclave		observed
c5-timing-event-v1	C5	asyncs	measured	dynamic-html-derived-v1	140	1	9ba67bdd95534198a67bdd9553219810	AO430	10	enclave_tsc_same_invocation	53527534013053	cycles		sgx_worker_enclave		observed
c5-timing-event-v1	C5	asyncs	measured	dynamic-html-derived-v1	140	1	9ba67bdd95534198a67bdd9553219810	A400	400	monotonic_ns_same_process	19810989828335	ns		asyncs_worker		observed
c5-timing-event-v1	C5	asyncs	measured	dynamic-html-derived-v1	140	1	9ba67bdd95534198a67bdd9553219810	A410	410	monotonic_ns_same_process	19811486720184	ns		asyncs_worker		observed
c5-timing-event-v1	C5	asyncs	measured	dynamic-html-derived-v1	141	1	81b310302a284871b310302a28287108	AI400	1	enclave_tsc_same_invocation	53527145730373	cycles		sgx_worker_enclave		observed
c5-timing-event-v1	C5	asyncs	measured	dynamic-html-derived-v1	141	1	81b310302a284871b310302a28287108	AI410	2	enclave_tsc_same_invocation	53527152091238	cycles		sgx_worker_enclave		observed
c5-timing-event-v1	C5	asyncs	measured	dynamic-html-derived-v1	141	1	81b310302a284871b310302a28287108	AI420	3	enclave_tsc_same_invocation	53527152092749	cycles		sgx_worker_enclave		observed
c5-timing-event-v1	C5	asyncs	measured	dynamic-html-derived-v1	141	1	81b310302a284871b310302a28287108	AI430	4	enclave_tsc_same_invocation	53527152095436	cycles		sgx_worker_enclave		observed
c5-timing-event-v1	C5	asyncs	measured	dynamic-html-derived-v1	141	1	81b310302a284871b310302a28287108	AF400	5	enclave_tsc_same_invocation	53527163867319	cycles		sgx_worker_enclave		observed
c5-timing-event-v1	C5	asyncs	measured	dynamic-html-derived-v1	141	1	81b310302a284871b310302a28287108	AF410	6	enclave_tsc_same_invocation	53528038662434	cycles		sgx_worker_enclave		observed
c5-timing-event-v1	C5	asyncs	measured	dynamic-html-derived-v1	141	1	81b310302a284871b310302a28287108	AO400	7	enclave_tsc_same_invocation	53528040608094	cycles		sgx_worker_enclave		observed
c5-timing-event-v1	C5	asyncs	measured	dynamic-html-derived-v1	141	1	81b310302a284871b310302a28287108	AO410	8	enclave_tsc_same_invocation	53528041243006	cycles		sgx_worker_enclave		observed
c5-timing-event-v1	C5	asyncs	measured	dynamic-html-derived-v1	141	1	81b310302a284871b310302a28287108	AO420	9	enclave_tsc_same_invocation	53528041243924	cycles		sgx_worker_enclave		observed
c5-timing-event-v1	C5	asyncs	measured	dynamic-html-derived-v1	141	1	81b310302a284871b310302a28287108	AO430	10	enclave_tsc_same_invocation	53528041252655	cycles		sgx_worker_enclave		observed
c5-timing-event-v1	C5	asyncs	measured	dynamic-html-derived-v1	141	1	81b310302a284871b310302a28287108	A400	400	monotonic_ns_same_process	19812179089970	ns		asyncs_worker		observed
c5-timing-event-v1	C5	asyncs	measured	dynamic-html-derived-v1	141	1	81b310302a284871b310302a28287108	A410	410	monotonic_ns_same_process	19812511913039	ns		asyncs_worker		observed
c5-timing-event-v1	C5	asyncs	measured	dynamic-html-derived-v1	142	1	eb5c2f9093954d549c2f909395ed54ff	AI400	1	enclave_tsc_same_invocation	53528269900988	cycles		sgx_worker_enclave		observed
c5-timing-event-v1	C5	asyncs	measured	dynamic-html-derived-v1	142	1	eb5c2f9093954d549c2f909395ed54ff	AI410	2	enclave_tsc_same_invocation	53528276770748	cycles		sgx_worker_enclave		observed
c5-timing-event-v1	C5	asyncs	measured	dynamic-html-derived-v1	142	1	eb5c2f9093954d549c2f909395ed54ff	AI420	3	enclave_tsc_same_invocation	53528276771416	cycles		sgx_worker_enclave		observed
c5-timing-event-v1	C5	asyncs	measured	dynamic-html-derived-v1	142	1	eb5c2f9093954d549c2f909395ed54ff	AI430	4	enclave_tsc_same_invocation	53528276774302	cycles		sgx_worker_enclave		observed
c5-timing-event-v1	C5	asyncs	measured	dynamic-html-derived-v1	142	1	eb5c2f9093954d549c2f909395ed54ff	AF400	5	enclave_tsc_same_invocation	53528288648661	cycles		sgx_worker_enclave		observed
c5-timing-event-v1	C5	asyncs	measured	dynamic-html-derived-v1	142	1	eb5c2f9093954d549c2f909395ed54ff	AF410	6	enclave_tsc_same_invocation	53529168138333	cycles		sgx_worker_enclave		observed
c5-timing-event-v1	C5	asyncs	measured	dynamic-html-derived-v1	142	1	eb5c2f9093954d549c2f909395ed54ff	AO400	7	enclave_tsc_same_invocation	53529170175616	cycles		sgx_worker_enclave		observed
c5-timing-event-v1	C5	asyncs	measured	dynamic-html-derived-v1	142	1	eb5c2f9093954d549c2f909395ed54ff	AO410	8	enclave_tsc_same_invocation	53529170777959	cycles		sgx_worker_enclave		observed
c5-timing-event-v1	C5	asyncs	measured	dynamic-html-derived-v1	142	1	eb5c2f9093954d549c2f909395ed54ff	AO420	9	enclave_tsc_same_invocation	53529170778774	cycles		sgx_worker_enclave		observed
c5-timing-event-v1	C5	asyncs	measured	dynamic-html-derived-v1	142	1	eb5c2f9093954d549c2f909395ed54ff	AO430	10	enclave_tsc_same_invocation	53529170788228	cycles		sgx_worker_enclave		observed
c5-timing-event-v1	C5	asyncs	measured	dynamic-html-derived-v1	142	1	eb5c2f9093954d549c2f909395ed54ff	A400	400	monotonic_ns_same_process	19812594885287	ns		asyncs_worker		observed
c5-timing-event-v1	C5	asyncs	measured	dynamic-html-derived-v1	142	1	eb5c2f9093954d549c2f909395ed54ff	A410	410	monotonic_ns_same_process	19812930265878	ns		asyncs_worker		observed
c5-timing-event-v1	C5	asyncs	measured	dynamic-html-derived-v1	143	1	487d6b6018da4f34bd6b6018da8f34d0	AI400	1	enclave_tsc_same_invocation	53527745864710	cycles		sgx_worker_enclave		observed
c5-timing-event-v1	C5	asyncs	measured	dynamic-html-derived-v1	143	1	487d6b6018da4f34bd6b6018da8f34d0	AI410	2	enclave_tsc_same_invocation	53527752258825	cycles		sgx_worker_enclave		observed
c5-timing-event-v1	C5	asyncs	measured	dynamic-html-derived-v1	143	1	487d6b6018da4f34bd6b6018da8f34d0	AI420	3	enclave_tsc_same_invocation	53527752259407	cycles		sgx_worker_enclave		observed
c5-timing-event-v1	C5	asyncs	measured	dynamic-html-derived-v1	143	1	487d6b6018da4f34bd6b6018da8f34d0	AI430	4	enclave_tsc_same_invocation	53527752261899	cycles		sgx_worker_enclave		observed
c5-timing-event-v1	C5	asyncs	measured	dynamic-html-derived-v1	143	1	487d6b6018da4f34bd6b6018da8f34d0	AF400	5	enclave_tsc_same_invocation	53527764157427	cycles		sgx_worker_enclave		observed
c5-timing-event-v1	C5	asyncs	measured	dynamic-html-derived-v1	143	1	487d6b6018da4f34bd6b6018da8f34d0	AF410	6	enclave_tsc_same_invocation	53529117389282	cycles		sgx_worker_enclave		observed
c5-timing-event-v1	C5	asyncs	measured	dynamic-html-derived-v1	143	1	487d6b6018da4f34bd6b6018da8f34d0	AO400	7	enclave_tsc_same_invocation	53529119660703	cycles		sgx_worker_enclave		observed
c5-timing-event-v1	C5	asyncs	measured	dynamic-html-derived-v1	143	1	487d6b6018da4f34bd6b6018da8f34d0	AO410	8	enclave_tsc_same_invocation	53529120736324	cycles		sgx_worker_enclave		observed
c5-timing-event-v1	C5	asyncs	measured	dynamic-html-derived-v1	143	1	487d6b6018da4f34bd6b6018da8f34d0	AO420	9	enclave_tsc_same_invocation	53529120737469	cycles		sgx_worker_enclave		observed
c5-timing-event-v1	C5	asyncs	measured	dynamic-html-derived-v1	143	1	487d6b6018da4f34bd6b6018da8f34d0	AO430	10	enclave_tsc_same_invocation	53529120752146	cycles		sgx_worker_enclave		observed
c5-timing-event-v1	C5	asyncs	measured	dynamic-html-derived-v1	143	1	487d6b6018da4f34bd6b6018da8f34d0	A400	400	monotonic_ns_same_process	19811563826799	ns		asyncs_worker		observed
c5-timing-event-v1	C5	asyncs	measured	dynamic-html-derived-v1	143	1	487d6b6018da4f34bd6b6018da8f34d0	A410	410	monotonic_ns_same_process	19812074415850	ns		asyncs_worker		observed
c5-timing-event-v1	C5	asyncs	measured	dynamic-html-derived-v1	144	1	135a7d800e0d43829a7d800e0d038228	AI400	1	enclave_tsc_same_invocation	53527818940736	cycles		sgx_worker_enclave		observed
c5-timing-event-v1	C5	asyncs	measured	dynamic-html-derived-v1	144	1	135a7d800e0d43829a7d800e0d038228	AI410	2	enclave_tsc_same_invocation	53527830555770	cycles		sgx_worker_enclave		observed
c5-timing-event-v1	C5	asyncs	measured	dynamic-html-derived-v1	144	1	135a7d800e0d43829a7d800e0d038228	AI420	3	enclave_tsc_same_invocation	53527830556688	cycles		sgx_worker_enclave		observed
c5-timing-event-v1	C5	asyncs	measured	dynamic-html-derived-v1	144	1	135a7d800e0d43829a7d800e0d038228	AI430	4	enclave_tsc_same_invocation	53527830560578	cycles		sgx_worker_enclave		observed
c5-timing-event-v1	C5	asyncs	measured	dynamic-html-derived-v1	144	1	135a7d800e0d43829a7d800e0d038228	AF400	5	enclave_tsc_same_invocation	53527850114357	cycles		sgx_worker_enclave		observed
c5-timing-event-v1	C5	asyncs	measured	dynamic-html-derived-v1	144	1	135a7d800e0d43829a7d800e0d038228	AF410	6	enclave_tsc_same_invocation	53529198742244	cycles		sgx_worker_enclave		observed
c5-timing-event-v1	C5	asyncs	measured	dynamic-html-derived-v1	144	1	135a7d800e0d43829a7d800e0d038228	AO400	7	enclave_tsc_same_invocation	53529200757045	cycles		sgx_worker_enclave		observed
c5-timing-event-v1	C5	asyncs	measured	dynamic-html-derived-v1	144	1	135a7d800e0d43829a7d800e0d038228	AO410	8	enclave_tsc_same_invocation	53529201402110	cycles		sgx_worker_enclave		observed
c5-timing-event-v1	C5	asyncs	measured	dynamic-html-derived-v1	144	1	135a7d800e0d43829a7d800e0d038228	AO420	9	enclave_tsc_same_invocation	53529201403138	cycles		sgx_worker_enclave		observed
c5-timing-event-v1	C5	asyncs	measured	dynamic-html-derived-v1	144	1	135a7d800e0d43829a7d800e0d038228	AO430	10	enclave_tsc_same_invocation	53529201413480	cycles		sgx_worker_enclave		observed
c5-timing-event-v1	C5	asyncs	measured	dynamic-html-derived-v1	144	1	135a7d800e0d43829a7d800e0d038228	A400	400	monotonic_ns_same_process	19811589452095	ns		asyncs_worker		observed
c5-timing-event-v1	C5	asyncs	measured	dynamic-html-derived-v1	144	1	135a7d800e0d43829a7d800e0d038228	A410	410	monotonic_ns_same_process	19812104255118	ns		asyncs_worker		observed
c5-timing-event-v1	C5	asyncs	measured	dynamic-html-derived-v1	145	1	ed8f0df6355941e98f0df6355961e9fb	AI400	1	enclave_tsc_same_invocation	53529314088414	cycles		sgx_worker_enclave		observed
c5-timing-event-v1	C5	asyncs	measured	dynamic-html-derived-v1	145	1	ed8f0df6355941e98f0df6355961e9fb	AI410	2	enclave_tsc_same_invocation	53529320577232	cycles		sgx_worker_enclave		observed
c5-timing-event-v1	C5	asyncs	measured	dynamic-html-derived-v1	145	1	ed8f0df6355941e98f0df6355961e9fb	AI420	3	enclave_tsc_same_invocation	53529320577809	cycles		sgx_worker_enclave		observed
c5-timing-event-v1	C5	asyncs	measured	dynamic-html-derived-v1	145	1	ed8f0df6355941e98f0df6355961e9fb	AI430	4	enclave_tsc_same_invocation	53529320580743	cycles		sgx_worker_enclave		observed
c5-timing-event-v1	C5	asyncs	measured	dynamic-html-derived-v1	145	1	ed8f0df6355941e98f0df6355961e9fb	AF400	5	enclave_tsc_same_invocation	53529332212699	cycles		sgx_worker_enclave		observed
c5-timing-event-v1	C5	asyncs	measured	dynamic-html-derived-v1	145	1	ed8f0df6355941e98f0df6355961e9fb	AF410	6	enclave_tsc_same_invocation	53530211299686	cycles		sgx_worker_enclave		observed
c5-timing-event-v1	C5	asyncs	measured	dynamic-html-derived-v1	145	1	ed8f0df6355941e98f0df6355961e9fb	AO400	7	enclave_tsc_same_invocation	53530213363673	cycles		sgx_worker_enclave		observed
c5-timing-event-v1	C5	asyncs	measured	dynamic-html-derived-v1	145	1	ed8f0df6355941e98f0df6355961e9fb	AO410	8	enclave_tsc_same_invocation	53530213970816	cycles		sgx_worker_enclave		observed
c5-timing-event-v1	C5	asyncs	measured	dynamic-html-derived-v1	145	1	ed8f0df6355941e98f0df6355961e9fb	AO420	9	enclave_tsc_same_invocation	53530213971540	cycles		sgx_worker_enclave		observed
c5-timing-event-v1	C5	asyncs	measured	dynamic-html-derived-v1	145	1	ed8f0df6355941e98f0df6355961e9fb	AO430	10	enclave_tsc_same_invocation	53530213980342	cycles		sgx_worker_enclave		observed
c5-timing-event-v1	C5	asyncs	measured	dynamic-html-derived-v1	145	1	ed8f0df6355941e98f0df6355961e9fb	A400	400	monotonic_ns_same_process	19812982261959	ns		asyncs_worker		observed
c5-timing-event-v1	C5	asyncs	measured	dynamic-html-derived-v1	145	1	ed8f0df6355941e98f0df6355961e9fb	A410	410	monotonic_ns_same_process	19813316644861	ns		asyncs_worker		observed
c5-timing-event-v1	C5	asyncs	measured	dynamic-html-derived-v1	146	1	2022fbe19dcc429fa2fbe19dcc829fe5	AI400	1	enclave_tsc_same_invocation	53529317132399	cycles		sgx_worker_enclave		observed
c5-timing-event-v1	C5	asyncs	measured	dynamic-html-derived-v1	146	1	2022fbe19dcc429fa2fbe19dcc829fe5	AI410	2	enclave_tsc_same_invocation	53529323649900	cycles		sgx_worker_enclave		observed
c5-timing-event-v1	C5	asyncs	measured	dynamic-html-derived-v1	146	1	2022fbe19dcc429fa2fbe19dcc829fe5	AI420	3	enclave_tsc_same_invocation	53529323650324	cycles		sgx_worker_enclave		observed
c5-timing-event-v1	C5	asyncs	measured	dynamic-html-derived-v1	146	1	2022fbe19dcc429fa2fbe19dcc829fe5	AI430	4	enclave_tsc_same_invocation	53529323652976	cycles		sgx_worker_enclave		observed
c5-timing-event-v1	C5	asyncs	measured	dynamic-html-derived-v1	146	1	2022fbe19dcc429fa2fbe19dcc829fe5	AF400	5	enclave_tsc_same_invocation	53529335432694	cycles		sgx_worker_enclave		observed
c5-timing-event-v1	C5	asyncs	measured	dynamic-html-derived-v1	146	1	2022fbe19dcc429fa2fbe19dcc829fe5	AF410	6	enclave_tsc_same_invocation	53530898580000	cycles		sgx_worker_enclave		observed
c5-timing-event-v1	C5	asyncs	measured	dynamic-html-derived-v1	146	1	2022fbe19dcc429fa2fbe19dcc829fe5	AO400	7	enclave_tsc_same_invocation	53530900827641	cycles		sgx_worker_enclave		observed
c5-timing-event-v1	C5	asyncs	measured	dynamic-html-derived-v1	146	1	2022fbe19dcc429fa2fbe19dcc829fe5	AO410	8	enclave_tsc_same_invocation	53530901849988	cycles		sgx_worker_enclave		observed
c5-timing-event-v1	C5	asyncs	measured	dynamic-html-derived-v1	146	1	2022fbe19dcc429fa2fbe19dcc829fe5	AO420	9	enclave_tsc_same_invocation	53530901851012	cycles		sgx_worker_enclave		observed
c5-timing-event-v1	C5	asyncs	measured	dynamic-html-derived-v1	146	1	2022fbe19dcc429fa2fbe19dcc829fe5	AO430	10	enclave_tsc_same_invocation	53530901864920	cycles		sgx_worker_enclave		observed
c5-timing-event-v1	C5	asyncs	measured	dynamic-html-derived-v1	146	1	2022fbe19dcc429fa2fbe19dcc829fe5	A400	400	monotonic_ns_same_process	19812145984799	ns		asyncs_worker		observed
c5-timing-event-v1	C5	asyncs	measured	dynamic-html-derived-v1	146	1	2022fbe19dcc429fa2fbe19dcc829fe5	A410	410	monotonic_ns_same_process	19812734095026	ns		asyncs_worker		observed
c5-timing-event-v1	C5	asyncs	measured	dynamic-html-derived-v1	147	1	82173b00c69149ae973b00c69199ae30	AI400	1	enclave_tsc_same_invocation	53529476015032	cycles		sgx_worker_enclave		observed
c5-timing-event-v1	C5	asyncs	measured	dynamic-html-derived-v1	147	1	82173b00c69149ae973b00c69199ae30	AI410	2	enclave_tsc_same_invocation	53529508343300	cycles		sgx_worker_enclave		observed
c5-timing-event-v1	C5	asyncs	measured	dynamic-html-derived-v1	147	1	82173b00c69149ae973b00c69199ae30	AI420	3	enclave_tsc_same_invocation	53529508344434	cycles		sgx_worker_enclave		observed
c5-timing-event-v1	C5	asyncs	measured	dynamic-html-derived-v1	147	1	82173b00c69149ae973b00c69199ae30	AI430	4	enclave_tsc_same_invocation	53529508348309	cycles		sgx_worker_enclave		observed
c5-timing-event-v1	C5	asyncs	measured	dynamic-html-derived-v1	147	1	82173b00c69149ae973b00c69199ae30	AF400	5	enclave_tsc_same_invocation	53529560708965	cycles		sgx_worker_enclave		observed
c5-timing-event-v1	C5	asyncs	measured	dynamic-html-derived-v1	147	1	82173b00c69149ae973b00c69199ae30	AF410	6	enclave_tsc_same_invocation	53531127267850	cycles		sgx_worker_enclave		observed
c5-timing-event-v1	C5	asyncs	measured	dynamic-html-derived-v1	147	1	82173b00c69149ae973b00c69199ae30	AO400	7	enclave_tsc_same_invocation	53531129240387	cycles		sgx_worker_enclave		observed
c5-timing-event-v1	C5	asyncs	measured	dynamic-html-derived-v1	147	1	82173b00c69149ae973b00c69199ae30	AO410	8	enclave_tsc_same_invocation	53531129853012	cycles		sgx_worker_enclave		observed
c5-timing-event-v1	C5	asyncs	measured	dynamic-html-derived-v1	147	1	82173b00c69149ae973b00c69199ae30	AO420	9	enclave_tsc_same_invocation	53531129853993	cycles		sgx_worker_enclave		observed
c5-timing-event-v1	C5	asyncs	measured	dynamic-html-derived-v1	147	1	82173b00c69149ae973b00c69199ae30	AO430	10	enclave_tsc_same_invocation	53531129864329	cycles		sgx_worker_enclave		observed
c5-timing-event-v1	C5	asyncs	measured	dynamic-html-derived-v1	147	1	82173b00c69149ae973b00c69199ae30	A400	400	monotonic_ns_same_process	19812204286549	ns		asyncs_worker		observed
c5-timing-event-v1	C5	asyncs	measured	dynamic-html-derived-v1	147	1	82173b00c69149ae973b00c69199ae30	A410	410	monotonic_ns_same_process	19812818515354	ns		asyncs_worker		observed
c5-timing-event-v1	C5	asyncs	measured	dynamic-html-derived-v1	148	1	0bc49b413a584dcc849b413a58bdccef	AI400	1	enclave_tsc_same_invocation	53530374132763	cycles		sgx_worker_enclave		observed
c5-timing-event-v1	C5	asyncs	measured	dynamic-html-derived-v1	148	1	0bc49b413a584dcc849b413a58bdccef	AI410	2	enclave_tsc_same_invocation	53530380637909	cycles		sgx_worker_enclave		observed
c5-timing-event-v1	C5	asyncs	measured	dynamic-html-derived-v1	148	1	0bc49b413a584dcc849b413a58bdccef	AI420	3	enclave_tsc_same_invocation	53530380638434	cycles		sgx_worker_enclave		observed
c5-timing-event-v1	C5	asyncs	measured	dynamic-html-derived-v1	148	1	0bc49b413a584dcc849b413a58bdccef	AI430	4	enclave_tsc_same_invocation	53530380641183	cycles		sgx_worker_enclave		observed
c5-timing-event-v1	C5	asyncs	measured	dynamic-html-derived-v1	148	1	0bc49b413a584dcc849b413a58bdccef	AF400	5	enclave_tsc_same_invocation	53530392274133	cycles		sgx_worker_enclave		observed
c5-timing-event-v1	C5	asyncs	measured	dynamic-html-derived-v1	148	1	0bc49b413a584dcc849b413a58bdccef	AF410	6	enclave_tsc_same_invocation	53531268213151	cycles		sgx_worker_enclave		observed
c5-timing-event-v1	C5	asyncs	measured	dynamic-html-derived-v1	148	1	0bc49b413a584dcc849b413a58bdccef	AO400	7	enclave_tsc_same_invocation	53531270171453	cycles		sgx_worker_enclave		observed
c5-timing-event-v1	C5	asyncs	measured	dynamic-html-derived-v1	148	1	0bc49b413a584dcc849b413a58bdccef	AO410	8	enclave_tsc_same_invocation	53531270772989	cycles		sgx_worker_enclave		observed
c5-timing-event-v1	C5	asyncs	measured	dynamic-html-derived-v1	148	1	0bc49b413a584dcc849b413a58bdccef	AO420	9	enclave_tsc_same_invocation	53531270773803	cycles		sgx_worker_enclave		observed
c5-timing-event-v1	C5	asyncs	measured	dynamic-html-derived-v1	148	1	0bc49b413a584dcc849b413a58bdccef	AO430	10	enclave_tsc_same_invocation	53531270784787	cycles		sgx_worker_enclave		observed
c5-timing-event-v1	C5	asyncs	measured	dynamic-html-derived-v1	148	1	0bc49b413a584dcc849b413a58bdccef	A400	400	monotonic_ns_same_process	19813374811138	ns		asyncs_worker		observed
c5-timing-event-v1	C5	asyncs	measured	dynamic-html-derived-v1	148	1	0bc49b413a584dcc849b413a58bdccef	A410	410	monotonic_ns_same_process	19813708063024	ns		asyncs_worker		observed
c5-timing-event-v1	C5	asyncs	measured	dynamic-html-derived-v1	149	1	ccad6604d9b2437bad6604d9b2537b6a	AI400	1	enclave_tsc_same_invocation	53531660671258	cycles		sgx_worker_enclave		observed
c5-timing-event-v1	C5	asyncs	measured	dynamic-html-derived-v1	149	1	ccad6604d9b2437bad6604d9b2537b6a	AI410	2	enclave_tsc_same_invocation	53531667175916	cycles		sgx_worker_enclave		observed
c5-timing-event-v1	C5	asyncs	measured	dynamic-html-derived-v1	149	1	ccad6604d9b2437bad6604d9b2537b6a	AI420	3	enclave_tsc_same_invocation	53531667176460	cycles		sgx_worker_enclave		observed
c5-timing-event-v1	C5	asyncs	measured	dynamic-html-derived-v1	149	1	ccad6604d9b2437bad6604d9b2537b6a	AI430	4	enclave_tsc_same_invocation	53531667179344	cycles		sgx_worker_enclave		observed
c5-timing-event-v1	C5	asyncs	measured	dynamic-html-derived-v1	149	1	ccad6604d9b2437bad6604d9b2537b6a	AF400	5	enclave_tsc_same_invocation	53531678897052	cycles		sgx_worker_enclave		observed
c5-timing-event-v1	C5	asyncs	measured	dynamic-html-derived-v1	149	1	ccad6604d9b2437bad6604d9b2537b6a	AF410	6	enclave_tsc_same_invocation	53532556032413	cycles		sgx_worker_enclave		observed
c5-timing-event-v1	C5	asyncs	measured	dynamic-html-derived-v1	149	1	ccad6604d9b2437bad6604d9b2537b6a	AO400	7	enclave_tsc_same_invocation	53532558114514	cycles		sgx_worker_enclave		observed
c5-timing-event-v1	C5	asyncs	measured	dynamic-html-derived-v1	149	1	ccad6604d9b2437bad6604d9b2537b6a	AO410	8	enclave_tsc_same_invocation	53532558743302	cycles		sgx_worker_enclave		observed
c5-timing-event-v1	C5	asyncs	measured	dynamic-html-derived-v1	149	1	ccad6604d9b2437bad6604d9b2537b6a	AO420	9	enclave_tsc_same_invocation	53532558744141	cycles		sgx_worker_enclave		observed
c5-timing-event-v1	C5	asyncs	measured	dynamic-html-derived-v1	149	1	ccad6604d9b2437bad6604d9b2537b6a	AO430	10	enclave_tsc_same_invocation	53532558753297	cycles		sgx_worker_enclave		observed
c5-timing-event-v1	C5	asyncs	measured	dynamic-html-derived-v1	149	1	ccad6604d9b2437bad6604d9b2537b6a	A400	400	monotonic_ns_same_process	19813851326406	ns		asyncs_worker		observed
c5-timing-event-v1	C5	asyncs	measured	dynamic-html-derived-v1	149	1	ccad6604d9b2437bad6604d9b2537b6a	A410	410	monotonic_ns_same_process	19814185100231	ns		asyncs_worker		observed
c5-timing-event-v1	C5	asyncs	measured	dynamic-html-derived-v1	150	1	4da85453d834405da85453d834705d42	AI400	1	enclave_tsc_same_invocation	53531376399092	cycles		sgx_worker_enclave		observed
c5-timing-event-v1	C5	asyncs	measured	dynamic-html-derived-v1	150	1	4da85453d834405da85453d834705d42	AI410	2	enclave_tsc_same_invocation	53531382839742	cycles		sgx_worker_enclave		observed
c5-timing-event-v1	C5	asyncs	measured	dynamic-html-derived-v1	150	1	4da85453d834405da85453d834705d42	AI420	3	enclave_tsc_same_invocation	53531382840334	cycles		sgx_worker_enclave		observed
c5-timing-event-v1	C5	asyncs	measured	dynamic-html-derived-v1	150	1	4da85453d834405da85453d834705d42	AI430	4	enclave_tsc_same_invocation	53531382842898	cycles		sgx_worker_enclave		observed
c5-timing-event-v1	C5	asyncs	measured	dynamic-html-derived-v1	150	1	4da85453d834405da85453d834705d42	AF400	5	enclave_tsc_same_invocation	53531394752673	cycles		sgx_worker_enclave		observed
c5-timing-event-v1	C5	asyncs	measured	dynamic-html-derived-v1	150	1	4da85453d834405da85453d834705d42	AF410	6	enclave_tsc_same_invocation	53532526650994	cycles		sgx_worker_enclave		observed
c5-timing-event-v1	C5	asyncs	measured	dynamic-html-derived-v1	150	1	4da85453d834405da85453d834705d42	AO400	7	enclave_tsc_same_invocation	53532528915283	cycles		sgx_worker_enclave		observed
c5-timing-event-v1	C5	asyncs	measured	dynamic-html-derived-v1	150	1	4da85453d834405da85453d834705d42	AO410	8	enclave_tsc_same_invocation	53532529934863	cycles		sgx_worker_enclave		observed
c5-timing-event-v1	C5	asyncs	measured	dynamic-html-derived-v1	150	1	4da85453d834405da85453d834705d42	AO420	9	enclave_tsc_same_invocation	53532529935999	cycles		sgx_worker_enclave		observed
c5-timing-event-v1	C5	asyncs	measured	dynamic-html-derived-v1	150	1	4da85453d834405da85453d834705d42	AO430	10	enclave_tsc_same_invocation	53532529950799	cycles		sgx_worker_enclave		observed
c5-timing-event-v1	C5	asyncs	measured	dynamic-html-derived-v1	150	1	4da85453d834405da85453d834705d42	A400	400	monotonic_ns_same_process	19812908686921	ns		asyncs_worker		observed
c5-timing-event-v1	C5	asyncs	measured	dynamic-html-derived-v1	150	1	4da85453d834405da85453d834705d42	A410	410	monotonic_ns_same_process	19813337107440	ns		asyncs_worker		observed
c5-timing-event-v1	C5	asyncs	measured	dynamic-html-derived-v1	151	1	a7f204bea501440fb204bea501340f08	AI400	1	enclave_tsc_same_invocation	53531851892098	cycles		sgx_worker_enclave		observed
c5-timing-event-v1	C5	asyncs	measured	dynamic-html-derived-v1	151	1	a7f204bea501440fb204bea501340f08	AI410	2	enclave_tsc_same_invocation	53531862839016	cycles		sgx_worker_enclave		observed
c5-timing-event-v1	C5	asyncs	measured	dynamic-html-derived-v1	151	1	a7f204bea501440fb204bea501340f08	AI420	3	enclave_tsc_same_invocation	53531862839954	cycles		sgx_worker_enclave		observed
c5-timing-event-v1	C5	asyncs	measured	dynamic-html-derived-v1	151	1	a7f204bea501440fb204bea501340f08	AI430	4	enclave_tsc_same_invocation	53531862842928	cycles		sgx_worker_enclave		observed
c5-timing-event-v1	C5	asyncs	measured	dynamic-html-derived-v1	151	1	a7f204bea501440fb204bea501340f08	AF400	5	enclave_tsc_same_invocation	53531881935182	cycles		sgx_worker_enclave		observed
c5-timing-event-v1	C5	asyncs	measured	dynamic-html-derived-v1	151	1	a7f204bea501440fb204bea501340f08	AF410	6	enclave_tsc_same_invocation	53533188159739	cycles		sgx_worker_enclave		observed
c5-timing-event-v1	C5	asyncs	measured	dynamic-html-derived-v1	151	1	a7f204bea501440fb204bea501340f08	AO400	7	enclave_tsc_same_invocation	53533190419517	cycles		sgx_worker_enclave		observed
c5-timing-event-v1	C5	asyncs	measured	dynamic-html-derived-v1	151	1	a7f204bea501440fb204bea501340f08	AO410	8	enclave_tsc_same_invocation	53533191494357	cycles		sgx_worker_enclave		observed
c5-timing-event-v1	C5	asyncs	measured	dynamic-html-derived-v1	151	1	a7f204bea501440fb204bea501340f08	AO420	9	enclave_tsc_same_invocation	53533191495562	cycles		sgx_worker_enclave		observed
c5-timing-event-v1	C5	asyncs	measured	dynamic-html-derived-v1	151	1	a7f204bea501440fb204bea501340f08	AO430	10	enclave_tsc_same_invocation	53533191509325	cycles		sgx_worker_enclave		observed
c5-timing-event-v1	C5	asyncs	measured	dynamic-html-derived-v1	151	1	a7f204bea501440fb204bea501340f08	A400	400	monotonic_ns_same_process	19813084264214	ns		asyncs_worker		observed
c5-timing-event-v1	C5	asyncs	measured	dynamic-html-derived-v1	151	1	a7f204bea501440fb204bea501340f08	A410	410	monotonic_ns_same_process	19813582139550	ns		asyncs_worker		observed
c5-timing-event-v1	C5	asyncs	measured	dynamic-html-derived-v1	152	1	b132c13dca3b44f9b2c13dca3b54f97c	AI400	1	enclave_tsc_same_invocation	53532704168940	cycles		sgx_worker_enclave		observed
c5-timing-event-v1	C5	asyncs	measured	dynamic-html-derived-v1	152	1	b132c13dca3b44f9b2c13dca3b54f97c	AI410	2	enclave_tsc_same_invocation	53532710651244	cycles		sgx_worker_enclave		observed
c5-timing-event-v1	C5	asyncs	measured	dynamic-html-derived-v1	152	1	b132c13dca3b44f9b2c13dca3b54f97c	AI420	3	enclave_tsc_same_invocation	53532710651825	cycles		sgx_worker_enclave		observed
c5-timing-event-v1	C5	asyncs	measured	dynamic-html-derived-v1	152	1	b132c13dca3b44f9b2c13dca3b54f97c	AI430	4	enclave_tsc_same_invocation	53532710654551	cycles		sgx_worker_enclave		observed
c5-timing-event-v1	C5	asyncs	measured	dynamic-html-derived-v1	152	1	b132c13dca3b44f9b2c13dca3b54f97c	AF400	5	enclave_tsc_same_invocation	53532722265592	cycles		sgx_worker_enclave		observed
c5-timing-event-v1	C5	asyncs	measured	dynamic-html-derived-v1	152	1	b132c13dca3b44f9b2c13dca3b54f97c	AF410	6	enclave_tsc_same_invocation	53533597559336	cycles		sgx_worker_enclave		observed
c5-timing-event-v1	C5	asyncs	measured	dynamic-html-derived-v1	152	1	b132c13dca3b44f9b2c13dca3b54f97c	AO400	7	enclave_tsc_same_invocation	53533599581609	cycles		sgx_worker_enclave		observed
c5-timing-event-v1	C5	asyncs	measured	dynamic-html-derived-v1	152	1	b132c13dca3b44f9b2c13dca3b54f97c	AO410	8	enclave_tsc_same_invocation	53533600238845	cycles		sgx_worker_enclave		observed
c5-timing-event-v1	C5	asyncs	measured	dynamic-html-derived-v1	152	1	b132c13dca3b44f9b2c13dca3b54f97c	AO420	9	enclave_tsc_same_invocation	53533600239743	cycles		sgx_worker_enclave		observed
c5-timing-event-v1	C5	asyncs	measured	dynamic-html-derived-v1	152	1	b132c13dca3b44f9b2c13dca3b54f97c	AO430	10	enclave_tsc_same_invocation	53533600249476	cycles		sgx_worker_enclave		observed
c5-timing-event-v1	C5	asyncs	measured	dynamic-html-derived-v1	152	1	b132c13dca3b44f9b2c13dca3b54f97c	A400	400	monotonic_ns_same_process	19814237817552	ns		asyncs_worker		observed
c5-timing-event-v1	C5	asyncs	measured	dynamic-html-derived-v1	152	1	b132c13dca3b44f9b2c13dca3b54f97c	A410	410	monotonic_ns_same_process	19814570845551	ns		asyncs_worker		observed
c5-timing-event-v1	C5	asyncs	measured	dynamic-html-derived-v1	153	1	7a1be04a2cce434b9be04a2ccea34b0d	AI400	1	enclave_tsc_same_invocation	53532714224583	cycles		sgx_worker_enclave		observed
c5-timing-event-v1	C5	asyncs	measured	dynamic-html-derived-v1	153	1	7a1be04a2cce434b9be04a2ccea34b0d	AI410	2	enclave_tsc_same_invocation	53532720707922	cycles		sgx_worker_enclave		observed
c5-timing-event-v1	C5	asyncs	measured	dynamic-html-derived-v1	153	1	7a1be04a2cce434b9be04a2ccea34b0d	AI420	3	enclave_tsc_same_invocation	53532720708533	cycles		sgx_worker_enclave		observed
c5-timing-event-v1	C5	asyncs	measured	dynamic-html-derived-v1	153	1	7a1be04a2cce434b9be04a2ccea34b0d	AI430	4	enclave_tsc_same_invocation	53532720710838	cycles		sgx_worker_enclave		observed
c5-timing-event-v1	C5	asyncs	measured	dynamic-html-derived-v1	153	1	7a1be04a2cce434b9be04a2ccea34b0d	AF400	5	enclave_tsc_same_invocation	53532750125807	cycles		sgx_worker_enclave		observed
c5-timing-event-v1	C5	asyncs	measured	dynamic-html-derived-v1	153	1	7a1be04a2cce434b9be04a2ccea34b0d	AF410	6	enclave_tsc_same_invocation	53534371661247	cycles		sgx_worker_enclave		observed
c5-timing-event-v1	C5	asyncs	measured	dynamic-html-derived-v1	153	1	7a1be04a2cce434b9be04a2ccea34b0d	AO400	7	enclave_tsc_same_invocation	53534373968210	cycles		sgx_worker_enclave		observed
c5-timing-event-v1	C5	asyncs	measured	dynamic-html-derived-v1	153	1	7a1be04a2cce434b9be04a2ccea34b0d	AO410	8	enclave_tsc_same_invocation	53534375027232	cycles		sgx_worker_enclave		observed
c5-timing-event-v1	C5	asyncs	measured	dynamic-html-derived-v1	153	1	7a1be04a2cce434b9be04a2ccea34b0d	AO420	9	enclave_tsc_same_invocation	53534375028232	cycles		sgx_worker_enclave		observed
c5-timing-event-v1	C5	asyncs	measured	dynamic-html-derived-v1	153	1	7a1be04a2cce434b9be04a2ccea34b0d	AO430	10	enclave_tsc_same_invocation	53534375043210	cycles		sgx_worker_enclave		observed
c5-timing-event-v1	C5	asyncs	measured	dynamic-html-derived-v1	153	1	7a1be04a2cce434b9be04a2ccea34b0d	A400	400	monotonic_ns_same_process	19813404238149	ns		asyncs_worker		observed
c5-timing-event-v1	C5	asyncs	measured	dynamic-html-derived-v1	153	1	7a1be04a2cce434b9be04a2ccea34b0d	A410	410	monotonic_ns_same_process	19814020491120	ns		asyncs_worker		observed
c5-timing-event-v1	C5	asyncs	measured	dynamic-html-derived-v1	154	1	fad4c32b1784442c94c32b1784642c9a	AI400	1	enclave_tsc_same_invocation	53533726585383	cycles		sgx_worker_enclave		observed
c5-timing-event-v1	C5	asyncs	measured	dynamic-html-derived-v1	154	1	fad4c32b1784442c94c32b1784642c9a	AI410	2	enclave_tsc_same_invocation	53533732951740	cycles		sgx_worker_enclave		observed
c5-timing-event-v1	C5	asyncs	measured	dynamic-html-derived-v1	154	1	fad4c32b1784442c94c32b1784642c9a	AI420	3	enclave_tsc_same_invocation	53533732952200	cycles		sgx_worker_enclave		observed
c5-timing-event-v1	C5	asyncs	measured	dynamic-html-derived-v1	154	1	fad4c32b1784442c94c32b1784642c9a	AI430	4	enclave_tsc_same_invocation	53533732954961	cycles		sgx_worker_enclave		observed
c5-timing-event-v1	C5	asyncs	measured	dynamic-html-derived-v1	154	1	fad4c32b1784442c94c32b1784642c9a	AF400	5	enclave_tsc_same_invocation	53533744710339	cycles		sgx_worker_enclave		observed
c5-timing-event-v1	C5	asyncs	measured	dynamic-html-derived-v1	154	1	fad4c32b1784442c94c32b1784642c9a	AF410	6	enclave_tsc_same_invocation	53534621234226	cycles		sgx_worker_enclave		observed
c5-timing-event-v1	C5	asyncs	measured	dynamic-html-derived-v1	154	1	fad4c32b1784442c94c32b1784642c9a	AO400	7	enclave_tsc_same_invocation	53534623271691	cycles		sgx_worker_enclave		observed
c5-timing-event-v1	C5	asyncs	measured	dynamic-html-derived-v1	154	1	fad4c32b1784442c94c32b1784642c9a	AO410	8	enclave_tsc_same_invocation	53534623892379	cycles		sgx_worker_enclave		observed
c5-timing-event-v1	C5	asyncs	measured	dynamic-html-derived-v1	154	1	fad4c32b1784442c94c32b1784642c9a	AO420	9	enclave_tsc_same_invocation	53534623893213	cycles		sgx_worker_enclave		observed
c5-timing-event-v1	C5	asyncs	measured	dynamic-html-derived-v1	154	1	fad4c32b1784442c94c32b1784642c9a	AO430	10	enclave_tsc_same_invocation	53534623902168	cycles		sgx_worker_enclave		observed
c5-timing-event-v1	C5	asyncs	measured	dynamic-html-derived-v1	154	1	fad4c32b1784442c94c32b1784642c9a	A400	400	monotonic_ns_same_process	19814616540965	ns		asyncs_worker		observed
c5-timing-event-v1	C5	asyncs	measured	dynamic-html-derived-v1	154	1	fad4c32b1784442c94c32b1784642c9a	A410	410	monotonic_ns_same_process	19814949983544	ns		asyncs_worker		observed
c5-timing-event-v1	C5	asyncs	measured	dynamic-html-derived-v1	155	1	61dd849f465340799d849f4653107922	AI400	1	enclave_tsc_same_invocation	53533363955816	cycles		sgx_worker_enclave		observed
c5-timing-event-v1	C5	asyncs	measured	dynamic-html-derived-v1	155	1	61dd849f465340799d849f4653107922	AI410	2	enclave_tsc_same_invocation	53533375591091	cycles		sgx_worker_enclave		observed
c5-timing-event-v1	C5	asyncs	measured	dynamic-html-derived-v1	155	1	61dd849f465340799d849f4653107922	AI420	3	enclave_tsc_same_invocation	53533375592077	cycles		sgx_worker_enclave		observed
c5-timing-event-v1	C5	asyncs	measured	dynamic-html-derived-v1	155	1	61dd849f465340799d849f4653107922	AI430	4	enclave_tsc_same_invocation	53533375596016	cycles		sgx_worker_enclave		observed
c5-timing-event-v1	C5	asyncs	measured	dynamic-html-derived-v1	155	1	61dd849f465340799d849f4653107922	AF400	5	enclave_tsc_same_invocation	53533395955283	cycles		sgx_worker_enclave		observed
c5-timing-event-v1	C5	asyncs	measured	dynamic-html-derived-v1	155	1	61dd849f465340799d849f4653107922	AF410	6	enclave_tsc_same_invocation	53534726374398	cycles		sgx_worker_enclave		observed
c5-timing-event-v1	C5	asyncs	measured	dynamic-html-derived-v1	155	1	61dd849f465340799d849f4653107922	AO400	7	enclave_tsc_same_invocation	53534728342334	cycles		sgx_worker_enclave		observed
c5-timing-event-v1	C5	asyncs	measured	dynamic-html-derived-v1	155	1	61dd849f465340799d849f4653107922	AO410	8	enclave_tsc_same_invocation	53534728966872	cycles		sgx_worker_enclave		observed
c5-timing-event-v1	C5	asyncs	measured	dynamic-html-derived-v1	155	1	61dd849f465340799d849f4653107922	AO420	9	enclave_tsc_same_invocation	53534728967801	cycles		sgx_worker_enclave		observed
c5-timing-event-v1	C5	asyncs	measured	dynamic-html-derived-v1	155	1	61dd849f465340799d849f4653107922	AO430	10	enclave_tsc_same_invocation	53534728978318	cycles		sgx_worker_enclave		observed
c5-timing-event-v1	C5	asyncs	measured	dynamic-html-derived-v1	155	1	61dd849f465340799d849f4653107922	A400	400	monotonic_ns_same_process	19813644280667	ns		asyncs_worker		observed
c5-timing-event-v1	C5	asyncs	measured	dynamic-html-derived-v1	155	1	61dd849f465340799d849f4653107922	A410	410	monotonic_ns_same_process	19814151550917	ns		asyncs_worker		observed
c5-timing-event-v1	C5	asyncs	measured	dynamic-html-derived-v1	156	1	9e1fedc293884ede9fedc293884ede7f	AI400	1	enclave_tsc_same_invocation	53535342954701	cycles		sgx_worker_enclave		observed
c5-timing-event-v1	C5	asyncs	measured	dynamic-html-derived-v1	156	1	9e1fedc293884ede9fedc293884ede7f	AI410	2	enclave_tsc_same_invocation	53535350708156	cycles		sgx_worker_enclave		observed
c5-timing-event-v1	C5	asyncs	measured	dynamic-html-derived-v1	156	1	9e1fedc293884ede9fedc293884ede7f	AI420	3	enclave_tsc_same_invocation	53535350708780	cycles		sgx_worker_enclave		observed
c5-timing-event-v1	C5	asyncs	measured	dynamic-html-derived-v1	156	1	9e1fedc293884ede9fedc293884ede7f	AI430	4	enclave_tsc_same_invocation	53535350711972	cycles		sgx_worker_enclave		observed
c5-timing-event-v1	C5	asyncs	measured	dynamic-html-derived-v1	156	1	9e1fedc293884ede9fedc293884ede7f	AF400	5	enclave_tsc_same_invocation	53535362469498	cycles		sgx_worker_enclave		observed
c5-timing-event-v1	C5	asyncs	measured	dynamic-html-derived-v1	156	1	9e1fedc293884ede9fedc293884ede7f	AF410	6	enclave_tsc_same_invocation	53536240745634	cycles		sgx_worker_enclave		observed
c5-timing-event-v1	C5	asyncs	measured	dynamic-html-derived-v1	156	1	9e1fedc293884ede9fedc293884ede7f	AO400	7	enclave_tsc_same_invocation	53536242681972	cycles		sgx_worker_enclave		observed
c5-timing-event-v1	C5	asyncs	measured	dynamic-html-derived-v1	156	1	9e1fedc293884ede9fedc293884ede7f	AO410	8	enclave_tsc_same_invocation	53536243310275	cycles		sgx_worker_enclave		observed
c5-timing-event-v1	C5	asyncs	measured	dynamic-html-derived-v1	156	1	9e1fedc293884ede9fedc293884ede7f	AO420	9	enclave_tsc_same_invocation	53536243311208	cycles		sgx_worker_enclave		observed
c5-timing-event-v1	C5	asyncs	measured	dynamic-html-derived-v1	156	1	9e1fedc293884ede9fedc293884ede7f	AO430	10	enclave_tsc_same_invocation	53536243320498	cycles		sgx_worker_enclave		observed
c5-timing-event-v1	C5	asyncs	measured	dynamic-html-derived-v1	156	1	9e1fedc293884ede9fedc293884ede7f	A400	400	monotonic_ns_same_process	19815215182504	ns		asyncs_worker		observed
c5-timing-event-v1	C5	asyncs	measured	dynamic-html-derived-v1	156	1	9e1fedc293884ede9fedc293884ede7f	A410	410	monotonic_ns_same_process	19815549785517	ns		asyncs_worker		observed
c5-timing-event-v1	C5	asyncs	measured	dynamic-html-derived-v1	157	1	73c2eda7089b460a82eda7089bb60a34	AI400	1	enclave_tsc_same_invocation	53534926076040	cycles		sgx_worker_enclave		observed
c5-timing-event-v1	C5	asyncs	measured	dynamic-html-derived-v1	157	1	73c2eda7089b460a82eda7089bb60a34	AI410	2	enclave_tsc_same_invocation	53534937597730	cycles		sgx_worker_enclave		observed
c5-timing-event-v1	C5	asyncs	measured	dynamic-html-derived-v1	157	1	73c2eda7089b460a82eda7089bb60a34	AI420	3	enclave_tsc_same_invocation	53534937598627	cycles		sgx_worker_enclave		observed
c5-timing-event-v1	C5	asyncs	measured	dynamic-html-derived-v1	157	1	73c2eda7089b460a82eda7089bb60a34	AI430	4	enclave_tsc_same_invocation	53534937601765	cycles		sgx_worker_enclave		observed
c5-timing-event-v1	C5	asyncs	measured	dynamic-html-derived-v1	157	1	73c2eda7089b460a82eda7089bb60a34	AF400	5	enclave_tsc_same_invocation	53534957925999	cycles		sgx_worker_enclave		observed
c5-timing-event-v1	C5	asyncs	measured	dynamic-html-derived-v1	157	1	73c2eda7089b460a82eda7089bb60a34	AF410	6	enclave_tsc_same_invocation	53536509078493	cycles		sgx_worker_enclave		observed
c5-timing-event-v1	C5	asyncs	measured	dynamic-html-derived-v1	157	1	73c2eda7089b460a82eda7089bb60a34	AO400	7	enclave_tsc_same_invocation	53536511375795	cycles		sgx_worker_enclave		observed
c5-timing-event-v1	C5	asyncs	measured	dynamic-html-derived-v1	157	1	73c2eda7089b460a82eda7089bb60a34	AO410	8	enclave_tsc_same_invocation	53536512451597	cycles		sgx_worker_enclave		observed
c5-timing-event-v1	C5	asyncs	measured	dynamic-html-derived-v1	157	1	73c2eda7089b460a82eda7089bb60a34	AO420	9	enclave_tsc_same_invocation	53536512452528	cycles		sgx_worker_enclave		observed
c5-timing-event-v1	C5	asyncs	measured	dynamic-html-derived-v1	157	1	73c2eda7089b460a82eda7089bb60a34	AO430	10	enclave_tsc_same_invocation	53536512467365	cycles		sgx_worker_enclave		observed
c5-timing-event-v1	C5	asyncs	measured	dynamic-html-derived-v1	157	1	73c2eda7089b460a82eda7089bb60a34	A400	400	monotonic_ns_same_process	19814222571058	ns		asyncs_worker		observed
c5-timing-event-v1	C5	asyncs	measured	dynamic-html-derived-v1	157	1	73c2eda7089b460a82eda7089bb60a34	A410	410	monotonic_ns_same_process	19814812152969	ns		asyncs_worker		observed
c5-timing-event-v1	C5	asyncs	measured	dynamic-html-derived-v1	158	1	667ac4a084934288bac4a0849322888b	AI400	1	enclave_tsc_same_invocation	53535106821388	cycles		sgx_worker_enclave		observed
c5-timing-event-v1	C5	asyncs	measured	dynamic-html-derived-v1	158	1	667ac4a084934288bac4a0849322888b	AI410	2	enclave_tsc_same_invocation	53535128728714	cycles		sgx_worker_enclave		observed
c5-timing-event-v1	C5	asyncs	measured	dynamic-html-derived-v1	158	1	667ac4a084934288bac4a0849322888b	AI420	3	enclave_tsc_same_invocation	53535128729701	cycles		sgx_worker_enclave		observed
c5-timing-event-v1	C5	asyncs	measured	dynamic-html-derived-v1	158	1	667ac4a084934288bac4a0849322888b	AI430	4	enclave_tsc_same_invocation	53535128733728	cycles		sgx_worker_enclave		observed
c5-timing-event-v1	C5	asyncs	measured	dynamic-html-derived-v1	158	1	667ac4a084934288bac4a0849322888b	AF400	5	enclave_tsc_same_invocation	53535181134885	cycles		sgx_worker_enclave		observed
c5-timing-event-v1	C5	asyncs	measured	dynamic-html-derived-v1	158	1	667ac4a084934288bac4a0849322888b	AF410	6	enclave_tsc_same_invocation	53536733788733	cycles		sgx_worker_enclave		observed
c5-timing-event-v1	C5	asyncs	measured	dynamic-html-derived-v1	158	1	667ac4a084934288bac4a0849322888b	AO400	7	enclave_tsc_same_invocation	53536736092732	cycles		sgx_worker_enclave		observed
c5-timing-event-v1	C5	asyncs	measured	dynamic-html-derived-v1	158	1	667ac4a084934288bac4a0849322888b	AO410	8	enclave_tsc_same_invocation	53536737169282	cycles		sgx_worker_enclave		observed
c5-timing-event-v1	C5	asyncs	measured	dynamic-html-derived-v1	158	1	667ac4a084934288bac4a0849322888b	AO420	9	enclave_tsc_same_invocation	53536737170529	cycles		sgx_worker_enclave		observed
c5-timing-event-v1	C5	asyncs	measured	dynamic-html-derived-v1	158	1	667ac4a084934288bac4a0849322888b	AO430	10	enclave_tsc_same_invocation	53536737185701	cycles		sgx_worker_enclave		observed
c5-timing-event-v1	C5	asyncs	measured	dynamic-html-derived-v1	158	1	667ac4a084934288bac4a0849322888b	A400	400	monotonic_ns_same_process	19814289835603	ns		asyncs_worker		observed
c5-timing-event-v1	C5	asyncs	measured	dynamic-html-derived-v1	158	1	667ac4a084934288bac4a0849322888b	A410	410	monotonic_ns_same_process	19814895376376	ns		asyncs_worker		observed
c5-timing-event-v1	C5	asyncs	measured	dynamic-html-derived-v1	159	1	f6bb5356d8fc4749bb5356d8fcc74978	AI400	1	enclave_tsc_same_invocation	53536408697223	cycles		sgx_worker_enclave		observed
c5-timing-event-v1	C5	asyncs	measured	dynamic-html-derived-v1	159	1	f6bb5356d8fc4749bb5356d8fcc74978	AI410	2	enclave_tsc_same_invocation	53536415156775	cycles		sgx_worker_enclave		observed
c5-timing-event-v1	C5	asyncs	measured	dynamic-html-derived-v1	159	1	f6bb5356d8fc4749bb5356d8fcc74978	AI420	3	enclave_tsc_same_invocation	53536415157378	cycles		sgx_worker_enclave		observed
c5-timing-event-v1	C5	asyncs	measured	dynamic-html-derived-v1	159	1	f6bb5356d8fc4749bb5356d8fcc74978	AI430	4	enclave_tsc_same_invocation	53536415160136	cycles		sgx_worker_enclave		observed
c5-timing-event-v1	C5	asyncs	measured	dynamic-html-derived-v1	159	1	f6bb5356d8fc4749bb5356d8fcc74978	AF400	5	enclave_tsc_same_invocation	53536426939344	cycles		sgx_worker_enclave		observed
c5-timing-event-v1	C5	asyncs	measured	dynamic-html-derived-v1	159	1	f6bb5356d8fc4749bb5356d8fcc74978	AF410	6	enclave_tsc_same_invocation	53537308416565	cycles		sgx_worker_enclave		observed
c5-timing-event-v1	C5	asyncs	measured	dynamic-html-derived-v1	159	1	f6bb5356d8fc4749bb5356d8fcc74978	AO400	7	enclave_tsc_same_invocation	53537310427036	cycles		sgx_worker_enclave		observed
c5-timing-event-v1	C5	asyncs	measured	dynamic-html-derived-v1	159	1	f6bb5356d8fc4749bb5356d8fcc74978	AO410	8	enclave_tsc_same_invocation	53537311034784	cycles		sgx_worker_enclave		observed
c5-timing-event-v1	C5	asyncs	measured	dynamic-html-derived-v1	159	1	f6bb5356d8fc4749bb5356d8fcc74978	AO420	9	enclave_tsc_same_invocation	53537311035499	cycles		sgx_worker_enclave		observed
c5-timing-event-v1	C5	asyncs	measured	dynamic-html-derived-v1	159	1	f6bb5356d8fc4749bb5356d8fcc74978	AO430	10	enclave_tsc_same_invocation	53537311047204	cycles		sgx_worker_enclave		observed
c5-timing-event-v1	C5	asyncs	measured	dynamic-html-derived-v1	159	1	f6bb5356d8fc4749bb5356d8fcc74978	A400	400	monotonic_ns_same_process	19815609926911	ns		asyncs_worker		observed
c5-timing-event-v1	C5	asyncs	measured	dynamic-html-derived-v1	159	1	f6bb5356d8fc4749bb5356d8fcc74978	A410	410	monotonic_ns_same_process	19815945252244	ns		asyncs_worker		observed
c5-timing-event-v1	C5	asyncs	measured	dynamic-html-derived-v1	160	1	77e8100604dc4690a8100604dc16906b	AI400	1	enclave_tsc_same_invocation	53536663639413	cycles		sgx_worker_enclave		observed
c5-timing-event-v1	C5	asyncs	measured	dynamic-html-derived-v1	160	1	77e8100604dc4690a8100604dc16906b	AI410	2	enclave_tsc_same_invocation	53536674775387	cycles		sgx_worker_enclave		observed
c5-timing-event-v1	C5	asyncs	measured	dynamic-html-derived-v1	160	1	77e8100604dc4690a8100604dc16906b	AI420	3	enclave_tsc_same_invocation	53536674776157	cycles		sgx_worker_enclave		observed
c5-timing-event-v1	C5	asyncs	measured	dynamic-html-derived-v1	160	1	77e8100604dc4690a8100604dc16906b	AI430	4	enclave_tsc_same_invocation	53536674780338	cycles		sgx_worker_enclave		observed
c5-timing-event-v1	C5	asyncs	measured	dynamic-html-derived-v1	160	1	77e8100604dc4690a8100604dc16906b	AF400	5	enclave_tsc_same_invocation	53536694009061	cycles		sgx_worker_enclave		observed
c5-timing-event-v1	C5	asyncs	measured	dynamic-html-derived-v1	160	1	77e8100604dc4690a8100604dc16906b	AF410	6	enclave_tsc_same_invocation	53538250574414	cycles		sgx_worker_enclave		observed
c5-timing-event-v1	C5	asyncs	measured	dynamic-html-derived-v1	160	1	77e8100604dc4690a8100604dc16906b	AO400	7	enclave_tsc_same_invocation	53538252882828	cycles		sgx_worker_enclave		observed
c5-timing-event-v1	C5	asyncs	measured	dynamic-html-derived-v1	160	1	77e8100604dc4690a8100604dc16906b	AO410	8	enclave_tsc_same_invocation	53538253906841	cycles		sgx_worker_enclave		observed
c5-timing-event-v1	C5	asyncs	measured	dynamic-html-derived-v1	160	1	77e8100604dc4690a8100604dc16906b	AO420	9	enclave_tsc_same_invocation	53538253907727	cycles		sgx_worker_enclave		observed
c5-timing-event-v1	C5	asyncs	measured	dynamic-html-derived-v1	160	1	77e8100604dc4690a8100604dc16906b	AO430	10	enclave_tsc_same_invocation	53538253938131	cycles		sgx_worker_enclave		observed
c5-timing-event-v1	C5	asyncs	measured	dynamic-html-derived-v1	160	1	77e8100604dc4690a8100604dc16906b	A400	400	monotonic_ns_same_process	19814866563001	ns		asyncs_worker		observed
c5-timing-event-v1	C5	asyncs	measured	dynamic-html-derived-v1	160	1	77e8100604dc4690a8100604dc16906b	A410	410	monotonic_ns_same_process	19815457155670	ns		asyncs_worker		observed
c5-timing-event-v1	C5	asyncs	measured	dynamic-html-derived-v1	161	1	133cc24feb8142a6bcc24feb8172a61c	AI400	1	enclave_tsc_same_invocation	53537483634267	cycles		sgx_worker_enclave		observed
c5-timing-event-v1	C5	asyncs	measured	dynamic-html-derived-v1	161	1	133cc24feb8142a6bcc24feb8172a61c	AI410	2	enclave_tsc_same_invocation	53537490009336	cycles		sgx_worker_enclave		observed
c5-timing-event-v1	C5	asyncs	measured	dynamic-html-derived-v1	161	1	133cc24feb8142a6bcc24feb8172a61c	AI420	3	enclave_tsc_same_invocation	53537490009856	cycles		sgx_worker_enclave		observed
c5-timing-event-v1	C5	asyncs	measured	dynamic-html-derived-v1	161	1	133cc24feb8142a6bcc24feb8172a61c	AI430	4	enclave_tsc_same_invocation	53537490013617	cycles		sgx_worker_enclave		observed
c5-timing-event-v1	C5	asyncs	measured	dynamic-html-derived-v1	161	1	133cc24feb8142a6bcc24feb8172a61c	AF400	5	enclave_tsc_same_invocation	53537501766729	cycles		sgx_worker_enclave		observed
c5-timing-event-v1	C5	asyncs	measured	dynamic-html-derived-v1	161	1	133cc24feb8142a6bcc24feb8172a61c	AF410	6	enclave_tsc_same_invocation	53538403210325	cycles		sgx_worker_enclave		observed
c5-timing-event-v1	C5	asyncs	measured	dynamic-html-derived-v1	161	1	133cc24feb8142a6bcc24feb8172a61c	AO400	7	enclave_tsc_same_invocation	53538405221973	cycles		sgx_worker_enclave		observed
c5-timing-event-v1	C5	asyncs	measured	dynamic-html-derived-v1	161	1	133cc24feb8142a6bcc24feb8172a61c	AO410	8	enclave_tsc_same_invocation	53538405866925	cycles		sgx_worker_enclave		observed
c5-timing-event-v1	C5	asyncs	measured	dynamic-html-derived-v1	161	1	133cc24feb8142a6bcc24feb8172a61c	AO420	9	enclave_tsc_same_invocation	53538405867874	cycles		sgx_worker_enclave		observed
c5-timing-event-v1	C5	asyncs	measured	dynamic-html-derived-v1	161	1	133cc24feb8142a6bcc24feb8172a61c	AO430	10	enclave_tsc_same_invocation	53538405878252	cycles		sgx_worker_enclave		observed
c5-timing-event-v1	C5	asyncs	measured	dynamic-html-derived-v1	161	1	133cc24feb8142a6bcc24feb8172a61c	A400	400	monotonic_ns_same_process	19816008067932	ns		asyncs_worker		observed
c5-timing-event-v1	C5	asyncs	measured	dynamic-html-derived-v1	161	1	133cc24feb8142a6bcc24feb8172a61c	A410	410	monotonic_ns_same_process	19816350746288	ns		asyncs_worker		observed
c5-timing-event-v1	C5	asyncs	measured	dynamic-html-derived-v1	162	1	f3c94f3a4b5640b8894f3a4b5660b871	AI400	1	enclave_tsc_same_invocation	53536963294199	cycles		sgx_worker_enclave		observed
c5-timing-event-v1	C5	asyncs	measured	dynamic-html-derived-v1	162	1	f3c94f3a4b5640b8894f3a4b5660b871	AI410	2	enclave_tsc_same_invocation	53536974119259	cycles		sgx_worker_enclave		observed
c5-timing-event-v1	C5	asyncs	measured	dynamic-html-derived-v1	162	1	f3c94f3a4b5640b8894f3a4b5660b871	AI420	3	enclave_tsc_same_invocation	53536974121361	cycles		sgx_worker_enclave		observed
c5-timing-event-v1	C5	asyncs	measured	dynamic-html-derived-v1	162	1	f3c94f3a4b5640b8894f3a4b5660b871	AI430	4	enclave_tsc_same_invocation	53536974125179	cycles		sgx_worker_enclave		observed
c5-timing-event-v1	C5	asyncs	measured	dynamic-html-derived-v1	162	1	f3c94f3a4b5640b8894f3a4b5660b871	AF400	5	enclave_tsc_same_invocation	53537025888384	cycles		sgx_worker_enclave		observed
c5-timing-event-v1	C5	asyncs	measured	dynamic-html-derived-v1	162	1	f3c94f3a4b5640b8894f3a4b5660b871	AF410	6	enclave_tsc_same_invocation	53538471389752	cycles		sgx_worker_enclave		observed
c5-timing-event-v1	C5	asyncs	measured	dynamic-html-derived-v1	162	1	f3c94f3a4b5640b8894f3a4b5660b871	AO400	7	enclave_tsc_same_invocation	53538473570627	cycles		sgx_worker_enclave		observed
c5-timing-event-v1	C5	asyncs	measured	dynamic-html-derived-v1	162	1	f3c94f3a4b5640b8894f3a4b5660b871	AO410	8	enclave_tsc_same_invocation	53538474630992	cycles		sgx_worker_enclave		observed
c5-timing-event-v1	C5	asyncs	measured	dynamic-html-derived-v1	162	1	f3c94f3a4b5640b8894f3a4b5660b871	AO420	9	enclave_tsc_same_invocation	53538474632144	cycles		sgx_worker_enclave		observed
c5-timing-event-v1	C5	asyncs	measured	dynamic-html-derived-v1	162	1	f3c94f3a4b5640b8894f3a4b5660b871	AO430	10	enclave_tsc_same_invocation	53538474646652	cycles		sgx_worker_enclave		observed
c5-timing-event-v1	C5	asyncs	measured	dynamic-html-derived-v1	162	1	f3c94f3a4b5640b8894f3a4b5660b871	A400	400	monotonic_ns_same_process	19814977545641	ns		asyncs_worker		observed
c5-timing-event-v1	C5	asyncs	measured	dynamic-html-derived-v1	162	1	f3c94f3a4b5640b8894f3a4b5660b871	A410	410	monotonic_ns_same_process	19815538881267	ns		asyncs_worker		observed
c5-timing-event-v1	C5	asyncs	measured	dynamic-html-derived-v1	163	1	6e79f70d7daf4026b9f70d7daf30261c	AI400	1	enclave_tsc_same_invocation	53538568300318	cycles		sgx_worker_enclave		observed
c5-timing-event-v1	C5	asyncs	measured	dynamic-html-derived-v1	163	1	6e79f70d7daf4026b9f70d7daf30261c	AI410	2	enclave_tsc_same_invocation	53538574780074	cycles		sgx_worker_enclave		observed
c5-timing-event-v1	C5	asyncs	measured	dynamic-html-derived-v1	163	1	6e79f70d7daf4026b9f70d7daf30261c	AI420	3	enclave_tsc_same_invocation	53538574780677	cycles		sgx_worker_enclave		observed
c5-timing-event-v1	C5	asyncs	measured	dynamic-html-derived-v1	163	1	6e79f70d7daf4026b9f70d7daf30261c	AI430	4	enclave_tsc_same_invocation	53538574783240	cycles		sgx_worker_enclave		observed
c5-timing-event-v1	C5	asyncs	measured	dynamic-html-derived-v1	163	1	6e79f70d7daf4026b9f70d7daf30261c	AF400	5	enclave_tsc_same_invocation	53538586423994	cycles		sgx_worker_enclave		observed
c5-timing-event-v1	C5	asyncs	measured	dynamic-html-derived-v1	163	1	6e79f70d7daf4026b9f70d7daf30261c	AF410	6	enclave_tsc_same_invocation	53539463669895	cycles		sgx_worker_enclave		observed
c5-timing-event-v1	C5	asyncs	measured	dynamic-html-derived-v1	163	1	6e79f70d7daf4026b9f70d7daf30261c	AO400	7	enclave_tsc_same_invocation	53539465675115	cycles		sgx_worker_enclave		observed
c5-timing-event-v1	C5	asyncs	measured	dynamic-html-derived-v1	163	1	6e79f70d7daf4026b9f70d7daf30261c	AO410	8	enclave_tsc_same_invocation	53539466280513	cycles		sgx_worker_enclave		observed
c5-timing-event-v1	C5	asyncs	measured	dynamic-html-derived-v1	163	1	6e79f70d7daf4026b9f70d7daf30261c	AO420	9	enclave_tsc_same_invocation	53539466281295	cycles		sgx_worker_enclave		observed
c5-timing-event-v1	C5	asyncs	measured	dynamic-html-derived-v1	163	1	6e79f70d7daf4026b9f70d7daf30261c	AO430	10	enclave_tsc_same_invocation	53539466291171	cycles		sgx_worker_enclave		observed
c5-timing-event-v1	C5	asyncs	measured	dynamic-html-derived-v1	163	1	6e79f70d7daf4026b9f70d7daf30261c	A400	400	monotonic_ns_same_process	19816409806208	ns		asyncs_worker		observed
c5-timing-event-v1	C5	asyncs	measured	dynamic-html-derived-v1	163	1	6e79f70d7daf4026b9f70d7daf30261c	A410	410	monotonic_ns_same_process	19816743505658	ns		asyncs_worker		observed
c5-timing-event-v1	C5	asyncs	measured	dynamic-html-derived-v1	164	1	643dc439cf4642c8bdc439cf46a2c8d8	AI400	1	enclave_tsc_same_invocation	53538407942131	cycles		sgx_worker_enclave		observed
c5-timing-event-v1	C5	asyncs	measured	dynamic-html-derived-v1	164	1	643dc439cf4642c8bdc439cf46a2c8d8	AI410	2	enclave_tsc_same_invocation	53538419395486	cycles		sgx_worker_enclave		observed
c5-timing-event-v1	C5	asyncs	measured	dynamic-html-derived-v1	164	1	643dc439cf4642c8bdc439cf46a2c8d8	AI420	3	enclave_tsc_same_invocation	53538419396361	cycles		sgx_worker_enclave		observed
c5-timing-event-v1	C5	asyncs	measured	dynamic-html-derived-v1	164	1	643dc439cf4642c8bdc439cf46a2c8d8	AI430	4	enclave_tsc_same_invocation	53538419400504	cycles		sgx_worker_enclave		observed
c5-timing-event-v1	C5	asyncs	measured	dynamic-html-derived-v1	164	1	643dc439cf4642c8bdc439cf46a2c8d8	AF400	5	enclave_tsc_same_invocation	53538439261572	cycles		sgx_worker_enclave		observed
c5-timing-event-v1	C5	asyncs	measured	dynamic-html-derived-v1	164	1	643dc439cf4642c8bdc439cf46a2c8d8	AF410	6	enclave_tsc_same_invocation	53539975525013	cycles		sgx_worker_enclave		observed
c5-timing-event-v1	C5	asyncs	measured	dynamic-html-derived-v1	164	1	643dc439cf4642c8bdc439cf46a2c8d8	AO400	7	enclave_tsc_same_invocation	53539977857004	cycles		sgx_worker_enclave		observed
c5-timing-event-v1	C5	asyncs	measured	dynamic-html-derived-v1	164	1	643dc439cf4642c8bdc439cf46a2c8d8	AO410	8	enclave_tsc_same_invocation	53539978934848	cycles		sgx_worker_enclave		observed
c5-timing-event-v1	C5	asyncs	measured	dynamic-html-derived-v1	164	1	643dc439cf4642c8bdc439cf46a2c8d8	AO420	9	enclave_tsc_same_invocation	53539978935788	cycles		sgx_worker_enclave		observed
c5-timing-event-v1	C5	asyncs	measured	dynamic-html-derived-v1	164	1	643dc439cf4642c8bdc439cf46a2c8d8	AO430	10	enclave_tsc_same_invocation	53539978949964	cycles		sgx_worker_enclave		observed
c5-timing-event-v1	C5	asyncs	measured	dynamic-html-derived-v1	164	1	643dc439cf4642c8bdc439cf46a2c8d8	A400	400	monotonic_ns_same_process	19815512427498	ns		asyncs_worker		observed
c5-timing-event-v1	C5	asyncs	measured	dynamic-html-derived-v1	164	1	643dc439cf4642c8bdc439cf46a2c8d8	A410	410	monotonic_ns_same_process	19816096061153	ns		asyncs_worker		observed
c5-timing-event-v1	C5	asyncs	measured	dynamic-html-derived-v1	165	1	1d5c53397bc3470a9c53397bc3570ac0	AI400	1	enclave_tsc_same_invocation	53538612525303	cycles		sgx_worker_enclave		observed
c5-timing-event-v1	C5	asyncs	measured	dynamic-html-derived-v1	165	1	1d5c53397bc3470a9c53397bc3570ac0	AI410	2	enclave_tsc_same_invocation	53538677610626	cycles		sgx_worker_enclave		observed
c5-timing-event-v1	C5	asyncs	measured	dynamic-html-derived-v1	165	1	1d5c53397bc3470a9c53397bc3570ac0	AI420	3	enclave_tsc_same_invocation	53538677612442	cycles		sgx_worker_enclave		observed
c5-timing-event-v1	C5	asyncs	measured	dynamic-html-derived-v1	165	1	1d5c53397bc3470a9c53397bc3570ac0	AI430	4	enclave_tsc_same_invocation	53538677616110	cycles		sgx_worker_enclave		observed
c5-timing-event-v1	C5	asyncs	measured	dynamic-html-derived-v1	165	1	1d5c53397bc3470a9c53397bc3570ac0	AF400	5	enclave_tsc_same_invocation	53538805313271	cycles		sgx_worker_enclave		observed
c5-timing-event-v1	C5	asyncs	measured	dynamic-html-derived-v1	165	1	1d5c53397bc3470a9c53397bc3570ac0	AF410	6	enclave_tsc_same_invocation	53540372293525	cycles		sgx_worker_enclave		observed
c5-timing-event-v1	C5	asyncs	measured	dynamic-html-derived-v1	165	1	1d5c53397bc3470a9c53397bc3570ac0	AO400	7	enclave_tsc_same_invocation	53540374537738	cycles		sgx_worker_enclave		observed
c5-timing-event-v1	C5	asyncs	measured	dynamic-html-derived-v1	165	1	1d5c53397bc3470a9c53397bc3570ac0	AO410	8	enclave_tsc_same_invocation	53540375664134	cycles		sgx_worker_enclave		observed
c5-timing-event-v1	C5	asyncs	measured	dynamic-html-derived-v1	165	1	1d5c53397bc3470a9c53397bc3570ac0	AO420	9	enclave_tsc_same_invocation	53540375665302	cycles		sgx_worker_enclave		observed
c5-timing-event-v1	C5	asyncs	measured	dynamic-html-derived-v1	165	1	1d5c53397bc3470a9c53397bc3570ac0	AO430	10	enclave_tsc_same_invocation	53540375679496	cycles		sgx_worker_enclave		observed
c5-timing-event-v1	C5	asyncs	measured	dynamic-html-derived-v1	165	1	1d5c53397bc3470a9c53397bc3570ac0	A400	400	monotonic_ns_same_process	19815588282023	ns		asyncs_worker		observed
c5-timing-event-v1	C5	asyncs	measured	dynamic-html-derived-v1	165	1	1d5c53397bc3470a9c53397bc3570ac0	A410	410	monotonic_ns_same_process	19816242992618	ns		asyncs_worker		observed
c5-timing-event-v1	C5	asyncs	measured	dynamic-html-derived-v1	166	1	e816d86546044a1496d8654604ea1466	AI400	1	enclave_tsc_same_invocation	53539614344140	cycles		sgx_worker_enclave		observed
c5-timing-event-v1	C5	asyncs	measured	dynamic-html-derived-v1	166	1	e816d86546044a1496d8654604ea1466	AI410	2	enclave_tsc_same_invocation	53539620736416	cycles		sgx_worker_enclave		observed
c5-timing-event-v1	C5	asyncs	measured	dynamic-html-derived-v1	166	1	e816d86546044a1496d8654604ea1466	AI420	3	enclave_tsc_same_invocation	53539620736993	cycles		sgx_worker_enclave		observed
c5-timing-event-v1	C5	asyncs	measured	dynamic-html-derived-v1	166	1	e816d86546044a1496d8654604ea1466	AI430	4	enclave_tsc_same_invocation	53539620739660	cycles		sgx_worker_enclave		observed
c5-timing-event-v1	C5	asyncs	measured	dynamic-html-derived-v1	166	1	e816d86546044a1496d8654604ea1466	AF400	5	enclave_tsc_same_invocation	53539632488766	cycles		sgx_worker_enclave		observed
c5-timing-event-v1	C5	asyncs	measured	dynamic-html-derived-v1	166	1	e816d86546044a1496d8654604ea1466	AF410	6	enclave_tsc_same_invocation	53540513167673	cycles		sgx_worker_enclave		observed
c5-timing-event-v1	C5	asyncs	measured	dynamic-html-derived-v1	166	1	e816d86546044a1496d8654604ea1466	AO400	7	enclave_tsc_same_invocation	53540515165743	cycles		sgx_worker_enclave		observed
c5-timing-event-v1	C5	asyncs	measured	dynamic-html-derived-v1	166	1	e816d86546044a1496d8654604ea1466	AO410	8	enclave_tsc_same_invocation	53540515801431	cycles		sgx_worker_enclave		observed
c5-timing-event-v1	C5	asyncs	measured	dynamic-html-derived-v1	166	1	e816d86546044a1496d8654604ea1466	AO420	9	enclave_tsc_same_invocation	53540515802258	cycles		sgx_worker_enclave		observed
c5-timing-event-v1	C5	asyncs	measured	dynamic-html-derived-v1	166	1	e816d86546044a1496d8654604ea1466	AO430	10	enclave_tsc_same_invocation	53540515811676	cycles		sgx_worker_enclave		observed
c5-timing-event-v1	C5	asyncs	measured	dynamic-html-derived-v1	166	1	e816d86546044a1496d8654604ea1466	A400	400	monotonic_ns_same_process	19816797218794	ns		asyncs_worker		observed
c5-timing-event-v1	C5	asyncs	measured	dynamic-html-derived-v1	166	1	e816d86546044a1496d8654604ea1466	A410	410	monotonic_ns_same_process	19817132221298	ns		asyncs_worker		observed
c5-timing-event-v1	C5	asyncs	measured	dynamic-html-derived-v1	167	1	5bd8f0693fc14aa998f0693fc11aa93b	AI400	1	enclave_tsc_same_invocation	53540719692890	cycles		sgx_worker_enclave		observed
c5-timing-event-v1	C5	asyncs	measured	dynamic-html-derived-v1	167	1	5bd8f0693fc14aa998f0693fc11aa93b	AI410	2	enclave_tsc_same_invocation	53540726196637	cycles		sgx_worker_enclave		observed
c5-timing-event-v1	C5	asyncs	measured	dynamic-html-derived-v1	167	1	5bd8f0693fc14aa998f0693fc11aa93b	AI420	3	enclave_tsc_same_invocation	53540726197162	cycles		sgx_worker_enclave		observed
c5-timing-event-v1	C5	asyncs	measured	dynamic-html-derived-v1	167	1	5bd8f0693fc14aa998f0693fc11aa93b	AI430	4	enclave_tsc_same_invocation	53540726199967	cycles		sgx_worker_enclave		observed
c5-timing-event-v1	C5	asyncs	measured	dynamic-html-derived-v1	167	1	5bd8f0693fc14aa998f0693fc11aa93b	AF400	5	enclave_tsc_same_invocation	53540739179042	cycles		sgx_worker_enclave		observed
c5-timing-event-v1	C5	asyncs	measured	dynamic-html-derived-v1	167	1	5bd8f0693fc14aa998f0693fc11aa93b	AF410	6	enclave_tsc_same_invocation	53541633913550	cycles		sgx_worker_enclave		observed
c5-timing-event-v1	C5	asyncs	measured	dynamic-html-derived-v1	167	1	5bd8f0693fc14aa998f0693fc11aa93b	AO400	7	enclave_tsc_same_invocation	53541635935009	cycles		sgx_worker_enclave		observed
c5-timing-event-v1	C5	asyncs	measured	dynamic-html-derived-v1	167	1	5bd8f0693fc14aa998f0693fc11aa93b	AO410	8	enclave_tsc_same_invocation	53541636549318	cycles		sgx_worker_enclave		observed
c5-timing-event-v1	C5	asyncs	measured	dynamic-html-derived-v1	167	1	5bd8f0693fc14aa998f0693fc11aa93b	AO420	9	enclave_tsc_same_invocation	53541636550227	cycles		sgx_worker_enclave		observed
c5-timing-event-v1	C5	asyncs	measured	dynamic-html-derived-v1	167	1	5bd8f0693fc14aa998f0693fc11aa93b	AO430	10	enclave_tsc_same_invocation	53541636560081	cycles		sgx_worker_enclave		observed
c5-timing-event-v1	C5	asyncs	measured	dynamic-html-derived-v1	167	1	5bd8f0693fc14aa998f0693fc11aa93b	A400	400	monotonic_ns_same_process	19817206597865	ns		asyncs_worker		observed
c5-timing-event-v1	C5	asyncs	measured	dynamic-html-derived-v1	167	1	5bd8f0693fc14aa998f0693fc11aa93b	A410	410	monotonic_ns_same_process	19817547317881	ns		asyncs_worker		observed
c5-timing-event-v1	C5	asyncs	measured	dynamic-html-derived-v1	168	1	738e1350218d4da48e1350218ddda419	AI400	1	enclave_tsc_same_invocation	53540203826236	cycles		sgx_worker_enclave		observed
c5-timing-event-v1	C5	asyncs	measured	dynamic-html-derived-v1	168	1	738e1350218d4da48e1350218ddda419	AI410	2	enclave_tsc_same_invocation	53540215015401	cycles		sgx_worker_enclave		observed
c5-timing-event-v1	C5	asyncs	measured	dynamic-html-derived-v1	168	1	738e1350218d4da48e1350218ddda419	AI420	3	enclave_tsc_same_invocation	53540215016168	cycles		sgx_worker_enclave		observed
c5-timing-event-v1	C5	asyncs	measured	dynamic-html-derived-v1	168	1	738e1350218d4da48e1350218ddda419	AI430	4	enclave_tsc_same_invocation	53540215020179	cycles		sgx_worker_enclave		observed
c5-timing-event-v1	C5	asyncs	measured	dynamic-html-derived-v1	168	1	738e1350218d4da48e1350218ddda419	AF400	5	enclave_tsc_same_invocation	53540234439984	cycles		sgx_worker_enclave		observed
c5-timing-event-v1	C5	asyncs	measured	dynamic-html-derived-v1	168	1	738e1350218d4da48e1350218ddda419	AF410	6	enclave_tsc_same_invocation	53541533099308	cycles		sgx_worker_enclave		observed
c5-timing-event-v1	C5	asyncs	measured	dynamic-html-derived-v1	168	1	738e1350218d4da48e1350218ddda419	AO400	7	enclave_tsc_same_invocation	53541535340642	cycles		sgx_worker_enclave		observed
c5-timing-event-v1	C5	asyncs	measured	dynamic-html-derived-v1	168	1	738e1350218d4da48e1350218ddda419	AO410	8	enclave_tsc_same_invocation	53541536402763	cycles		sgx_worker_enclave		observed
c5-timing-event-v1	C5	asyncs	measured	dynamic-html-derived-v1	168	1	738e1350218d4da48e1350218ddda419	AO420	9	enclave_tsc_same_invocation	53541536403921	cycles		sgx_worker_enclave		observed
c5-timing-event-v1	C5	asyncs	measured	dynamic-html-derived-v1	168	1	738e1350218d4da48e1350218ddda419	AO430	10	enclave_tsc_same_invocation	53541536418594	cycles		sgx_worker_enclave		observed
c5-timing-event-v1	C5	asyncs	measured	dynamic-html-derived-v1	168	1	738e1350218d4da48e1350218ddda419	A400	400	monotonic_ns_same_process	19816177608344	ns		asyncs_worker		observed
c5-timing-event-v1	C5	asyncs	measured	dynamic-html-derived-v1	168	1	738e1350218d4da48e1350218ddda419	A410	410	monotonic_ns_same_process	19816672904236	ns		asyncs_worker		observed
c5-timing-event-v1	C5	asyncs	measured	dynamic-html-derived-v1	169	1	02e6ca0d4a03412ba6ca0d4a03e12bd1	AI400	1	enclave_tsc_same_invocation	53540559541195	cycles		sgx_worker_enclave		observed
c5-timing-event-v1	C5	asyncs	measured	dynamic-html-derived-v1	169	1	02e6ca0d4a03412ba6ca0d4a03e12bd1	AI410	2	enclave_tsc_same_invocation	53540570687581	cycles		sgx_worker_enclave		observed
c5-timing-event-v1	C5	asyncs	measured	dynamic-html-derived-v1	169	1	02e6ca0d4a03412ba6ca0d4a03e12bd1	AI420	3	enclave_tsc_same_invocation	53540570688456	cycles		sgx_worker_enclave		observed
c5-timing-event-v1	C5	asyncs	measured	dynamic-html-derived-v1	169	1	02e6ca0d4a03412ba6ca0d4a03e12bd1	AI430	4	enclave_tsc_same_invocation	53540570692851	cycles		sgx_worker_enclave		observed
c5-timing-event-v1	C5	asyncs	measured	dynamic-html-derived-v1	169	1	02e6ca0d4a03412ba6ca0d4a03e12bd1	AF400	5	enclave_tsc_same_invocation	53540590053948	cycles		sgx_worker_enclave		observed
c5-timing-event-v1	C5	asyncs	measured	dynamic-html-derived-v1	169	1	02e6ca0d4a03412ba6ca0d4a03e12bd1	AF410	6	enclave_tsc_same_invocation	53541958514853	cycles		sgx_worker_enclave		observed
c5-timing-event-v1	C5	asyncs	measured	dynamic-html-derived-v1	169	1	02e6ca0d4a03412ba6ca0d4a03e12bd1	AO400	7	enclave_tsc_same_invocation	53541960749923	cycles		sgx_worker_enclave		observed
c5-timing-event-v1	C5	asyncs	measured	dynamic-html-derived-v1	169	1	02e6ca0d4a03412ba6ca0d4a03e12bd1	AO410	8	enclave_tsc_same_invocation	53541961795522	cycles		sgx_worker_enclave		observed
c5-timing-event-v1	C5	asyncs	measured	dynamic-html-derived-v1	169	1	02e6ca0d4a03412ba6ca0d4a03e12bd1	AO420	9	enclave_tsc_same_invocation	53541961796628	cycles		sgx_worker_enclave		observed
c5-timing-event-v1	C5	asyncs	measured	dynamic-html-derived-v1	169	1	02e6ca0d4a03412ba6ca0d4a03e12bd1	AO430	10	enclave_tsc_same_invocation	53541961811370	cycles		sgx_worker_enclave		observed
c5-timing-event-v1	C5	asyncs	measured	dynamic-html-derived-v1	169	1	02e6ca0d4a03412ba6ca0d4a03e12bd1	A400	400	monotonic_ns_same_process	19816309300692	ns		asyncs_worker		observed
c5-timing-event-v1	C5	asyncs	measured	dynamic-html-derived-v1	169	1	02e6ca0d4a03412ba6ca0d4a03e12bd1	A410	410	monotonic_ns_same_process	19816830454994	ns		asyncs_worker		observed
c5-timing-event-v1	C5	asyncs	measured	dynamic-html-derived-v1	170	1	72d855ad6eef472f9855ad6eefc72f06	AI400	1	enclave_tsc_same_invocation	53541796593795	cycles		sgx_worker_enclave		observed
c5-timing-event-v1	C5	asyncs	measured	dynamic-html-derived-v1	170	1	72d855ad6eef472f9855ad6eefc72f06	AI410	2	enclave_tsc_same_invocation	53541803069155	cycles		sgx_worker_enclave		observed
c5-timing-event-v1	C5	asyncs	measured	dynamic-html-derived-v1	170	1	72d855ad6eef472f9855ad6eefc72f06	AI420	3	enclave_tsc_same_invocation	53541803069680	cycles		sgx_worker_enclave		observed
c5-timing-event-v1	C5	asyncs	measured	dynamic-html-derived-v1	170	1	72d855ad6eef472f9855ad6eefc72f06	AI430	4	enclave_tsc_same_invocation	53541803072492	cycles		sgx_worker_enclave		observed
c5-timing-event-v1	C5	asyncs	measured	dynamic-html-derived-v1	170	1	72d855ad6eef472f9855ad6eefc72f06	AF400	5	enclave_tsc_same_invocation	53541814658343	cycles		sgx_worker_enclave		observed
c5-timing-event-v1	C5	asyncs	measured	dynamic-html-derived-v1	170	1	72d855ad6eef472f9855ad6eefc72f06	AF410	6	enclave_tsc_same_invocation	53542693700060	cycles		sgx_worker_enclave		observed
c5-timing-event-v1	C5	asyncs	measured	dynamic-html-derived-v1	170	1	72d855ad6eef472f9855ad6eefc72f06	AO400	7	enclave_tsc_same_invocation	53542695657897	cycles		sgx_worker_enclave		observed
c5-timing-event-v1	C5	asyncs	measured	dynamic-html-derived-v1	170	1	72d855ad6eef472f9855ad6eefc72f06	AO410	8	enclave_tsc_same_invocation	53542696297911	cycles		sgx_worker_enclave		observed
c5-timing-event-v1	C5	asyncs	measured	dynamic-html-derived-v1	170	1	72d855ad6eef472f9855ad6eefc72f06	AO420	9	enclave_tsc_same_invocation	53542696298864	cycles		sgx_worker_enclave		observed
c5-timing-event-v1	C5	asyncs	measured	dynamic-html-derived-v1	170	1	72d855ad6eef472f9855ad6eefc72f06	AO430	10	enclave_tsc_same_invocation	53542696307931	cycles		sgx_worker_enclave		observed
c5-timing-event-v1	C5	asyncs	measured	dynamic-html-derived-v1	170	1	72d855ad6eef472f9855ad6eefc72f06	A400	400	monotonic_ns_same_process	19817605507501	ns		asyncs_worker		observed
c5-timing-event-v1	C5	asyncs	measured	dynamic-html-derived-v1	170	1	72d855ad6eef472f9855ad6eefc72f06	A410	410	monotonic_ns_same_process	19817939829071	ns		asyncs_worker		observed
c5-timing-event-v1	C5	asyncs	measured	dynamic-html-derived-v1	171	1	ceadb0d337cd4654adb0d337cd465404	AI400	1	enclave_tsc_same_invocation	53541656528929	cycles		sgx_worker_enclave		observed
c5-timing-event-v1	C5	asyncs	measured	dynamic-html-derived-v1	171	1	ceadb0d337cd4654adb0d337cd465404	AI410	2	enclave_tsc_same_invocation	53541662953920	cycles		sgx_worker_enclave		observed
c5-timing-event-v1	C5	asyncs	measured	dynamic-html-derived-v1	171	1	ceadb0d337cd4654adb0d337cd465404	AI420	3	enclave_tsc_same_invocation	53541662954439	cycles		sgx_worker_enclave		observed
c5-timing-event-v1	C5	asyncs	measured	dynamic-html-derived-v1	171	1	ceadb0d337cd4654adb0d337cd465404	AI430	4	enclave_tsc_same_invocation	53541662956836	cycles		sgx_worker_enclave		observed
c5-timing-event-v1	C5	asyncs	measured	dynamic-html-derived-v1	171	1	ceadb0d337cd4654adb0d337cd465404	AF400	5	enclave_tsc_same_invocation	53541696666055	cycles		sgx_worker_enclave		observed
c5-timing-event-v1	C5	asyncs	measured	dynamic-html-derived-v1	171	1	ceadb0d337cd4654adb0d337cd465404	AF410	6	enclave_tsc_same_invocation	53543024017438	cycles		sgx_worker_enclave		observed
c5-timing-event-v1	C5	asyncs	measured	dynamic-html-derived-v1	171	1	ceadb0d337cd4654adb0d337cd465404	AO400	7	enclave_tsc_same_invocation	53543026284586	cycles		sgx_worker_enclave		observed
c5-timing-event-v1	C5	asyncs	measured	dynamic-html-derived-v1	171	1	ceadb0d337cd4654adb0d337cd465404	AO410	8	enclave_tsc_same_invocation	53543027317746	cycles		sgx_worker_enclave		observed
c5-timing-event-v1	C5	asyncs	measured	dynamic-html-derived-v1	171	1	ceadb0d337cd4654adb0d337cd465404	AO420	9	enclave_tsc_same_invocation	53543027318768	cycles		sgx_worker_enclave		observed
c5-timing-event-v1	C5	asyncs	measured	dynamic-html-derived-v1	171	1	ceadb0d337cd4654adb0d337cd465404	AO430	10	enclave_tsc_same_invocation	53543027334838	cycles		sgx_worker_enclave		observed
c5-timing-event-v1	C5	asyncs	measured	dynamic-html-derived-v1	171	1	ceadb0d337cd4654adb0d337cd465404	A400	400	monotonic_ns_same_process	19816716252122	ns		asyncs_worker		observed
c5-timing-event-v1	C5	asyncs	measured	dynamic-html-derived-v1	171	1	ceadb0d337cd4654adb0d337cd465404	A410	410	monotonic_ns_same_process	19817225104319	ns		asyncs_worker		observed
c5-timing-event-v1	C5	asyncs	measured	dynamic-html-derived-v1	172	1	4f8d3f0ca61c453e8d3f0ca61ca53ec9	AI400	1	enclave_tsc_same_invocation	53542142491291	cycles		sgx_worker_enclave		observed
c5-timing-event-v1	C5	asyncs	measured	dynamic-html-derived-v1	172	1	4f8d3f0ca61c453e8d3f0ca61ca53ec9	AI410	2	enclave_tsc_same_invocation	53542148936185	cycles		sgx_worker_enclave		observed
c5-timing-event-v1	C5	asyncs	measured	dynamic-html-derived-v1	172	1	4f8d3f0ca61c453e8d3f0ca61ca53ec9	AI420	3	enclave_tsc_same_invocation	53542148937113	cycles		sgx_worker_enclave		observed
c5-timing-event-v1	C5	asyncs	measured	dynamic-html-derived-v1	172	1	4f8d3f0ca61c453e8d3f0ca61ca53ec9	AI430	4	enclave_tsc_same_invocation	53542148939640	cycles		sgx_worker_enclave		observed
c5-timing-event-v1	C5	asyncs	measured	dynamic-html-derived-v1	172	1	4f8d3f0ca61c453e8d3f0ca61ca53ec9	AF400	5	enclave_tsc_same_invocation	53542160723481	cycles		sgx_worker_enclave		observed
c5-timing-event-v1	C5	asyncs	measured	dynamic-html-derived-v1	172	1	4f8d3f0ca61c453e8d3f0ca61ca53ec9	AF410	6	enclave_tsc_same_invocation	53543545434546	cycles		sgx_worker_enclave		observed
c5-timing-event-v1	C5	asyncs	measured	dynamic-html-derived-v1	172	1	4f8d3f0ca61c453e8d3f0ca61ca53ec9	AO400	7	enclave_tsc_same_invocation	53543547662300	cycles		sgx_worker_enclave		observed
c5-timing-event-v1	C5	asyncs	measured	dynamic-html-derived-v1	172	1	4f8d3f0ca61c453e8d3f0ca61ca53ec9	AO410	8	enclave_tsc_same_invocation	53543548689479	cycles		sgx_worker_enclave		observed
c5-timing-event-v1	C5	asyncs	measured	dynamic-html-derived-v1	172	1	4f8d3f0ca61c453e8d3f0ca61ca53ec9	AO420	9	enclave_tsc_same_invocation	53543548690644	cycles		sgx_worker_enclave		observed
c5-timing-event-v1	C5	asyncs	measured	dynamic-html-derived-v1	172	1	4f8d3f0ca61c453e8d3f0ca61ca53ec9	AO430	10	enclave_tsc_same_invocation	53543548706174	cycles		sgx_worker_enclave		observed
c5-timing-event-v1	C5	asyncs	measured	dynamic-html-derived-v1	172	1	4f8d3f0ca61c453e8d3f0ca61ca53ec9	A400	400	monotonic_ns_same_process	19816896278575	ns		asyncs_worker		observed
c5-timing-event-v1	C5	asyncs	measured	dynamic-html-derived-v1	172	1	4f8d3f0ca61c453e8d3f0ca61ca53ec9	A410	410	monotonic_ns_same_process	19817418207429	ns		asyncs_worker		observed
c5-timing-event-v1	C5	asyncs	measured	dynamic-html-derived-v1	173	1	0e3044bcea6d4820b044bcea6d0820a1	AI400	1	enclave_tsc_same_invocation	53542864174960	cycles		sgx_worker_enclave		observed
c5-timing-event-v1	C5	asyncs	measured	dynamic-html-derived-v1	173	1	0e3044bcea6d4820b044bcea6d0820a1	AI410	2	enclave_tsc_same_invocation	53542876103181	cycles		sgx_worker_enclave		observed
c5-timing-event-v1	C5	asyncs	measured	dynamic-html-derived-v1	173	1	0e3044bcea6d4820b044bcea6d0820a1	AI420	3	enclave_tsc_same_invocation	53542876104389	cycles		sgx_worker_enclave		observed
c5-timing-event-v1	C5	asyncs	measured	dynamic-html-derived-v1	173	1	0e3044bcea6d4820b044bcea6d0820a1	AI430	4	enclave_tsc_same_invocation	53542876108328	cycles		sgx_worker_enclave		observed
c5-timing-event-v1	C5	asyncs	measured	dynamic-html-derived-v1	173	1	0e3044bcea6d4820b044bcea6d0820a1	AF400	5	enclave_tsc_same_invocation	53542896491731	cycles		sgx_worker_enclave		observed
c5-timing-event-v1	C5	asyncs	measured	dynamic-html-derived-v1	173	1	0e3044bcea6d4820b044bcea6d0820a1	AF410	6	enclave_tsc_same_invocation	53543843101070	cycles		sgx_worker_enclave		observed
c5-timing-event-v1	C5	asyncs	measured	dynamic-html-derived-v1	173	1	0e3044bcea6d4820b044bcea6d0820a1	AO400	7	enclave_tsc_same_invocation	53543845116183	cycles		sgx_worker_enclave		observed
c5-timing-event-v1	C5	asyncs	measured	dynamic-html-derived-v1	173	1	0e3044bcea6d4820b044bcea6d0820a1	AO410	8	enclave_tsc_same_invocation	53543845731399	cycles		sgx_worker_enclave		observed
c5-timing-event-v1	C5	asyncs	measured	dynamic-html-derived-v1	173	1	0e3044bcea6d4820b044bcea6d0820a1	AO420	9	enclave_tsc_same_invocation	53543845732204	cycles		sgx_worker_enclave		observed
c5-timing-event-v1	C5	asyncs	measured	dynamic-html-derived-v1	173	1	0e3044bcea6d4820b044bcea6d0820a1	AO430	10	enclave_tsc_same_invocation	53543845740952	cycles		sgx_worker_enclave		observed
c5-timing-event-v1	C5	asyncs	measured	dynamic-html-derived-v1	173	1	0e3044bcea6d4820b044bcea6d0820a1	A400	400	monotonic_ns_same_process	19818000288463	ns		asyncs_worker		observed
c5-timing-event-v1	C5	asyncs	measured	dynamic-html-derived-v1	173	1	0e3044bcea6d4820b044bcea6d0820a1	A410	410	monotonic_ns_same_process	19818365561846	ns		asyncs_worker		observed
c5-timing-event-v1	C5	asyncs	measured	dynamic-html-derived-v1	174	1	2e9b36e92c7444ab9b36e92c7464ab0f	AI400	1	enclave_tsc_same_invocation	53543184580051	cycles		sgx_worker_enclave		observed
c5-timing-event-v1	C5	asyncs	measured	dynamic-html-derived-v1	174	1	2e9b36e92c7444ab9b36e92c7464ab0f	AI410	2	enclave_tsc_same_invocation	53543196162101	cycles		sgx_worker_enclave		observed
c5-timing-event-v1	C5	asyncs	measured	dynamic-html-derived-v1	174	1	2e9b36e92c7444ab9b36e92c7464ab0f	AI420	3	enclave_tsc_same_invocation	53543196162956	cycles		sgx_worker_enclave		observed
c5-timing-event-v1	C5	asyncs	measured	dynamic-html-derived-v1	174	1	2e9b36e92c7444ab9b36e92c7464ab0f	AI430	4	enclave_tsc_same_invocation	53543196167328	cycles		sgx_worker_enclave		observed
c5-timing-event-v1	C5	asyncs	measured	dynamic-html-derived-v1	174	1	2e9b36e92c7444ab9b36e92c7464ab0f	AF400	5	enclave_tsc_same_invocation	53543215888707	cycles		sgx_worker_enclave		observed
c5-timing-event-v1	C5	asyncs	measured	dynamic-html-derived-v1	174	1	2e9b36e92c7444ab9b36e92c7464ab0f	AF410	6	enclave_tsc_same_invocation	53544575530995	cycles		sgx_worker_enclave		observed
c5-timing-event-v1	C5	asyncs	measured	dynamic-html-derived-v1	174	1	2e9b36e92c7444ab9b36e92c7464ab0f	AO400	7	enclave_tsc_same_invocation	53544577753637	cycles		sgx_worker_enclave		observed
c5-timing-event-v1	C5	asyncs	measured	dynamic-html-derived-v1	174	1	2e9b36e92c7444ab9b36e92c7464ab0f	AO410	8	enclave_tsc_same_invocation	53544578835991	cycles		sgx_worker_enclave		observed
c5-timing-event-v1	C5	asyncs	measured	dynamic-html-derived-v1	174	1	2e9b36e92c7444ab9b36e92c7464ab0f	AO420	9	enclave_tsc_same_invocation	53544578836924	cycles		sgx_worker_enclave		observed
c5-timing-event-v1	C5	asyncs	measured	dynamic-html-derived-v1	174	1	2e9b36e92c7444ab9b36e92c7464ab0f	AO430	10	enclave_tsc_same_invocation	53544578850851	cycles		sgx_worker_enclave		observed
c5-timing-event-v1	C5	asyncs	measured	dynamic-html-derived-v1	174	1	2e9b36e92c7444ab9b36e92c7464ab0f	A400	400	monotonic_ns_same_process	19817279219730	ns		asyncs_worker		observed
c5-timing-event-v1	C5	asyncs	measured	dynamic-html-derived-v1	174	1	2e9b36e92c7444ab9b36e92c7464ab0f	A410	410	monotonic_ns_same_process	19817799764400	ns		asyncs_worker		observed
c5-timing-event-v1	C5	asyncs	measured	dynamic-html-derived-v1	175	1	5d98692c32b946c198692c32b956c1e1	AI400	1	enclave_tsc_same_invocation	53543985593725	cycles		sgx_worker_enclave		observed
c5-timing-event-v1	C5	asyncs	measured	dynamic-html-derived-v1	175	1	5d98692c32b946c198692c32b956c1e1	AI410	2	enclave_tsc_same_invocation	53543991979333	cycles		sgx_worker_enclave		observed
c5-timing-event-v1	C5	asyncs	measured	dynamic-html-derived-v1	175	1	5d98692c32b946c198692c32b956c1e1	AI420	3	enclave_tsc_same_invocation	53543991979862	cycles		sgx_worker_enclave		observed
c5-timing-event-v1	C5	asyncs	measured	dynamic-html-derived-v1	175	1	5d98692c32b946c198692c32b956c1e1	AI430	4	enclave_tsc_same_invocation	53543991982538	cycles		sgx_worker_enclave		observed
c5-timing-event-v1	C5	asyncs	measured	dynamic-html-derived-v1	175	1	5d98692c32b946c198692c32b956c1e1	AF400	5	enclave_tsc_same_invocation	53544003680335	cycles		sgx_worker_enclave		observed
c5-timing-event-v1	C5	asyncs	measured	dynamic-html-derived-v1	175	1	5d98692c32b946c198692c32b956c1e1	AF410	6	enclave_tsc_same_invocation	53544880394505	cycles		sgx_worker_enclave		observed
c5-timing-event-v1	C5	asyncs	measured	dynamic-html-derived-v1	175	1	5d98692c32b946c198692c32b956c1e1	AO400	7	enclave_tsc_same_invocation	53544882314066	cycles		sgx_worker_enclave		observed
c5-timing-event-v1	C5	asyncs	measured	dynamic-html-derived-v1	175	1	5d98692c32b946c198692c32b956c1e1	AO410	8	enclave_tsc_same_invocation	53544882955603	cycles		sgx_worker_enclave		observed
c5-timing-event-v1	C5	asyncs	measured	dynamic-html-derived-v1	175	1	5d98692c32b946c198692c32b956c1e1	AO420	9	enclave_tsc_same_invocation	53544882956411	cycles		sgx_worker_enclave		observed
c5-timing-event-v1	C5	asyncs	measured	dynamic-html-derived-v1	175	1	5d98692c32b946c198692c32b956c1e1	AO430	10	enclave_tsc_same_invocation	53544882965342	cycles		sgx_worker_enclave		observed
c5-timing-event-v1	C5	asyncs	measured	dynamic-html-derived-v1	175	1	5d98692c32b946c198692c32b956c1e1	A400	400	monotonic_ns_same_process	19818416258085	ns		asyncs_worker		observed
c5-timing-event-v1	C5	asyncs	measured	dynamic-html-derived-v1	175	1	5d98692c32b946c198692c32b956c1e1	A410	410	monotonic_ns_same_process	19818749721802	ns		asyncs_worker		observed
c5-timing-event-v1	C5	asyncs	measured	dynamic-html-derived-v1	176	1	23d32a6172cd41f4932a6172cd61f4cc	AI400	1	enclave_tsc_same_invocation	53543708412749	cycles		sgx_worker_enclave		observed
c5-timing-event-v1	C5	asyncs	measured	dynamic-html-derived-v1	176	1	23d32a6172cd41f4932a6172cd61f4cc	AI410	2	enclave_tsc_same_invocation	53543714914470	cycles		sgx_worker_enclave		observed
c5-timing-event-v1	C5	asyncs	measured	dynamic-html-derived-v1	176	1	23d32a6172cd41f4932a6172cd61f4cc	AI420	3	enclave_tsc_same_invocation	53543714915051	cycles		sgx_worker_enclave		observed
c5-timing-event-v1	C5	asyncs	measured	dynamic-html-derived-v1	176	1	23d32a6172cd41f4932a6172cd61f4cc	AI430	4	enclave_tsc_same_invocation	53543714917619	cycles		sgx_worker_enclave		observed
c5-timing-event-v1	C5	asyncs	measured	dynamic-html-derived-v1	176	1	23d32a6172cd41f4932a6172cd61f4cc	AF400	5	enclave_tsc_same_invocation	53543733778935	cycles		sgx_worker_enclave		observed
c5-timing-event-v1	C5	asyncs	measured	dynamic-html-derived-v1	176	1	23d32a6172cd41f4932a6172cd61f4cc	AF410	6	enclave_tsc_same_invocation	53544913106111	cycles		sgx_worker_enclave		observed
c5-timing-event-v1	C5	asyncs	measured	dynamic-html-derived-v1	176	1	23d32a6172cd41f4932a6172cd61f4cc	AO400	7	enclave_tsc_same_invocation	53544916214853	cycles		sgx_worker_enclave		observed
c5-timing-event-v1	C5	asyncs	measured	dynamic-html-derived-v1	176	1	23d32a6172cd41f4932a6172cd61f4cc	AO410	8	enclave_tsc_same_invocation	53544916792343	cycles		sgx_worker_enclave		observed
c5-timing-event-v1	C5	asyncs	measured	dynamic-html-derived-v1	176	1	23d32a6172cd41f4932a6172cd61f4cc	AO420	9	enclave_tsc_same_invocation	53544916793197	cycles		sgx_worker_enclave		observed
c5-timing-event-v1	C5	asyncs	measured	dynamic-html-derived-v1	176	1	23d32a6172cd41f4932a6172cd61f4cc	AO430	10	enclave_tsc_same_invocation	53544916802575	cycles		sgx_worker_enclave		observed
c5-timing-event-v1	C5	asyncs	measured	dynamic-html-derived-v1	176	1	23d32a6172cd41f4932a6172cd61f4cc	A400	400	monotonic_ns_same_process	19817476266776	ns		asyncs_worker		observed
c5-timing-event-v1	C5	asyncs	measured	dynamic-html-derived-v1	176	1	23d32a6172cd41f4932a6172cd61f4cc	A410	410	monotonic_ns_same_process	19817924897400	ns		asyncs_worker		observed
c5-timing-event-v1	C5	asyncs	measured	dynamic-html-derived-v1	177	1	3c75f448857a4683b5f448857a6683bf	AI400	1	enclave_tsc_same_invocation	53545332896998	cycles		sgx_worker_enclave		observed
c5-timing-event-v1	C5	asyncs	measured	dynamic-html-derived-v1	177	1	3c75f448857a4683b5f448857a6683bf	AI410	2	enclave_tsc_same_invocation	53545339306254	cycles		sgx_worker_enclave		observed
c5-timing-event-v1	C5	asyncs	measured	dynamic-html-derived-v1	177	1	3c75f448857a4683b5f448857a6683bf	AI420	3	enclave_tsc_same_invocation	53545339306954	cycles		sgx_worker_enclave		observed
c5-timing-event-v1	C5	asyncs	measured	dynamic-html-derived-v1	177	1	3c75f448857a4683b5f448857a6683bf	AI430	4	enclave_tsc_same_invocation	53545339309952	cycles		sgx_worker_enclave		observed
c5-timing-event-v1	C5	asyncs	measured	dynamic-html-derived-v1	177	1	3c75f448857a4683b5f448857a6683bf	AF400	5	enclave_tsc_same_invocation	53545350984944	cycles		sgx_worker_enclave		observed
c5-timing-event-v1	C5	asyncs	measured	dynamic-html-derived-v1	177	1	3c75f448857a4683b5f448857a6683bf	AF410	6	enclave_tsc_same_invocation	53546229818682	cycles		sgx_worker_enclave		observed
c5-timing-event-v1	C5	asyncs	measured	dynamic-html-derived-v1	177	1	3c75f448857a4683b5f448857a6683bf	AO400	7	enclave_tsc_same_invocation	53546231842024	cycles		sgx_worker_enclave		observed
c5-timing-event-v1	C5	asyncs	measured	dynamic-html-derived-v1	177	1	3c75f448857a4683b5f448857a6683bf	AO410	8	enclave_tsc_same_invocation	53546232444188	cycles		sgx_worker_enclave		observed
c5-timing-event-v1	C5	asyncs	measured	dynamic-html-derived-v1	177	1	3c75f448857a4683b5f448857a6683bf	AO420	9	enclave_tsc_same_invocation	53546232444849	cycles		sgx_worker_enclave		observed
c5-timing-event-v1	C5	asyncs	measured	dynamic-html-derived-v1	177	1	3c75f448857a4683b5f448857a6683bf	AO430	10	enclave_tsc_same_invocation	53546232453382	cycles		sgx_worker_enclave		observed
c5-timing-event-v1	C5	asyncs	measured	dynamic-html-derived-v1	177	1	3c75f448857a4683b5f448857a6683bf	A400	400	monotonic_ns_same_process	19818915242174	ns		asyncs_worker		observed
c5-timing-event-v1	C5	asyncs	measured	dynamic-html-derived-v1	177	1	3c75f448857a4683b5f448857a6683bf	A410	410	monotonic_ns_same_process	19819249543146	ns		asyncs_worker		observed
c5-timing-event-v1	C5	asyncs	measured	dynamic-html-derived-v1	178	1	22fd52a016e14fa1bd52a016e1bfa18d	AI400	1	enclave_tsc_same_invocation	53544996180513	cycles		sgx_worker_enclave		observed
c5-timing-event-v1	C5	asyncs	measured	dynamic-html-derived-v1	178	1	22fd52a016e14fa1bd52a016e1bfa18d	AI410	2	enclave_tsc_same_invocation	53545002678370	cycles		sgx_worker_enclave		observed
c5-timing-event-v1	C5	asyncs	measured	dynamic-html-derived-v1	178	1	22fd52a016e14fa1bd52a016e1bfa18d	AI420	3	enclave_tsc_same_invocation	53545002678994	cycles		sgx_worker_enclave		observed
c5-timing-event-v1	C5	asyncs	measured	dynamic-html-derived-v1	178	1	22fd52a016e14fa1bd52a016e1bfa18d	AI430	4	enclave_tsc_same_invocation	53545002681599	cycles		sgx_worker_enclave		observed
c5-timing-event-v1	C5	asyncs	measured	dynamic-html-derived-v1	178	1	22fd52a016e14fa1bd52a016e1bfa18d	AF400	5	enclave_tsc_same_invocation	53545019280553	cycles		sgx_worker_enclave		observed
c5-timing-event-v1	C5	asyncs	measured	dynamic-html-derived-v1	178	1	22fd52a016e14fa1bd52a016e1bfa18d	AF410	6	enclave_tsc_same_invocation	53546396432796	cycles		sgx_worker_enclave		observed
c5-timing-event-v1	C5	asyncs	measured	dynamic-html-derived-v1	178	1	22fd52a016e14fa1bd52a016e1bfa18d	AO400	7	enclave_tsc_same_invocation	53546398732627	cycles		sgx_worker_enclave		observed
c5-timing-event-v1	C5	asyncs	measured	dynamic-html-derived-v1	178	1	22fd52a016e14fa1bd52a016e1bfa18d	AO410	8	enclave_tsc_same_invocation	53546399811585	cycles		sgx_worker_enclave		observed
c5-timing-event-v1	C5	asyncs	measured	dynamic-html-derived-v1	178	1	22fd52a016e14fa1bd52a016e1bfa18d	AO420	9	enclave_tsc_same_invocation	53546399812566	cycles		sgx_worker_enclave		observed
c5-timing-event-v1	C5	asyncs	measured	dynamic-html-derived-v1	178	1	22fd52a016e14fa1bd52a016e1bfa18d	AO430	10	enclave_tsc_same_invocation	53546399826647	cycles		sgx_worker_enclave		observed
c5-timing-event-v1	C5	asyncs	measured	dynamic-html-derived-v1	178	1	22fd52a016e14fa1bd52a016e1bfa18d	A400	400	monotonic_ns_same_process	19817953198450	ns		asyncs_worker		observed
c5-timing-event-v1	C5	asyncs	measured	dynamic-html-derived-v1	178	1	22fd52a016e14fa1bd52a016e1bfa18d	A410	410	monotonic_ns_same_process	19818474216256	ns		asyncs_worker		observed
c5-timing-event-v1	C5	asyncs	measured	dynamic-html-derived-v1	179	1	95ce9fc4521643598e9fc4521643592c	AI400	1	enclave_tsc_same_invocation	53545083430378	cycles		sgx_worker_enclave		observed
c5-timing-event-v1	C5	asyncs	measured	dynamic-html-derived-v1	179	1	95ce9fc4521643598e9fc4521643592c	AI410	2	enclave_tsc_same_invocation	53545102459013	cycles		sgx_worker_enclave		observed
c5-timing-event-v1	C5	asyncs	measured	dynamic-html-derived-v1	179	1	95ce9fc4521643598e9fc4521643592c	AI420	3	enclave_tsc_same_invocation	53545102459780	cycles		sgx_worker_enclave		observed
c5-timing-event-v1	C5	asyncs	measured	dynamic-html-derived-v1	179	1	95ce9fc4521643598e9fc4521643592c	AI430	4	enclave_tsc_same_invocation	53545102463370	cycles		sgx_worker_enclave		observed
c5-timing-event-v1	C5	asyncs	measured	dynamic-html-derived-v1	179	1	95ce9fc4521643598e9fc4521643592c	AF400	5	enclave_tsc_same_invocation	53545122257622	cycles		sgx_worker_enclave		observed
c5-timing-event-v1	C5	asyncs	measured	dynamic-html-derived-v1	179	1	95ce9fc4521643598e9fc4521643592c	AF410	6	enclave_tsc_same_invocation	53546484426644	cycles		sgx_worker_enclave		observed
c5-timing-event-v1	C5	asyncs	measured	dynamic-html-derived-v1	179	1	95ce9fc4521643598e9fc4521643592c	AO400	7	enclave_tsc_same_invocation	53546486608321	cycles		sgx_worker_enclave		observed
c5-timing-event-v1	C5	asyncs	measured	dynamic-html-derived-v1	179	1	95ce9fc4521643598e9fc4521643592c	AO410	8	enclave_tsc_same_invocation	53546487290490	cycles		sgx_worker_enclave		observed
c5-timing-event-v1	C5	asyncs	measured	dynamic-html-derived-v1	179	1	95ce9fc4521643598e9fc4521643592c	AO420	9	enclave_tsc_same_invocation	53546487291268	cycles		sgx_worker_enclave		observed
c5-timing-event-v1	C5	asyncs	measured	dynamic-html-derived-v1	179	1	95ce9fc4521643598e9fc4521643592c	AO430	10	enclave_tsc_same_invocation	53546487302344	cycles		sgx_worker_enclave		observed
c5-timing-event-v1	C5	asyncs	measured	dynamic-html-derived-v1	179	1	95ce9fc4521643598e9fc4521643592c	A400	400	monotonic_ns_same_process	19817985434744	ns		asyncs_worker		observed
c5-timing-event-v1	C5	asyncs	measured	dynamic-html-derived-v1	179	1	95ce9fc4521643598e9fc4521643592c	A410	410	monotonic_ns_same_process	19818506573766	ns		asyncs_worker		observed
c5-timing-event-v1	C5	asyncs	measured	dynamic-html-derived-v1	180	1	3169f283fd504547a9f283fd50e5474d	AI400	1	enclave_tsc_same_invocation	53546392434307	cycles		sgx_worker_enclave		observed
c5-timing-event-v1	C5	asyncs	measured	dynamic-html-derived-v1	180	1	3169f283fd504547a9f283fd50e5474d	AI410	2	enclave_tsc_same_invocation	53546398845872	cycles		sgx_worker_enclave		observed
c5-timing-event-v1	C5	asyncs	measured	dynamic-html-derived-v1	180	1	3169f283fd504547a9f283fd50e5474d	AI420	3	enclave_tsc_same_invocation	53546398846414	cycles		sgx_worker_enclave		observed
c5-timing-event-v1	C5	asyncs	measured	dynamic-html-derived-v1	180	1	3169f283fd504547a9f283fd50e5474d	AI430	4	enclave_tsc_same_invocation	53546398849159	cycles		sgx_worker_enclave		observed
c5-timing-event-v1	C5	asyncs	measured	dynamic-html-derived-v1	180	1	3169f283fd504547a9f283fd50e5474d	AF400	5	enclave_tsc_same_invocation	53546410624580	cycles		sgx_worker_enclave		observed
c5-timing-event-v1	C5	asyncs	measured	dynamic-html-derived-v1	180	1	3169f283fd504547a9f283fd50e5474d	AF410	6	enclave_tsc_same_invocation	53547286004626	cycles		sgx_worker_enclave		observed
c5-timing-event-v1	C5	asyncs	measured	dynamic-html-derived-v1	180	1	3169f283fd504547a9f283fd50e5474d	AO400	7	enclave_tsc_same_invocation	53547288003066	cycles		sgx_worker_enclave		observed
c5-timing-event-v1	C5	asyncs	measured	dynamic-html-derived-v1	180	1	3169f283fd504547a9f283fd50e5474d	AO410	8	enclave_tsc_same_invocation	53547288653898	cycles		sgx_worker_enclave		observed
c5-timing-event-v1	C5	asyncs	measured	dynamic-html-derived-v1	180	1	3169f283fd504547a9f283fd50e5474d	AO420	9	enclave_tsc_same_invocation	53547288654788	cycles		sgx_worker_enclave		observed
c5-timing-event-v1	C5	asyncs	measured	dynamic-html-derived-v1	180	1	3169f283fd504547a9f283fd50e5474d	AO430	10	enclave_tsc_same_invocation	53547288664810	cycles		sgx_worker_enclave		observed
c5-timing-event-v1	C5	asyncs	measured	dynamic-html-derived-v1	180	1	3169f283fd504547a9f283fd50e5474d	A400	400	monotonic_ns_same_process	19819307649095	ns		asyncs_worker		observed
c5-timing-event-v1	C5	asyncs	measured	dynamic-html-derived-v1	180	1	3169f283fd504547a9f283fd50e5474d	A410	410	monotonic_ns_same_process	19819640742014	ns		asyncs_worker		observed
c5-timing-event-v1	C5	asyncs	measured	dynamic-html-derived-v1	181	1	fd5c03227fde4e949c03227fdeee94d1	AI400	1	enclave_tsc_same_invocation	53546626523740	cycles		sgx_worker_enclave		observed
c5-timing-event-v1	C5	asyncs	measured	dynamic-html-derived-v1	181	1	fd5c03227fde4e949c03227fdeee94d1	AI410	2	enclave_tsc_same_invocation	53546633167667	cycles		sgx_worker_enclave		observed
c5-timing-event-v1	C5	asyncs	measured	dynamic-html-derived-v1	181	1	fd5c03227fde4e949c03227fdeee94d1	AI420	3	enclave_tsc_same_invocation	53546633169218	cycles		sgx_worker_enclave		observed
c5-timing-event-v1	C5	asyncs	measured	dynamic-html-derived-v1	181	1	fd5c03227fde4e949c03227fdeee94d1	AI430	4	enclave_tsc_same_invocation	53546633171732	cycles		sgx_worker_enclave		observed
c5-timing-event-v1	C5	asyncs	measured	dynamic-html-derived-v1	181	1	fd5c03227fde4e949c03227fdeee94d1	AF400	5	enclave_tsc_same_invocation	53546644981400	cycles		sgx_worker_enclave		observed
c5-timing-event-v1	C5	asyncs	measured	dynamic-html-derived-v1	181	1	fd5c03227fde4e949c03227fdeee94d1	AF410	6	enclave_tsc_same_invocation	53547569403295	cycles		sgx_worker_enclave		observed
c5-timing-event-v1	C5	asyncs	measured	dynamic-html-derived-v1	181	1	fd5c03227fde4e949c03227fdeee94d1	AO400	7	enclave_tsc_same_invocation	53547571600842	cycles		sgx_worker_enclave		observed
c5-timing-event-v1	C5	asyncs	measured	dynamic-html-derived-v1	181	1	fd5c03227fde4e949c03227fdeee94d1	AO410	8	enclave_tsc_same_invocation	53547572657232	cycles		sgx_worker_enclave		observed
c5-timing-event-v1	C5	asyncs	measured	dynamic-html-derived-v1	181	1	fd5c03227fde4e949c03227fdeee94d1	AO420	9	enclave_tsc_same_invocation	53547572658412	cycles		sgx_worker_enclave		observed
c5-timing-event-v1	C5	asyncs	measured	dynamic-html-derived-v1	181	1	fd5c03227fde4e949c03227fdeee94d1	AO430	10	enclave_tsc_same_invocation	53547572673041	cycles		sgx_worker_enclave		observed
c5-timing-event-v1	C5	asyncs	measured	dynamic-html-derived-v1	181	1	fd5c03227fde4e949c03227fdeee94d1	A400	400	monotonic_ns_same_process	19818556967560	ns		asyncs_worker		observed
c5-timing-event-v1	C5	asyncs	measured	dynamic-html-derived-v1	181	1	fd5c03227fde4e949c03227fdeee94d1	A410	410	monotonic_ns_same_process	19818908600784	ns		asyncs_worker		observed
c5-timing-event-v1	C5	asyncs	measured	dynamic-html-derived-v1	182	1	51aafd3107c54d52aafd3107c5bd5266	AI400	1	enclave_tsc_same_invocation	53547695368811	cycles		sgx_worker_enclave		observed
c5-timing-event-v1	C5	asyncs	measured	dynamic-html-derived-v1	182	1	51aafd3107c54d52aafd3107c5bd5266	AI410	2	enclave_tsc_same_invocation	53547701845441	cycles		sgx_worker_enclave		observed
c5-timing-event-v1	C5	asyncs	measured	dynamic-html-derived-v1	182	1	51aafd3107c54d52aafd3107c5bd5266	AI420	3	enclave_tsc_same_invocation	53547701846014	cycles		sgx_worker_enclave		observed
c5-timing-event-v1	C5	asyncs	measured	dynamic-html-derived-v1	182	1	51aafd3107c54d52aafd3107c5bd5266	AI430	4	enclave_tsc_same_invocation	53547701848891	cycles		sgx_worker_enclave		observed
c5-timing-event-v1	C5	asyncs	measured	dynamic-html-derived-v1	182	1	51aafd3107c54d52aafd3107c5bd5266	AF400	5	enclave_tsc_same_invocation	53547713442356	cycles		sgx_worker_enclave		observed
c5-timing-event-v1	C5	asyncs	measured	dynamic-html-derived-v1	182	1	51aafd3107c54d52aafd3107c5bd5266	AF410	6	enclave_tsc_same_invocation	53548591204285	cycles		sgx_worker_enclave		observed
c5-timing-event-v1	C5	asyncs	measured	dynamic-html-derived-v1	182	1	51aafd3107c54d52aafd3107c5bd5266	AO400	7	enclave_tsc_same_invocation	53548593191320	cycles		sgx_worker_enclave		observed
c5-timing-event-v1	C5	asyncs	measured	dynamic-html-derived-v1	182	1	51aafd3107c54d52aafd3107c5bd5266	AO410	8	enclave_tsc_same_invocation	53548593795699	cycles		sgx_worker_enclave		observed
c5-timing-event-v1	C5	asyncs	measured	dynamic-html-derived-v1	182	1	51aafd3107c54d52aafd3107c5bd5266	AO420	9	enclave_tsc_same_invocation	53548593796615	cycles		sgx_worker_enclave		observed
c5-timing-event-v1	C5	asyncs	measured	dynamic-html-derived-v1	182	1	51aafd3107c54d52aafd3107c5bd5266	AO430	10	enclave_tsc_same_invocation	53548593806522	cycles		sgx_worker_enclave		observed
c5-timing-event-v1	C5	asyncs	measured	dynamic-html-derived-v1	182	1	51aafd3107c54d52aafd3107c5bd5266	A400	400	monotonic_ns_same_process	19819790303572	ns		asyncs_worker		observed
c5-timing-event-v1	C5	asyncs	measured	dynamic-html-derived-v1	182	1	51aafd3107c54d52aafd3107c5bd5266	A410	410	monotonic_ns_same_process	19820124141971	ns		asyncs_worker		observed
c5-timing-event-v1	C5	asyncs	measured	dynamic-html-derived-v1	183	1	8e517e6ddd5845cc917e6ddd5815cc8b	AI400	1	enclave_tsc_same_invocation	53547426789773	cycles		sgx_worker_enclave		observed
c5-timing-event-v1	C5	asyncs	measured	dynamic-html-derived-v1	183	1	8e517e6ddd5845cc917e6ddd5815cc8b	AI410	2	enclave_tsc_same_invocation	53547438123807	cycles		sgx_worker_enclave		observed
c5-timing-event-v1	C5	asyncs	measured	dynamic-html-derived-v1	183	1	8e517e6ddd5845cc917e6ddd5815cc8b	AI420	3	enclave_tsc_same_invocation	53547438124771	cycles		sgx_worker_enclave		observed
c5-timing-event-v1	C5	asyncs	measured	dynamic-html-derived-v1	183	1	8e517e6ddd5845cc917e6ddd5815cc8b	AI430	4	enclave_tsc_same_invocation	53547438128954	cycles		sgx_worker_enclave		observed
c5-timing-event-v1	C5	asyncs	measured	dynamic-html-derived-v1	183	1	8e517e6ddd5845cc917e6ddd5815cc8b	AF400	5	enclave_tsc_same_invocation	53547458221861	cycles		sgx_worker_enclave		observed
c5-timing-event-v1	C5	asyncs	measured	dynamic-html-derived-v1	183	1	8e517e6ddd5845cc917e6ddd5815cc8b	AF410	6	enclave_tsc_same_invocation	53548842911998	cycles		sgx_worker_enclave		observed
c5-timing-event-v1	C5	asyncs	measured	dynamic-html-derived-v1	183	1	8e517e6ddd5845cc917e6ddd5815cc8b	AO400	7	enclave_tsc_same_invocation	53548858598250	cycles		sgx_worker_enclave		observed
c5-timing-event-v1	C5	asyncs	measured	dynamic-html-derived-v1	183	1	8e517e6ddd5845cc917e6ddd5815cc8b	AO410	8	enclave_tsc_same_invocation	53548859621909	cycles		sgx_worker_enclave		observed
c5-timing-event-v1	C5	asyncs	measured	dynamic-html-derived-v1	183	1	8e517e6ddd5845cc917e6ddd5815cc8b	AO420	9	enclave_tsc_same_invocation	53548859622757	cycles		sgx_worker_enclave		observed
c5-timing-event-v1	C5	asyncs	measured	dynamic-html-derived-v1	183	1	8e517e6ddd5845cc917e6ddd5815cc8b	AO430	10	enclave_tsc_same_invocation	53548859636825	cycles		sgx_worker_enclave		observed
c5-timing-event-v1	C5	asyncs	measured	dynamic-html-derived-v1	183	1	8e517e6ddd5845cc917e6ddd5815cc8b	A400	400	monotonic_ns_same_process	19818852193703	ns		asyncs_worker		observed
c5-timing-event-v1	C5	asyncs	measured	dynamic-html-derived-v1	183	1	8e517e6ddd5845cc917e6ddd5815cc8b	A410	410	monotonic_ns_same_process	19819385262867	ns		asyncs_worker		observed
c5-timing-event-v1	C5	asyncs	measured	dynamic-html-derived-v1	184	1	051bee3040524ae99bee304052cae9f4	AI400	1	enclave_tsc_same_invocation	53547791270216	cycles		sgx_worker_enclave		observed
c5-timing-event-v1	C5	asyncs	measured	dynamic-html-derived-v1	184	1	051bee3040524ae99bee304052cae9f4	AI410	2	enclave_tsc_same_invocation	53547802698220	cycles		sgx_worker_enclave		observed
c5-timing-event-v1	C5	asyncs	measured	dynamic-html-derived-v1	184	1	051bee3040524ae99bee304052cae9f4	AI420	3	enclave_tsc_same_invocation	53547802699007	cycles		sgx_worker_enclave		observed
c5-timing-event-v1	C5	asyncs	measured	dynamic-html-derived-v1	184	1	051bee3040524ae99bee304052cae9f4	AI430	4	enclave_tsc_same_invocation	53547802702633	cycles		sgx_worker_enclave		observed
c5-timing-event-v1	C5	asyncs	measured	dynamic-html-derived-v1	184	1	051bee3040524ae99bee304052cae9f4	AF400	5	enclave_tsc_same_invocation	53547822295234	cycles		sgx_worker_enclave		observed
c5-timing-event-v1	C5	asyncs	measured	dynamic-html-derived-v1	184	1	051bee3040524ae99bee304052cae9f4	AF410	6	enclave_tsc_same_invocation	53549122400949	cycles		sgx_worker_enclave		observed
c5-timing-event-v1	C5	asyncs	measured	dynamic-html-derived-v1	184	1	051bee3040524ae99bee304052cae9f4	AO400	7	enclave_tsc_same_invocation	53549124598182	cycles		sgx_worker_enclave		observed
c5-timing-event-v1	C5	asyncs	measured	dynamic-html-derived-v1	184	1	051bee3040524ae99bee304052cae9f4	AO410	8	enclave_tsc_same_invocation	53549125613496	cycles		sgx_worker_enclave		observed
c5-timing-event-v1	C5	asyncs	measured	dynamic-html-derived-v1	184	1	051bee3040524ae99bee304052cae9f4	AO420	9	enclave_tsc_same_invocation	53549125614322	cycles		sgx_worker_enclave		observed
c5-timing-event-v1	C5	asyncs	measured	dynamic-html-derived-v1	184	1	051bee3040524ae99bee304052cae9f4	AO430	10	enclave_tsc_same_invocation	53549125628791	cycles		sgx_worker_enclave		observed
c5-timing-event-v1	C5	asyncs	measured	dynamic-html-derived-v1	184	1	051bee3040524ae99bee304052cae9f4	A400	400	monotonic_ns_same_process	19818986627550	ns		asyncs_worker		observed
c5-timing-event-v1	C5	asyncs	measured	dynamic-html-derived-v1	184	1	051bee3040524ae99bee304052cae9f4	A410	410	monotonic_ns_same_process	19819483783888	ns		asyncs_worker		observed
c5-timing-event-v1	C5	asyncs	measured	dynamic-html-derived-v1	185	1	5659b807526245b899b8075262b5b8b0	AI400	1	enclave_tsc_same_invocation	53548767994911	cycles		sgx_worker_enclave		observed
c5-timing-event-v1	C5	asyncs	measured	dynamic-html-derived-v1	185	1	5659b807526245b899b8075262b5b8b0	AI410	2	enclave_tsc_same_invocation	53548774367054	cycles		sgx_worker_enclave		observed
c5-timing-event-v1	C5	asyncs	measured	dynamic-html-derived-v1	185	1	5659b807526245b899b8075262b5b8b0	AI420	3	enclave_tsc_same_invocation	53548774367622	cycles		sgx_worker_enclave		observed
c5-timing-event-v1	C5	asyncs	measured	dynamic-html-derived-v1	185	1	5659b807526245b899b8075262b5b8b0	AI430	4	enclave_tsc_same_invocation	53548774370551	cycles		sgx_worker_enclave		observed
c5-timing-event-v1	C5	asyncs	measured	dynamic-html-derived-v1	185	1	5659b807526245b899b8075262b5b8b0	AF400	5	enclave_tsc_same_invocation	53548786024279	cycles		sgx_worker_enclave		observed
c5-timing-event-v1	C5	asyncs	measured	dynamic-html-derived-v1	185	1	5659b807526245b899b8075262b5b8b0	AF410	6	enclave_tsc_same_invocation	53549661362968	cycles		sgx_worker_enclave		observed
c5-timing-event-v1	C5	asyncs	measured	dynamic-html-derived-v1	185	1	5659b807526245b899b8075262b5b8b0	AO400	7	enclave_tsc_same_invocation	53549663353630	cycles		sgx_worker_enclave		observed
c5-timing-event-v1	C5	asyncs	measured	dynamic-html-derived-v1	185	1	5659b807526245b899b8075262b5b8b0	AO410	8	enclave_tsc_same_invocation	53549663982628	cycles		sgx_worker_enclave		observed
c5-timing-event-v1	C5	asyncs	measured	dynamic-html-derived-v1	185	1	5659b807526245b899b8075262b5b8b0	AO420	9	enclave_tsc_same_invocation	53549663983492	cycles		sgx_worker_enclave		observed
c5-timing-event-v1	C5	asyncs	measured	dynamic-html-derived-v1	185	1	5659b807526245b899b8075262b5b8b0	AO430	10	enclave_tsc_same_invocation	53549663993238	cycles		sgx_worker_enclave		observed
c5-timing-event-v1	C5	asyncs	measured	dynamic-html-derived-v1	185	1	5659b807526245b899b8075262b5b8b0	A400	400	monotonic_ns_same_process	19820187503360	ns		asyncs_worker		observed
c5-timing-event-v1	C5	asyncs	measured	dynamic-html-derived-v1	185	1	5659b807526245b899b8075262b5b8b0	A410	410	monotonic_ns_same_process	19820520517930	ns		asyncs_worker		observed
c5-timing-event-v1	C5	asyncs	measured	dynamic-html-derived-v1	186	1	7d25bd960e9f47f3a5bd960e9fe7f3c7	AI400	1	enclave_tsc_same_invocation	53549025320924	cycles		sgx_worker_enclave		observed
c5-timing-event-v1	C5	asyncs	measured	dynamic-html-derived-v1	186	1	7d25bd960e9f47f3a5bd960e9fe7f3c7	AI410	2	enclave_tsc_same_invocation	53549036976105	cycles		sgx_worker_enclave		observed
c5-timing-event-v1	C5	asyncs	measured	dynamic-html-derived-v1	186	1	7d25bd960e9f47f3a5bd960e9fe7f3c7	AI420	3	enclave_tsc_same_invocation	53549036976981	cycles		sgx_worker_enclave		observed
c5-timing-event-v1	C5	asyncs	measured	dynamic-html-derived-v1	186	1	7d25bd960e9f47f3a5bd960e9fe7f3c7	AI430	4	enclave_tsc_same_invocation	53549036981057	cycles		sgx_worker_enclave		observed
c5-timing-event-v1	C5	asyncs	measured	dynamic-html-derived-v1	186	1	7d25bd960e9f47f3a5bd960e9fe7f3c7	AF400	5	enclave_tsc_same_invocation	53549057175723	cycles		sgx_worker_enclave		observed
c5-timing-event-v1	C5	asyncs	measured	dynamic-html-derived-v1	186	1	7d25bd960e9f47f3a5bd960e9fe7f3c7	AF410	6	enclave_tsc_same_invocation	53550040365078	cycles		sgx_worker_enclave		observed
c5-timing-event-v1	C5	asyncs	measured	dynamic-html-derived-v1	186	1	7d25bd960e9f47f3a5bd960e9fe7f3c7	AO400	7	enclave_tsc_same_invocation	53550042635831	cycles		sgx_worker_enclave		observed
c5-timing-event-v1	C5	asyncs	measured	dynamic-html-derived-v1	186	1	7d25bd960e9f47f3a5bd960e9fe7f3c7	AO410	8	enclave_tsc_same_invocation	53550043648108	cycles		sgx_worker_enclave		observed
c5-timing-event-v1	C5	asyncs	measured	dynamic-html-derived-v1	186	1	7d25bd960e9f47f3a5bd960e9fe7f3c7	AO420	9	enclave_tsc_same_invocation	53550043649054	cycles		sgx_worker_enclave		observed
c5-timing-event-v1	C5	asyncs	measured	dynamic-html-derived-v1	186	1	7d25bd960e9f47f3a5bd960e9fe7f3c7	AO430	10	enclave_tsc_same_invocation	53550043662583	cycles		sgx_worker_enclave		observed
c5-timing-event-v1	C5	asyncs	measured	dynamic-html-derived-v1	186	1	7d25bd960e9f47f3a5bd960e9fe7f3c7	A400	400	monotonic_ns_same_process	19819444634539	ns		asyncs_worker		observed
c5-timing-event-v1	C5	asyncs	measured	dynamic-html-derived-v1	186	1	7d25bd960e9f47f3a5bd960e9fe7f3c7	A410	410	monotonic_ns_same_process	19819823799201	ns		asyncs_worker		observed
c5-timing-event-v1	C5	asyncs	measured	dynamic-html-derived-v1	187	1	4000e5acbeed442480e5acbeedc424f9	AI400	1	enclave_tsc_same_invocation	53550488490928	cycles		sgx_worker_enclave		observed
c5-timing-event-v1	C5	asyncs	measured	dynamic-html-derived-v1	187	1	4000e5acbeed442480e5acbeedc424f9	AI410	2	enclave_tsc_same_invocation	53550495008799	cycles		sgx_worker_enclave		observed
c5-timing-event-v1	C5	asyncs	measured	dynamic-html-derived-v1	187	1	4000e5acbeed442480e5acbeedc424f9	AI420	3	enclave_tsc_same_invocation	53550495009395	cycles		sgx_worker_enclave		observed
c5-timing-event-v1	C5	asyncs	measured	dynamic-html-derived-v1	187	1	4000e5acbeed442480e5acbeedc424f9	AI430	4	enclave_tsc_same_invocation	53550495011587	cycles		sgx_worker_enclave		observed
c5-timing-event-v1	C5	asyncs	measured	dynamic-html-derived-v1	187	1	4000e5acbeed442480e5acbeedc424f9	AF400	5	enclave_tsc_same_invocation	53550506569241	cycles		sgx_worker_enclave		observed
c5-timing-event-v1	C5	asyncs	measured	dynamic-html-derived-v1	187	1	4000e5acbeed442480e5acbeedc424f9	AF410	6	enclave_tsc_same_invocation	53551390390603	cycles		sgx_worker_enclave		observed
c5-timing-event-v1	C5	asyncs	measured	dynamic-html-derived-v1	187	1	4000e5acbeed442480e5acbeedc424f9	AO400	7	enclave_tsc_same_invocation	53551392375076	cycles		sgx_worker_enclave		observed
c5-timing-event-v1	C5	asyncs	measured	dynamic-html-derived-v1	187	1	4000e5acbeed442480e5acbeedc424f9	AO410	8	enclave_tsc_same_invocation	53551392987814	cycles		sgx_worker_enclave		observed
c5-timing-event-v1	C5	asyncs	measured	dynamic-html-derived-v1	187	1	4000e5acbeed442480e5acbeedc424f9	AO420	9	enclave_tsc_same_invocation	53551392988833	cycles		sgx_worker_enclave		observed
c5-timing-event-v1	C5	asyncs	measured	dynamic-html-derived-v1	187	1	4000e5acbeed442480e5acbeedc424f9	AO430	10	enclave_tsc_same_invocation	53551392999314	cycles		sgx_worker_enclave		observed
c5-timing-event-v1	C5	asyncs	measured	dynamic-html-derived-v1	187	1	4000e5acbeed442480e5acbeedc424f9	A400	400	monotonic_ns_same_process	19820824796156	ns		asyncs_worker		observed
c5-timing-event-v1	C5	asyncs	measured	dynamic-html-derived-v1	187	1	4000e5acbeed442480e5acbeedc424f9	A410	410	monotonic_ns_same_process	19821160894000	ns		asyncs_worker		observed
c5-timing-event-v1	C5	asyncs	measured	dynamic-html-derived-v1	188	1	b6e70ec9946c4f7ca70ec9946cbf7c7d	AI400	1	enclave_tsc_same_invocation	53549897841989	cycles		sgx_worker_enclave		observed
c5-timing-event-v1	C5	asyncs	measured	dynamic-html-derived-v1	188	1	b6e70ec9946c4f7ca70ec9946cbf7c7d	AI410	2	enclave_tsc_same_invocation	53549909304526	cycles		sgx_worker_enclave		observed
c5-timing-event-v1	C5	asyncs	measured	dynamic-html-derived-v1	188	1	b6e70ec9946c4f7ca70ec9946cbf7c7d	AI420	3	enclave_tsc_same_invocation	53549909305873	cycles		sgx_worker_enclave		observed
c5-timing-event-v1	C5	asyncs	measured	dynamic-html-derived-v1	188	1	b6e70ec9946c4f7ca70ec9946cbf7c7d	AI430	4	enclave_tsc_same_invocation	53549909309833	cycles		sgx_worker_enclave		observed
c5-timing-event-v1	C5	asyncs	measured	dynamic-html-derived-v1	188	1	b6e70ec9946c4f7ca70ec9946cbf7c7d	AF400	5	enclave_tsc_same_invocation	53549928911356	cycles		sgx_worker_enclave		observed
c5-timing-event-v1	C5	asyncs	measured	dynamic-html-derived-v1	188	1	b6e70ec9946c4f7ca70ec9946cbf7c7d	AF410	6	enclave_tsc_same_invocation	53551238766351	cycles		sgx_worker_enclave		observed
c5-timing-event-v1	C5	asyncs	measured	dynamic-html-derived-v1	188	1	b6e70ec9946c4f7ca70ec9946cbf7c7d	AO400	7	enclave_tsc_same_invocation	53551241041020	cycles		sgx_worker_enclave		observed
c5-timing-event-v1	C5	asyncs	measured	dynamic-html-derived-v1	188	1	b6e70ec9946c4f7ca70ec9946cbf7c7d	AO410	8	enclave_tsc_same_invocation	53551242113561	cycles		sgx_worker_enclave		observed
c5-timing-event-v1	C5	asyncs	measured	dynamic-html-derived-v1	188	1	b6e70ec9946c4f7ca70ec9946cbf7c7d	AO420	9	enclave_tsc_same_invocation	53551242114546	cycles		sgx_worker_enclave		observed
c5-timing-event-v1	C5	asyncs	measured	dynamic-html-derived-v1	188	1	b6e70ec9946c4f7ca70ec9946cbf7c7d	AO430	10	enclave_tsc_same_invocation	53551242129327	cycles		sgx_worker_enclave		observed
c5-timing-event-v1	C5	asyncs	measured	dynamic-html-derived-v1	188	1	b6e70ec9946c4f7ca70ec9946cbf7c7d	A400	400	monotonic_ns_same_process	19819767939421	ns		asyncs_worker		observed
c5-timing-event-v1	C5	asyncs	measured	dynamic-html-derived-v1	188	1	b6e70ec9946c4f7ca70ec9946cbf7c7d	A410	410	monotonic_ns_same_process	19820267689877	ns		asyncs_worker		observed
c5-timing-event-v1	C5	asyncs	measured	dynamic-html-derived-v1	189	1	a0ea19eacd7f4432aa19eacd7f44321a	AI400	1	enclave_tsc_same_invocation	53550225801200	cycles		sgx_worker_enclave		observed
c5-timing-event-v1	C5	asyncs	measured	dynamic-html-derived-v1	189	1	a0ea19eacd7f4432aa19eacd7f44321a	AI410	2	enclave_tsc_same_invocation	53550269300561	cycles		sgx_worker_enclave		observed
c5-timing-event-v1	C5	asyncs	measured	dynamic-html-derived-v1	189	1	a0ea19eacd7f4432aa19eacd7f44321a	AI420	3	enclave_tsc_same_invocation	53550269301561	cycles		sgx_worker_enclave		observed
c5-timing-event-v1	C5	asyncs	measured	dynamic-html-derived-v1	189	1	a0ea19eacd7f4432aa19eacd7f44321a	AI430	4	enclave_tsc_same_invocation	53550269305968	cycles		sgx_worker_enclave		observed
c5-timing-event-v1	C5	asyncs	measured	dynamic-html-derived-v1	189	1	a0ea19eacd7f4432aa19eacd7f44321a	AF400	5	enclave_tsc_same_invocation	53550296894209	cycles		sgx_worker_enclave		observed
c5-timing-event-v1	C5	asyncs	measured	dynamic-html-derived-v1	189	1	a0ea19eacd7f4432aa19eacd7f44321a	AF410	6	enclave_tsc_same_invocation	53551675717192	cycles		sgx_worker_enclave		observed
c5-timing-event-v1	C5	asyncs	measured	dynamic-html-derived-v1	189	1	a0ea19eacd7f4432aa19eacd7f44321a	AO400	7	enclave_tsc_same_invocation	53551678041526	cycles		sgx_worker_enclave		observed
c5-timing-event-v1	C5	asyncs	measured	dynamic-html-derived-v1	189	1	a0ea19eacd7f4432aa19eacd7f44321a	AO410	8	enclave_tsc_same_invocation	53551679094383	cycles		sgx_worker_enclave		observed
c5-timing-event-v1	C5	asyncs	measured	dynamic-html-derived-v1	189	1	a0ea19eacd7f4432aa19eacd7f44321a	AO420	9	enclave_tsc_same_invocation	53551679129533	cycles		sgx_worker_enclave		observed
c5-timing-event-v1	C5	asyncs	measured	dynamic-html-derived-v1	189	1	a0ea19eacd7f4432aa19eacd7f44321a	AO430	10	enclave_tsc_same_invocation	53551679145459	cycles		sgx_worker_enclave		observed
c5-timing-event-v1	C5	asyncs	measured	dynamic-html-derived-v1	189	1	a0ea19eacd7f4432aa19eacd7f44321a	A400	400	monotonic_ns_same_process	19819889525571	ns		asyncs_worker		observed
c5-timing-event-v1	C5	asyncs	measured	dynamic-html-derived-v1	189	1	a0ea19eacd7f4432aa19eacd7f44321a	A410	410	monotonic_ns_same_process	19820429556994	ns		asyncs_worker		observed
c5-timing-event-v1	C5	asyncs	measured	dynamic-html-derived-v1	190	1	5239eebffe8e47e5b9eebffe8e47e5cc	AI400	1	enclave_tsc_same_invocation	53551539082278	cycles		sgx_worker_enclave		observed
c5-timing-event-v1	C5	asyncs	measured	dynamic-html-derived-v1	190	1	5239eebffe8e47e5b9eebffe8e47e5cc	AI410	2	enclave_tsc_same_invocation	53551546980963	cycles		sgx_worker_enclave		observed
c5-timing-event-v1	C5	asyncs	measured	dynamic-html-derived-v1	190	1	5239eebffe8e47e5b9eebffe8e47e5cc	AI420	3	enclave_tsc_same_invocation	53551546981764	cycles		sgx_worker_enclave		observed
c5-timing-event-v1	C5	asyncs	measured	dynamic-html-derived-v1	190	1	5239eebffe8e47e5b9eebffe8e47e5cc	AI430	4	enclave_tsc_same_invocation	53551546985927	cycles		sgx_worker_enclave		observed
c5-timing-event-v1	C5	asyncs	measured	dynamic-html-derived-v1	190	1	5239eebffe8e47e5b9eebffe8e47e5cc	AF400	5	enclave_tsc_same_invocation	53551559027945	cycles		sgx_worker_enclave		observed
c5-timing-event-v1	C5	asyncs	measured	dynamic-html-derived-v1	190	1	5239eebffe8e47e5b9eebffe8e47e5cc	AF410	6	enclave_tsc_same_invocation	53552432825285	cycles		sgx_worker_enclave		observed
c5-timing-event-v1	C5	asyncs	measured	dynamic-html-derived-v1	190	1	5239eebffe8e47e5b9eebffe8e47e5cc	AO400	7	enclave_tsc_same_invocation	53552434836304	cycles		sgx_worker_enclave		observed
c5-timing-event-v1	C5	asyncs	measured	dynamic-html-derived-v1	190	1	5239eebffe8e47e5b9eebffe8e47e5cc	AO410	8	enclave_tsc_same_invocation	53552435478677	cycles		sgx_worker_enclave		observed
c5-timing-event-v1	C5	asyncs	measured	dynamic-html-derived-v1	190	1	5239eebffe8e47e5b9eebffe8e47e5cc	AO420	9	enclave_tsc_same_invocation	53552435479597	cycles		sgx_worker_enclave		observed
c5-timing-event-v1	C5	asyncs	measured	dynamic-html-derived-v1	190	1	5239eebffe8e47e5b9eebffe8e47e5cc	AO430	10	enclave_tsc_same_invocation	53552435490052	cycles		sgx_worker_enclave		observed
c5-timing-event-v1	C5	asyncs	measured	dynamic-html-derived-v1	190	1	5239eebffe8e47e5b9eebffe8e47e5cc	A400	400	monotonic_ns_same_process	19821213916824	ns		asyncs_worker		observed
c5-timing-event-v1	C5	asyncs	measured	dynamic-html-derived-v1	190	1	5239eebffe8e47e5b9eebffe8e47e5cc	A410	410	monotonic_ns_same_process	19821547013935	ns		asyncs_worker		observed
c5-timing-event-v1	C5	asyncs	measured	dynamic-html-derived-v1	191	1	f34849e8b4b64d528849e8b4b6ad52f1	AI400	1	enclave_tsc_same_invocation	53551424862295	cycles		sgx_worker_enclave		observed
c5-timing-event-v1	C5	asyncs	measured	dynamic-html-derived-v1	191	1	f34849e8b4b64d528849e8b4b6ad52f1	AI410	2	enclave_tsc_same_invocation	53551435951294	cycles		sgx_worker_enclave		observed
c5-timing-event-v1	C5	asyncs	measured	dynamic-html-derived-v1	191	1	f34849e8b4b64d528849e8b4b6ad52f1	AI420	3	enclave_tsc_same_invocation	53551435952138	cycles		sgx_worker_enclave		observed
c5-timing-event-v1	C5	asyncs	measured	dynamic-html-derived-v1	191	1	f34849e8b4b64d528849e8b4b6ad52f1	AI430	4	enclave_tsc_same_invocation	53551435956202	cycles		sgx_worker_enclave		observed
c5-timing-event-v1	C5	asyncs	measured	dynamic-html-derived-v1	191	1	f34849e8b4b64d528849e8b4b6ad52f1	AF400	5	enclave_tsc_same_invocation	53551455182971	cycles		sgx_worker_enclave		observed
c5-timing-event-v1	C5	asyncs	measured	dynamic-html-derived-v1	191	1	f34849e8b4b64d528849e8b4b6ad52f1	AF410	6	enclave_tsc_same_invocation	53552868162609	cycles		sgx_worker_enclave		observed
c5-timing-event-v1	C5	asyncs	measured	dynamic-html-derived-v1	191	1	f34849e8b4b64d528849e8b4b6ad52f1	AO400	7	enclave_tsc_same_invocation	53552870446760	cycles		sgx_worker_enclave		observed
c5-timing-event-v1	C5	asyncs	measured	dynamic-html-derived-v1	191	1	f34849e8b4b64d528849e8b4b6ad52f1	AO410	8	enclave_tsc_same_invocation	53552871467137	cycles		sgx_worker_enclave		observed
c5-timing-event-v1	C5	asyncs	measured	dynamic-html-derived-v1	191	1	f34849e8b4b64d528849e8b4b6ad52f1	AO420	9	enclave_tsc_same_invocation	53552871467936	cycles		sgx_worker_enclave		observed
c5-timing-event-v1	C5	asyncs	measured	dynamic-html-derived-v1	191	1	f34849e8b4b64d528849e8b4b6ad52f1	AO430	10	enclave_tsc_same_invocation	53552871482814	cycles		sgx_worker_enclave		observed
c5-timing-event-v1	C5	asyncs	measured	dynamic-html-derived-v1	191	1	f34849e8b4b64d528849e8b4b6ad52f1	A400	400	monotonic_ns_same_process	19820333658191	ns		asyncs_worker		observed
c5-timing-event-v1	C5	asyncs	measured	dynamic-html-derived-v1	191	1	f34849e8b4b64d528849e8b4b6ad52f1	A410	410	monotonic_ns_same_process	19820871172248	ns		asyncs_worker		observed
c5-timing-event-v1	C5	asyncs	measured	dynamic-html-derived-v1	192	1	2182b320e2004ebb82b320e200bebbb6	AI400	1	enclave_tsc_same_invocation	53551863336035	cycles		sgx_worker_enclave		observed
c5-timing-event-v1	C5	asyncs	measured	dynamic-html-derived-v1	192	1	2182b320e2004ebb82b320e200bebbb6	AI410	2	enclave_tsc_same_invocation	53551882969070	cycles		sgx_worker_enclave		observed
c5-timing-event-v1	C5	asyncs	measured	dynamic-html-derived-v1	192	1	2182b320e2004ebb82b320e200bebbb6	AI420	3	enclave_tsc_same_invocation	53551882970044	cycles		sgx_worker_enclave		observed
c5-timing-event-v1	C5	asyncs	measured	dynamic-html-derived-v1	192	1	2182b320e2004ebb82b320e200bebbb6	AI430	4	enclave_tsc_same_invocation	53551882974818	cycles		sgx_worker_enclave		observed
c5-timing-event-v1	C5	asyncs	measured	dynamic-html-derived-v1	192	1	2182b320e2004ebb82b320e200bebbb6	AF400	5	enclave_tsc_same_invocation	53551901984646	cycles		sgx_worker_enclave		observed
c5-timing-event-v1	C5	asyncs	measured	dynamic-html-derived-v1	192	1	2182b320e2004ebb82b320e200bebbb6	AF410	6	enclave_tsc_same_invocation	53553187166787	cycles		sgx_worker_enclave		observed
c5-timing-event-v1	C5	asyncs	measured	dynamic-html-derived-v1	192	1	2182b320e2004ebb82b320e200bebbb6	AO400	7	enclave_tsc_same_invocation	53553189403869	cycles		sgx_worker_enclave		observed
c5-timing-event-v1	C5	asyncs	measured	dynamic-html-derived-v1	192	1	2182b320e2004ebb82b320e200bebbb6	AO410	8	enclave_tsc_same_invocation	53553190442420	cycles		sgx_worker_enclave		observed
c5-timing-event-v1	C5	asyncs	measured	dynamic-html-derived-v1	192	1	2182b320e2004ebb82b320e200bebbb6	AO420	9	enclave_tsc_same_invocation	53553190444299	cycles		sgx_worker_enclave		observed
c5-timing-event-v1	C5	asyncs	measured	dynamic-html-derived-v1	192	1	2182b320e2004ebb82b320e200bebbb6	AO430	10	enclave_tsc_same_invocation	53553190458479	cycles		sgx_worker_enclave		observed
c5-timing-event-v1	C5	asyncs	measured	dynamic-html-derived-v1	192	1	2182b320e2004ebb82b320e200bebbb6	A400	400	monotonic_ns_same_process	19820493934897	ns		asyncs_worker		observed
c5-timing-event-v1	C5	asyncs	measured	dynamic-html-derived-v1	192	1	2182b320e2004ebb82b320e200bebbb6	A410	410	monotonic_ns_same_process	19820989312058	ns		asyncs_worker		observed
c5-timing-event-v1	C5	asyncs	measured	dynamic-html-derived-v1	193	1	e12933e75ae64f71a933e75ae6cf71e8	AI400	1	enclave_tsc_same_invocation	53553134768537	cycles		sgx_worker_enclave		observed
c5-timing-event-v1	C5	asyncs	measured	dynamic-html-derived-v1	193	1	e12933e75ae64f71a933e75ae6cf71e8	AI410	2	enclave_tsc_same_invocation	53553141179123	cycles		sgx_worker_enclave		observed
c5-timing-event-v1	C5	asyncs	measured	dynamic-html-derived-v1	193	1	e12933e75ae64f71a933e75ae6cf71e8	AI420	3	enclave_tsc_same_invocation	53553141179644	cycles		sgx_worker_enclave		observed
c5-timing-event-v1	C5	asyncs	measured	dynamic-html-derived-v1	193	1	e12933e75ae64f71a933e75ae6cf71e8	AI430	4	enclave_tsc_same_invocation	53553141182611	cycles		sgx_worker_enclave		observed
c5-timing-event-v1	C5	asyncs	measured	dynamic-html-derived-v1	193	1	e12933e75ae64f71a933e75ae6cf71e8	AF400	5	enclave_tsc_same_invocation	53553153004714	cycles		sgx_worker_enclave		observed
c5-timing-event-v1	C5	asyncs	measured	dynamic-html-derived-v1	193	1	e12933e75ae64f71a933e75ae6cf71e8	AF410	6	enclave_tsc_same_invocation	53554034732763	cycles		sgx_worker_enclave		observed
c5-timing-event-v1	C5	asyncs	measured	dynamic-html-derived-v1	193	1	e12933e75ae64f71a933e75ae6cf71e8	AO400	7	enclave_tsc_same_invocation	53554036722681	cycles		sgx_worker_enclave		observed
c5-timing-event-v1	C5	asyncs	measured	dynamic-html-derived-v1	193	1	e12933e75ae64f71a933e75ae6cf71e8	AO410	8	enclave_tsc_same_invocation	53554037367948	cycles		sgx_worker_enclave		observed
c5-timing-event-v1	C5	asyncs	measured	dynamic-html-derived-v1	193	1	e12933e75ae64f71a933e75ae6cf71e8	AO420	9	enclave_tsc_same_invocation	53554037368877	cycles		sgx_worker_enclave		observed
c5-timing-event-v1	C5	asyncs	measured	dynamic-html-derived-v1	193	1	e12933e75ae64f71a933e75ae6cf71e8	AO430	10	enclave_tsc_same_invocation	53554037379364	cycles		sgx_worker_enclave		observed
c5-timing-event-v1	C5	asyncs	measured	dynamic-html-derived-v1	193	1	e12933e75ae64f71a933e75ae6cf71e8	A400	400	monotonic_ns_same_process	19821804942774	ns		asyncs_worker		observed
c5-timing-event-v1	C5	asyncs	measured	dynamic-html-derived-v1	193	1	e12933e75ae64f71a933e75ae6cf71e8	A410	410	monotonic_ns_same_process	19822140315177	ns		asyncs_worker		observed
c5-timing-event-v1	C5	asyncs	measured	dynamic-html-derived-v1	194	1	7da43314a1bd4458a43314a1bd6458ae	AI400	1	enclave_tsc_same_invocation	53553029685413	cycles		sgx_worker_enclave		observed
c5-timing-event-v1	C5	asyncs	measured	dynamic-html-derived-v1	194	1	7da43314a1bd4458a43314a1bd6458ae	AI410	2	enclave_tsc_same_invocation	53553041055229	cycles		sgx_worker_enclave		observed
c5-timing-event-v1	C5	asyncs	measured	dynamic-html-derived-v1	194	1	7da43314a1bd4458a43314a1bd6458ae	AI420	3	enclave_tsc_same_invocation	53553041056003	cycles		sgx_worker_enclave		observed
c5-timing-event-v1	C5	asyncs	measured	dynamic-html-derived-v1	194	1	7da43314a1bd4458a43314a1bd6458ae	AI430	4	enclave_tsc_same_invocation	53553041059698	cycles		sgx_worker_enclave		observed
c5-timing-event-v1	C5	asyncs	measured	dynamic-html-derived-v1	194	1	7da43314a1bd4458a43314a1bd6458ae	AF400	5	enclave_tsc_same_invocation	53553061330575	cycles		sgx_worker_enclave		observed
c5-timing-event-v1	C5	asyncs	measured	dynamic-html-derived-v1	194	1	7da43314a1bd4458a43314a1bd6458ae	AF410	6	enclave_tsc_same_invocation	53554366539151	cycles		sgx_worker_enclave		observed
c5-timing-event-v1	C5	asyncs	measured	dynamic-html-derived-v1	194	1	7da43314a1bd4458a43314a1bd6458ae	AO400	7	enclave_tsc_same_invocation	53554368820397	cycles		sgx_worker_enclave		observed
c5-timing-event-v1	C5	asyncs	measured	dynamic-html-derived-v1	194	1	7da43314a1bd4458a43314a1bd6458ae	AO410	8	enclave_tsc_same_invocation	53554370045132	cycles		sgx_worker_enclave		observed
c5-timing-event-v1	C5	asyncs	measured	dynamic-html-derived-v1	194	1	7da43314a1bd4458a43314a1bd6458ae	AO420	9	enclave_tsc_same_invocation	53554370046099	cycles		sgx_worker_enclave		observed
c5-timing-event-v1	C5	asyncs	measured	dynamic-html-derived-v1	194	1	7da43314a1bd4458a43314a1bd6458ae	AO430	10	enclave_tsc_same_invocation	53554370061077	cycles		sgx_worker_enclave		observed
c5-timing-event-v1	C5	asyncs	measured	dynamic-html-derived-v1	194	1	7da43314a1bd4458a43314a1bd6458ae	A400	400	monotonic_ns_same_process	19820927913660	ns		asyncs_worker		observed
c5-timing-event-v1	C5	asyncs	measured	dynamic-html-derived-v1	194	1	7da43314a1bd4458a43314a1bd6458ae	A410	410	monotonic_ns_same_process	19821426211565	ns		asyncs_worker		observed
c5-timing-event-v1	C5	asyncs	measured	dynamic-html-derived-v1	195	1	842cc9db753249d8acc9db753229d8d6	AI400	1	enclave_tsc_same_invocation	53553382755107	cycles		sgx_worker_enclave		observed
c5-timing-event-v1	C5	asyncs	measured	dynamic-html-derived-v1	195	1	842cc9db753249d8acc9db753229d8d6	AI410	2	enclave_tsc_same_invocation	53553404347447	cycles		sgx_worker_enclave		observed
c5-timing-event-v1	C5	asyncs	measured	dynamic-html-derived-v1	195	1	842cc9db753249d8acc9db753229d8d6	AI420	3	enclave_tsc_same_invocation	53553404349277	cycles		sgx_worker_enclave		observed
c5-timing-event-v1	C5	asyncs	measured	dynamic-html-derived-v1	195	1	842cc9db753249d8acc9db753229d8d6	AI430	4	enclave_tsc_same_invocation	53553404352688	cycles		sgx_worker_enclave		observed
c5-timing-event-v1	C5	asyncs	measured	dynamic-html-derived-v1	195	1	842cc9db753249d8acc9db753229d8d6	AF400	5	enclave_tsc_same_invocation	53553424214621	cycles		sgx_worker_enclave		observed
c5-timing-event-v1	C5	asyncs	measured	dynamic-html-derived-v1	195	1	842cc9db753249d8acc9db753229d8d6	AF410	6	enclave_tsc_same_invocation	53554700867536	cycles		sgx_worker_enclave		observed
c5-timing-event-v1	C5	asyncs	measured	dynamic-html-derived-v1	195	1	842cc9db753249d8acc9db753229d8d6	AO400	7	enclave_tsc_same_invocation	53554703085190	cycles		sgx_worker_enclave		observed
c5-timing-event-v1	C5	asyncs	measured	dynamic-html-derived-v1	195	1	842cc9db753249d8acc9db753229d8d6	AO410	8	enclave_tsc_same_invocation	53554704101031	cycles		sgx_worker_enclave		observed
c5-timing-event-v1	C5	asyncs	measured	dynamic-html-derived-v1	195	1	842cc9db753249d8acc9db753229d8d6	AO420	9	enclave_tsc_same_invocation	53554704102144	cycles		sgx_worker_enclave		observed
c5-timing-event-v1	C5	asyncs	measured	dynamic-html-derived-v1	195	1	842cc9db753249d8acc9db753229d8d6	AO430	10	enclave_tsc_same_invocation	53554704115611	cycles		sgx_worker_enclave		observed
c5-timing-event-v1	C5	asyncs	measured	dynamic-html-derived-v1	195	1	842cc9db753249d8acc9db753229d8d6	A400	400	monotonic_ns_same_process	19821058877731	ns		asyncs_worker		observed
c5-timing-event-v1	C5	asyncs	measured	dynamic-html-derived-v1	195	1	842cc9db753249d8acc9db753229d8d6	A410	410	monotonic_ns_same_process	19821549931356	ns		asyncs_worker		observed
c5-timing-event-v1	C5	asyncs	measured	dynamic-html-derived-v1	196	1	ba9fc9085cb5431b9fc9085cb5f31b65	AI400	1	enclave_tsc_same_invocation	53554166726502	cycles		sgx_worker_enclave		observed
c5-timing-event-v1	C5	asyncs	measured	dynamic-html-derived-v1	196	1	ba9fc9085cb5431b9fc9085cb5f31b65	AI410	2	enclave_tsc_same_invocation	53554173013829	cycles		sgx_worker_enclave		observed
c5-timing-event-v1	C5	asyncs	measured	dynamic-html-derived-v1	196	1	ba9fc9085cb5431b9fc9085cb5f31b65	AI420	3	enclave_tsc_same_invocation	53554173014415	cycles		sgx_worker_enclave		observed
c5-timing-event-v1	C5	asyncs	measured	dynamic-html-derived-v1	196	1	ba9fc9085cb5431b9fc9085cb5f31b65	AI430	4	enclave_tsc_same_invocation	53554173017149	cycles		sgx_worker_enclave		observed
c5-timing-event-v1	C5	asyncs	measured	dynamic-html-derived-v1	196	1	ba9fc9085cb5431b9fc9085cb5f31b65	AF400	5	enclave_tsc_same_invocation	53554184734043	cycles		sgx_worker_enclave		observed
c5-timing-event-v1	C5	asyncs	measured	dynamic-html-derived-v1	196	1	ba9fc9085cb5431b9fc9085cb5f31b65	AF410	6	enclave_tsc_same_invocation	53555062329719	cycles		sgx_worker_enclave		observed
c5-timing-event-v1	C5	asyncs	measured	dynamic-html-derived-v1	196	1	ba9fc9085cb5431b9fc9085cb5f31b65	AO400	7	enclave_tsc_same_invocation	53555064380409	cycles		sgx_worker_enclave		observed
c5-timing-event-v1	C5	asyncs	measured	dynamic-html-derived-v1	196	1	ba9fc9085cb5431b9fc9085cb5f31b65	AO410	8	enclave_tsc_same_invocation	53555064982557	cycles		sgx_worker_enclave		observed
c5-timing-event-v1	C5	asyncs	measured	dynamic-html-derived-v1	196	1	ba9fc9085cb5431b9fc9085cb5f31b65	AO420	9	enclave_tsc_same_invocation	53555064983334	cycles		sgx_worker_enclave		observed
c5-timing-event-v1	C5	asyncs	measured	dynamic-html-derived-v1	196	1	ba9fc9085cb5431b9fc9085cb5f31b65	AO430	10	enclave_tsc_same_invocation	53555064992659	cycles		sgx_worker_enclave		observed
c5-timing-event-v1	C5	asyncs	measured	dynamic-html-derived-v1	196	1	ba9fc9085cb5431b9fc9085cb5f31b65	A400	400	monotonic_ns_same_process	19822187101433	ns		asyncs_worker		observed
c5-timing-event-v1	C5	asyncs	measured	dynamic-html-derived-v1	196	1	ba9fc9085cb5431b9fc9085cb5f31b65	A410	410	monotonic_ns_same_process	19822520924093	ns		asyncs_worker		observed
c5-timing-event-v1	C5	asyncs	measured	dynamic-html-derived-v1	197	1	fb3897366c774d94b897366c77dd94dc	AI400	1	enclave_tsc_same_invocation	53555161705045	cycles		sgx_worker_enclave		observed
c5-timing-event-v1	C5	asyncs	measured	dynamic-html-derived-v1	197	1	fb3897366c774d94b897366c77dd94dc	AI410	2	enclave_tsc_same_invocation	53555168047602	cycles		sgx_worker_enclave		observed
c5-timing-event-v1	C5	asyncs	measured	dynamic-html-derived-v1	197	1	fb3897366c774d94b897366c77dd94dc	AI420	3	enclave_tsc_same_invocation	53555168048127	cycles		sgx_worker_enclave		observed
c5-timing-event-v1	C5	asyncs	measured	dynamic-html-derived-v1	197	1	fb3897366c774d94b897366c77dd94dc	AI430	4	enclave_tsc_same_invocation	53555168050833	cycles		sgx_worker_enclave		observed
c5-timing-event-v1	C5	asyncs	measured	dynamic-html-derived-v1	197	1	fb3897366c774d94b897366c77dd94dc	AF400	5	enclave_tsc_same_invocation	53555179783050	cycles		sgx_worker_enclave		observed
c5-timing-event-v1	C5	asyncs	measured	dynamic-html-derived-v1	197	1	fb3897366c774d94b897366c77dd94dc	AF410	6	enclave_tsc_same_invocation	53556061330015	cycles		sgx_worker_enclave		observed
c5-timing-event-v1	C5	asyncs	measured	dynamic-html-derived-v1	197	1	fb3897366c774d94b897366c77dd94dc	AO400	7	enclave_tsc_same_invocation	53556063280026	cycles		sgx_worker_enclave		observed
c5-timing-event-v1	C5	asyncs	measured	dynamic-html-derived-v1	197	1	fb3897366c774d94b897366c77dd94dc	AO410	8	enclave_tsc_same_invocation	53556063879304	cycles		sgx_worker_enclave		observed
c5-timing-event-v1	C5	asyncs	measured	dynamic-html-derived-v1	197	1	fb3897366c774d94b897366c77dd94dc	AO420	9	enclave_tsc_same_invocation	53556063880149	cycles		sgx_worker_enclave		observed
c5-timing-event-v1	C5	asyncs	measured	dynamic-html-derived-v1	197	1	fb3897366c774d94b897366c77dd94dc	AO430	10	enclave_tsc_same_invocation	53556063889689	cycles		sgx_worker_enclave		observed
c5-timing-event-v1	C5	asyncs	measured	dynamic-html-derived-v1	197	1	fb3897366c774d94b897366c77dd94dc	A400	400	monotonic_ns_same_process	19822555634159	ns		asyncs_worker		observed
c5-timing-event-v1	C5	asyncs	measured	dynamic-html-derived-v1	197	1	fb3897366c774d94b897366c77dd94dc	A410	410	monotonic_ns_same_process	19822890886921	ns		asyncs_worker		observed
c5-timing-event-v1	C5	asyncs	measured	dynamic-html-derived-v1	198	1	36e6bd3e46454d3ca6bd3e4645cd3c43	AI400	1	enclave_tsc_same_invocation	53554653111152	cycles		sgx_worker_enclave		observed
c5-timing-event-v1	C5	asyncs	measured	dynamic-html-derived-v1	198	1	36e6bd3e46454d3ca6bd3e4645cd3c43	AI410	2	enclave_tsc_same_invocation	53554675381920	cycles		sgx_worker_enclave		observed
c5-timing-event-v1	C5	asyncs	measured	dynamic-html-derived-v1	198	1	36e6bd3e46454d3ca6bd3e4645cd3c43	AI420	3	enclave_tsc_same_invocation	53554675382933	cycles		sgx_worker_enclave		observed
c5-timing-event-v1	C5	asyncs	measured	dynamic-html-derived-v1	198	1	36e6bd3e46454d3ca6bd3e4645cd3c43	AI430	4	enclave_tsc_same_invocation	53554675387148	cycles		sgx_worker_enclave		observed
c5-timing-event-v1	C5	asyncs	measured	dynamic-html-derived-v1	198	1	36e6bd3e46454d3ca6bd3e4645cd3c43	AF400	5	enclave_tsc_same_invocation	53554696043965	cycles		sgx_worker_enclave		observed
c5-timing-event-v1	C5	asyncs	measured	dynamic-html-derived-v1	198	1	36e6bd3e46454d3ca6bd3e4645cd3c43	AF410	6	enclave_tsc_same_invocation	53555979143037	cycles		sgx_worker_enclave		observed
c5-timing-event-v1	C5	asyncs	measured	dynamic-html-derived-v1	198	1	36e6bd3e46454d3ca6bd3e4645cd3c43	AO400	7	enclave_tsc_same_invocation	53555981411416	cycles		sgx_worker_enclave		observed
c5-timing-event-v1	C5	asyncs	measured	dynamic-html-derived-v1	198	1	36e6bd3e46454d3ca6bd3e4645cd3c43	AO410	8	enclave_tsc_same_invocation	53555982452707	cycles		sgx_worker_enclave		observed
c5-timing-event-v1	C5	asyncs	measured	dynamic-html-derived-v1	198	1	36e6bd3e46454d3ca6bd3e4645cd3c43	AO420	9	enclave_tsc_same_invocation	53555982453815	cycles		sgx_worker_enclave		observed
c5-timing-event-v1	C5	asyncs	measured	dynamic-html-derived-v1	198	1	36e6bd3e46454d3ca6bd3e4645cd3c43	AO430	10	enclave_tsc_same_invocation	53555982468081	cycles		sgx_worker_enclave		observed
c5-timing-event-v1	C5	asyncs	measured	dynamic-html-derived-v1	198	1	36e6bd3e46454d3ca6bd3e4645cd3c43	A400	400	monotonic_ns_same_process	19821529389274	ns		asyncs_worker		observed
c5-timing-event-v1	C5	asyncs	measured	dynamic-html-derived-v1	198	1	36e6bd3e46454d3ca6bd3e4645cd3c43	A410	410	monotonic_ns_same_process	19822023410275	ns		asyncs_worker		observed
c5-timing-event-v1	C5	asyncs	measured	dynamic-html-derived-v1	199	1	107257299c06432cb257299c06832c99	AI400	1	enclave_tsc_same_invocation	53554858192076	cycles		sgx_worker_enclave		observed
c5-timing-event-v1	C5	asyncs	measured	dynamic-html-derived-v1	199	1	107257299c06432cb257299c06832c99	AI410	2	enclave_tsc_same_invocation	53554875583819	cycles		sgx_worker_enclave		observed
c5-timing-event-v1	C5	asyncs	measured	dynamic-html-derived-v1	199	1	107257299c06432cb257299c06832c99	AI420	3	enclave_tsc_same_invocation	53554875584397	cycles		sgx_worker_enclave		observed
c5-timing-event-v1	C5	asyncs	measured	dynamic-html-derived-v1	199	1	107257299c06432cb257299c06832c99	AI430	4	enclave_tsc_same_invocation	53554875587370	cycles		sgx_worker_enclave		observed
c5-timing-event-v1	C5	asyncs	measured	dynamic-html-derived-v1	199	1	107257299c06432cb257299c06832c99	AF400	5	enclave_tsc_same_invocation	53554890116001	cycles		sgx_worker_enclave		observed
c5-timing-event-v1	C5	asyncs	measured	dynamic-html-derived-v1	199	1	107257299c06432cb257299c06832c99	AF410	6	enclave_tsc_same_invocation	53556229395245	cycles		sgx_worker_enclave		observed
c5-timing-event-v1	C5	asyncs	measured	dynamic-html-derived-v1	199	1	107257299c06432cb257299c06832c99	AO400	7	enclave_tsc_same_invocation	53556231406064	cycles		sgx_worker_enclave		observed
c5-timing-event-v1	C5	asyncs	measured	dynamic-html-derived-v1	199	1	107257299c06432cb257299c06832c99	AO410	8	enclave_tsc_same_invocation	53556232003422	cycles		sgx_worker_enclave		observed
c5-timing-event-v1	C5	asyncs	measured	dynamic-html-derived-v1	199	1	107257299c06432cb257299c06832c99	AO420	9	enclave_tsc_same_invocation	53556232004483	cycles		sgx_worker_enclave		observed
c5-timing-event-v1	C5	asyncs	measured	dynamic-html-derived-v1	199	1	107257299c06432cb257299c06832c99	AO430	10	enclave_tsc_same_invocation	53556232013685	cycles		sgx_worker_enclave		observed
c5-timing-event-v1	C5	asyncs	measured	dynamic-html-derived-v1	199	1	107257299c06432cb257299c06832c99	A400	400	monotonic_ns_same_process	19821605330447	ns		asyncs_worker		observed
c5-timing-event-v1	C5	asyncs	measured	dynamic-html-derived-v1	199	1	107257299c06432cb257299c06832c99	A410	410	monotonic_ns_same_process	19822115803813	ns		asyncs_worker		observed
c5-timing-event-v1	C5	asyncs	measured	dynamic-html-derived-v1	200	1	b44f748eaa054e838f748eaa05de83e8	AI400	1	enclave_tsc_same_invocation	53556200931208	cycles		sgx_worker_enclave		observed
c5-timing-event-v1	C5	asyncs	measured	dynamic-html-derived-v1	200	1	b44f748eaa054e838f748eaa05de83e8	AI410	2	enclave_tsc_same_invocation	53556207348183	cycles		sgx_worker_enclave		observed
c5-timing-event-v1	C5	asyncs	measured	dynamic-html-derived-v1	200	1	b44f748eaa054e838f748eaa05de83e8	AI420	3	enclave_tsc_same_invocation	53556207348799	cycles		sgx_worker_enclave		observed
c5-timing-event-v1	C5	asyncs	measured	dynamic-html-derived-v1	200	1	b44f748eaa054e838f748eaa05de83e8	AI430	4	enclave_tsc_same_invocation	53556207351573	cycles		sgx_worker_enclave		observed
c5-timing-event-v1	C5	asyncs	measured	dynamic-html-derived-v1	200	1	b44f748eaa054e838f748eaa05de83e8	AF400	5	enclave_tsc_same_invocation	53556219333846	cycles		sgx_worker_enclave		observed
c5-timing-event-v1	C5	asyncs	measured	dynamic-html-derived-v1	200	1	b44f748eaa054e838f748eaa05de83e8	AF410	6	enclave_tsc_same_invocation	53557097516670	cycles		sgx_worker_enclave		observed
c5-timing-event-v1	C5	asyncs	measured	dynamic-html-derived-v1	200	1	b44f748eaa054e838f748eaa05de83e8	AO400	7	enclave_tsc_same_invocation	53557099438316	cycles		sgx_worker_enclave		observed
c5-timing-event-v1	C5	asyncs	measured	dynamic-html-derived-v1	200	1	b44f748eaa054e838f748eaa05de83e8	AO410	8	enclave_tsc_same_invocation	53557100061748	cycles		sgx_worker_enclave		observed
c5-timing-event-v1	C5	asyncs	measured	dynamic-html-derived-v1	200	1	b44f748eaa054e838f748eaa05de83e8	AO420	9	enclave_tsc_same_invocation	53557100062655	cycles		sgx_worker_enclave		observed
c5-timing-event-v1	C5	asyncs	measured	dynamic-html-derived-v1	200	1	b44f748eaa054e838f748eaa05de83e8	AO430	10	enclave_tsc_same_invocation	53557100072770	cycles		sgx_worker_enclave		observed
c5-timing-event-v1	C5	asyncs	measured	dynamic-html-derived-v1	200	1	b44f748eaa054e838f748eaa05de83e8	A400	400	monotonic_ns_same_process	19822940498917	ns		asyncs_worker		observed
c5-timing-event-v1	C5	asyncs	measured	dynamic-html-derived-v1	200	1	b44f748eaa054e838f748eaa05de83e8	A410	410	monotonic_ns_same_process	19823274674358	ns		asyncs_worker		observed
c5-timing-event-v1	C5	asyncs	measured	dynamic-html-derived-v1	201	1	697d3ee80c8348c4bd3ee80c8368c47e	AI400	1	enclave_tsc_same_invocation	53556359067927	cycles		sgx_worker_enclave		observed
c5-timing-event-v1	C5	asyncs	measured	dynamic-html-derived-v1	201	1	697d3ee80c8348c4bd3ee80c8368c47e	AI410	2	enclave_tsc_same_invocation	53556365880331	cycles		sgx_worker_enclave		observed
c5-timing-event-v1	C5	asyncs	measured	dynamic-html-derived-v1	201	1	697d3ee80c8348c4bd3ee80c8368c47e	AI420	3	enclave_tsc_same_invocation	53556365880918	cycles		sgx_worker_enclave		observed
c5-timing-event-v1	C5	asyncs	measured	dynamic-html-derived-v1	201	1	697d3ee80c8348c4bd3ee80c8368c47e	AI430	4	enclave_tsc_same_invocation	53556365883644	cycles		sgx_worker_enclave		observed
c5-timing-event-v1	C5	asyncs	measured	dynamic-html-derived-v1	201	1	697d3ee80c8348c4bd3ee80c8368c47e	AF400	5	enclave_tsc_same_invocation	53556377667275	cycles		sgx_worker_enclave		observed
c5-timing-event-v1	C5	asyncs	measured	dynamic-html-derived-v1	201	1	697d3ee80c8348c4bd3ee80c8368c47e	AF410	6	enclave_tsc_same_invocation	53557555570880	cycles		sgx_worker_enclave		observed
c5-timing-event-v1	C5	asyncs	measured	dynamic-html-derived-v1	201	1	697d3ee80c8348c4bd3ee80c8368c47e	AO400	7	enclave_tsc_same_invocation	53557557797172	cycles		sgx_worker_enclave		observed
c5-timing-event-v1	C5	asyncs	measured	dynamic-html-derived-v1	201	1	697d3ee80c8348c4bd3ee80c8368c47e	AO410	8	enclave_tsc_same_invocation	53557558844035	cycles		sgx_worker_enclave		observed
c5-timing-event-v1	C5	asyncs	measured	dynamic-html-derived-v1	201	1	697d3ee80c8348c4bd3ee80c8368c47e	AO420	9	enclave_tsc_same_invocation	53557558844724	cycles		sgx_worker_enclave		observed
c5-timing-event-v1	C5	asyncs	measured	dynamic-html-derived-v1	201	1	697d3ee80c8348c4bd3ee80c8368c47e	AO430	10	enclave_tsc_same_invocation	53557558858582	cycles		sgx_worker_enclave		observed
c5-timing-event-v1	C5	asyncs	measured	dynamic-html-derived-v1	201	1	697d3ee80c8348c4bd3ee80c8368c47e	A400	400	monotonic_ns_same_process	19822160613598	ns		asyncs_worker		observed
c5-timing-event-v1	C5	asyncs	measured	dynamic-html-derived-v1	201	1	697d3ee80c8348c4bd3ee80c8368c47e	A410	410	monotonic_ns_same_process	19822607274384	ns		asyncs_worker		observed
c5-timing-event-v1	C5	asyncs	measured	dynamic-html-derived-v1	202	1	bf07742dca964bb287742dca96fbb2d3	AI400	1	enclave_tsc_same_invocation	53557258507046	cycles		sgx_worker_enclave		observed
c5-timing-event-v1	C5	asyncs	measured	dynamic-html-derived-v1	202	1	bf07742dca964bb287742dca96fbb2d3	AI410	2	enclave_tsc_same_invocation	53557265009269	cycles		sgx_worker_enclave		observed
c5-timing-event-v1	C5	asyncs	measured	dynamic-html-derived-v1	202	1	bf07742dca964bb287742dca96fbb2d3	AI420	3	enclave_tsc_same_invocation	53557265009812	cycles		sgx_worker_enclave		observed
c5-timing-event-v1	C5	asyncs	measured	dynamic-html-derived-v1	202	1	bf07742dca964bb287742dca96fbb2d3	AI430	4	enclave_tsc_same_invocation	53557265012650	cycles		sgx_worker_enclave		observed
c5-timing-event-v1	C5	asyncs	measured	dynamic-html-derived-v1	202	1	bf07742dca964bb287742dca96fbb2d3	AF400	5	enclave_tsc_same_invocation	53557291790494	cycles		sgx_worker_enclave		observed
c5-timing-event-v1	C5	asyncs	measured	dynamic-html-derived-v1	202	1	bf07742dca964bb287742dca96fbb2d3	AF410	6	enclave_tsc_same_invocation	53558278323329	cycles		sgx_worker_enclave		observed
c5-timing-event-v1	C5	asyncs	measured	dynamic-html-derived-v1	202	1	bf07742dca964bb287742dca96fbb2d3	AO400	7	enclave_tsc_same_invocation	53558280375263	cycles		sgx_worker_enclave		observed
c5-timing-event-v1	C5	asyncs	measured	dynamic-html-derived-v1	202	1	bf07742dca964bb287742dca96fbb2d3	AO410	8	enclave_tsc_same_invocation	53558280991129	cycles		sgx_worker_enclave		observed
c5-timing-event-v1	C5	asyncs	measured	dynamic-html-derived-v1	202	1	bf07742dca964bb287742dca96fbb2d3	AO420	9	enclave_tsc_same_invocation	53558280991941	cycles		sgx_worker_enclave		observed
c5-timing-event-v1	C5	asyncs	measured	dynamic-html-derived-v1	202	1	bf07742dca964bb287742dca96fbb2d3	AO430	10	enclave_tsc_same_invocation	53558281002000	cycles		sgx_worker_enclave		observed
c5-timing-event-v1	C5	asyncs	measured	dynamic-html-derived-v1	202	1	bf07742dca964bb287742dca96fbb2d3	A400	400	monotonic_ns_same_process	19823332262248	ns		asyncs_worker		observed
c5-timing-event-v1	C5	asyncs	measured	dynamic-html-derived-v1	202	1	bf07742dca964bb287742dca96fbb2d3	A410	410	monotonic_ns_same_process	19823712076395	ns		asyncs_worker		observed
c5-timing-event-v1	C5	asyncs	measured	dynamic-html-derived-v1	203	1	f5052434aae54057852434aae5f05722	AI400	1	enclave_tsc_same_invocation	53556710846365	cycles		sgx_worker_enclave		observed
c5-timing-event-v1	C5	asyncs	measured	dynamic-html-derived-v1	203	1	f5052434aae54057852434aae5f05722	AI410	2	enclave_tsc_same_invocation	53556722575136	cycles		sgx_worker_enclave		observed
c5-timing-event-v1	C5	asyncs	measured	dynamic-html-derived-v1	203	1	f5052434aae54057852434aae5f05722	AI420	3	enclave_tsc_same_invocation	53556722576186	cycles		sgx_worker_enclave		observed
c5-timing-event-v1	C5	asyncs	measured	dynamic-html-derived-v1	203	1	f5052434aae54057852434aae5f05722	AI430	4	enclave_tsc_same_invocation	53556722580465	cycles		sgx_worker_enclave		observed
c5-timing-event-v1	C5	asyncs	measured	dynamic-html-derived-v1	203	1	f5052434aae54057852434aae5f05722	AF400	5	enclave_tsc_same_invocation	53556742678857	cycles		sgx_worker_enclave		observed
c5-timing-event-v1	C5	asyncs	measured	dynamic-html-derived-v1	203	1	f5052434aae54057852434aae5f05722	AF410	6	enclave_tsc_same_invocation	53558129053344	cycles		sgx_worker_enclave		observed
c5-timing-event-v1	C5	asyncs	measured	dynamic-html-derived-v1	203	1	f5052434aae54057852434aae5f05722	AO400	7	enclave_tsc_same_invocation	53558131221553	cycles		sgx_worker_enclave		observed
c5-timing-event-v1	C5	asyncs	measured	dynamic-html-derived-v1	203	1	f5052434aae54057852434aae5f05722	AO410	8	enclave_tsc_same_invocation	53558132269218	cycles		sgx_worker_enclave		observed
c5-timing-event-v1	C5	asyncs	measured	dynamic-html-derived-v1	203	1	f5052434aae54057852434aae5f05722	AO420	9	enclave_tsc_same_invocation	53558132270214	cycles		sgx_worker_enclave		observed
c5-timing-event-v1	C5	asyncs	measured	dynamic-html-derived-v1	203	1	f5052434aae54057852434aae5f05722	AO430	10	enclave_tsc_same_invocation	53558132284377	cycles		sgx_worker_enclave		observed
c5-timing-event-v1	C5	asyncs	measured	dynamic-html-derived-v1	203	1	f5052434aae54057852434aae5f05722	A400	400	monotonic_ns_same_process	19822291035421	ns		asyncs_worker		observed
c5-timing-event-v1	C5	asyncs	measured	dynamic-html-derived-v1	203	1	f5052434aae54057852434aae5f05722	A410	410	monotonic_ns_same_process	19822819652786	ns		asyncs_worker		observed
c5-timing-event-v1	C5	asyncs	measured	dynamic-html-derived-v1	204	1	e51a05cf9b0a4b759a05cf9b0a0b750a	AI400	1	enclave_tsc_same_invocation	53557731886043	cycles		sgx_worker_enclave		observed
c5-timing-event-v1	C5	asyncs	measured	dynamic-html-derived-v1	204	1	e51a05cf9b0a4b759a05cf9b0a0b750a	AI410	2	enclave_tsc_same_invocation	53557743600205	cycles		sgx_worker_enclave		observed
c5-timing-event-v1	C5	asyncs	measured	dynamic-html-derived-v1	204	1	e51a05cf9b0a4b759a05cf9b0a0b750a	AI420	3	enclave_tsc_same_invocation	53557743601233	cycles		sgx_worker_enclave		observed
c5-timing-event-v1	C5	asyncs	measured	dynamic-html-derived-v1	204	1	e51a05cf9b0a4b759a05cf9b0a0b750a	AI430	4	enclave_tsc_same_invocation	53557743604965	cycles		sgx_worker_enclave		observed
c5-timing-event-v1	C5	asyncs	measured	dynamic-html-derived-v1	204	1	e51a05cf9b0a4b759a05cf9b0a0b750a	AF400	5	enclave_tsc_same_invocation	53557764304706	cycles		sgx_worker_enclave		observed
c5-timing-event-v1	C5	asyncs	measured	dynamic-html-derived-v1	204	1	e51a05cf9b0a4b759a05cf9b0a0b750a	AF410	6	enclave_tsc_same_invocation	53559153827378	cycles		sgx_worker_enclave		observed
c5-timing-event-v1	C5	asyncs	measured	dynamic-html-derived-v1	204	1	e51a05cf9b0a4b759a05cf9b0a0b750a	AO400	7	enclave_tsc_same_invocation	53559156083178	cycles		sgx_worker_enclave		observed
c5-timing-event-v1	C5	asyncs	measured	dynamic-html-derived-v1	204	1	e51a05cf9b0a4b759a05cf9b0a0b750a	AO410	8	enclave_tsc_same_invocation	53559157101568	cycles		sgx_worker_enclave		observed
c5-timing-event-v1	C5	asyncs	measured	dynamic-html-derived-v1	204	1	e51a05cf9b0a4b759a05cf9b0a0b750a	AO420	9	enclave_tsc_same_invocation	53559157102725	cycles		sgx_worker_enclave		observed
c5-timing-event-v1	C5	asyncs	measured	dynamic-html-derived-v1	204	1	e51a05cf9b0a4b759a05cf9b0a0b750a	AO430	10	enclave_tsc_same_invocation	53559157116966	cycles		sgx_worker_enclave		observed
c5-timing-event-v1	C5	asyncs	measured	dynamic-html-derived-v1	204	1	e51a05cf9b0a4b759a05cf9b0a0b750a	A400	400	monotonic_ns_same_process	19822669640554	ns		asyncs_worker		observed
c5-timing-event-v1	C5	asyncs	measured	dynamic-html-derived-v1	204	1	e51a05cf9b0a4b759a05cf9b0a0b750a	A410	410	monotonic_ns_same_process	19823199248364	ns		asyncs_worker		observed
c5-timing-event-v1	C5	asyncs	measured	dynamic-html-derived-v1	205	1	6ca7d0d87df84665a7d0d87df8d66526	AI400	1	enclave_tsc_same_invocation	53558471427012	cycles		sgx_worker_enclave		observed
c5-timing-event-v1	C5	asyncs	measured	dynamic-html-derived-v1	205	1	6ca7d0d87df84665a7d0d87df8d66526	AI410	2	enclave_tsc_same_invocation	53558478023185	cycles		sgx_worker_enclave		observed
c5-timing-event-v1	C5	asyncs	measured	dynamic-html-derived-v1	205	1	6ca7d0d87df84665a7d0d87df8d66526	AI420	3	enclave_tsc_same_invocation	53558478023753	cycles		sgx_worker_enclave		observed
c5-timing-event-v1	C5	asyncs	measured	dynamic-html-derived-v1	205	1	6ca7d0d87df84665a7d0d87df8d66526	AI430	4	enclave_tsc_same_invocation	53558478026528	cycles		sgx_worker_enclave		observed
c5-timing-event-v1	C5	asyncs	measured	dynamic-html-derived-v1	205	1	6ca7d0d87df84665a7d0d87df8d66526	AF400	5	enclave_tsc_same_invocation	53558489581278	cycles		sgx_worker_enclave		observed
c5-timing-event-v1	C5	asyncs	measured	dynamic-html-derived-v1	205	1	6ca7d0d87df84665a7d0d87df8d66526	AF410	6	enclave_tsc_same_invocation	53559372683368	cycles		sgx_worker_enclave		observed
c5-timing-event-v1	C5	asyncs	measured	dynamic-html-derived-v1	205	1	6ca7d0d87df84665a7d0d87df8d66526	AO400	7	enclave_tsc_same_invocation	53559374725878	cycles		sgx_worker_enclave		observed
c5-timing-event-v1	C5	asyncs	measured	dynamic-html-derived-v1	205	1	6ca7d0d87df84665a7d0d87df8d66526	AO410	8	enclave_tsc_same_invocation	53559375328464	cycles		sgx_worker_enclave		observed
c5-timing-event-v1	C5	asyncs	measured	dynamic-html-derived-v1	205	1	6ca7d0d87df84665a7d0d87df8d66526	AO420	9	enclave_tsc_same_invocation	53559375329278	cycles		sgx_worker_enclave		observed
c5-timing-event-v1	C5	asyncs	measured	dynamic-html-derived-v1	205	1	6ca7d0d87df84665a7d0d87df8d66526	AO430	10	enclave_tsc_same_invocation	53559375339469	cycles		sgx_worker_enclave		observed
c5-timing-event-v1	C5	asyncs	measured	dynamic-html-derived-v1	205	1	6ca7d0d87df84665a7d0d87df8d66526	A400	400	monotonic_ns_same_process	19823781491301	ns		asyncs_worker		observed
c5-timing-event-v1	C5	asyncs	measured	dynamic-html-derived-v1	205	1	6ca7d0d87df84665a7d0d87df8d66526	A410	410	monotonic_ns_same_process	19824117379764	ns		asyncs_worker		observed
c5-timing-event-v1	C5	asyncs	measured	dynamic-html-derived-v1	206	1	27583256926741569832569267b15605	AI400	1	enclave_tsc_same_invocation	53558343788846	cycles		sgx_worker_enclave		observed
c5-timing-event-v1	C5	asyncs	measured	dynamic-html-derived-v1	206	1	27583256926741569832569267b15605	AI410	2	enclave_tsc_same_invocation	53558355256772	cycles		sgx_worker_enclave		observed
c5-timing-event-v1	C5	asyncs	measured	dynamic-html-derived-v1	206	1	27583256926741569832569267b15605	AI420	3	enclave_tsc_same_invocation	53558355259104	cycles		sgx_worker_enclave		observed
c5-timing-event-v1	C5	asyncs	measured	dynamic-html-derived-v1	206	1	27583256926741569832569267b15605	AI430	4	enclave_tsc_same_invocation	53558355262910	cycles		sgx_worker_enclave		observed
c5-timing-event-v1	C5	asyncs	measured	dynamic-html-derived-v1	206	1	27583256926741569832569267b15605	AF400	5	enclave_tsc_same_invocation	53558375167398	cycles		sgx_worker_enclave		observed
c5-timing-event-v1	C5	asyncs	measured	dynamic-html-derived-v1	206	1	27583256926741569832569267b15605	AF410	6	enclave_tsc_same_invocation	53559586244407	cycles		sgx_worker_enclave		observed
c5-timing-event-v1	C5	asyncs	measured	dynamic-html-derived-v1	206	1	27583256926741569832569267b15605	AO400	7	enclave_tsc_same_invocation	53559588459208	cycles		sgx_worker_enclave		observed
c5-timing-event-v1	C5	asyncs	measured	dynamic-html-derived-v1	206	1	27583256926741569832569267b15605	AO410	8	enclave_tsc_same_invocation	53559589507676	cycles		sgx_worker_enclave		observed
c5-timing-event-v1	C5	asyncs	measured	dynamic-html-derived-v1	206	1	27583256926741569832569267b15605	AO420	9	enclave_tsc_same_invocation	53559589508805	cycles		sgx_worker_enclave		observed
c5-timing-event-v1	C5	asyncs	measured	dynamic-html-derived-v1	206	1	27583256926741569832569267b15605	AO430	10	enclave_tsc_same_invocation	53559589523303	cycles		sgx_worker_enclave		observed
c5-timing-event-v1	C5	asyncs	measured	dynamic-html-derived-v1	206	1	27583256926741569832569267b15605	A400	400	monotonic_ns_same_process	19822896271448	ns		asyncs_worker		observed
c5-timing-event-v1	C5	asyncs	measured	dynamic-html-derived-v1	206	1	27583256926741569832569267b15605	A410	410	monotonic_ns_same_process	19823359382399	ns		asyncs_worker		observed
c5-timing-event-v1	C5	asyncs	measured	dynamic-html-derived-v1	207	1	e49dcbee9ee740919dcbee9ee7b09117	AI400	1	enclave_tsc_same_invocation	53559924612175	cycles		sgx_worker_enclave		observed
c5-timing-event-v1	C5	asyncs	measured	dynamic-html-derived-v1	207	1	e49dcbee9ee740919dcbee9ee7b09117	AI410	2	enclave_tsc_same_invocation	53559931010527	cycles		sgx_worker_enclave		observed
c5-timing-event-v1	C5	asyncs	measured	dynamic-html-derived-v1	207	1	e49dcbee9ee740919dcbee9ee7b09117	AI420	3	enclave_tsc_same_invocation	53559931011045	cycles		sgx_worker_enclave		observed
c5-timing-event-v1	C5	asyncs	measured	dynamic-html-derived-v1	207	1	e49dcbee9ee740919dcbee9ee7b09117	AI430	4	enclave_tsc_same_invocation	53559931013831	cycles		sgx_worker_enclave		observed
c5-timing-event-v1	C5	asyncs	measured	dynamic-html-derived-v1	207	1	e49dcbee9ee740919dcbee9ee7b09117	AF400	5	enclave_tsc_same_invocation	53559942763214	cycles		sgx_worker_enclave		observed
c5-timing-event-v1	C5	asyncs	measured	dynamic-html-derived-v1	207	1	e49dcbee9ee740919dcbee9ee7b09117	AF410	6	enclave_tsc_same_invocation	53560819390022	cycles		sgx_worker_enclave		observed
c5-timing-event-v1	C5	asyncs	measured	dynamic-html-derived-v1	207	1	e49dcbee9ee740919dcbee9ee7b09117	AO400	7	enclave_tsc_same_invocation	53560821381310	cycles		sgx_worker_enclave		observed
c5-timing-event-v1	C5	asyncs	measured	dynamic-html-derived-v1	207	1	e49dcbee9ee740919dcbee9ee7b09117	AO410	8	enclave_tsc_same_invocation	53560822003991	cycles		sgx_worker_enclave		observed
c5-timing-event-v1	C5	asyncs	measured	dynamic-html-derived-v1	207	1	e49dcbee9ee740919dcbee9ee7b09117	AO420	9	enclave_tsc_same_invocation	53560822004921	cycles		sgx_worker_enclave		observed
c5-timing-event-v1	C5	asyncs	measured	dynamic-html-derived-v1	207	1	e49dcbee9ee740919dcbee9ee7b09117	AO430	10	enclave_tsc_same_invocation	53560822013611	cycles		sgx_worker_enclave		observed
c5-timing-event-v1	C5	asyncs	measured	dynamic-html-derived-v1	207	1	e49dcbee9ee740919dcbee9ee7b09117	A400	400	monotonic_ns_same_process	19824319688911	ns		asyncs_worker		observed
c5-timing-event-v1	C5	asyncs	measured	dynamic-html-derived-v1	207	1	e49dcbee9ee740919dcbee9ee7b09117	A410	410	monotonic_ns_same_process	19824653199480	ns		asyncs_worker		observed
c5-timing-event-v1	C5	asyncs	measured	dynamic-html-derived-v1	208	1	5e3a0867a7f34eb5ba0867a7f3feb551	AI400	1	enclave_tsc_same_invocation	53559476718454	cycles		sgx_worker_enclave		observed
c5-timing-event-v1	C5	asyncs	measured	dynamic-html-derived-v1	208	1	5e3a0867a7f34eb5ba0867a7f3feb551	AI410	2	enclave_tsc_same_invocation	53559488297700	cycles		sgx_worker_enclave		observed
c5-timing-event-v1	C5	asyncs	measured	dynamic-html-derived-v1	208	1	5e3a0867a7f34eb5ba0867a7f3feb551	AI420	3	enclave_tsc_same_invocation	53559488298670	cycles		sgx_worker_enclave		observed
c5-timing-event-v1	C5	asyncs	measured	dynamic-html-derived-v1	208	1	5e3a0867a7f34eb5ba0867a7f3feb551	AI430	4	enclave_tsc_same_invocation	53559488302637	cycles		sgx_worker_enclave		observed
c5-timing-event-v1	C5	asyncs	measured	dynamic-html-derived-v1	208	1	5e3a0867a7f34eb5ba0867a7f3feb551	AF400	5	enclave_tsc_same_invocation	53559508948350	cycles		sgx_worker_enclave		observed
c5-timing-event-v1	C5	asyncs	measured	dynamic-html-derived-v1	208	1	5e3a0867a7f34eb5ba0867a7f3feb551	AF410	6	enclave_tsc_same_invocation	53560786851985	cycles		sgx_worker_enclave		observed
c5-timing-event-v1	C5	asyncs	measured	dynamic-html-derived-v1	208	1	5e3a0867a7f34eb5ba0867a7f3feb551	AO400	7	enclave_tsc_same_invocation	53560789063818	cycles		sgx_worker_enclave		observed
c5-timing-event-v1	C5	asyncs	measured	dynamic-html-derived-v1	208	1	5e3a0867a7f34eb5ba0867a7f3feb551	AO410	8	enclave_tsc_same_invocation	53560790095913	cycles		sgx_worker_enclave		observed
c5-timing-event-v1	C5	asyncs	measured	dynamic-html-derived-v1	208	1	5e3a0867a7f34eb5ba0867a7f3feb551	AO420	9	enclave_tsc_same_invocation	53560790096727	cycles		sgx_worker_enclave		observed
c5-timing-event-v1	C5	asyncs	measured	dynamic-html-derived-v1	208	1	5e3a0867a7f34eb5ba0867a7f3feb551	AO430	10	enclave_tsc_same_invocation	53560790111785	cycles		sgx_worker_enclave		observed
c5-timing-event-v1	C5	asyncs	measured	dynamic-html-derived-v1	208	1	5e3a0867a7f34eb5ba0867a7f3feb551	A400	400	monotonic_ns_same_process	19823310786336	ns		asyncs_worker		observed
c5-timing-event-v1	C5	asyncs	measured	dynamic-html-derived-v1	208	1	5e3a0867a7f34eb5ba0867a7f3feb551	A410	410	monotonic_ns_same_process	19823804084779	ns		asyncs_worker		observed
c5-timing-event-v1	C5	asyncs	measured	dynamic-html-derived-v1	209	1	2f85f2886a3e458985f2886a3ef58997	AI400	1	enclave_tsc_same_invocation	53559776647957	cycles		sgx_worker_enclave		observed
c5-timing-event-v1	C5	asyncs	measured	dynamic-html-derived-v1	209	1	2f85f2886a3e458985f2886a3ef58997	AI410	2	enclave_tsc_same_invocation	53559787955983	cycles		sgx_worker_enclave		observed
c5-timing-event-v1	C5	asyncs	measured	dynamic-html-derived-v1	209	1	2f85f2886a3e458985f2886a3ef58997	AI420	3	enclave_tsc_same_invocation	53559787956899	cycles		sgx_worker_enclave		observed
c5-timing-event-v1	C5	asyncs	measured	dynamic-html-derived-v1	209	1	2f85f2886a3e458985f2886a3ef58997	AI430	4	enclave_tsc_same_invocation	53559787960478	cycles		sgx_worker_enclave		observed
c5-timing-event-v1	C5	asyncs	measured	dynamic-html-derived-v1	209	1	2f85f2886a3e458985f2886a3ef58997	AF400	5	enclave_tsc_same_invocation	53559807566142	cycles		sgx_worker_enclave		observed
c5-timing-event-v1	C5	asyncs	measured	dynamic-html-derived-v1	209	1	2f85f2886a3e458985f2886a3ef58997	AF410	6	enclave_tsc_same_invocation	53561168274504	cycles		sgx_worker_enclave		observed
c5-timing-event-v1	C5	asyncs	measured	dynamic-html-derived-v1	209	1	2f85f2886a3e458985f2886a3ef58997	AO400	7	enclave_tsc_same_invocation	53561170596937	cycles		sgx_worker_enclave		observed
c5-timing-event-v1	C5	asyncs	measured	dynamic-html-derived-v1	209	1	2f85f2886a3e458985f2886a3ef58997	AO410	8	enclave_tsc_same_invocation	53561171672461	cycles		sgx_worker_enclave		observed
c5-timing-event-v1	C5	asyncs	measured	dynamic-html-derived-v1	209	1	2f85f2886a3e458985f2886a3ef58997	AO420	9	enclave_tsc_same_invocation	53561171673586	cycles		sgx_worker_enclave		observed
c5-timing-event-v1	C5	asyncs	measured	dynamic-html-derived-v1	209	1	2f85f2886a3e458985f2886a3ef58997	AO430	10	enclave_tsc_same_invocation	53561171687512	cycles		sgx_worker_enclave		observed
c5-timing-event-v1	C5	asyncs	measured	dynamic-html-derived-v1	209	1	2f85f2886a3e458985f2886a3ef58997	A400	400	monotonic_ns_same_process	19823426846996	ns		asyncs_worker		observed
c5-timing-event-v1	C5	asyncs	measured	dynamic-html-derived-v1	209	1	2f85f2886a3e458985f2886a3ef58997	A410	410	monotonic_ns_same_process	19823945378578	ns		asyncs_worker		observed
c5-timing-event-v1	C5	asyncs	measured	dynamic-html-derived-v1	210	1	b86e821d983e4960ae821d983ec96093	AI400	1	enclave_tsc_same_invocation	53560964565473	cycles		sgx_worker_enclave		observed
c5-timing-event-v1	C5	asyncs	measured	dynamic-html-derived-v1	210	1	b86e821d983e4960ae821d983ec96093	AI410	2	enclave_tsc_same_invocation	53560971128173	cycles		sgx_worker_enclave		observed
c5-timing-event-v1	C5	asyncs	measured	dynamic-html-derived-v1	210	1	b86e821d983e4960ae821d983ec96093	AI420	3	enclave_tsc_same_invocation	53560971129856	cycles		sgx_worker_enclave		observed
c5-timing-event-v1	C5	asyncs	measured	dynamic-html-derived-v1	210	1	b86e821d983e4960ae821d983ec96093	AI430	4	enclave_tsc_same_invocation	53560971133311	cycles		sgx_worker_enclave		observed
c5-timing-event-v1	C5	asyncs	measured	dynamic-html-derived-v1	210	1	b86e821d983e4960ae821d983ec96093	AF400	5	enclave_tsc_same_invocation	53560982849842	cycles		sgx_worker_enclave		observed
c5-timing-event-v1	C5	asyncs	measured	dynamic-html-derived-v1	210	1	b86e821d983e4960ae821d983ec96093	AF410	6	enclave_tsc_same_invocation	53561861545777	cycles		sgx_worker_enclave		observed
c5-timing-event-v1	C5	asyncs	measured	dynamic-html-derived-v1	210	1	b86e821d983e4960ae821d983ec96093	AO400	7	enclave_tsc_same_invocation	53561863512519	cycles		sgx_worker_enclave		observed
c5-timing-event-v1	C5	asyncs	measured	dynamic-html-derived-v1	210	1	b86e821d983e4960ae821d983ec96093	AO410	8	enclave_tsc_same_invocation	53561864158777	cycles		sgx_worker_enclave		observed
c5-timing-event-v1	C5	asyncs	measured	dynamic-html-derived-v1	210	1	b86e821d983e4960ae821d983ec96093	AO420	9	enclave_tsc_same_invocation	53561864159764	cycles		sgx_worker_enclave		observed
c5-timing-event-v1	C5	asyncs	measured	dynamic-html-derived-v1	210	1	b86e821d983e4960ae821d983ec96093	AO430	10	enclave_tsc_same_invocation	53561864169430	cycles		sgx_worker_enclave		observed
c5-timing-event-v1	C5	asyncs	measured	dynamic-html-derived-v1	210	1	b86e821d983e4960ae821d983ec96093	A400	400	monotonic_ns_same_process	19824704899908	ns		asyncs_worker		observed
c5-timing-event-v1	C5	asyncs	measured	dynamic-html-derived-v1	210	1	b86e821d983e4960ae821d983ec96093	A410	410	monotonic_ns_same_process	19825039199424	ns		asyncs_worker		observed
c5-timing-event-v1	C5	asyncs	measured	dynamic-html-derived-v1	211	1	9f49c22f2bb5476f89c22f2bb5276f27	AI400	1	enclave_tsc_same_invocation	53560960569605	cycles		sgx_worker_enclave		observed
c5-timing-event-v1	C5	asyncs	measured	dynamic-html-derived-v1	211	1	9f49c22f2bb5476f89c22f2bb5276f27	AI410	2	enclave_tsc_same_invocation	53560979120131	cycles		sgx_worker_enclave		observed
c5-timing-event-v1	C5	asyncs	measured	dynamic-html-derived-v1	211	1	9f49c22f2bb5476f89c22f2bb5276f27	AI420	3	enclave_tsc_same_invocation	53560979120774	cycles		sgx_worker_enclave		observed
c5-timing-event-v1	C5	asyncs	measured	dynamic-html-derived-v1	211	1	9f49c22f2bb5476f89c22f2bb5276f27	AI430	4	enclave_tsc_same_invocation	53560979123587	cycles		sgx_worker_enclave		observed
c5-timing-event-v1	C5	asyncs	measured	dynamic-html-derived-v1	211	1	9f49c22f2bb5476f89c22f2bb5276f27	AF400	5	enclave_tsc_same_invocation	53560994731745	cycles		sgx_worker_enclave		observed
c5-timing-event-v1	C5	asyncs	measured	dynamic-html-derived-v1	211	1	9f49c22f2bb5476f89c22f2bb5276f27	AF410	6	enclave_tsc_same_invocation	53562236538680	cycles		sgx_worker_enclave		observed
c5-timing-event-v1	C5	asyncs	measured	dynamic-html-derived-v1	211	1	9f49c22f2bb5476f89c22f2bb5276f27	AO400	7	enclave_tsc_same_invocation	53562238806644	cycles		sgx_worker_enclave		observed
c5-timing-event-v1	C5	asyncs	measured	dynamic-html-derived-v1	211	1	9f49c22f2bb5476f89c22f2bb5276f27	AO410	8	enclave_tsc_same_invocation	53562239827477	cycles		sgx_worker_enclave		observed
c5-timing-event-v1	C5	asyncs	measured	dynamic-html-derived-v1	211	1	9f49c22f2bb5476f89c22f2bb5276f27	AO420	9	enclave_tsc_same_invocation	53562239828557	cycles		sgx_worker_enclave		observed
c5-timing-event-v1	C5	asyncs	measured	dynamic-html-derived-v1	211	1	9f49c22f2bb5476f89c22f2bb5276f27	AO430	10	enclave_tsc_same_invocation	53562239843353	cycles		sgx_worker_enclave		observed
c5-timing-event-v1	C5	asyncs	measured	dynamic-html-derived-v1	211	1	9f49c22f2bb5476f89c22f2bb5276f27	A400	400	monotonic_ns_same_process	19823865483549	ns		asyncs_worker		observed
c5-timing-event-v1	C5	asyncs	measured	dynamic-html-derived-v1	211	1	9f49c22f2bb5476f89c22f2bb5276f27	A410	410	monotonic_ns_same_process	19824341002589	ns		asyncs_worker		observed
c5-timing-event-v1	C5	asyncs	measured	dynamic-html-derived-v1	212	1	b4b6d6c1c99242e4b6d6c1c99252e419	AI400	1	enclave_tsc_same_invocation	53561956860158	cycles		sgx_worker_enclave		observed
c5-timing-event-v1	C5	asyncs	measured	dynamic-html-derived-v1	212	1	b4b6d6c1c99242e4b6d6c1c99252e419	AI410	2	enclave_tsc_same_invocation	53561965454550	cycles		sgx_worker_enclave		observed
c5-timing-event-v1	C5	asyncs	measured	dynamic-html-derived-v1	212	1	b4b6d6c1c99242e4b6d6c1c99252e419	AI420	3	enclave_tsc_same_invocation	53561965455376	cycles		sgx_worker_enclave		observed
c5-timing-event-v1	C5	asyncs	measured	dynamic-html-derived-v1	212	1	b4b6d6c1c99242e4b6d6c1c99252e419	AI430	4	enclave_tsc_same_invocation	53561965458082	cycles		sgx_worker_enclave		observed
c5-timing-event-v1	C5	asyncs	measured	dynamic-html-derived-v1	212	1	b4b6d6c1c99242e4b6d6c1c99252e419	AF400	5	enclave_tsc_same_invocation	53561977127132	cycles		sgx_worker_enclave		observed
c5-timing-event-v1	C5	asyncs	measured	dynamic-html-derived-v1	212	1	b4b6d6c1c99242e4b6d6c1c99252e419	AF410	6	enclave_tsc_same_invocation	53562854853052	cycles		sgx_worker_enclave		observed
c5-timing-event-v1	C5	asyncs	measured	dynamic-html-derived-v1	212	1	b4b6d6c1c99242e4b6d6c1c99252e419	AO400	7	enclave_tsc_same_invocation	53562856809049	cycles		sgx_worker_enclave		observed
c5-timing-event-v1	C5	asyncs	measured	dynamic-html-derived-v1	212	1	b4b6d6c1c99242e4b6d6c1c99252e419	AO410	8	enclave_tsc_same_invocation	53562857415299	cycles		sgx_worker_enclave		observed
c5-timing-event-v1	C5	asyncs	measured	dynamic-html-derived-v1	212	1	b4b6d6c1c99242e4b6d6c1c99252e419	AO420	9	enclave_tsc_same_invocation	53562857416040	cycles		sgx_worker_enclave		observed
c5-timing-event-v1	C5	asyncs	measured	dynamic-html-derived-v1	212	1	b4b6d6c1c99242e4b6d6c1c99252e419	AO430	10	enclave_tsc_same_invocation	53562857425669	cycles		sgx_worker_enclave		observed
c5-timing-event-v1	C5	asyncs	measured	dynamic-html-derived-v1	212	1	b4b6d6c1c99242e4b6d6c1c99252e419	A400	400	monotonic_ns_same_process	19825072393414	ns		asyncs_worker		observed
c5-timing-event-v1	C5	asyncs	measured	dynamic-html-derived-v1	212	1	b4b6d6c1c99242e4b6d6c1c99252e419	A410	410	monotonic_ns_same_process	19825407073580	ns		asyncs_worker		observed
c5-timing-event-v1	C5	asyncs	measured	dynamic-html-derived-v1	213	1	d422d1baf8254ba6a2d1baf8257ba66e	AI400	1	enclave_tsc_same_invocation	53561441324327	cycles		sgx_worker_enclave		observed
c5-timing-event-v1	C5	asyncs	measured	dynamic-html-derived-v1	213	1	d422d1baf8254ba6a2d1baf8257ba66e	AI410	2	enclave_tsc_same_invocation	53561452741748	cycles		sgx_worker_enclave		observed
c5-timing-event-v1	C5	asyncs	measured	dynamic-html-derived-v1	213	1	d422d1baf8254ba6a2d1baf8257ba66e	AI420	3	enclave_tsc_same_invocation	53561452742683	cycles		sgx_worker_enclave		observed
c5-timing-event-v1	C5	asyncs	measured	dynamic-html-derived-v1	213	1	d422d1baf8254ba6a2d1baf8257ba66e	AI430	4	enclave_tsc_same_invocation	53561452747045	cycles		sgx_worker_enclave		observed
c5-timing-event-v1	C5	asyncs	measured	dynamic-html-derived-v1	213	1	d422d1baf8254ba6a2d1baf8257ba66e	AF400	5	enclave_tsc_same_invocation	53561472477619	cycles		sgx_worker_enclave		observed
c5-timing-event-v1	C5	asyncs	measured	dynamic-html-derived-v1	213	1	d422d1baf8254ba6a2d1baf8257ba66e	AF410	6	enclave_tsc_same_invocation	53562765442887	cycles		sgx_worker_enclave		observed
c5-timing-event-v1	C5	asyncs	measured	dynamic-html-derived-v1	213	1	d422d1baf8254ba6a2d1baf8257ba66e	AO400	7	enclave_tsc_same_invocation	53562767692626	cycles		sgx_worker_enclave		observed
c5-timing-event-v1	C5	asyncs	measured	dynamic-html-derived-v1	213	1	d422d1baf8254ba6a2d1baf8257ba66e	AO410	8	enclave_tsc_same_invocation	53562768696099	cycles		sgx_worker_enclave		observed
c5-timing-event-v1	C5	asyncs	measured	dynamic-html-derived-v1	213	1	d422d1baf8254ba6a2d1baf8257ba66e	AO420	9	enclave_tsc_same_invocation	53562768697080	cycles		sgx_worker_enclave		observed
c5-timing-event-v1	C5	asyncs	measured	dynamic-html-derived-v1	213	1	d422d1baf8254ba6a2d1baf8257ba66e	AO430	10	enclave_tsc_same_invocation	53562768712737	cycles		sgx_worker_enclave		observed
c5-timing-event-v1	C5	asyncs	measured	dynamic-html-derived-v1	213	1	d422d1baf8254ba6a2d1baf8257ba66e	A400	400	monotonic_ns_same_process	19824041836871	ns		asyncs_worker		observed
c5-timing-event-v1	C5	asyncs	measured	dynamic-html-derived-v1	213	1	d422d1baf8254ba6a2d1baf8257ba66e	A410	410	monotonic_ns_same_process	19824536883322	ns		asyncs_worker		observed
c5-timing-event-v1	C5	asyncs	measured	dynamic-html-derived-v1	214	1	db4c282254e14f8b8c282254e17f8bdb	AI400	1	enclave_tsc_same_invocation	53563036894645	cycles		sgx_worker_enclave		observed
c5-timing-event-v1	C5	asyncs	measured	dynamic-html-derived-v1	214	1	db4c282254e14f8b8c282254e17f8bdb	AI410	2	enclave_tsc_same_invocation	53563043292923	cycles		sgx_worker_enclave		observed
c5-timing-event-v1	C5	asyncs	measured	dynamic-html-derived-v1	214	1	db4c282254e14f8b8c282254e17f8bdb	AI420	3	enclave_tsc_same_invocation	53563043293448	cycles		sgx_worker_enclave		observed
c5-timing-event-v1	C5	asyncs	measured	dynamic-html-derived-v1	214	1	db4c282254e14f8b8c282254e17f8bdb	AI430	4	enclave_tsc_same_invocation	53563043296277	cycles		sgx_worker_enclave		observed
c5-timing-event-v1	C5	asyncs	measured	dynamic-html-derived-v1	214	1	db4c282254e14f8b8c282254e17f8bdb	AF400	5	enclave_tsc_same_invocation	53563055131251	cycles		sgx_worker_enclave		observed
c5-timing-event-v1	C5	asyncs	measured	dynamic-html-derived-v1	214	1	db4c282254e14f8b8c282254e17f8bdb	AF410	6	enclave_tsc_same_invocation	53563937286908	cycles		sgx_worker_enclave		observed
c5-timing-event-v1	C5	asyncs	measured	dynamic-html-derived-v1	214	1	db4c282254e14f8b8c282254e17f8bdb	AO400	7	enclave_tsc_same_invocation	53563939261465	cycles		sgx_worker_enclave		observed
c5-timing-event-v1	C5	asyncs	measured	dynamic-html-derived-v1	214	1	db4c282254e14f8b8c282254e17f8bdb	AO410	8	enclave_tsc_same_invocation	53563939862642	cycles		sgx_worker_enclave		observed
c5-timing-event-v1	C5	asyncs	measured	dynamic-html-derived-v1	214	1	db4c282254e14f8b8c282254e17f8bdb	AO420	9	enclave_tsc_same_invocation	53563939863414	cycles		sgx_worker_enclave		observed
c5-timing-event-v1	C5	asyncs	measured	dynamic-html-derived-v1	214	1	db4c282254e14f8b8c282254e17f8bdb	AO430	10	enclave_tsc_same_invocation	53563939874365	cycles		sgx_worker_enclave		observed
c5-timing-event-v1	C5	asyncs	measured	dynamic-html-derived-v1	214	1	db4c282254e14f8b8c282254e17f8bdb	A400	400	monotonic_ns_same_process	19825472423679	ns		asyncs_worker		observed
c5-timing-event-v1	C5	asyncs	measured	dynamic-html-derived-v1	214	1	db4c282254e14f8b8c282254e17f8bdb	A410	410	monotonic_ns_same_process	19825807987675	ns		asyncs_worker		observed
c5-timing-event-v1	C5	asyncs	measured	dynamic-html-derived-v1	215	1	5f783b651a324920b83b651a32d920af	AI400	1	enclave_tsc_same_invocation	53562478373473	cycles		sgx_worker_enclave		observed
c5-timing-event-v1	C5	asyncs	measured	dynamic-html-derived-v1	215	1	5f783b651a324920b83b651a32d920af	AI410	2	enclave_tsc_same_invocation	53562484760348	cycles		sgx_worker_enclave		observed
c5-timing-event-v1	C5	asyncs	measured	dynamic-html-derived-v1	215	1	5f783b651a324920b83b651a32d920af	AI420	3	enclave_tsc_same_invocation	53562484761083	cycles		sgx_worker_enclave		observed
c5-timing-event-v1	C5	asyncs	measured	dynamic-html-derived-v1	215	1	5f783b651a324920b83b651a32d920af	AI430	4	enclave_tsc_same_invocation	53562484764100	cycles		sgx_worker_enclave		observed
c5-timing-event-v1	C5	asyncs	measured	dynamic-html-derived-v1	215	1	5f783b651a324920b83b651a32d920af	AF400	5	enclave_tsc_same_invocation	53562507230178	cycles		sgx_worker_enclave		observed
c5-timing-event-v1	C5	asyncs	measured	dynamic-html-derived-v1	215	1	5f783b651a324920b83b651a32d920af	AF410	6	enclave_tsc_same_invocation	53563827362638	cycles		sgx_worker_enclave		observed
c5-timing-event-v1	C5	asyncs	measured	dynamic-html-derived-v1	215	1	5f783b651a324920b83b651a32d920af	AO400	7	enclave_tsc_same_invocation	53563829569970	cycles		sgx_worker_enclave		observed
c5-timing-event-v1	C5	asyncs	measured	dynamic-html-derived-v1	215	1	5f783b651a324920b83b651a32d920af	AO410	8	enclave_tsc_same_invocation	53563830576129	cycles		sgx_worker_enclave		observed
c5-timing-event-v1	C5	asyncs	measured	dynamic-html-derived-v1	215	1	5f783b651a324920b83b651a32d920af	AO420	9	enclave_tsc_same_invocation	53563830577117	cycles		sgx_worker_enclave		observed
c5-timing-event-v1	C5	asyncs	measured	dynamic-html-derived-v1	215	1	5f783b651a324920b83b651a32d920af	AO430	10	enclave_tsc_same_invocation	53563830591381	cycles		sgx_worker_enclave		observed
c5-timing-event-v1	C5	asyncs	measured	dynamic-html-derived-v1	215	1	5f783b651a324920b83b651a32d920af	A400	400	monotonic_ns_same_process	19824428254492	ns		asyncs_worker		observed
c5-timing-event-v1	C5	asyncs	measured	dynamic-html-derived-v1	215	1	5f783b651a324920b83b651a32d920af	A410	410	monotonic_ns_same_process	19824930192743	ns		asyncs_worker		observed
c5-timing-event-v1	C5	asyncs	measured	dynamic-html-derived-v1	216	1	a92fd0e22cca41f9afd0e22cca01f990	AI400	1	enclave_tsc_same_invocation	53562923660208	cycles		sgx_worker_enclave		observed
c5-timing-event-v1	C5	asyncs	measured	dynamic-html-derived-v1	216	1	a92fd0e22cca41f9afd0e22cca01f990	AI410	2	enclave_tsc_same_invocation	53562935094466	cycles		sgx_worker_enclave		observed
c5-timing-event-v1	C5	asyncs	measured	dynamic-html-derived-v1	216	1	a92fd0e22cca41f9afd0e22cca01f990	AI420	3	enclave_tsc_same_invocation	53562935095322	cycles		sgx_worker_enclave		observed
c5-timing-event-v1	C5	asyncs	measured	dynamic-html-derived-v1	216	1	a92fd0e22cca41f9afd0e22cca01f990	AI430	4	enclave_tsc_same_invocation	53562935099413	cycles		sgx_worker_enclave		observed
c5-timing-event-v1	C5	asyncs	measured	dynamic-html-derived-v1	216	1	a92fd0e22cca41f9afd0e22cca01f990	AF400	5	enclave_tsc_same_invocation	53562955056571	cycles		sgx_worker_enclave		observed
c5-timing-event-v1	C5	asyncs	measured	dynamic-html-derived-v1	216	1	a92fd0e22cca41f9afd0e22cca01f990	AF410	6	enclave_tsc_same_invocation	53564272955791	cycles		sgx_worker_enclave		observed
c5-timing-event-v1	C5	asyncs	measured	dynamic-html-derived-v1	216	1	a92fd0e22cca41f9afd0e22cca01f990	AO400	7	enclave_tsc_same_invocation	53564275172825	cycles		sgx_worker_enclave		observed
c5-timing-event-v1	C5	asyncs	measured	dynamic-html-derived-v1	216	1	a92fd0e22cca41f9afd0e22cca01f990	AO410	8	enclave_tsc_same_invocation	53564276189705	cycles		sgx_worker_enclave		observed
c5-timing-event-v1	C5	asyncs	measured	dynamic-html-derived-v1	216	1	a92fd0e22cca41f9afd0e22cca01f990	AO420	9	enclave_tsc_same_invocation	53564276190745	cycles		sgx_worker_enclave		observed
c5-timing-event-v1	C5	asyncs	measured	dynamic-html-derived-v1	216	1	a92fd0e22cca41f9afd0e22cca01f990	AO430	10	enclave_tsc_same_invocation	53564276205880	cycles		sgx_worker_enclave		observed
c5-timing-event-v1	C5	asyncs	measured	dynamic-html-derived-v1	216	1	a92fd0e22cca41f9afd0e22cca01f990	A400	400	monotonic_ns_same_process	19824592364301	ns		asyncs_worker		observed
c5-timing-event-v1	C5	asyncs	measured	dynamic-html-derived-v1	216	1	a92fd0e22cca41f9afd0e22cca01f990	A410	410	monotonic_ns_same_process	19825095239586	ns		asyncs_worker		observed
c5-timing-event-v1	C5	asyncs	measured	dynamic-html-derived-v1	217	1	f93b65219d294bcfbb65219d29fbcfbd	AI400	1	enclave_tsc_same_invocation	53564133143650	cycles		sgx_worker_enclave		observed
c5-timing-event-v1	C5	asyncs	measured	dynamic-html-derived-v1	217	1	f93b65219d294bcfbb65219d29fbcfbd	AI410	2	enclave_tsc_same_invocation	53564139564879	cycles		sgx_worker_enclave		observed
c5-timing-event-v1	C5	asyncs	measured	dynamic-html-derived-v1	217	1	f93b65219d294bcfbb65219d29fbcfbd	AI420	3	enclave_tsc_same_invocation	53564139565455	cycles		sgx_worker_enclave		observed
c5-timing-event-v1	C5	asyncs	measured	dynamic-html-derived-v1	217	1	f93b65219d294bcfbb65219d29fbcfbd	AI430	4	enclave_tsc_same_invocation	53564139568136	cycles		sgx_worker_enclave		observed
c5-timing-event-v1	C5	asyncs	measured	dynamic-html-derived-v1	217	1	f93b65219d294bcfbb65219d29fbcfbd	AF400	5	enclave_tsc_same_invocation	53564151372103	cycles		sgx_worker_enclave		observed
c5-timing-event-v1	C5	asyncs	measured	dynamic-html-derived-v1	217	1	f93b65219d294bcfbb65219d29fbcfbd	AF410	6	enclave_tsc_same_invocation	53565026757277	cycles		sgx_worker_enclave		observed
c5-timing-event-v1	C5	asyncs	measured	dynamic-html-derived-v1	217	1	f93b65219d294bcfbb65219d29fbcfbd	AO400	7	enclave_tsc_same_invocation	53565028699665	cycles		sgx_worker_enclave		observed
c5-timing-event-v1	C5	asyncs	measured	dynamic-html-derived-v1	217	1	f93b65219d294bcfbb65219d29fbcfbd	AO410	8	enclave_tsc_same_invocation	53565029300538	cycles		sgx_worker_enclave		observed
c5-timing-event-v1	C5	asyncs	measured	dynamic-html-derived-v1	217	1	f93b65219d294bcfbb65219d29fbcfbd	AO420	9	enclave_tsc_same_invocation	53565029301312	cycles		sgx_worker_enclave		observed
c5-timing-event-v1	C5	asyncs	measured	dynamic-html-derived-v1	217	1	f93b65219d294bcfbb65219d29fbcfbd	AO430	10	enclave_tsc_same_invocation	53565029311628	cycles		sgx_worker_enclave		observed
c5-timing-event-v1	C5	asyncs	measured	dynamic-html-derived-v1	217	1	f93b65219d294bcfbb65219d29fbcfbd	A400	400	monotonic_ns_same_process	19825878455631	ns		asyncs_worker		observed
c5-timing-event-v1	C5	asyncs	measured	dynamic-html-derived-v1	217	1	f93b65219d294bcfbb65219d29fbcfbd	A410	410	monotonic_ns_same_process	19826211504516	ns		asyncs_worker		observed
c5-timing-event-v1	C5	asyncs	measured	dynamic-html-derived-v1	218	1	60bbcfa8b60f4ca2bbcfa8b60f4ca2c2	AI400	1	enclave_tsc_same_invocation	53563978697671	cycles		sgx_worker_enclave		observed
c5-timing-event-v1	C5	asyncs	measured	dynamic-html-derived-v1	218	1	60bbcfa8b60f4ca2bbcfa8b60f4ca2c2	AI410	2	enclave_tsc_same_invocation	53563990062891	cycles		sgx_worker_enclave		observed
c5-timing-event-v1	C5	asyncs	measured	dynamic-html-derived-v1	218	1	60bbcfa8b60f4ca2bbcfa8b60f4ca2c2	AI420	3	enclave_tsc_same_invocation	53563990064107	cycles		sgx_worker_enclave		observed
c5-timing-event-v1	C5	asyncs	measured	dynamic-html-derived-v1	218	1	60bbcfa8b60f4ca2bbcfa8b60f4ca2c2	AI430	4	enclave_tsc_same_invocation	53563990069286	cycles		sgx_worker_enclave		observed
c5-timing-event-v1	C5	asyncs	measured	dynamic-html-derived-v1	218	1	60bbcfa8b60f4ca2bbcfa8b60f4ca2c2	AF400	5	enclave_tsc_same_invocation	53564010314533	cycles		sgx_worker_enclave		observed
c5-timing-event-v1	C5	asyncs	measured	dynamic-html-derived-v1	218	1	60bbcfa8b60f4ca2bbcfa8b60f4ca2c2	AF410	6	enclave_tsc_same_invocation	53565337521012	cycles		sgx_worker_enclave		observed
c5-timing-event-v1	C5	asyncs	measured	dynamic-html-derived-v1	218	1	60bbcfa8b60f4ca2bbcfa8b60f4ca2c2	AO400	7	enclave_tsc_same_invocation	53565339707916	cycles		sgx_worker_enclave		observed
c5-timing-event-v1	C5	asyncs	measured	dynamic-html-derived-v1	218	1	60bbcfa8b60f4ca2bbcfa8b60f4ca2c2	AO410	8	enclave_tsc_same_invocation	53565340752192	cycles		sgx_worker_enclave		observed
c5-timing-event-v1	C5	asyncs	measured	dynamic-html-derived-v1	218	1	60bbcfa8b60f4ca2bbcfa8b60f4ca2c2	AO420	9	enclave_tsc_same_invocation	53565340753215	cycles		sgx_worker_enclave		observed
c5-timing-event-v1	C5	asyncs	measured	dynamic-html-derived-v1	218	1	60bbcfa8b60f4ca2bbcfa8b60f4ca2c2	AO430	10	enclave_tsc_same_invocation	53565340767228	cycles		sgx_worker_enclave		observed
c5-timing-event-v1	C5	asyncs	measured	dynamic-html-derived-v1	218	1	60bbcfa8b60f4ca2bbcfa8b60f4ca2c2	A400	400	monotonic_ns_same_process	19824983189553	ns		asyncs_worker		observed
c5-timing-event-v1	C5	asyncs	measured	dynamic-html-derived-v1	218	1	60bbcfa8b60f4ca2bbcfa8b60f4ca2c2	A410	410	monotonic_ns_same_process	19825489512548	ns		asyncs_worker		observed
c5-timing-event-v1	C5	asyncs	measured	dynamic-html-derived-v1	219	1	ba388b5c1e6c494db88b5c1e6ca94d72	AI400	1	enclave_tsc_same_invocation	53564402783477	cycles		sgx_worker_enclave		observed
c5-timing-event-v1	C5	asyncs	measured	dynamic-html-derived-v1	219	1	ba388b5c1e6c494db88b5c1e6ca94d72	AI410	2	enclave_tsc_same_invocation	53564414240989	cycles		sgx_worker_enclave		observed
c5-timing-event-v1	C5	asyncs	measured	dynamic-html-derived-v1	219	1	ba388b5c1e6c494db88b5c1e6ca94d72	AI420	3	enclave_tsc_same_invocation	53564414242188	cycles		sgx_worker_enclave		observed
c5-timing-event-v1	C5	asyncs	measured	dynamic-html-derived-v1	219	1	ba388b5c1e6c494db88b5c1e6ca94d72	AI430	4	enclave_tsc_same_invocation	53564414246938	cycles		sgx_worker_enclave		observed
c5-timing-event-v1	C5	asyncs	measured	dynamic-html-derived-v1	219	1	ba388b5c1e6c494db88b5c1e6ca94d72	AF400	5	enclave_tsc_same_invocation	53564434341632	cycles		sgx_worker_enclave		observed
c5-timing-event-v1	C5	asyncs	measured	dynamic-html-derived-v1	219	1	ba388b5c1e6c494db88b5c1e6ca94d72	AF410	6	enclave_tsc_same_invocation	53565811026296	cycles		sgx_worker_enclave		observed
c5-timing-event-v1	C5	asyncs	measured	dynamic-html-derived-v1	219	1	ba388b5c1e6c494db88b5c1e6ca94d72	AO400	7	enclave_tsc_same_invocation	53565813390517	cycles		sgx_worker_enclave		observed
c5-timing-event-v1	C5	asyncs	measured	dynamic-html-derived-v1	219	1	ba388b5c1e6c494db88b5c1e6ca94d72	AO410	8	enclave_tsc_same_invocation	53565814439601	cycles		sgx_worker_enclave		observed
c5-timing-event-v1	C5	asyncs	measured	dynamic-html-derived-v1	219	1	ba388b5c1e6c494db88b5c1e6ca94d72	AO420	9	enclave_tsc_same_invocation	53565814440575	cycles		sgx_worker_enclave		observed
c5-timing-event-v1	C5	asyncs	measured	dynamic-html-derived-v1	219	1	ba388b5c1e6c494db88b5c1e6ca94d72	AO430	10	enclave_tsc_same_invocation	53565814455911	cycles		sgx_worker_enclave		observed
c5-timing-event-v1	C5	asyncs	measured	dynamic-html-derived-v1	219	1	ba388b5c1e6c494db88b5c1e6ca94d72	A400	400	monotonic_ns_same_process	19825140270440	ns		asyncs_worker		observed
c5-timing-event-v1	C5	asyncs	measured	dynamic-html-derived-v1	219	1	ba388b5c1e6c494db88b5c1e6ca94d72	A410	410	monotonic_ns_same_process	19825664966303	ns		asyncs_worker		observed
c5-timing-event-v1	C5	asyncs	measured	dynamic-html-derived-v1	220	1	1fd19850f2f747c6919850f2f757c60f	AI400	1	enclave_tsc_same_invocation	53565162237908	cycles		sgx_worker_enclave		observed
c5-timing-event-v1	C5	asyncs	measured	dynamic-html-derived-v1	220	1	1fd19850f2f747c6919850f2f757c60f	AI410	2	enclave_tsc_same_invocation	53565168666486	cycles		sgx_worker_enclave		observed
c5-timing-event-v1	C5	asyncs	measured	dynamic-html-derived-v1	220	1	1fd19850f2f747c6919850f2f757c60f	AI420	3	enclave_tsc_same_invocation	53565168667020	cycles		sgx_worker_enclave		observed
c5-timing-event-v1	C5	asyncs	measured	dynamic-html-derived-v1	220	1	1fd19850f2f747c6919850f2f757c60f	AI430	4	enclave_tsc_same_invocation	53565168669893	cycles		sgx_worker_enclave		observed
c5-timing-event-v1	C5	asyncs	measured	dynamic-html-derived-v1	220	1	1fd19850f2f747c6919850f2f757c60f	AF400	5	enclave_tsc_same_invocation	53565180357851	cycles		sgx_worker_enclave		observed
c5-timing-event-v1	C5	asyncs	measured	dynamic-html-derived-v1	220	1	1fd19850f2f747c6919850f2f757c60f	AF410	6	enclave_tsc_same_invocation	53566057409291	cycles		sgx_worker_enclave		observed
c5-timing-event-v1	C5	asyncs	measured	dynamic-html-derived-v1	220	1	1fd19850f2f747c6919850f2f757c60f	AO400	7	enclave_tsc_same_invocation	53566059442510	cycles		sgx_worker_enclave		observed
c5-timing-event-v1	C5	asyncs	measured	dynamic-html-derived-v1	220	1	1fd19850f2f747c6919850f2f757c60f	AO410	8	enclave_tsc_same_invocation	53566060108686	cycles		sgx_worker_enclave		observed
c5-timing-event-v1	C5	asyncs	measured	dynamic-html-derived-v1	220	1	1fd19850f2f747c6919850f2f757c60f	AO420	9	enclave_tsc_same_invocation	53566060109593	cycles		sgx_worker_enclave		observed
c5-timing-event-v1	C5	asyncs	measured	dynamic-html-derived-v1	220	1	1fd19850f2f747c6919850f2f757c60f	AO430	10	enclave_tsc_same_invocation	53566060119974	cycles		sgx_worker_enclave		observed
c5-timing-event-v1	C5	asyncs	measured	dynamic-html-derived-v1	220	1	1fd19850f2f747c6919850f2f757c60f	A400	400	monotonic_ns_same_process	19826259625890	ns		asyncs_worker		observed
c5-timing-event-v1	C5	asyncs	measured	dynamic-html-derived-v1	220	1	1fd19850f2f747c6919850f2f757c60f	A410	410	monotonic_ns_same_process	19826593287111	ns		asyncs_worker		observed
c5-timing-event-v1	C5	asyncs	measured	dynamic-html-derived-v1	221	1	3bddaf3b813441ff9daf3b8134e1ff51	AI400	1	enclave_tsc_same_invocation	53565492583572	cycles		sgx_worker_enclave		observed
c5-timing-event-v1	C5	asyncs	measured	dynamic-html-derived-v1	221	1	3bddaf3b813441ff9daf3b8134e1ff51	AI410	2	enclave_tsc_same_invocation	53565498935175	cycles		sgx_worker_enclave		observed
c5-timing-event-v1	C5	asyncs	measured	dynamic-html-derived-v1	221	1	3bddaf3b813441ff9daf3b8134e1ff51	AI420	3	enclave_tsc_same_invocation	53565498935691	cycles		sgx_worker_enclave		observed
c5-timing-event-v1	C5	asyncs	measured	dynamic-html-derived-v1	221	1	3bddaf3b813441ff9daf3b8134e1ff51	AI430	4	enclave_tsc_same_invocation	53565498938152	cycles		sgx_worker_enclave		observed
c5-timing-event-v1	C5	asyncs	measured	dynamic-html-derived-v1	221	1	3bddaf3b813441ff9daf3b8134e1ff51	AF400	5	enclave_tsc_same_invocation	53565511122551	cycles		sgx_worker_enclave		observed
c5-timing-event-v1	C5	asyncs	measured	dynamic-html-derived-v1	221	1	3bddaf3b813441ff9daf3b8134e1ff51	AF410	6	enclave_tsc_same_invocation	53566860280193	cycles		sgx_worker_enclave		observed
c5-timing-event-v1	C5	asyncs	measured	dynamic-html-derived-v1	221	1	3bddaf3b813441ff9daf3b8134e1ff51	AO400	7	enclave_tsc_same_invocation	53566862523665	cycles		sgx_worker_enclave		observed
c5-timing-event-v1	C5	asyncs	measured	dynamic-html-derived-v1	221	1	3bddaf3b813441ff9daf3b8134e1ff51	AO410	8	enclave_tsc_same_invocation	53566863642648	cycles		sgx_worker_enclave		observed
c5-timing-event-v1	C5	asyncs	measured	dynamic-html-derived-v1	221	1	3bddaf3b813441ff9daf3b8134e1ff51	AO420	9	enclave_tsc_same_invocation	53566863644681	cycles		sgx_worker_enclave		observed
c5-timing-event-v1	C5	asyncs	measured	dynamic-html-derived-v1	221	1	3bddaf3b813441ff9daf3b8134e1ff51	AO430	10	enclave_tsc_same_invocation	53566863659302	cycles		sgx_worker_enclave		observed
c5-timing-event-v1	C5	asyncs	measured	dynamic-html-derived-v1	221	1	3bddaf3b813441ff9daf3b8134e1ff51	A400	400	monotonic_ns_same_process	19825544306883	ns		asyncs_worker		observed
c5-timing-event-v1	C5	asyncs	measured	dynamic-html-derived-v1	221	1	3bddaf3b813441ff9daf3b8134e1ff51	A410	410	monotonic_ns_same_process	19826053572525	ns		asyncs_worker		observed
c5-timing-event-v1	C5	asyncs	measured	dynamic-html-derived-v1	222	1	2407abb2ce27461f87abb2ce27161fac	AI400	1	enclave_tsc_same_invocation	53566230219754	cycles		sgx_worker_enclave		observed
c5-timing-event-v1	C5	asyncs	measured	dynamic-html-derived-v1	222	1	2407abb2ce27461f87abb2ce27161fac	AI410	2	enclave_tsc_same_invocation	53566236579656	cycles		sgx_worker_enclave		observed
c5-timing-event-v1	C5	asyncs	measured	dynamic-html-derived-v1	222	1	2407abb2ce27461f87abb2ce27161fac	AI420	3	enclave_tsc_same_invocation	53566236580226	cycles		sgx_worker_enclave		observed
c5-timing-event-v1	C5	asyncs	measured	dynamic-html-derived-v1	222	1	2407abb2ce27461f87abb2ce27161fac	AI430	4	enclave_tsc_same_invocation	53566236582972	cycles		sgx_worker_enclave		observed
c5-timing-event-v1	C5	asyncs	measured	dynamic-html-derived-v1	222	1	2407abb2ce27461f87abb2ce27161fac	AF400	5	enclave_tsc_same_invocation	53566248158133	cycles		sgx_worker_enclave		observed
c5-timing-event-v1	C5	asyncs	measured	dynamic-html-derived-v1	222	1	2407abb2ce27461f87abb2ce27161fac	AF410	6	enclave_tsc_same_invocation	53567127850142	cycles		sgx_worker_enclave		observed
c5-timing-event-v1	C5	asyncs	measured	dynamic-html-derived-v1	222	1	2407abb2ce27461f87abb2ce27161fac	AO400	7	enclave_tsc_same_invocation	53567129780224	cycles		sgx_worker_enclave		observed
c5-timing-event-v1	C5	asyncs	measured	dynamic-html-derived-v1	222	1	2407abb2ce27461f87abb2ce27161fac	AO410	8	enclave_tsc_same_invocation	53567130408378	cycles		sgx_worker_enclave		observed
c5-timing-event-v1	C5	asyncs	measured	dynamic-html-derived-v1	222	1	2407abb2ce27461f87abb2ce27161fac	AO420	9	enclave_tsc_same_invocation	53567130409231	cycles		sgx_worker_enclave		observed
c5-timing-event-v1	C5	asyncs	measured	dynamic-html-derived-v1	222	1	2407abb2ce27461f87abb2ce27161fac	AO430	10	enclave_tsc_same_invocation	53567130418052	cycles		sgx_worker_enclave		observed
c5-timing-event-v1	C5	asyncs	measured	dynamic-html-derived-v1	222	1	2407abb2ce27461f87abb2ce27161fac	A400	400	monotonic_ns_same_process	19826655179991	ns		asyncs_worker		observed
c5-timing-event-v1	C5	asyncs	measured	dynamic-html-derived-v1	222	1	2407abb2ce27461f87abb2ce27161fac	A410	410	monotonic_ns_same_process	19826989692538	ns		asyncs_worker		observed
c5-timing-event-v1	C5	asyncs	measured	dynamic-html-derived-v1	223	1	02e41cff1bb347caa41cff1bb337caae	AI400	1	enclave_tsc_same_invocation	53565968389348	cycles		sgx_worker_enclave		observed
c5-timing-event-v1	C5	asyncs	measured	dynamic-html-derived-v1	223	1	02e41cff1bb347caa41cff1bb337caae	AI410	2	enclave_tsc_same_invocation	53565979474481	cycles		sgx_worker_enclave		observed
c5-timing-event-v1	C5	asyncs	measured	dynamic-html-derived-v1	223	1	02e41cff1bb347caa41cff1bb337caae	AI420	3	enclave_tsc_same_invocation	53565979475415	cycles		sgx_worker_enclave		observed
c5-timing-event-v1	C5	asyncs	measured	dynamic-html-derived-v1	223	1	02e41cff1bb347caa41cff1bb337caae	AI430	4	enclave_tsc_same_invocation	53565979479246	cycles		sgx_worker_enclave		observed
c5-timing-event-v1	C5	asyncs	measured	dynamic-html-derived-v1	223	1	02e41cff1bb347caa41cff1bb337caae	AF400	5	enclave_tsc_same_invocation	53565998625215	cycles		sgx_worker_enclave		observed
c5-timing-event-v1	C5	asyncs	measured	dynamic-html-derived-v1	223	1	02e41cff1bb347caa41cff1bb337caae	AF410	6	enclave_tsc_same_invocation	53567191562468	cycles		sgx_worker_enclave		observed
c5-timing-event-v1	C5	asyncs	measured	dynamic-html-derived-v1	223	1	02e41cff1bb347caa41cff1bb337caae	AO400	7	enclave_tsc_same_invocation	53567193598995	cycles		sgx_worker_enclave		observed
c5-timing-event-v1	C5	asyncs	measured	dynamic-html-derived-v1	223	1	02e41cff1bb347caa41cff1bb337caae	AO410	8	enclave_tsc_same_invocation	53567194189173	cycles		sgx_worker_enclave		observed
c5-timing-event-v1	C5	asyncs	measured	dynamic-html-derived-v1	223	1	02e41cff1bb347caa41cff1bb337caae	AO420	9	enclave_tsc_same_invocation	53567194189778	cycles		sgx_worker_enclave		observed
c5-timing-event-v1	C5	asyncs	measured	dynamic-html-derived-v1	223	1	02e41cff1bb347caa41cff1bb337caae	AO430	10	enclave_tsc_same_invocation	53567194199176	cycles		sgx_worker_enclave		observed
c5-timing-event-v1	C5	asyncs	measured	dynamic-html-derived-v1	223	1	02e41cff1bb347caa41cff1bb337caae	A400	400	monotonic_ns_same_process	19825720272865	ns		asyncs_worker		observed
c5-timing-event-v1	C5	asyncs	measured	dynamic-html-derived-v1	223	1	02e41cff1bb347caa41cff1bb337caae	A410	410	monotonic_ns_same_process	19826175958189	ns		asyncs_worker		observed
c5-timing-event-v1	C5	asyncs	measured	dynamic-html-derived-v1	224	1	939db0099d504d279db0099d50dd2702	AI400	1	enclave_tsc_same_invocation	53567264329320	cycles		sgx_worker_enclave		observed
c5-timing-event-v1	C5	asyncs	measured	dynamic-html-derived-v1	224	1	939db0099d504d279db0099d50dd2702	AI410	2	enclave_tsc_same_invocation	53567270806527	cycles		sgx_worker_enclave		observed
c5-timing-event-v1	C5	asyncs	measured	dynamic-html-derived-v1	224	1	939db0099d504d279db0099d50dd2702	AI420	3	enclave_tsc_same_invocation	53567270807041	cycles		sgx_worker_enclave		observed
c5-timing-event-v1	C5	asyncs	measured	dynamic-html-derived-v1	224	1	939db0099d504d279db0099d50dd2702	AI430	4	enclave_tsc_same_invocation	53567270809905	cycles		sgx_worker_enclave		observed
c5-timing-event-v1	C5	asyncs	measured	dynamic-html-derived-v1	224	1	939db0099d504d279db0099d50dd2702	AF400	5	enclave_tsc_same_invocation	53567283056701	cycles		sgx_worker_enclave		observed
c5-timing-event-v1	C5	asyncs	measured	dynamic-html-derived-v1	224	1	939db0099d504d279db0099d50dd2702	AF410	6	enclave_tsc_same_invocation	53568160712902	cycles		sgx_worker_enclave		observed
c5-timing-event-v1	C5	asyncs	measured	dynamic-html-derived-v1	224	1	939db0099d504d279db0099d50dd2702	AO400	7	enclave_tsc_same_invocation	53568162737456	cycles		sgx_worker_enclave		observed
c5-timing-event-v1	C5	asyncs	measured	dynamic-html-derived-v1	224	1	939db0099d504d279db0099d50dd2702	AO410	8	enclave_tsc_same_invocation	53568163366955	cycles		sgx_worker_enclave		observed
c5-timing-event-v1	C5	asyncs	measured	dynamic-html-derived-v1	224	1	939db0099d504d279db0099d50dd2702	AO420	9	enclave_tsc_same_invocation	53568163367830	cycles		sgx_worker_enclave		observed
c5-timing-event-v1	C5	asyncs	measured	dynamic-html-derived-v1	224	1	939db0099d504d279db0099d50dd2702	AO430	10	enclave_tsc_same_invocation	53568163378017	cycles		sgx_worker_enclave		observed
c5-timing-event-v1	C5	asyncs	measured	dynamic-html-derived-v1	224	1	939db0099d504d279db0099d50dd2702	A400	400	monotonic_ns_same_process	19827038146071	ns		asyncs_worker		observed
c5-timing-event-v1	C5	asyncs	measured	dynamic-html-derived-v1	224	1	939db0099d504d279db0099d50dd2702	A410	410	monotonic_ns_same_process	19827372285108	ns		asyncs_worker		observed
c5-timing-event-v1	C5	asyncs	measured	dynamic-html-derived-v1	225	1	2e9dbd255f1c4c209dbd255f1cac20ca	AI400	1	enclave_tsc_same_invocation	53567334933840	cycles		sgx_worker_enclave		observed
c5-timing-event-v1	C5	asyncs	measured	dynamic-html-derived-v1	225	1	2e9dbd255f1c4c209dbd255f1cac20ca	AI410	2	enclave_tsc_same_invocation	53567341470704	cycles		sgx_worker_enclave		observed
c5-timing-event-v1	C5	asyncs	measured	dynamic-html-derived-v1	225	1	2e9dbd255f1c4c209dbd255f1cac20ca	AI420	3	enclave_tsc_same_invocation	53567341471270	cycles		sgx_worker_enclave		observed
c5-timing-event-v1	C5	asyncs	measured	dynamic-html-derived-v1	225	1	2e9dbd255f1c4c209dbd255f1cac20ca	AI430	4	enclave_tsc_same_invocation	53567341473734	cycles		sgx_worker_enclave		observed
c5-timing-event-v1	C5	asyncs	measured	dynamic-html-derived-v1	225	1	2e9dbd255f1c4c209dbd255f1cac20ca	AF400	5	enclave_tsc_same_invocation	53567353337197	cycles		sgx_worker_enclave		observed
c5-timing-event-v1	C5	asyncs	measured	dynamic-html-derived-v1	225	1	2e9dbd255f1c4c209dbd255f1cac20ca	AF410	6	enclave_tsc_same_invocation	53568618550593	cycles		sgx_worker_enclave		observed
c5-timing-event-v1	C5	asyncs	measured	dynamic-html-derived-v1	225	1	2e9dbd255f1c4c209dbd255f1cac20ca	AO400	7	enclave_tsc_same_invocation	53568620774956	cycles		sgx_worker_enclave		observed
c5-timing-event-v1	C5	asyncs	measured	dynamic-html-derived-v1	225	1	2e9dbd255f1c4c209dbd255f1cac20ca	AO410	8	enclave_tsc_same_invocation	53568621804207	cycles		sgx_worker_enclave		observed
c5-timing-event-v1	C5	asyncs	measured	dynamic-html-derived-v1	225	1	2e9dbd255f1c4c209dbd255f1cac20ca	AO420	9	enclave_tsc_same_invocation	53568621805377	cycles		sgx_worker_enclave		observed
c5-timing-event-v1	C5	asyncs	measured	dynamic-html-derived-v1	225	1	2e9dbd255f1c4c209dbd255f1cac20ca	AO430	10	enclave_tsc_same_invocation	53568621819417	cycles		sgx_worker_enclave		observed
c5-timing-event-v1	C5	asyncs	measured	dynamic-html-derived-v1	225	1	2e9dbd255f1c4c209dbd255f1cac20ca	A400	400	monotonic_ns_same_process	19826226935465	ns		asyncs_worker		observed
c5-timing-event-v1	C5	asyncs	measured	dynamic-html-derived-v1	225	1	2e9dbd255f1c4c209dbd255f1cac20ca	A410	410	monotonic_ns_same_process	19826704745810	ns		asyncs_worker		observed
c5-timing-event-v1	C5	asyncs	measured	dynamic-html-derived-v1	226	1	ccb2a655f4d646a6b2a655f4d6f6a694	AI400	1	enclave_tsc_same_invocation	53567581349542	cycles		sgx_worker_enclave		observed
c5-timing-event-v1	C5	asyncs	measured	dynamic-html-derived-v1	226	1	ccb2a655f4d646a6b2a655f4d6f6a694	AI410	2	enclave_tsc_same_invocation	53567592768628	cycles		sgx_worker_enclave		observed
c5-timing-event-v1	C5	asyncs	measured	dynamic-html-derived-v1	226	1	ccb2a655f4d646a6b2a655f4d6f6a694	AI420	3	enclave_tsc_same_invocation	53567592770686	cycles		sgx_worker_enclave		observed
c5-timing-event-v1	C5	asyncs	measured	dynamic-html-derived-v1	226	1	ccb2a655f4d646a6b2a655f4d6f6a694	AI430	4	enclave_tsc_same_invocation	53567592774184	cycles		sgx_worker_enclave		observed
c5-timing-event-v1	C5	asyncs	measured	dynamic-html-derived-v1	226	1	ccb2a655f4d646a6b2a655f4d6f6a694	AF400	5	enclave_tsc_same_invocation	53567613005694	cycles		sgx_worker_enclave		observed
c5-timing-event-v1	C5	asyncs	measured	dynamic-html-derived-v1	226	1	ccb2a655f4d646a6b2a655f4d6f6a694	AF410	6	enclave_tsc_same_invocation	53568927379930	cycles		sgx_worker_enclave		observed
c5-timing-event-v1	C5	asyncs	measured	dynamic-html-derived-v1	226	1	ccb2a655f4d646a6b2a655f4d6f6a694	AO400	7	enclave_tsc_same_invocation	53568929421982	cycles		sgx_worker_enclave		observed
c5-timing-event-v1	C5	asyncs	measured	dynamic-html-derived-v1	226	1	ccb2a655f4d646a6b2a655f4d6f6a694	AO410	8	enclave_tsc_same_invocation	53568930052437	cycles		sgx_worker_enclave		observed
c5-timing-event-v1	C5	asyncs	measured	dynamic-html-derived-v1	226	1	ccb2a655f4d646a6b2a655f4d6f6a694	AO420	9	enclave_tsc_same_invocation	53568930053324	cycles		sgx_worker_enclave		observed
c5-timing-event-v1	C5	asyncs	measured	dynamic-html-derived-v1	226	1	ccb2a655f4d646a6b2a655f4d6f6a694	AO430	10	enclave_tsc_same_invocation	53568930063209	cycles		sgx_worker_enclave		observed
c5-timing-event-v1	C5	asyncs	measured	dynamic-html-derived-v1	226	1	ccb2a655f4d646a6b2a655f4d6f6a694	A400	400	monotonic_ns_same_process	19826317534542	ns		asyncs_worker		observed
c5-timing-event-v1	C5	asyncs	measured	dynamic-html-derived-v1	226	1	ccb2a655f4d646a6b2a655f4d6f6a694	A410	410	monotonic_ns_same_process	19826818891112	ns		asyncs_worker		observed
c5-timing-event-v1	C5	asyncs	measured	dynamic-html-derived-v1	227	1	be1d8c1f067e47659d8c1f067e476539	AI400	1	enclave_tsc_same_invocation	53568319745486	cycles		sgx_worker_enclave		observed
c5-timing-event-v1	C5	asyncs	measured	dynamic-html-derived-v1	227	1	be1d8c1f067e47659d8c1f067e476539	AI410	2	enclave_tsc_same_invocation	53568326188047	cycles		sgx_worker_enclave		observed
c5-timing-event-v1	C5	asyncs	measured	dynamic-html-derived-v1	227	1	be1d8c1f067e47659d8c1f067e476539	AI420	3	enclave_tsc_same_invocation	53568326189535	cycles		sgx_worker_enclave		observed
c5-timing-event-v1	C5	asyncs	measured	dynamic-html-derived-v1	227	1	be1d8c1f067e47659d8c1f067e476539	AI430	4	enclave_tsc_same_invocation	53568326192328	cycles		sgx_worker_enclave		observed
c5-timing-event-v1	C5	asyncs	measured	dynamic-html-derived-v1	227	1	be1d8c1f067e47659d8c1f067e476539	AF400	5	enclave_tsc_same_invocation	53568338000860	cycles		sgx_worker_enclave		observed
c5-timing-event-v1	C5	asyncs	measured	dynamic-html-derived-v1	227	1	be1d8c1f067e47659d8c1f067e476539	AF410	6	enclave_tsc_same_invocation	53569214326979	cycles		sgx_worker_enclave		observed
c5-timing-event-v1	C5	asyncs	measured	dynamic-html-derived-v1	227	1	be1d8c1f067e47659d8c1f067e476539	AO400	7	enclave_tsc_same_invocation	53569216259463	cycles		sgx_worker_enclave		observed
c5-timing-event-v1	C5	asyncs	measured	dynamic-html-derived-v1	227	1	be1d8c1f067e47659d8c1f067e476539	AO410	8	enclave_tsc_same_invocation	53569216859582	cycles		sgx_worker_enclave		observed
c5-timing-event-v1	C5	asyncs	measured	dynamic-html-derived-v1	227	1	be1d8c1f067e47659d8c1f067e476539	AO420	9	enclave_tsc_same_invocation	53569216860329	cycles		sgx_worker_enclave		observed
c5-timing-event-v1	C5	asyncs	measured	dynamic-html-derived-v1	227	1	be1d8c1f067e47659d8c1f067e476539	AO430	10	enclave_tsc_same_invocation	53569216868538	cycles		sgx_worker_enclave		observed
c5-timing-event-v1	C5	asyncs	measured	dynamic-html-derived-v1	227	1	be1d8c1f067e47659d8c1f067e476539	A400	400	monotonic_ns_same_process	19827429138276	ns		asyncs_worker		observed
c5-timing-event-v1	C5	asyncs	measured	dynamic-html-derived-v1	227	1	be1d8c1f067e47659d8c1f067e476539	A410	410	monotonic_ns_same_process	19827762477653	ns		asyncs_worker		observed
c5-timing-event-v1	C5	asyncs	measured	dynamic-html-derived-v1	228	1	02ffcc3cfb5447efbfcc3cfb54d7ef6b	AI400	1	enclave_tsc_same_invocation	53569420879060	cycles		sgx_worker_enclave		observed
c5-timing-event-v1	C5	asyncs	measured	dynamic-html-derived-v1	228	1	02ffcc3cfb5447efbfcc3cfb54d7ef6b	AI410	2	enclave_tsc_same_invocation	53569448427104	cycles		sgx_worker_enclave		observed
c5-timing-event-v1	C5	asyncs	measured	dynamic-html-derived-v1	228	1	02ffcc3cfb5447efbfcc3cfb54d7ef6b	AI420	3	enclave_tsc_same_invocation	53569448428322	cycles		sgx_worker_enclave		observed
c5-timing-event-v1	C5	asyncs	measured	dynamic-html-derived-v1	228	1	02ffcc3cfb5447efbfcc3cfb54d7ef6b	AI430	4	enclave_tsc_same_invocation	53569448432511	cycles		sgx_worker_enclave		observed
c5-timing-event-v1	C5	asyncs	measured	dynamic-html-derived-v1	228	1	02ffcc3cfb5447efbfcc3cfb54d7ef6b	AF400	5	enclave_tsc_same_invocation	53569467833517	cycles		sgx_worker_enclave		observed
c5-timing-event-v1	C5	asyncs	measured	dynamic-html-derived-v1	228	1	02ffcc3cfb5447efbfcc3cfb54d7ef6b	AF410	6	enclave_tsc_same_invocation	53570394862136	cycles		sgx_worker_enclave		observed
c5-timing-event-v1	C5	asyncs	measured	dynamic-html-derived-v1	228	1	02ffcc3cfb5447efbfcc3cfb54d7ef6b	AO400	7	enclave_tsc_same_invocation	53570396869316	cycles		sgx_worker_enclave		observed
c5-timing-event-v1	C5	asyncs	measured	dynamic-html-derived-v1	228	1	02ffcc3cfb5447efbfcc3cfb54d7ef6b	AO410	8	enclave_tsc_same_invocation	53570397472893	cycles		sgx_worker_enclave		observed
c5-timing-event-v1	C5	asyncs	measured	dynamic-html-derived-v1	228	1	02ffcc3cfb5447efbfcc3cfb54d7ef6b	AO420	9	enclave_tsc_same_invocation	53570397473752	cycles		sgx_worker_enclave		observed
c5-timing-event-v1	C5	asyncs	measured	dynamic-html-derived-v1	228	1	02ffcc3cfb5447efbfcc3cfb54d7ef6b	AO430	10	enclave_tsc_same_invocation	53570397483710	cycles		sgx_worker_enclave		observed
c5-timing-event-v1	C5	asyncs	measured	dynamic-html-derived-v1	228	1	02ffcc3cfb5447efbfcc3cfb54d7ef6b	A400	400	monotonic_ns_same_process	19827836297281	ns		asyncs_worker		observed
c5-timing-event-v1	C5	asyncs	measured	dynamic-html-derived-v1	228	1	02ffcc3cfb5447efbfcc3cfb54d7ef6b	A410	410	monotonic_ns_same_process	19828199748314	ns		asyncs_worker		observed
c5-timing-event-v1	C5	asyncs	measured	dynamic-html-derived-v1	229	1	ecc34cdf07b84576834cdf07b8c57635	AI400	1	enclave_tsc_same_invocation	53569088811686	cycles		sgx_worker_enclave		observed
c5-timing-event-v1	C5	asyncs	measured	dynamic-html-derived-v1	229	1	ecc34cdf07b84576834cdf07b8c57635	AI410	2	enclave_tsc_same_invocation	53569095217602	cycles		sgx_worker_enclave		observed
c5-timing-event-v1	C5	asyncs	measured	dynamic-html-derived-v1	229	1	ecc34cdf07b84576834cdf07b8c57635	AI420	3	enclave_tsc_same_invocation	53569095218185	cycles		sgx_worker_enclave		observed
c5-timing-event-v1	C5	asyncs	measured	dynamic-html-derived-v1	229	1	ecc34cdf07b84576834cdf07b8c57635	AI430	4	enclave_tsc_same_invocation	53569095220665	cycles		sgx_worker_enclave		observed
c5-timing-event-v1	C5	asyncs	measured	dynamic-html-derived-v1	229	1	ecc34cdf07b84576834cdf07b8c57635	AF400	5	enclave_tsc_same_invocation	53569107261485	cycles		sgx_worker_enclave		observed
c5-timing-event-v1	C5	asyncs	measured	dynamic-html-derived-v1	229	1	ecc34cdf07b84576834cdf07b8c57635	AF410	6	enclave_tsc_same_invocation	53570278430720	cycles		sgx_worker_enclave		observed
c5-timing-event-v1	C5	asyncs	measured	dynamic-html-derived-v1	229	1	ecc34cdf07b84576834cdf07b8c57635	AO400	7	enclave_tsc_same_invocation	53570280606550	cycles		sgx_worker_enclave		observed
c5-timing-event-v1	C5	asyncs	measured	dynamic-html-derived-v1	229	1	ecc34cdf07b84576834cdf07b8c57635	AO410	8	enclave_tsc_same_invocation	53570281657958	cycles		sgx_worker_enclave		observed
c5-timing-event-v1	C5	asyncs	measured	dynamic-html-derived-v1	229	1	ecc34cdf07b84576834cdf07b8c57635	AO420	9	enclave_tsc_same_invocation	53570281659111	cycles		sgx_worker_enclave		observed
c5-timing-event-v1	C5	asyncs	measured	dynamic-html-derived-v1	229	1	ecc34cdf07b84576834cdf07b8c57635	AO430	10	enclave_tsc_same_invocation	53570281673972	cycles		sgx_worker_enclave		observed
c5-timing-event-v1	C5	asyncs	measured	dynamic-html-derived-v1	229	1	ecc34cdf07b84576834cdf07b8c57635	A400	400	monotonic_ns_same_process	19826876563963	ns		asyncs_worker		observed
c5-timing-event-v1	C5	asyncs	measured	dynamic-html-derived-v1	229	1	ecc34cdf07b84576834cdf07b8c57635	A410	410	monotonic_ns_same_process	19827319529546	ns		asyncs_worker		observed
c5-timing-event-v1	C5	asyncs	measured	dynamic-html-derived-v1	230	1	2142664cd81641c582664cd816a1c5c6	AI400	1	enclave_tsc_same_invocation	53569445733015	cycles		sgx_worker_enclave		observed
c5-timing-event-v1	C5	asyncs	measured	dynamic-html-derived-v1	230	1	2142664cd81641c582664cd816a1c5c6	AI410	2	enclave_tsc_same_invocation	53569456265208	cycles		sgx_worker_enclave		observed
c5-timing-event-v1	C5	asyncs	measured	dynamic-html-derived-v1	230	1	2142664cd81641c582664cd816a1c5c6	AI420	3	enclave_tsc_same_invocation	53569456265739	cycles		sgx_worker_enclave		observed
c5-timing-event-v1	C5	asyncs	measured	dynamic-html-derived-v1	230	1	2142664cd81641c582664cd816a1c5c6	AI430	4	enclave_tsc_same_invocation	53569456268707	cycles		sgx_worker_enclave		observed
c5-timing-event-v1	C5	asyncs	measured	dynamic-html-derived-v1	230	1	2142664cd81641c582664cd816a1c5c6	AF400	5	enclave_tsc_same_invocation	53569493268071	cycles		sgx_worker_enclave		observed
c5-timing-event-v1	C5	asyncs	measured	dynamic-html-derived-v1	230	1	2142664cd81641c582664cd816a1c5c6	AF410	6	enclave_tsc_same_invocation	53570871855355	cycles		sgx_worker_enclave		observed
c5-timing-event-v1	C5	asyncs	measured	dynamic-html-derived-v1	230	1	2142664cd81641c582664cd816a1c5c6	AO400	7	enclave_tsc_same_invocation	53570874104763	cycles		sgx_worker_enclave		observed
c5-timing-event-v1	C5	asyncs	measured	dynamic-html-derived-v1	230	1	2142664cd81641c582664cd816a1c5c6	AO410	8	enclave_tsc_same_invocation	53570875183769	cycles		sgx_worker_enclave		observed
c5-timing-event-v1	C5	asyncs	measured	dynamic-html-derived-v1	230	1	2142664cd81641c582664cd816a1c5c6	AO420	9	enclave_tsc_same_invocation	53570875184682	cycles		sgx_worker_enclave		observed
c5-timing-event-v1	C5	asyncs	measured	dynamic-html-derived-v1	230	1	2142664cd81641c582664cd816a1c5c6	AO430	10	enclave_tsc_same_invocation	53570875198996	cycles		sgx_worker_enclave		observed
c5-timing-event-v1	C5	asyncs	measured	dynamic-html-derived-v1	230	1	2142664cd81641c582664cd816a1c5c6	A400	400	monotonic_ns_same_process	19827008288028	ns		asyncs_worker		observed
c5-timing-event-v1	C5	asyncs	measured	dynamic-html-derived-v1	230	1	2142664cd81641c582664cd816a1c5c6	A410	410	monotonic_ns_same_process	19827539353814	ns		asyncs_worker		observed
c5-timing-event-v1	C5	asyncs	measured	dynamic-html-derived-v1	231	1	860725cd18c3438e8725cd18c3438ee3	AI400	1	enclave_tsc_same_invocation	53570545448353	cycles		sgx_worker_enclave		observed
c5-timing-event-v1	C5	asyncs	measured	dynamic-html-derived-v1	231	1	860725cd18c3438e8725cd18c3438ee3	AI410	2	enclave_tsc_same_invocation	53570551884706	cycles		sgx_worker_enclave		observed
c5-timing-event-v1	C5	asyncs	measured	dynamic-html-derived-v1	231	1	860725cd18c3438e8725cd18c3438ee3	AI420	3	enclave_tsc_same_invocation	53570551885244	cycles		sgx_worker_enclave		observed
c5-timing-event-v1	C5	asyncs	measured	dynamic-html-derived-v1	231	1	860725cd18c3438e8725cd18c3438ee3	AI430	4	enclave_tsc_same_invocation	53570551887931	cycles		sgx_worker_enclave		observed
c5-timing-event-v1	C5	asyncs	measured	dynamic-html-derived-v1	231	1	860725cd18c3438e8725cd18c3438ee3	AF400	5	enclave_tsc_same_invocation	53570563416865	cycles		sgx_worker_enclave		observed
c5-timing-event-v1	C5	asyncs	measured	dynamic-html-derived-v1	231	1	860725cd18c3438e8725cd18c3438ee3	AF410	6	enclave_tsc_same_invocation	53571440124931	cycles		sgx_worker_enclave		observed
c5-timing-event-v1	C5	asyncs	measured	dynamic-html-derived-v1	231	1	860725cd18c3438e8725cd18c3438ee3	AO400	7	enclave_tsc_same_invocation	53571442154058	cycles		sgx_worker_enclave		observed
c5-timing-event-v1	C5	asyncs	measured	dynamic-html-derived-v1	231	1	860725cd18c3438e8725cd18c3438ee3	AO410	8	enclave_tsc_same_invocation	53571442959928	cycles		sgx_worker_enclave		observed
c5-timing-event-v1	C5	asyncs	measured	dynamic-html-derived-v1	231	1	860725cd18c3438e8725cd18c3438ee3	AO420	9	enclave_tsc_same_invocation	53571442960893	cycles		sgx_worker_enclave		observed
c5-timing-event-v1	C5	asyncs	measured	dynamic-html-derived-v1	231	1	860725cd18c3438e8725cd18c3438ee3	AO430	10	enclave_tsc_same_invocation	53571442975398	cycles		sgx_worker_enclave		observed
c5-timing-event-v1	C5	asyncs	measured	dynamic-html-derived-v1	231	1	860725cd18c3438e8725cd18c3438ee3	A400	400	monotonic_ns_same_process	19828253409620	ns		asyncs_worker		observed
c5-timing-event-v1	C5	asyncs	measured	dynamic-html-derived-v1	231	1	860725cd18c3438e8725cd18c3438ee3	A410	410	monotonic_ns_same_process	19828587013224	ns		asyncs_worker		observed
c5-timing-event-v1	C5	asyncs	measured	dynamic-html-derived-v1	232	1	a023d066eb254520a3d066eb25452042	AI400	1	enclave_tsc_same_invocation	53570463129168	cycles		sgx_worker_enclave		observed
c5-timing-event-v1	C5	asyncs	measured	dynamic-html-derived-v1	232	1	a023d066eb254520a3d066eb25452042	AI410	2	enclave_tsc_same_invocation	53570483568998	cycles		sgx_worker_enclave		observed
c5-timing-event-v1	C5	asyncs	measured	dynamic-html-derived-v1	232	1	a023d066eb254520a3d066eb25452042	AI420	3	enclave_tsc_same_invocation	53570483571741	cycles		sgx_worker_enclave		observed
c5-timing-event-v1	C5	asyncs	measured	dynamic-html-derived-v1	232	1	a023d066eb254520a3d066eb25452042	AI430	4	enclave_tsc_same_invocation	53570483575804	cycles		sgx_worker_enclave		observed
c5-timing-event-v1	C5	asyncs	measured	dynamic-html-derived-v1	232	1	a023d066eb254520a3d066eb25452042	AF400	5	enclave_tsc_same_invocation	53570503240810	cycles		sgx_worker_enclave		observed
c5-timing-event-v1	C5	asyncs	measured	dynamic-html-derived-v1	232	1	a023d066eb254520a3d066eb25452042	AF410	6	enclave_tsc_same_invocation	53571761743083	cycles		sgx_worker_enclave		observed
c5-timing-event-v1	C5	asyncs	measured	dynamic-html-derived-v1	232	1	a023d066eb254520a3d066eb25452042	AO400	7	enclave_tsc_same_invocation	53571764069160	cycles		sgx_worker_enclave		observed
c5-timing-event-v1	C5	asyncs	measured	dynamic-html-derived-v1	232	1	a023d066eb254520a3d066eb25452042	AO410	8	enclave_tsc_same_invocation	53571765071030	cycles		sgx_worker_enclave		observed
c5-timing-event-v1	C5	asyncs	measured	dynamic-html-derived-v1	232	1	a023d066eb254520a3d066eb25452042	AO420	9	enclave_tsc_same_invocation	53571765071922	cycles		sgx_worker_enclave		observed
c5-timing-event-v1	C5	asyncs	measured	dynamic-html-derived-v1	232	1	a023d066eb254520a3d066eb25452042	AO430	10	enclave_tsc_same_invocation	53571765086251	cycles		sgx_worker_enclave		observed
c5-timing-event-v1	C5	asyncs	measured	dynamic-html-derived-v1	232	1	a023d066eb254520a3d066eb25452042	A400	400	monotonic_ns_same_process	19827381166819	ns		asyncs_worker		observed
c5-timing-event-v1	C5	asyncs	measured	dynamic-html-derived-v1	232	1	a023d066eb254520a3d066eb25452042	A410	410	monotonic_ns_same_process	19827868947348	ns		asyncs_worker		observed
c5-timing-event-v1	C5	asyncs	measured	dynamic-html-derived-v1	233	1	76c86a1a39724091886a1a39723091e0	AI400	1	enclave_tsc_same_invocation	53571616066779	cycles		sgx_worker_enclave		observed
c5-timing-event-v1	C5	asyncs	measured	dynamic-html-derived-v1	233	1	76c86a1a39724091886a1a39723091e0	AI410	2	enclave_tsc_same_invocation	53571628113784	cycles		sgx_worker_enclave		observed
c5-timing-event-v1	C5	asyncs	measured	dynamic-html-derived-v1	233	1	76c86a1a39724091886a1a39723091e0	AI420	3	enclave_tsc_same_invocation	53571628116835	cycles		sgx_worker_enclave		observed
c5-timing-event-v1	C5	asyncs	measured	dynamic-html-derived-v1	233	1	76c86a1a39724091886a1a39723091e0	AI430	4	enclave_tsc_same_invocation	53571628120886	cycles		sgx_worker_enclave		observed
c5-timing-event-v1	C5	asyncs	measured	dynamic-html-derived-v1	233	1	76c86a1a39724091886a1a39723091e0	AF400	5	enclave_tsc_same_invocation	53571647857418	cycles		sgx_worker_enclave		observed
c5-timing-event-v1	C5	asyncs	measured	dynamic-html-derived-v1	233	1	76c86a1a39724091886a1a39723091e0	AF410	6	enclave_tsc_same_invocation	53572689552786	cycles		sgx_worker_enclave		observed
c5-timing-event-v1	C5	asyncs	measured	dynamic-html-derived-v1	233	1	76c86a1a39724091886a1a39723091e0	AO400	7	enclave_tsc_same_invocation	53572691471176	cycles		sgx_worker_enclave		observed
c5-timing-event-v1	C5	asyncs	measured	dynamic-html-derived-v1	233	1	76c86a1a39724091886a1a39723091e0	AO410	8	enclave_tsc_same_invocation	53572692104794	cycles		sgx_worker_enclave		observed
c5-timing-event-v1	C5	asyncs	measured	dynamic-html-derived-v1	233	1	76c86a1a39724091886a1a39723091e0	AO420	9	enclave_tsc_same_invocation	53572692105684	cycles		sgx_worker_enclave		observed
c5-timing-event-v1	C5	asyncs	measured	dynamic-html-derived-v1	233	1	76c86a1a39724091886a1a39723091e0	AO430	10	enclave_tsc_same_invocation	53572692114596	cycles		sgx_worker_enclave		observed
c5-timing-event-v1	C5	asyncs	measured	dynamic-html-derived-v1	233	1	76c86a1a39724091886a1a39723091e0	A400	400	monotonic_ns_same_process	19828649414124	ns		asyncs_worker		observed
c5-timing-event-v1	C5	asyncs	measured	dynamic-html-derived-v1	233	1	76c86a1a39724091886a1a39723091e0	A410	410	monotonic_ns_same_process	19829049627449	ns		asyncs_worker		observed
c5-timing-event-v1	C5	asyncs	measured	dynamic-html-derived-v1	234	1	6a7d80472e2e4aebbd80472e2e2aeb43	AI400	1	enclave_tsc_same_invocation	53571122212268	cycles		sgx_worker_enclave		observed
c5-timing-event-v1	C5	asyncs	measured	dynamic-html-derived-v1	234	1	6a7d80472e2e4aebbd80472e2e2aeb43	AI410	2	enclave_tsc_same_invocation	53571133832898	cycles		sgx_worker_enclave		observed
c5-timing-event-v1	C5	asyncs	measured	dynamic-html-derived-v1	234	1	6a7d80472e2e4aebbd80472e2e2aeb43	AI420	3	enclave_tsc_same_invocation	53571133833774	cycles		sgx_worker_enclave		observed
c5-timing-event-v1	C5	asyncs	measured	dynamic-html-derived-v1	234	1	6a7d80472e2e4aebbd80472e2e2aeb43	AI430	4	enclave_tsc_same_invocation	53571133838157	cycles		sgx_worker_enclave		observed
c5-timing-event-v1	C5	asyncs	measured	dynamic-html-derived-v1	234	1	6a7d80472e2e4aebbd80472e2e2aeb43	AF400	5	enclave_tsc_same_invocation	53571153690912	cycles		sgx_worker_enclave		observed
c5-timing-event-v1	C5	asyncs	measured	dynamic-html-derived-v1	234	1	6a7d80472e2e4aebbd80472e2e2aeb43	AF410	6	enclave_tsc_same_invocation	53572493145747	cycles		sgx_worker_enclave		observed
c5-timing-event-v1	C5	asyncs	measured	dynamic-html-derived-v1	234	1	6a7d80472e2e4aebbd80472e2e2aeb43	AO400	7	enclave_tsc_same_invocation	53572495494344	cycles		sgx_worker_enclave		observed
c5-timing-event-v1	C5	asyncs	measured	dynamic-html-derived-v1	234	1	6a7d80472e2e4aebbd80472e2e2aeb43	AO410	8	enclave_tsc_same_invocation	53572496565412	cycles		sgx_worker_enclave		observed
c5-timing-event-v1	C5	asyncs	measured	dynamic-html-derived-v1	234	1	6a7d80472e2e4aebbd80472e2e2aeb43	AO420	9	enclave_tsc_same_invocation	53572496566317	cycles		sgx_worker_enclave		observed
c5-timing-event-v1	C5	asyncs	measured	dynamic-html-derived-v1	234	1	6a7d80472e2e4aebbd80472e2e2aeb43	AO430	10	enclave_tsc_same_invocation	53572496580592	cycles		sgx_worker_enclave		observed
c5-timing-event-v1	C5	asyncs	measured	dynamic-html-derived-v1	234	1	6a7d80472e2e4aebbd80472e2e2aeb43	A400	400	monotonic_ns_same_process	19827627561443	ns		asyncs_worker		observed
c5-timing-event-v1	C5	asyncs	measured	dynamic-html-derived-v1	234	1	6a7d80472e2e4aebbd80472e2e2aeb43	A410	410	monotonic_ns_same_process	19828139895464	ns		asyncs_worker		observed
c5-timing-event-v1	C5	asyncs	measured	dynamic-html-derived-v1	235	1	3a6b9c7cea024d87ab9c7cea02cd87e3	AI400	1	enclave_tsc_same_invocation	53571973197913	cycles		sgx_worker_enclave		observed
c5-timing-event-v1	C5	asyncs	measured	dynamic-html-derived-v1	235	1	3a6b9c7cea024d87ab9c7cea02cd87e3	AI410	2	enclave_tsc_same_invocation	53571984246444	cycles		sgx_worker_enclave		observed
c5-timing-event-v1	C5	asyncs	measured	dynamic-html-derived-v1	235	1	3a6b9c7cea024d87ab9c7cea02cd87e3	AI420	3	enclave_tsc_same_invocation	53571984247326	cycles		sgx_worker_enclave		observed
c5-timing-event-v1	C5	asyncs	measured	dynamic-html-derived-v1	235	1	3a6b9c7cea024d87ab9c7cea02cd87e3	AI430	4	enclave_tsc_same_invocation	53571984251177	cycles		sgx_worker_enclave		observed
c5-timing-event-v1	C5	asyncs	measured	dynamic-html-derived-v1	235	1	3a6b9c7cea024d87ab9c7cea02cd87e3	AF400	5	enclave_tsc_same_invocation	53572003348395	cycles		sgx_worker_enclave		observed
c5-timing-event-v1	C5	asyncs	measured	dynamic-html-derived-v1	235	1	3a6b9c7cea024d87ab9c7cea02cd87e3	AF410	6	enclave_tsc_same_invocation	53573331356627	cycles		sgx_worker_enclave		observed
c5-timing-event-v1	C5	asyncs	measured	dynamic-html-derived-v1	235	1	3a6b9c7cea024d87ab9c7cea02cd87e3	AO400	7	enclave_tsc_same_invocation	53573333657583	cycles		sgx_worker_enclave		observed
c5-timing-event-v1	C5	asyncs	measured	dynamic-html-derived-v1	235	1	3a6b9c7cea024d87ab9c7cea02cd87e3	AO410	8	enclave_tsc_same_invocation	53573334698887	cycles		sgx_worker_enclave		observed
c5-timing-event-v1	C5	asyncs	measured	dynamic-html-derived-v1	235	1	3a6b9c7cea024d87ab9c7cea02cd87e3	AO420	9	enclave_tsc_same_invocation	53573334700053	cycles		sgx_worker_enclave		observed
c5-timing-event-v1	C5	asyncs	measured	dynamic-html-derived-v1	235	1	3a6b9c7cea024d87ab9c7cea02cd87e3	AO430	10	enclave_tsc_same_invocation	53573334713797	cycles		sgx_worker_enclave		observed
c5-timing-event-v1	C5	asyncs	measured	dynamic-html-derived-v1	235	1	3a6b9c7cea024d87ab9c7cea02cd87e3	A400	400	monotonic_ns_same_process	19827944285020	ns		asyncs_worker		observed
c5-timing-event-v1	C5	asyncs	measured	dynamic-html-derived-v1	235	1	3a6b9c7cea024d87ab9c7cea02cd87e3	A410	410	monotonic_ns_same_process	19828450300634	ns		asyncs_worker		observed
c5-timing-event-v1	C5	asyncs	measured	dynamic-html-derived-v1	236	1	1d4dd7ed538744918dd7ed538744916c	AI400	1	enclave_tsc_same_invocation	53572833496763	cycles		sgx_worker_enclave		observed
c5-timing-event-v1	C5	asyncs	measured	dynamic-html-derived-v1	236	1	1d4dd7ed538744918dd7ed538744916c	AI410	2	enclave_tsc_same_invocation	53572839964993	cycles		sgx_worker_enclave		observed
c5-timing-event-v1	C5	asyncs	measured	dynamic-html-derived-v1	236	1	1d4dd7ed538744918dd7ed538744916c	AI420	3	enclave_tsc_same_invocation	53572839965490	cycles		sgx_worker_enclave		observed
c5-timing-event-v1	C5	asyncs	measured	dynamic-html-derived-v1	236	1	1d4dd7ed538744918dd7ed538744916c	AI430	4	enclave_tsc_same_invocation	53572839968218	cycles		sgx_worker_enclave		observed
c5-timing-event-v1	C5	asyncs	measured	dynamic-html-derived-v1	236	1	1d4dd7ed538744918dd7ed538744916c	AF400	5	enclave_tsc_same_invocation	53572851592329	cycles		sgx_worker_enclave		observed
c5-timing-event-v1	C5	asyncs	measured	dynamic-html-derived-v1	236	1	1d4dd7ed538744918dd7ed538744916c	AF410	6	enclave_tsc_same_invocation	53573727328070	cycles		sgx_worker_enclave		observed
c5-timing-event-v1	C5	asyncs	measured	dynamic-html-derived-v1	236	1	1d4dd7ed538744918dd7ed538744916c	AO400	7	enclave_tsc_same_invocation	53573729313097	cycles		sgx_worker_enclave		observed
c5-timing-event-v1	C5	asyncs	measured	dynamic-html-derived-v1	236	1	1d4dd7ed538744918dd7ed538744916c	AO410	8	enclave_tsc_same_invocation	53573729917354	cycles		sgx_worker_enclave		observed
c5-timing-event-v1	C5	asyncs	measured	dynamic-html-derived-v1	236	1	1d4dd7ed538744918dd7ed538744916c	AO420	9	enclave_tsc_same_invocation	53573729918139	cycles		sgx_worker_enclave		observed
c5-timing-event-v1	C5	asyncs	measured	dynamic-html-derived-v1	236	1	1d4dd7ed538744918dd7ed538744916c	AO430	10	enclave_tsc_same_invocation	53573729926748	cycles		sgx_worker_enclave		observed
c5-timing-event-v1	C5	asyncs	measured	dynamic-html-derived-v1	236	1	1d4dd7ed538744918dd7ed538744916c	A400	400	monotonic_ns_same_process	19829100853383	ns		asyncs_worker		observed
c5-timing-event-v1	C5	asyncs	measured	dynamic-html-derived-v1	236	1	1d4dd7ed538744918dd7ed538744916c	A410	410	monotonic_ns_same_process	19829434019126	ns		asyncs_worker		observed
c5-timing-event-v1	C5	asyncs	measured	dynamic-html-derived-v1	237	1	77e08fd729ca41dda08fd729ca91dd4f	AI400	1	enclave_tsc_same_invocation	53572679060683	cycles		sgx_worker_enclave		observed
c5-timing-event-v1	C5	asyncs	measured	dynamic-html-derived-v1	237	1	77e08fd729ca41dda08fd729ca91dd4f	AI410	2	enclave_tsc_same_invocation	53572690397080	cycles		sgx_worker_enclave		observed
c5-timing-event-v1	C5	asyncs	measured	dynamic-html-derived-v1	237	1	77e08fd729ca41dda08fd729ca91dd4f	AI420	3	enclave_tsc_same_invocation	53572690397989	cycles		sgx_worker_enclave		observed
c5-timing-event-v1	C5	asyncs	measured	dynamic-html-derived-v1	237	1	77e08fd729ca41dda08fd729ca91dd4f	AI430	4	enclave_tsc_same_invocation	53572690402140	cycles		sgx_worker_enclave		observed
c5-timing-event-v1	C5	asyncs	measured	dynamic-html-derived-v1	237	1	77e08fd729ca41dda08fd729ca91dd4f	AF400	5	enclave_tsc_same_invocation	53572711145254	cycles		sgx_worker_enclave		observed
c5-timing-event-v1	C5	asyncs	measured	dynamic-html-derived-v1	237	1	77e08fd729ca41dda08fd729ca91dd4f	AF410	6	enclave_tsc_same_invocation	53573895704883	cycles		sgx_worker_enclave		observed
c5-timing-event-v1	C5	asyncs	measured	dynamic-html-derived-v1	237	1	77e08fd729ca41dda08fd729ca91dd4f	AO400	7	enclave_tsc_same_invocation	53573897918286	cycles		sgx_worker_enclave		observed
c5-timing-event-v1	C5	asyncs	measured	dynamic-html-derived-v1	237	1	77e08fd729ca41dda08fd729ca91dd4f	AO410	8	enclave_tsc_same_invocation	53573899033657	cycles		sgx_worker_enclave		observed
c5-timing-event-v1	C5	asyncs	measured	dynamic-html-derived-v1	237	1	77e08fd729ca41dda08fd729ca91dd4f	AO420	9	enclave_tsc_same_invocation	53573899034525	cycles		sgx_worker_enclave		observed
c5-timing-event-v1	C5	asyncs	measured	dynamic-html-derived-v1	237	1	77e08fd729ca41dda08fd729ca91dd4f	AO430	10	enclave_tsc_same_invocation	53573899048944	cycles		sgx_worker_enclave		observed
c5-timing-event-v1	C5	asyncs	measured	dynamic-html-derived-v1	237	1	77e08fd729ca41dda08fd729ca91dd4f	A400	400	monotonic_ns_same_process	19828205603512	ns		asyncs_worker		observed
c5-timing-event-v1	C5	asyncs	measured	dynamic-html-derived-v1	237	1	77e08fd729ca41dda08fd729ca91dd4f	A410	410	monotonic_ns_same_process	19828659324977	ns		asyncs_worker		observed
c5-timing-event-v1	C5	asyncs	measured	dynamic-html-derived-v1	238	1	e982cde46cf1496c82cde46cf1f96c48	AI400	1	enclave_tsc_same_invocation	53574126115207	cycles		sgx_worker_enclave		observed
c5-timing-event-v1	C5	asyncs	measured	dynamic-html-derived-v1	238	1	e982cde46cf1496c82cde46cf1f96c48	AI410	2	enclave_tsc_same_invocation	53574132498227	cycles		sgx_worker_enclave		observed
c5-timing-event-v1	C5	asyncs	measured	dynamic-html-derived-v1	238	1	e982cde46cf1496c82cde46cf1f96c48	AI420	3	enclave_tsc_same_invocation	53574132498745	cycles		sgx_worker_enclave		observed
c5-timing-event-v1	C5	asyncs	measured	dynamic-html-derived-v1	238	1	e982cde46cf1496c82cde46cf1f96c48	AI430	4	enclave_tsc_same_invocation	53574132501540	cycles		sgx_worker_enclave		observed
c5-timing-event-v1	C5	asyncs	measured	dynamic-html-derived-v1	238	1	e982cde46cf1496c82cde46cf1f96c48	AF400	5	enclave_tsc_same_invocation	53574144279899	cycles		sgx_worker_enclave		observed
c5-timing-event-v1	C5	asyncs	measured	dynamic-html-derived-v1	238	1	e982cde46cf1496c82cde46cf1f96c48	AF410	6	enclave_tsc_same_invocation	53575022725025	cycles		sgx_worker_enclave		observed
c5-timing-event-v1	C5	asyncs	measured	dynamic-html-derived-v1	238	1	e982cde46cf1496c82cde46cf1f96c48	AO400	7	enclave_tsc_same_invocation	53575024685889	cycles		sgx_worker_enclave		observed
c5-timing-event-v1	C5	asyncs	measured	dynamic-html-derived-v1	238	1	e982cde46cf1496c82cde46cf1f96c48	AO410	8	enclave_tsc_same_invocation	53575025285501	cycles		sgx_worker_enclave		observed
c5-timing-event-v1	C5	asyncs	measured	dynamic-html-derived-v1	238	1	e982cde46cf1496c82cde46cf1f96c48	AO420	9	enclave_tsc_same_invocation	53575025286295	cycles		sgx_worker_enclave		observed
c5-timing-event-v1	C5	asyncs	measured	dynamic-html-derived-v1	238	1	e982cde46cf1496c82cde46cf1f96c48	AO430	10	enclave_tsc_same_invocation	53575025297294	cycles		sgx_worker_enclave		observed
c5-timing-event-v1	C5	asyncs	measured	dynamic-html-derived-v1	238	1	e982cde46cf1496c82cde46cf1f96c48	A400	400	monotonic_ns_same_process	19829579598041	ns		asyncs_worker		observed
c5-timing-event-v1	C5	asyncs	measured	dynamic-html-derived-v1	238	1	e982cde46cf1496c82cde46cf1f96c48	A410	410	monotonic_ns_same_process	19829913786177	ns		asyncs_worker		observed
c5-timing-event-v1	C5	asyncs	measured	dynamic-html-derived-v1	239	1	45714dbbcb8e4d7fb14dbbcb8ead7f3c	AI400	1	enclave_tsc_same_invocation	53573830548802	cycles		sgx_worker_enclave		observed
c5-timing-event-v1	C5	asyncs	measured	dynamic-html-derived-v1	239	1	45714dbbcb8e4d7fb14dbbcb8ead7f3c	AI410	2	enclave_tsc_same_invocation	53573841474957	cycles		sgx_worker_enclave		observed
c5-timing-event-v1	C5	asyncs	measured	dynamic-html-derived-v1	239	1	45714dbbcb8e4d7fb14dbbcb8ead7f3c	AI420	3	enclave_tsc_same_invocation	53573841475759	cycles		sgx_worker_enclave		observed
c5-timing-event-v1	C5	asyncs	measured	dynamic-html-derived-v1	239	1	45714dbbcb8e4d7fb14dbbcb8ead7f3c	AI430	4	enclave_tsc_same_invocation	53573841479795	cycles		sgx_worker_enclave		observed
c5-timing-event-v1	C5	asyncs	measured	dynamic-html-derived-v1	239	1	45714dbbcb8e4d7fb14dbbcb8ead7f3c	AF400	5	enclave_tsc_same_invocation	53573861004049	cycles		sgx_worker_enclave		observed
c5-timing-event-v1	C5	asyncs	measured	dynamic-html-derived-v1	239	1	45714dbbcb8e4d7fb14dbbcb8ead7f3c	AF410	6	enclave_tsc_same_invocation	53575127408070	cycles		sgx_worker_enclave		observed
c5-timing-event-v1	C5	asyncs	measured	dynamic-html-derived-v1	239	1	45714dbbcb8e4d7fb14dbbcb8ead7f3c	AO400	7	enclave_tsc_same_invocation	53575129627021	cycles		sgx_worker_enclave		observed
c5-timing-event-v1	C5	asyncs	measured	dynamic-html-derived-v1	239	1	45714dbbcb8e4d7fb14dbbcb8ead7f3c	AO410	8	enclave_tsc_same_invocation	53575130704684	cycles		sgx_worker_enclave		observed
c5-timing-event-v1	C5	asyncs	measured	dynamic-html-derived-v1	239	1	45714dbbcb8e4d7fb14dbbcb8ead7f3c	AO420	9	enclave_tsc_same_invocation	53575130705712	cycles		sgx_worker_enclave		observed
c5-timing-event-v1	C5	asyncs	measured	dynamic-html-derived-v1	239	1	45714dbbcb8e4d7fb14dbbcb8ead7f3c	AO430	10	enclave_tsc_same_invocation	53575130721338	cycles		sgx_worker_enclave		observed
c5-timing-event-v1	C5	asyncs	measured	dynamic-html-derived-v1	239	1	45714dbbcb8e4d7fb14dbbcb8ead7f3c	A400	400	monotonic_ns_same_process	19828632295105	ns		asyncs_worker		observed
c5-timing-event-v1	C5	asyncs	measured	dynamic-html-derived-v1	239	1	45714dbbcb8e4d7fb14dbbcb8ead7f3c	A410	410	monotonic_ns_same_process	19829115512835	ns		asyncs_worker		observed
c5-timing-event-v1	C5	asyncs	measured	dynamic-html-derived-v1	240	1	c4948e581df74c56948e581df71c56f2	AI400	1	enclave_tsc_same_invocation	53574121876360	cycles		sgx_worker_enclave		observed
c5-timing-event-v1	C5	asyncs	measured	dynamic-html-derived-v1	240	1	c4948e581df74c56948e581df71c56f2	AI410	2	enclave_tsc_same_invocation	53574133070750	cycles		sgx_worker_enclave		observed
c5-timing-event-v1	C5	asyncs	measured	dynamic-html-derived-v1	240	1	c4948e581df74c56948e581df71c56f2	AI420	3	enclave_tsc_same_invocation	53574133071622	cycles		sgx_worker_enclave		observed
c5-timing-event-v1	C5	asyncs	measured	dynamic-html-derived-v1	240	1	c4948e581df74c56948e581df71c56f2	AI430	4	enclave_tsc_same_invocation	53574133075216	cycles		sgx_worker_enclave		observed
c5-timing-event-v1	C5	asyncs	measured	dynamic-html-derived-v1	240	1	c4948e581df74c56948e581df71c56f2	AF400	5	enclave_tsc_same_invocation	53574152691786	cycles		sgx_worker_enclave		observed
c5-timing-event-v1	C5	asyncs	measured	dynamic-html-derived-v1	240	1	c4948e581df74c56948e581df71c56f2	AF410	6	enclave_tsc_same_invocation	53575468217662	cycles		sgx_worker_enclave		observed
c5-timing-event-v1	C5	asyncs	measured	dynamic-html-derived-v1	240	1	c4948e581df74c56948e581df71c56f2	AO400	7	enclave_tsc_same_invocation	53575470636682	cycles		sgx_worker_enclave		observed
c5-timing-event-v1	C5	asyncs	measured	dynamic-html-derived-v1	240	1	c4948e581df74c56948e581df71c56f2	AO410	8	enclave_tsc_same_invocation	53575471831771	cycles		sgx_worker_enclave		observed
c5-timing-event-v1	C5	asyncs	measured	dynamic-html-derived-v1	240	1	c4948e581df74c56948e581df71c56f2	AO420	9	enclave_tsc_same_invocation	53575471834017	cycles		sgx_worker_enclave		observed
c5-timing-event-v1	C5	asyncs	measured	dynamic-html-derived-v1	240	1	c4948e581df74c56948e581df71c56f2	AO430	10	enclave_tsc_same_invocation	53575471848167	cycles		sgx_worker_enclave		observed
c5-timing-event-v1	C5	asyncs	measured	dynamic-html-derived-v1	240	1	c4948e581df74c56948e581df71c56f2	A400	400	monotonic_ns_same_process	19828740086329	ns		asyncs_worker		observed
c5-timing-event-v1	C5	asyncs	measured	dynamic-html-derived-v1	240	1	c4948e581df74c56948e581df71c56f2	A410	410	monotonic_ns_same_process	19829241857426	ns		asyncs_worker		observed
c5-timing-event-v1	C5	asyncs	measured	dynamic-html-derived-v1	241	1	7e51171dee4145c291171dee4145c209	AI400	1	enclave_tsc_same_invocation	53575148281452	cycles		sgx_worker_enclave		observed
c5-timing-event-v1	C5	asyncs	measured	dynamic-html-derived-v1	241	1	7e51171dee4145c291171dee4145c209	AI410	2	enclave_tsc_same_invocation	53575156114410	cycles		sgx_worker_enclave		observed
c5-timing-event-v1	C5	asyncs	measured	dynamic-html-derived-v1	241	1	7e51171dee4145c291171dee4145c209	AI420	3	enclave_tsc_same_invocation	53575156115285	cycles		sgx_worker_enclave		observed
c5-timing-event-v1	C5	asyncs	measured	dynamic-html-derived-v1	241	1	7e51171dee4145c291171dee4145c209	AI430	4	enclave_tsc_same_invocation	53575156118733	cycles		sgx_worker_enclave		observed
c5-timing-event-v1	C5	asyncs	measured	dynamic-html-derived-v1	241	1	7e51171dee4145c291171dee4145c209	AF400	5	enclave_tsc_same_invocation	53575167956247	cycles		sgx_worker_enclave		observed
c5-timing-event-v1	C5	asyncs	measured	dynamic-html-derived-v1	241	1	7e51171dee4145c291171dee4145c209	AF410	6	enclave_tsc_same_invocation	53576046566758	cycles		sgx_worker_enclave		observed
c5-timing-event-v1	C5	asyncs	measured	dynamic-html-derived-v1	241	1	7e51171dee4145c291171dee4145c209	AO400	7	enclave_tsc_same_invocation	53576048610905	cycles		sgx_worker_enclave		observed
c5-timing-event-v1	C5	asyncs	measured	dynamic-html-derived-v1	241	1	7e51171dee4145c291171dee4145c209	AO410	8	enclave_tsc_same_invocation	53576049210251	cycles		sgx_worker_enclave		observed
c5-timing-event-v1	C5	asyncs	measured	dynamic-html-derived-v1	241	1	7e51171dee4145c291171dee4145c209	AO420	9	enclave_tsc_same_invocation	53576049211213	cycles		sgx_worker_enclave		observed
c5-timing-event-v1	C5	asyncs	measured	dynamic-html-derived-v1	241	1	7e51171dee4145c291171dee4145c209	AO430	10	enclave_tsc_same_invocation	53576049220930	cycles		sgx_worker_enclave		observed
c5-timing-event-v1	C5	asyncs	measured	dynamic-html-derived-v1	241	1	7e51171dee4145c291171dee4145c209	A400	400	monotonic_ns_same_process	19829957730121	ns		asyncs_worker		observed
c5-timing-event-v1	C5	asyncs	measured	dynamic-html-derived-v1	241	1	7e51171dee4145c291171dee4145c209	A410	410	monotonic_ns_same_process	19830293036034	ns		asyncs_worker		observed
c5-timing-event-v1	C5	asyncs	measured	dynamic-html-derived-v1	242	1	e105fb4d431b4d2685fb4d431bbd26e4	AI400	1	enclave_tsc_same_invocation	53575277821549	cycles		sgx_worker_enclave		observed
c5-timing-event-v1	C5	asyncs	measured	dynamic-html-derived-v1	242	1	e105fb4d431b4d2685fb4d431bbd26e4	AI410	2	enclave_tsc_same_invocation	53575288875005	cycles		sgx_worker_enclave		observed
c5-timing-event-v1	C5	asyncs	measured	dynamic-html-derived-v1	242	1	e105fb4d431b4d2685fb4d431bbd26e4	AI420	3	enclave_tsc_same_invocation	53575288875839	cycles		sgx_worker_enclave		observed
c5-timing-event-v1	C5	asyncs	measured	dynamic-html-derived-v1	242	1	e105fb4d431b4d2685fb4d431bbd26e4	AI430	4	enclave_tsc_same_invocation	53575288879677	cycles		sgx_worker_enclave		observed
c5-timing-event-v1	C5	asyncs	measured	dynamic-html-derived-v1	242	1	e105fb4d431b4d2685fb4d431bbd26e4	AF400	5	enclave_tsc_same_invocation	53575308179069	cycles		sgx_worker_enclave		observed
c5-timing-event-v1	C5	asyncs	measured	dynamic-html-derived-v1	242	1	e105fb4d431b4d2685fb4d431bbd26e4	AF410	6	enclave_tsc_same_invocation	53576260415751	cycles		sgx_worker_enclave		observed
c5-timing-event-v1	C5	asyncs	measured	dynamic-html-derived-v1	242	1	e105fb4d431b4d2685fb4d431bbd26e4	AO400	7	enclave_tsc_same_invocation	53576262576352	cycles		sgx_worker_enclave		observed
c5-timing-event-v1	C5	asyncs	measured	dynamic-html-derived-v1	242	1	e105fb4d431b4d2685fb4d431bbd26e4	AO410	8	enclave_tsc_same_invocation	53576263724869	cycles		sgx_worker_enclave		observed
c5-timing-event-v1	C5	asyncs	measured	dynamic-html-derived-v1	242	1	e105fb4d431b4d2685fb4d431bbd26e4	AO420	9	enclave_tsc_same_invocation	53576263725895	cycles		sgx_worker_enclave		observed
c5-timing-event-v1	C5	asyncs	measured	dynamic-html-derived-v1	242	1	e105fb4d431b4d2685fb4d431bbd26e4	AO430	10	enclave_tsc_same_invocation	53576263761803	cycles		sgx_worker_enclave		observed
c5-timing-event-v1	C5	asyncs	measured	dynamic-html-derived-v1	242	1	e105fb4d431b4d2685fb4d431bbd26e4	A400	400	monotonic_ns_same_process	19829168258784	ns		asyncs_worker		observed
c5-timing-event-v1	C5	asyncs	measured	dynamic-html-derived-v1	242	1	e105fb4d431b4d2685fb4d431bbd26e4	A410	410	monotonic_ns_same_process	19829535170897	ns		asyncs_worker		observed
c5-timing-event-v1	C5	asyncs	measured	dynamic-html-derived-v1	243	1	44a0be361f194b55a0be361f19eb5582	AI400	1	enclave_tsc_same_invocation	53576236314373	cycles		sgx_worker_enclave		observed
c5-timing-event-v1	C5	asyncs	measured	dynamic-html-derived-v1	243	1	44a0be361f194b55a0be361f19eb5582	AI410	2	enclave_tsc_same_invocation	53576242778297	cycles		sgx_worker_enclave		observed
c5-timing-event-v1	C5	asyncs	measured	dynamic-html-derived-v1	243	1	44a0be361f194b55a0be361f19eb5582	AI420	3	enclave_tsc_same_invocation	53576242778852	cycles		sgx_worker_enclave		observed
c5-timing-event-v1	C5	asyncs	measured	dynamic-html-derived-v1	243	1	44a0be361f194b55a0be361f19eb5582	AI430	4	enclave_tsc_same_invocation	53576242781591	cycles		sgx_worker_enclave		observed
c5-timing-event-v1	C5	asyncs	measured	dynamic-html-derived-v1	243	1	44a0be361f194b55a0be361f19eb5582	AF400	5	enclave_tsc_same_invocation	53576254345751	cycles		sgx_worker_enclave		observed
c5-timing-event-v1	C5	asyncs	measured	dynamic-html-derived-v1	243	1	44a0be361f194b55a0be361f19eb5582	AF410	6	enclave_tsc_same_invocation	53577129968729	cycles		sgx_worker_enclave		observed
c5-timing-event-v1	C5	asyncs	measured	dynamic-html-derived-v1	243	1	44a0be361f194b55a0be361f19eb5582	AO400	7	enclave_tsc_same_invocation	53577131996631	cycles		sgx_worker_enclave		observed
c5-timing-event-v1	C5	asyncs	measured	dynamic-html-derived-v1	243	1	44a0be361f194b55a0be361f19eb5582	AO410	8	enclave_tsc_same_invocation	53577132611913	cycles		sgx_worker_enclave		observed
c5-timing-event-v1	C5	asyncs	measured	dynamic-html-derived-v1	243	1	44a0be361f194b55a0be361f19eb5582	AO420	9	enclave_tsc_same_invocation	53577132612809	cycles		sgx_worker_enclave		observed
c5-timing-event-v1	C5	asyncs	measured	dynamic-html-derived-v1	243	1	44a0be361f194b55a0be361f19eb5582	AO430	10	enclave_tsc_same_invocation	53577132622793	cycles		sgx_worker_enclave		observed
c5-timing-event-v1	C5	asyncs	measured	dynamic-html-derived-v1	243	1	44a0be361f194b55a0be361f19eb5582	A400	400	monotonic_ns_same_process	19830361195507	ns		asyncs_worker		observed
c5-timing-event-v1	C5	asyncs	measured	dynamic-html-derived-v1	243	1	44a0be361f194b55a0be361f19eb5582	A410	410	monotonic_ns_same_process	19830694303859	ns		asyncs_worker		observed
c5-timing-event-v1	C5	asyncs	measured	dynamic-html-derived-v1	244	1	3bd0c2f1a88b4bd190c2f1a88b7bd13f	AI400	1	enclave_tsc_same_invocation	53576248030547	cycles		sgx_worker_enclave		observed
c5-timing-event-v1	C5	asyncs	measured	dynamic-html-derived-v1	244	1	3bd0c2f1a88b4bd190c2f1a88b7bd13f	AI410	2	enclave_tsc_same_invocation	53576259395769	cycles		sgx_worker_enclave		observed
c5-timing-event-v1	C5	asyncs	measured	dynamic-html-derived-v1	244	1	3bd0c2f1a88b4bd190c2f1a88b7bd13f	AI420	3	enclave_tsc_same_invocation	53576259396674	cycles		sgx_worker_enclave		observed
c5-timing-event-v1	C5	asyncs	measured	dynamic-html-derived-v1	244	1	3bd0c2f1a88b4bd190c2f1a88b7bd13f	AI430	4	enclave_tsc_same_invocation	53576259400581	cycles		sgx_worker_enclave		observed
c5-timing-event-v1	C5	asyncs	measured	dynamic-html-derived-v1	244	1	3bd0c2f1a88b4bd190c2f1a88b7bd13f	AF400	5	enclave_tsc_same_invocation	53576279244854	cycles		sgx_worker_enclave		observed
c5-timing-event-v1	C5	asyncs	measured	dynamic-html-derived-v1	244	1	3bd0c2f1a88b4bd190c2f1a88b7bd13f	AF410	6	enclave_tsc_same_invocation	53577569046171	cycles		sgx_worker_enclave		observed
c5-timing-event-v1	C5	asyncs	measured	dynamic-html-derived-v1	244	1	3bd0c2f1a88b4bd190c2f1a88b7bd13f	AO400	7	enclave_tsc_same_invocation	53577571313254	cycles		sgx_worker_enclave		observed
c5-timing-event-v1	C5	asyncs	measured	dynamic-html-derived-v1	244	1	3bd0c2f1a88b4bd190c2f1a88b7bd13f	AO410	8	enclave_tsc_same_invocation	53577572331549	cycles		sgx_worker_enclave		observed
c5-timing-event-v1	C5	asyncs	measured	dynamic-html-derived-v1	244	1	3bd0c2f1a88b4bd190c2f1a88b7bd13f	AO420	9	enclave_tsc_same_invocation	53577572332581	cycles		sgx_worker_enclave		observed
c5-timing-event-v1	C5	asyncs	measured	dynamic-html-derived-v1	244	1	3bd0c2f1a88b4bd190c2f1a88b7bd13f	AO430	10	enclave_tsc_same_invocation	53577572346632	cycles		sgx_worker_enclave		observed
c5-timing-event-v1	C5	asyncs	measured	dynamic-html-derived-v1	244	1	3bd0c2f1a88b4bd190c2f1a88b7bd13f	A400	400	monotonic_ns_same_process	19829527496976	ns		asyncs_worker		observed
c5-timing-event-v1	C5	asyncs	measured	dynamic-html-derived-v1	244	1	3bd0c2f1a88b4bd190c2f1a88b7bd13f	A410	410	monotonic_ns_same_process	19830019833046	ns		asyncs_worker		observed
c5-timing-event-v1	C5	asyncs	measured	dynamic-html-derived-v1	245	1	84bc5f30f2bc43fcbc5f30f2bc33fc69	AI400	1	enclave_tsc_same_invocation	53576412262409	cycles		sgx_worker_enclave		observed
c5-timing-event-v1	C5	asyncs	measured	dynamic-html-derived-v1	245	1	84bc5f30f2bc43fcbc5f30f2bc33fc69	AI410	2	enclave_tsc_same_invocation	53576423886436	cycles		sgx_worker_enclave		observed
c5-timing-event-v1	C5	asyncs	measured	dynamic-html-derived-v1	245	1	84bc5f30f2bc43fcbc5f30f2bc33fc69	AI420	3	enclave_tsc_same_invocation	53576423887356	cycles		sgx_worker_enclave		observed
c5-timing-event-v1	C5	asyncs	measured	dynamic-html-derived-v1	245	1	84bc5f30f2bc43fcbc5f30f2bc33fc69	AI430	4	enclave_tsc_same_invocation	53576423890860	cycles		sgx_worker_enclave		observed
c5-timing-event-v1	C5	asyncs	measured	dynamic-html-derived-v1	245	1	84bc5f30f2bc43fcbc5f30f2bc33fc69	AF400	5	enclave_tsc_same_invocation	53576443827584	cycles		sgx_worker_enclave		observed
c5-timing-event-v1	C5	asyncs	measured	dynamic-html-derived-v1	245	1	84bc5f30f2bc43fcbc5f30f2bc33fc69	AF410	6	enclave_tsc_same_invocation	53577762501147	cycles		sgx_worker_enclave		observed
c5-timing-event-v1	C5	asyncs	measured	dynamic-html-derived-v1	245	1	84bc5f30f2bc43fcbc5f30f2bc33fc69	AO400	7	enclave_tsc_same_invocation	53577764664942	cycles		sgx_worker_enclave		observed
c5-timing-event-v1	C5	asyncs	measured	dynamic-html-derived-v1	245	1	84bc5f30f2bc43fcbc5f30f2bc33fc69	AO410	8	enclave_tsc_same_invocation	53577765783847	cycles		sgx_worker_enclave		observed
c5-timing-event-v1	C5	asyncs	measured	dynamic-html-derived-v1	245	1	84bc5f30f2bc43fcbc5f30f2bc33fc69	AO420	9	enclave_tsc_same_invocation	53577765785124	cycles		sgx_worker_enclave		observed
c5-timing-event-v1	C5	asyncs	measured	dynamic-html-derived-v1	245	1	84bc5f30f2bc43fcbc5f30f2bc33fc69	AO430	10	enclave_tsc_same_invocation	53577765799816	cycles		sgx_worker_enclave		observed
c5-timing-event-v1	C5	asyncs	measured	dynamic-html-derived-v1	245	1	84bc5f30f2bc43fcbc5f30f2bc33fc69	A400	400	monotonic_ns_same_process	19829588268388	ns		asyncs_worker		observed
c5-timing-event-v1	C5	asyncs	measured	dynamic-html-derived-v1	245	1	84bc5f30f2bc43fcbc5f30f2bc33fc69	A410	410	monotonic_ns_same_process	19830091486262	ns		asyncs_worker		observed
c5-timing-event-v1	C5	asyncs	measured	dynamic-html-derived-v1	246	1	9b0528c5631644348528c56316343400	AI400	1	enclave_tsc_same_invocation	53577328617842	cycles		sgx_worker_enclave		observed
c5-timing-event-v1	C5	asyncs	measured	dynamic-html-derived-v1	246	1	9b0528c5631644348528c56316343400	AI410	2	enclave_tsc_same_invocation	53577339452501	cycles		sgx_worker_enclave		observed
c5-timing-event-v1	C5	asyncs	measured	dynamic-html-derived-v1	246	1	9b0528c5631644348528c56316343400	AI420	3	enclave_tsc_same_invocation	53577339453452	cycles		sgx_worker_enclave		observed
c5-timing-event-v1	C5	asyncs	measured	dynamic-html-derived-v1	246	1	9b0528c5631644348528c56316343400	AI430	4	enclave_tsc_same_invocation	53577339458025	cycles		sgx_worker_enclave		observed
c5-timing-event-v1	C5	asyncs	measured	dynamic-html-derived-v1	246	1	9b0528c5631644348528c56316343400	AF400	5	enclave_tsc_same_invocation	53577358632879	cycles		sgx_worker_enclave		observed
c5-timing-event-v1	C5	asyncs	measured	dynamic-html-derived-v1	246	1	9b0528c5631644348528c56316343400	AF410	6	enclave_tsc_same_invocation	53578326269028	cycles		sgx_worker_enclave		observed
c5-timing-event-v1	C5	asyncs	measured	dynamic-html-derived-v1	246	1	9b0528c5631644348528c56316343400	AO400	7	enclave_tsc_same_invocation	53578328319878	cycles		sgx_worker_enclave		observed
c5-timing-event-v1	C5	asyncs	measured	dynamic-html-derived-v1	246	1	9b0528c5631644348528c56316343400	AO410	8	enclave_tsc_same_invocation	53578328923211	cycles		sgx_worker_enclave		observed
c5-timing-event-v1	C5	asyncs	measured	dynamic-html-derived-v1	246	1	9b0528c5631644348528c56316343400	AO420	9	enclave_tsc_same_invocation	53578328923967	cycles		sgx_worker_enclave		observed
c5-timing-event-v1	C5	asyncs	measured	dynamic-html-derived-v1	246	1	9b0528c5631644348528c56316343400	AO430	10	enclave_tsc_same_invocation	53578328933014	cycles		sgx_worker_enclave		observed
c5-timing-event-v1	C5	asyncs	measured	dynamic-html-derived-v1	246	1	9b0528c5631644348528c56316343400	A400	400	monotonic_ns_same_process	19830765316874	ns		asyncs_worker		observed
c5-timing-event-v1	C5	asyncs	measured	dynamic-html-derived-v1	246	1	9b0528c5631644348528c56316343400	A410	410	monotonic_ns_same_process	19831137393970	ns		asyncs_worker		observed
c5-timing-event-v1	C5	asyncs	measured	dynamic-html-derived-v1	247	1	697016e81f144196b016e81f14a19637	AI400	1	enclave_tsc_same_invocation	53577739852172	cycles		sgx_worker_enclave		observed
c5-timing-event-v1	C5	asyncs	measured	dynamic-html-derived-v1	247	1	697016e81f144196b016e81f14a19637	AI410	2	enclave_tsc_same_invocation	53577758946623	cycles		sgx_worker_enclave		observed
c5-timing-event-v1	C5	asyncs	measured	dynamic-html-derived-v1	247	1	697016e81f144196b016e81f14a19637	AI420	3	enclave_tsc_same_invocation	53577758947486	cycles		sgx_worker_enclave		observed
c5-timing-event-v1	C5	asyncs	measured	dynamic-html-derived-v1	247	1	697016e81f144196b016e81f14a19637	AI430	4	enclave_tsc_same_invocation	53577758951735	cycles		sgx_worker_enclave		observed
c5-timing-event-v1	C5	asyncs	measured	dynamic-html-derived-v1	247	1	697016e81f144196b016e81f14a19637	AF400	5	enclave_tsc_same_invocation	53577800963019	cycles		sgx_worker_enclave		observed
c5-timing-event-v1	C5	asyncs	measured	dynamic-html-derived-v1	247	1	697016e81f144196b016e81f14a19637	AF410	6	enclave_tsc_same_invocation	53579078027270	cycles		sgx_worker_enclave		observed
c5-timing-event-v1	C5	asyncs	measured	dynamic-html-derived-v1	247	1	697016e81f144196b016e81f14a19637	AO400	7	enclave_tsc_same_invocation	53579080415622	cycles		sgx_worker_enclave		observed
c5-timing-event-v1	C5	asyncs	measured	dynamic-html-derived-v1	247	1	697016e81f144196b016e81f14a19637	AO410	8	enclave_tsc_same_invocation	53579081453689	cycles		sgx_worker_enclave		observed
c5-timing-event-v1	C5	asyncs	measured	dynamic-html-derived-v1	247	1	697016e81f144196b016e81f14a19637	AO420	9	enclave_tsc_same_invocation	53579081454704	cycles		sgx_worker_enclave		observed
c5-timing-event-v1	C5	asyncs	measured	dynamic-html-derived-v1	247	1	697016e81f144196b016e81f14a19637	AO430	10	enclave_tsc_same_invocation	53579081470200	cycles		sgx_worker_enclave		observed
c5-timing-event-v1	C5	asyncs	measured	dynamic-html-derived-v1	247	1	697016e81f144196b016e81f14a19637	A400	400	monotonic_ns_same_process	19830080283971	ns		asyncs_worker		observed
c5-timing-event-v1	C5	asyncs	measured	dynamic-html-derived-v1	247	1	697016e81f144196b016e81f14a19637	A410	410	monotonic_ns_same_process	19830578783983	ns		asyncs_worker		observed
c5-timing-event-v1	C5	asyncs	measured	dynamic-html-derived-v1	248	1	e954537637b04ef494537637b09ef480	AI400	1	enclave_tsc_same_invocation	53578514888339	cycles		sgx_worker_enclave		observed
c5-timing-event-v1	C5	asyncs	measured	dynamic-html-derived-v1	248	1	e954537637b04ef494537637b09ef480	AI410	2	enclave_tsc_same_invocation	53578521353314	cycles		sgx_worker_enclave		observed
c5-timing-event-v1	C5	asyncs	measured	dynamic-html-derived-v1	248	1	e954537637b04ef494537637b09ef480	AI420	3	enclave_tsc_same_invocation	53578521353852	cycles		sgx_worker_enclave		observed
c5-timing-event-v1	C5	asyncs	measured	dynamic-html-derived-v1	248	1	e954537637b04ef494537637b09ef480	AI430	4	enclave_tsc_same_invocation	53578521356755	cycles		sgx_worker_enclave		observed
c5-timing-event-v1	C5	asyncs	measured	dynamic-html-derived-v1	248	1	e954537637b04ef494537637b09ef480	AF400	5	enclave_tsc_same_invocation	53578533804096	cycles		sgx_worker_enclave		observed
c5-timing-event-v1	C5	asyncs	measured	dynamic-html-derived-v1	248	1	e954537637b04ef494537637b09ef480	AF410	6	enclave_tsc_same_invocation	53579408598268	cycles		sgx_worker_enclave		observed
c5-timing-event-v1	C5	asyncs	measured	dynamic-html-derived-v1	248	1	e954537637b04ef494537637b09ef480	AO400	7	enclave_tsc_same_invocation	53579410601755	cycles		sgx_worker_enclave		observed
c5-timing-event-v1	C5	asyncs	measured	dynamic-html-derived-v1	248	1	e954537637b04ef494537637b09ef480	AO410	8	enclave_tsc_same_invocation	53579411217111	cycles		sgx_worker_enclave		observed
c5-timing-event-v1	C5	asyncs	measured	dynamic-html-derived-v1	248	1	e954537637b04ef494537637b09ef480	AO420	9	enclave_tsc_same_invocation	53579411217904	cycles		sgx_worker_enclave		observed
c5-timing-event-v1	C5	asyncs	measured	dynamic-html-derived-v1	248	1	e954537637b04ef494537637b09ef480	AO430	10	enclave_tsc_same_invocation	53579411227157	cycles		sgx_worker_enclave		observed
c5-timing-event-v1	C5	asyncs	measured	dynamic-html-derived-v1	248	1	e954537637b04ef494537637b09ef480	A400	400	monotonic_ns_same_process	19831205152415	ns		asyncs_worker		observed
c5-timing-event-v1	C5	asyncs	measured	dynamic-html-derived-v1	248	1	e954537637b04ef494537637b09ef480	A410	410	monotonic_ns_same_process	19831538240452	ns		asyncs_worker		observed
c5-timing-event-v1	C5	asyncs	measured	dynamic-html-derived-v1	249	1	0f8655aa851048558655aa8510d855b8	AI400	1	enclave_tsc_same_invocation	53578031486896	cycles		sgx_worker_enclave		observed
c5-timing-event-v1	C5	asyncs	measured	dynamic-html-derived-v1	249	1	0f8655aa851048558655aa8510d855b8	AI410	2	enclave_tsc_same_invocation	53578042420889	cycles		sgx_worker_enclave		observed
c5-timing-event-v1	C5	asyncs	measured	dynamic-html-derived-v1	249	1	0f8655aa851048558655aa8510d855b8	AI420	3	enclave_tsc_same_invocation	53578042422295	cycles		sgx_worker_enclave		observed
c5-timing-event-v1	C5	asyncs	measured	dynamic-html-derived-v1	249	1	0f8655aa851048558655aa8510d855b8	AI430	4	enclave_tsc_same_invocation	53578042426473	cycles		sgx_worker_enclave		observed
c5-timing-event-v1	C5	asyncs	measured	dynamic-html-derived-v1	249	1	0f8655aa851048558655aa8510d855b8	AF400	5	enclave_tsc_same_invocation	53578061687468	cycles		sgx_worker_enclave		observed
c5-timing-event-v1	C5	asyncs	measured	dynamic-html-derived-v1	249	1	0f8655aa851048558655aa8510d855b8	AF410	6	enclave_tsc_same_invocation	53579368218106	cycles		sgx_worker_enclave		observed
c5-timing-event-v1	C5	asyncs	measured	dynamic-html-derived-v1	249	1	0f8655aa851048558655aa8510d855b8	AO400	7	enclave_tsc_same_invocation	53579370408442	cycles		sgx_worker_enclave		observed
c5-timing-event-v1	C5	asyncs	measured	dynamic-html-derived-v1	249	1	0f8655aa851048558655aa8510d855b8	AO410	8	enclave_tsc_same_invocation	53579371517597	cycles		sgx_worker_enclave		observed
c5-timing-event-v1	C5	asyncs	measured	dynamic-html-derived-v1	249	1	0f8655aa851048558655aa8510d855b8	AO420	9	enclave_tsc_same_invocation	53579371518552	cycles		sgx_worker_enclave		observed
c5-timing-event-v1	C5	asyncs	measured	dynamic-html-derived-v1	249	1	0f8655aa851048558655aa8510d855b8	AO430	10	enclave_tsc_same_invocation	53579371533801	cycles		sgx_worker_enclave		observed
c5-timing-event-v1	C5	asyncs	measured	dynamic-html-derived-v1	249	1	0f8655aa851048558655aa8510d855b8	A400	400	monotonic_ns_same_process	19830188279185	ns		asyncs_worker		observed
c5-timing-event-v1	C5	asyncs	measured	dynamic-html-derived-v1	249	1	0f8655aa851048558655aa8510d855b8	A410	410	monotonic_ns_same_process	19830686209175	ns		asyncs_worker		observed
c5-timing-event-v1	C5	asyncs	measured	dynamic-html-derived-v1	250	1	5ba4d5d0333d429ca4d5d0333d529cb8	AI400	1	enclave_tsc_same_invocation	53579571669966	cycles		sgx_worker_enclave		observed
c5-timing-event-v1	C5	asyncs	measured	dynamic-html-derived-v1	250	1	5ba4d5d0333d429ca4d5d0333d529cb8	AI410	2	enclave_tsc_same_invocation	53579578130980	cycles		sgx_worker_enclave		observed
c5-timing-event-v1	C5	asyncs	measured	dynamic-html-derived-v1	250	1	5ba4d5d0333d429ca4d5d0333d529cb8	AI420	3	enclave_tsc_same_invocation	53579578131459	cycles		sgx_worker_enclave		observed
c5-timing-event-v1	C5	asyncs	measured	dynamic-html-derived-v1	250	1	5ba4d5d0333d429ca4d5d0333d529cb8	AI430	4	enclave_tsc_same_invocation	53579578134202	cycles		sgx_worker_enclave		observed
c5-timing-event-v1	C5	asyncs	measured	dynamic-html-derived-v1	250	1	5ba4d5d0333d429ca4d5d0333d529cb8	AF400	5	enclave_tsc_same_invocation	53579589990958	cycles		sgx_worker_enclave		observed
c5-timing-event-v1	C5	asyncs	measured	dynamic-html-derived-v1	250	1	5ba4d5d0333d429ca4d5d0333d529cb8	AF410	6	enclave_tsc_same_invocation	53580468106302	cycles		sgx_worker_enclave		observed
c5-timing-event-v1	C5	asyncs	measured	dynamic-html-derived-v1	250	1	5ba4d5d0333d429ca4d5d0333d529cb8	AO400	7	enclave_tsc_same_invocation	53580470072111	cycles		sgx_worker_enclave		observed
c5-timing-event-v1	C5	asyncs	measured	dynamic-html-derived-v1	250	1	5ba4d5d0333d429ca4d5d0333d529cb8	AO410	8	enclave_tsc_same_invocation	53580470693659	cycles		sgx_worker_enclave		observed
c5-timing-event-v1	C5	asyncs	measured	dynamic-html-derived-v1	250	1	5ba4d5d0333d429ca4d5d0333d529cb8	AO420	9	enclave_tsc_same_invocation	53580470694555	cycles		sgx_worker_enclave		observed
c5-timing-event-v1	C5	asyncs	measured	dynamic-html-derived-v1	250	1	5ba4d5d0333d429ca4d5d0333d529cb8	AO430	10	enclave_tsc_same_invocation	53580470704036	cycles		sgx_worker_enclave		observed
c5-timing-event-v1	C5	asyncs	measured	dynamic-html-derived-v1	250	1	5ba4d5d0333d429ca4d5d0333d529cb8	A400	400	monotonic_ns_same_process	19831596575126	ns		asyncs_worker		observed
c5-timing-event-v1	C5	asyncs	measured	dynamic-html-derived-v1	250	1	5ba4d5d0333d429ca4d5d0333d529cb8	A410	410	monotonic_ns_same_process	19831930648052	ns		asyncs_worker		observed
c5-timing-event-v1	C5	asyncs	measured	dynamic-html-derived-v1	251	1	8d8490df34874a468490df34871a462b	AI400	1	enclave_tsc_same_invocation	53579230519020	cycles		sgx_worker_enclave		observed
c5-timing-event-v1	C5	asyncs	measured	dynamic-html-derived-v1	251	1	8d8490df34874a468490df34871a462b	AI410	2	enclave_tsc_same_invocation	53579241544474	cycles		sgx_worker_enclave		observed
c5-timing-event-v1	C5	asyncs	measured	dynamic-html-derived-v1	251	1	8d8490df34874a468490df34871a462b	AI420	3	enclave_tsc_same_invocation	53579241545431	cycles		sgx_worker_enclave		observed
c5-timing-event-v1	C5	asyncs	measured	dynamic-html-derived-v1	251	1	8d8490df34874a468490df34871a462b	AI430	4	enclave_tsc_same_invocation	53579241549442	cycles		sgx_worker_enclave		observed
c5-timing-event-v1	C5	asyncs	measured	dynamic-html-derived-v1	251	1	8d8490df34874a468490df34871a462b	AF400	5	enclave_tsc_same_invocation	53579261222795	cycles		sgx_worker_enclave		observed
c5-timing-event-v1	C5	asyncs	measured	dynamic-html-derived-v1	251	1	8d8490df34874a468490df34871a462b	AF410	6	enclave_tsc_same_invocation	53580549965982	cycles		sgx_worker_enclave		observed
c5-timing-event-v1	C5	asyncs	measured	dynamic-html-derived-v1	251	1	8d8490df34874a468490df34871a462b	AO400	7	enclave_tsc_same_invocation	53580552266905	cycles		sgx_worker_enclave		observed
c5-timing-event-v1	C5	asyncs	measured	dynamic-html-derived-v1	251	1	8d8490df34874a468490df34871a462b	AO410	8	enclave_tsc_same_invocation	53580553286276	cycles		sgx_worker_enclave		observed
c5-timing-event-v1	C5	asyncs	measured	dynamic-html-derived-v1	251	1	8d8490df34874a468490df34871a462b	AO420	9	enclave_tsc_same_invocation	53580553287142	cycles		sgx_worker_enclave		observed
c5-timing-event-v1	C5	asyncs	measured	dynamic-html-derived-v1	251	1	8d8490df34874a468490df34871a462b	AO430	10	enclave_tsc_same_invocation	53580553301623	cycles		sgx_worker_enclave		observed
c5-timing-event-v1	C5	asyncs	measured	dynamic-html-derived-v1	251	1	8d8490df34874a468490df34871a462b	A400	400	monotonic_ns_same_process	19830632258206	ns		asyncs_worker		observed
c5-timing-event-v1	C5	asyncs	measured	dynamic-html-derived-v1	251	1	8d8490df34874a468490df34871a462b	A410	410	monotonic_ns_same_process	19831123916829	ns		asyncs_worker		observed
c5-timing-event-v1	C5	asyncs	measured	dynamic-html-derived-v1	252	1	e720957d6b6f4388a0957d6b6f738856	AI400	1	enclave_tsc_same_invocation	53579511679284	cycles		sgx_worker_enclave		observed
c5-timing-event-v1	C5	asyncs	measured	dynamic-html-derived-v1	252	1	e720957d6b6f4388a0957d6b6f738856	AI410	2	enclave_tsc_same_invocation	53579523047522	cycles		sgx_worker_enclave		observed
c5-timing-event-v1	C5	asyncs	measured	dynamic-html-derived-v1	252	1	e720957d6b6f4388a0957d6b6f738856	AI420	3	enclave_tsc_same_invocation	53579523048381	cycles		sgx_worker_enclave		observed
c5-timing-event-v1	C5	asyncs	measured	dynamic-html-derived-v1	252	1	e720957d6b6f4388a0957d6b6f738856	AI430	4	enclave_tsc_same_invocation	53579523051650	cycles		sgx_worker_enclave		observed
c5-timing-event-v1	C5	asyncs	measured	dynamic-html-derived-v1	252	1	e720957d6b6f4388a0957d6b6f738856	AF400	5	enclave_tsc_same_invocation	53579542745293	cycles		sgx_worker_enclave		observed
c5-timing-event-v1	C5	asyncs	measured	dynamic-html-derived-v1	252	1	e720957d6b6f4388a0957d6b6f738856	AF410	6	enclave_tsc_same_invocation	53580923785653	cycles		sgx_worker_enclave		observed
c5-timing-event-v1	C5	asyncs	measured	dynamic-html-derived-v1	252	1	e720957d6b6f4388a0957d6b6f738856	AO400	7	enclave_tsc_same_invocation	53580926033852	cycles		sgx_worker_enclave		observed
c5-timing-event-v1	C5	asyncs	measured	dynamic-html-derived-v1	252	1	e720957d6b6f4388a0957d6b6f738856	AO410	8	enclave_tsc_same_invocation	53580927079566	cycles		sgx_worker_enclave		observed
c5-timing-event-v1	C5	asyncs	measured	dynamic-html-derived-v1	252	1	e720957d6b6f4388a0957d6b6f738856	AO420	9	enclave_tsc_same_invocation	53580927080820	cycles		sgx_worker_enclave		observed
c5-timing-event-v1	C5	asyncs	measured	dynamic-html-derived-v1	252	1	e720957d6b6f4388a0957d6b6f738856	AO430	10	enclave_tsc_same_invocation	53580927095753	cycles		sgx_worker_enclave		observed
c5-timing-event-v1	C5	asyncs	measured	dynamic-html-derived-v1	252	1	e720957d6b6f4388a0957d6b6f738856	A400	400	monotonic_ns_same_process	19830736269785	ns		asyncs_worker		observed
c5-timing-event-v1	C5	asyncs	measured	dynamic-html-derived-v1	252	1	e720957d6b6f4388a0957d6b6f738856	A410	410	monotonic_ns_same_process	19831262357708	ns		asyncs_worker		observed
c5-timing-event-v1	C5	asyncs	measured	dynamic-html-derived-v1	253	1	7cb58e6add164988b58e6add16e988f8	AI400	1	enclave_tsc_same_invocation	53580631925836	cycles		sgx_worker_enclave		observed
c5-timing-event-v1	C5	asyncs	measured	dynamic-html-derived-v1	253	1	7cb58e6add164988b58e6add16e988f8	AI410	2	enclave_tsc_same_invocation	53580638432941	cycles		sgx_worker_enclave		observed
c5-timing-event-v1	C5	asyncs	measured	dynamic-html-derived-v1	253	1	7cb58e6add164988b58e6add16e988f8	AI420	3	enclave_tsc_same_invocation	53580638433457	cycles		sgx_worker_enclave		observed
c5-timing-event-v1	C5	asyncs	measured	dynamic-html-derived-v1	253	1	7cb58e6add164988b58e6add16e988f8	AI430	4	enclave_tsc_same_invocation	53580638436656	cycles		sgx_worker_enclave		observed
c5-timing-event-v1	C5	asyncs	measured	dynamic-html-derived-v1	253	1	7cb58e6add164988b58e6add16e988f8	AF400	5	enclave_tsc_same_invocation	53580650369075	cycles		sgx_worker_enclave		observed
c5-timing-event-v1	C5	asyncs	measured	dynamic-html-derived-v1	253	1	7cb58e6add164988b58e6add16e988f8	AF410	6	enclave_tsc_same_invocation	53581528922846	cycles		sgx_worker_enclave		observed
c5-timing-event-v1	C5	asyncs	measured	dynamic-html-derived-v1	253	1	7cb58e6add164988b58e6add16e988f8	AO400	7	enclave_tsc_same_invocation	53581530901814	cycles		sgx_worker_enclave		observed
c5-timing-event-v1	C5	asyncs	measured	dynamic-html-derived-v1	253	1	7cb58e6add164988b58e6add16e988f8	AO410	8	enclave_tsc_same_invocation	53581531519991	cycles		sgx_worker_enclave		observed
c5-timing-event-v1	C5	asyncs	measured	dynamic-html-derived-v1	253	1	7cb58e6add164988b58e6add16e988f8	AO420	9	enclave_tsc_same_invocation	53581531520824	cycles		sgx_worker_enclave		observed
c5-timing-event-v1	C5	asyncs	measured	dynamic-html-derived-v1	253	1	7cb58e6add164988b58e6add16e988f8	AO430	10	enclave_tsc_same_invocation	53581531530670	cycles		sgx_worker_enclave		observed
c5-timing-event-v1	C5	asyncs	measured	dynamic-html-derived-v1	253	1	7cb58e6add164988b58e6add16e988f8	A400	400	monotonic_ns_same_process	19831989292119	ns		asyncs_worker		observed
c5-timing-event-v1	C5	asyncs	measured	dynamic-html-derived-v1	253	1	7cb58e6add164988b58e6add16e988f8	A410	410	monotonic_ns_same_process	19832323563673	ns		asyncs_worker		observed
c5-timing-event-v1	C5	asyncs	measured	dynamic-html-derived-v1	254	1	afa99eb3dfbf4dcea99eb3dfbfcdce23	AI400	1	enclave_tsc_same_invocation	53580734019076	cycles		sgx_worker_enclave		observed
c5-timing-event-v1	C5	asyncs	measured	dynamic-html-derived-v1	254	1	afa99eb3dfbf4dcea99eb3dfbfcdce23	AI410	2	enclave_tsc_same_invocation	53580762564385	cycles		sgx_worker_enclave		observed
c5-timing-event-v1	C5	asyncs	measured	dynamic-html-derived-v1	254	1	afa99eb3dfbf4dcea99eb3dfbfcdce23	AI420	3	enclave_tsc_same_invocation	53580762565123	cycles		sgx_worker_enclave		observed
c5-timing-event-v1	C5	asyncs	measured	dynamic-html-derived-v1	254	1	afa99eb3dfbf4dcea99eb3dfbfcdce23	AI430	4	enclave_tsc_same_invocation	53580762567990	cycles		sgx_worker_enclave		observed
c5-timing-event-v1	C5	asyncs	measured	dynamic-html-derived-v1	254	1	afa99eb3dfbf4dcea99eb3dfbfcdce23	AF400	5	enclave_tsc_same_invocation	53580777011334	cycles		sgx_worker_enclave		observed
c5-timing-event-v1	C5	asyncs	measured	dynamic-html-derived-v1	254	1	afa99eb3dfbf4dcea99eb3dfbfcdce23	AF410	6	enclave_tsc_same_invocation	53582056319562	cycles		sgx_worker_enclave		observed
c5-timing-event-v1	C5	asyncs	measured	dynamic-html-derived-v1	254	1	afa99eb3dfbf4dcea99eb3dfbfcdce23	AO400	7	enclave_tsc_same_invocation	53582058610658	cycles		sgx_worker_enclave		observed
c5-timing-event-v1	C5	asyncs	measured	dynamic-html-derived-v1	254	1	afa99eb3dfbf4dcea99eb3dfbfcdce23	AO410	8	enclave_tsc_same_invocation	53582059662617	cycles		sgx_worker_enclave		observed
c5-timing-event-v1	C5	asyncs	measured	dynamic-html-derived-v1	254	1	afa99eb3dfbf4dcea99eb3dfbfcdce23	AO420	9	enclave_tsc_same_invocation	53582059663610	cycles		sgx_worker_enclave		observed
c5-timing-event-v1	C5	asyncs	measured	dynamic-html-derived-v1	254	1	afa99eb3dfbf4dcea99eb3dfbfcdce23	AO430	10	enclave_tsc_same_invocation	53582059678110	cycles		sgx_worker_enclave		observed
c5-timing-event-v1	C5	asyncs	measured	dynamic-html-derived-v1	254	1	afa99eb3dfbf4dcea99eb3dfbfcdce23	A400	400	monotonic_ns_same_process	19831186556104	ns		asyncs_worker		observed
c5-timing-event-v1	C5	asyncs	measured	dynamic-html-derived-v1	254	1	afa99eb3dfbf4dcea99eb3dfbfcdce23	A410	410	monotonic_ns_same_process	19831681856607	ns		asyncs_worker		observed
c5-timing-event-v1	C5	asyncs	measured	dynamic-html-derived-v1	255	1	b32819defe1446d8a819defe1456d82e	AI400	1	enclave_tsc_same_invocation	53581144805705	cycles		sgx_worker_enclave		observed
c5-timing-event-v1	C5	asyncs	measured	dynamic-html-derived-v1	255	1	b32819defe1446d8a819defe1456d82e	AI410	2	enclave_tsc_same_invocation	53581156294175	cycles		sgx_worker_enclave		observed
c5-timing-event-v1	C5	asyncs	measured	dynamic-html-derived-v1	255	1	b32819defe1446d8a819defe1456d82e	AI420	3	enclave_tsc_same_invocation	53581156295140	cycles		sgx_worker_enclave		observed
c5-timing-event-v1	C5	asyncs	measured	dynamic-html-derived-v1	255	1	b32819defe1446d8a819defe1456d82e	AI430	4	enclave_tsc_same_invocation	53581156298888	cycles		sgx_worker_enclave		observed
c5-timing-event-v1	C5	asyncs	measured	dynamic-html-derived-v1	255	1	b32819defe1446d8a819defe1456d82e	AF400	5	enclave_tsc_same_invocation	53581175954856	cycles		sgx_worker_enclave		observed
c5-timing-event-v1	C5	asyncs	measured	dynamic-html-derived-v1	255	1	b32819defe1446d8a819defe1456d82e	AF410	6	enclave_tsc_same_invocation	53582450107884	cycles		sgx_worker_enclave		observed
c5-timing-event-v1	C5	asyncs	measured	dynamic-html-derived-v1	255	1	b32819defe1446d8a819defe1456d82e	AO400	7	enclave_tsc_same_invocation	53582452325138	cycles		sgx_worker_enclave		observed
c5-timing-event-v1	C5	asyncs	measured	dynamic-html-derived-v1	255	1	b32819defe1446d8a819defe1456d82e	AO410	8	enclave_tsc_same_invocation	53582453333681	cycles		sgx_worker_enclave		observed
c5-timing-event-v1	C5	asyncs	measured	dynamic-html-derived-v1	255	1	b32819defe1446d8a819defe1456d82e	AO420	9	enclave_tsc_same_invocation	53582453334495	cycles		sgx_worker_enclave		observed
c5-timing-event-v1	C5	asyncs	measured	dynamic-html-derived-v1	255	1	b32819defe1446d8a819defe1456d82e	AO430	10	enclave_tsc_same_invocation	53582453349237	cycles		sgx_worker_enclave		observed
c5-timing-event-v1	C5	asyncs	measured	dynamic-html-derived-v1	255	1	b32819defe1446d8a819defe1456d82e	A400	400	monotonic_ns_same_process	19831341214609	ns		asyncs_worker		observed
c5-timing-event-v1	C5	asyncs	measured	dynamic-html-derived-v1	255	1	b32819defe1446d8a819defe1456d82e	A410	410	monotonic_ns_same_process	19831827646195	ns		asyncs_worker		observed
c5-timing-event-v1	C5	asyncs	measured	dynamic-html-derived-v1	256	1	f848c963d9f34f6c88c963d9f3df6c80	AI400	1	enclave_tsc_same_invocation	53581723126189	cycles		sgx_worker_enclave		observed
c5-timing-event-v1	C5	asyncs	measured	dynamic-html-derived-v1	256	1	f848c963d9f34f6c88c963d9f3df6c80	AI410	2	enclave_tsc_same_invocation	53581731049073	cycles		sgx_worker_enclave		observed
c5-timing-event-v1	C5	asyncs	measured	dynamic-html-derived-v1	256	1	f848c963d9f34f6c88c963d9f3df6c80	AI420	3	enclave_tsc_same_invocation	53581731049936	cycles		sgx_worker_enclave		observed
c5-timing-event-v1	C5	asyncs	measured	dynamic-html-derived-v1	256	1	f848c963d9f34f6c88c963d9f3df6c80	AI430	4	enclave_tsc_same_invocation	53581731054499	cycles		sgx_worker_enclave		observed
c5-timing-event-v1	C5	asyncs	measured	dynamic-html-derived-v1	256	1	f848c963d9f34f6c88c963d9f3df6c80	AF400	5	enclave_tsc_same_invocation	53581750700397	cycles		sgx_worker_enclave		observed
c5-timing-event-v1	C5	asyncs	measured	dynamic-html-derived-v1	256	1	f848c963d9f34f6c88c963d9f3df6c80	AF410	6	enclave_tsc_same_invocation	53582640152811	cycles		sgx_worker_enclave		observed
c5-timing-event-v1	C5	asyncs	measured	dynamic-html-derived-v1	256	1	f848c963d9f34f6c88c963d9f3df6c80	AO400	7	enclave_tsc_same_invocation	53582642196208	cycles		sgx_worker_enclave		observed
c5-timing-event-v1	C5	asyncs	measured	dynamic-html-derived-v1	256	1	f848c963d9f34f6c88c963d9f3df6c80	AO410	8	enclave_tsc_same_invocation	53582642806997	cycles		sgx_worker_enclave		observed
c5-timing-event-v1	C5	asyncs	measured	dynamic-html-derived-v1	256	1	f848c963d9f34f6c88c963d9f3df6c80	AO420	9	enclave_tsc_same_invocation	53582642807770	cycles		sgx_worker_enclave		observed
c5-timing-event-v1	C5	asyncs	measured	dynamic-html-derived-v1	256	1	f848c963d9f34f6c88c963d9f3df6c80	AO430	10	enclave_tsc_same_invocation	53582642817721	cycles		sgx_worker_enclave		observed
c5-timing-event-v1	C5	asyncs	measured	dynamic-html-derived-v1	256	1	f848c963d9f34f6c88c963d9f3df6c80	A400	400	monotonic_ns_same_process	19832393468119	ns		asyncs_worker		observed
c5-timing-event-v1	C5	asyncs	measured	dynamic-html-derived-v1	256	1	f848c963d9f34f6c88c963d9f3df6c80	A410	410	monotonic_ns_same_process	19832735157589	ns		asyncs_worker		observed
c5-timing-event-v1	C5	asyncs	measured	dynamic-html-derived-v1	257	1	acc8f76190184ed088f7619018fed0df	AI400	1	enclave_tsc_same_invocation	53582808781639	cycles		sgx_worker_enclave		observed
c5-timing-event-v1	C5	asyncs	measured	dynamic-html-derived-v1	257	1	acc8f76190184ed088f7619018fed0df	AI410	2	enclave_tsc_same_invocation	53582820416317	cycles		sgx_worker_enclave		observed
c5-timing-event-v1	C5	asyncs	measured	dynamic-html-derived-v1	257	1	acc8f76190184ed088f7619018fed0df	AI420	3	enclave_tsc_same_invocation	53582820417315	cycles		sgx_worker_enclave		observed
c5-timing-event-v1	C5	asyncs	measured	dynamic-html-derived-v1	257	1	acc8f76190184ed088f7619018fed0df	AI430	4	enclave_tsc_same_invocation	53582820421298	cycles		sgx_worker_enclave		observed
c5-timing-event-v1	C5	asyncs	measured	dynamic-html-derived-v1	257	1	acc8f76190184ed088f7619018fed0df	AF400	5	enclave_tsc_same_invocation	53582840637970	cycles		sgx_worker_enclave		observed
c5-timing-event-v1	C5	asyncs	measured	dynamic-html-derived-v1	257	1	acc8f76190184ed088f7619018fed0df	AF410	6	enclave_tsc_same_invocation	53583747611297	cycles		sgx_worker_enclave		observed
c5-timing-event-v1	C5	asyncs	measured	dynamic-html-derived-v1	257	1	acc8f76190184ed088f7619018fed0df	AO400	7	enclave_tsc_same_invocation	53583749579299	cycles		sgx_worker_enclave		observed
c5-timing-event-v1	C5	asyncs	measured	dynamic-html-derived-v1	257	1	acc8f76190184ed088f7619018fed0df	AO410	8	enclave_tsc_same_invocation	53583750212018	cycles		sgx_worker_enclave		observed
c5-timing-event-v1	C5	asyncs	measured	dynamic-html-derived-v1	257	1	acc8f76190184ed088f7619018fed0df	AO420	9	enclave_tsc_same_invocation	53583750212865	cycles		sgx_worker_enclave		observed
c5-timing-event-v1	C5	asyncs	measured	dynamic-html-derived-v1	257	1	acc8f76190184ed088f7619018fed0df	AO430	10	enclave_tsc_same_invocation	53583750222680	cycles		sgx_worker_enclave		observed
c5-timing-event-v1	C5	asyncs	measured	dynamic-html-derived-v1	257	1	acc8f76190184ed088f7619018fed0df	A400	400	monotonic_ns_same_process	19832794912590	ns		asyncs_worker		observed
c5-timing-event-v1	C5	asyncs	measured	dynamic-html-derived-v1	257	1	acc8f76190184ed088f7619018fed0df	A410	410	monotonic_ns_same_process	19833145320249	ns		asyncs_worker		observed
c5-timing-event-v1	C5	asyncs	measured	dynamic-html-derived-v1	258	1	226bcecc2df246aeabcecc2df256aeaf	AI400	1	enclave_tsc_same_invocation	53582307655664	cycles		sgx_worker_enclave		observed
c5-timing-event-v1	C5	asyncs	measured	dynamic-html-derived-v1	258	1	226bcecc2df246aeabcecc2df256aeaf	AI410	2	enclave_tsc_same_invocation	53582319567828	cycles		sgx_worker_enclave		observed
c5-timing-event-v1	C5	asyncs	measured	dynamic-html-derived-v1	258	1	226bcecc2df246aeabcecc2df256aeaf	AI420	3	enclave_tsc_same_invocation	53582319568826	cycles		sgx_worker_enclave		observed
c5-timing-event-v1	C5	asyncs	measured	dynamic-html-derived-v1	258	1	226bcecc2df246aeabcecc2df256aeaf	AI430	4	enclave_tsc_same_invocation	53582319572878	cycles		sgx_worker_enclave		observed
c5-timing-event-v1	C5	asyncs	measured	dynamic-html-derived-v1	258	1	226bcecc2df246aeabcecc2df256aeaf	AF400	5	enclave_tsc_same_invocation	53582339915649	cycles		sgx_worker_enclave		observed
c5-timing-event-v1	C5	asyncs	measured	dynamic-html-derived-v1	258	1	226bcecc2df246aeabcecc2df256aeaf	AF410	6	enclave_tsc_same_invocation	53583638951420	cycles		sgx_worker_enclave		observed
c5-timing-event-v1	C5	asyncs	measured	dynamic-html-derived-v1	258	1	226bcecc2df246aeabcecc2df256aeaf	AO400	7	enclave_tsc_same_invocation	53583641201411	cycles		sgx_worker_enclave		observed
c5-timing-event-v1	C5	asyncs	measured	dynamic-html-derived-v1	258	1	226bcecc2df246aeabcecc2df256aeaf	AO410	8	enclave_tsc_same_invocation	53583642237580	cycles		sgx_worker_enclave		observed
c5-timing-event-v1	C5	asyncs	measured	dynamic-html-derived-v1	258	1	226bcecc2df246aeabcecc2df256aeaf	AO420	9	enclave_tsc_same_invocation	53583642238625	cycles		sgx_worker_enclave		observed
c5-timing-event-v1	C5	asyncs	measured	dynamic-html-derived-v1	258	1	226bcecc2df246aeabcecc2df256aeaf	AO430	10	enclave_tsc_same_invocation	53583642253799	cycles		sgx_worker_enclave		observed
c5-timing-event-v1	C5	asyncs	measured	dynamic-html-derived-v1	258	1	226bcecc2df246aeabcecc2df256aeaf	A400	400	monotonic_ns_same_process	19831771758473	ns		asyncs_worker		observed
c5-timing-event-v1	C5	asyncs	measured	dynamic-html-derived-v1	258	1	226bcecc2df246aeabcecc2df256aeaf	A410	410	monotonic_ns_same_process	19832268012837	ns		asyncs_worker		observed
c5-timing-event-v1	C5	asyncs	measured	dynamic-html-derived-v1	259	1	a255545199d640d895545199d640d85e	AI400	1	enclave_tsc_same_invocation	53582613066087	cycles		sgx_worker_enclave		observed
c5-timing-event-v1	C5	asyncs	measured	dynamic-html-derived-v1	259	1	a255545199d640d895545199d640d85e	AI410	2	enclave_tsc_same_invocation	53582624425547	cycles		sgx_worker_enclave		observed
c5-timing-event-v1	C5	asyncs	measured	dynamic-html-derived-v1	259	1	a255545199d640d895545199d640d85e	AI420	3	enclave_tsc_same_invocation	53582624426536	cycles		sgx_worker_enclave		observed
c5-timing-event-v1	C5	asyncs	measured	dynamic-html-derived-v1	259	1	a255545199d640d895545199d640d85e	AI430	4	enclave_tsc_same_invocation	53582624430657	cycles		sgx_worker_enclave		observed
c5-timing-event-v1	C5	asyncs	measured	dynamic-html-derived-v1	259	1	a255545199d640d895545199d640d85e	AF400	5	enclave_tsc_same_invocation	53582644115634	cycles		sgx_worker_enclave		observed
c5-timing-event-v1	C5	asyncs	measured	dynamic-html-derived-v1	259	1	a255545199d640d895545199d640d85e	AF410	6	enclave_tsc_same_invocation	53583976819491	cycles		sgx_worker_enclave		observed
c5-timing-event-v1	C5	asyncs	measured	dynamic-html-derived-v1	259	1	a255545199d640d895545199d640d85e	AO400	7	enclave_tsc_same_invocation	53583979190408	cycles		sgx_worker_enclave		observed
c5-timing-event-v1	C5	asyncs	measured	dynamic-html-derived-v1	259	1	a255545199d640d895545199d640d85e	AO410	8	enclave_tsc_same_invocation	53583980288089	cycles		sgx_worker_enclave		observed
c5-timing-event-v1	C5	asyncs	measured	dynamic-html-derived-v1	259	1	a255545199d640d895545199d640d85e	AO420	9	enclave_tsc_same_invocation	53583980289083	cycles		sgx_worker_enclave		observed
c5-timing-event-v1	C5	asyncs	measured	dynamic-html-derived-v1	259	1	a255545199d640d895545199d640d85e	AO430	10	enclave_tsc_same_invocation	53583980303626	cycles		sgx_worker_enclave		observed
c5-timing-event-v1	C5	asyncs	measured	dynamic-html-derived-v1	259	1	a255545199d640d895545199d640d85e	A400	400	monotonic_ns_same_process	19831884970476	ns		asyncs_worker		observed
c5-timing-event-v1	C5	asyncs	measured	dynamic-html-derived-v1	259	1	a255545199d640d895545199d640d85e	A410	410	monotonic_ns_same_process	19832393193029	ns		asyncs_worker		observed
c5-timing-event-v1	C5	asyncs	measured	dynamic-html-derived-v1	260	1	8a331a90d44f491cb31a90d44f391ce9	AI400	1	enclave_tsc_same_invocation	53583887630049	cycles		sgx_worker_enclave		observed
c5-timing-event-v1	C5	asyncs	measured	dynamic-html-derived-v1	260	1	8a331a90d44f491cb31a90d44f391ce9	AI410	2	enclave_tsc_same_invocation	53583894024465	cycles		sgx_worker_enclave		observed
c5-timing-event-v1	C5	asyncs	measured	dynamic-html-derived-v1	260	1	8a331a90d44f491cb31a90d44f391ce9	AI420	3	enclave_tsc_same_invocation	53583894025418	cycles		sgx_worker_enclave		observed
c5-timing-event-v1	C5	asyncs	measured	dynamic-html-derived-v1	260	1	8a331a90d44f491cb31a90d44f391ce9	AI430	4	enclave_tsc_same_invocation	53583894029057	cycles		sgx_worker_enclave		observed
c5-timing-event-v1	C5	asyncs	measured	dynamic-html-derived-v1	260	1	8a331a90d44f491cb31a90d44f391ce9	AF400	5	enclave_tsc_same_invocation	53583905669260	cycles		sgx_worker_enclave		observed
c5-timing-event-v1	C5	asyncs	measured	dynamic-html-derived-v1	260	1	8a331a90d44f491cb31a90d44f391ce9	AF410	6	enclave_tsc_same_invocation	53584782318625	cycles		sgx_worker_enclave		observed
c5-timing-event-v1	C5	asyncs	measured	dynamic-html-derived-v1	260	1	8a331a90d44f491cb31a90d44f391ce9	AO400	7	enclave_tsc_same_invocation	53584784314672	cycles		sgx_worker_enclave		observed
c5-timing-event-v1	C5	asyncs	measured	dynamic-html-derived-v1	260	1	8a331a90d44f491cb31a90d44f391ce9	AO410	8	enclave_tsc_same_invocation	53584784951816	cycles		sgx_worker_enclave		observed
c5-timing-event-v1	C5	asyncs	measured	dynamic-html-derived-v1	260	1	8a331a90d44f491cb31a90d44f391ce9	AO420	9	enclave_tsc_same_invocation	53584784952796	cycles		sgx_worker_enclave		observed
c5-timing-event-v1	C5	asyncs	measured	dynamic-html-derived-v1	260	1	8a331a90d44f491cb31a90d44f391ce9	AO430	10	enclave_tsc_same_invocation	53584784962840	cycles		sgx_worker_enclave		observed
c5-timing-event-v1	C5	asyncs	measured	dynamic-html-derived-v1	260	1	8a331a90d44f491cb31a90d44f391ce9	A400	400	monotonic_ns_same_process	19833195090362	ns		asyncs_worker		observed
c5-timing-event-v1	C5	asyncs	measured	dynamic-html-derived-v1	260	1	8a331a90d44f491cb31a90d44f391ce9	A410	410	monotonic_ns_same_process	19833528562853	ns		asyncs_worker		observed
c5-timing-event-v1	C5	asyncs	measured	dynamic-html-derived-v1	261	1	7448688164bc408488688164bc608406	AI400	1	enclave_tsc_same_invocation	53583812818807	cycles		sgx_worker_enclave		observed
c5-timing-event-v1	C5	asyncs	measured	dynamic-html-derived-v1	261	1	7448688164bc408488688164bc608406	AI410	2	enclave_tsc_same_invocation	53583823777293	cycles		sgx_worker_enclave		observed
c5-timing-event-v1	C5	asyncs	measured	dynamic-html-derived-v1	261	1	7448688164bc408488688164bc608406	AI420	3	enclave_tsc_same_invocation	53583823778236	cycles		sgx_worker_enclave		observed
c5-timing-event-v1	C5	asyncs	measured	dynamic-html-derived-v1	261	1	7448688164bc408488688164bc608406	AI430	4	enclave_tsc_same_invocation	53583823782215	cycles		sgx_worker_enclave		observed
c5-timing-event-v1	C5	asyncs	measured	dynamic-html-derived-v1	261	1	7448688164bc408488688164bc608406	AF400	5	enclave_tsc_same_invocation	53583843013616	cycles		sgx_worker_enclave		observed
c5-timing-event-v1	C5	asyncs	measured	dynamic-html-derived-v1	261	1	7448688164bc408488688164bc608406	AF410	6	enclave_tsc_same_invocation	53585185016781	cycles		sgx_worker_enclave		observed
c5-timing-event-v1	C5	asyncs	measured	dynamic-html-derived-v1	261	1	7448688164bc408488688164bc608406	AO400	7	enclave_tsc_same_invocation	53585187342787	cycles		sgx_worker_enclave		observed
c5-timing-event-v1	C5	asyncs	measured	dynamic-html-derived-v1	261	1	7448688164bc408488688164bc608406	AO410	8	enclave_tsc_same_invocation	53585188432330	cycles		sgx_worker_enclave		observed
c5-timing-event-v1	C5	asyncs	measured	dynamic-html-derived-v1	261	1	7448688164bc408488688164bc608406	AO420	9	enclave_tsc_same_invocation	53585188433232	cycles		sgx_worker_enclave		observed
c5-timing-event-v1	C5	asyncs	measured	dynamic-html-derived-v1	261	1	7448688164bc408488688164bc608406	AO430	10	enclave_tsc_same_invocation	53585188448486	cycles		sgx_worker_enclave		observed
c5-timing-event-v1	C5	asyncs	measured	dynamic-html-derived-v1	261	1	7448688164bc408488688164bc608406	A400	400	monotonic_ns_same_process	19832329466462	ns		asyncs_worker		observed
c5-timing-event-v1	C5	asyncs	measured	dynamic-html-derived-v1	261	1	7448688164bc408488688164bc608406	A410	410	monotonic_ns_same_process	19832840672647	ns		asyncs_worker		observed
c5-timing-event-v1	C5	asyncs	measured	dynamic-html-derived-v1	262	1	8dcd793c4645468b8d793c4645568bfe	AI400	1	enclave_tsc_same_invocation	53584122852860	cycles		sgx_worker_enclave		observed
c5-timing-event-v1	C5	asyncs	measured	dynamic-html-derived-v1	262	1	8dcd793c4645468b8d793c4645568bfe	AI410	2	enclave_tsc_same_invocation	53584133839816	cycles		sgx_worker_enclave		observed
c5-timing-event-v1	C5	asyncs	measured	dynamic-html-derived-v1	262	1	8dcd793c4645468b8d793c4645568bfe	AI420	3	enclave_tsc_same_invocation	53584133840710	cycles		sgx_worker_enclave		observed
c5-timing-event-v1	C5	asyncs	measured	dynamic-html-derived-v1	262	1	8dcd793c4645468b8d793c4645568bfe	AI430	4	enclave_tsc_same_invocation	53584133844952	cycles		sgx_worker_enclave		observed
c5-timing-event-v1	C5	asyncs	measured	dynamic-html-derived-v1	262	1	8dcd793c4645468b8d793c4645568bfe	AF400	5	enclave_tsc_same_invocation	53584153070232	cycles		sgx_worker_enclave		observed
c5-timing-event-v1	C5	asyncs	measured	dynamic-html-derived-v1	262	1	8dcd793c4645468b8d793c4645568bfe	AF410	6	enclave_tsc_same_invocation	53585401003907	cycles		sgx_worker_enclave		observed
c5-timing-event-v1	C5	asyncs	measured	dynamic-html-derived-v1	262	1	8dcd793c4645468b8d793c4645568bfe	AO400	7	enclave_tsc_same_invocation	53585403025189	cycles		sgx_worker_enclave		observed
c5-timing-event-v1	C5	asyncs	measured	dynamic-html-derived-v1	262	1	8dcd793c4645468b8d793c4645568bfe	AO410	8	enclave_tsc_same_invocation	53585403642912	cycles		sgx_worker_enclave		observed
c5-timing-event-v1	C5	asyncs	measured	dynamic-html-derived-v1	262	1	8dcd793c4645468b8d793c4645568bfe	AO420	9	enclave_tsc_same_invocation	53585403643448	cycles		sgx_worker_enclave		observed
c5-timing-event-v1	C5	asyncs	measured	dynamic-html-derived-v1	262	1	8dcd793c4645468b8d793c4645568bfe	AO430	10	enclave_tsc_same_invocation	53585403653010	cycles		sgx_worker_enclave		observed
c5-timing-event-v1	C5	asyncs	measured	dynamic-html-derived-v1	262	1	8dcd793c4645468b8d793c4645568bfe	A400	400	monotonic_ns_same_process	19832444264680	ns		asyncs_worker		observed
c5-timing-event-v1	C5	asyncs	measured	dynamic-html-derived-v1	262	1	8dcd793c4645468b8d793c4645568bfe	A410	410	monotonic_ns_same_process	19832920355500	ns		asyncs_worker		observed
c5-timing-event-v1	C5	asyncs	measured	dynamic-html-derived-v1	263	1	d077583567bd40f3b7583567bd20f37f	AI400	1	enclave_tsc_same_invocation	53584918768501	cycles		sgx_worker_enclave		observed
c5-timing-event-v1	C5	asyncs	measured	dynamic-html-derived-v1	263	1	d077583567bd40f3b7583567bd20f37f	AI410	2	enclave_tsc_same_invocation	53584930452463	cycles		sgx_worker_enclave		observed
c5-timing-event-v1	C5	asyncs	measured	dynamic-html-derived-v1	263	1	d077583567bd40f3b7583567bd20f37f	AI420	3	enclave_tsc_same_invocation	53584930453425	cycles		sgx_worker_enclave		observed
c5-timing-event-v1	C5	asyncs	measured	dynamic-html-derived-v1	263	1	d077583567bd40f3b7583567bd20f37f	AI430	4	enclave_tsc_same_invocation	53584930457215	cycles		sgx_worker_enclave		observed
c5-timing-event-v1	C5	asyncs	measured	dynamic-html-derived-v1	263	1	d077583567bd40f3b7583567bd20f37f	AF400	5	enclave_tsc_same_invocation	53584943767076	cycles		sgx_worker_enclave		observed
c5-timing-event-v1	C5	asyncs	measured	dynamic-html-derived-v1	263	1	d077583567bd40f3b7583567bd20f37f	AF410	6	enclave_tsc_same_invocation	53585821118970	cycles		sgx_worker_enclave		observed
c5-timing-event-v1	C5	asyncs	measured	dynamic-html-derived-v1	263	1	d077583567bd40f3b7583567bd20f37f	AO400	7	enclave_tsc_same_invocation	53585823131543	cycles		sgx_worker_enclave		observed
c5-timing-event-v1	C5	asyncs	measured	dynamic-html-derived-v1	263	1	d077583567bd40f3b7583567bd20f37f	AO410	8	enclave_tsc_same_invocation	53585823749754	cycles		sgx_worker_enclave		observed
c5-timing-event-v1	C5	asyncs	measured	dynamic-html-derived-v1	263	1	d077583567bd40f3b7583567bd20f37f	AO420	9	enclave_tsc_same_invocation	53585823750661	cycles		sgx_worker_enclave		observed
c5-timing-event-v1	C5	asyncs	measured	dynamic-html-derived-v1	263	1	d077583567bd40f3b7583567bd20f37f	AO430	10	enclave_tsc_same_invocation	53585823760137	cycles		sgx_worker_enclave		observed
c5-timing-event-v1	C5	asyncs	measured	dynamic-html-derived-v1	263	1	d077583567bd40f3b7583567bd20f37f	A400	400	monotonic_ns_same_process	19833576516723	ns		asyncs_worker		observed
c5-timing-event-v1	C5	asyncs	measured	dynamic-html-derived-v1	263	1	d077583567bd40f3b7583567bd20f37f	A410	410	monotonic_ns_same_process	19833913311216	ns		asyncs_worker		observed
c5-timing-event-v1	C5	asyncs	measured	dynamic-html-derived-v1	264	1	503fe36da56b4a0cbfe36da56b4a0c5a	AI400	1	enclave_tsc_same_invocation	53586001219081	cycles		sgx_worker_enclave		observed
c5-timing-event-v1	C5	asyncs	measured	dynamic-html-derived-v1	264	1	503fe36da56b4a0cbfe36da56b4a0c5a	AI410	2	enclave_tsc_same_invocation	53586007821811	cycles		sgx_worker_enclave		observed
c5-timing-event-v1	C5	asyncs	measured	dynamic-html-derived-v1	264	1	503fe36da56b4a0cbfe36da56b4a0c5a	AI420	3	enclave_tsc_same_invocation	53586007822418	cycles		sgx_worker_enclave		observed
c5-timing-event-v1	C5	asyncs	measured	dynamic-html-derived-v1	264	1	503fe36da56b4a0cbfe36da56b4a0c5a	AI430	4	enclave_tsc_same_invocation	53586007825140	cycles		sgx_worker_enclave		observed
c5-timing-event-v1	C5	asyncs	measured	dynamic-html-derived-v1	264	1	503fe36da56b4a0cbfe36da56b4a0c5a	AF400	5	enclave_tsc_same_invocation	53586019604388	cycles		sgx_worker_enclave		observed
c5-timing-event-v1	C5	asyncs	measured	dynamic-html-derived-v1	264	1	503fe36da56b4a0cbfe36da56b4a0c5a	AF410	6	enclave_tsc_same_invocation	53586897337188	cycles		sgx_worker_enclave		observed
c5-timing-event-v1	C5	asyncs	measured	dynamic-html-derived-v1	264	1	503fe36da56b4a0cbfe36da56b4a0c5a	AO400	7	enclave_tsc_same_invocation	53586899328791	cycles		sgx_worker_enclave		observed
c5-timing-event-v1	C5	asyncs	measured	dynamic-html-derived-v1	264	1	503fe36da56b4a0cbfe36da56b4a0c5a	AO410	8	enclave_tsc_same_invocation	53586899925718	cycles		sgx_worker_enclave		observed
c5-timing-event-v1	C5	asyncs	measured	dynamic-html-derived-v1	264	1	503fe36da56b4a0cbfe36da56b4a0c5a	AO420	9	enclave_tsc_same_invocation	53586899926599	cycles		sgx_worker_enclave		observed
c5-timing-event-v1	C5	asyncs	measured	dynamic-html-derived-v1	264	1	503fe36da56b4a0cbfe36da56b4a0c5a	AO430	10	enclave_tsc_same_invocation	53586899936014	cycles		sgx_worker_enclave		observed
c5-timing-event-v1	C5	asyncs	measured	dynamic-html-derived-v1	264	1	503fe36da56b4a0cbfe36da56b4a0c5a	A400	400	monotonic_ns_same_process	19833977942287	ns		asyncs_worker		observed
c5-timing-event-v1	C5	asyncs	measured	dynamic-html-derived-v1	264	1	503fe36da56b4a0cbfe36da56b4a0c5a	A410	410	monotonic_ns_same_process	19834311903075	ns		asyncs_worker		observed
c5-timing-event-v1	C5	asyncs	measured	dynamic-html-derived-v1	265	1	2aef029bf0db4440af029bf0db3440c9	AI400	1	enclave_tsc_same_invocation	53585517221216	cycles		sgx_worker_enclave		observed
c5-timing-event-v1	C5	asyncs	measured	dynamic-html-derived-v1	265	1	2aef029bf0db4440af029bf0db3440c9	AI410	2	enclave_tsc_same_invocation	53585524113966	cycles		sgx_worker_enclave		observed
c5-timing-event-v1	C5	asyncs	measured	dynamic-html-derived-v1	265	1	2aef029bf0db4440af029bf0db3440c9	AI420	3	enclave_tsc_same_invocation	53585524115382	cycles		sgx_worker_enclave		observed
c5-timing-event-v1	C5	asyncs	measured	dynamic-html-derived-v1	265	1	2aef029bf0db4440af029bf0db3440c9	AI430	4	enclave_tsc_same_invocation	53585524117772	cycles		sgx_worker_enclave		observed
c5-timing-event-v1	C5	asyncs	measured	dynamic-html-derived-v1	265	1	2aef029bf0db4440af029bf0db3440c9	AF400	5	enclave_tsc_same_invocation	53585535975957	cycles		sgx_worker_enclave		observed
c5-timing-event-v1	C5	asyncs	measured	dynamic-html-derived-v1	265	1	2aef029bf0db4440af029bf0db3440c9	AF410	6	enclave_tsc_same_invocation	53586553765165	cycles		sgx_worker_enclave		observed
c5-timing-event-v1	C5	asyncs	measured	dynamic-html-derived-v1	265	1	2aef029bf0db4440af029bf0db3440c9	AO400	7	enclave_tsc_same_invocation	53586556010610	cycles		sgx_worker_enclave		observed
c5-timing-event-v1	C5	asyncs	measured	dynamic-html-derived-v1	265	1	2aef029bf0db4440af029bf0db3440c9	AO410	8	enclave_tsc_same_invocation	53586557034959	cycles		sgx_worker_enclave		observed
c5-timing-event-v1	C5	asyncs	measured	dynamic-html-derived-v1	265	1	2aef029bf0db4440af029bf0db3440c9	AO420	9	enclave_tsc_same_invocation	53586557035970	cycles		sgx_worker_enclave		observed
c5-timing-event-v1	C5	asyncs	measured	dynamic-html-derived-v1	265	1	2aef029bf0db4440af029bf0db3440c9	AO430	10	enclave_tsc_same_invocation	53586557049489	cycles		sgx_worker_enclave		observed
c5-timing-event-v1	C5	asyncs	measured	dynamic-html-derived-v1	265	1	2aef029bf0db4440af029bf0db3440c9	A400	400	monotonic_ns_same_process	19832961305466	ns		asyncs_worker		observed
c5-timing-event-v1	C5	asyncs	measured	dynamic-html-derived-v1	265	1	2aef029bf0db4440af029bf0db3440c9	A410	410	monotonic_ns_same_process	19833347577138	ns		asyncs_worker		observed
c5-timing-event-v1	C5	asyncs	measured	dynamic-html-derived-v1	266	1	67ebc09393e742cfabc09393e702cf71	AI400	1	enclave_tsc_same_invocation	53586163989544	cycles		sgx_worker_enclave		observed
c5-timing-event-v1	C5	asyncs	measured	dynamic-html-derived-v1	266	1	67ebc09393e742cfabc09393e702cf71	AI410	2	enclave_tsc_same_invocation	53586186103118	cycles		sgx_worker_enclave		observed
c5-timing-event-v1	C5	asyncs	measured	dynamic-html-derived-v1	266	1	67ebc09393e742cfabc09393e702cf71	AI420	3	enclave_tsc_same_invocation	53586186104036	cycles		sgx_worker_enclave		observed
c5-timing-event-v1	C5	asyncs	measured	dynamic-html-derived-v1	266	1	67ebc09393e742cfabc09393e702cf71	AI430	4	enclave_tsc_same_invocation	53586186107622	cycles		sgx_worker_enclave		observed
c5-timing-event-v1	C5	asyncs	measured	dynamic-html-derived-v1	266	1	67ebc09393e742cfabc09393e702cf71	AF400	5	enclave_tsc_same_invocation	53586206048329	cycles		sgx_worker_enclave		observed
c5-timing-event-v1	C5	asyncs	measured	dynamic-html-derived-v1	266	1	67ebc09393e742cfabc09393e702cf71	AF410	6	enclave_tsc_same_invocation	53587532844630	cycles		sgx_worker_enclave		observed
c5-timing-event-v1	C5	asyncs	measured	dynamic-html-derived-v1	266	1	67ebc09393e742cfabc09393e702cf71	AO400	7	enclave_tsc_same_invocation	53587535089808	cycles		sgx_worker_enclave		observed
c5-timing-event-v1	C5	asyncs	measured	dynamic-html-derived-v1	266	1	67ebc09393e742cfabc09393e702cf71	AO410	8	enclave_tsc_same_invocation	53587536114691	cycles		sgx_worker_enclave		observed
c5-timing-event-v1	C5	asyncs	measured	dynamic-html-derived-v1	266	1	67ebc09393e742cfabc09393e702cf71	AO420	9	enclave_tsc_same_invocation	53587536115799	cycles		sgx_worker_enclave		observed
c5-timing-event-v1	C5	asyncs	measured	dynamic-html-derived-v1	266	1	67ebc09393e742cfabc09393e702cf71	AO430	10	enclave_tsc_same_invocation	53587536130742	cycles		sgx_worker_enclave		observed
c5-timing-event-v1	C5	asyncs	measured	dynamic-html-derived-v1	266	1	67ebc09393e742cfabc09393e702cf71	A400	400	monotonic_ns_same_process	19833200315650	ns		asyncs_worker		observed
c5-timing-event-v1	C5	asyncs	measured	dynamic-html-derived-v1	266	1	67ebc09393e742cfabc09393e702cf71	A410	410	monotonic_ns_same_process	19833710208791	ns		asyncs_worker		observed
c5-timing-event-v1	C5	asyncs	measured	dynamic-html-derived-v1	267	1	69c5be5954fe40b285be5954fe20b2a8	AI400	1	enclave_tsc_same_invocation	53587110494098	cycles		sgx_worker_enclave		observed
c5-timing-event-v1	C5	asyncs	measured	dynamic-html-derived-v1	267	1	69c5be5954fe40b285be5954fe20b2a8	AI410	2	enclave_tsc_same_invocation	53587117025539	cycles		sgx_worker_enclave		observed
c5-timing-event-v1	C5	asyncs	measured	dynamic-html-derived-v1	267	1	69c5be5954fe40b285be5954fe20b2a8	AI420	3	enclave_tsc_same_invocation	53587117026339	cycles		sgx_worker_enclave		observed
c5-timing-event-v1	C5	asyncs	measured	dynamic-html-derived-v1	267	1	69c5be5954fe40b285be5954fe20b2a8	AI430	4	enclave_tsc_same_invocation	53587117029130	cycles		sgx_worker_enclave		observed
c5-timing-event-v1	C5	asyncs	measured	dynamic-html-derived-v1	267	1	69c5be5954fe40b285be5954fe20b2a8	AF400	5	enclave_tsc_same_invocation	53587128826025	cycles		sgx_worker_enclave		observed
c5-timing-event-v1	C5	asyncs	measured	dynamic-html-derived-v1	267	1	69c5be5954fe40b285be5954fe20b2a8	AF410	6	enclave_tsc_same_invocation	53588005105767	cycles		sgx_worker_enclave		observed
c5-timing-event-v1	C5	asyncs	measured	dynamic-html-derived-v1	267	1	69c5be5954fe40b285be5954fe20b2a8	AO400	7	enclave_tsc_same_invocation	53588007172860	cycles		sgx_worker_enclave		observed
c5-timing-event-v1	C5	asyncs	measured	dynamic-html-derived-v1	267	1	69c5be5954fe40b285be5954fe20b2a8	AO410	8	enclave_tsc_same_invocation	53588007779911	cycles		sgx_worker_enclave		observed
c5-timing-event-v1	C5	asyncs	measured	dynamic-html-derived-v1	267	1	69c5be5954fe40b285be5954fe20b2a8	AO420	9	enclave_tsc_same_invocation	53588007780760	cycles		sgx_worker_enclave		observed
c5-timing-event-v1	C5	asyncs	measured	dynamic-html-derived-v1	267	1	69c5be5954fe40b285be5954fe20b2a8	AO430	10	enclave_tsc_same_invocation	53588007790936	cycles		sgx_worker_enclave		observed
c5-timing-event-v1	C5	asyncs	measured	dynamic-html-derived-v1	267	1	69c5be5954fe40b285be5954fe20b2a8	A400	400	monotonic_ns_same_process	19834388772103	ns		asyncs_worker		observed
c5-timing-event-v1	C5	asyncs	measured	dynamic-html-derived-v1	267	1	69c5be5954fe40b285be5954fe20b2a8	A410	410	monotonic_ns_same_process	19834722223561	ns		asyncs_worker		observed
c5-timing-event-v1	C5	asyncs	measured	dynamic-html-derived-v1	268	1	2e8a244650b94af48a244650b9caf40b	AI400	1	enclave_tsc_same_invocation	53586679146259	cycles		sgx_worker_enclave		observed
c5-timing-event-v1	C5	asyncs	measured	dynamic-html-derived-v1	268	1	2e8a244650b94af48a244650b9caf40b	AI410	2	enclave_tsc_same_invocation	53586690789931	cycles		sgx_worker_enclave		observed
c5-timing-event-v1	C5	asyncs	measured	dynamic-html-derived-v1	268	1	2e8a244650b94af48a244650b9caf40b	AI420	3	enclave_tsc_same_invocation	53586690790817	cycles		sgx_worker_enclave		observed
c5-timing-event-v1	C5	asyncs	measured	dynamic-html-derived-v1	268	1	2e8a244650b94af48a244650b9caf40b	AI430	4	enclave_tsc_same_invocation	53586690794200	cycles		sgx_worker_enclave		observed
c5-timing-event-v1	C5	asyncs	measured	dynamic-html-derived-v1	268	1	2e8a244650b94af48a244650b9caf40b	AF400	5	enclave_tsc_same_invocation	53586710649492	cycles		sgx_worker_enclave		observed
c5-timing-event-v1	C5	asyncs	measured	dynamic-html-derived-v1	268	1	2e8a244650b94af48a244650b9caf40b	AF410	6	enclave_tsc_same_invocation	53588034898903	cycles		sgx_worker_enclave		observed
c5-timing-event-v1	C5	asyncs	measured	dynamic-html-derived-v1	268	1	2e8a244650b94af48a244650b9caf40b	AO400	7	enclave_tsc_same_invocation	53588037130709	cycles		sgx_worker_enclave		observed
c5-timing-event-v1	C5	asyncs	measured	dynamic-html-derived-v1	268	1	2e8a244650b94af48a244650b9caf40b	AO410	8	enclave_tsc_same_invocation	53588038179041	cycles		sgx_worker_enclave		observed
c5-timing-event-v1	C5	asyncs	measured	dynamic-html-derived-v1	268	1	2e8a244650b94af48a244650b9caf40b	AO420	9	enclave_tsc_same_invocation	53588038180171	cycles		sgx_worker_enclave		observed
c5-timing-event-v1	C5	asyncs	measured	dynamic-html-derived-v1	268	1	2e8a244650b94af48a244650b9caf40b	AO430	10	enclave_tsc_same_invocation	53588038194731	cycles		sgx_worker_enclave		observed
c5-timing-event-v1	C5	asyncs	measured	dynamic-html-derived-v1	268	1	2e8a244650b94af48a244650b9caf40b	A400	400	monotonic_ns_same_process	19833390990623	ns		asyncs_worker		observed
c5-timing-event-v1	C5	asyncs	measured	dynamic-html-derived-v1	268	1	2e8a244650b94af48a244650b9caf40b	A410	410	monotonic_ns_same_process	19833896164872	ns		asyncs_worker		observed
c5-timing-event-v1	C5	asyncs	measured	dynamic-html-derived-v1	269	1	df439fb54b6241cd839fb54b62a1cdc4	AI400	1	enclave_tsc_same_invocation	53588134884701	cycles		sgx_worker_enclave		observed
c5-timing-event-v1	C5	asyncs	measured	dynamic-html-derived-v1	269	1	df439fb54b6241cd839fb54b62a1cdc4	AI410	2	enclave_tsc_same_invocation	53588141926547	cycles		sgx_worker_enclave		observed
c5-timing-event-v1	C5	asyncs	measured	dynamic-html-derived-v1	269	1	df439fb54b6241cd839fb54b62a1cdc4	AI420	3	enclave_tsc_same_invocation	53588141927422	cycles		sgx_worker_enclave		observed
c5-timing-event-v1	C5	asyncs	measured	dynamic-html-derived-v1	269	1	df439fb54b6241cd839fb54b62a1cdc4	AI430	4	enclave_tsc_same_invocation	53588141930279	cycles		sgx_worker_enclave		observed
c5-timing-event-v1	C5	asyncs	measured	dynamic-html-derived-v1	269	1	df439fb54b6241cd839fb54b62a1cdc4	AF400	5	enclave_tsc_same_invocation	53588153644748	cycles		sgx_worker_enclave		observed
c5-timing-event-v1	C5	asyncs	measured	dynamic-html-derived-v1	269	1	df439fb54b6241cd839fb54b62a1cdc4	AF410	6	enclave_tsc_same_invocation	53589032037276	cycles		sgx_worker_enclave		observed
c5-timing-event-v1	C5	asyncs	measured	dynamic-html-derived-v1	269	1	df439fb54b6241cd839fb54b62a1cdc4	AO400	7	enclave_tsc_same_invocation	53589033971570	cycles		sgx_worker_enclave		observed
c5-timing-event-v1	C5	asyncs	measured	dynamic-html-derived-v1	269	1	df439fb54b6241cd839fb54b62a1cdc4	AO410	8	enclave_tsc_same_invocation	53589034595663	cycles		sgx_worker_enclave		observed
c5-timing-event-v1	C5	asyncs	measured	dynamic-html-derived-v1	269	1	df439fb54b6241cd839fb54b62a1cdc4	AO420	9	enclave_tsc_same_invocation	53589034596587	cycles		sgx_worker_enclave		observed
c5-timing-event-v1	C5	asyncs	measured	dynamic-html-derived-v1	269	1	df439fb54b6241cd839fb54b62a1cdc4	AO430	10	enclave_tsc_same_invocation	53589034605918	cycles		sgx_worker_enclave		observed
c5-timing-event-v1	C5	asyncs	measured	dynamic-html-derived-v1	269	1	df439fb54b6241cd839fb54b62a1cdc4	A400	400	monotonic_ns_same_process	19834767658963	ns		asyncs_worker		observed
c5-timing-event-v1	C5	asyncs	measured	dynamic-html-derived-v1	269	1	df439fb54b6241cd839fb54b62a1cdc4	A410	410	monotonic_ns_same_process	19835102533302	ns		asyncs_worker		observed
c5-timing-event-v1	C5	asyncs	measured	dynamic-html-derived-v1	270	1	8bb356f7d4684d22b356f7d468dd22a1	AI400	1	enclave_tsc_same_invocation	53587701811098	cycles		sgx_worker_enclave		observed
c5-timing-event-v1	C5	asyncs	measured	dynamic-html-derived-v1	270	1	8bb356f7d4684d22b356f7d468dd22a1	AI410	2	enclave_tsc_same_invocation	53587713308246	cycles		sgx_worker_enclave		observed
c5-timing-event-v1	C5	asyncs	measured	dynamic-html-derived-v1	270	1	8bb356f7d4684d22b356f7d468dd22a1	AI420	3	enclave_tsc_same_invocation	53587713309216	cycles		sgx_worker_enclave		observed
c5-timing-event-v1	C5	asyncs	measured	dynamic-html-derived-v1	270	1	8bb356f7d4684d22b356f7d468dd22a1	AI430	4	enclave_tsc_same_invocation	53587713314056	cycles		sgx_worker_enclave		observed
c5-timing-event-v1	C5	asyncs	measured	dynamic-html-derived-v1	270	1	8bb356f7d4684d22b356f7d468dd22a1	AF400	5	enclave_tsc_same_invocation	53587733141570	cycles		sgx_worker_enclave		observed
c5-timing-event-v1	C5	asyncs	measured	dynamic-html-derived-v1	270	1	8bb356f7d4684d22b356f7d468dd22a1	AF410	6	enclave_tsc_same_invocation	53589065151907	cycles		sgx_worker_enclave		observed
c5-timing-event-v1	C5	asyncs	measured	dynamic-html-derived-v1	270	1	8bb356f7d4684d22b356f7d468dd22a1	AO400	7	enclave_tsc_same_invocation	53589067359668	cycles		sgx_worker_enclave		observed
c5-timing-event-v1	C5	asyncs	measured	dynamic-html-derived-v1	270	1	8bb356f7d4684d22b356f7d468dd22a1	AO410	8	enclave_tsc_same_invocation	53589068376001	cycles		sgx_worker_enclave		observed
c5-timing-event-v1	C5	asyncs	measured	dynamic-html-derived-v1	270	1	8bb356f7d4684d22b356f7d468dd22a1	AO420	9	enclave_tsc_same_invocation	53589068377014	cycles		sgx_worker_enclave		observed
c5-timing-event-v1	C5	asyncs	measured	dynamic-html-derived-v1	270	1	8bb356f7d4684d22b356f7d468dd22a1	AO430	10	enclave_tsc_same_invocation	53589068392005	cycles		sgx_worker_enclave		observed
c5-timing-event-v1	C5	asyncs	measured	dynamic-html-derived-v1	270	1	8bb356f7d4684d22b356f7d468dd22a1	A400	400	monotonic_ns_same_process	19833769803773	ns		asyncs_worker		observed
c5-timing-event-v1	C5	asyncs	measured	dynamic-html-derived-v1	270	1	8bb356f7d4684d22b356f7d468dd22a1	A410	410	monotonic_ns_same_process	19834277741052	ns		asyncs_worker		observed
c5-timing-event-v1	C5	asyncs	measured	dynamic-html-derived-v1	271	1	a37839d28ffd4f1cb839d28ffdbf1cbe	AI400	1	enclave_tsc_same_invocation	53588181798006	cycles		sgx_worker_enclave		observed
c5-timing-event-v1	C5	asyncs	measured	dynamic-html-derived-v1	271	1	a37839d28ffd4f1cb839d28ffdbf1cbe	AI410	2	enclave_tsc_same_invocation	53588188293382	cycles		sgx_worker_enclave		observed
c5-timing-event-v1	C5	asyncs	measured	dynamic-html-derived-v1	271	1	a37839d28ffd4f1cb839d28ffdbf1cbe	AI420	3	enclave_tsc_same_invocation	53588188293922	cycles		sgx_worker_enclave		observed
c5-timing-event-v1	C5	asyncs	measured	dynamic-html-derived-v1	271	1	a37839d28ffd4f1cb839d28ffdbf1cbe	AI430	4	enclave_tsc_same_invocation	53588188296281	cycles		sgx_worker_enclave		observed
c5-timing-event-v1	C5	asyncs	measured	dynamic-html-derived-v1	271	1	a37839d28ffd4f1cb839d28ffdbf1cbe	AF400	5	enclave_tsc_same_invocation	53588218911888	cycles		sgx_worker_enclave		observed
c5-timing-event-v1	C5	asyncs	measured	dynamic-html-derived-v1	271	1	a37839d28ffd4f1cb839d28ffdbf1cbe	AF410	6	enclave_tsc_same_invocation	53589602641325	cycles		sgx_worker_enclave		observed
c5-timing-event-v1	C5	asyncs	measured	dynamic-html-derived-v1	271	1	a37839d28ffd4f1cb839d28ffdbf1cbe	AO400	7	enclave_tsc_same_invocation	53589604942128	cycles		sgx_worker_enclave		observed
c5-timing-event-v1	C5	asyncs	measured	dynamic-html-derived-v1	271	1	a37839d28ffd4f1cb839d28ffdbf1cbe	AO410	8	enclave_tsc_same_invocation	53589605996246	cycles		sgx_worker_enclave		observed
c5-timing-event-v1	C5	asyncs	measured	dynamic-html-derived-v1	271	1	a37839d28ffd4f1cb839d28ffdbf1cbe	AO420	9	enclave_tsc_same_invocation	53589605997115	cycles		sgx_worker_enclave		observed
c5-timing-event-v1	C5	asyncs	measured	dynamic-html-derived-v1	271	1	a37839d28ffd4f1cb839d28ffdbf1cbe	AO430	10	enclave_tsc_same_invocation	53589606013526	cycles		sgx_worker_enclave		observed
c5-timing-event-v1	C5	asyncs	measured	dynamic-html-derived-v1	271	1	a37839d28ffd4f1cb839d28ffdbf1cbe	A400	400	monotonic_ns_same_process	19833948243904	ns		asyncs_worker		observed
c5-timing-event-v1	C5	asyncs	measured	dynamic-html-derived-v1	271	1	a37839d28ffd4f1cb839d28ffdbf1cbe	A410	410	monotonic_ns_same_process	19834476837087	ns		asyncs_worker		observed
c5-timing-event-v1	C5	asyncs	measured	dynamic-html-derived-v1	272	1	6760b6dfeca44aa2a0b6dfeca4faa23e	AI400	1	enclave_tsc_same_invocation	53589782289239	cycles		sgx_worker_enclave		observed
c5-timing-event-v1	C5	asyncs	measured	dynamic-html-derived-v1	272	1	6760b6dfeca44aa2a0b6dfeca4faa23e	AI410	2	enclave_tsc_same_invocation	53589811867280	cycles		sgx_worker_enclave		observed
c5-timing-event-v1	C5	asyncs	measured	dynamic-html-derived-v1	272	1	6760b6dfeca44aa2a0b6dfeca4faa23e	AI420	3	enclave_tsc_same_invocation	53589811868341	cycles		sgx_worker_enclave		observed
c5-timing-event-v1	C5	asyncs	measured	dynamic-html-derived-v1	272	1	6760b6dfeca44aa2a0b6dfeca4faa23e	AI430	4	enclave_tsc_same_invocation	53589811872373	cycles		sgx_worker_enclave		observed
c5-timing-event-v1	C5	asyncs	measured	dynamic-html-derived-v1	272	1	6760b6dfeca44aa2a0b6dfeca4faa23e	AF400	5	enclave_tsc_same_invocation	53589830216145	cycles		sgx_worker_enclave		observed
c5-timing-event-v1	C5	asyncs	measured	dynamic-html-derived-v1	272	1	6760b6dfeca44aa2a0b6dfeca4faa23e	AF410	6	enclave_tsc_same_invocation	53590709460539	cycles		sgx_worker_enclave		observed
c5-timing-event-v1	C5	asyncs	measured	dynamic-html-derived-v1	272	1	6760b6dfeca44aa2a0b6dfeca4faa23e	AO400	7	enclave_tsc_same_invocation	53590711520565	cycles		sgx_worker_enclave		observed
c5-timing-event-v1	C5	asyncs	measured	dynamic-html-derived-v1	272	1	6760b6dfeca44aa2a0b6dfeca4faa23e	AO410	8	enclave_tsc_same_invocation	53590712119427	cycles		sgx_worker_enclave		observed
c5-timing-event-v1	C5	asyncs	measured	dynamic-html-derived-v1	272	1	6760b6dfeca44aa2a0b6dfeca4faa23e	AO420	9	enclave_tsc_same_invocation	53590712120192	cycles		sgx_worker_enclave		observed
c5-timing-event-v1	C5	asyncs	measured	dynamic-html-derived-v1	272	1	6760b6dfeca44aa2a0b6dfeca4faa23e	AO430	10	enclave_tsc_same_invocation	53590712129585	cycles		sgx_worker_enclave		observed
c5-timing-event-v1	C5	asyncs	measured	dynamic-html-derived-v1	272	1	6760b6dfeca44aa2a0b6dfeca4faa23e	A400	400	monotonic_ns_same_process	19835377836932	ns		asyncs_worker		observed
c5-timing-event-v1	C5	asyncs	measured	dynamic-html-derived-v1	272	1	6760b6dfeca44aa2a0b6dfeca4faa23e	A410	410	monotonic_ns_same_process	19835723852485	ns		asyncs_worker		observed
c5-timing-event-v1	C5	asyncs	measured	dynamic-html-derived-v1	273	1	4816a3d321e94b2296a3d321e9db22aa	AI400	1	enclave_tsc_same_invocation	53589300134716	cycles		sgx_worker_enclave		observed
c5-timing-event-v1	C5	asyncs	measured	dynamic-html-derived-v1	273	1	4816a3d321e94b2296a3d321e9db22aa	AI410	2	enclave_tsc_same_invocation	53589311114248	cycles		sgx_worker_enclave		observed
c5-timing-event-v1	C5	asyncs	measured	dynamic-html-derived-v1	273	1	4816a3d321e94b2296a3d321e9db22aa	AI420	3	enclave_tsc_same_invocation	53589311115231	cycles		sgx_worker_enclave		observed
c5-timing-event-v1	C5	asyncs	measured	dynamic-html-derived-v1	273	1	4816a3d321e94b2296a3d321e9db22aa	AI430	4	enclave_tsc_same_invocation	53589311119327	cycles		sgx_worker_enclave		observed
c5-timing-event-v1	C5	asyncs	measured	dynamic-html-derived-v1	273	1	4816a3d321e94b2296a3d321e9db22aa	AF400	5	enclave_tsc_same_invocation	53589330418928	cycles		sgx_worker_enclave		observed
c5-timing-event-v1	C5	asyncs	measured	dynamic-html-derived-v1	273	1	4816a3d321e94b2296a3d321e9db22aa	AF410	6	enclave_tsc_same_invocation	53590687213652	cycles		sgx_worker_enclave		observed
c5-timing-event-v1	C5	asyncs	measured	dynamic-html-derived-v1	273	1	4816a3d321e94b2296a3d321e9db22aa	AO400	7	enclave_tsc_same_invocation	53590689394661	cycles		sgx_worker_enclave		observed
c5-timing-event-v1	C5	asyncs	measured	dynamic-html-derived-v1	273	1	4816a3d321e94b2296a3d321e9db22aa	AO410	8	enclave_tsc_same_invocation	53590690472436	cycles		sgx_worker_enclave		observed
c5-timing-event-v1	C5	asyncs	measured	dynamic-html-derived-v1	273	1	4816a3d321e94b2296a3d321e9db22aa	AO420	9	enclave_tsc_same_invocation	53590690473507	cycles		sgx_worker_enclave		observed
c5-timing-event-v1	C5	asyncs	measured	dynamic-html-derived-v1	273	1	4816a3d321e94b2296a3d321e9db22aa	AO430	10	enclave_tsc_same_invocation	53590690488601	cycles		sgx_worker_enclave		observed
c5-timing-event-v1	C5	asyncs	measured	dynamic-html-derived-v1	273	1	4816a3d321e94b2296a3d321e9db22aa	A400	400	monotonic_ns_same_process	19834361904857	ns		asyncs_worker		observed
c5-timing-event-v1	C5	asyncs	measured	dynamic-html-derived-v1	273	1	4816a3d321e94b2296a3d321e9db22aa	A410	410	monotonic_ns_same_process	19834878510655	ns		asyncs_worker		observed
c5-timing-event-v1	C5	asyncs	measured	dynamic-html-derived-v1	274	1	d91f9156cc4445f19f9156cc4425f1f8	AI400	1	enclave_tsc_same_invocation	53589770432416	cycles		sgx_worker_enclave		observed
c5-timing-event-v1	C5	asyncs	measured	dynamic-html-derived-v1	274	1	d91f9156cc4445f19f9156cc4425f1f8	AI410	2	enclave_tsc_same_invocation	53589790794180	cycles		sgx_worker_enclave		observed
c5-timing-event-v1	C5	asyncs	measured	dynamic-html-derived-v1	274	1	d91f9156cc4445f19f9156cc4425f1f8	AI420	3	enclave_tsc_same_invocation	53589790795093	cycles		sgx_worker_enclave		observed
c5-timing-event-v1	C5	asyncs	measured	dynamic-html-derived-v1	274	1	d91f9156cc4445f19f9156cc4425f1f8	AI430	4	enclave_tsc_same_invocation	53589790799398	cycles		sgx_worker_enclave		observed
c5-timing-event-v1	C5	asyncs	measured	dynamic-html-derived-v1	274	1	d91f9156cc4445f19f9156cc4425f1f8	AF400	5	enclave_tsc_same_invocation	53589810697554	cycles		sgx_worker_enclave		observed
c5-timing-event-v1	C5	asyncs	measured	dynamic-html-derived-v1	274	1	d91f9156cc4445f19f9156cc4425f1f8	AF410	6	enclave_tsc_same_invocation	53591295047446	cycles		sgx_worker_enclave		observed
c5-timing-event-v1	C5	asyncs	measured	dynamic-html-derived-v1	274	1	d91f9156cc4445f19f9156cc4425f1f8	AO400	7	enclave_tsc_same_invocation	53591297273086	cycles		sgx_worker_enclave		observed
c5-timing-event-v1	C5	asyncs	measured	dynamic-html-derived-v1	274	1	d91f9156cc4445f19f9156cc4425f1f8	AO410	8	enclave_tsc_same_invocation	53591298294988	cycles		sgx_worker_enclave		observed
c5-timing-event-v1	C5	asyncs	measured	dynamic-html-derived-v1	274	1	d91f9156cc4445f19f9156cc4425f1f8	AO420	9	enclave_tsc_same_invocation	53591298296016	cycles		sgx_worker_enclave		observed
c5-timing-event-v1	C5	asyncs	measured	dynamic-html-derived-v1	274	1	d91f9156cc4445f19f9156cc4425f1f8	AO430	10	enclave_tsc_same_invocation	53591298311060	cycles		sgx_worker_enclave		observed
c5-timing-event-v1	C5	asyncs	measured	dynamic-html-derived-v1	274	1	d91f9156cc4445f19f9156cc4425f1f8	A400	400	monotonic_ns_same_process	19834529597022	ns		asyncs_worker		observed
c5-timing-event-v1	C5	asyncs	measured	dynamic-html-derived-v1	274	1	d91f9156cc4445f19f9156cc4425f1f8	A410	410	monotonic_ns_same_process	19835103633482	ns		asyncs_worker		observed
c5-timing-event-v1	C5	asyncs	measured	dynamic-html-derived-v1	275	1	23d38bde9ee840ff938bde9ee840ffcc	AI400	1	enclave_tsc_same_invocation	53590854368283	cycles		sgx_worker_enclave		observed
c5-timing-event-v1	C5	asyncs	measured	dynamic-html-derived-v1	275	1	23d38bde9ee840ff938bde9ee840ffcc	AI410	2	enclave_tsc_same_invocation	53590860753199	cycles		sgx_worker_enclave		observed
c5-timing-event-v1	C5	asyncs	measured	dynamic-html-derived-v1	275	1	23d38bde9ee840ff938bde9ee840ffcc	AI420	3	enclave_tsc_same_invocation	53590860753858	cycles		sgx_worker_enclave		observed
c5-timing-event-v1	C5	asyncs	measured	dynamic-html-derived-v1	275	1	23d38bde9ee840ff938bde9ee840ffcc	AI430	4	enclave_tsc_same_invocation	53590860756454	cycles		sgx_worker_enclave		observed
c5-timing-event-v1	C5	asyncs	measured	dynamic-html-derived-v1	275	1	23d38bde9ee840ff938bde9ee840ffcc	AF400	5	enclave_tsc_same_invocation	53590872521280	cycles		sgx_worker_enclave		observed
c5-timing-event-v1	C5	asyncs	measured	dynamic-html-derived-v1	275	1	23d38bde9ee840ff938bde9ee840ffcc	AF410	6	enclave_tsc_same_invocation	53591754206116	cycles		sgx_worker_enclave		observed
c5-timing-event-v1	C5	asyncs	measured	dynamic-html-derived-v1	275	1	23d38bde9ee840ff938bde9ee840ffcc	AO400	7	enclave_tsc_same_invocation	53591756179972	cycles		sgx_worker_enclave		observed
c5-timing-event-v1	C5	asyncs	measured	dynamic-html-derived-v1	275	1	23d38bde9ee840ff938bde9ee840ffcc	AO410	8	enclave_tsc_same_invocation	53591756779446	cycles		sgx_worker_enclave		observed
c5-timing-event-v1	C5	asyncs	measured	dynamic-html-derived-v1	275	1	23d38bde9ee840ff938bde9ee840ffcc	AO420	9	enclave_tsc_same_invocation	53591756780204	cycles		sgx_worker_enclave		observed
c5-timing-event-v1	C5	asyncs	measured	dynamic-html-derived-v1	275	1	23d38bde9ee840ff938bde9ee840ffcc	AO430	10	enclave_tsc_same_invocation	53591756789673	cycles		sgx_worker_enclave		observed
c5-timing-event-v1	C5	asyncs	measured	dynamic-html-derived-v1	275	1	23d38bde9ee840ff938bde9ee840ffcc	A400	400	monotonic_ns_same_process	19835775437619	ns		asyncs_worker		observed
c5-timing-event-v1	C5	asyncs	measured	dynamic-html-derived-v1	275	1	23d38bde9ee840ff938bde9ee840ffcc	A410	410	monotonic_ns_same_process	19836110776998	ns		asyncs_worker		observed
c5-timing-event-v1	C5	asyncs	measured	dynamic-html-derived-v1	276	1	b1f90d0e8fe54280b90d0e8fe5728003	AI400	1	enclave_tsc_same_invocation	53590826855460	cycles		sgx_worker_enclave		observed
c5-timing-event-v1	C5	asyncs	measured	dynamic-html-derived-v1	276	1	b1f90d0e8fe54280b90d0e8fe5728003	AI410	2	enclave_tsc_same_invocation	53590838277092	cycles		sgx_worker_enclave		observed
c5-timing-event-v1	C5	asyncs	measured	dynamic-html-derived-v1	276	1	b1f90d0e8fe54280b90d0e8fe5728003	AI420	3	enclave_tsc_same_invocation	53590838278153	cycles		sgx_worker_enclave		observed
c5-timing-event-v1	C5	asyncs	measured	dynamic-html-derived-v1	276	1	b1f90d0e8fe54280b90d0e8fe5728003	AI430	4	enclave_tsc_same_invocation	53590838281829	cycles		sgx_worker_enclave		observed
c5-timing-event-v1	C5	asyncs	measured	dynamic-html-derived-v1	276	1	b1f90d0e8fe54280b90d0e8fe5728003	AF400	5	enclave_tsc_same_invocation	53590858577071	cycles		sgx_worker_enclave		observed
c5-timing-event-v1	C5	asyncs	measured	dynamic-html-derived-v1	276	1	b1f90d0e8fe54280b90d0e8fe5728003	AF410	6	enclave_tsc_same_invocation	53591947957856	cycles		sgx_worker_enclave		observed
c5-timing-event-v1	C5	asyncs	measured	dynamic-html-derived-v1	276	1	b1f90d0e8fe54280b90d0e8fe5728003	AO400	7	enclave_tsc_same_invocation	53591949962383	cycles		sgx_worker_enclave		observed
c5-timing-event-v1	C5	asyncs	measured	dynamic-html-derived-v1	276	1	b1f90d0e8fe54280b90d0e8fe5728003	AO410	8	enclave_tsc_same_invocation	53591950561036	cycles		sgx_worker_enclave		observed
c5-timing-event-v1	C5	asyncs	measured	dynamic-html-derived-v1	276	1	b1f90d0e8fe54280b90d0e8fe5728003	AO420	9	enclave_tsc_same_invocation	53591950561902	cycles		sgx_worker_enclave		observed
c5-timing-event-v1	C5	asyncs	measured	dynamic-html-derived-v1	276	1	b1f90d0e8fe54280b90d0e8fe5728003	AO430	10	enclave_tsc_same_invocation	53591950571110	cycles		sgx_worker_enclave		observed
c5-timing-event-v1	C5	asyncs	measured	dynamic-html-derived-v1	276	1	b1f90d0e8fe54280b90d0e8fe5728003	A400	400	monotonic_ns_same_process	19834927225536	ns		asyncs_worker		observed
c5-timing-event-v1	C5	asyncs	measured	dynamic-html-derived-v1	276	1	b1f90d0e8fe54280b90d0e8fe5728003	A410	410	monotonic_ns_same_process	19835345192178	ns		asyncs_worker		observed
c5-timing-event-v1	C5	asyncs	measured	dynamic-html-derived-v1	277	1	a0cfe96411ee43b08fe96411eee3b086	AI400	1	enclave_tsc_same_invocation	53592469953966	cycles		sgx_worker_enclave		observed
c5-timing-event-v1	C5	asyncs	measured	dynamic-html-derived-v1	277	1	a0cfe96411ee43b08fe96411eee3b086	AI410	2	enclave_tsc_same_invocation	53592481378335	cycles		sgx_worker_enclave		observed
c5-timing-event-v1	C5	asyncs	measured	dynamic-html-derived-v1	277	1	a0cfe96411ee43b08fe96411eee3b086	AI420	3	enclave_tsc_same_invocation	53592481379601	cycles		sgx_worker_enclave		observed
c5-timing-event-v1	C5	asyncs	measured	dynamic-html-derived-v1	277	1	a0cfe96411ee43b08fe96411eee3b086	AI430	4	enclave_tsc_same_invocation	53592481382463	cycles		sgx_worker_enclave		observed
c5-timing-event-v1	C5	asyncs	measured	dynamic-html-derived-v1	277	1	a0cfe96411ee43b08fe96411eee3b086	AF400	5	enclave_tsc_same_invocation	53592500854166	cycles		sgx_worker_enclave		observed
c5-timing-event-v1	C5	asyncs	measured	dynamic-html-derived-v1	277	1	a0cfe96411ee43b08fe96411eee3b086	AF410	6	enclave_tsc_same_invocation	53593375401310	cycles		sgx_worker_enclave		observed
c5-timing-event-v1	C5	asyncs	measured	dynamic-html-derived-v1	277	1	a0cfe96411ee43b08fe96411eee3b086	AO400	7	enclave_tsc_same_invocation	53593377357723	cycles		sgx_worker_enclave		observed
c5-timing-event-v1	C5	asyncs	measured	dynamic-html-derived-v1	277	1	a0cfe96411ee43b08fe96411eee3b086	AO410	8	enclave_tsc_same_invocation	53593377962654	cycles		sgx_worker_enclave		observed
c5-timing-event-v1	C5	asyncs	measured	dynamic-html-derived-v1	277	1	a0cfe96411ee43b08fe96411eee3b086	AO420	9	enclave_tsc_same_invocation	53593377963419	cycles		sgx_worker_enclave		observed
c5-timing-event-v1	C5	asyncs	measured	dynamic-html-derived-v1	277	1	a0cfe96411ee43b08fe96411eee3b086	AO430	10	enclave_tsc_same_invocation	53593377973593	cycles		sgx_worker_enclave		observed
c5-timing-event-v1	C5	asyncs	measured	dynamic-html-derived-v1	277	1	a0cfe96411ee43b08fe96411eee3b086	A400	400	monotonic_ns_same_process	19836373191166	ns		asyncs_worker		observed
c5-timing-event-v1	C5	asyncs	measured	dynamic-html-derived-v1	277	1	a0cfe96411ee43b08fe96411eee3b086	A410	410	monotonic_ns_same_process	19836711241857	ns		asyncs_worker		observed
c5-timing-event-v1	C5	asyncs	measured	dynamic-html-derived-v1	278	1	729db88b74994ba29db88b74996ba238	AI400	1	enclave_tsc_same_invocation	53591987079769	cycles		sgx_worker_enclave		observed
c5-timing-event-v1	C5	asyncs	measured	dynamic-html-derived-v1	278	1	729db88b74994ba29db88b74996ba238	AI410	2	enclave_tsc_same_invocation	53591993549053	cycles		sgx_worker_enclave		observed
c5-timing-event-v1	C5	asyncs	measured	dynamic-html-derived-v1	278	1	729db88b74994ba29db88b74996ba238	AI420	3	enclave_tsc_same_invocation	53591993549634	cycles		sgx_worker_enclave		observed
c5-timing-event-v1	C5	asyncs	measured	dynamic-html-derived-v1	278	1	729db88b74994ba29db88b74996ba238	AI430	4	enclave_tsc_same_invocation	53591993552250	cycles		sgx_worker_enclave		observed
c5-timing-event-v1	C5	asyncs	measured	dynamic-html-derived-v1	278	1	729db88b74994ba29db88b74996ba238	AF400	5	enclave_tsc_same_invocation	53592005346159	cycles		sgx_worker_enclave		observed
c5-timing-event-v1	C5	asyncs	measured	dynamic-html-derived-v1	278	1	729db88b74994ba29db88b74996ba238	AF410	6	enclave_tsc_same_invocation	53593027859918	cycles		sgx_worker_enclave		observed
c5-timing-event-v1	C5	asyncs	measured	dynamic-html-derived-v1	278	1	729db88b74994ba29db88b74996ba238	AO400	7	enclave_tsc_same_invocation	53593030288116	cycles		sgx_worker_enclave		observed
c5-timing-event-v1	C5	asyncs	measured	dynamic-html-derived-v1	278	1	729db88b74994ba29db88b74996ba238	AO410	8	enclave_tsc_same_invocation	53593031307737	cycles		sgx_worker_enclave		observed
c5-timing-event-v1	C5	asyncs	measured	dynamic-html-derived-v1	278	1	729db88b74994ba29db88b74996ba238	AO420	9	enclave_tsc_same_invocation	53593031308760	cycles		sgx_worker_enclave		observed
c5-timing-event-v1	C5	asyncs	measured	dynamic-html-derived-v1	278	1	729db88b74994ba29db88b74996ba238	AO430	10	enclave_tsc_same_invocation	53593031323630	cycles		sgx_worker_enclave		observed
c5-timing-event-v1	C5	asyncs	measured	dynamic-html-derived-v1	278	1	729db88b74994ba29db88b74996ba238	A400	400	monotonic_ns_same_process	19835357582181	ns		asyncs_worker		observed
c5-timing-event-v1	C5	asyncs	measured	dynamic-html-derived-v1	278	1	729db88b74994ba29db88b74996ba238	A410	410	monotonic_ns_same_process	19835745505477	ns		asyncs_worker		observed
c5-timing-event-v1	C5	asyncs	measured	dynamic-html-derived-v1	279	1	e6707098bac84d7ab07098bac8dd7a00	AI400	1	enclave_tsc_same_invocation	53592687073001	cycles		sgx_worker_enclave		observed
c5-timing-event-v1	C5	asyncs	measured	dynamic-html-derived-v1	279	1	e6707098bac84d7ab07098bac8dd7a00	AI410	2	enclave_tsc_same_invocation	53592697941600	cycles		sgx_worker_enclave		observed
c5-timing-event-v1	C5	asyncs	measured	dynamic-html-derived-v1	279	1	e6707098bac84d7ab07098bac8dd7a00	AI420	3	enclave_tsc_same_invocation	53592697942546	cycles		sgx_worker_enclave		observed
c5-timing-event-v1	C5	asyncs	measured	dynamic-html-derived-v1	279	1	e6707098bac84d7ab07098bac8dd7a00	AI430	4	enclave_tsc_same_invocation	53592697946186	cycles		sgx_worker_enclave		observed
c5-timing-event-v1	C5	asyncs	measured	dynamic-html-derived-v1	279	1	e6707098bac84d7ab07098bac8dd7a00	AF400	5	enclave_tsc_same_invocation	53592717033824	cycles		sgx_worker_enclave		observed
c5-timing-event-v1	C5	asyncs	measured	dynamic-html-derived-v1	279	1	e6707098bac84d7ab07098bac8dd7a00	AF410	6	enclave_tsc_same_invocation	53594029310076	cycles		sgx_worker_enclave		observed
c5-timing-event-v1	C5	asyncs	measured	dynamic-html-derived-v1	279	1	e6707098bac84d7ab07098bac8dd7a00	AO400	7	enclave_tsc_same_invocation	53594031516597	cycles		sgx_worker_enclave		observed
c5-timing-event-v1	C5	asyncs	measured	dynamic-html-derived-v1	279	1	e6707098bac84d7ab07098bac8dd7a00	AO410	8	enclave_tsc_same_invocation	53594032668734	cycles		sgx_worker_enclave		observed
c5-timing-event-v1	C5	asyncs	measured	dynamic-html-derived-v1	279	1	e6707098bac84d7ab07098bac8dd7a00	AO420	9	enclave_tsc_same_invocation	53594032669694	cycles		sgx_worker_enclave		observed
c5-timing-event-v1	C5	asyncs	measured	dynamic-html-derived-v1	279	1	e6707098bac84d7ab07098bac8dd7a00	AO430	10	enclave_tsc_same_invocation	53594032684710	cycles		sgx_worker_enclave		observed
c5-timing-event-v1	C5	asyncs	measured	dynamic-html-derived-v1	279	1	e6707098bac84d7ab07098bac8dd7a00	A400	400	monotonic_ns_same_process	19835616289420	ns		asyncs_worker		observed
c5-timing-event-v1	C5	asyncs	measured	dynamic-html-derived-v1	279	1	e6707098bac84d7ab07098bac8dd7a00	A410	410	monotonic_ns_same_process	19836116395918	ns		asyncs_worker		observed
c5-timing-event-v1	C5	asyncs	measured	dynamic-html-derived-v1	280	1	914268e5ed9345d48268e5ed9355d4cb	AI400	1	enclave_tsc_same_invocation	53593501781105	cycles		sgx_worker_enclave		observed
c5-timing-event-v1	C5	asyncs	measured	dynamic-html-derived-v1	280	1	914268e5ed9345d48268e5ed9355d4cb	AI410	2	enclave_tsc_same_invocation	53593508198599	cycles		sgx_worker_enclave		observed
c5-timing-event-v1	C5	asyncs	measured	dynamic-html-derived-v1	280	1	914268e5ed9345d48268e5ed9355d4cb	AI420	3	enclave_tsc_same_invocation	53593508199145	cycles		sgx_worker_enclave		observed
c5-timing-event-v1	C5	asyncs	measured	dynamic-html-derived-v1	280	1	914268e5ed9345d48268e5ed9355d4cb	AI430	4	enclave_tsc_same_invocation	53593508201958	cycles		sgx_worker_enclave		observed
c5-timing-event-v1	C5	asyncs	measured	dynamic-html-derived-v1	280	1	914268e5ed9345d48268e5ed9355d4cb	AF400	5	enclave_tsc_same_invocation	53593519818749	cycles		sgx_worker_enclave		observed
c5-timing-event-v1	C5	asyncs	measured	dynamic-html-derived-v1	280	1	914268e5ed9345d48268e5ed9355d4cb	AF410	6	enclave_tsc_same_invocation	53594401219591	cycles		sgx_worker_enclave		observed
c5-timing-event-v1	C5	asyncs	measured	dynamic-html-derived-v1	280	1	914268e5ed9345d48268e5ed9355d4cb	AO400	7	enclave_tsc_same_invocation	53594403246435	cycles		sgx_worker_enclave		observed
c5-timing-event-v1	C5	asyncs	measured	dynamic-html-derived-v1	280	1	914268e5ed9345d48268e5ed9355d4cb	AO410	8	enclave_tsc_same_invocation	53594403846954	cycles		sgx_worker_enclave		observed
c5-timing-event-v1	C5	asyncs	measured	dynamic-html-derived-v1	280	1	914268e5ed9345d48268e5ed9355d4cb	AO420	9	enclave_tsc_same_invocation	53594403847783	cycles		sgx_worker_enclave		observed
c5-timing-event-v1	C5	asyncs	measured	dynamic-html-derived-v1	280	1	914268e5ed9345d48268e5ed9355d4cb	AO430	10	enclave_tsc_same_invocation	53594403857527	cycles		sgx_worker_enclave		observed
c5-timing-event-v1	C5	asyncs	measured	dynamic-html-derived-v1	280	1	914268e5ed9345d48268e5ed9355d4cb	A400	400	monotonic_ns_same_process	19836755958012	ns		asyncs_worker		observed
c5-timing-event-v1	C5	asyncs	measured	dynamic-html-derived-v1	280	1	914268e5ed9345d48268e5ed9355d4cb	A410	410	monotonic_ns_same_process	19837091207069	ns		asyncs_worker		observed
c5-timing-event-v1	C5	asyncs	measured	dynamic-html-derived-v1	281	1	f5c72b110f294428872b110f295428e1	AI400	1	enclave_tsc_same_invocation	53593191267902	cycles		sgx_worker_enclave		observed
c5-timing-event-v1	C5	asyncs	measured	dynamic-html-derived-v1	281	1	f5c72b110f294428872b110f295428e1	AI410	2	enclave_tsc_same_invocation	53593202546835	cycles		sgx_worker_enclave		observed
c5-timing-event-v1	C5	asyncs	measured	dynamic-html-derived-v1	281	1	f5c72b110f294428872b110f295428e1	AI420	3	enclave_tsc_same_invocation	53593202547783	cycles		sgx_worker_enclave		observed
c5-timing-event-v1	C5	asyncs	measured	dynamic-html-derived-v1	281	1	f5c72b110f294428872b110f295428e1	AI430	4	enclave_tsc_same_invocation	53593202551915	cycles		sgx_worker_enclave		observed
c5-timing-event-v1	C5	asyncs	measured	dynamic-html-derived-v1	281	1	f5c72b110f294428872b110f295428e1	AF400	5	enclave_tsc_same_invocation	53593221876537	cycles		sgx_worker_enclave		observed
c5-timing-event-v1	C5	asyncs	measured	dynamic-html-derived-v1	281	1	f5c72b110f294428872b110f295428e1	AF410	6	enclave_tsc_same_invocation	53594538048596	cycles		sgx_worker_enclave		observed
c5-timing-event-v1	C5	asyncs	measured	dynamic-html-derived-v1	281	1	f5c72b110f294428872b110f295428e1	AO400	7	enclave_tsc_same_invocation	53594540457656	cycles		sgx_worker_enclave		observed
c5-timing-event-v1	C5	asyncs	measured	dynamic-html-derived-v1	281	1	f5c72b110f294428872b110f295428e1	AO410	8	enclave_tsc_same_invocation	53594541514728	cycles		sgx_worker_enclave		observed
c5-timing-event-v1	C5	asyncs	measured	dynamic-html-derived-v1	281	1	f5c72b110f294428872b110f295428e1	AO420	9	enclave_tsc_same_invocation	53594541515724	cycles		sgx_worker_enclave		observed
c5-timing-event-v1	C5	asyncs	measured	dynamic-html-derived-v1	281	1	f5c72b110f294428872b110f295428e1	AO430	10	enclave_tsc_same_invocation	53594541529291	cycles		sgx_worker_enclave		observed
c5-timing-event-v1	C5	asyncs	measured	dynamic-html-derived-v1	281	1	f5c72b110f294428872b110f295428e1	A400	400	monotonic_ns_same_process	19835802925865	ns		asyncs_worker		observed
c5-timing-event-v1	C5	asyncs	measured	dynamic-html-derived-v1	281	1	f5c72b110f294428872b110f295428e1	A410	410	monotonic_ns_same_process	19836304867129	ns		asyncs_worker		observed
c5-timing-event-v1	C5	asyncs	measured	dynamic-html-derived-v1	282	1	3baac3635477494daac3635477f94de0	AI400	1	enclave_tsc_same_invocation	53594552198865	cycles		sgx_worker_enclave		observed
c5-timing-event-v1	C5	asyncs	measured	dynamic-html-derived-v1	282	1	3baac3635477494daac3635477f94de0	AI410	2	enclave_tsc_same_invocation	53594564396595	cycles		sgx_worker_enclave		observed
c5-timing-event-v1	C5	asyncs	measured	dynamic-html-derived-v1	282	1	3baac3635477494daac3635477f94de0	AI420	3	enclave_tsc_same_invocation	53594564397627	cycles		sgx_worker_enclave		observed
c5-timing-event-v1	C5	asyncs	measured	dynamic-html-derived-v1	282	1	3baac3635477494daac3635477f94de0	AI430	4	enclave_tsc_same_invocation	53594564401647	cycles		sgx_worker_enclave		observed
c5-timing-event-v1	C5	asyncs	measured	dynamic-html-derived-v1	282	1	3baac3635477494daac3635477f94de0	AF400	5	enclave_tsc_same_invocation	53594576512488	cycles		sgx_worker_enclave		observed
c5-timing-event-v1	C5	asyncs	measured	dynamic-html-derived-v1	282	1	3baac3635477494daac3635477f94de0	AF410	6	enclave_tsc_same_invocation	53595454720821	cycles		sgx_worker_enclave		observed
c5-timing-event-v1	C5	asyncs	measured	dynamic-html-derived-v1	282	1	3baac3635477494daac3635477f94de0	AO400	7	enclave_tsc_same_invocation	53595456743166	cycles		sgx_worker_enclave		observed
c5-timing-event-v1	C5	asyncs	measured	dynamic-html-derived-v1	282	1	3baac3635477494daac3635477f94de0	AO410	8	enclave_tsc_same_invocation	53595457374622	cycles		sgx_worker_enclave		observed
c5-timing-event-v1	C5	asyncs	measured	dynamic-html-derived-v1	282	1	3baac3635477494daac3635477f94de0	AO420	9	enclave_tsc_same_invocation	53595457375538	cycles		sgx_worker_enclave		observed
c5-timing-event-v1	C5	asyncs	measured	dynamic-html-derived-v1	282	1	3baac3635477494daac3635477f94de0	AO430	10	enclave_tsc_same_invocation	53595457384524	cycles		sgx_worker_enclave		observed
c5-timing-event-v1	C5	asyncs	measured	dynamic-html-derived-v1	282	1	3baac3635477494daac3635477f94de0	A400	400	monotonic_ns_same_process	19837144346576	ns		asyncs_worker		observed
c5-timing-event-v1	C5	asyncs	measured	dynamic-html-derived-v1	282	1	3baac3635477494daac3635477f94de0	A410	410	monotonic_ns_same_process	19837481400842	ns		asyncs_worker		observed
c5-timing-event-v1	C5	asyncs	measured	dynamic-html-derived-v1	283	1	ec5d785e228a47e89d785e228a07e853	AI400	1	enclave_tsc_same_invocation	53594213204437	cycles		sgx_worker_enclave		observed
c5-timing-event-v1	C5	asyncs	measured	dynamic-html-derived-v1	283	1	ec5d785e228a47e89d785e228a07e853	AI410	2	enclave_tsc_same_invocation	53594224091927	cycles		sgx_worker_enclave		observed
c5-timing-event-v1	C5	asyncs	measured	dynamic-html-derived-v1	283	1	ec5d785e228a47e89d785e228a07e853	AI420	3	enclave_tsc_same_invocation	53594224092878	cycles		sgx_worker_enclave		observed
c5-timing-event-v1	C5	asyncs	measured	dynamic-html-derived-v1	283	1	ec5d785e228a47e89d785e228a07e853	AI430	4	enclave_tsc_same_invocation	53594224096805	cycles		sgx_worker_enclave		observed
c5-timing-event-v1	C5	asyncs	measured	dynamic-html-derived-v1	283	1	ec5d785e228a47e89d785e228a07e853	AF400	5	enclave_tsc_same_invocation	53594243293823	cycles		sgx_worker_enclave		observed
c5-timing-event-v1	C5	asyncs	measured	dynamic-html-derived-v1	283	1	ec5d785e228a47e89d785e228a07e853	AF410	6	enclave_tsc_same_invocation	53595553576474	cycles		sgx_worker_enclave		observed
c5-timing-event-v1	C5	asyncs	measured	dynamic-html-derived-v1	283	1	ec5d785e228a47e89d785e228a07e853	AO400	7	enclave_tsc_same_invocation	53595555845864	cycles		sgx_worker_enclave		observed
c5-timing-event-v1	C5	asyncs	measured	dynamic-html-derived-v1	283	1	ec5d785e228a47e89d785e228a07e853	AO410	8	enclave_tsc_same_invocation	53595556884798	cycles		sgx_worker_enclave		observed
c5-timing-event-v1	C5	asyncs	measured	dynamic-html-derived-v1	283	1	ec5d785e228a47e89d785e228a07e853	AO420	9	enclave_tsc_same_invocation	53595556885666	cycles		sgx_worker_enclave		observed
c5-timing-event-v1	C5	asyncs	measured	dynamic-html-derived-v1	283	1	ec5d785e228a47e89d785e228a07e853	AO430	10	enclave_tsc_same_invocation	53595556899956	cycles		sgx_worker_enclave		observed
c5-timing-event-v1	C5	asyncs	measured	dynamic-html-derived-v1	283	1	ec5d785e228a47e89d785e228a07e853	A400	400	monotonic_ns_same_process	19836181570603	ns		asyncs_worker		observed
c5-timing-event-v1	C5	asyncs	measured	dynamic-html-derived-v1	283	1	ec5d785e228a47e89d785e228a07e853	A410	410	monotonic_ns_same_process	19836680926508	ns		asyncs_worker		observed
c5-timing-event-v1	C5	asyncs	measured	dynamic-html-derived-v1	284	1	6eee858a78324527ae858a7832f5272c	AI400	1	enclave_tsc_same_invocation	53594679391594	cycles		sgx_worker_enclave		observed
c5-timing-event-v1	C5	asyncs	measured	dynamic-html-derived-v1	284	1	6eee858a78324527ae858a7832f5272c	AI410	2	enclave_tsc_same_invocation	53594691014823	cycles		sgx_worker_enclave		observed
c5-timing-event-v1	C5	asyncs	measured	dynamic-html-derived-v1	284	1	6eee858a78324527ae858a7832f5272c	AI420	3	enclave_tsc_same_invocation	53594691015968	cycles		sgx_worker_enclave		observed
c5-timing-event-v1	C5	asyncs	measured	dynamic-html-derived-v1	284	1	6eee858a78324527ae858a7832f5272c	AI430	4	enclave_tsc_same_invocation	53594691019770	cycles		sgx_worker_enclave		observed
c5-timing-event-v1	C5	asyncs	measured	dynamic-html-derived-v1	284	1	6eee858a78324527ae858a7832f5272c	AF400	5	enclave_tsc_same_invocation	53594711071344	cycles		sgx_worker_enclave		observed
c5-timing-event-v1	C5	asyncs	measured	dynamic-html-derived-v1	284	1	6eee858a78324527ae858a7832f5272c	AF410	6	enclave_tsc_same_invocation	53596062810701	cycles		sgx_worker_enclave		observed
c5-timing-event-v1	C5	asyncs	measured	dynamic-html-derived-v1	284	1	6eee858a78324527ae858a7832f5272c	AO400	7	enclave_tsc_same_invocation	53596065108258	cycles		sgx_worker_enclave		observed
c5-timing-event-v1	C5	asyncs	measured	dynamic-html-derived-v1	284	1	6eee858a78324527ae858a7832f5272c	AO410	8	enclave_tsc_same_invocation	53596066238596	cycles		sgx_worker_enclave		observed
c5-timing-event-v1	C5	asyncs	measured	dynamic-html-derived-v1	284	1	6eee858a78324527ae858a7832f5272c	AO420	9	enclave_tsc_same_invocation	53596066239808	cycles		sgx_worker_enclave		observed
c5-timing-event-v1	C5	asyncs	measured	dynamic-html-derived-v1	284	1	6eee858a78324527ae858a7832f5272c	AO430	10	enclave_tsc_same_invocation	53596066254454	cycles		sgx_worker_enclave		observed
c5-timing-event-v1	C5	asyncs	measured	dynamic-html-derived-v1	284	1	6eee858a78324527ae858a7832f5272c	A400	400	monotonic_ns_same_process	19836354086539	ns		asyncs_worker		observed
c5-timing-event-v1	C5	asyncs	measured	dynamic-html-derived-v1	284	1	6eee858a78324527ae858a7832f5272c	A410	410	monotonic_ns_same_process	19836869592314	ns		asyncs_worker		observed
c5-timing-event-v1	C5	asyncs	measured	dynamic-html-derived-v1	285	1	79ceda3e393e47cb8eda3e393e27cbf6	AI400	1	enclave_tsc_same_invocation	53595567835838	cycles		sgx_worker_enclave		observed
c5-timing-event-v1	C5	asyncs	measured	dynamic-html-derived-v1	285	1	79ceda3e393e47cb8eda3e393e27cbf6	AI410	2	enclave_tsc_same_invocation	53595574504608	cycles		sgx_worker_enclave		observed
c5-timing-event-v1	C5	asyncs	measured	dynamic-html-derived-v1	285	1	79ceda3e393e47cb8eda3e393e27cbf6	AI420	3	enclave_tsc_same_invocation	53595574505150	cycles		sgx_worker_enclave		observed
c5-timing-event-v1	C5	asyncs	measured	dynamic-html-derived-v1	285	1	79ceda3e393e47cb8eda3e393e27cbf6	AI430	4	enclave_tsc_same_invocation	53595574507924	cycles		sgx_worker_enclave		observed
c5-timing-event-v1	C5	asyncs	measured	dynamic-html-derived-v1	285	1	79ceda3e393e47cb8eda3e393e27cbf6	AF400	5	enclave_tsc_same_invocation	53595586224061	cycles		sgx_worker_enclave		observed
c5-timing-event-v1	C5	asyncs	measured	dynamic-html-derived-v1	285	1	79ceda3e393e47cb8eda3e393e27cbf6	AF410	6	enclave_tsc_same_invocation	53596464282087	cycles		sgx_worker_enclave		observed
c5-timing-event-v1	C5	asyncs	measured	dynamic-html-derived-v1	285	1	79ceda3e393e47cb8eda3e393e27cbf6	AO400	7	enclave_tsc_same_invocation	53596466218051	cycles		sgx_worker_enclave		observed
c5-timing-event-v1	C5	asyncs	measured	dynamic-html-derived-v1	285	1	79ceda3e393e47cb8eda3e393e27cbf6	AO410	8	enclave_tsc_same_invocation	53596466818655	cycles		sgx_worker_enclave		observed
c5-timing-event-v1	C5	asyncs	measured	dynamic-html-derived-v1	285	1	79ceda3e393e47cb8eda3e393e27cbf6	AO420	9	enclave_tsc_same_invocation	53596466819562	cycles		sgx_worker_enclave		observed
c5-timing-event-v1	C5	asyncs	measured	dynamic-html-derived-v1	285	1	79ceda3e393e47cb8eda3e393e27cbf6	AO430	10	enclave_tsc_same_invocation	53596466828238	cycles		sgx_worker_enclave		observed
c5-timing-event-v1	C5	asyncs	measured	dynamic-html-derived-v1	285	1	79ceda3e393e47cb8eda3e393e27cbf6	A400	400	monotonic_ns_same_process	19837520976928	ns		asyncs_worker		observed
c5-timing-event-v1	C5	asyncs	measured	dynamic-html-derived-v1	285	1	79ceda3e393e47cb8eda3e393e27cbf6	A410	410	monotonic_ns_same_process	19837855272257	ns		asyncs_worker		observed
c5-timing-event-v1	C5	asyncs	measured	dynamic-html-derived-v1	286	1	efbd52271a144154bd52271a14915499	AI400	1	enclave_tsc_same_invocation	53595710816106	cycles		sgx_worker_enclave		observed
c5-timing-event-v1	C5	asyncs	measured	dynamic-html-derived-v1	286	1	efbd52271a144154bd52271a14915499	AI410	2	enclave_tsc_same_invocation	53595719446017	cycles		sgx_worker_enclave		observed
c5-timing-event-v1	C5	asyncs	measured	dynamic-html-derived-v1	286	1	efbd52271a144154bd52271a14915499	AI420	3	enclave_tsc_same_invocation	53595719447292	cycles		sgx_worker_enclave		observed
c5-timing-event-v1	C5	asyncs	measured	dynamic-html-derived-v1	286	1	efbd52271a144154bd52271a14915499	AI430	4	enclave_tsc_same_invocation	53595719451281	cycles		sgx_worker_enclave		observed
c5-timing-event-v1	C5	asyncs	measured	dynamic-html-derived-v1	286	1	efbd52271a144154bd52271a14915499	AF400	5	enclave_tsc_same_invocation	53595738522862	cycles		sgx_worker_enclave		observed
c5-timing-event-v1	C5	asyncs	measured	dynamic-html-derived-v1	286	1	efbd52271a144154bd52271a14915499	AF410	6	enclave_tsc_same_invocation	53597032607387	cycles		sgx_worker_enclave		observed
c5-timing-event-v1	C5	asyncs	measured	dynamic-html-derived-v1	286	1	efbd52271a144154bd52271a14915499	AO400	7	enclave_tsc_same_invocation	53597034854854	cycles		sgx_worker_enclave		observed
c5-timing-event-v1	C5	asyncs	measured	dynamic-html-derived-v1	286	1	efbd52271a144154bd52271a14915499	AO410	8	enclave_tsc_same_invocation	53597035963231	cycles		sgx_worker_enclave		observed
c5-timing-event-v1	C5	asyncs	measured	dynamic-html-derived-v1	286	1	efbd52271a144154bd52271a14915499	AO420	9	enclave_tsc_same_invocation	53597035964203	cycles		sgx_worker_enclave		observed
c5-timing-event-v1	C5	asyncs	measured	dynamic-html-derived-v1	286	1	efbd52271a144154bd52271a14915499	AO430	10	enclave_tsc_same_invocation	53597035980891	cycles		sgx_worker_enclave		observed
c5-timing-event-v1	C5	asyncs	measured	dynamic-html-derived-v1	286	1	efbd52271a144154bd52271a14915499	A400	400	monotonic_ns_same_process	19836736278219	ns		asyncs_worker		observed
c5-timing-event-v1	C5	asyncs	measured	dynamic-html-derived-v1	286	1	efbd52271a144154bd52271a14915499	A410	410	monotonic_ns_same_process	19837228747911	ns		asyncs_worker		observed
c5-timing-event-v1	C5	asyncs	measured	dynamic-html-derived-v1	287	1	f9e9779ec7c64f3fa9779ec7c6cf3f29	AI400	1	enclave_tsc_same_invocation	53596586806356	cycles		sgx_worker_enclave		observed
c5-timing-event-v1	C5	asyncs	measured	dynamic-html-derived-v1	287	1	f9e9779ec7c64f3fa9779ec7c6cf3f29	AI410	2	enclave_tsc_same_invocation	53596593230627	cycles		sgx_worker_enclave		observed
c5-timing-event-v1	C5	asyncs	measured	dynamic-html-derived-v1	287	1	f9e9779ec7c64f3fa9779ec7c6cf3f29	AI420	3	enclave_tsc_same_invocation	53596593231172	cycles		sgx_worker_enclave		observed
c5-timing-event-v1	C5	asyncs	measured	dynamic-html-derived-v1	287	1	f9e9779ec7c64f3fa9779ec7c6cf3f29	AI430	4	enclave_tsc_same_invocation	53596593234684	cycles		sgx_worker_enclave		observed
c5-timing-event-v1	C5	asyncs	measured	dynamic-html-derived-v1	287	1	f9e9779ec7c64f3fa9779ec7c6cf3f29	AF400	5	enclave_tsc_same_invocation	53596604899332	cycles		sgx_worker_enclave		observed
c5-timing-event-v1	C5	asyncs	measured	dynamic-html-derived-v1	287	1	f9e9779ec7c64f3fa9779ec7c6cf3f29	AF410	6	enclave_tsc_same_invocation	53597493190531	cycles		sgx_worker_enclave		observed
c5-timing-event-v1	C5	asyncs	measured	dynamic-html-derived-v1	287	1	f9e9779ec7c64f3fa9779ec7c6cf3f29	AO400	7	enclave_tsc_same_invocation	53597495190545	cycles		sgx_worker_enclave		observed
c5-timing-event-v1	C5	asyncs	measured	dynamic-html-derived-v1	287	1	f9e9779ec7c64f3fa9779ec7c6cf3f29	AO410	8	enclave_tsc_same_invocation	53597495854146	cycles		sgx_worker_enclave		observed
c5-timing-event-v1	C5	asyncs	measured	dynamic-html-derived-v1	287	1	f9e9779ec7c64f3fa9779ec7c6cf3f29	AO420	9	enclave_tsc_same_invocation	53597495856052	cycles		sgx_worker_enclave		observed
c5-timing-event-v1	C5	asyncs	measured	dynamic-html-derived-v1	287	1	f9e9779ec7c64f3fa9779ec7c6cf3f29	AO430	10	enclave_tsc_same_invocation	53597495865836	cycles		sgx_worker_enclave		observed
c5-timing-event-v1	C5	asyncs	measured	dynamic-html-derived-v1	287	1	f9e9779ec7c64f3fa9779ec7c6cf3f29	A400	400	monotonic_ns_same_process	19837898615555	ns		asyncs_worker		observed
c5-timing-event-v1	C5	asyncs	measured	dynamic-html-derived-v1	287	1	f9e9779ec7c64f3fa9779ec7c6cf3f29	A410	410	monotonic_ns_same_process	19838236404029	ns		asyncs_worker		observed
c5-timing-event-v1	C5	asyncs	measured	dynamic-html-derived-v1	288	1	114137d19f86426a8137d19f86a26a1b	AI400	1	enclave_tsc_same_invocation	53596255889056	cycles		sgx_worker_enclave		observed
c5-timing-event-v1	C5	asyncs	measured	dynamic-html-derived-v1	288	1	114137d19f86426a8137d19f86a26a1b	AI410	2	enclave_tsc_same_invocation	53596266443714	cycles		sgx_worker_enclave		observed
c5-timing-event-v1	C5	asyncs	measured	dynamic-html-derived-v1	288	1	114137d19f86426a8137d19f86a26a1b	AI420	3	enclave_tsc_same_invocation	53596266444583	cycles		sgx_worker_enclave		observed
c5-timing-event-v1	C5	asyncs	measured	dynamic-html-derived-v1	288	1	114137d19f86426a8137d19f86a26a1b	AI430	4	enclave_tsc_same_invocation	53596266448739	cycles		sgx_worker_enclave		observed
c5-timing-event-v1	C5	asyncs	measured	dynamic-html-derived-v1	288	1	114137d19f86426a8137d19f86a26a1b	AF400	5	enclave_tsc_same_invocation	53596285854570	cycles		sgx_worker_enclave		observed
c5-timing-event-v1	C5	asyncs	measured	dynamic-html-derived-v1	288	1	114137d19f86426a8137d19f86a26a1b	AF410	6	enclave_tsc_same_invocation	53597443028836	cycles		sgx_worker_enclave		observed
c5-timing-event-v1	C5	asyncs	measured	dynamic-html-derived-v1	288	1	114137d19f86426a8137d19f86a26a1b	AO400	7	enclave_tsc_same_invocation	53597445283488	cycles		sgx_worker_enclave		observed
c5-timing-event-v1	C5	asyncs	measured	dynamic-html-derived-v1	288	1	114137d19f86426a8137d19f86a26a1b	AO410	8	enclave_tsc_same_invocation	53597446157467	cycles		sgx_worker_enclave		observed
c5-timing-event-v1	C5	asyncs	measured	dynamic-html-derived-v1	288	1	114137d19f86426a8137d19f86a26a1b	AO420	9	enclave_tsc_same_invocation	53597446158364	cycles		sgx_worker_enclave		observed
c5-timing-event-v1	C5	asyncs	measured	dynamic-html-derived-v1	288	1	114137d19f86426a8137d19f86a26a1b	AO430	10	enclave_tsc_same_invocation	53597446172009	cycles		sgx_worker_enclave		observed
c5-timing-event-v1	C5	asyncs	measured	dynamic-html-derived-v1	288	1	114137d19f86426a8137d19f86a26a1b	A400	400	monotonic_ns_same_process	19836937824317	ns		asyncs_worker		observed
c5-timing-event-v1	C5	asyncs	measured	dynamic-html-derived-v1	288	1	114137d19f86426a8137d19f86a26a1b	A410	410	monotonic_ns_same_process	19837380698609	ns		asyncs_worker		observed
c5-timing-event-v1	C5	asyncs	measured	dynamic-html-derived-v1	289	1	287e89ffd42446febe89ffd42466fea0	AI400	1	enclave_tsc_same_invocation	53597767562021	cycles		sgx_worker_enclave		observed
c5-timing-event-v1	C5	asyncs	measured	dynamic-html-derived-v1	289	1	287e89ffd42446febe89ffd42466fea0	AI410	2	enclave_tsc_same_invocation	53597774085340	cycles		sgx_worker_enclave		observed
c5-timing-event-v1	C5	asyncs	measured	dynamic-html-derived-v1	289	1	287e89ffd42446febe89ffd42466fea0	AI420	3	enclave_tsc_same_invocation	53597774085879	cycles		sgx_worker_enclave		observed
c5-timing-event-v1	C5	asyncs	measured	dynamic-html-derived-v1	289	1	287e89ffd42446febe89ffd42466fea0	AI430	4	enclave_tsc_same_invocation	53597774088824	cycles		sgx_worker_enclave		observed
c5-timing-event-v1	C5	asyncs	measured	dynamic-html-derived-v1	289	1	287e89ffd42446febe89ffd42466fea0	AF400	5	enclave_tsc_same_invocation	53597785952757	cycles		sgx_worker_enclave		observed
c5-timing-event-v1	C5	asyncs	measured	dynamic-html-derived-v1	289	1	287e89ffd42446febe89ffd42466fea0	AF410	6	enclave_tsc_same_invocation	53598664812346	cycles		sgx_worker_enclave		observed
c5-timing-event-v1	C5	asyncs	measured	dynamic-html-derived-v1	289	1	287e89ffd42446febe89ffd42466fea0	AO400	7	enclave_tsc_same_invocation	53598666812775	cycles		sgx_worker_enclave		observed
c5-timing-event-v1	C5	asyncs	measured	dynamic-html-derived-v1	289	1	287e89ffd42446febe89ffd42466fea0	AO410	8	enclave_tsc_same_invocation	53598667432369	cycles		sgx_worker_enclave		observed
c5-timing-event-v1	C5	asyncs	measured	dynamic-html-derived-v1	289	1	287e89ffd42446febe89ffd42466fea0	AO420	9	enclave_tsc_same_invocation	53598667433852	cycles		sgx_worker_enclave		observed
c5-timing-event-v1	C5	asyncs	measured	dynamic-html-derived-v1	289	1	287e89ffd42446febe89ffd42466fea0	AO430	10	enclave_tsc_same_invocation	53598667443722	cycles		sgx_worker_enclave		observed
c5-timing-event-v1	C5	asyncs	measured	dynamic-html-derived-v1	289	1	287e89ffd42446febe89ffd42466fea0	A400	400	monotonic_ns_same_process	19838335603929	ns		asyncs_worker		observed
c5-timing-event-v1	C5	asyncs	measured	dynamic-html-derived-v1	289	1	287e89ffd42446febe89ffd42466fea0	A410	410	monotonic_ns_same_process	19838670331723	ns		asyncs_worker		observed
c5-timing-event-v1	C5	asyncs	measured	dynamic-html-derived-v1	290	1	34da43207bec42e99a43207beca2e9f4	AI400	1	enclave_tsc_same_invocation	53597576821425	cycles		sgx_worker_enclave		observed
c5-timing-event-v1	C5	asyncs	measured	dynamic-html-derived-v1	290	1	34da43207bec42e99a43207beca2e9f4	AI410	2	enclave_tsc_same_invocation	53597583460607	cycles		sgx_worker_enclave		observed
c5-timing-event-v1	C5	asyncs	measured	dynamic-html-derived-v1	290	1	34da43207bec42e99a43207beca2e9f4	AI420	3	enclave_tsc_same_invocation	53597583461106	cycles		sgx_worker_enclave		observed
c5-timing-event-v1	C5	asyncs	measured	dynamic-html-derived-v1	290	1	34da43207bec42e99a43207beca2e9f4	AI430	4	enclave_tsc_same_invocation	53597583463839	cycles		sgx_worker_enclave		observed
c5-timing-event-v1	C5	asyncs	measured	dynamic-html-derived-v1	290	1	34da43207bec42e99a43207beca2e9f4	AF400	5	enclave_tsc_same_invocation	53597595408861	cycles		sgx_worker_enclave		observed
c5-timing-event-v1	C5	asyncs	measured	dynamic-html-derived-v1	290	1	34da43207bec42e99a43207beca2e9f4	AF410	6	enclave_tsc_same_invocation	53598890877216	cycles		sgx_worker_enclave		observed
c5-timing-event-v1	C5	asyncs	measured	dynamic-html-derived-v1	290	1	34da43207bec42e99a43207beca2e9f4	AO400	7	enclave_tsc_same_invocation	53598893132458	cycles		sgx_worker_enclave		observed
c5-timing-event-v1	C5	asyncs	measured	dynamic-html-derived-v1	290	1	34da43207bec42e99a43207beca2e9f4	AO410	8	enclave_tsc_same_invocation	53598894167465	cycles		sgx_worker_enclave		observed
c5-timing-event-v1	C5	asyncs	measured	dynamic-html-derived-v1	290	1	34da43207bec42e99a43207beca2e9f4	AO420	9	enclave_tsc_same_invocation	53598894168482	cycles		sgx_worker_enclave		observed
c5-timing-event-v1	C5	asyncs	measured	dynamic-html-derived-v1	290	1	34da43207bec42e99a43207beca2e9f4	AO430	10	enclave_tsc_same_invocation	53598894184125	cycles		sgx_worker_enclave		observed
c5-timing-event-v1	C5	asyncs	measured	dynamic-html-derived-v1	290	1	34da43207bec42e99a43207beca2e9f4	A400	400	monotonic_ns_same_process	19837427902475	ns		asyncs_worker		observed
c5-timing-event-v1	C5	asyncs	measured	dynamic-html-derived-v1	290	1	34da43207bec42e99a43207beca2e9f4	A410	410	monotonic_ns_same_process	19837916989010	ns		asyncs_worker		observed
c5-timing-event-v1	C5	asyncs	measured	dynamic-html-derived-v1	291	1	9d29b2a8658c4837a9b2a8658c48373d	AI400	1	enclave_tsc_same_invocation	53597680656376	cycles		sgx_worker_enclave		observed
c5-timing-event-v1	C5	asyncs	measured	dynamic-html-derived-v1	291	1	9d29b2a8658c4837a9b2a8658c48373d	AI410	2	enclave_tsc_same_invocation	53597692014423	cycles		sgx_worker_enclave		observed
c5-timing-event-v1	C5	asyncs	measured	dynamic-html-derived-v1	291	1	9d29b2a8658c4837a9b2a8658c48373d	AI420	3	enclave_tsc_same_invocation	53597692015364	cycles		sgx_worker_enclave		observed
c5-timing-event-v1	C5	asyncs	measured	dynamic-html-derived-v1	291	1	9d29b2a8658c4837a9b2a8658c48373d	AI430	4	enclave_tsc_same_invocation	53597692019639	cycles		sgx_worker_enclave		observed
c5-timing-event-v1	C5	asyncs	measured	dynamic-html-derived-v1	291	1	9d29b2a8658c4837a9b2a8658c48373d	AF400	5	enclave_tsc_same_invocation	53597711777985	cycles		sgx_worker_enclave		observed
c5-timing-event-v1	C5	asyncs	measured	dynamic-html-derived-v1	291	1	9d29b2a8658c4837a9b2a8658c48373d	AF410	6	enclave_tsc_same_invocation	53599071065960	cycles		sgx_worker_enclave		observed
c5-timing-event-v1	C5	asyncs	measured	dynamic-html-derived-v1	291	1	9d29b2a8658c4837a9b2a8658c48373d	AO400	7	enclave_tsc_same_invocation	53599073362954	cycles		sgx_worker_enclave		observed
c5-timing-event-v1	C5	asyncs	measured	dynamic-html-derived-v1	291	1	9d29b2a8658c4837a9b2a8658c48373d	AO410	8	enclave_tsc_same_invocation	53599074463647	cycles		sgx_worker_enclave		observed
c5-timing-event-v1	C5	asyncs	measured	dynamic-html-derived-v1	291	1	9d29b2a8658c4837a9b2a8658c48373d	AO420	9	enclave_tsc_same_invocation	53599074464701	cycles		sgx_worker_enclave		observed
c5-timing-event-v1	C5	asyncs	measured	dynamic-html-derived-v1	291	1	9d29b2a8658c4837a9b2a8658c48373d	AO430	10	enclave_tsc_same_invocation	53599074479238	cycles		sgx_worker_enclave		observed
c5-timing-event-v1	C5	asyncs	measured	dynamic-html-derived-v1	291	1	9d29b2a8658c4837a9b2a8658c48373d	A400	400	monotonic_ns_same_process	19837465731631	ns		asyncs_worker		observed
c5-timing-event-v1	C5	asyncs	measured	dynamic-html-derived-v1	291	1	9d29b2a8658c4837a9b2a8658c48373d	A410	410	monotonic_ns_same_process	19837983769290	ns		asyncs_worker		observed
c5-timing-event-v1	C5	asyncs	measured	dynamic-html-derived-v1	292	1	effb27b19e8d4e2dbb27b19e8d9e2d77	AI400	1	enclave_tsc_same_invocation	53598798332083	cycles		sgx_worker_enclave		observed
c5-timing-event-v1	C5	asyncs	measured	dynamic-html-derived-v1	292	1	effb27b19e8d4e2dbb27b19e8d9e2d77	AI410	2	enclave_tsc_same_invocation	53598804773564	cycles		sgx_worker_enclave		observed
c5-timing-event-v1	C5	asyncs	measured	dynamic-html-derived-v1	292	1	effb27b19e8d4e2dbb27b19e8d9e2d77	AI420	3	enclave_tsc_same_invocation	53598804774160	cycles		sgx_worker_enclave		observed
c5-timing-event-v1	C5	asyncs	measured	dynamic-html-derived-v1	292	1	effb27b19e8d4e2dbb27b19e8d9e2d77	AI430	4	enclave_tsc_same_invocation	53598804798887	cycles		sgx_worker_enclave		observed
c5-timing-event-v1	C5	asyncs	measured	dynamic-html-derived-v1	292	1	effb27b19e8d4e2dbb27b19e8d9e2d77	AF400	5	enclave_tsc_same_invocation	53598816532424	cycles		sgx_worker_enclave		observed
c5-timing-event-v1	C5	asyncs	measured	dynamic-html-derived-v1	292	1	effb27b19e8d4e2dbb27b19e8d9e2d77	AF410	6	enclave_tsc_same_invocation	53599696716641	cycles		sgx_worker_enclave		observed
c5-timing-event-v1	C5	asyncs	measured	dynamic-html-derived-v1	292	1	effb27b19e8d4e2dbb27b19e8d9e2d77	AO400	7	enclave_tsc_same_invocation	53599698724168	cycles		sgx_worker_enclave		observed
c5-timing-event-v1	C5	asyncs	measured	dynamic-html-derived-v1	292	1	effb27b19e8d4e2dbb27b19e8d9e2d77	AO410	8	enclave_tsc_same_invocation	53599699328045	cycles		sgx_worker_enclave		observed
c5-timing-event-v1	C5	asyncs	measured	dynamic-html-derived-v1	292	1	effb27b19e8d4e2dbb27b19e8d9e2d77	AO420	9	enclave_tsc_same_invocation	53599699328920	cycles		sgx_worker_enclave		observed
c5-timing-event-v1	C5	asyncs	measured	dynamic-html-derived-v1	292	1	effb27b19e8d4e2dbb27b19e8d9e2d77	AO430	10	enclave_tsc_same_invocation	53599699338996	cycles		sgx_worker_enclave		observed
c5-timing-event-v1	C5	asyncs	measured	dynamic-html-derived-v1	292	1	effb27b19e8d4e2dbb27b19e8d9e2d77	A400	400	monotonic_ns_same_process	19838717667844	ns		asyncs_worker		observed
c5-timing-event-v1	C5	asyncs	measured	dynamic-html-derived-v1	292	1	effb27b19e8d4e2dbb27b19e8d9e2d77	A410	410	monotonic_ns_same_process	19839052523907	ns		asyncs_worker		observed
c5-timing-event-v1	C5	asyncs	measured	dynamic-html-derived-v1	293	1	2e1d3b5d6e114e589d3b5d6e112e58ce	AI400	1	enclave_tsc_same_invocation	53599069797282	cycles		sgx_worker_enclave		observed
c5-timing-event-v1	C5	asyncs	measured	dynamic-html-derived-v1	293	1	2e1d3b5d6e114e589d3b5d6e112e58ce	AI410	2	enclave_tsc_same_invocation	53599081360304	cycles		sgx_worker_enclave		observed
c5-timing-event-v1	C5	asyncs	measured	dynamic-html-derived-v1	293	1	2e1d3b5d6e114e589d3b5d6e112e58ce	AI420	3	enclave_tsc_same_invocation	53599081361215	cycles		sgx_worker_enclave		observed
c5-timing-event-v1	C5	asyncs	measured	dynamic-html-derived-v1	293	1	2e1d3b5d6e114e589d3b5d6e112e58ce	AI430	4	enclave_tsc_same_invocation	53599081364678	cycles		sgx_worker_enclave		observed
c5-timing-event-v1	C5	asyncs	measured	dynamic-html-derived-v1	293	1	2e1d3b5d6e114e589d3b5d6e112e58ce	AF400	5	enclave_tsc_same_invocation	53599100302455	cycles		sgx_worker_enclave		observed
c5-timing-event-v1	C5	asyncs	measured	dynamic-html-derived-v1	293	1	2e1d3b5d6e114e589d3b5d6e112e58ce	AF410	6	enclave_tsc_same_invocation	53600335430467	cycles		sgx_worker_enclave		observed
c5-timing-event-v1	C5	asyncs	measured	dynamic-html-derived-v1	293	1	2e1d3b5d6e114e589d3b5d6e112e58ce	AO400	7	enclave_tsc_same_invocation	53600337749803	cycles		sgx_worker_enclave		observed
c5-timing-event-v1	C5	asyncs	measured	dynamic-html-derived-v1	293	1	2e1d3b5d6e114e589d3b5d6e112e58ce	AO410	8	enclave_tsc_same_invocation	53600339072704	cycles		sgx_worker_enclave		observed
c5-timing-event-v1	C5	asyncs	measured	dynamic-html-derived-v1	293	1	2e1d3b5d6e114e589d3b5d6e112e58ce	AO420	9	enclave_tsc_same_invocation	53600339074092	cycles		sgx_worker_enclave		observed
c5-timing-event-v1	C5	asyncs	measured	dynamic-html-derived-v1	293	1	2e1d3b5d6e114e589d3b5d6e112e58ce	AO430	10	enclave_tsc_same_invocation	53600339088875	cycles		sgx_worker_enclave		observed
c5-timing-event-v1	C5	asyncs	measured	dynamic-html-derived-v1	293	1	2e1d3b5d6e114e589d3b5d6e112e58ce	A400	400	monotonic_ns_same_process	19837980291271	ns		asyncs_worker		observed
c5-timing-event-v1	C5	asyncs	measured	dynamic-html-derived-v1	293	1	2e1d3b5d6e114e589d3b5d6e112e58ce	A410	410	monotonic_ns_same_process	19838452160866	ns		asyncs_worker		observed
c5-timing-event-v1	C5	asyncs	measured	dynamic-html-derived-v1	294	1	6dfb0fe59b804fa2bb0fe59b80afa20f	AI400	1	enclave_tsc_same_invocation	53599887007247	cycles		sgx_worker_enclave		observed
c5-timing-event-v1	C5	asyncs	measured	dynamic-html-derived-v1	294	1	6dfb0fe59b804fa2bb0fe59b80afa20f	AI410	2	enclave_tsc_same_invocation	53599893512886	cycles		sgx_worker_enclave		observed
c5-timing-event-v1	C5	asyncs	measured	dynamic-html-derived-v1	294	1	6dfb0fe59b804fa2bb0fe59b80afa20f	AI420	3	enclave_tsc_same_invocation	53599893513423	cycles		sgx_worker_enclave		observed
c5-timing-event-v1	C5	asyncs	measured	dynamic-html-derived-v1	294	1	6dfb0fe59b804fa2bb0fe59b80afa20f	AI430	4	enclave_tsc_same_invocation	53599893515683	cycles		sgx_worker_enclave		observed
c5-timing-event-v1	C5	asyncs	measured	dynamic-html-derived-v1	294	1	6dfb0fe59b804fa2bb0fe59b80afa20f	AF400	5	enclave_tsc_same_invocation	53599905092937	cycles		sgx_worker_enclave		observed
c5-timing-event-v1	C5	asyncs	measured	dynamic-html-derived-v1	294	1	6dfb0fe59b804fa2bb0fe59b80afa20f	AF410	6	enclave_tsc_same_invocation	53600780800908	cycles		sgx_worker_enclave		observed
c5-timing-event-v1	C5	asyncs	measured	dynamic-html-derived-v1	294	1	6dfb0fe59b804fa2bb0fe59b80afa20f	AO400	7	enclave_tsc_same_invocation	53600782832979	cycles		sgx_worker_enclave		observed
c5-timing-event-v1	C5	asyncs	measured	dynamic-html-derived-v1	294	1	6dfb0fe59b804fa2bb0fe59b80afa20f	AO410	8	enclave_tsc_same_invocation	53600783440759	cycles		sgx_worker_enclave		observed
c5-timing-event-v1	C5	asyncs	measured	dynamic-html-derived-v1	294	1	6dfb0fe59b804fa2bb0fe59b80afa20f	AO420	9	enclave_tsc_same_invocation	53600783441725	cycles		sgx_worker_enclave		observed
c5-timing-event-v1	C5	asyncs	measured	dynamic-html-derived-v1	294	1	6dfb0fe59b804fa2bb0fe59b80afa20f	AO430	10	enclave_tsc_same_invocation	53600783451052	cycles		sgx_worker_enclave		observed
c5-timing-event-v1	C5	asyncs	measured	dynamic-html-derived-v1	294	1	6dfb0fe59b804fa2bb0fe59b80afa20f	A400	400	monotonic_ns_same_process	19839120928022	ns		asyncs_worker		observed
c5-timing-event-v1	C5	asyncs	measured	dynamic-html-derived-v1	294	1	6dfb0fe59b804fa2bb0fe59b80afa20f	A410	410	monotonic_ns_same_process	19839454051656	ns		asyncs_worker		observed
c5-timing-event-v1	C5	asyncs	measured	dynamic-html-derived-v1	295	1	8dd22b022184450a922b022184150a39	AI400	1	enclave_tsc_same_invocation	53599423746754	cycles		sgx_worker_enclave		observed
c5-timing-event-v1	C5	asyncs	measured	dynamic-html-derived-v1	295	1	8dd22b022184450a922b022184150a39	AI410	2	enclave_tsc_same_invocation	53599435000911	cycles		sgx_worker_enclave		observed
c5-timing-event-v1	C5	asyncs	measured	dynamic-html-derived-v1	295	1	8dd22b022184450a922b022184150a39	AI420	3	enclave_tsc_same_invocation	53599435001940	cycles		sgx_worker_enclave		observed
c5-timing-event-v1	C5	asyncs	measured	dynamic-html-derived-v1	295	1	8dd22b022184450a922b022184150a39	AI430	4	enclave_tsc_same_invocation	53599435006197	cycles		sgx_worker_enclave		observed
c5-timing-event-v1	C5	asyncs	measured	dynamic-html-derived-v1	295	1	8dd22b022184450a922b022184150a39	AF400	5	enclave_tsc_same_invocation	53599454461713	cycles		sgx_worker_enclave		observed
c5-timing-event-v1	C5	asyncs	measured	dynamic-html-derived-v1	295	1	8dd22b022184450a922b022184150a39	AF410	6	enclave_tsc_same_invocation	53600736800794	cycles		sgx_worker_enclave		observed
c5-timing-event-v1	C5	asyncs	measured	dynamic-html-derived-v1	295	1	8dd22b022184450a922b022184150a39	AO400	7	enclave_tsc_same_invocation	53600739036814	cycles		sgx_worker_enclave		observed
c5-timing-event-v1	C5	asyncs	measured	dynamic-html-derived-v1	295	1	8dd22b022184450a922b022184150a39	AO410	8	enclave_tsc_same_invocation	53600740063360	cycles		sgx_worker_enclave		observed
c5-timing-event-v1	C5	asyncs	measured	dynamic-html-derived-v1	295	1	8dd22b022184450a922b022184150a39	AO420	9	enclave_tsc_same_invocation	53600740064367	cycles		sgx_worker_enclave		observed
c5-timing-event-v1	C5	asyncs	measured	dynamic-html-derived-v1	295	1	8dd22b022184450a922b022184150a39	AO430	10	enclave_tsc_same_invocation	53600740079941	cycles		sgx_worker_enclave		observed
c5-timing-event-v1	C5	asyncs	measured	dynamic-html-derived-v1	295	1	8dd22b022184450a922b022184150a39	A400	400	monotonic_ns_same_process	19838111402156	ns		asyncs_worker		observed
c5-timing-event-v1	C5	asyncs	measured	dynamic-html-derived-v1	295	1	8dd22b022184450a922b022184150a39	A410	410	monotonic_ns_same_process	19838600657777	ns		asyncs_worker		observed
c5-timing-event-v1	C5	asyncs	measured	dynamic-html-derived-v1	296	1	3611c49860d24e9291c49860d27e9264	AI400	1	enclave_tsc_same_invocation	53600913972056	cycles		sgx_worker_enclave		observed
c5-timing-event-v1	C5	asyncs	measured	dynamic-html-derived-v1	296	1	3611c49860d24e9291c49860d27e9264	AI410	2	enclave_tsc_same_invocation	53600923144700	cycles		sgx_worker_enclave		observed
c5-timing-event-v1	C5	asyncs	measured	dynamic-html-derived-v1	296	1	3611c49860d24e9291c49860d27e9264	AI420	3	enclave_tsc_same_invocation	53600923145784	cycles		sgx_worker_enclave		observed
c5-timing-event-v1	C5	asyncs	measured	dynamic-html-derived-v1	296	1	3611c49860d24e9291c49860d27e9264	AI430	4	enclave_tsc_same_invocation	53600923149218	cycles		sgx_worker_enclave		observed
c5-timing-event-v1	C5	asyncs	measured	dynamic-html-derived-v1	296	1	3611c49860d24e9291c49860d27e9264	AF400	5	enclave_tsc_same_invocation	53600934905243	cycles		sgx_worker_enclave		observed
c5-timing-event-v1	C5	asyncs	measured	dynamic-html-derived-v1	296	1	3611c49860d24e9291c49860d27e9264	AF410	6	enclave_tsc_same_invocation	53601816943158	cycles		sgx_worker_enclave		observed
c5-timing-event-v1	C5	asyncs	measured	dynamic-html-derived-v1	296	1	3611c49860d24e9291c49860d27e9264	AO400	7	enclave_tsc_same_invocation	53601818927490	cycles		sgx_worker_enclave		observed
c5-timing-event-v1	C5	asyncs	measured	dynamic-html-derived-v1	296	1	3611c49860d24e9291c49860d27e9264	AO410	8	enclave_tsc_same_invocation	53601819794514	cycles		sgx_worker_enclave		observed
c5-timing-event-v1	C5	asyncs	measured	dynamic-html-derived-v1	296	1	3611c49860d24e9291c49860d27e9264	AO420	9	enclave_tsc_same_invocation	53601819795374	cycles		sgx_worker_enclave		observed
c5-timing-event-v1	C5	asyncs	measured	dynamic-html-derived-v1	296	1	3611c49860d24e9291c49860d27e9264	AO430	10	enclave_tsc_same_invocation	53601819804984	cycles		sgx_worker_enclave		observed
c5-timing-event-v1	C5	asyncs	measured	dynamic-html-derived-v1	296	1	3611c49860d24e9291c49860d27e9264	A400	400	monotonic_ns_same_process	19839500616061	ns		asyncs_worker		observed
c5-timing-event-v1	C5	asyncs	measured	dynamic-html-derived-v1	296	1	3611c49860d24e9291c49860d27e9264	A410	410	monotonic_ns_same_process	19839837900117	ns		asyncs_worker		observed
c5-timing-event-v1	C5	asyncs	measured	dynamic-html-derived-v1	297	1	99732a212dc545fcb32a212dc515fc9b	AI400	1	enclave_tsc_same_invocation	53600538212653	cycles		sgx_worker_enclave		observed
c5-timing-event-v1	C5	asyncs	measured	dynamic-html-derived-v1	297	1	99732a212dc545fcb32a212dc515fc9b	AI410	2	enclave_tsc_same_invocation	53600587433014	cycles		sgx_worker_enclave		observed
c5-timing-event-v1	C5	asyncs	measured	dynamic-html-derived-v1	297	1	99732a212dc545fcb32a212dc515fc9b	AI420	3	enclave_tsc_same_invocation	53600587434014	cycles		sgx_worker_enclave		observed
c5-timing-event-v1	C5	asyncs	measured	dynamic-html-derived-v1	297	1	99732a212dc545fcb32a212dc515fc9b	AI430	4	enclave_tsc_same_invocation	53600587437279	cycles		sgx_worker_enclave		observed
c5-timing-event-v1	C5	asyncs	measured	dynamic-html-derived-v1	297	1	99732a212dc545fcb32a212dc515fc9b	AF400	5	enclave_tsc_same_invocation	53600607269914	cycles		sgx_worker_enclave		observed
c5-timing-event-v1	C5	asyncs	measured	dynamic-html-derived-v1	297	1	99732a212dc545fcb32a212dc515fc9b	AF410	6	enclave_tsc_same_invocation	53601959034649	cycles		sgx_worker_enclave		observed
c5-timing-event-v1	C5	asyncs	measured	dynamic-html-derived-v1	297	1	99732a212dc545fcb32a212dc515fc9b	AO400	7	enclave_tsc_same_invocation	53601961265031	cycles		sgx_worker_enclave		observed
c5-timing-event-v1	C5	asyncs	measured	dynamic-html-derived-v1	297	1	99732a212dc545fcb32a212dc515fc9b	AO410	8	enclave_tsc_same_invocation	53601962308082	cycles		sgx_worker_enclave		observed
c5-timing-event-v1	C5	asyncs	measured	dynamic-html-derived-v1	297	1	99732a212dc545fcb32a212dc515fc9b	AO420	9	enclave_tsc_same_invocation	53601962308918	cycles		sgx_worker_enclave		observed
c5-timing-event-v1	C5	asyncs	measured	dynamic-html-derived-v1	297	1	99732a212dc545fcb32a212dc515fc9b	AO430	10	enclave_tsc_same_invocation	53601962322740	cycles		sgx_worker_enclave		observed
c5-timing-event-v1	C5	asyncs	measured	dynamic-html-derived-v1	297	1	99732a212dc545fcb32a212dc515fc9b	A400	400	monotonic_ns_same_process	19838519967622	ns		asyncs_worker		observed
c5-timing-event-v1	C5	asyncs	measured	dynamic-html-derived-v1	297	1	99732a212dc545fcb32a212dc515fc9b	A410	410	monotonic_ns_same_process	19839053353297	ns		asyncs_worker		observed
c5-timing-event-v1	C5	asyncs	measured	dynamic-html-derived-v1	298	1	2095605bca1e481095605bca1ed8104b	AI400	1	enclave_tsc_same_invocation	53600908850931	cycles		sgx_worker_enclave		observed
c5-timing-event-v1	C5	asyncs	measured	dynamic-html-derived-v1	298	1	2095605bca1e481095605bca1ed8104b	AI410	2	enclave_tsc_same_invocation	53600916509817	cycles		sgx_worker_enclave		observed
c5-timing-event-v1	C5	asyncs	measured	dynamic-html-derived-v1	298	1	2095605bca1e481095605bca1ed8104b	AI420	3	enclave_tsc_same_invocation	53600916510307	cycles		sgx_worker_enclave		observed
c5-timing-event-v1	C5	asyncs	measured	dynamic-html-derived-v1	298	1	2095605bca1e481095605bca1ed8104b	AI430	4	enclave_tsc_same_invocation	53600916512902	cycles		sgx_worker_enclave		observed
c5-timing-event-v1	C5	asyncs	measured	dynamic-html-derived-v1	298	1	2095605bca1e481095605bca1ed8104b	AF400	5	enclave_tsc_same_invocation	53600964429724	cycles		sgx_worker_enclave		observed
c5-timing-event-v1	C5	asyncs	measured	dynamic-html-derived-v1	298	1	2095605bca1e481095605bca1ed8104b	AF410	6	enclave_tsc_same_invocation	53602282764601	cycles		sgx_worker_enclave		observed
c5-timing-event-v1	C5	asyncs	measured	dynamic-html-derived-v1	298	1	2095605bca1e481095605bca1ed8104b	AO400	7	enclave_tsc_same_invocation	53602285113354	cycles		sgx_worker_enclave		observed
c5-timing-event-v1	C5	asyncs	measured	dynamic-html-derived-v1	298	1	2095605bca1e481095605bca1ed8104b	AO410	8	enclave_tsc_same_invocation	53602286250924	cycles		sgx_worker_enclave		observed
c5-timing-event-v1	C5	asyncs	measured	dynamic-html-derived-v1	298	1	2095605bca1e481095605bca1ed8104b	AO420	9	enclave_tsc_same_invocation	53602286251898	cycles		sgx_worker_enclave		observed
c5-timing-event-v1	C5	asyncs	measured	dynamic-html-derived-v1	298	1	2095605bca1e481095605bca1ed8104b	AO430	10	enclave_tsc_same_invocation	53602286267249	cycles		sgx_worker_enclave		observed
c5-timing-event-v1	C5	asyncs	measured	dynamic-html-derived-v1	298	1	2095605bca1e481095605bca1ed8104b	A400	400	monotonic_ns_same_process	19838661343300	ns		asyncs_worker		observed
c5-timing-event-v1	C5	asyncs	measured	dynamic-html-derived-v1	298	1	2095605bca1e481095605bca1ed8104b	A410	410	monotonic_ns_same_process	19839173338123	ns		asyncs_worker		observed
c5-timing-event-v1	C5	asyncs	measured	dynamic-html-derived-v1	299	1	9cbb887c71ae4d92bb887c71aebd92f6	AI400	1	enclave_tsc_same_invocation	53601969505391	cycles		sgx_worker_enclave		observed
c5-timing-event-v1	C5	asyncs	measured	dynamic-html-derived-v1	299	1	9cbb887c71ae4d92bb887c71aebd92f6	AI410	2	enclave_tsc_same_invocation	53601975941033	cycles		sgx_worker_enclave		observed
c5-timing-event-v1	C5	asyncs	measured	dynamic-html-derived-v1	299	1	9cbb887c71ae4d92bb887c71aebd92f6	AI420	3	enclave_tsc_same_invocation	53601975941623	cycles		sgx_worker_enclave		observed
c5-timing-event-v1	C5	asyncs	measured	dynamic-html-derived-v1	299	1	9cbb887c71ae4d92bb887c71aebd92f6	AI430	4	enclave_tsc_same_invocation	53601975944396	cycles		sgx_worker_enclave		observed
c5-timing-event-v1	C5	asyncs	measured	dynamic-html-derived-v1	299	1	9cbb887c71ae4d92bb887c71aebd92f6	AF400	5	enclave_tsc_same_invocation	53601997683010	cycles		sgx_worker_enclave		observed
c5-timing-event-v1	C5	asyncs	measured	dynamic-html-derived-v1	299	1	9cbb887c71ae4d92bb887c71aebd92f6	AF410	6	enclave_tsc_same_invocation	53602882834184	cycles		sgx_worker_enclave		observed
c5-timing-event-v1	C5	asyncs	measured	dynamic-html-derived-v1	299	1	9cbb887c71ae4d92bb887c71aebd92f6	AO400	7	enclave_tsc_same_invocation	53602884817491	cycles		sgx_worker_enclave		observed
c5-timing-event-v1	C5	asyncs	measured	dynamic-html-derived-v1	299	1	9cbb887c71ae4d92bb887c71aebd92f6	AO410	8	enclave_tsc_same_invocation	53602885431989	cycles		sgx_worker_enclave		observed
c5-timing-event-v1	C5	asyncs	measured	dynamic-html-derived-v1	299	1	9cbb887c71ae4d92bb887c71aebd92f6	AO420	9	enclave_tsc_same_invocation	53602885432792	cycles		sgx_worker_enclave		observed
c5-timing-event-v1	C5	asyncs	measured	dynamic-html-derived-v1	299	1	9cbb887c71ae4d92bb887c71aebd92f6	AO430	10	enclave_tsc_same_invocation	53602885442767	cycles		sgx_worker_enclave		observed
c5-timing-event-v1	C5	asyncs	measured	dynamic-html-derived-v1	299	1	9cbb887c71ae4d92bb887c71aebd92f6	A400	400	monotonic_ns_same_process	19839892254885	ns		asyncs_worker		observed
c5-timing-event-v1	C5	asyncs	measured	dynamic-html-derived-v1	299	1	9cbb887c71ae4d92bb887c71aebd92f6	A410	410	monotonic_ns_same_process	19840232589457	ns		asyncs_worker		observed
c5-timing-event-v1	C5	asyncs	measured	dynamic-html-derived-v1	300	1	662940f38c784e89a940f38c786e89d0	AI400	1	enclave_tsc_same_invocation	53602126159190	cycles		sgx_worker_enclave		observed
c5-timing-event-v1	C5	asyncs	measured	dynamic-html-derived-v1	300	1	662940f38c784e89a940f38c786e89d0	AI410	2	enclave_tsc_same_invocation	53602137239791	cycles		sgx_worker_enclave		observed
c5-timing-event-v1	C5	asyncs	measured	dynamic-html-derived-v1	300	1	662940f38c784e89a940f38c786e89d0	AI420	3	enclave_tsc_same_invocation	53602137240746	cycles		sgx_worker_enclave		observed
c5-timing-event-v1	C5	asyncs	measured	dynamic-html-derived-v1	300	1	662940f38c784e89a940f38c786e89d0	AI430	4	enclave_tsc_same_invocation	53602137244341	cycles		sgx_worker_enclave		observed
c5-timing-event-v1	C5	asyncs	measured	dynamic-html-derived-v1	300	1	662940f38c784e89a940f38c786e89d0	AF400	5	enclave_tsc_same_invocation	53602156312212	cycles		sgx_worker_enclave		observed
c5-timing-event-v1	C5	asyncs	measured	dynamic-html-derived-v1	300	1	662940f38c784e89a940f38c786e89d0	AF410	6	enclave_tsc_same_invocation	53603096923288	cycles		sgx_worker_enclave		observed
c5-timing-event-v1	C5	asyncs	measured	dynamic-html-derived-v1	300	1	662940f38c784e89a940f38c786e89d0	AO400	7	enclave_tsc_same_invocation	53603098950621	cycles		sgx_worker_enclave		observed
c5-timing-event-v1	C5	asyncs	measured	dynamic-html-derived-v1	300	1	662940f38c784e89a940f38c786e89d0	AO410	8	enclave_tsc_same_invocation	53603099531267	cycles		sgx_worker_enclave		observed
c5-timing-event-v1	C5	asyncs	measured	dynamic-html-derived-v1	300	1	662940f38c784e89a940f38c786e89d0	AO420	9	enclave_tsc_same_invocation	53603099532168	cycles		sgx_worker_enclave		observed
c5-timing-event-v1	C5	asyncs	measured	dynamic-html-derived-v1	300	1	662940f38c784e89a940f38c786e89d0	AO430	10	enclave_tsc_same_invocation	53603099541369	cycles		sgx_worker_enclave		observed
c5-timing-event-v1	C5	asyncs	measured	dynamic-html-derived-v1	300	1	662940f38c784e89a940f38c786e89d0	A400	400	monotonic_ns_same_process	19839112258943	ns		asyncs_worker		observed
c5-timing-event-v1	C5	asyncs	measured	dynamic-html-derived-v1	300	1	662940f38c784e89a940f38c786e89d0	A410	410	monotonic_ns_same_process	19839474527480	ns		asyncs_worker		observed
