schema_version	experiment_id	profile	scope	logical_request_id	attempt_id	activation_id	event_code	occurrence_index	occurrence_count	selected_instance	selection_rule	source_role	source_role_valid	direct_event_valid	metadata_error	node	process	pid	tid	unix_ns	mono_ns	clock_domain	source_path	source_line
asyncs-openwhisk-direct-event-v1	C5	asyncs	dynamic-html-derived-v1	19	1	001a918c065e40dd9a918c065e60dd3b	OW120	1	1	true	single_direct_observation	controller	true	true		controller0	openwhisk_controller	1	85c59190fa4ab87cd81dd81adb2dede6	1784761168019000000	19791174806388	openwhisk_controller_jvm_mono	recovery/openwhisk/capture/controller.filtered.log	37
asyncs-openwhisk-direct-event-v1	C5	asyncs	dynamic-html-derived-v1	19	1	001a918c065e40dd9a918c065e60dd3b	OW150	1	1	true	single_direct_observation	controller	true	true		controller0	openwhisk_controller	1	85c59190fa4ab87cd81dd81adb2dede6	1784761168019000000	19791174854361	openwhisk_controller_jvm_mono	recovery/openwhisk/capture/controller.filtered.log	38
asyncs-openwhisk-direct-event-v1	C5	asyncs	dynamic-html-derived-v1	19	1	001a918c065e40dd9a918c065e60dd3b	OW260	1	1	true	single_direct_observation	scheduler	true	true		scheduler0	openwhisk_scheduler	1	85c59190fa4ab87cd81dd81adb2dede6	1784761168025000000	19791180717433	openwhisk_scheduler_jvm_mono	recovery/openwhisk/capture/scheduler.filtered.log	51
asyncs-openwhisk-direct-event-v1	C5	asyncs	dynamic-html-derived-v1	19	1	001a918c065e40dd9a918c065e60dd3b	OW300	1	2	true	latest_ow300_not_after_ow310_tie_first_source_line	scheduler	true	true		scheduler0	openwhisk_scheduler	1	85c59190fa4ab87cd81dd81adb2dede6	1784761168025000000	19791180897425	openwhisk_scheduler_jvm_mono	recovery/openwhisk/capture/scheduler.filtered.log	52
asyncs-openwhisk-direct-event-v1	C5	asyncs	dynamic-html-derived-v1	19	1	001a918c065e40dd9a918c065e60dd3b	OW300	2	2	false	latest_ow300_not_after_ow310_tie_first_source_line	scheduler	true	true		scheduler0	openwhisk_scheduler	1	85c59190fa4ab87cd81dd81adb2dede6	1784761168025000000	19791180950111	openwhisk_scheduler_jvm_mono	recovery/openwhisk/capture/scheduler.filtered.log	53
asyncs-openwhisk-direct-event-v1	C5	asyncs	dynamic-html-derived-v1	19	1	001a918c065e40dd9a918c065e60dd3b	OW310	1	1	true	single_direct_observation	invoker	true	true		invoker0	openwhisk_invoker	29163	85c59190fa4ab87cd81dd81adb2dede6	1784761168028000000	19791240547094	openwhisk_invoker_jvm_mono	recovery/openwhisk/capture/invokers.filtered.log	62
asyncs-openwhisk-direct-event-v1	C5	asyncs	dynamic-html-derived-v1	19	1	001a918c065e40dd9a918c065e60dd3b	OW800	1	1	true	single_direct_observation	invoker	true	true		invoker0	openwhisk_invoker	29163	85c59190fa4ab87cd81dd81adb2dede6	1784761168380000000	19791592645149	openwhisk_invoker_jvm_mono	recovery/openwhisk/capture/invokers.filtered.log	65
asyncs-openwhisk-direct-event-v1	C5	asyncs	dynamic-html-derived-v1	223	1	02e41cff1bb347caa41cff1bb337caae	OW120	1	1	true	single_direct_observation	controller	true	true		controller0	openwhisk_controller	1	64be22e83f9f07192710ba60d3b8f990	1784761203550000000	19826706054884	openwhisk_controller_jvm_mono	recovery/openwhisk/capture/controller.filtered.log	445
asyncs-openwhisk-direct-event-v1	C5	asyncs	dynamic-html-derived-v1	223	1	02e41cff1bb347caa41cff1bb337caae	OW150	1	1	true	single_direct_observation	controller	true	true		controller0	openwhisk_controller	1	64be22e83f9f07192710ba60d3b8f990	1784761203550000000	19826706086538	openwhisk_controller_jvm_mono	recovery/openwhisk/capture/controller.filtered.log	446
asyncs-openwhisk-direct-event-v1	C5	asyncs	dynamic-html-derived-v1	223	1	02e41cff1bb347caa41cff1bb337caae	OW260	1	1	true	single_direct_observation	scheduler	true	true		scheduler0	openwhisk_scheduler	1	64be22e83f9f07192710ba60d3b8f990	1784761203556000000	19826711769311	openwhisk_scheduler_jvm_mono	recovery/openwhisk/capture/scheduler.filtered.log	663
asyncs-openwhisk-direct-event-v1	C5	asyncs	dynamic-html-derived-v1	223	1	02e41cff1bb347caa41cff1bb337caae	OW300	1	2	true	latest_ow300_not_after_ow310_tie_first_source_line	scheduler	true	true		scheduler0	openwhisk_scheduler	1	64be22e83f9f07192710ba60d3b8f990	1784761203556000000	19826711911140	openwhisk_scheduler_jvm_mono	recovery/openwhisk/capture/scheduler.filtered.log	664
asyncs-openwhisk-direct-event-v1	C5	asyncs	dynamic-html-derived-v1	223	1	02e41cff1bb347caa41cff1bb337caae	OW300	2	2	false	latest_ow300_not_after_ow310_tie_first_source_line	scheduler	true	true		scheduler0	openwhisk_scheduler	1	64be22e83f9f07192710ba60d3b8f990	1784761203556000000	19826711950037	openwhisk_scheduler_jvm_mono	recovery/openwhisk/capture/scheduler.filtered.log	665
asyncs-openwhisk-direct-event-v1	C5	asyncs	dynamic-html-derived-v1	223	1	02e41cff1bb347caa41cff1bb337caae	OW310	1	1	true	single_direct_observation	invoker	true	true		invoker2	openwhisk_invoker	26523	64be22e83f9f07192710ba60d3b8f990	1784761203558000000	19825713444559	openwhisk_invoker_jvm_mono	recovery/openwhisk/capture/invokers.filtered.log	1275
asyncs-openwhisk-direct-event-v1	C5	asyncs	dynamic-html-derived-v1	223	1	02e41cff1bb347caa41cff1bb337caae	OW800	1	1	true	single_direct_observation	invoker	true	true		invoker2	openwhisk_invoker	26523	64be22e83f9f07192710ba60d3b8f990	1784761204024000000	19826179235118	openwhisk_invoker_jvm_mono	recovery/openwhisk/capture/invokers.filtered.log	1281
asyncs-openwhisk-direct-event-v1	C5	asyncs	dynamic-html-derived-v1	169	1	02e6ca0d4a03412ba6ca0d4a03e12bd1	OW120	1	1	true	single_direct_observation	controller	true	true		controller0	openwhisk_controller	1	1ab8f79567c3c5c55989bfd31ad7d6ee	1784761194133000000	19817288934164	openwhisk_controller_jvm_mono	recovery/openwhisk/capture/controller.filtered.log	337
asyncs-openwhisk-direct-event-v1	C5	asyncs	dynamic-html-derived-v1	169	1	02e6ca0d4a03412ba6ca0d4a03e12bd1	OW150	1	1	true	single_direct_observation	controller	true	true		controller0	openwhisk_controller	1	1ab8f79567c3c5c55989bfd31ad7d6ee	1784761194133000000	19817288970794	openwhisk_controller_jvm_mono	recovery/openwhisk/capture/controller.filtered.log	338
asyncs-openwhisk-direct-event-v1	C5	asyncs	dynamic-html-derived-v1	169	1	02e6ca0d4a03412ba6ca0d4a03e12bd1	OW260	1	1	true	single_direct_observation	scheduler	true	true		scheduler0	openwhisk_scheduler	1	1ab8f79567c3c5c55989bfd31ad7d6ee	1784761194141000000	19817297137218	openwhisk_scheduler_jvm_mono	recovery/openwhisk/capture/scheduler.filtered.log	501
asyncs-openwhisk-direct-event-v1	C5	asyncs	dynamic-html-derived-v1	169	1	02e6ca0d4a03412ba6ca0d4a03e12bd1	OW300	1	2	true	latest_ow300_not_after_ow310_tie_first_source_line	scheduler	true	true		scheduler0	openwhisk_scheduler	1	1ab8f79567c3c5c55989bfd31ad7d6ee	1784761194144000000	19817300095883	openwhisk_scheduler_jvm_mono	recovery/openwhisk/capture/scheduler.filtered.log	502
asyncs-openwhisk-direct-event-v1	C5	asyncs	dynamic-html-derived-v1	169	1	02e6ca0d4a03412ba6ca0d4a03e12bd1	OW300	2	2	false	latest_ow300_not_after_ow310_tie_first_source_line	scheduler	true	true		scheduler0	openwhisk_scheduler	1	1ab8f79567c3c5c55989bfd31ad7d6ee	1784761194144000000	19817300142902	openwhisk_scheduler_jvm_mono	recovery/openwhisk/capture/scheduler.filtered.log	503
asyncs-openwhisk-direct-event-v1	C5	asyncs	dynamic-html-derived-v1	169	1	02e6ca0d4a03412ba6ca0d4a03e12bd1	OW310	1	1	true	single_direct_observation	invoker	true	true		invoker2	openwhisk_invoker	26523	1ab8f79567c3c5c55989bfd31ad7d6ee	1784761194146000000	19816301690761	openwhisk_invoker_jvm_mono	recovery/openwhisk/capture/invokers.filtered.log	1115
asyncs-openwhisk-direct-event-v1	C5	asyncs	dynamic-html-derived-v1	169	1	02e6ca0d4a03412ba6ca0d4a03e12bd1	OW800	1	1	true	single_direct_observation	invoker	true	true		invoker2	openwhisk_invoker	26523	1ab8f79567c3c5c55989bfd31ad7d6ee	1784761194687000000	19816842647748	openwhisk_invoker_jvm_mono	recovery/openwhisk/capture/invokers.filtered.log	1123
asyncs-openwhisk-direct-event-v1	C5	asyncs	dynamic-html-derived-v1	228	1	02ffcc3cfb5447efbfcc3cfb54d7ef6b	OW120	1	1	true	single_direct_observation	controller	true	true		controller0	openwhisk_controller	1	ad6119c56affc98af65751fc8a7f0ca8	1784761204591000000	19827746552517	openwhisk_controller_jvm_mono	recovery/openwhisk/capture/controller.filtered.log	455
asyncs-openwhisk-direct-event-v1	C5	asyncs	dynamic-html-derived-v1	228	1	02ffcc3cfb5447efbfcc3cfb54d7ef6b	OW150	1	1	true	single_direct_observation	controller	true	true		controller0	openwhisk_controller	1	ad6119c56affc98af65751fc8a7f0ca8	1784761204591000000	19827746587490	openwhisk_controller_jvm_mono	recovery/openwhisk/capture/controller.filtered.log	456
asyncs-openwhisk-direct-event-v1	C5	asyncs	dynamic-html-derived-v1	228	1	02ffcc3cfb5447efbfcc3cfb54d7ef6b	OW260	1	1	true	single_direct_observation	scheduler	true	true		scheduler0	openwhisk_scheduler	1	ad6119c56affc98af65751fc8a7f0ca8	1784761204608000000	19827764215639	openwhisk_scheduler_jvm_mono	recovery/openwhisk/capture/scheduler.filtered.log	678
asyncs-openwhisk-direct-event-v1	C5	asyncs	dynamic-html-derived-v1	228	1	02ffcc3cfb5447efbfcc3cfb54d7ef6b	OW300	1	2	true	latest_ow300_not_after_ow310_tie_first_source_line	scheduler	true	true		scheduler0	openwhisk_scheduler	1	ad6119c56affc98af65751fc8a7f0ca8	1784761204609000000	19827764455623	openwhisk_scheduler_jvm_mono	recovery/openwhisk/capture/scheduler.filtered.log	679
asyncs-openwhisk-direct-event-v1	C5	asyncs	dynamic-html-derived-v1	228	1	02ffcc3cfb5447efbfcc3cfb54d7ef6b	OW300	2	2	false	latest_ow300_not_after_ow310_tie_first_source_line	scheduler	true	true		scheduler0	openwhisk_scheduler	1	ad6119c56affc98af65751fc8a7f0ca8	1784761204609000000	19827764502408	openwhisk_scheduler_jvm_mono	recovery/openwhisk/capture/scheduler.filtered.log	680
asyncs-openwhisk-direct-event-v1	C5	asyncs	dynamic-html-derived-v1	228	1	02ffcc3cfb5447efbfcc3cfb54d7ef6b	OW310	1	1	true	single_direct_observation	invoker	true	true		invoker0	openwhisk_invoker	29163	ad6119c56affc98af65751fc8a7f0ca8	1784761204611000000	19827824106788	openwhisk_invoker_jvm_mono	recovery/openwhisk/capture/invokers.filtered.log	502
asyncs-openwhisk-direct-event-v1	C5	asyncs	dynamic-html-derived-v1	228	1	02ffcc3cfb5447efbfcc3cfb54d7ef6b	OW800	1	1	true	single_direct_observation	invoker	true	true		invoker0	openwhisk_invoker	29163	ad6119c56affc98af65751fc8a7f0ca8	1784761204991000000	19828203850568	openwhisk_invoker_jvm_mono	recovery/openwhisk/capture/invokers.filtered.log	505
asyncs-openwhisk-direct-event-v1	C5	asyncs	dynamic-html-derived-v1	184	1	051bee3040524ae99bee304052cae9f4	OW120	1	1	true	single_direct_observation	controller	true	true		controller0	openwhisk_controller	1	3ddcd2d21f9ab55bdbdc80b40b354938	1784761196813000000	19819968664140	openwhisk_controller_jvm_mono	recovery/openwhisk/capture/controller.filtered.log	367
asyncs-openwhisk-direct-event-v1	C5	asyncs	dynamic-html-derived-v1	184	1	051bee3040524ae99bee304052cae9f4	OW150	1	1	true	single_direct_observation	controller	true	true		controller0	openwhisk_controller	1	3ddcd2d21f9ab55bdbdc80b40b354938	1784761196813000000	19819968699972	openwhisk_controller_jvm_mono	recovery/openwhisk/capture/controller.filtered.log	368
asyncs-openwhisk-direct-event-v1	C5	asyncs	dynamic-html-derived-v1	184	1	051bee3040524ae99bee304052cae9f4	OW260	1	1	true	single_direct_observation	scheduler	true	true		scheduler0	openwhisk_scheduler	1	3ddcd2d21f9ab55bdbdc80b40b354938	1784761196820000000	19819976100390	openwhisk_scheduler_jvm_mono	recovery/openwhisk/capture/scheduler.filtered.log	546
asyncs-openwhisk-direct-event-v1	C5	asyncs	dynamic-html-derived-v1	184	1	051bee3040524ae99bee304052cae9f4	OW300	1	2	true	latest_ow300_not_after_ow310_tie_first_source_line	scheduler	true	true		scheduler0	openwhisk_scheduler	1	3ddcd2d21f9ab55bdbdc80b40b354938	1784761196821000000	19819976469301	openwhisk_scheduler_jvm_mono	recovery/openwhisk/capture/scheduler.filtered.log	547
asyncs-openwhisk-direct-event-v1	C5	asyncs	dynamic-html-derived-v1	184	1	051bee3040524ae99bee304052cae9f4	OW300	2	2	false	latest_ow300_not_after_ow310_tie_first_source_line	scheduler	true	true		scheduler0	openwhisk_scheduler	1	3ddcd2d21f9ab55bdbdc80b40b354938	1784761196821000000	19819976533858	openwhisk_scheduler_jvm_mono	recovery/openwhisk/capture/scheduler.filtered.log	548
asyncs-openwhisk-direct-event-v1	C5	asyncs	dynamic-html-derived-v1	184	1	051bee3040524ae99bee304052cae9f4	OW310	1	1	true	single_direct_observation	invoker	true	true		invoker2	openwhisk_invoker	26523	3ddcd2d21f9ab55bdbdc80b40b354938	1784761196823000000	19818978539432	openwhisk_invoker_jvm_mono	recovery/openwhisk/capture/invokers.filtered.log	1160
asyncs-openwhisk-direct-event-v1	C5	asyncs	dynamic-html-derived-v1	184	1	051bee3040524ae99bee304052cae9f4	OW800	1	1	true	single_direct_observation	invoker	true	true		invoker2	openwhisk_invoker	26523	3ddcd2d21f9ab55bdbdc80b40b354938	1784761197338000000	19819493416605	openwhisk_invoker_jvm_mono	recovery/openwhisk/capture/invokers.filtered.log	1168
asyncs-openwhisk-direct-event-v1	C5	asyncs	dynamic-html-derived-v1	2	1	0752ae0a2de8484792ae0a2de82847e1	OW120	1	1	true	single_direct_observation	controller	true	true		controller0	openwhisk_controller	1	777ae914ce8179c9c520b7bcc4ac139e	1784761162780000000	19785935975977	openwhisk_controller_jvm_mono	recovery/openwhisk/capture/controller.filtered.log	5
asyncs-openwhisk-direct-event-v1	C5	asyncs	dynamic-html-derived-v1	2	1	0752ae0a2de8484792ae0a2de82847e1	OW150	1	1	true	single_direct_observation	controller	true	true		controller0	openwhisk_controller	1	777ae914ce8179c9c520b7bcc4ac139e	1784761162780000000	19785936403052	openwhisk_controller_jvm_mono	recovery/openwhisk/capture/controller.filtered.log	6
asyncs-openwhisk-direct-event-v1	C5	asyncs	dynamic-html-derived-v1	2	1	0752ae0a2de8484792ae0a2de82847e1	OW260	1	1	true	single_direct_observation	scheduler	true	true		scheduler0	openwhisk_scheduler	1	777ae914ce8179c9c520b7bcc4ac139e	1784761162785000000	19785940819348	openwhisk_scheduler_jvm_mono	recovery/openwhisk/capture/scheduler.filtered.log	3
asyncs-openwhisk-direct-event-v1	C5	asyncs	dynamic-html-derived-v1	2	1	0752ae0a2de8484792ae0a2de82847e1	OW300	1	1	true	single_direct_observation	scheduler	true	true		scheduler0	openwhisk_scheduler	1	777ae914ce8179c9c520b7bcc4ac139e	1784761163374000000	19786529972563	openwhisk_scheduler_jvm_mono	recovery/openwhisk/capture/scheduler.filtered.log	7
asyncs-openwhisk-direct-event-v1	C5	asyncs	dynamic-html-derived-v1	2	1	0752ae0a2de8484792ae0a2de82847e1	OW310	1	1	true	single_direct_observation	invoker	true	true		invoker2	openwhisk_invoker	26523	777ae914ce8179c9c520b7bcc4ac139e	1784761163379000000	19785534252917	openwhisk_invoker_jvm_mono	recovery/openwhisk/capture/invokers.filtered.log	654
asyncs-openwhisk-direct-event-v1	C5	asyncs	dynamic-html-derived-v1	2	1	0752ae0a2de8484792ae0a2de82847e1	OW800	1	1	true	single_direct_observation	invoker	true	true		invoker2	openwhisk_invoker	26523	777ae914ce8179c9c520b7bcc4ac139e	1784761166712000000	19788867424109	openwhisk_invoker_jvm_mono	recovery/openwhisk/capture/invokers.filtered.log	666
asyncs-openwhisk-direct-event-v1	C5	asyncs	dynamic-html-derived-v1	110	1	0aba12fa9dcb454aba12fa9dcba54a53	OW120	1	1	true	single_direct_observation	controller	true	true		controller0	openwhisk_controller	1	b811d0861c163eae9d33238925006793	1784761183392000000	19806547958942	openwhisk_controller_jvm_mono	recovery/openwhisk/capture/controller.filtered.log	219
asyncs-openwhisk-direct-event-v1	C5	asyncs	dynamic-html-derived-v1	110	1	0aba12fa9dcb454aba12fa9dcba54a53	OW150	1	1	true	single_direct_observation	controller	true	true		controller0	openwhisk_controller	1	b811d0861c163eae9d33238925006793	1784761183392000000	19806548035315	openwhisk_controller_jvm_mono	recovery/openwhisk/capture/controller.filtered.log	220
asyncs-openwhisk-direct-event-v1	C5	asyncs	dynamic-html-derived-v1	110	1	0aba12fa9dcb454aba12fa9dcba54a53	OW260	1	1	true	single_direct_observation	scheduler	true	true		scheduler0	openwhisk_scheduler	1	b811d0861c163eae9d33238925006793	1784761183399000000	19806554637416	openwhisk_scheduler_jvm_mono	recovery/openwhisk/capture/scheduler.filtered.log	324
asyncs-openwhisk-direct-event-v1	C5	asyncs	dynamic-html-derived-v1	110	1	0aba12fa9dcb454aba12fa9dcba54a53	OW300	1	2	true	latest_ow300_not_after_ow310_tie_first_source_line	scheduler	true	true		scheduler0	openwhisk_scheduler	1	b811d0861c163eae9d33238925006793	1784761183399000000	19806554797176	openwhisk_scheduler_jvm_mono	recovery/openwhisk/capture/scheduler.filtered.log	325
asyncs-openwhisk-direct-event-v1	C5	asyncs	dynamic-html-derived-v1	110	1	0aba12fa9dcb454aba12fa9dcba54a53	OW300	2	2	false	latest_ow300_not_after_ow310_tie_first_source_line	scheduler	true	true		scheduler0	openwhisk_scheduler	1	b811d0861c163eae9d33238925006793	1784761183399000000	19806554837408	openwhisk_scheduler_jvm_mono	recovery/openwhisk/capture/scheduler.filtered.log	326
asyncs-openwhisk-direct-event-v1	C5	asyncs	dynamic-html-derived-v1	110	1	0aba12fa9dcb454aba12fa9dcba54a53	OW310	1	1	true	single_direct_observation	invoker	true	true		invoker2	openwhisk_invoker	26523	b811d0861c163eae9d33238925006793	1784761183402000000	19805557547456	openwhisk_invoker_jvm_mono	recovery/openwhisk/capture/invokers.filtered.log	945
asyncs-openwhisk-direct-event-v1	C5	asyncs	dynamic-html-derived-v1	110	1	0aba12fa9dcb454aba12fa9dcba54a53	OW800	1	1	true	single_direct_observation	invoker	true	true		invoker2	openwhisk_invoker	26523	b811d0861c163eae9d33238925006793	1784761183820000000	19805975229816	openwhisk_invoker_jvm_mono	recovery/openwhisk/capture/invokers.filtered.log	951
asyncs-openwhisk-direct-event-v1	C5	asyncs	dynamic-html-derived-v1	134	1	0bbf212876554912bf21287655e912b6	OW120	1	1	true	single_direct_observation	controller	true	true		controller0	openwhisk_controller	1	d5e08e8e93c426ed57cab20d3000e51a	1784761187653000000	19810808759482	openwhisk_controller_jvm_mono	recovery/openwhisk/capture/controller.filtered.log	267
asyncs-openwhisk-direct-event-v1	C5	asyncs	dynamic-html-derived-v1	134	1	0bbf212876554912bf21287655e912b6	OW150	1	1	true	single_direct_observation	controller	true	true		controller0	openwhisk_controller	1	d5e08e8e93c426ed57cab20d3000e51a	1784761187653000000	19810809415608	openwhisk_controller_jvm_mono	recovery/openwhisk/capture/controller.filtered.log	268
asyncs-openwhisk-direct-event-v1	C5	asyncs	dynamic-html-derived-v1	134	1	0bbf212876554912bf21287655e912b6	OW260	1	1	true	single_direct_observation	scheduler	true	true		scheduler0	openwhisk_scheduler	1	d5e08e8e93c426ed57cab20d3000e51a	1784761187658000000	19810813556501	openwhisk_scheduler_jvm_mono	recovery/openwhisk/capture/scheduler.filtered.log	396
asyncs-openwhisk-direct-event-v1	C5	asyncs	dynamic-html-derived-v1	134	1	0bbf212876554912bf21287655e912b6	OW300	1	2	true	latest_ow300_not_after_ow310_tie_first_source_line	scheduler	true	true		scheduler0	openwhisk_scheduler	1	d5e08e8e93c426ed57cab20d3000e51a	1784761187658000000	19810813709663	openwhisk_scheduler_jvm_mono	recovery/openwhisk/capture/scheduler.filtered.log	397
asyncs-openwhisk-direct-event-v1	C5	asyncs	dynamic-html-derived-v1	134	1	0bbf212876554912bf21287655e912b6	OW300	2	2	false	latest_ow300_not_after_ow310_tie_first_source_line	scheduler	true	true		scheduler0	openwhisk_scheduler	1	d5e08e8e93c426ed57cab20d3000e51a	1784761187658000000	19810813755182	openwhisk_scheduler_jvm_mono	recovery/openwhisk/capture/scheduler.filtered.log	398
asyncs-openwhisk-direct-event-v1	C5	asyncs	dynamic-html-derived-v1	134	1	0bbf212876554912bf21287655e912b6	OW310	1	1	true	single_direct_observation	invoker	true	true		invoker2	openwhisk_invoker	26523	d5e08e8e93c426ed57cab20d3000e51a	1784761187660000000	19809815842343	openwhisk_invoker_jvm_mono	recovery/openwhisk/capture/invokers.filtered.log	1015
asyncs-openwhisk-direct-event-v1	C5	asyncs	dynamic-html-derived-v1	134	1	0bbf212876554912bf21287655e912b6	OW800	1	1	true	single_direct_observation	invoker	true	true		invoker2	openwhisk_invoker	26523	d5e08e8e93c426ed57cab20d3000e51a	1784761188183000000	19810338596238	openwhisk_invoker_jvm_mono	recovery/openwhisk/capture/invokers.filtered.log	1021
asyncs-openwhisk-direct-event-v1	C5	asyncs	dynamic-html-derived-v1	148	1	0bc49b413a584dcc849b413a58bdccef	OW120	1	1	true	single_direct_observation	controller	true	true		controller0	openwhisk_controller	1	2f02705456f36bdcb1667d11a338b242	1784761190145000000	19813301340333	openwhisk_controller_jvm_mono	recovery/openwhisk/capture/controller.filtered.log	295
asyncs-openwhisk-direct-event-v1	C5	asyncs	dynamic-html-derived-v1	148	1	0bc49b413a584dcc849b413a58bdccef	OW150	1	1	true	single_direct_observation	controller	true	true		controller0	openwhisk_controller	1	2f02705456f36bdcb1667d11a338b242	1784761190145000000	19813301380652	openwhisk_controller_jvm_mono	recovery/openwhisk/capture/controller.filtered.log	296
asyncs-openwhisk-direct-event-v1	C5	asyncs	dynamic-html-derived-v1	148	1	0bc49b413a584dcc849b413a58bdccef	OW260	1	1	true	single_direct_observation	scheduler	true	true		scheduler0	openwhisk_scheduler	1	2f02705456f36bdcb1667d11a338b242	1784761190154000000	19813310355861	openwhisk_scheduler_jvm_mono	recovery/openwhisk/capture/scheduler.filtered.log	438
asyncs-openwhisk-direct-event-v1	C5	asyncs	dynamic-html-derived-v1	148	1	0bc49b413a584dcc849b413a58bdccef	OW300	1	2	true	latest_ow300_not_after_ow310_tie_first_source_line	scheduler	true	true		scheduler0	openwhisk_scheduler	1	2f02705456f36bdcb1667d11a338b242	1784761190155000000	19813310570374	openwhisk_scheduler_jvm_mono	recovery/openwhisk/capture/scheduler.filtered.log	439
asyncs-openwhisk-direct-event-v1	C5	asyncs	dynamic-html-derived-v1	148	1	0bc49b413a584dcc849b413a58bdccef	OW300	2	2	false	latest_ow300_not_after_ow310_tie_first_source_line	scheduler	true	true		scheduler0	openwhisk_scheduler	1	2f02705456f36bdcb1667d11a338b242	1784761190155000000	19813310609183	openwhisk_scheduler_jvm_mono	recovery/openwhisk/capture/scheduler.filtered.log	440
asyncs-openwhisk-direct-event-v1	C5	asyncs	dynamic-html-derived-v1	148	1	0bc49b413a584dcc849b413a58bdccef	OW310	1	1	true	single_direct_observation	invoker	true	true		invoker0	openwhisk_invoker	29163	2f02705456f36bdcb1667d11a338b242	1784761190157000000	19813369927796	openwhisk_invoker_jvm_mono	recovery/openwhisk/capture/invokers.filtered.log	332
asyncs-openwhisk-direct-event-v1	C5	asyncs	dynamic-html-derived-v1	148	1	0bc49b413a584dcc849b413a58bdccef	OW800	1	1	true	single_direct_observation	invoker	true	true		invoker0	openwhisk_invoker	29163	2f02705456f36bdcb1667d11a338b242	1784761190500000000	19813712296358	openwhisk_invoker_jvm_mono	recovery/openwhisk/capture/invokers.filtered.log	335
asyncs-openwhisk-direct-event-v1	C5	asyncs	dynamic-html-derived-v1	173	1	0e3044bcea6d4820b044bcea6d0820a1	OW120	1	1	true	single_direct_observation	controller	true	true		controller0	openwhisk_controller	1	56211ea446e3f513387ba96fa715aa52	1784761194773000000	19817928740988	openwhisk_controller_jvm_mono	recovery/openwhisk/capture/controller.filtered.log	345
asyncs-openwhisk-direct-event-v1	C5	asyncs	dynamic-html-derived-v1	173	1	0e3044bcea6d4820b044bcea6d0820a1	OW150	1	1	true	single_direct_observation	controller	true	true		controller0	openwhisk_controller	1	56211ea446e3f513387ba96fa715aa52	1784761194773000000	19817928784575	openwhisk_controller_jvm_mono	recovery/openwhisk/capture/controller.filtered.log	346
asyncs-openwhisk-direct-event-v1	C5	asyncs	dynamic-html-derived-v1	173	1	0e3044bcea6d4820b044bcea6d0820a1	OW260	1	1	true	single_direct_observation	scheduler	true	true		scheduler0	openwhisk_scheduler	1	56211ea446e3f513387ba96fa715aa52	1784761194777000000	19817933327326	openwhisk_scheduler_jvm_mono	recovery/openwhisk/capture/scheduler.filtered.log	513
asyncs-openwhisk-direct-event-v1	C5	asyncs	dynamic-html-derived-v1	173	1	0e3044bcea6d4820b044bcea6d0820a1	OW300	1	2	true	latest_ow300_not_after_ow310_tie_first_source_line	scheduler	true	true		scheduler0	openwhisk_scheduler	1	56211ea446e3f513387ba96fa715aa52	1784761194778000000	19817933467920	openwhisk_scheduler_jvm_mono	recovery/openwhisk/capture/scheduler.filtered.log	514
asyncs-openwhisk-direct-event-v1	C5	asyncs	dynamic-html-derived-v1	173	1	0e3044bcea6d4820b044bcea6d0820a1	OW300	2	2	false	latest_ow300_not_after_ow310_tie_first_source_line	scheduler	true	true		scheduler0	openwhisk_scheduler	1	56211ea446e3f513387ba96fa715aa52	1784761194778000000	19817933495338	openwhisk_scheduler_jvm_mono	recovery/openwhisk/capture/scheduler.filtered.log	515
asyncs-openwhisk-direct-event-v1	C5	asyncs	dynamic-html-derived-v1	173	1	0e3044bcea6d4820b044bcea6d0820a1	OW310	1	1	true	single_direct_observation	invoker	true	true		invoker0	openwhisk_invoker	29163	56211ea446e3f513387ba96fa715aa52	1784761194780000000	19817992715867	openwhisk_invoker_jvm_mono	recovery/openwhisk/capture/invokers.filtered.log	387
asyncs-openwhisk-direct-event-v1	C5	asyncs	dynamic-html-derived-v1	173	1	0e3044bcea6d4820b044bcea6d0820a1	OW800	1	1	true	single_direct_observation	invoker	true	true		invoker0	openwhisk_invoker	29163	56211ea446e3f513387ba96fa715aa52	1784761195158000000	19818371177498	openwhisk_invoker_jvm_mono	recovery/openwhisk/capture/invokers.filtered.log	390
asyncs-openwhisk-direct-event-v1	C5	asyncs	dynamic-html-derived-v1	32	1	0f30f7039a064772b0f7039a06877221	OW120	1	1	true	single_direct_observation	controller	true	true		controller0	openwhisk_controller	1	0a47b83dcb505599c77ceeaa8b283bf2	1784761170281000000	19793437423372	openwhisk_controller_jvm_mono	recovery/openwhisk/capture/controller.filtered.log	63
asyncs-openwhisk-direct-event-v1	C5	asyncs	dynamic-html-derived-v1	32	1	0f30f7039a064772b0f7039a06877221	OW150	1	1	true	single_direct_observation	controller	true	true		controller0	openwhisk_controller	1	0a47b83dcb505599c77ceeaa8b283bf2	1784761170282000000	19793437526487	openwhisk_controller_jvm_mono	recovery/openwhisk/capture/controller.filtered.log	64
asyncs-openwhisk-direct-event-v1	C5	asyncs	dynamic-html-derived-v1	32	1	0f30f7039a064772b0f7039a06877221	OW260	1	1	true	single_direct_observation	scheduler	true	true		scheduler0	openwhisk_scheduler	1	0a47b83dcb505599c77ceeaa8b283bf2	1784761170286000000	19793441686668	openwhisk_scheduler_jvm_mono	recovery/openwhisk/capture/scheduler.filtered.log	90
asyncs-openwhisk-direct-event-v1	C5	asyncs	dynamic-html-derived-v1	32	1	0f30f7039a064772b0f7039a06877221	OW300	1	2	true	latest_ow300_not_after_ow310_tie_first_source_line	scheduler	true	true		scheduler0	openwhisk_scheduler	1	0a47b83dcb505599c77ceeaa8b283bf2	1784761170286000000	19793441875116	openwhisk_scheduler_jvm_mono	recovery/openwhisk/capture/scheduler.filtered.log	91
asyncs-openwhisk-direct-event-v1	C5	asyncs	dynamic-html-derived-v1	32	1	0f30f7039a064772b0f7039a06877221	OW300	2	2	false	latest_ow300_not_after_ow310_tie_first_source_line	scheduler	true	true		scheduler0	openwhisk_scheduler	1	0a47b83dcb505599c77ceeaa8b283bf2	1784761170286000000	19793441908509	openwhisk_scheduler_jvm_mono	recovery/openwhisk/capture/scheduler.filtered.log	92
asyncs-openwhisk-direct-event-v1	C5	asyncs	dynamic-html-derived-v1	32	1	0f30f7039a064772b0f7039a06877221	OW310	1	1	true	single_direct_observation	invoker	true	true		invoker2	openwhisk_invoker	26523	0a47b83dcb505599c77ceeaa8b283bf2	1784761170289000000	19792444272285	openwhisk_invoker_jvm_mono	recovery/openwhisk/capture/invokers.filtered.log	720
asyncs-openwhisk-direct-event-v1	C5	asyncs	dynamic-html-derived-v1	32	1	0f30f7039a064772b0f7039a06877221	OW800	1	1	true	single_direct_observation	invoker	true	true		invoker2	openwhisk_invoker	26523	0a47b83dcb505599c77ceeaa8b283bf2	1784761170812000000	19792967088721	openwhisk_invoker_jvm_mono	recovery/openwhisk/capture/invokers.filtered.log	728
asyncs-openwhisk-direct-event-v1	C5	asyncs	dynamic-html-derived-v1	249	1	0f8655aa851048558655aa8510d855b8	OW120	1	1	true	single_direct_observation	controller	true	true		controller0	openwhisk_controller	1	aa649325ace67c92e152e091371edc54	1784761208020000000	19831176325092	openwhisk_controller_jvm_mono	recovery/openwhisk/capture/controller.filtered.log	497
asyncs-openwhisk-direct-event-v1	C5	asyncs	dynamic-html-derived-v1	249	1	0f8655aa851048558655aa8510d855b8	OW150	1	1	true	single_direct_observation	controller	true	true		controller0	openwhisk_controller	1	aa649325ace67c92e152e091371edc54	1784761208020000000	19831176359870	openwhisk_controller_jvm_mono	recovery/openwhisk/capture/controller.filtered.log	498
asyncs-openwhisk-direct-event-v1	C5	asyncs	dynamic-html-derived-v1	249	1	0f8655aa851048558655aa8510d855b8	OW260	1	1	true	single_direct_observation	scheduler	true	true		scheduler0	openwhisk_scheduler	1	aa649325ace67c92e152e091371edc54	1784761208025000000	19831181103644	openwhisk_scheduler_jvm_mono	recovery/openwhisk/capture/scheduler.filtered.log	741
asyncs-openwhisk-direct-event-v1	C5	asyncs	dynamic-html-derived-v1	249	1	0f8655aa851048558655aa8510d855b8	OW300	1	2	true	latest_ow300_not_after_ow310_tie_first_source_line	scheduler	true	true		scheduler0	openwhisk_scheduler	1	aa649325ace67c92e152e091371edc54	1784761208025000000	19831181286964	openwhisk_scheduler_jvm_mono	recovery/openwhisk/capture/scheduler.filtered.log	742
asyncs-openwhisk-direct-event-v1	C5	asyncs	dynamic-html-derived-v1	249	1	0f8655aa851048558655aa8510d855b8	OW300	2	2	false	latest_ow300_not_after_ow310_tie_first_source_line	scheduler	true	true		scheduler0	openwhisk_scheduler	1	aa649325ace67c92e152e091371edc54	1784761208025000000	19831181328572	openwhisk_scheduler_jvm_mono	recovery/openwhisk/capture/scheduler.filtered.log	743
asyncs-openwhisk-direct-event-v1	C5	asyncs	dynamic-html-derived-v1	249	1	0f8655aa851048558655aa8510d855b8	OW310	1	1	true	single_direct_observation	invoker	true	true		invoker2	openwhisk_invoker	26523	aa649325ace67c92e152e091371edc54	1784761208028000000	19830183023560	openwhisk_invoker_jvm_mono	recovery/openwhisk/capture/invokers.filtered.log	1350
asyncs-openwhisk-direct-event-v1	C5	asyncs	dynamic-html-derived-v1	249	1	0f8655aa851048558655aa8510d855b8	OW800	1	1	true	single_direct_observation	invoker	true	true		invoker2	openwhisk_invoker	26523	aa649325ace67c92e152e091371edc54	1784761208536000000	19830691019210	openwhisk_invoker_jvm_mono	recovery/openwhisk/capture/invokers.filtered.log	1358
asyncs-openwhisk-direct-event-v1	C5	asyncs	dynamic-html-derived-v1	199	1	107257299c06432cb257299c06832c99	OW120	1	1	true	single_direct_observation	controller	true	true		controller0	openwhisk_controller	1	45a927954a617503af829ef123dedf25	1784761199433000000	19822588586655	openwhisk_controller_jvm_mono	recovery/openwhisk/capture/controller.filtered.log	397
asyncs-openwhisk-direct-event-v1	C5	asyncs	dynamic-html-derived-v1	199	1	107257299c06432cb257299c06832c99	OW150	1	1	true	single_direct_observation	controller	true	true		controller0	openwhisk_controller	1	45a927954a617503af829ef123dedf25	1784761199433000000	19822589105726	openwhisk_controller_jvm_mono	recovery/openwhisk/capture/controller.filtered.log	398
asyncs-openwhisk-direct-event-v1	C5	asyncs	dynamic-html-derived-v1	199	1	107257299c06432cb257299c06832c99	OW260	1	1	true	single_direct_observation	scheduler	true	true		scheduler0	openwhisk_scheduler	1	45a927954a617503af829ef123dedf25	1784761199437000000	19822593242742	openwhisk_scheduler_jvm_mono	recovery/openwhisk/capture/scheduler.filtered.log	591
asyncs-openwhisk-direct-event-v1	C5	asyncs	dynamic-html-derived-v1	199	1	107257299c06432cb257299c06832c99	OW300	1	2	true	latest_ow300_not_after_ow310_tie_first_source_line	scheduler	true	true		scheduler0	openwhisk_scheduler	1	45a927954a617503af829ef123dedf25	1784761199437000000	19822593386088	openwhisk_scheduler_jvm_mono	recovery/openwhisk/capture/scheduler.filtered.log	592
asyncs-openwhisk-direct-event-v1	C5	asyncs	dynamic-html-derived-v1	199	1	107257299c06432cb257299c06832c99	OW300	2	2	false	latest_ow300_not_after_ow310_tie_first_source_line	scheduler	true	true		scheduler0	openwhisk_scheduler	1	45a927954a617503af829ef123dedf25	1784761199437000000	19822593413573	openwhisk_scheduler_jvm_mono	recovery/openwhisk/capture/scheduler.filtered.log	593
asyncs-openwhisk-direct-event-v1	C5	asyncs	dynamic-html-derived-v1	199	1	107257299c06432cb257299c06832c99	OW310	1	1	true	single_direct_observation	invoker	true	true		invoker2	openwhisk_invoker	26523	45a927954a617503af829ef123dedf25	1784761199444000000	19821599449285	openwhisk_invoker_jvm_mono	recovery/openwhisk/capture/invokers.filtered.log	1205
asyncs-openwhisk-direct-event-v1	C5	asyncs	dynamic-html-derived-v1	199	1	107257299c06432cb257299c06832c99	OW800	1	1	true	single_direct_observation	invoker	true	true		invoker2	openwhisk_invoker	26523	45a927954a617503af829ef123dedf25	1784761199964000000	19822119002718	openwhisk_invoker_jvm_mono	recovery/openwhisk/capture/invokers.filtered.log	1211
asyncs-openwhisk-direct-event-v1	C5	asyncs	dynamic-html-derived-v1	288	1	114137d19f86426a8137d19f86a26a1b	OW120	1	1	true	single_direct_observation	controller	true	true		controller0	openwhisk_controller	1	9a94a121ab9e683b45339b088fd07b4f	1784761214771000000	19837927366404	openwhisk_controller_jvm_mono	recovery/openwhisk/capture/controller.filtered.log	575
asyncs-openwhisk-direct-event-v1	C5	asyncs	dynamic-html-derived-v1	288	1	114137d19f86426a8137d19f86a26a1b	OW150	1	1	true	single_direct_observation	controller	true	true		controller0	openwhisk_controller	1	9a94a121ab9e683b45339b088fd07b4f	1784761214771000000	19837927391169	openwhisk_controller_jvm_mono	recovery/openwhisk/capture/controller.filtered.log	576
asyncs-openwhisk-direct-event-v1	C5	asyncs	dynamic-html-derived-v1	288	1	114137d19f86426a8137d19f86a26a1b	OW260	1	1	true	single_direct_observation	scheduler	true	true		scheduler0	openwhisk_scheduler	1	9a94a121ab9e683b45339b088fd07b4f	1784761214775000000	19837930912626	openwhisk_scheduler_jvm_mono	recovery/openwhisk/capture/scheduler.filtered.log	858
asyncs-openwhisk-direct-event-v1	C5	asyncs	dynamic-html-derived-v1	288	1	114137d19f86426a8137d19f86a26a1b	OW300	1	2	true	latest_ow300_not_after_ow310_tie_first_source_line	scheduler	true	true		scheduler0	openwhisk_scheduler	1	9a94a121ab9e683b45339b088fd07b4f	1784761214775000000	19837931100133	openwhisk_scheduler_jvm_mono	recovery/openwhisk/capture/scheduler.filtered.log	859
asyncs-openwhisk-direct-event-v1	C5	asyncs	dynamic-html-derived-v1	288	1	114137d19f86426a8137d19f86a26a1b	OW300	2	2	false	latest_ow300_not_after_ow310_tie_first_source_line	scheduler	true	true		scheduler0	openwhisk_scheduler	1	9a94a121ab9e683b45339b088fd07b4f	1784761214775000000	19837931140652	openwhisk_scheduler_jvm_mono	recovery/openwhisk/capture/scheduler.filtered.log	860
asyncs-openwhisk-direct-event-v1	C5	asyncs	dynamic-html-derived-v1	288	1	114137d19f86426a8137d19f86a26a1b	OW310	1	1	true	single_direct_observation	invoker	true	true		invoker2	openwhisk_invoker	26523	9a94a121ab9e683b45339b088fd07b4f	1784761214778000000	19836933054222	openwhisk_invoker_jvm_mono	recovery/openwhisk/capture/invokers.filtered.log	1465
asyncs-openwhisk-direct-event-v1	C5	asyncs	dynamic-html-derived-v1	288	1	114137d19f86426a8137d19f86a26a1b	OW800	1	1	true	single_direct_observation	invoker	true	true		invoker2	openwhisk_invoker	26523	9a94a121ab9e683b45339b088fd07b4f	1784761215231000000	19837386301913	openwhisk_invoker_jvm_mono	recovery/openwhisk/capture/invokers.filtered.log	1471
asyncs-openwhisk-direct-event-v1	C5	asyncs	dynamic-html-derived-v1	7	1	120a20fa13cb449a8a20fa13cbc49a34	OW120	1	1	true	single_direct_observation	controller	true	true		controller0	openwhisk_controller	1	c4b1494b720e02dcc1e24cfc5ff46f43	1784761164411000000	19787566632901	openwhisk_controller_jvm_mono	recovery/openwhisk/capture/controller.filtered.log	13
asyncs-openwhisk-direct-event-v1	C5	asyncs	dynamic-html-derived-v1	7	1	120a20fa13cb449a8a20fa13cbc49a34	OW150	1	1	true	single_direct_observation	controller	true	true		controller0	openwhisk_controller	1	c4b1494b720e02dcc1e24cfc5ff46f43	1784761164411000000	19787566679284	openwhisk_controller_jvm_mono	recovery/openwhisk/capture/controller.filtered.log	14
asyncs-openwhisk-direct-event-v1	C5	asyncs	dynamic-html-derived-v1	7	1	120a20fa13cb449a8a20fa13cbc49a34	OW260	1	1	true	single_direct_observation	scheduler	true	true		scheduler0	openwhisk_scheduler	1	c4b1494b720e02dcc1e24cfc5ff46f43	1784761164415000000	19787570901948	openwhisk_scheduler_jvm_mono	recovery/openwhisk/capture/scheduler.filtered.log	15
asyncs-openwhisk-direct-event-v1	C5	asyncs	dynamic-html-derived-v1	7	1	120a20fa13cb449a8a20fa13cbc49a34	OW300	1	2	true	latest_ow300_not_after_ow310_tie_first_source_line	scheduler	true	true		scheduler0	openwhisk_scheduler	1	c4b1494b720e02dcc1e24cfc5ff46f43	1784761164415000000	19787571083555	openwhisk_scheduler_jvm_mono	recovery/openwhisk/capture/scheduler.filtered.log	16
asyncs-openwhisk-direct-event-v1	C5	asyncs	dynamic-html-derived-v1	7	1	120a20fa13cb449a8a20fa13cbc49a34	OW300	2	2	false	latest_ow300_not_after_ow310_tie_first_source_line	scheduler	true	true		scheduler0	openwhisk_scheduler	1	c4b1494b720e02dcc1e24cfc5ff46f43	1784761164415000000	19787571159692	openwhisk_scheduler_jvm_mono	recovery/openwhisk/capture/scheduler.filtered.log	17
asyncs-openwhisk-direct-event-v1	C5	asyncs	dynamic-html-derived-v1	7	1	120a20fa13cb449a8a20fa13cbc49a34	OW310	1	1	true	single_direct_observation	invoker	true	true		invoker0	openwhisk_invoker	29163	c4b1494b720e02dcc1e24cfc5ff46f43	1784761164418000000	19787630956085	openwhisk_invoker_jvm_mono	recovery/openwhisk/capture/invokers.filtered.log	22
asyncs-openwhisk-direct-event-v1	C5	asyncs	dynamic-html-derived-v1	7	1	120a20fa13cb449a8a20fa13cbc49a34	OW800	1	1	true	single_direct_observation	invoker	true	true		invoker0	openwhisk_invoker	29163	c4b1494b720e02dcc1e24cfc5ff46f43	1784761164773000000	19787985317271	openwhisk_invoker_jvm_mono	recovery/openwhisk/capture/invokers.filtered.log	25
asyncs-openwhisk-direct-event-v1	C5	asyncs	dynamic-html-derived-v1	161	1	133cc24feb8142a6bcc24feb8172a61c	OW120	1	1	true	single_direct_observation	controller	true	true		controller0	openwhisk_controller	1	bdfa6c96d4982b3086c14c551501b86a	1784761192780000000	19815936449567	openwhisk_controller_jvm_mono	recovery/openwhisk/capture/controller.filtered.log	321
asyncs-openwhisk-direct-event-v1	C5	asyncs	dynamic-html-derived-v1	161	1	133cc24feb8142a6bcc24feb8172a61c	OW150	1	1	true	single_direct_observation	controller	true	true		controller0	openwhisk_controller	1	bdfa6c96d4982b3086c14c551501b86a	1784761192781000000	19815936515755	openwhisk_controller_jvm_mono	recovery/openwhisk/capture/controller.filtered.log	322
asyncs-openwhisk-direct-event-v1	C5	asyncs	dynamic-html-derived-v1	161	1	133cc24feb8142a6bcc24feb8172a61c	OW260	1	1	true	single_direct_observation	scheduler	true	true		scheduler0	openwhisk_scheduler	1	bdfa6c96d4982b3086c14c551501b86a	1784761192787000000	19815942458762	openwhisk_scheduler_jvm_mono	recovery/openwhisk/capture/scheduler.filtered.log	477
asyncs-openwhisk-direct-event-v1	C5	asyncs	dynamic-html-derived-v1	161	1	133cc24feb8142a6bcc24feb8172a61c	OW300	1	2	true	latest_ow300_not_after_ow310_tie_first_source_line	scheduler	true	true		scheduler0	openwhisk_scheduler	1	bdfa6c96d4982b3086c14c551501b86a	1784761192787000000	19815942609983	openwhisk_scheduler_jvm_mono	recovery/openwhisk/capture/scheduler.filtered.log	478
asyncs-openwhisk-direct-event-v1	C5	asyncs	dynamic-html-derived-v1	161	1	133cc24feb8142a6bcc24feb8172a61c	OW300	2	2	false	latest_ow300_not_after_ow310_tie_first_source_line	scheduler	true	true		scheduler0	openwhisk_scheduler	1	bdfa6c96d4982b3086c14c551501b86a	1784761192787000000	19815942655610	openwhisk_scheduler_jvm_mono	recovery/openwhisk/capture/scheduler.filtered.log	479
asyncs-openwhisk-direct-event-v1	C5	asyncs	dynamic-html-derived-v1	161	1	133cc24feb8142a6bcc24feb8172a61c	OW310	1	1	true	single_direct_observation	invoker	true	true		invoker0	openwhisk_invoker	29163	bdfa6c96d4982b3086c14c551501b86a	1784761192789000000	19816001865480	openwhisk_invoker_jvm_mono	recovery/openwhisk/capture/invokers.filtered.log	362
asyncs-openwhisk-direct-event-v1	C5	asyncs	dynamic-html-derived-v1	161	1	133cc24feb8142a6bcc24feb8172a61c	OW800	1	1	true	single_direct_observation	invoker	true	true		invoker0	openwhisk_invoker	29163	bdfa6c96d4982b3086c14c551501b86a	1784761193143000000	19816355933139	openwhisk_invoker_jvm_mono	recovery/openwhisk/capture/invokers.filtered.log	365
asyncs-openwhisk-direct-event-v1	C5	asyncs	dynamic-html-derived-v1	144	1	135a7d800e0d43829a7d800e0d038228	OW120	1	1	true	single_direct_observation	controller	true	true		controller0	openwhisk_controller	1	7f95d2cc215092068fb349f45bce6916	1784761189419000000	19812574625844	openwhisk_controller_jvm_mono	recovery/openwhisk/capture/controller.filtered.log	287
asyncs-openwhisk-direct-event-v1	C5	asyncs	dynamic-html-derived-v1	144	1	135a7d800e0d43829a7d800e0d038228	OW150	1	1	true	single_direct_observation	controller	true	true		controller0	openwhisk_controller	1	7f95d2cc215092068fb349f45bce6916	1784761189419000000	19812574681992	openwhisk_controller_jvm_mono	recovery/openwhisk/capture/controller.filtered.log	288
asyncs-openwhisk-direct-event-v1	C5	asyncs	dynamic-html-derived-v1	144	1	135a7d800e0d43829a7d800e0d038228	OW260	1	1	true	single_direct_observation	scheduler	true	true		scheduler0	openwhisk_scheduler	1	7f95d2cc215092068fb349f45bce6916	1784761189425000000	19812581309904	openwhisk_scheduler_jvm_mono	recovery/openwhisk/capture/scheduler.filtered.log	426
asyncs-openwhisk-direct-event-v1	C5	asyncs	dynamic-html-derived-v1	144	1	135a7d800e0d43829a7d800e0d038228	OW300	1	2	false	latest_ow300_not_after_ow310_tie_first_source_line	scheduler	true	true		scheduler0	openwhisk_scheduler	1	7f95d2cc215092068fb349f45bce6916	1784761189425000000	19812581432696	openwhisk_scheduler_jvm_mono	recovery/openwhisk/capture/scheduler.filtered.log	427
asyncs-openwhisk-direct-event-v1	C5	asyncs	dynamic-html-derived-v1	144	1	135a7d800e0d43829a7d800e0d038228	OW300	2	2	true	latest_ow300_not_after_ow310_tie_first_source_line	scheduler	true	true		scheduler0	openwhisk_scheduler	1	7f95d2cc215092068fb349f45bce6916	1784761189426000000	19812581486960	openwhisk_scheduler_jvm_mono	recovery/openwhisk/capture/scheduler.filtered.log	428
asyncs-openwhisk-direct-event-v1	C5	asyncs	dynamic-html-derived-v1	144	1	135a7d800e0d43829a7d800e0d038228	OW310	1	1	true	single_direct_observation	invoker	true	true		invoker2	openwhisk_invoker	26523	7f95d2cc215092068fb349f45bce6916	1784761189428000000	19811583495738	openwhisk_invoker_jvm_mono	recovery/openwhisk/capture/invokers.filtered.log	1045
asyncs-openwhisk-direct-event-v1	C5	asyncs	dynamic-html-derived-v1	144	1	135a7d800e0d43829a7d800e0d038228	OW800	1	1	true	single_direct_observation	invoker	true	true		invoker2	openwhisk_invoker	26523	7f95d2cc215092068fb349f45bce6916	1784761189952000000	19812107838749	openwhisk_invoker_jvm_mono	recovery/openwhisk/capture/invokers.filtered.log	1051
asyncs-openwhisk-direct-event-v1	C5	asyncs	dynamic-html-derived-v1	72	1	13fac885b01b4a3bbac885b01bfa3bae	OW120	1	1	true	single_direct_observation	controller	true	true		controller0	openwhisk_controller	1	3e911729e5b3289017e9584193ca9481	1784761176876000000	19800031997998	openwhisk_controller_jvm_mono	recovery/openwhisk/capture/controller.filtered.log	143
asyncs-openwhisk-direct-event-v1	C5	asyncs	dynamic-html-derived-v1	72	1	13fac885b01b4a3bbac885b01bfa3bae	OW150	1	1	true	single_direct_observation	controller	true	true		controller0	openwhisk_controller	1	3e911729e5b3289017e9584193ca9481	1784761176876000000	19800032051012	openwhisk_controller_jvm_mono	recovery/openwhisk/capture/controller.filtered.log	144
asyncs-openwhisk-direct-event-v1	C5	asyncs	dynamic-html-derived-v1	72	1	13fac885b01b4a3bbac885b01bfa3bae	OW260	1	1	true	single_direct_observation	scheduler	true	true		scheduler0	openwhisk_scheduler	1	3e911729e5b3289017e9584193ca9481	1784761176879000000	19800034918836	openwhisk_scheduler_jvm_mono	recovery/openwhisk/capture/scheduler.filtered.log	210
asyncs-openwhisk-direct-event-v1	C5	asyncs	dynamic-html-derived-v1	72	1	13fac885b01b4a3bbac885b01bfa3bae	OW300	1	2	true	latest_ow300_not_after_ow310_tie_first_source_line	scheduler	true	true		scheduler0	openwhisk_scheduler	1	3e911729e5b3289017e9584193ca9481	1784761176879000000	19800035106823	openwhisk_scheduler_jvm_mono	recovery/openwhisk/capture/scheduler.filtered.log	211
asyncs-openwhisk-direct-event-v1	C5	asyncs	dynamic-html-derived-v1	72	1	13fac885b01b4a3bbac885b01bfa3bae	OW300	2	2	false	latest_ow300_not_after_ow310_tie_first_source_line	scheduler	true	true		scheduler0	openwhisk_scheduler	1	3e911729e5b3289017e9584193ca9481	1784761176879000000	19800035167789	openwhisk_scheduler_jvm_mono	recovery/openwhisk/capture/scheduler.filtered.log	212
asyncs-openwhisk-direct-event-v1	C5	asyncs	dynamic-html-derived-v1	72	1	13fac885b01b4a3bbac885b01bfa3bae	OW310	1	1	true	single_direct_observation	invoker	true	true		invoker2	openwhisk_invoker	26523	3e911729e5b3289017e9584193ca9481	1784761176884000000	19799039009592	openwhisk_invoker_jvm_mono	recovery/openwhisk/capture/invokers.filtered.log	835
asyncs-openwhisk-direct-event-v1	C5	asyncs	dynamic-html-derived-v1	72	1	13fac885b01b4a3bbac885b01bfa3bae	OW800	1	1	true	single_direct_observation	invoker	true	true		invoker2	openwhisk_invoker	26523	3e911729e5b3289017e9584193ca9481	1784761177433000000	19799588812469	openwhisk_invoker_jvm_mono	recovery/openwhisk/capture/invokers.filtered.log	843
asyncs-openwhisk-direct-event-v1	C5	asyncs	dynamic-html-derived-v1	14	1	16561b28edef4a11961b28edefaa1101	OW120	1	1	true	single_direct_observation	controller	true	true		controller0	openwhisk_controller	1	4defe80f92ea24887fd79e7064d14426	1784761166875000000	19790030473134	openwhisk_controller_jvm_mono	recovery/openwhisk/capture/controller.filtered.log	27
asyncs-openwhisk-direct-event-v1	C5	asyncs	dynamic-html-derived-v1	14	1	16561b28edef4a11961b28edefaa1101	OW150	1	1	true	single_direct_observation	controller	true	true		controller0	openwhisk_controller	1	4defe80f92ea24887fd79e7064d14426	1784761166875000000	19790030554009	openwhisk_controller_jvm_mono	recovery/openwhisk/capture/controller.filtered.log	28
asyncs-openwhisk-direct-event-v1	C5	asyncs	dynamic-html-derived-v1	14	1	16561b28edef4a11961b28edefaa1101	OW260	1	1	true	single_direct_observation	scheduler	true	true		scheduler0	openwhisk_scheduler	1	4defe80f92ea24887fd79e7064d14426	1784761166879000000	19790034888479	openwhisk_scheduler_jvm_mono	recovery/openwhisk/capture/scheduler.filtered.log	36
asyncs-openwhisk-direct-event-v1	C5	asyncs	dynamic-html-derived-v1	14	1	16561b28edef4a11961b28edefaa1101	OW300	1	2	true	latest_ow300_not_after_ow310_tie_first_source_line	scheduler	true	true		scheduler0	openwhisk_scheduler	1	4defe80f92ea24887fd79e7064d14426	1784761166879000000	19790035059498	openwhisk_scheduler_jvm_mono	recovery/openwhisk/capture/scheduler.filtered.log	37
asyncs-openwhisk-direct-event-v1	C5	asyncs	dynamic-html-derived-v1	14	1	16561b28edef4a11961b28edefaa1101	OW300	2	2	false	latest_ow300_not_after_ow310_tie_first_source_line	scheduler	true	true		scheduler0	openwhisk_scheduler	1	4defe80f92ea24887fd79e7064d14426	1784761166879000000	19790035120997	openwhisk_scheduler_jvm_mono	recovery/openwhisk/capture/scheduler.filtered.log	38
asyncs-openwhisk-direct-event-v1	C5	asyncs	dynamic-html-derived-v1	14	1	16561b28edef4a11961b28edefaa1101	OW310	1	1	true	single_direct_observation	invoker	true	true		invoker2	openwhisk_invoker	26523	4defe80f92ea24887fd79e7064d14426	1784761166885000000	19789040480096	openwhisk_invoker_jvm_mono	recovery/openwhisk/capture/invokers.filtered.log	670
asyncs-openwhisk-direct-event-v1	C5	asyncs	dynamic-html-derived-v1	14	1	16561b28edef4a11961b28edefaa1101	OW800	1	1	true	single_direct_observation	invoker	true	true		invoker2	openwhisk_invoker	26523	4defe80f92ea24887fd79e7064d14426	1784761167384000000	19789539522940	openwhisk_invoker_jvm_mono	recovery/openwhisk/capture/invokers.filtered.log	676
asyncs-openwhisk-direct-event-v1	C5	asyncs	dynamic-html-derived-v1	8	1	196c439979e448a3ac439979e4e8a3dc	OW120	1	1	true	single_direct_observation	controller	true	true		controller0	openwhisk_controller	1	15b2cc77fc0fca0229edd9ff63e0c640	1784761165033000000	19788189089382	openwhisk_controller_jvm_mono	recovery/openwhisk/capture/controller.filtered.log	15
asyncs-openwhisk-direct-event-v1	C5	asyncs	dynamic-html-derived-v1	8	1	196c439979e448a3ac439979e4e8a3dc	OW150	1	1	true	single_direct_observation	controller	true	true		controller0	openwhisk_controller	1	15b2cc77fc0fca0229edd9ff63e0c640	1784761165033000000	19788189166920	openwhisk_controller_jvm_mono	recovery/openwhisk/capture/controller.filtered.log	16
asyncs-openwhisk-direct-event-v1	C5	asyncs	dynamic-html-derived-v1	8	1	196c439979e448a3ac439979e4e8a3dc	OW260	1	1	true	single_direct_observation	scheduler	true	true		scheduler0	openwhisk_scheduler	1	15b2cc77fc0fca0229edd9ff63e0c640	1784761165038000000	19788193941328	openwhisk_scheduler_jvm_mono	recovery/openwhisk/capture/scheduler.filtered.log	18
asyncs-openwhisk-direct-event-v1	C5	asyncs	dynamic-html-derived-v1	8	1	196c439979e448a3ac439979e4e8a3dc	OW300	1	2	true	latest_ow300_not_after_ow310_tie_first_source_line	scheduler	true	true		scheduler0	openwhisk_scheduler	1	15b2cc77fc0fca0229edd9ff63e0c640	1784761165038000000	19788194362943	openwhisk_scheduler_jvm_mono	recovery/openwhisk/capture/scheduler.filtered.log	19
asyncs-openwhisk-direct-event-v1	C5	asyncs	dynamic-html-derived-v1	8	1	196c439979e448a3ac439979e4e8a3dc	OW300	2	2	false	latest_ow300_not_after_ow310_tie_first_source_line	scheduler	true	true		scheduler0	openwhisk_scheduler	1	15b2cc77fc0fca0229edd9ff63e0c640	1784761165038000000	19788194442463	openwhisk_scheduler_jvm_mono	recovery/openwhisk/capture/scheduler.filtered.log	20
asyncs-openwhisk-direct-event-v1	C5	asyncs	dynamic-html-derived-v1	8	1	196c439979e448a3ac439979e4e8a3dc	OW310	1	1	true	single_direct_observation	invoker	true	true		invoker0	openwhisk_invoker	29163	15b2cc77fc0fca0229edd9ff63e0c640	1784761165043000000	19788255901773	openwhisk_invoker_jvm_mono	recovery/openwhisk/capture/invokers.filtered.log	27
asyncs-openwhisk-direct-event-v1	C5	asyncs	dynamic-html-derived-v1	8	1	196c439979e448a3ac439979e4e8a3dc	OW800	1	1	true	single_direct_observation	invoker	true	true		invoker0	openwhisk_invoker	29163	15b2cc77fc0fca0229edd9ff63e0c640	1784761165388000000	19788600514446	openwhisk_invoker_jvm_mono	recovery/openwhisk/capture/invokers.filtered.log	30
asyncs-openwhisk-direct-event-v1	C5	asyncs	dynamic-html-derived-v1	87	1	1a71f5e3510442cfb1f5e3510462cfb0	OW120	1	1	true	single_direct_observation	controller	true	true		controller0	openwhisk_controller	1	9e9f819da23704f5e42b464a6154de2c	1784761179486000000	19802641615752	openwhisk_controller_jvm_mono	recovery/openwhisk/capture/controller.filtered.log	173
asyncs-openwhisk-direct-event-v1	C5	asyncs	dynamic-html-derived-v1	87	1	1a71f5e3510442cfb1f5e3510462cfb0	OW150	1	1	true	single_direct_observation	controller	true	true		controller0	openwhisk_controller	1	9e9f819da23704f5e42b464a6154de2c	1784761179486000000	19802641659565	openwhisk_controller_jvm_mono	recovery/openwhisk/capture/controller.filtered.log	174
asyncs-openwhisk-direct-event-v1	C5	asyncs	dynamic-html-derived-v1	87	1	1a71f5e3510442cfb1f5e3510462cfb0	OW260	1	1	true	single_direct_observation	scheduler	true	true		scheduler0	openwhisk_scheduler	1	9e9f819da23704f5e42b464a6154de2c	1784761179492000000	19802647461348	openwhisk_scheduler_jvm_mono	recovery/openwhisk/capture/scheduler.filtered.log	255
asyncs-openwhisk-direct-event-v1	C5	asyncs	dynamic-html-derived-v1	87	1	1a71f5e3510442cfb1f5e3510462cfb0	OW300	1	2	true	latest_ow300_not_after_ow310_tie_first_source_line	scheduler	true	true		scheduler0	openwhisk_scheduler	1	9e9f819da23704f5e42b464a6154de2c	1784761179492000000	19802647614934	openwhisk_scheduler_jvm_mono	recovery/openwhisk/capture/scheduler.filtered.log	256
asyncs-openwhisk-direct-event-v1	C5	asyncs	dynamic-html-derived-v1	87	1	1a71f5e3510442cfb1f5e3510462cfb0	OW300	2	2	false	latest_ow300_not_after_ow310_tie_first_source_line	scheduler	true	true		scheduler0	openwhisk_scheduler	1	9e9f819da23704f5e42b464a6154de2c	1784761179492000000	19802647666432	openwhisk_scheduler_jvm_mono	recovery/openwhisk/capture/scheduler.filtered.log	257
asyncs-openwhisk-direct-event-v1	C5	asyncs	dynamic-html-derived-v1	87	1	1a71f5e3510442cfb1f5e3510462cfb0	OW310	1	1	true	single_direct_observation	invoker	true	true		invoker2	openwhisk_invoker	26523	9e9f819da23704f5e42b464a6154de2c	1784761179494000000	19801649330037	openwhisk_invoker_jvm_mono	recovery/openwhisk/capture/invokers.filtered.log	880
asyncs-openwhisk-direct-event-v1	C5	asyncs	dynamic-html-derived-v1	87	1	1a71f5e3510442cfb1f5e3510462cfb0	OW800	1	1	true	single_direct_observation	invoker	true	true		invoker2	openwhisk_invoker	26523	9e9f819da23704f5e42b464a6154de2c	1784761180010000000	19802165535212	openwhisk_invoker_jvm_mono	recovery/openwhisk/capture/invokers.filtered.log	888
asyncs-openwhisk-direct-event-v1	C5	asyncs	dynamic-html-derived-v1	93	1	1aa49a31340c47a9a49a31340c27a9be	OW120	1	1	true	single_direct_observation	controller	true	true		controller0	openwhisk_controller	1	f88a2369a9781e7d9ab9a766e8bdd676	1784761180407000000	19803562603823	openwhisk_controller_jvm_mono	recovery/openwhisk/capture/controller.filtered.log	185
asyncs-openwhisk-direct-event-v1	C5	asyncs	dynamic-html-derived-v1	93	1	1aa49a31340c47a9a49a31340c27a9be	OW150	1	1	true	single_direct_observation	controller	true	true		controller0	openwhisk_controller	1	f88a2369a9781e7d9ab9a766e8bdd676	1784761180407000000	19803562641836	openwhisk_controller_jvm_mono	recovery/openwhisk/capture/controller.filtered.log	186
asyncs-openwhisk-direct-event-v1	C5	asyncs	dynamic-html-derived-v1	93	1	1aa49a31340c47a9a49a31340c27a9be	OW260	1	1	true	single_direct_observation	scheduler	true	true		scheduler0	openwhisk_scheduler	1	f88a2369a9781e7d9ab9a766e8bdd676	1784761180410000000	19803565485901	openwhisk_scheduler_jvm_mono	recovery/openwhisk/capture/scheduler.filtered.log	273
asyncs-openwhisk-direct-event-v1	C5	asyncs	dynamic-html-derived-v1	93	1	1aa49a31340c47a9a49a31340c27a9be	OW300	1	2	true	latest_ow300_not_after_ow310_tie_first_source_line	scheduler	true	true		scheduler0	openwhisk_scheduler	1	f88a2369a9781e7d9ab9a766e8bdd676	1784761180410000000	19803565594250	openwhisk_scheduler_jvm_mono	recovery/openwhisk/capture/scheduler.filtered.log	274
asyncs-openwhisk-direct-event-v1	C5	asyncs	dynamic-html-derived-v1	93	1	1aa49a31340c47a9a49a31340c27a9be	OW300	2	2	false	latest_ow300_not_after_ow310_tie_first_source_line	scheduler	true	true		scheduler0	openwhisk_scheduler	1	f88a2369a9781e7d9ab9a766e8bdd676	1784761180410000000	19803565621134	openwhisk_scheduler_jvm_mono	recovery/openwhisk/capture/scheduler.filtered.log	275
asyncs-openwhisk-direct-event-v1	C5	asyncs	dynamic-html-derived-v1	93	1	1aa49a31340c47a9a49a31340c27a9be	OW310	1	1	true	single_direct_observation	invoker	true	true		invoker2	openwhisk_invoker	26523	f88a2369a9781e7d9ab9a766e8bdd676	1784761180412000000	19802567465591	openwhisk_invoker_jvm_mono	recovery/openwhisk/capture/invokers.filtered.log	895
asyncs-openwhisk-direct-event-v1	C5	asyncs	dynamic-html-derived-v1	93	1	1aa49a31340c47a9a49a31340c27a9be	OW800	1	1	true	single_direct_observation	invoker	true	true		invoker2	openwhisk_invoker	26523	f88a2369a9781e7d9ab9a766e8bdd676	1784761180922000000	19803077008181	openwhisk_invoker_jvm_mono	recovery/openwhisk/capture/invokers.filtered.log	903
asyncs-openwhisk-direct-event-v1	C5	asyncs	dynamic-html-derived-v1	17	1	1ce414a99a6d441da414a99a6d841db3	OW120	1	1	true	single_direct_observation	controller	true	true		controller0	openwhisk_controller	1	f94638aa1d439490dc9ceef1c21aabee	1784761167629000000	19790784656762	openwhisk_controller_jvm_mono	recovery/openwhisk/capture/controller.filtered.log	33
asyncs-openwhisk-direct-event-v1	C5	asyncs	dynamic-html-derived-v1	17	1	1ce414a99a6d441da414a99a6d841db3	OW150	1	1	true	single_direct_observation	controller	true	true		controller0	openwhisk_controller	1	f94638aa1d439490dc9ceef1c21aabee	1784761167629000000	19790784707511	openwhisk_controller_jvm_mono	recovery/openwhisk/capture/controller.filtered.log	34
asyncs-openwhisk-direct-event-v1	C5	asyncs	dynamic-html-derived-v1	17	1	1ce414a99a6d441da414a99a6d841db3	OW260	1	1	true	single_direct_observation	scheduler	true	true		scheduler0	openwhisk_scheduler	1	f94638aa1d439490dc9ceef1c21aabee	1784761167633000000	19790788882584	openwhisk_scheduler_jvm_mono	recovery/openwhisk/capture/scheduler.filtered.log	45
asyncs-openwhisk-direct-event-v1	C5	asyncs	dynamic-html-derived-v1	17	1	1ce414a99a6d441da414a99a6d841db3	OW300	1	2	true	latest_ow300_not_after_ow310_tie_first_source_line	scheduler	true	true		scheduler0	openwhisk_scheduler	1	f94638aa1d439490dc9ceef1c21aabee	1784761167633000000	19790789112727	openwhisk_scheduler_jvm_mono	recovery/openwhisk/capture/scheduler.filtered.log	46
asyncs-openwhisk-direct-event-v1	C5	asyncs	dynamic-html-derived-v1	17	1	1ce414a99a6d441da414a99a6d841db3	OW300	2	2	false	latest_ow300_not_after_ow310_tie_first_source_line	scheduler	true	true		scheduler0	openwhisk_scheduler	1	f94638aa1d439490dc9ceef1c21aabee	1784761167633000000	19790789144025	openwhisk_scheduler_jvm_mono	recovery/openwhisk/capture/scheduler.filtered.log	47
asyncs-openwhisk-direct-event-v1	C5	asyncs	dynamic-html-derived-v1	17	1	1ce414a99a6d441da414a99a6d841db3	OW310	1	1	true	single_direct_observation	invoker	true	true		invoker0	openwhisk_invoker	29163	f94638aa1d439490dc9ceef1c21aabee	1784761167636000000	19790849152715	openwhisk_invoker_jvm_mono	recovery/openwhisk/capture/invokers.filtered.log	57
asyncs-openwhisk-direct-event-v1	C5	asyncs	dynamic-html-derived-v1	17	1	1ce414a99a6d441da414a99a6d841db3	OW800	1	1	true	single_direct_observation	invoker	true	true		invoker0	openwhisk_invoker	29163	f94638aa1d439490dc9ceef1c21aabee	1784761167980000000	19791192976597	openwhisk_invoker_jvm_mono	recovery/openwhisk/capture/invokers.filtered.log	60
asyncs-openwhisk-direct-event-v1	C5	asyncs	dynamic-html-derived-v1	236	1	1d4dd7ed538744918dd7ed538744916c	OW120	1	1	true	single_direct_observation	controller	true	true		controller0	openwhisk_controller	1	c8b2f3d950691d70490711136a1ac249	1784761205877000000	19829033277809	openwhisk_controller_jvm_mono	recovery/openwhisk/capture/controller.filtered.log	471
asyncs-openwhisk-direct-event-v1	C5	asyncs	dynamic-html-derived-v1	236	1	1d4dd7ed538744918dd7ed538744916c	OW150	1	1	true	single_direct_observation	controller	true	true		controller0	openwhisk_controller	1	c8b2f3d950691d70490711136a1ac249	1784761205877000000	19829033307382	openwhisk_controller_jvm_mono	recovery/openwhisk/capture/controller.filtered.log	472
asyncs-openwhisk-direct-event-v1	C5	asyncs	dynamic-html-derived-v1	236	1	1d4dd7ed538744918dd7ed538744916c	OW260	1	1	true	single_direct_observation	scheduler	true	true		scheduler0	openwhisk_scheduler	1	c8b2f3d950691d70490711136a1ac249	1784761205880000000	19829036444187	openwhisk_scheduler_jvm_mono	recovery/openwhisk/capture/scheduler.filtered.log	702
asyncs-openwhisk-direct-event-v1	C5	asyncs	dynamic-html-derived-v1	236	1	1d4dd7ed538744918dd7ed538744916c	OW300	1	2	true	latest_ow300_not_after_ow310_tie_first_source_line	scheduler	true	true		scheduler0	openwhisk_scheduler	1	c8b2f3d950691d70490711136a1ac249	1784761205881000000	19829036573457	openwhisk_scheduler_jvm_mono	recovery/openwhisk/capture/scheduler.filtered.log	703
asyncs-openwhisk-direct-event-v1	C5	asyncs	dynamic-html-derived-v1	236	1	1d4dd7ed538744918dd7ed538744916c	OW300	2	2	false	latest_ow300_not_after_ow310_tie_first_source_line	scheduler	true	true		scheduler0	openwhisk_scheduler	1	c8b2f3d950691d70490711136a1ac249	1784761205881000000	19829036617003	openwhisk_scheduler_jvm_mono	recovery/openwhisk/capture/scheduler.filtered.log	704
asyncs-openwhisk-direct-event-v1	C5	asyncs	dynamic-html-derived-v1	236	1	1d4dd7ed538744918dd7ed538744916c	OW310	1	1	true	single_direct_observation	invoker	true	true		invoker0	openwhisk_invoker	29163	c8b2f3d950691d70490711136a1ac249	1784761205883000000	19829096047838	openwhisk_invoker_jvm_mono	recovery/openwhisk/capture/invokers.filtered.log	517
asyncs-openwhisk-direct-event-v1	C5	asyncs	dynamic-html-derived-v1	236	1	1d4dd7ed538744918dd7ed538744916c	OW800	1	1	true	single_direct_observation	invoker	true	true		invoker0	openwhisk_invoker	29163	c8b2f3d950691d70490711136a1ac249	1784761206225000000	19829437471902	openwhisk_invoker_jvm_mono	recovery/openwhisk/capture/invokers.filtered.log	520
asyncs-openwhisk-direct-event-v1	C5	asyncs	dynamic-html-derived-v1	165	1	1d5c53397bc3470a9c53397bc3570ac0	OW120	1	1	true	single_direct_observation	controller	true	true		controller0	openwhisk_controller	1	9d1c1aa55c770a051f1bf44e3ac60fc8	1784761193420000000	19816575635218	openwhisk_controller_jvm_mono	recovery/openwhisk/capture/controller.filtered.log	329
asyncs-openwhisk-direct-event-v1	C5	asyncs	dynamic-html-derived-v1	165	1	1d5c53397bc3470a9c53397bc3570ac0	OW150	1	1	true	single_direct_observation	controller	true	true		controller0	openwhisk_controller	1	9d1c1aa55c770a051f1bf44e3ac60fc8	1784761193420000000	19816575720052	openwhisk_controller_jvm_mono	recovery/openwhisk/capture/controller.filtered.log	330
asyncs-openwhisk-direct-event-v1	C5	asyncs	dynamic-html-derived-v1	165	1	1d5c53397bc3470a9c53397bc3570ac0	OW260	1	1	true	single_direct_observation	scheduler	true	true		scheduler0	openwhisk_scheduler	1	9d1c1aa55c770a051f1bf44e3ac60fc8	1784761193423000000	19816578669797	openwhisk_scheduler_jvm_mono	recovery/openwhisk/capture/scheduler.filtered.log	489
asyncs-openwhisk-direct-event-v1	C5	asyncs	dynamic-html-derived-v1	165	1	1d5c53397bc3470a9c53397bc3570ac0	OW300	1	2	true	latest_ow300_not_after_ow310_tie_first_source_line	scheduler	true	true		scheduler0	openwhisk_scheduler	1	9d1c1aa55c770a051f1bf44e3ac60fc8	1784761193423000000	19816578816200	openwhisk_scheduler_jvm_mono	recovery/openwhisk/capture/scheduler.filtered.log	490
asyncs-openwhisk-direct-event-v1	C5	asyncs	dynamic-html-derived-v1	165	1	1d5c53397bc3470a9c53397bc3570ac0	OW300	2	2	false	latest_ow300_not_after_ow310_tie_first_source_line	scheduler	true	true		scheduler0	openwhisk_scheduler	1	9d1c1aa55c770a051f1bf44e3ac60fc8	1784761193423000000	19816578862997	openwhisk_scheduler_jvm_mono	recovery/openwhisk/capture/scheduler.filtered.log	491
asyncs-openwhisk-direct-event-v1	C5	asyncs	dynamic-html-derived-v1	165	1	1d5c53397bc3470a9c53397bc3570ac0	OW310	1	1	true	single_direct_observation	invoker	true	true		invoker2	openwhisk_invoker	26523	9d1c1aa55c770a051f1bf44e3ac60fc8	1784761193425000000	19815580697187	openwhisk_invoker_jvm_mono	recovery/openwhisk/capture/invokers.filtered.log	1105
asyncs-openwhisk-direct-event-v1	C5	asyncs	dynamic-html-derived-v1	165	1	1d5c53397bc3470a9c53397bc3570ac0	OW800	1	1	true	single_direct_observation	invoker	true	true		invoker2	openwhisk_invoker	26523	9d1c1aa55c770a051f1bf44e3ac60fc8	1784761194098000000	19816253024197	openwhisk_invoker_jvm_mono	recovery/openwhisk/capture/invokers.filtered.log	1113
asyncs-openwhisk-direct-event-v1	C5	asyncs	dynamic-html-derived-v1	26	1	1dd43abd5afb43dc943abd5afb83dcdc	OW120	1	1	true	single_direct_observation	controller	true	true		controller0	openwhisk_controller	1	287f14e796169b0680992b9f6d63b78f	1784761169170000000	19792325635850	openwhisk_controller_jvm_mono	recovery/openwhisk/capture/controller.filtered.log	51
asyncs-openwhisk-direct-event-v1	C5	asyncs	dynamic-html-derived-v1	26	1	1dd43abd5afb43dc943abd5afb83dcdc	OW150	1	1	true	single_direct_observation	controller	true	true		controller0	openwhisk_controller	1	287f14e796169b0680992b9f6d63b78f	1784761169170000000	19792325682771	openwhisk_controller_jvm_mono	recovery/openwhisk/capture/controller.filtered.log	52
asyncs-openwhisk-direct-event-v1	C5	asyncs	dynamic-html-derived-v1	26	1	1dd43abd5afb43dc943abd5afb83dcdc	OW260	1	1	true	single_direct_observation	scheduler	true	true		scheduler0	openwhisk_scheduler	1	287f14e796169b0680992b9f6d63b78f	1784761169175000000	19792330475757	openwhisk_scheduler_jvm_mono	recovery/openwhisk/capture/scheduler.filtered.log	72
asyncs-openwhisk-direct-event-v1	C5	asyncs	dynamic-html-derived-v1	26	1	1dd43abd5afb43dc943abd5afb83dcdc	OW300	1	2	true	latest_ow300_not_after_ow310_tie_first_source_line	scheduler	true	true		scheduler0	openwhisk_scheduler	1	287f14e796169b0680992b9f6d63b78f	1784761169175000000	19792330699129	openwhisk_scheduler_jvm_mono	recovery/openwhisk/capture/scheduler.filtered.log	73
asyncs-openwhisk-direct-event-v1	C5	asyncs	dynamic-html-derived-v1	26	1	1dd43abd5afb43dc943abd5afb83dcdc	OW300	2	2	false	latest_ow300_not_after_ow310_tie_first_source_line	scheduler	true	true		scheduler0	openwhisk_scheduler	1	287f14e796169b0680992b9f6d63b78f	1784761169175000000	19792330731478	openwhisk_scheduler_jvm_mono	recovery/openwhisk/capture/scheduler.filtered.log	74
asyncs-openwhisk-direct-event-v1	C5	asyncs	dynamic-html-derived-v1	26	1	1dd43abd5afb43dc943abd5afb83dcdc	OW310	1	1	true	single_direct_observation	invoker	true	true		invoker2	openwhisk_invoker	26523	287f14e796169b0680992b9f6d63b78f	1784761169180000000	19791334880893	openwhisk_invoker_jvm_mono	recovery/openwhisk/capture/invokers.filtered.log	705
asyncs-openwhisk-direct-event-v1	C5	asyncs	dynamic-html-derived-v1	26	1	1dd43abd5afb43dc943abd5afb83dcdc	OW800	1	1	true	single_direct_observation	invoker	true	true		invoker2	openwhisk_invoker	26523	287f14e796169b0680992b9f6d63b78f	1784761169705000000	19791860541821	openwhisk_invoker_jvm_mono	recovery/openwhisk/capture/invokers.filtered.log	711
asyncs-openwhisk-direct-event-v1	C5	asyncs	dynamic-html-derived-v1	33	1	1de050e6ee684a76a050e6ee68ba7626	OW120	1	1	true	single_direct_observation	controller	true	true		controller0	openwhisk_controller	1	7dcd022f0edb225362980ca2e62c6419	1784761170366000000	19793522245775	openwhisk_controller_jvm_mono	recovery/openwhisk/capture/controller.filtered.log	65
asyncs-openwhisk-direct-event-v1	C5	asyncs	dynamic-html-derived-v1	33	1	1de050e6ee684a76a050e6ee68ba7626	OW150	1	1	true	single_direct_observation	controller	true	true		controller0	openwhisk_controller	1	7dcd022f0edb225362980ca2e62c6419	1784761170366000000	19793522286051	openwhisk_controller_jvm_mono	recovery/openwhisk/capture/controller.filtered.log	66
asyncs-openwhisk-direct-event-v1	C5	asyncs	dynamic-html-derived-v1	33	1	1de050e6ee684a76a050e6ee68ba7626	OW260	1	1	true	single_direct_observation	scheduler	true	true		scheduler0	openwhisk_scheduler	1	7dcd022f0edb225362980ca2e62c6419	1784761170370000000	19793525886655	openwhisk_scheduler_jvm_mono	recovery/openwhisk/capture/scheduler.filtered.log	93
asyncs-openwhisk-direct-event-v1	C5	asyncs	dynamic-html-derived-v1	33	1	1de050e6ee684a76a050e6ee68ba7626	OW300	1	2	true	latest_ow300_not_after_ow310_tie_first_source_line	scheduler	true	true		scheduler0	openwhisk_scheduler	1	7dcd022f0edb225362980ca2e62c6419	1784761170370000000	19793526038315	openwhisk_scheduler_jvm_mono	recovery/openwhisk/capture/scheduler.filtered.log	94
asyncs-openwhisk-direct-event-v1	C5	asyncs	dynamic-html-derived-v1	33	1	1de050e6ee684a76a050e6ee68ba7626	OW300	2	2	false	latest_ow300_not_after_ow310_tie_first_source_line	scheduler	true	true		scheduler0	openwhisk_scheduler	1	7dcd022f0edb225362980ca2e62c6419	1784761170370000000	19793526072009	openwhisk_scheduler_jvm_mono	recovery/openwhisk/capture/scheduler.filtered.log	95
asyncs-openwhisk-direct-event-v1	C5	asyncs	dynamic-html-derived-v1	33	1	1de050e6ee684a76a050e6ee68ba7626	OW310	1	1	true	single_direct_observation	invoker	true	true		invoker2	openwhisk_invoker	26523	7dcd022f0edb225362980ca2e62c6419	1784761170373000000	19792528309935	openwhisk_invoker_jvm_mono	recovery/openwhisk/capture/invokers.filtered.log	725
asyncs-openwhisk-direct-event-v1	C5	asyncs	dynamic-html-derived-v1	33	1	1de050e6ee684a76a050e6ee68ba7626	OW800	1	1	true	single_direct_observation	invoker	true	true		invoker2	openwhisk_invoker	26523	7dcd022f0edb225362980ca2e62c6419	1784761170900000000	19793055612597	openwhisk_invoker_jvm_mono	recovery/openwhisk/capture/invokers.filtered.log	733
asyncs-openwhisk-direct-event-v1	C5	asyncs	dynamic-html-derived-v1	220	1	1fd19850f2f747c6919850f2f757c60f	OW120	1	1	true	single_direct_observation	controller	true	true		controller0	openwhisk_controller	1	3104681fe7c8ef4cbe8a25bd3c016f35	1784761203033000000	19826189383158	openwhisk_controller_jvm_mono	recovery/openwhisk/capture/controller.filtered.log	439
asyncs-openwhisk-direct-event-v1	C5	asyncs	dynamic-html-derived-v1	220	1	1fd19850f2f747c6919850f2f757c60f	OW150	1	1	true	single_direct_observation	controller	true	true		controller0	openwhisk_controller	1	3104681fe7c8ef4cbe8a25bd3c016f35	1784761203033000000	19826189419698	openwhisk_controller_jvm_mono	recovery/openwhisk/capture/controller.filtered.log	440
asyncs-openwhisk-direct-event-v1	C5	asyncs	dynamic-html-derived-v1	220	1	1fd19850f2f747c6919850f2f757c60f	OW260	1	1	true	single_direct_observation	scheduler	true	true		scheduler0	openwhisk_scheduler	1	3104681fe7c8ef4cbe8a25bd3c016f35	1784761203037000000	19826192676939	openwhisk_scheduler_jvm_mono	recovery/openwhisk/capture/scheduler.filtered.log	654
asyncs-openwhisk-direct-event-v1	C5	asyncs	dynamic-html-derived-v1	220	1	1fd19850f2f747c6919850f2f757c60f	OW300	1	2	true	latest_ow300_not_after_ow310_tie_first_source_line	scheduler	true	true		scheduler0	openwhisk_scheduler	1	3104681fe7c8ef4cbe8a25bd3c016f35	1784761203037000000	19826192787509	openwhisk_scheduler_jvm_mono	recovery/openwhisk/capture/scheduler.filtered.log	655
asyncs-openwhisk-direct-event-v1	C5	asyncs	dynamic-html-derived-v1	220	1	1fd19850f2f747c6919850f2f757c60f	OW300	2	2	false	latest_ow300_not_after_ow310_tie_first_source_line	scheduler	true	true		scheduler0	openwhisk_scheduler	1	3104681fe7c8ef4cbe8a25bd3c016f35	1784761203037000000	19826192826544	openwhisk_scheduler_jvm_mono	recovery/openwhisk/capture/scheduler.filtered.log	656
asyncs-openwhisk-direct-event-v1	C5	asyncs	dynamic-html-derived-v1	220	1	1fd19850f2f747c6919850f2f757c60f	OW310	1	1	true	single_direct_observation	invoker	true	true		invoker0	openwhisk_invoker	29163	3104681fe7c8ef4cbe8a25bd3c016f35	1784761203043000000	19826255744722	openwhisk_invoker_jvm_mono	recovery/openwhisk/capture/invokers.filtered.log	482
asyncs-openwhisk-direct-event-v1	C5	asyncs	dynamic-html-derived-v1	220	1	1fd19850f2f747c6919850f2f757c60f	OW800	1	1	true	single_direct_observation	invoker	true	true		invoker0	openwhisk_invoker	29163	3104681fe7c8ef4cbe8a25bd3c016f35	1784761203384000000	19826596947407	openwhisk_invoker_jvm_mono	recovery/openwhisk/capture/invokers.filtered.log	485
asyncs-openwhisk-direct-event-v1	C5	asyncs	dynamic-html-derived-v1	54	1	1fde32c25cc3476f9e32c25cc3c76ff6	OW120	1	1	true	single_direct_observation	controller	true	true		controller0	openwhisk_controller	1	01701d297d53534dd8aa803a6e50cce1	1784761174008000000	19797163479743	openwhisk_controller_jvm_mono	recovery/openwhisk/capture/controller.filtered.log	107
asyncs-openwhisk-direct-event-v1	C5	asyncs	dynamic-html-derived-v1	54	1	1fde32c25cc3476f9e32c25cc3c76ff6	OW150	1	1	true	single_direct_observation	controller	true	true		controller0	openwhisk_controller	1	01701d297d53534dd8aa803a6e50cce1	1784761174008000000	19797163520860	openwhisk_controller_jvm_mono	recovery/openwhisk/capture/controller.filtered.log	108
asyncs-openwhisk-direct-event-v1	C5	asyncs	dynamic-html-derived-v1	54	1	1fde32c25cc3476f9e32c25cc3c76ff6	OW260	1	1	true	single_direct_observation	scheduler	true	true		scheduler0	openwhisk_scheduler	1	01701d297d53534dd8aa803a6e50cce1	1784761174015000000	19797170864304	openwhisk_scheduler_jvm_mono	recovery/openwhisk/capture/scheduler.filtered.log	156
asyncs-openwhisk-direct-event-v1	C5	asyncs	dynamic-html-derived-v1	54	1	1fde32c25cc3476f9e32c25cc3c76ff6	OW300	1	2	true	latest_ow300_not_after_ow310_tie_first_source_line	scheduler	true	true		scheduler0	openwhisk_scheduler	1	01701d297d53534dd8aa803a6e50cce1	1784761174015000000	19797170985576	openwhisk_scheduler_jvm_mono	recovery/openwhisk/capture/scheduler.filtered.log	157
asyncs-openwhisk-direct-event-v1	C5	asyncs	dynamic-html-derived-v1	54	1	1fde32c25cc3476f9e32c25cc3c76ff6	OW300	2	2	false	latest_ow300_not_after_ow310_tie_first_source_line	scheduler	true	true		scheduler0	openwhisk_scheduler	1	01701d297d53534dd8aa803a6e50cce1	1784761174015000000	19797171021512	openwhisk_scheduler_jvm_mono	recovery/openwhisk/capture/scheduler.filtered.log	158
asyncs-openwhisk-direct-event-v1	C5	asyncs	dynamic-html-derived-v1	54	1	1fde32c25cc3476f9e32c25cc3c76ff6	OW310	1	1	true	single_direct_observation	invoker	true	true		invoker2	openwhisk_invoker	26523	01701d297d53534dd8aa803a6e50cce1	1784761174017000000	19796172702620	openwhisk_invoker_jvm_mono	recovery/openwhisk/capture/invokers.filtered.log	785
asyncs-openwhisk-direct-event-v1	C5	asyncs	dynamic-html-derived-v1	54	1	1fde32c25cc3476f9e32c25cc3c76ff6	OW800	1	1	true	single_direct_observation	invoker	true	true		invoker2	openwhisk_invoker	26523	01701d297d53534dd8aa803a6e50cce1	1784761174545000000	19796700808540	openwhisk_invoker_jvm_mono	recovery/openwhisk/capture/invokers.filtered.log	793
asyncs-openwhisk-direct-event-v1	C5	asyncs	dynamic-html-derived-v1	146	1	2022fbe19dcc429fa2fbe19dcc829fe5	OW120	1	1	true	single_direct_observation	controller	true	true		controller0	openwhisk_controller	1	669ba8eeb875f197405ecc35e3aef9b8	1784761189981000000	19813136924087	openwhisk_controller_jvm_mono	recovery/openwhisk/capture/controller.filtered.log	291
asyncs-openwhisk-direct-event-v1	C5	asyncs	dynamic-html-derived-v1	146	1	2022fbe19dcc429fa2fbe19dcc829fe5	OW150	1	1	true	single_direct_observation	controller	true	true		controller0	openwhisk_controller	1	669ba8eeb875f197405ecc35e3aef9b8	1784761189981000000	19813136964241	openwhisk_controller_jvm_mono	recovery/openwhisk/capture/controller.filtered.log	292
asyncs-openwhisk-direct-event-v1	C5	asyncs	dynamic-html-derived-v1	146	1	2022fbe19dcc429fa2fbe19dcc829fe5	OW260	1	1	true	single_direct_observation	scheduler	true	true		scheduler0	openwhisk_scheduler	1	669ba8eeb875f197405ecc35e3aef9b8	1784761189984000000	19813140213557	openwhisk_scheduler_jvm_mono	recovery/openwhisk/capture/scheduler.filtered.log	432
asyncs-openwhisk-direct-event-v1	C5	asyncs	dynamic-html-derived-v1	146	1	2022fbe19dcc429fa2fbe19dcc829fe5	OW300	1	2	true	latest_ow300_not_after_ow310_tie_first_source_line	scheduler	true	true		scheduler0	openwhisk_scheduler	1	669ba8eeb875f197405ecc35e3aef9b8	1784761189984000000	19813140381890	openwhisk_scheduler_jvm_mono	recovery/openwhisk/capture/scheduler.filtered.log	433
asyncs-openwhisk-direct-event-v1	C5	asyncs	dynamic-html-derived-v1	146	1	2022fbe19dcc429fa2fbe19dcc829fe5	OW300	2	2	false	latest_ow300_not_after_ow310_tie_first_source_line	scheduler	true	true		scheduler0	openwhisk_scheduler	1	669ba8eeb875f197405ecc35e3aef9b8	1784761189984000000	19813140408912	openwhisk_scheduler_jvm_mono	recovery/openwhisk/capture/scheduler.filtered.log	434
asyncs-openwhisk-direct-event-v1	C5	asyncs	dynamic-html-derived-v1	146	1	2022fbe19dcc429fa2fbe19dcc829fe5	OW310	1	1	true	single_direct_observation	invoker	true	true		invoker2	openwhisk_invoker	26523	669ba8eeb875f197405ecc35e3aef9b8	1784761189987000000	19812142304721	openwhisk_invoker_jvm_mono	recovery/openwhisk/capture/invokers.filtered.log	1053
asyncs-openwhisk-direct-event-v1	C5	asyncs	dynamic-html-derived-v1	146	1	2022fbe19dcc429fa2fbe19dcc829fe5	OW800	1	1	true	single_direct_observation	invoker	true	true		invoker2	openwhisk_invoker	26523	669ba8eeb875f197405ecc35e3aef9b8	1784761190584000000	19812739542534	openwhisk_invoker_jvm_mono	recovery/openwhisk/capture/invokers.filtered.log	1058
asyncs-openwhisk-direct-event-v1	C5	asyncs	dynamic-html-derived-v1	298	1	2095605bca1e481095605bca1ed8104b	OW120	1	1	true	single_direct_observation	controller	true	true		controller0	openwhisk_controller	1	010a69ea9bf68de4268b1a6909baa2f9	1784761216492000000	19839648310580	openwhisk_controller_jvm_mono	recovery/openwhisk/capture/controller.filtered.log	595
asyncs-openwhisk-direct-event-v1	C5	asyncs	dynamic-html-derived-v1	298	1	2095605bca1e481095605bca1ed8104b	OW150	1	1	true	single_direct_observation	controller	true	true		controller0	openwhisk_controller	1	010a69ea9bf68de4268b1a6909baa2f9	1784761216492000000	19839648334007	openwhisk_controller_jvm_mono	recovery/openwhisk/capture/controller.filtered.log	596
asyncs-openwhisk-direct-event-v1	C5	asyncs	dynamic-html-derived-v1	298	1	2095605bca1e481095605bca1ed8104b	OW260	1	1	true	single_direct_observation	scheduler	true	true		scheduler0	openwhisk_scheduler	1	010a69ea9bf68de4268b1a6909baa2f9	1784761216496000000	19839651932287	openwhisk_scheduler_jvm_mono	recovery/openwhisk/capture/scheduler.filtered.log	888
asyncs-openwhisk-direct-event-v1	C5	asyncs	dynamic-html-derived-v1	298	1	2095605bca1e481095605bca1ed8104b	OW300	1	2	true	latest_ow300_not_after_ow310_tie_first_source_line	scheduler	true	true		scheduler0	openwhisk_scheduler	1	010a69ea9bf68de4268b1a6909baa2f9	1784761216496000000	19839652054741	openwhisk_scheduler_jvm_mono	recovery/openwhisk/capture/scheduler.filtered.log	889
asyncs-openwhisk-direct-event-v1	C5	asyncs	dynamic-html-derived-v1	298	1	2095605bca1e481095605bca1ed8104b	OW300	2	2	false	latest_ow300_not_after_ow310_tie_first_source_line	scheduler	true	true		scheduler0	openwhisk_scheduler	1	010a69ea9bf68de4268b1a6909baa2f9	1784761216496000000	19839652083700	openwhisk_scheduler_jvm_mono	recovery/openwhisk/capture/scheduler.filtered.log	890
asyncs-openwhisk-direct-event-v1	C5	asyncs	dynamic-html-derived-v1	298	1	2095605bca1e481095605bca1ed8104b	OW310	1	1	true	single_direct_observation	invoker	true	true		invoker2	openwhisk_invoker	26523	010a69ea9bf68de4268b1a6909baa2f9	1784761216498000000	19838653457845	openwhisk_invoker_jvm_mono	recovery/openwhisk/capture/invokers.filtered.log	1495
asyncs-openwhisk-direct-event-v1	C5	asyncs	dynamic-html-derived-v1	298	1	2095605bca1e481095605bca1ed8104b	OW800	1	1	true	single_direct_observation	invoker	true	true		invoker2	openwhisk_invoker	26523	010a69ea9bf68de4268b1a6909baa2f9	1784761217024000000	19839179191001	openwhisk_invoker_jvm_mono	recovery/openwhisk/capture/invokers.filtered.log	1503
asyncs-openwhisk-direct-event-v1	C5	asyncs	dynamic-html-derived-v1	9	1	2110838a54ed4af590838a54ed6af5f4	OW120	1	1	true	single_direct_observation	controller	true	true		controller0	openwhisk_controller	1	9d458c6bde8837a971bfd72ddfaadbc6	1784761165424000000	19788580228162	openwhisk_controller_jvm_mono	recovery/openwhisk/capture/controller.filtered.log	17
asyncs-openwhisk-direct-event-v1	C5	asyncs	dynamic-html-derived-v1	9	1	2110838a54ed4af590838a54ed6af5f4	OW150	1	1	true	single_direct_observation	controller	true	true		controller0	openwhisk_controller	1	9d458c6bde8837a971bfd72ddfaadbc6	1784761165424000000	19788580319800	openwhisk_controller_jvm_mono	recovery/openwhisk/capture/controller.filtered.log	18
asyncs-openwhisk-direct-event-v1	C5	asyncs	dynamic-html-derived-v1	9	1	2110838a54ed4af590838a54ed6af5f4	OW260	1	1	true	single_direct_observation	scheduler	true	true		scheduler0	openwhisk_scheduler	1	9d458c6bde8837a971bfd72ddfaadbc6	1784761165428000000	19788584435618	openwhisk_scheduler_jvm_mono	recovery/openwhisk/capture/scheduler.filtered.log	21
asyncs-openwhisk-direct-event-v1	C5	asyncs	dynamic-html-derived-v1	9	1	2110838a54ed4af590838a54ed6af5f4	OW300	1	2	true	latest_ow300_not_after_ow310_tie_first_source_line	scheduler	true	true		scheduler0	openwhisk_scheduler	1	9d458c6bde8837a971bfd72ddfaadbc6	1784761165429000000	19788584591738	openwhisk_scheduler_jvm_mono	recovery/openwhisk/capture/scheduler.filtered.log	22
asyncs-openwhisk-direct-event-v1	C5	asyncs	dynamic-html-derived-v1	9	1	2110838a54ed4af590838a54ed6af5f4	OW300	2	2	false	latest_ow300_not_after_ow310_tie_first_source_line	scheduler	true	true		scheduler0	openwhisk_scheduler	1	9d458c6bde8837a971bfd72ddfaadbc6	1784761165429000000	19788584617395	openwhisk_scheduler_jvm_mono	recovery/openwhisk/capture/scheduler.filtered.log	23
asyncs-openwhisk-direct-event-v1	C5	asyncs	dynamic-html-derived-v1	9	1	2110838a54ed4af590838a54ed6af5f4	OW310	1	1	true	single_direct_observation	invoker	true	true		invoker0	openwhisk_invoker	29163	9d458c6bde8837a971bfd72ddfaadbc6	1784761165431000000	19788644135209	openwhisk_invoker_jvm_mono	recovery/openwhisk/capture/invokers.filtered.log	32
asyncs-openwhisk-direct-event-v1	C5	asyncs	dynamic-html-derived-v1	9	1	2110838a54ed4af590838a54ed6af5f4	OW800	1	1	true	single_direct_observation	invoker	true	true		invoker0	openwhisk_invoker	29163	9d458c6bde8837a971bfd72ddfaadbc6	1784761165777000000	19788989922282	openwhisk_invoker_jvm_mono	recovery/openwhisk/capture/invokers.filtered.log	35
asyncs-openwhisk-direct-event-v1	C5	asyncs	dynamic-html-derived-v1	230	1	2142664cd81641c582664cd816a1c5c6	OW120	1	1	true	single_direct_observation	controller	true	true		controller0	openwhisk_controller	1	afc26ef3b99ad89d3ee09c3ff1371449	1784761204838000000	19827993598041	openwhisk_controller_jvm_mono	recovery/openwhisk/capture/controller.filtered.log	459
asyncs-openwhisk-direct-event-v1	C5	asyncs	dynamic-html-derived-v1	230	1	2142664cd81641c582664cd816a1c5c6	OW150	1	1	true	single_direct_observation	controller	true	true		controller0	openwhisk_controller	1	afc26ef3b99ad89d3ee09c3ff1371449	1784761204838000000	19827993636409	openwhisk_controller_jvm_mono	recovery/openwhisk/capture/controller.filtered.log	460
asyncs-openwhisk-direct-event-v1	C5	asyncs	dynamic-html-derived-v1	230	1	2142664cd81641c582664cd816a1c5c6	OW260	1	1	true	single_direct_observation	scheduler	true	true		scheduler0	openwhisk_scheduler	1	afc26ef3b99ad89d3ee09c3ff1371449	1784761204841000000	19827997142584	openwhisk_scheduler_jvm_mono	recovery/openwhisk/capture/scheduler.filtered.log	684
asyncs-openwhisk-direct-event-v1	C5	asyncs	dynamic-html-derived-v1	230	1	2142664cd81641c582664cd816a1c5c6	OW300	1	2	true	latest_ow300_not_after_ow310_tie_first_source_line	scheduler	true	true		scheduler0	openwhisk_scheduler	1	afc26ef3b99ad89d3ee09c3ff1371449	1784761204842000000	19827997721133	openwhisk_scheduler_jvm_mono	recovery/openwhisk/capture/scheduler.filtered.log	685
asyncs-openwhisk-direct-event-v1	C5	asyncs	dynamic-html-derived-v1	230	1	2142664cd81641c582664cd816a1c5c6	OW300	2	2	false	latest_ow300_not_after_ow310_tie_first_source_line	scheduler	true	true		scheduler0	openwhisk_scheduler	1	afc26ef3b99ad89d3ee09c3ff1371449	1784761204842000000	19827997790007	openwhisk_scheduler_jvm_mono	recovery/openwhisk/capture/scheduler.filtered.log	686
asyncs-openwhisk-direct-event-v1	C5	asyncs	dynamic-html-derived-v1	230	1	2142664cd81641c582664cd816a1c5c6	OW310	1	1	true	single_direct_observation	invoker	true	true		invoker2	openwhisk_invoker	26523	afc26ef3b99ad89d3ee09c3ff1371449	1784761204844000000	19826999732477	openwhisk_invoker_jvm_mono	recovery/openwhisk/capture/invokers.filtered.log	1295
asyncs-openwhisk-direct-event-v1	C5	asyncs	dynamic-html-derived-v1	230	1	2142664cd81641c582664cd816a1c5c6	OW800	1	1	true	single_direct_observation	invoker	true	true		invoker2	openwhisk_invoker	26523	afc26ef3b99ad89d3ee09c3ff1371449	1784761205393000000	19827547984331	openwhisk_invoker_jvm_mono	recovery/openwhisk/capture/invokers.filtered.log	1303
asyncs-openwhisk-direct-event-v1	C5	asyncs	dynamic-html-derived-v1	192	1	2182b320e2004ebb82b320e200bebbb6	OW120	1	1	true	single_direct_observation	controller	true	true		controller0	openwhisk_controller	1	80389cde0248f33f88c585555a931410	1784761198320000000	19821475488867	openwhisk_controller_jvm_mono	recovery/openwhisk/capture/controller.filtered.log	383
asyncs-openwhisk-direct-event-v1	C5	asyncs	dynamic-html-derived-v1	192	1	2182b320e2004ebb82b320e200bebbb6	OW150	1	1	true	single_direct_observation	controller	true	true		controller0	openwhisk_controller	1	80389cde0248f33f88c585555a931410	1784761198320000000	19821475526510	openwhisk_controller_jvm_mono	recovery/openwhisk/capture/controller.filtered.log	384
asyncs-openwhisk-direct-event-v1	C5	asyncs	dynamic-html-derived-v1	192	1	2182b320e2004ebb82b320e200bebbb6	OW260	1	1	true	single_direct_observation	scheduler	true	true		scheduler0	openwhisk_scheduler	1	80389cde0248f33f88c585555a931410	1784761198327000000	19821482616446	openwhisk_scheduler_jvm_mono	recovery/openwhisk/capture/scheduler.filtered.log	570
asyncs-openwhisk-direct-event-v1	C5	asyncs	dynamic-html-derived-v1	192	1	2182b320e2004ebb82b320e200bebbb6	OW300	1	2	true	latest_ow300_not_after_ow310_tie_first_source_line	scheduler	true	true		scheduler0	openwhisk_scheduler	1	80389cde0248f33f88c585555a931410	1784761198327000000	19821482761844	openwhisk_scheduler_jvm_mono	recovery/openwhisk/capture/scheduler.filtered.log	571
asyncs-openwhisk-direct-event-v1	C5	asyncs	dynamic-html-derived-v1	192	1	2182b320e2004ebb82b320e200bebbb6	OW300	2	2	false	latest_ow300_not_after_ow310_tie_first_source_line	scheduler	true	true		scheduler0	openwhisk_scheduler	1	80389cde0248f33f88c585555a931410	1784761198327000000	19821482784900	openwhisk_scheduler_jvm_mono	recovery/openwhisk/capture/scheduler.filtered.log	572
asyncs-openwhisk-direct-event-v1	C5	asyncs	dynamic-html-derived-v1	192	1	2182b320e2004ebb82b320e200bebbb6	OW310	1	1	true	single_direct_observation	invoker	true	true		invoker2	openwhisk_invoker	26523	80389cde0248f33f88c585555a931410	1784761198329000000	19820484690521	openwhisk_invoker_jvm_mono	recovery/openwhisk/capture/invokers.filtered.log	1185
asyncs-openwhisk-direct-event-v1	C5	asyncs	dynamic-html-derived-v1	192	1	2182b320e2004ebb82b320e200bebbb6	OW800	1	1	true	single_direct_observation	invoker	true	true		invoker2	openwhisk_invoker	26523	80389cde0248f33f88c585555a931410	1784761198844000000	19820999470873	openwhisk_invoker_jvm_mono	recovery/openwhisk/capture/invokers.filtered.log	1193
asyncs-openwhisk-direct-event-v1	C5	asyncs	dynamic-html-derived-v1	45	1	21d184a0428f4d159184a0428f6d157a	OW120	1	1	true	single_direct_observation	controller	true	true		controller0	openwhisk_controller	1	8987a94892a3cabd4183f6187952aace	1784761172585000000	19795740943089	openwhisk_controller_jvm_mono	recovery/openwhisk/capture/controller.filtered.log	89
asyncs-openwhisk-direct-event-v1	C5	asyncs	dynamic-html-derived-v1	45	1	21d184a0428f4d159184a0428f6d157a	OW150	1	1	true	single_direct_observation	controller	true	true		controller0	openwhisk_controller	1	8987a94892a3cabd4183f6187952aace	1784761172585000000	19795740976945	openwhisk_controller_jvm_mono	recovery/openwhisk/capture/controller.filtered.log	90
asyncs-openwhisk-direct-event-v1	C5	asyncs	dynamic-html-derived-v1	45	1	21d184a0428f4d159184a0428f6d157a	OW260	1	1	true	single_direct_observation	scheduler	true	true		scheduler0	openwhisk_scheduler	1	8987a94892a3cabd4183f6187952aace	1784761172589000000	19795744776968	openwhisk_scheduler_jvm_mono	recovery/openwhisk/capture/scheduler.filtered.log	129
asyncs-openwhisk-direct-event-v1	C5	asyncs	dynamic-html-derived-v1	45	1	21d184a0428f4d159184a0428f6d157a	OW300	1	2	true	latest_ow300_not_after_ow310_tie_first_source_line	scheduler	true	true		scheduler0	openwhisk_scheduler	1	8987a94892a3cabd4183f6187952aace	1784761172589000000	19795744927916	openwhisk_scheduler_jvm_mono	recovery/openwhisk/capture/scheduler.filtered.log	130
asyncs-openwhisk-direct-event-v1	C5	asyncs	dynamic-html-derived-v1	45	1	21d184a0428f4d159184a0428f6d157a	OW300	2	2	false	latest_ow300_not_after_ow310_tie_first_source_line	scheduler	true	true		scheduler0	openwhisk_scheduler	1	8987a94892a3cabd4183f6187952aace	1784761172589000000	19795744970038	openwhisk_scheduler_jvm_mono	recovery/openwhisk/capture/scheduler.filtered.log	131
asyncs-openwhisk-direct-event-v1	C5	asyncs	dynamic-html-derived-v1	45	1	21d184a0428f4d159184a0428f6d157a	OW310	1	1	true	single_direct_observation	invoker	true	true		invoker0	openwhisk_invoker	29163	8987a94892a3cabd4183f6187952aace	1784761172592000000	19795805136174	openwhisk_invoker_jvm_mono	recovery/openwhisk/capture/invokers.filtered.log	117
asyncs-openwhisk-direct-event-v1	C5	asyncs	dynamic-html-derived-v1	45	1	21d184a0428f4d159184a0428f6d157a	OW800	1	1	true	single_direct_observation	invoker	true	true		invoker0	openwhisk_invoker	29163	8987a94892a3cabd4183f6187952aace	1784761172936000000	19796148842407	openwhisk_invoker_jvm_mono	recovery/openwhisk/capture/invokers.filtered.log	120
asyncs-openwhisk-direct-event-v1	C5	asyncs	dynamic-html-derived-v1	258	1	226bcecc2df246aeabcecc2df256aeaf	OW120	1	1	true	single_direct_observation	controller	true	true		controller0	openwhisk_controller	1	a54fcfe62bca525944792e4d054e0d16	1784761209602000000	19832757810515	openwhisk_controller_jvm_mono	recovery/openwhisk/capture/controller.filtered.log	515
asyncs-openwhisk-direct-event-v1	C5	asyncs	dynamic-html-derived-v1	258	1	226bcecc2df246aeabcecc2df256aeaf	OW150	1	1	true	single_direct_observation	controller	true	true		controller0	openwhisk_controller	1	a54fcfe62bca525944792e4d054e0d16	1784761209602000000	19832757845141	openwhisk_controller_jvm_mono	recovery/openwhisk/capture/controller.filtered.log	516
asyncs-openwhisk-direct-event-v1	C5	asyncs	dynamic-html-derived-v1	258	1	226bcecc2df246aeabcecc2df256aeaf	OW260	1	1	true	single_direct_observation	scheduler	true	true		scheduler0	openwhisk_scheduler	1	a54fcfe62bca525944792e4d054e0d16	1784761209605000000	19832760907751	openwhisk_scheduler_jvm_mono	recovery/openwhisk/capture/scheduler.filtered.log	768
asyncs-openwhisk-direct-event-v1	C5	asyncs	dynamic-html-derived-v1	258	1	226bcecc2df246aeabcecc2df256aeaf	OW300	1	2	true	latest_ow300_not_after_ow310_tie_first_source_line	scheduler	true	true		scheduler0	openwhisk_scheduler	1	a54fcfe62bca525944792e4d054e0d16	1784761209608000000	19832764086118	openwhisk_scheduler_jvm_mono	recovery/openwhisk/capture/scheduler.filtered.log	769
asyncs-openwhisk-direct-event-v1	C5	asyncs	dynamic-html-derived-v1	258	1	226bcecc2df246aeabcecc2df256aeaf	OW300	2	2	false	latest_ow300_not_after_ow310_tie_first_source_line	scheduler	true	true		scheduler0	openwhisk_scheduler	1	a54fcfe62bca525944792e4d054e0d16	1784761209608000000	19832764129557	openwhisk_scheduler_jvm_mono	recovery/openwhisk/capture/scheduler.filtered.log	770
asyncs-openwhisk-direct-event-v1	C5	asyncs	dynamic-html-derived-v1	258	1	226bcecc2df246aeabcecc2df256aeaf	OW310	1	1	true	single_direct_observation	invoker	true	true		invoker2	openwhisk_invoker	26523	a54fcfe62bca525944792e4d054e0d16	1784761209611000000	19831766190046	openwhisk_invoker_jvm_mono	recovery/openwhisk/capture/invokers.filtered.log	1375
asyncs-openwhisk-direct-event-v1	C5	asyncs	dynamic-html-derived-v1	258	1	226bcecc2df246aeabcecc2df256aeaf	OW800	1	1	true	single_direct_observation	invoker	true	true		invoker2	openwhisk_invoker	26523	a54fcfe62bca525944792e4d054e0d16	1784761210121000000	19832276845020	openwhisk_invoker_jvm_mono	recovery/openwhisk/capture/invokers.filtered.log	1383
asyncs-openwhisk-direct-event-v1	C5	asyncs	dynamic-html-derived-v1	178	1	22fd52a016e14fa1bd52a016e1bfa18d	OW120	1	1	true	single_direct_observation	controller	true	true		controller0	openwhisk_controller	1	ace0f87c3e27e9c48acc2e652d728de2	1784761195779000000	19818935044440	openwhisk_controller_jvm_mono	recovery/openwhisk/capture/controller.filtered.log	355
asyncs-openwhisk-direct-event-v1	C5	asyncs	dynamic-html-derived-v1	178	1	22fd52a016e14fa1bd52a016e1bfa18d	OW150	1	1	true	single_direct_observation	controller	true	true		controller0	openwhisk_controller	1	ace0f87c3e27e9c48acc2e652d728de2	1784761195779000000	19818935115886	openwhisk_controller_jvm_mono	recovery/openwhisk/capture/controller.filtered.log	356
asyncs-openwhisk-direct-event-v1	C5	asyncs	dynamic-html-derived-v1	178	1	22fd52a016e14fa1bd52a016e1bfa18d	OW260	1	1	true	single_direct_observation	scheduler	true	true		scheduler0	openwhisk_scheduler	1	ace0f87c3e27e9c48acc2e652d728de2	1784761195790000000	19818945855905	openwhisk_scheduler_jvm_mono	recovery/openwhisk/capture/scheduler.filtered.log	528
asyncs-openwhisk-direct-event-v1	C5	asyncs	dynamic-html-derived-v1	178	1	22fd52a016e14fa1bd52a016e1bfa18d	OW300	1	2	true	latest_ow300_not_after_ow310_tie_first_source_line	scheduler	true	true		scheduler0	openwhisk_scheduler	1	ace0f87c3e27e9c48acc2e652d728de2	1784761195790000000	19818945998852	openwhisk_scheduler_jvm_mono	recovery/openwhisk/capture/scheduler.filtered.log	529
asyncs-openwhisk-direct-event-v1	C5	asyncs	dynamic-html-derived-v1	178	1	22fd52a016e14fa1bd52a016e1bfa18d	OW300	2	2	false	latest_ow300_not_after_ow310_tie_first_source_line	scheduler	true	true		scheduler0	openwhisk_scheduler	1	ace0f87c3e27e9c48acc2e652d728de2	1784761195790000000	19818946032070	openwhisk_scheduler_jvm_mono	recovery/openwhisk/capture/scheduler.filtered.log	530
asyncs-openwhisk-direct-event-v1	C5	asyncs	dynamic-html-derived-v1	178	1	22fd52a016e14fa1bd52a016e1bfa18d	OW310	1	1	true	single_direct_observation	invoker	true	true		invoker2	openwhisk_invoker	26523	ace0f87c3e27e9c48acc2e652d728de2	1784761195792000000	19817947383013	openwhisk_invoker_jvm_mono	recovery/openwhisk/capture/invokers.filtered.log	1143
asyncs-openwhisk-direct-event-v1	C5	asyncs	dynamic-html-derived-v1	178	1	22fd52a016e14fa1bd52a016e1bfa18d	OW800	1	1	true	single_direct_observation	invoker	true	true		invoker2	openwhisk_invoker	26523	ace0f87c3e27e9c48acc2e652d728de2	1784761196324000000	19818479620057	openwhisk_invoker_jvm_mono	recovery/openwhisk/capture/invokers.filtered.log	1148
asyncs-openwhisk-direct-event-v1	C5	asyncs	dynamic-html-derived-v1	176	1	23d32a6172cd41f4932a6172cd61f4cc	OW120	1	1	true	single_direct_observation	controller	true	true		controller0	openwhisk_controller	1	dfcc70b8bcdf9e903b781a75ff4c0d69	1784761195302000000	19818457994990	openwhisk_controller_jvm_mono	recovery/openwhisk/capture/controller.filtered.log	351
asyncs-openwhisk-direct-event-v1	C5	asyncs	dynamic-html-derived-v1	176	1	23d32a6172cd41f4932a6172cd61f4cc	OW150	1	1	true	single_direct_observation	controller	true	true		controller0	openwhisk_controller	1	dfcc70b8bcdf9e903b781a75ff4c0d69	1784761195302000000	19818458072967	openwhisk_controller_jvm_mono	recovery/openwhisk/capture/controller.filtered.log	352
asyncs-openwhisk-direct-event-v1	C5	asyncs	dynamic-html-derived-v1	176	1	23d32a6172cd41f4932a6172cd61f4cc	OW260	1	1	true	single_direct_observation	scheduler	true	true		scheduler0	openwhisk_scheduler	1	dfcc70b8bcdf9e903b781a75ff4c0d69	1784761195309000000	19818465432128	openwhisk_scheduler_jvm_mono	recovery/openwhisk/capture/scheduler.filtered.log	522
asyncs-openwhisk-direct-event-v1	C5	asyncs	dynamic-html-derived-v1	176	1	23d32a6172cd41f4932a6172cd61f4cc	OW300	1	2	true	latest_ow300_not_after_ow310_tie_first_source_line	scheduler	true	true		scheduler0	openwhisk_scheduler	1	dfcc70b8bcdf9e903b781a75ff4c0d69	1784761195310000000	19818465626212	openwhisk_scheduler_jvm_mono	recovery/openwhisk/capture/scheduler.filtered.log	523
asyncs-openwhisk-direct-event-v1	C5	asyncs	dynamic-html-derived-v1	176	1	23d32a6172cd41f4932a6172cd61f4cc	OW300	2	2	false	latest_ow300_not_after_ow310_tie_first_source_line	scheduler	true	true		scheduler0	openwhisk_scheduler	1	dfcc70b8bcdf9e903b781a75ff4c0d69	1784761195310000000	19818465687454	openwhisk_scheduler_jvm_mono	recovery/openwhisk/capture/scheduler.filtered.log	524
asyncs-openwhisk-direct-event-v1	C5	asyncs	dynamic-html-derived-v1	176	1	23d32a6172cd41f4932a6172cd61f4cc	OW310	1	1	true	single_direct_observation	invoker	true	true		invoker2	openwhisk_invoker	26523	dfcc70b8bcdf9e903b781a75ff4c0d69	1784761195313000000	19817468628381	openwhisk_invoker_jvm_mono	recovery/openwhisk/capture/invokers.filtered.log	1135
asyncs-openwhisk-direct-event-v1	C5	asyncs	dynamic-html-derived-v1	176	1	23d32a6172cd41f4932a6172cd61f4cc	OW800	1	1	true	single_direct_observation	invoker	true	true		invoker2	openwhisk_invoker	26523	dfcc70b8bcdf9e903b781a75ff4c0d69	1784761195774000000	19817929042580	openwhisk_invoker_jvm_mono	recovery/openwhisk/capture/invokers.filtered.log	1141
asyncs-openwhisk-direct-event-v1	C5	asyncs	dynamic-html-derived-v1	275	1	23d38bde9ee840ff938bde9ee840ffcc	OW120	1	1	true	single_direct_observation	controller	true	true		controller0	openwhisk_controller	1	fa304321392ecad234eba00db41bf447	1784761212546000000	19835701883083	openwhisk_controller_jvm_mono	recovery/openwhisk/capture/controller.filtered.log	549
asyncs-openwhisk-direct-event-v1	C5	asyncs	dynamic-html-derived-v1	275	1	23d38bde9ee840ff938bde9ee840ffcc	OW150	1	1	true	single_direct_observation	controller	true	true		controller0	openwhisk_controller	1	fa304321392ecad234eba00db41bf447	1784761212546000000	19835701912240	openwhisk_controller_jvm_mono	recovery/openwhisk/capture/controller.filtered.log	550
asyncs-openwhisk-direct-event-v1	C5	asyncs	dynamic-html-derived-v1	275	1	23d38bde9ee840ff938bde9ee840ffcc	OW260	1	1	true	single_direct_observation	scheduler	true	true		scheduler0	openwhisk_scheduler	1	fa304321392ecad234eba00db41bf447	1784761212556000000	19835712169330	openwhisk_scheduler_jvm_mono	recovery/openwhisk/capture/scheduler.filtered.log	819
asyncs-openwhisk-direct-event-v1	C5	asyncs	dynamic-html-derived-v1	275	1	23d38bde9ee840ff938bde9ee840ffcc	OW300	1	2	true	latest_ow300_not_after_ow310_tie_first_source_line	scheduler	true	true		scheduler0	openwhisk_scheduler	1	fa304321392ecad234eba00db41bf447	1784761212556000000	19835712296378	openwhisk_scheduler_jvm_mono	recovery/openwhisk/capture/scheduler.filtered.log	820
asyncs-openwhisk-direct-event-v1	C5	asyncs	dynamic-html-derived-v1	275	1	23d38bde9ee840ff938bde9ee840ffcc	OW300	2	2	false	latest_ow300_not_after_ow310_tie_first_source_line	scheduler	true	true		scheduler0	openwhisk_scheduler	1	fa304321392ecad234eba00db41bf447	1784761212556000000	19835712333203	openwhisk_scheduler_jvm_mono	recovery/openwhisk/capture/scheduler.filtered.log	821
asyncs-openwhisk-direct-event-v1	C5	asyncs	dynamic-html-derived-v1	275	1	23d38bde9ee840ff938bde9ee840ffcc	OW310	1	1	true	single_direct_observation	invoker	true	true		invoker0	openwhisk_invoker	29163	fa304321392ecad234eba00db41bf447	1784761212558000000	19835770945844	openwhisk_invoker_jvm_mono	recovery/openwhisk/capture/invokers.filtered.log	597
asyncs-openwhisk-direct-event-v1	C5	asyncs	dynamic-html-derived-v1	275	1	23d38bde9ee840ff938bde9ee840ffcc	OW800	1	1	true	single_direct_observation	invoker	true	true		invoker0	openwhisk_invoker	29163	fa304321392ecad234eba00db41bf447	1784761212901000000	19836114169893	openwhisk_invoker_jvm_mono	recovery/openwhisk/capture/invokers.filtered.log	600
asyncs-openwhisk-direct-event-v1	C5	asyncs	dynamic-html-derived-v1	48	1	2406f6d0028343a786f6d0028383a701	OW120	1	1	true	single_direct_observation	controller	true	true		controller0	openwhisk_controller	1	c0871ec5c8c0dd14ada9fa17ae5a5e58	1784761172965000000	19796121389582	openwhisk_controller_jvm_mono	recovery/openwhisk/capture/controller.filtered.log	95
asyncs-openwhisk-direct-event-v1	C5	asyncs	dynamic-html-derived-v1	48	1	2406f6d0028343a786f6d0028383a701	OW150	1	1	true	single_direct_observation	controller	true	true		controller0	openwhisk_controller	1	c0871ec5c8c0dd14ada9fa17ae5a5e58	1784761172965000000	19796121435501	openwhisk_controller_jvm_mono	recovery/openwhisk/capture/controller.filtered.log	96
asyncs-openwhisk-direct-event-v1	C5	asyncs	dynamic-html-derived-v1	48	1	2406f6d0028343a786f6d0028383a701	OW260	1	1	true	single_direct_observation	scheduler	true	true		scheduler0	openwhisk_scheduler	1	c0871ec5c8c0dd14ada9fa17ae5a5e58	1784761172969000000	19796125294096	openwhisk_scheduler_jvm_mono	recovery/openwhisk/capture/scheduler.filtered.log	138
asyncs-openwhisk-direct-event-v1	C5	asyncs	dynamic-html-derived-v1	48	1	2406f6d0028343a786f6d0028383a701	OW300	1	2	true	latest_ow300_not_after_ow310_tie_first_source_line	scheduler	true	true		scheduler0	openwhisk_scheduler	1	c0871ec5c8c0dd14ada9fa17ae5a5e58	1784761172970000000	19796125611885	openwhisk_scheduler_jvm_mono	recovery/openwhisk/capture/scheduler.filtered.log	139
asyncs-openwhisk-direct-event-v1	C5	asyncs	dynamic-html-derived-v1	48	1	2406f6d0028343a786f6d0028383a701	OW300	2	2	false	latest_ow300_not_after_ow310_tie_first_source_line	scheduler	true	true		scheduler0	openwhisk_scheduler	1	c0871ec5c8c0dd14ada9fa17ae5a5e58	1784761172970000000	19796126305484	openwhisk_scheduler_jvm_mono	recovery/openwhisk/capture/scheduler.filtered.log	140
asyncs-openwhisk-direct-event-v1	C5	asyncs	dynamic-html-derived-v1	48	1	2406f6d0028343a786f6d0028383a701	OW310	1	1	true	single_direct_observation	invoker	true	true		invoker0	openwhisk_invoker	29163	c0871ec5c8c0dd14ada9fa17ae5a5e58	1784761172973000000	19796185264128	openwhisk_invoker_jvm_mono	recovery/openwhisk/capture/invokers.filtered.log	122
asyncs-openwhisk-direct-event-v1	C5	asyncs	dynamic-html-derived-v1	48	1	2406f6d0028343a786f6d0028383a701	OW800	1	1	true	single_direct_observation	invoker	true	true		invoker0	openwhisk_invoker	29163	c0871ec5c8c0dd14ada9fa17ae5a5e58	1784761173317000000	19796529617673	openwhisk_invoker_jvm_mono	recovery/openwhisk/capture/invokers.filtered.log	125
asyncs-openwhisk-direct-event-v1	C5	asyncs	dynamic-html-derived-v1	222	1	2407abb2ce27461f87abb2ce27161fac	OW120	1	1	true	single_direct_observation	controller	true	true		controller0	openwhisk_controller	1	d2950e6ef2b5b14f96b4229e969f8d14	1784761203424000000	19826579703327	openwhisk_controller_jvm_mono	recovery/openwhisk/capture/controller.filtered.log	443
asyncs-openwhisk-direct-event-v1	C5	asyncs	dynamic-html-derived-v1	222	1	2407abb2ce27461f87abb2ce27161fac	OW150	1	1	true	single_direct_observation	controller	true	true		controller0	openwhisk_controller	1	d2950e6ef2b5b14f96b4229e969f8d14	1784761203424000000	19826579737305	openwhisk_controller_jvm_mono	recovery/openwhisk/capture/controller.filtered.log	444
asyncs-openwhisk-direct-event-v1	C5	asyncs	dynamic-html-derived-v1	222	1	2407abb2ce27461f87abb2ce27161fac	OW260	1	1	true	single_direct_observation	scheduler	true	true		scheduler0	openwhisk_scheduler	1	d2950e6ef2b5b14f96b4229e969f8d14	1784761203434000000	19826589741822	openwhisk_scheduler_jvm_mono	recovery/openwhisk/capture/scheduler.filtered.log	660
asyncs-openwhisk-direct-event-v1	C5	asyncs	dynamic-html-derived-v1	222	1	2407abb2ce27461f87abb2ce27161fac	OW300	1	2	true	latest_ow300_not_after_ow310_tie_first_source_line	scheduler	true	true		scheduler0	openwhisk_scheduler	1	d2950e6ef2b5b14f96b4229e969f8d14	1784761203434000000	19826589881227	openwhisk_scheduler_jvm_mono	recovery/openwhisk/capture/scheduler.filtered.log	661
asyncs-openwhisk-direct-event-v1	C5	asyncs	dynamic-html-derived-v1	222	1	2407abb2ce27461f87abb2ce27161fac	OW300	2	2	false	latest_ow300_not_after_ow310_tie_first_source_line	scheduler	true	true		scheduler0	openwhisk_scheduler	1	d2950e6ef2b5b14f96b4229e969f8d14	1784761203434000000	19826589924338	openwhisk_scheduler_jvm_mono	recovery/openwhisk/capture/scheduler.filtered.log	662
asyncs-openwhisk-direct-event-v1	C5	asyncs	dynamic-html-derived-v1	222	1	2407abb2ce27461f87abb2ce27161fac	OW310	1	1	true	single_direct_observation	invoker	true	true		invoker0	openwhisk_invoker	29163	d2950e6ef2b5b14f96b4229e969f8d14	1784761203436000000	19826648757470	openwhisk_invoker_jvm_mono	recovery/openwhisk/capture/invokers.filtered.log	487
asyncs-openwhisk-direct-event-v1	C5	asyncs	dynamic-html-derived-v1	222	1	2407abb2ce27461f87abb2ce27161fac	OW800	1	1	true	single_direct_observation	invoker	true	true		invoker0	openwhisk_invoker	29163	d2950e6ef2b5b14f96b4229e969f8d14	1784761203781000000	19826993637978	openwhisk_invoker_jvm_mono	recovery/openwhisk/capture/invokers.filtered.log	490
asyncs-openwhisk-direct-event-v1	C5	asyncs	dynamic-html-derived-v1	103	1	25314e9ff54c4215b14e9ff54c42155d	OW120	1	1	true	single_direct_observation	controller	true	true		controller0	openwhisk_controller	1	bd1bee0e1ebcf98b18c9bd270f8778dc	1784761182079000000	19805235446593	openwhisk_controller_jvm_mono	recovery/openwhisk/capture/controller.filtered.log	205
asyncs-openwhisk-direct-event-v1	C5	asyncs	dynamic-html-derived-v1	103	1	25314e9ff54c4215b14e9ff54c42155d	OW150	1	1	true	single_direct_observation	controller	true	true		controller0	openwhisk_controller	1	bd1bee0e1ebcf98b18c9bd270f8778dc	1784761182080000000	19805235489472	openwhisk_controller_jvm_mono	recovery/openwhisk/capture/controller.filtered.log	206
asyncs-openwhisk-direct-event-v1	C5	asyncs	dynamic-html-derived-v1	103	1	25314e9ff54c4215b14e9ff54c42155d	OW260	1	1	true	single_direct_observation	scheduler	true	true		scheduler0	openwhisk_scheduler	1	bd1bee0e1ebcf98b18c9bd270f8778dc	1784761182085000000	19805240952817	openwhisk_scheduler_jvm_mono	recovery/openwhisk/capture/scheduler.filtered.log	303
asyncs-openwhisk-direct-event-v1	C5	asyncs	dynamic-html-derived-v1	103	1	25314e9ff54c4215b14e9ff54c42155d	OW300	1	2	true	latest_ow300_not_after_ow310_tie_first_source_line	scheduler	true	true		scheduler0	openwhisk_scheduler	1	bd1bee0e1ebcf98b18c9bd270f8778dc	1784761182085000000	19805241137477	openwhisk_scheduler_jvm_mono	recovery/openwhisk/capture/scheduler.filtered.log	304
asyncs-openwhisk-direct-event-v1	C5	asyncs	dynamic-html-derived-v1	103	1	25314e9ff54c4215b14e9ff54c42155d	OW300	2	2	false	latest_ow300_not_after_ow310_tie_first_source_line	scheduler	true	true		scheduler0	openwhisk_scheduler	1	bd1bee0e1ebcf98b18c9bd270f8778dc	1784761182085000000	19805241227771	openwhisk_scheduler_jvm_mono	recovery/openwhisk/capture/scheduler.filtered.log	305
asyncs-openwhisk-direct-event-v1	C5	asyncs	dynamic-html-derived-v1	103	1	25314e9ff54c4215b14e9ff54c42155d	OW310	1	1	true	single_direct_observation	invoker	true	true		invoker2	openwhisk_invoker	26523	bd1bee0e1ebcf98b18c9bd270f8778dc	1784761182088000000	19804243496606	openwhisk_invoker_jvm_mono	recovery/openwhisk/capture/invokers.filtered.log	925
asyncs-openwhisk-direct-event-v1	C5	asyncs	dynamic-html-derived-v1	103	1	25314e9ff54c4215b14e9ff54c42155d	OW800	1	1	true	single_direct_observation	invoker	true	true		invoker2	openwhisk_invoker	26523	bd1bee0e1ebcf98b18c9bd270f8778dc	1784761182506000000	19804661333916	openwhisk_invoker_jvm_mono	recovery/openwhisk/capture/invokers.filtered.log	931
asyncs-openwhisk-direct-event-v1	C5	asyncs	dynamic-html-derived-v1	40	1	253f82147eea4e61bf82147eeade6178	OW120	1	1	true	single_direct_observation	controller	true	true		controller0	openwhisk_controller	1	5bb92ae5dd5693dcf82764879504fbf6	1784761171530000000	19794685840674	openwhisk_controller_jvm_mono	recovery/openwhisk/capture/controller.filtered.log	79
asyncs-openwhisk-direct-event-v1	C5	asyncs	dynamic-html-derived-v1	40	1	253f82147eea4e61bf82147eeade6178	OW150	1	1	true	single_direct_observation	controller	true	true		controller0	openwhisk_controller	1	5bb92ae5dd5693dcf82764879504fbf6	1784761171530000000	19794685904364	openwhisk_controller_jvm_mono	recovery/openwhisk/capture/controller.filtered.log	80
asyncs-openwhisk-direct-event-v1	C5	asyncs	dynamic-html-derived-v1	40	1	253f82147eea4e61bf82147eeade6178	OW260	1	1	true	single_direct_observation	scheduler	true	true		scheduler0	openwhisk_scheduler	1	5bb92ae5dd5693dcf82764879504fbf6	1784761171534000000	19794689717779	openwhisk_scheduler_jvm_mono	recovery/openwhisk/capture/scheduler.filtered.log	114
asyncs-openwhisk-direct-event-v1	C5	asyncs	dynamic-html-derived-v1	40	1	253f82147eea4e61bf82147eeade6178	OW300	1	2	true	latest_ow300_not_after_ow310_tie_first_source_line	scheduler	true	true		scheduler0	openwhisk_scheduler	1	5bb92ae5dd5693dcf82764879504fbf6	1784761171534000000	19794689878218	openwhisk_scheduler_jvm_mono	recovery/openwhisk/capture/scheduler.filtered.log	115
asyncs-openwhisk-direct-event-v1	C5	asyncs	dynamic-html-derived-v1	40	1	253f82147eea4e61bf82147eeade6178	OW300	2	2	false	latest_ow300_not_after_ow310_tie_first_source_line	scheduler	true	true		scheduler0	openwhisk_scheduler	1	5bb92ae5dd5693dcf82764879504fbf6	1784761171534000000	19794689960889	openwhisk_scheduler_jvm_mono	recovery/openwhisk/capture/scheduler.filtered.log	116
asyncs-openwhisk-direct-event-v1	C5	asyncs	dynamic-html-derived-v1	40	1	253f82147eea4e61bf82147eeade6178	OW310	1	1	true	single_direct_observation	invoker	true	true		invoker2	openwhisk_invoker	26523	5bb92ae5dd5693dcf82764879504fbf6	1784761171537000000	19793692424366	openwhisk_invoker_jvm_mono	recovery/openwhisk/capture/invokers.filtered.log	745
asyncs-openwhisk-direct-event-v1	C5	asyncs	dynamic-html-derived-v1	40	1	253f82147eea4e61bf82147eeade6178	OW800	1	1	true	single_direct_observation	invoker	true	true		invoker2	openwhisk_invoker	26523	5bb92ae5dd5693dcf82764879504fbf6	1784761172058000000	19794213006210	openwhisk_invoker_jvm_mono	recovery/openwhisk/capture/invokers.filtered.log	753
asyncs-openwhisk-direct-event-v1	C5	asyncs	dynamic-html-derived-v1	70	1	25a9a31d14794139a9a31d147901399b	OW120	1	1	true	single_direct_observation	controller	true	true		controller0	openwhisk_controller	1	e20eae54c0eb9ef8c3f4b17aaed3abbc	1784761176659000000	19799815015338	openwhisk_controller_jvm_mono	recovery/openwhisk/capture/controller.filtered.log	139
asyncs-openwhisk-direct-event-v1	C5	asyncs	dynamic-html-derived-v1	70	1	25a9a31d14794139a9a31d147901399b	OW150	1	1	true	single_direct_observation	controller	true	true		controller0	openwhisk_controller	1	e20eae54c0eb9ef8c3f4b17aaed3abbc	1784761176659000000	19799815057717	openwhisk_controller_jvm_mono	recovery/openwhisk/capture/controller.filtered.log	140
asyncs-openwhisk-direct-event-v1	C5	asyncs	dynamic-html-derived-v1	70	1	25a9a31d14794139a9a31d147901399b	OW260	1	1	true	single_direct_observation	scheduler	true	true		scheduler0	openwhisk_scheduler	1	e20eae54c0eb9ef8c3f4b17aaed3abbc	1784761176663000000	19799818650925	openwhisk_scheduler_jvm_mono	recovery/openwhisk/capture/scheduler.filtered.log	204
asyncs-openwhisk-direct-event-v1	C5	asyncs	dynamic-html-derived-v1	70	1	25a9a31d14794139a9a31d147901399b	OW300	1	2	true	latest_ow300_not_after_ow310_tie_first_source_line	scheduler	true	true		scheduler0	openwhisk_scheduler	1	e20eae54c0eb9ef8c3f4b17aaed3abbc	1784761176663000000	19799818895352	openwhisk_scheduler_jvm_mono	recovery/openwhisk/capture/scheduler.filtered.log	205
asyncs-openwhisk-direct-event-v1	C5	asyncs	dynamic-html-derived-v1	70	1	25a9a31d14794139a9a31d147901399b	OW300	2	2	false	latest_ow300_not_after_ow310_tie_first_source_line	scheduler	true	true		scheduler0	openwhisk_scheduler	1	e20eae54c0eb9ef8c3f4b17aaed3abbc	1784761176663000000	19799819185113	openwhisk_scheduler_jvm_mono	recovery/openwhisk/capture/scheduler.filtered.log	206
asyncs-openwhisk-direct-event-v1	C5	asyncs	dynamic-html-derived-v1	70	1	25a9a31d14794139a9a31d147901399b	OW310	1	1	true	single_direct_observation	invoker	true	true		invoker2	openwhisk_invoker	26523	e20eae54c0eb9ef8c3f4b17aaed3abbc	1784761176666000000	19798821570109	openwhisk_invoker_jvm_mono	recovery/openwhisk/capture/invokers.filtered.log	830
asyncs-openwhisk-direct-event-v1	C5	asyncs	dynamic-html-derived-v1	70	1	25a9a31d14794139a9a31d147901399b	OW800	1	1	true	single_direct_observation	invoker	true	true		invoker2	openwhisk_invoker	26523	e20eae54c0eb9ef8c3f4b17aaed3abbc	1784761177168000000	19799323131721	openwhisk_invoker_jvm_mono	recovery/openwhisk/capture/invokers.filtered.log	838
asyncs-openwhisk-direct-event-v1	C5	asyncs	dynamic-html-derived-v1	86	1	2708a33c4ba745da88a33c4ba785da05	OW120	1	1	true	single_direct_observation	controller	true	true		controller0	openwhisk_controller	1	beb8a1e46ceb5f65af9ab5be441998c2	1784761179236000000	19802392109844	openwhisk_controller_jvm_mono	recovery/openwhisk/capture/controller.filtered.log	171
asyncs-openwhisk-direct-event-v1	C5	asyncs	dynamic-html-derived-v1	86	1	2708a33c4ba745da88a33c4ba785da05	OW150	1	1	true	single_direct_observation	controller	true	true		controller0	openwhisk_controller	1	beb8a1e46ceb5f65af9ab5be441998c2	1784761179236000000	19802392155162	openwhisk_controller_jvm_mono	recovery/openwhisk/capture/controller.filtered.log	172
asyncs-openwhisk-direct-event-v1	C5	asyncs	dynamic-html-derived-v1	86	1	2708a33c4ba745da88a33c4ba785da05	OW260	1	1	true	single_direct_observation	scheduler	true	true		scheduler0	openwhisk_scheduler	1	beb8a1e46ceb5f65af9ab5be441998c2	1784761179239000000	19802395411494	openwhisk_scheduler_jvm_mono	recovery/openwhisk/capture/scheduler.filtered.log	252
asyncs-openwhisk-direct-event-v1	C5	asyncs	dynamic-html-derived-v1	86	1	2708a33c4ba745da88a33c4ba785da05	OW300	1	2	true	latest_ow300_not_after_ow310_tie_first_source_line	scheduler	true	true		scheduler0	openwhisk_scheduler	1	beb8a1e46ceb5f65af9ab5be441998c2	1784761179240000000	19802396275036	openwhisk_scheduler_jvm_mono	recovery/openwhisk/capture/scheduler.filtered.log	253
asyncs-openwhisk-direct-event-v1	C5	asyncs	dynamic-html-derived-v1	86	1	2708a33c4ba745da88a33c4ba785da05	OW300	2	2	false	latest_ow300_not_after_ow310_tie_first_source_line	scheduler	true	true		scheduler0	openwhisk_scheduler	1	beb8a1e46ceb5f65af9ab5be441998c2	1784761179240000000	19802396333578	openwhisk_scheduler_jvm_mono	recovery/openwhisk/capture/scheduler.filtered.log	254
asyncs-openwhisk-direct-event-v1	C5	asyncs	dynamic-html-derived-v1	86	1	2708a33c4ba745da88a33c4ba785da05	OW310	1	1	true	single_direct_observation	invoker	true	true		invoker2	openwhisk_invoker	26523	beb8a1e46ceb5f65af9ab5be441998c2	1784761179244000000	19801399769532	openwhisk_invoker_jvm_mono	recovery/openwhisk/capture/invokers.filtered.log	875
asyncs-openwhisk-direct-event-v1	C5	asyncs	dynamic-html-derived-v1	86	1	2708a33c4ba745da88a33c4ba785da05	OW800	1	1	true	single_direct_observation	invoker	true	true		invoker2	openwhisk_invoker	26523	beb8a1e46ceb5f65af9ab5be441998c2	1784761179754000000	19801909493390	openwhisk_invoker_jvm_mono	recovery/openwhisk/capture/invokers.filtered.log	883
asyncs-openwhisk-direct-event-v1	C5	asyncs	dynamic-html-derived-v1	206	1	27583256926741569832569267b15605	OW120	1	1	true	single_direct_observation	controller	true	true		controller0	openwhisk_controller	1	6be5fe88a30a4cc249749583329661f1	1784761200727000000	19823882507115	openwhisk_controller_jvm_mono	recovery/openwhisk/capture/controller.filtered.log	411
asyncs-openwhisk-direct-event-v1	C5	asyncs	dynamic-html-derived-v1	206	1	27583256926741569832569267b15605	OW150	1	1	true	single_direct_observation	controller	true	true		controller0	openwhisk_controller	1	6be5fe88a30a4cc249749583329661f1	1784761200727000000	19823882536488	openwhisk_controller_jvm_mono	recovery/openwhisk/capture/controller.filtered.log	412
asyncs-openwhisk-direct-event-v1	C5	asyncs	dynamic-html-derived-v1	206	1	27583256926741569832569267b15605	OW260	1	1	true	single_direct_observation	scheduler	true	true		scheduler0	openwhisk_scheduler	1	6be5fe88a30a4cc249749583329661f1	1784761200729000000	19823885415758	openwhisk_scheduler_jvm_mono	recovery/openwhisk/capture/scheduler.filtered.log	612
asyncs-openwhisk-direct-event-v1	C5	asyncs	dynamic-html-derived-v1	206	1	27583256926741569832569267b15605	OW300	1	2	true	latest_ow300_not_after_ow310_tie_first_source_line	scheduler	true	true		scheduler0	openwhisk_scheduler	1	6be5fe88a30a4cc249749583329661f1	1784761200730000000	19823885519827	openwhisk_scheduler_jvm_mono	recovery/openwhisk/capture/scheduler.filtered.log	613
asyncs-openwhisk-direct-event-v1	C5	asyncs	dynamic-html-derived-v1	206	1	27583256926741569832569267b15605	OW300	2	2	false	latest_ow300_not_after_ow310_tie_first_source_line	scheduler	true	true		scheduler0	openwhisk_scheduler	1	6be5fe88a30a4cc249749583329661f1	1784761200730000000	19823885537320	openwhisk_scheduler_jvm_mono	recovery/openwhisk/capture/scheduler.filtered.log	614
asyncs-openwhisk-direct-event-v1	C5	asyncs	dynamic-html-derived-v1	206	1	27583256926741569832569267b15605	OW310	1	1	true	single_direct_observation	invoker	true	true		invoker2	openwhisk_invoker	26523	6be5fe88a30a4cc249749583329661f1	1784761200732000000	19822886968770	openwhisk_invoker_jvm_mono	recovery/openwhisk/capture/invokers.filtered.log	1225
asyncs-openwhisk-direct-event-v1	C5	asyncs	dynamic-html-derived-v1	206	1	27583256926741569832569267b15605	OW800	1	1	true	single_direct_observation	invoker	true	true		invoker2	openwhisk_invoker	26523	6be5fe88a30a4cc249749583329661f1	1784761201218000000	19823373850591	openwhisk_invoker_jvm_mono	recovery/openwhisk/capture/invokers.filtered.log	1233
asyncs-openwhisk-direct-event-v1	C5	asyncs	dynamic-html-derived-v1	62	1	280c52e24e8c426b8c52e24e8cf26b48	OW120	1	1	true	single_direct_observation	controller	true	true		controller0	openwhisk_controller	1	69293213f5ccb9181396007125869425	1784761175276000000	19798431700334	openwhisk_controller_jvm_mono	recovery/openwhisk/capture/controller.filtered.log	123
asyncs-openwhisk-direct-event-v1	C5	asyncs	dynamic-html-derived-v1	62	1	280c52e24e8c426b8c52e24e8cf26b48	OW150	1	1	true	single_direct_observation	controller	true	true		controller0	openwhisk_controller	1	69293213f5ccb9181396007125869425	1784761175276000000	19798431758004	openwhisk_controller_jvm_mono	recovery/openwhisk/capture/controller.filtered.log	124
asyncs-openwhisk-direct-event-v1	C5	asyncs	dynamic-html-derived-v1	62	1	280c52e24e8c426b8c52e24e8cf26b48	OW260	1	1	true	single_direct_observation	scheduler	true	true		scheduler0	openwhisk_scheduler	1	69293213f5ccb9181396007125869425	1784761175280000000	19798435834249	openwhisk_scheduler_jvm_mono	recovery/openwhisk/capture/scheduler.filtered.log	180
asyncs-openwhisk-direct-event-v1	C5	asyncs	dynamic-html-derived-v1	62	1	280c52e24e8c426b8c52e24e8cf26b48	OW300	1	2	true	latest_ow300_not_after_ow310_tie_first_source_line	scheduler	true	true		scheduler0	openwhisk_scheduler	1	69293213f5ccb9181396007125869425	1784761175280000000	19798436013385	openwhisk_scheduler_jvm_mono	recovery/openwhisk/capture/scheduler.filtered.log	181
asyncs-openwhisk-direct-event-v1	C5	asyncs	dynamic-html-derived-v1	62	1	280c52e24e8c426b8c52e24e8cf26b48	OW300	2	2	false	latest_ow300_not_after_ow310_tie_first_source_line	scheduler	true	true		scheduler0	openwhisk_scheduler	1	69293213f5ccb9181396007125869425	1784761175280000000	19798436062565	openwhisk_scheduler_jvm_mono	recovery/openwhisk/capture/scheduler.filtered.log	182
asyncs-openwhisk-direct-event-v1	C5	asyncs	dynamic-html-derived-v1	62	1	280c52e24e8c426b8c52e24e8cf26b48	OW310	1	1	true	single_direct_observation	invoker	true	true		invoker0	openwhisk_invoker	29163	69293213f5ccb9181396007125869425	1784761175282000000	19798495149020	openwhisk_invoker_jvm_mono	recovery/openwhisk/capture/invokers.filtered.log	152
asyncs-openwhisk-direct-event-v1	C5	asyncs	dynamic-html-derived-v1	62	1	280c52e24e8c426b8c52e24e8cf26b48	OW800	1	1	true	single_direct_observation	invoker	true	true		invoker0	openwhisk_invoker	29163	69293213f5ccb9181396007125869425	1784761175625000000	19798837252515	openwhisk_invoker_jvm_mono	recovery/openwhisk/capture/invokers.filtered.log	155
asyncs-openwhisk-direct-event-v1	C5	asyncs	dynamic-html-derived-v1	289	1	287e89ffd42446febe89ffd42466fea0	OW120	1	1	true	single_direct_observation	controller	true	true		controller0	openwhisk_controller	1	5700eec0d5a5a574d3f308c5ebbb8aad	1784761215113000000	19838269009135	openwhisk_controller_jvm_mono	recovery/openwhisk/capture/controller.filtered.log	577
asyncs-openwhisk-direct-event-v1	C5	asyncs	dynamic-html-derived-v1	289	1	287e89ffd42446febe89ffd42466fea0	OW150	1	1	true	single_direct_observation	controller	true	true		controller0	openwhisk_controller	1	5700eec0d5a5a574d3f308c5ebbb8aad	1784761215113000000	19838269041134	openwhisk_controller_jvm_mono	recovery/openwhisk/capture/controller.filtered.log	578
asyncs-openwhisk-direct-event-v1	C5	asyncs	dynamic-html-derived-v1	289	1	287e89ffd42446febe89ffd42466fea0	OW260	1	1	true	single_direct_observation	scheduler	true	true		scheduler0	openwhisk_scheduler	1	5700eec0d5a5a574d3f308c5ebbb8aad	1784761215116000000	19838272203213	openwhisk_scheduler_jvm_mono	recovery/openwhisk/capture/scheduler.filtered.log	861
asyncs-openwhisk-direct-event-v1	C5	asyncs	dynamic-html-derived-v1	289	1	287e89ffd42446febe89ffd42466fea0	OW300	1	2	true	latest_ow300_not_after_ow310_tie_first_source_line	scheduler	true	true		scheduler0	openwhisk_scheduler	1	5700eec0d5a5a574d3f308c5ebbb8aad	1784761215116000000	19838272337376	openwhisk_scheduler_jvm_mono	recovery/openwhisk/capture/scheduler.filtered.log	862
asyncs-openwhisk-direct-event-v1	C5	asyncs	dynamic-html-derived-v1	289	1	287e89ffd42446febe89ffd42466fea0	OW300	2	2	false	latest_ow300_not_after_ow310_tie_first_source_line	scheduler	true	true		scheduler0	openwhisk_scheduler	1	5700eec0d5a5a574d3f308c5ebbb8aad	1784761215116000000	19838272381336	openwhisk_scheduler_jvm_mono	recovery/openwhisk/capture/scheduler.filtered.log	863
asyncs-openwhisk-direct-event-v1	C5	asyncs	dynamic-html-derived-v1	289	1	287e89ffd42446febe89ffd42466fea0	OW310	1	1	true	single_direct_observation	invoker	true	true		invoker0	openwhisk_invoker	29163	5700eec0d5a5a574d3f308c5ebbb8aad	1784761215118000000	19838331094379	openwhisk_invoker_jvm_mono	recovery/openwhisk/capture/invokers.filtered.log	627
asyncs-openwhisk-direct-event-v1	C5	asyncs	dynamic-html-derived-v1	289	1	287e89ffd42446febe89ffd42466fea0	OW800	1	1	true	single_direct_observation	invoker	true	true		invoker0	openwhisk_invoker	29163	5700eec0d5a5a574d3f308c5ebbb8aad	1784761215462000000	19838674267050	openwhisk_invoker_jvm_mono	recovery/openwhisk/capture/invokers.filtered.log	630
asyncs-openwhisk-direct-event-v1	C5	asyncs	dynamic-html-derived-v1	67	1	2920fd7d68184877a0fd7d68185877e1	OW120	1	1	true	single_direct_observation	controller	true	true		controller0	openwhisk_controller	1	0c33b59f46f33ce4052807069f66653a	1784761176105000000	19799260744529	openwhisk_controller_jvm_mono	recovery/openwhisk/capture/controller.filtered.log	133
asyncs-openwhisk-direct-event-v1	C5	asyncs	dynamic-html-derived-v1	67	1	2920fd7d68184877a0fd7d68185877e1	OW150	1	1	true	single_direct_observation	controller	true	true		controller0	openwhisk_controller	1	0c33b59f46f33ce4052807069f66653a	1784761176105000000	19799260793373	openwhisk_controller_jvm_mono	recovery/openwhisk/capture/controller.filtered.log	134
asyncs-openwhisk-direct-event-v1	C5	asyncs	dynamic-html-derived-v1	67	1	2920fd7d68184877a0fd7d68185877e1	OW260	1	1	true	single_direct_observation	scheduler	true	true		scheduler0	openwhisk_scheduler	1	0c33b59f46f33ce4052807069f66653a	1784761176108000000	19799264267128	openwhisk_scheduler_jvm_mono	recovery/openwhisk/capture/scheduler.filtered.log	195
asyncs-openwhisk-direct-event-v1	C5	asyncs	dynamic-html-derived-v1	67	1	2920fd7d68184877a0fd7d68185877e1	OW300	1	2	false	latest_ow300_not_after_ow310_tie_first_source_line	scheduler	true	true		scheduler0	openwhisk_scheduler	1	0c33b59f46f33ce4052807069f66653a	1784761176108000000	19799264431801	openwhisk_scheduler_jvm_mono	recovery/openwhisk/capture/scheduler.filtered.log	196
asyncs-openwhisk-direct-event-v1	C5	asyncs	dynamic-html-derived-v1	67	1	2920fd7d68184877a0fd7d68185877e1	OW300	2	2	true	latest_ow300_not_after_ow310_tie_first_source_line	scheduler	true	true		scheduler0	openwhisk_scheduler	1	0c33b59f46f33ce4052807069f66653a	1784761176109000000	19799264478788	openwhisk_scheduler_jvm_mono	recovery/openwhisk/capture/scheduler.filtered.log	197
asyncs-openwhisk-direct-event-v1	C5	asyncs	dynamic-html-derived-v1	67	1	2920fd7d68184877a0fd7d68185877e1	OW310	1	1	true	single_direct_observation	invoker	true	true		invoker2	openwhisk_invoker	26523	0c33b59f46f33ce4052807069f66653a	1784761176111000000	19798266104587	openwhisk_invoker_jvm_mono	recovery/openwhisk/capture/invokers.filtered.log	820
asyncs-openwhisk-direct-event-v1	C5	asyncs	dynamic-html-derived-v1	67	1	2920fd7d68184877a0fd7d68185877e1	OW800	1	1	true	single_direct_observation	invoker	true	true		invoker2	openwhisk_invoker	26523	0c33b59f46f33ce4052807069f66653a	1784761176625000000	19798780390614	openwhisk_invoker_jvm_mono	recovery/openwhisk/capture/invokers.filtered.log	828
asyncs-openwhisk-direct-event-v1	C5	asyncs	dynamic-html-derived-v1	114	1	292855ac622d492ea855ac622d592e91	OW120	1	1	true	single_direct_observation	controller	true	true		controller0	openwhisk_controller	1	33ba512053f20d0221ab47d76e8394eb	1784761184123000000	19807278891960	openwhisk_controller_jvm_mono	recovery/openwhisk/capture/controller.filtered.log	227
asyncs-openwhisk-direct-event-v1	C5	asyncs	dynamic-html-derived-v1	114	1	292855ac622d492ea855ac622d592e91	OW150	1	1	true	single_direct_observation	controller	true	true		controller0	openwhisk_controller	1	33ba512053f20d0221ab47d76e8394eb	1784761184123000000	19807278954929	openwhisk_controller_jvm_mono	recovery/openwhisk/capture/controller.filtered.log	228
asyncs-openwhisk-direct-event-v1	C5	asyncs	dynamic-html-derived-v1	114	1	292855ac622d492ea855ac622d592e91	OW260	1	1	true	single_direct_observation	scheduler	true	true		scheduler0	openwhisk_scheduler	1	33ba512053f20d0221ab47d76e8394eb	1784761184127000000	19807282584321	openwhisk_scheduler_jvm_mono	recovery/openwhisk/capture/scheduler.filtered.log	336
asyncs-openwhisk-direct-event-v1	C5	asyncs	dynamic-html-derived-v1	114	1	292855ac622d492ea855ac622d592e91	OW300	1	2	true	latest_ow300_not_after_ow310_tie_first_source_line	scheduler	true	true		scheduler0	openwhisk_scheduler	1	33ba512053f20d0221ab47d76e8394eb	1784761184127000000	19807282690280	openwhisk_scheduler_jvm_mono	recovery/openwhisk/capture/scheduler.filtered.log	337
asyncs-openwhisk-direct-event-v1	C5	asyncs	dynamic-html-derived-v1	114	1	292855ac622d492ea855ac622d592e91	OW300	2	2	false	latest_ow300_not_after_ow310_tie_first_source_line	scheduler	true	true		scheduler0	openwhisk_scheduler	1	33ba512053f20d0221ab47d76e8394eb	1784761184127000000	19807282726820	openwhisk_scheduler_jvm_mono	recovery/openwhisk/capture/scheduler.filtered.log	338
asyncs-openwhisk-direct-event-v1	C5	asyncs	dynamic-html-derived-v1	114	1	292855ac622d492ea855ac622d592e91	OW310	1	1	true	single_direct_observation	invoker	true	true		invoker0	openwhisk_invoker	29163	33ba512053f20d0221ab47d76e8394eb	1784761184142000000	19807354589844	openwhisk_invoker_jvm_mono	recovery/openwhisk/capture/invokers.filtered.log	262
asyncs-openwhisk-direct-event-v1	C5	asyncs	dynamic-html-derived-v1	114	1	292855ac622d492ea855ac622d592e91	OW800	1	1	true	single_direct_observation	invoker	true	true		invoker0	openwhisk_invoker	29163	33ba512053f20d0221ab47d76e8394eb	1784761184485000000	19807697877075	openwhisk_invoker_jvm_mono	recovery/openwhisk/capture/invokers.filtered.log	265
asyncs-openwhisk-direct-event-v1	C5	asyncs	dynamic-html-derived-v1	265	1	2aef029bf0db4440af029bf0db3440c9	OW120	1	1	true	single_direct_observation	controller	true	true		controller0	openwhisk_controller	1	b189d091535c469c390491befeb08f1b	1784761210793000000	19833948924277	openwhisk_controller_jvm_mono	recovery/openwhisk/capture/controller.filtered.log	529
asyncs-openwhisk-direct-event-v1	C5	asyncs	dynamic-html-derived-v1	265	1	2aef029bf0db4440af029bf0db3440c9	OW150	1	1	true	single_direct_observation	controller	true	true		controller0	openwhisk_controller	1	b189d091535c469c390491befeb08f1b	1784761210795000000	19833951291450	openwhisk_controller_jvm_mono	recovery/openwhisk/capture/controller.filtered.log	530
asyncs-openwhisk-direct-event-v1	C5	asyncs	dynamic-html-derived-v1	265	1	2aef029bf0db4440af029bf0db3440c9	OW260	1	1	true	single_direct_observation	scheduler	true	true		scheduler0	openwhisk_scheduler	1	b189d091535c469c390491befeb08f1b	1784761210799000000	19833954834845	openwhisk_scheduler_jvm_mono	recovery/openwhisk/capture/scheduler.filtered.log	789
asyncs-openwhisk-direct-event-v1	C5	asyncs	dynamic-html-derived-v1	265	1	2aef029bf0db4440af029bf0db3440c9	OW300	1	2	true	latest_ow300_not_after_ow310_tie_first_source_line	scheduler	true	true		scheduler0	openwhisk_scheduler	1	b189d091535c469c390491befeb08f1b	1784761210799000000	19833955034384	openwhisk_scheduler_jvm_mono	recovery/openwhisk/capture/scheduler.filtered.log	790
asyncs-openwhisk-direct-event-v1	C5	asyncs	dynamic-html-derived-v1	265	1	2aef029bf0db4440af029bf0db3440c9	OW300	2	2	false	latest_ow300_not_after_ow310_tie_first_source_line	scheduler	true	true		scheduler0	openwhisk_scheduler	1	b189d091535c469c390491befeb08f1b	1784761210799000000	19833955076559	openwhisk_scheduler_jvm_mono	recovery/openwhisk/capture/scheduler.filtered.log	791
asyncs-openwhisk-direct-event-v1	C5	asyncs	dynamic-html-derived-v1	265	1	2aef029bf0db4440af029bf0db3440c9	OW310	1	1	true	single_direct_observation	invoker	true	true		invoker2	openwhisk_invoker	26523	b189d091535c469c390491befeb08f1b	1784761210801000000	19832956628682	openwhisk_invoker_jvm_mono	recovery/openwhisk/capture/invokers.filtered.log	1398
asyncs-openwhisk-direct-event-v1	C5	asyncs	dynamic-html-derived-v1	265	1	2aef029bf0db4440af029bf0db3440c9	OW800	1	1	true	single_direct_observation	invoker	true	true		invoker2	openwhisk_invoker	26523	b189d091535c469c390491befeb08f1b	1784761211196000000	19833351677436	openwhisk_invoker_jvm_mono	recovery/openwhisk/capture/invokers.filtered.log	1403
asyncs-openwhisk-direct-event-v1	C5	asyncs	dynamic-html-derived-v1	116	1	2b3b5300a96a4542bb5300a96af54268	OW120	1	1	true	single_direct_observation	controller	true	true		controller0	openwhisk_controller	1	1c86b3118466dc0e0d19d3854d3e6e36	1784761184618000000	19807774390650	openwhisk_controller_jvm_mono	recovery/openwhisk/capture/controller.filtered.log	231
asyncs-openwhisk-direct-event-v1	C5	asyncs	dynamic-html-derived-v1	116	1	2b3b5300a96a4542bb5300a96af54268	OW150	1	1	true	single_direct_observation	controller	true	true		controller0	openwhisk_controller	1	1c86b3118466dc0e0d19d3854d3e6e36	1784761184618000000	19807774422414	openwhisk_controller_jvm_mono	recovery/openwhisk/capture/controller.filtered.log	232
asyncs-openwhisk-direct-event-v1	C5	asyncs	dynamic-html-derived-v1	116	1	2b3b5300a96a4542bb5300a96af54268	OW260	1	1	true	single_direct_observation	scheduler	true	true		scheduler0	openwhisk_scheduler	1	1c86b3118466dc0e0d19d3854d3e6e36	1784761184622000000	19807778099526	openwhisk_scheduler_jvm_mono	recovery/openwhisk/capture/scheduler.filtered.log	342
asyncs-openwhisk-direct-event-v1	C5	asyncs	dynamic-html-derived-v1	116	1	2b3b5300a96a4542bb5300a96af54268	OW300	1	2	true	latest_ow300_not_after_ow310_tie_first_source_line	scheduler	true	true		scheduler0	openwhisk_scheduler	1	1c86b3118466dc0e0d19d3854d3e6e36	1784761184622000000	19807778228925	openwhisk_scheduler_jvm_mono	recovery/openwhisk/capture/scheduler.filtered.log	343
asyncs-openwhisk-direct-event-v1	C5	asyncs	dynamic-html-derived-v1	116	1	2b3b5300a96a4542bb5300a96af54268	OW300	2	2	false	latest_ow300_not_after_ow310_tie_first_source_line	scheduler	true	true		scheduler0	openwhisk_scheduler	1	1c86b3118466dc0e0d19d3854d3e6e36	1784761184622000000	19807778266801	openwhisk_scheduler_jvm_mono	recovery/openwhisk/capture/scheduler.filtered.log	344
asyncs-openwhisk-direct-event-v1	C5	asyncs	dynamic-html-derived-v1	116	1	2b3b5300a96a4542bb5300a96af54268	OW310	1	1	true	single_direct_observation	invoker	true	true		invoker2	openwhisk_invoker	26523	1c86b3118466dc0e0d19d3854d3e6e36	1784761184625000000	19806780057169	openwhisk_invoker_jvm_mono	recovery/openwhisk/capture/invokers.filtered.log	963
asyncs-openwhisk-direct-event-v1	C5	asyncs	dynamic-html-derived-v1	116	1	2b3b5300a96a4542bb5300a96af54268	OW800	1	1	true	single_direct_observation	invoker	true	true		invoker2	openwhisk_invoker	26523	1c86b3118466dc0e0d19d3854d3e6e36	1784761185149000000	19807304764376	openwhisk_invoker_jvm_mono	recovery/openwhisk/capture/invokers.filtered.log	968
asyncs-openwhisk-direct-event-v1	C5	asyncs	dynamic-html-derived-v1	16	1	2c5bc103898346bd9bc1038983c6bd48	OW120	1	1	true	single_direct_observation	controller	true	true		controller0	openwhisk_controller	1	cb21008dd6e27697ea3a0bac838d176f	1784761167544000000	19790699718648	openwhisk_controller_jvm_mono	recovery/openwhisk/capture/controller.filtered.log	31
asyncs-openwhisk-direct-event-v1	C5	asyncs	dynamic-html-derived-v1	16	1	2c5bc103898346bd9bc1038983c6bd48	OW150	1	1	true	single_direct_observation	controller	true	true		controller0	openwhisk_controller	1	cb21008dd6e27697ea3a0bac838d176f	1784761167544000000	19790699771707	openwhisk_controller_jvm_mono	recovery/openwhisk/capture/controller.filtered.log	32
asyncs-openwhisk-direct-event-v1	C5	asyncs	dynamic-html-derived-v1	16	1	2c5bc103898346bd9bc1038983c6bd48	OW260	1	1	true	single_direct_observation	scheduler	true	true		scheduler0	openwhisk_scheduler	1	cb21008dd6e27697ea3a0bac838d176f	1784761167548000000	19790703898816	openwhisk_scheduler_jvm_mono	recovery/openwhisk/capture/scheduler.filtered.log	42
asyncs-openwhisk-direct-event-v1	C5	asyncs	dynamic-html-derived-v1	16	1	2c5bc103898346bd9bc1038983c6bd48	OW300	1	2	true	latest_ow300_not_after_ow310_tie_first_source_line	scheduler	true	true		scheduler0	openwhisk_scheduler	1	cb21008dd6e27697ea3a0bac838d176f	1784761167548000000	19790704098453	openwhisk_scheduler_jvm_mono	recovery/openwhisk/capture/scheduler.filtered.log	43
asyncs-openwhisk-direct-event-v1	C5	asyncs	dynamic-html-derived-v1	16	1	2c5bc103898346bd9bc1038983c6bd48	OW300	2	2	false	latest_ow300_not_after_ow310_tie_first_source_line	scheduler	true	true		scheduler0	openwhisk_scheduler	1	cb21008dd6e27697ea3a0bac838d176f	1784761167548000000	19790704153777	openwhisk_scheduler_jvm_mono	recovery/openwhisk/capture/scheduler.filtered.log	44
asyncs-openwhisk-direct-event-v1	C5	asyncs	dynamic-html-derived-v1	16	1	2c5bc103898346bd9bc1038983c6bd48	OW310	1	1	true	single_direct_observation	invoker	true	true		invoker2	openwhisk_invoker	26523	cb21008dd6e27697ea3a0bac838d176f	1784761167552000000	19789706890811	openwhisk_invoker_jvm_mono	recovery/openwhisk/capture/invokers.filtered.log	678
asyncs-openwhisk-direct-event-v1	C5	asyncs	dynamic-html-derived-v1	16	1	2c5bc103898346bd9bc1038983c6bd48	OW800	1	1	true	single_direct_observation	invoker	true	true		invoker2	openwhisk_invoker	26523	cb21008dd6e27697ea3a0bac838d176f	1784761168067000000	19790222642239	openwhisk_invoker_jvm_mono	recovery/openwhisk/capture/invokers.filtered.log	683
asyncs-openwhisk-direct-event-v1	C5	asyncs	dynamic-html-derived-v1	126	1	2dc06f7220874c26806f7220874c26f0	OW120	1	1	true	single_direct_observation	controller	true	true		controller0	openwhisk_controller	1	024983757fd444a6cda67c2ce98f4353	1784761186379000000	19809535348407	openwhisk_controller_jvm_mono	recovery/openwhisk/capture/controller.filtered.log	251
asyncs-openwhisk-direct-event-v1	C5	asyncs	dynamic-html-derived-v1	126	1	2dc06f7220874c26806f7220874c26f0	OW150	1	1	true	single_direct_observation	controller	true	true		controller0	openwhisk_controller	1	024983757fd444a6cda67c2ce98f4353	1784761186379000000	19809535387303	openwhisk_controller_jvm_mono	recovery/openwhisk/capture/controller.filtered.log	252
asyncs-openwhisk-direct-event-v1	C5	asyncs	dynamic-html-derived-v1	126	1	2dc06f7220874c26806f7220874c26f0	OW260	1	1	true	single_direct_observation	scheduler	true	true		scheduler0	openwhisk_scheduler	1	024983757fd444a6cda67c2ce98f4353	1784761186389000000	19809544457745	openwhisk_scheduler_jvm_mono	recovery/openwhisk/capture/scheduler.filtered.log	372
asyncs-openwhisk-direct-event-v1	C5	asyncs	dynamic-html-derived-v1	126	1	2dc06f7220874c26806f7220874c26f0	OW300	1	2	true	latest_ow300_not_after_ow310_tie_first_source_line	scheduler	true	true		scheduler0	openwhisk_scheduler	1	024983757fd444a6cda67c2ce98f4353	1784761186389000000	19809544624659	openwhisk_scheduler_jvm_mono	recovery/openwhisk/capture/scheduler.filtered.log	373
asyncs-openwhisk-direct-event-v1	C5	asyncs	dynamic-html-derived-v1	126	1	2dc06f7220874c26806f7220874c26f0	OW300	2	2	false	latest_ow300_not_after_ow310_tie_first_source_line	scheduler	true	true		scheduler0	openwhisk_scheduler	1	024983757fd444a6cda67c2ce98f4353	1784761186389000000	19809544664407	openwhisk_scheduler_jvm_mono	recovery/openwhisk/capture/scheduler.filtered.log	374
asyncs-openwhisk-direct-event-v1	C5	asyncs	dynamic-html-derived-v1	126	1	2dc06f7220874c26806f7220874c26f0	OW310	1	1	true	single_direct_observation	invoker	true	true		invoker2	openwhisk_invoker	26523	024983757fd444a6cda67c2ce98f4353	1784761186391000000	19808546110521	openwhisk_invoker_jvm_mono	recovery/openwhisk/capture/invokers.filtered.log	993
asyncs-openwhisk-direct-event-v1	C5	asyncs	dynamic-html-derived-v1	126	1	2dc06f7220874c26806f7220874c26f0	OW800	1	1	true	single_direct_observation	invoker	true	true		invoker2	openwhisk_invoker	26523	024983757fd444a6cda67c2ce98f4353	1784761186976000000	19809131104187	openwhisk_invoker_jvm_mono	recovery/openwhisk/capture/invokers.filtered.log	998
asyncs-openwhisk-direct-event-v1	C5	asyncs	dynamic-html-derived-v1	293	1	2e1d3b5d6e114e589d3b5d6e112e58ce	OW120	1	1	true	single_direct_observation	controller	true	true		controller0	openwhisk_controller	1	9bd4ac4a36c44a93ed05648c6c43b006	1784761215805000000	19838961232846	openwhisk_controller_jvm_mono	recovery/openwhisk/capture/controller.filtered.log	585
asyncs-openwhisk-direct-event-v1	C5	asyncs	dynamic-html-derived-v1	293	1	2e1d3b5d6e114e589d3b5d6e112e58ce	OW150	1	1	true	single_direct_observation	controller	true	true		controller0	openwhisk_controller	1	9bd4ac4a36c44a93ed05648c6c43b006	1784761215805000000	19838961263096	openwhisk_controller_jvm_mono	recovery/openwhisk/capture/controller.filtered.log	586
asyncs-openwhisk-direct-event-v1	C5	asyncs	dynamic-html-derived-v1	293	1	2e1d3b5d6e114e589d3b5d6e112e58ce	OW260	1	1	true	single_direct_observation	scheduler	true	true		scheduler0	openwhisk_scheduler	1	9bd4ac4a36c44a93ed05648c6c43b006	1784761215811000000	19838967345009	openwhisk_scheduler_jvm_mono	recovery/openwhisk/capture/scheduler.filtered.log	873
asyncs-openwhisk-direct-event-v1	C5	asyncs	dynamic-html-derived-v1	293	1	2e1d3b5d6e114e589d3b5d6e112e58ce	OW300	1	2	true	latest_ow300_not_after_ow310_tie_first_source_line	scheduler	true	true		scheduler0	openwhisk_scheduler	1	9bd4ac4a36c44a93ed05648c6c43b006	1784761215812000000	19838967501285	openwhisk_scheduler_jvm_mono	recovery/openwhisk/capture/scheduler.filtered.log	874
asyncs-openwhisk-direct-event-v1	C5	asyncs	dynamic-html-derived-v1	293	1	2e1d3b5d6e114e589d3b5d6e112e58ce	OW300	2	2	false	latest_ow300_not_after_ow310_tie_first_source_line	scheduler	true	true		scheduler0	openwhisk_scheduler	1	9bd4ac4a36c44a93ed05648c6c43b006	1784761215812000000	19838967547317	openwhisk_scheduler_jvm_mono	recovery/openwhisk/capture/scheduler.filtered.log	875
asyncs-openwhisk-direct-event-v1	C5	asyncs	dynamic-html-derived-v1	293	1	2e1d3b5d6e114e589d3b5d6e112e58ce	OW310	1	1	true	single_direct_observation	invoker	true	true		invoker2	openwhisk_invoker	26523	9bd4ac4a36c44a93ed05648c6c43b006	1784761215814000000	19837969254007	openwhisk_invoker_jvm_mono	recovery/openwhisk/capture/invokers.filtered.log	1480
asyncs-openwhisk-direct-event-v1	C5	asyncs	dynamic-html-derived-v1	293	1	2e1d3b5d6e114e589d3b5d6e112e58ce	OW800	1	1	true	single_direct_observation	invoker	true	true		invoker2	openwhisk_invoker	26523	9bd4ac4a36c44a93ed05648c6c43b006	1784761216307000000	19838462010142	openwhisk_invoker_jvm_mono	recovery/openwhisk/capture/invokers.filtered.log	1488
asyncs-openwhisk-direct-event-v1	C5	asyncs	dynamic-html-derived-v1	268	1	2e8a244650b94af48a244650b9caf40b	OW120	1	1	true	single_direct_observation	controller	true	true		controller0	openwhisk_controller	1	a259e3d5e096908eb369f6dcfe5b8be1	1784761211226000000	19834382173241	openwhisk_controller_jvm_mono	recovery/openwhisk/capture/controller.filtered.log	535
asyncs-openwhisk-direct-event-v1	C5	asyncs	dynamic-html-derived-v1	268	1	2e8a244650b94af48a244650b9caf40b	OW150	1	1	true	single_direct_observation	controller	true	true		controller0	openwhisk_controller	1	a259e3d5e096908eb369f6dcfe5b8be1	1784761211226000000	19834382203064	openwhisk_controller_jvm_mono	recovery/openwhisk/capture/controller.filtered.log	536
asyncs-openwhisk-direct-event-v1	C5	asyncs	dynamic-html-derived-v1	268	1	2e8a244650b94af48a244650b9caf40b	OW260	1	1	true	single_direct_observation	scheduler	true	true		scheduler0	openwhisk_scheduler	1	a259e3d5e096908eb369f6dcfe5b8be1	1784761211229000000	19834385240595	openwhisk_scheduler_jvm_mono	recovery/openwhisk/capture/scheduler.filtered.log	798
asyncs-openwhisk-direct-event-v1	C5	asyncs	dynamic-html-derived-v1	268	1	2e8a244650b94af48a244650b9caf40b	OW300	1	2	true	latest_ow300_not_after_ow310_tie_first_source_line	scheduler	true	true		scheduler0	openwhisk_scheduler	1	a259e3d5e096908eb369f6dcfe5b8be1	1784761211229000000	19834385359792	openwhisk_scheduler_jvm_mono	recovery/openwhisk/capture/scheduler.filtered.log	799
asyncs-openwhisk-direct-event-v1	C5	asyncs	dynamic-html-derived-v1	268	1	2e8a244650b94af48a244650b9caf40b	OW300	2	2	false	latest_ow300_not_after_ow310_tie_first_source_line	scheduler	true	true		scheduler0	openwhisk_scheduler	1	a259e3d5e096908eb369f6dcfe5b8be1	1784761211229000000	19834385389732	openwhisk_scheduler_jvm_mono	recovery/openwhisk/capture/scheduler.filtered.log	800
asyncs-openwhisk-direct-event-v1	C5	asyncs	dynamic-html-derived-v1	268	1	2e8a244650b94af48a244650b9caf40b	OW310	1	1	true	single_direct_observation	invoker	true	true		invoker2	openwhisk_invoker	26523	a259e3d5e096908eb369f6dcfe5b8be1	1784761211231000000	19833386850911	openwhisk_invoker_jvm_mono	recovery/openwhisk/capture/invokers.filtered.log	1405
asyncs-openwhisk-direct-event-v1	C5	asyncs	dynamic-html-derived-v1	268	1	2e8a244650b94af48a244650b9caf40b	OW800	1	1	true	single_direct_observation	invoker	true	true		invoker2	openwhisk_invoker	26523	a259e3d5e096908eb369f6dcfe5b8be1	1784761211751000000	19833906500197	openwhisk_invoker_jvm_mono	recovery/openwhisk/capture/invokers.filtered.log	1413
asyncs-openwhisk-direct-event-v1	C5	asyncs	dynamic-html-derived-v1	174	1	2e9b36e92c7444ab9b36e92c7464ab0f	OW120	1	1	true	single_direct_observation	controller	true	true		controller0	openwhisk_controller	1	d7bcf73ae9400b4ee97ab86074fada2f	1784761195112000000	19818267719317	openwhisk_controller_jvm_mono	recovery/openwhisk/capture/controller.filtered.log	347
asyncs-openwhisk-direct-event-v1	C5	asyncs	dynamic-html-derived-v1	174	1	2e9b36e92c7444ab9b36e92c7464ab0f	OW150	1	1	true	single_direct_observation	controller	true	true		controller0	openwhisk_controller	1	d7bcf73ae9400b4ee97ab86074fada2f	1784761195112000000	19818267756741	openwhisk_controller_jvm_mono	recovery/openwhisk/capture/controller.filtered.log	348
asyncs-openwhisk-direct-event-v1	C5	asyncs	dynamic-html-derived-v1	174	1	2e9b36e92c7444ab9b36e92c7464ab0f	OW260	1	1	true	single_direct_observation	scheduler	true	true		scheduler0	openwhisk_scheduler	1	d7bcf73ae9400b4ee97ab86074fada2f	1784761195115000000	19818271075345	openwhisk_scheduler_jvm_mono	recovery/openwhisk/capture/scheduler.filtered.log	516
asyncs-openwhisk-direct-event-v1	C5	asyncs	dynamic-html-derived-v1	174	1	2e9b36e92c7444ab9b36e92c7464ab0f	OW300	1	2	true	latest_ow300_not_after_ow310_tie_first_source_line	scheduler	true	true		scheduler0	openwhisk_scheduler	1	d7bcf73ae9400b4ee97ab86074fada2f	1784761195115000000	19818271228152	openwhisk_scheduler_jvm_mono	recovery/openwhisk/capture/scheduler.filtered.log	517
asyncs-openwhisk-direct-event-v1	C5	asyncs	dynamic-html-derived-v1	174	1	2e9b36e92c7444ab9b36e92c7464ab0f	OW300	2	2	false	latest_ow300_not_after_ow310_tie_first_source_line	scheduler	true	true		scheduler0	openwhisk_scheduler	1	d7bcf73ae9400b4ee97ab86074fada2f	1784761195115000000	19818271270037	openwhisk_scheduler_jvm_mono	recovery/openwhisk/capture/scheduler.filtered.log	518
asyncs-openwhisk-direct-event-v1	C5	asyncs	dynamic-html-derived-v1	174	1	2e9b36e92c7444ab9b36e92c7464ab0f	OW310	1	1	true	single_direct_observation	invoker	true	true		invoker2	openwhisk_invoker	26523	d7bcf73ae9400b4ee97ab86074fada2f	1784761195118000000	19817273135616	openwhisk_invoker_jvm_mono	recovery/openwhisk/capture/invokers.filtered.log	1130
asyncs-openwhisk-direct-event-v1	C5	asyncs	dynamic-html-derived-v1	174	1	2e9b36e92c7444ab9b36e92c7464ab0f	OW800	1	1	true	single_direct_observation	invoker	true	true		invoker2	openwhisk_invoker	26523	d7bcf73ae9400b4ee97ab86074fada2f	1784761195654000000	19817809723644	openwhisk_invoker_jvm_mono	recovery/openwhisk/capture/invokers.filtered.log	1138
asyncs-openwhisk-direct-event-v1	C5	asyncs	dynamic-html-derived-v1	225	1	2e9dbd255f1c4c209dbd255f1cac20ca	OW120	1	1	true	single_direct_observation	controller	true	true		controller0	openwhisk_controller	1	d47e7923b7b7e00662b818e726109e0d	1784761204060000000	19827215795053	openwhisk_controller_jvm_mono	recovery/openwhisk/capture/controller.filtered.log	449
asyncs-openwhisk-direct-event-v1	C5	asyncs	dynamic-html-derived-v1	225	1	2e9dbd255f1c4c209dbd255f1cac20ca	OW150	1	1	true	single_direct_observation	controller	true	true		controller0	openwhisk_controller	1	d47e7923b7b7e00662b818e726109e0d	1784761204060000000	19827215828959	openwhisk_controller_jvm_mono	recovery/openwhisk/capture/controller.filtered.log	450
asyncs-openwhisk-direct-event-v1	C5	asyncs	dynamic-html-derived-v1	225	1	2e9dbd255f1c4c209dbd255f1cac20ca	OW260	1	1	true	single_direct_observation	scheduler	true	true		scheduler0	openwhisk_scheduler	1	d47e7923b7b7e00662b818e726109e0d	1784761204064000000	19827219971520	openwhisk_scheduler_jvm_mono	recovery/openwhisk/capture/scheduler.filtered.log	669
asyncs-openwhisk-direct-event-v1	C5	asyncs	dynamic-html-derived-v1	225	1	2e9dbd255f1c4c209dbd255f1cac20ca	OW300	1	2	true	latest_ow300_not_after_ow310_tie_first_source_line	scheduler	true	true		scheduler0	openwhisk_scheduler	1	d47e7923b7b7e00662b818e726109e0d	1784761204064000000	19827220137407	openwhisk_scheduler_jvm_mono	recovery/openwhisk/capture/scheduler.filtered.log	670
asyncs-openwhisk-direct-event-v1	C5	asyncs	dynamic-html-derived-v1	225	1	2e9dbd255f1c4c209dbd255f1cac20ca	OW300	2	2	false	latest_ow300_not_after_ow310_tie_first_source_line	scheduler	true	true		scheduler0	openwhisk_scheduler	1	d47e7923b7b7e00662b818e726109e0d	1784761204064000000	19827220207539	openwhisk_scheduler_jvm_mono	recovery/openwhisk/capture/scheduler.filtered.log	671
asyncs-openwhisk-direct-event-v1	C5	asyncs	dynamic-html-derived-v1	225	1	2e9dbd255f1c4c209dbd255f1cac20ca	OW310	1	1	true	single_direct_observation	invoker	true	true		invoker2	openwhisk_invoker	26523	d47e7923b7b7e00662b818e726109e0d	1784761204068000000	19826223180236	openwhisk_invoker_jvm_mono	recovery/openwhisk/capture/invokers.filtered.log	1283
asyncs-openwhisk-direct-event-v1	C5	asyncs	dynamic-html-derived-v1	225	1	2e9dbd255f1c4c209dbd255f1cac20ca	OW800	1	1	true	single_direct_observation	invoker	true	true		invoker2	openwhisk_invoker	26523	d47e7923b7b7e00662b818e726109e0d	1784761204558000000	19826713531202	openwhisk_invoker_jvm_mono	recovery/openwhisk/capture/invokers.filtered.log	1288
asyncs-openwhisk-direct-event-v1	C5	asyncs	dynamic-html-derived-v1	209	1	2f85f2886a3e458985f2886a3ef58997	OW120	1	1	true	single_direct_observation	controller	true	true		controller0	openwhisk_controller	1	7fcad50f39e2e777bf9f4aaedd94a7c7	1784761201259000000	19824414837296	openwhisk_controller_jvm_mono	recovery/openwhisk/capture/controller.filtered.log	417
asyncs-openwhisk-direct-event-v1	C5	asyncs	dynamic-html-derived-v1	209	1	2f85f2886a3e458985f2886a3ef58997	OW150	1	1	true	single_direct_observation	controller	true	true		controller0	openwhisk_controller	1	7fcad50f39e2e777bf9f4aaedd94a7c7	1784761201259000000	19824414869123	openwhisk_controller_jvm_mono	recovery/openwhisk/capture/controller.filtered.log	418
asyncs-openwhisk-direct-event-v1	C5	asyncs	dynamic-html-derived-v1	209	1	2f85f2886a3e458985f2886a3ef58997	OW260	1	1	true	single_direct_observation	scheduler	true	true		scheduler0	openwhisk_scheduler	1	7fcad50f39e2e777bf9f4aaedd94a7c7	1784761201262000000	19824418191334	openwhisk_scheduler_jvm_mono	recovery/openwhisk/capture/scheduler.filtered.log	621
asyncs-openwhisk-direct-event-v1	C5	asyncs	dynamic-html-derived-v1	209	1	2f85f2886a3e458985f2886a3ef58997	OW300	1	2	true	latest_ow300_not_after_ow310_tie_first_source_line	scheduler	true	true		scheduler0	openwhisk_scheduler	1	7fcad50f39e2e777bf9f4aaedd94a7c7	1784761201262000000	19824418388867	openwhisk_scheduler_jvm_mono	recovery/openwhisk/capture/scheduler.filtered.log	622
asyncs-openwhisk-direct-event-v1	C5	asyncs	dynamic-html-derived-v1	209	1	2f85f2886a3e458985f2886a3ef58997	OW300	2	2	false	latest_ow300_not_after_ow310_tie_first_source_line	scheduler	true	true		scheduler0	openwhisk_scheduler	1	7fcad50f39e2e777bf9f4aaedd94a7c7	1784761201262000000	19824418434596	openwhisk_scheduler_jvm_mono	recovery/openwhisk/capture/scheduler.filtered.log	623
asyncs-openwhisk-direct-event-v1	C5	asyncs	dynamic-html-derived-v1	209	1	2f85f2886a3e458985f2886a3ef58997	OW310	1	1	true	single_direct_observation	invoker	true	true		invoker2	openwhisk_invoker	26523	7fcad50f39e2e777bf9f4aaedd94a7c7	1784761201265000000	19823420272273	openwhisk_invoker_jvm_mono	recovery/openwhisk/capture/invokers.filtered.log	1235
asyncs-openwhisk-direct-event-v1	C5	asyncs	dynamic-html-derived-v1	209	1	2f85f2886a3e458985f2886a3ef58997	OW800	1	1	true	single_direct_observation	invoker	true	true		invoker2	openwhisk_invoker	26523	7fcad50f39e2e777bf9f4aaedd94a7c7	1784761201796000000	19823951611126	openwhisk_invoker_jvm_mono	recovery/openwhisk/capture/invokers.filtered.log	1243
asyncs-openwhisk-direct-event-v1	C5	asyncs	dynamic-html-derived-v1	25	1	302c0aad512347caac0aad5123c7ca1a	OW120	1	1	true	single_direct_observation	controller	true	true		controller0	openwhisk_controller	1	b91c4a202e144e617a7d38993b576b9a	1784761169081000000	19792237033025	openwhisk_controller_jvm_mono	recovery/openwhisk/capture/controller.filtered.log	49
asyncs-openwhisk-direct-event-v1	C5	asyncs	dynamic-html-derived-v1	25	1	302c0aad512347caac0aad5123c7ca1a	OW150	1	1	true	single_direct_observation	controller	true	true		controller0	openwhisk_controller	1	b91c4a202e144e617a7d38993b576b9a	1784761169081000000	19792237068538	openwhisk_controller_jvm_mono	recovery/openwhisk/capture/controller.filtered.log	50
asyncs-openwhisk-direct-event-v1	C5	asyncs	dynamic-html-derived-v1	25	1	302c0aad512347caac0aad5123c7ca1a	OW260	1	1	true	single_direct_observation	scheduler	true	true		scheduler0	openwhisk_scheduler	1	b91c4a202e144e617a7d38993b576b9a	1784761169085000000	19792241345418	openwhisk_scheduler_jvm_mono	recovery/openwhisk/capture/scheduler.filtered.log	69
asyncs-openwhisk-direct-event-v1	C5	asyncs	dynamic-html-derived-v1	25	1	302c0aad512347caac0aad5123c7ca1a	OW300	1	2	true	latest_ow300_not_after_ow310_tie_first_source_line	scheduler	true	true		scheduler0	openwhisk_scheduler	1	b91c4a202e144e617a7d38993b576b9a	1784761169086000000	19792241512474	openwhisk_scheduler_jvm_mono	recovery/openwhisk/capture/scheduler.filtered.log	70
asyncs-openwhisk-direct-event-v1	C5	asyncs	dynamic-html-derived-v1	25	1	302c0aad512347caac0aad5123c7ca1a	OW300	2	2	false	latest_ow300_not_after_ow310_tie_first_source_line	scheduler	true	true		scheduler0	openwhisk_scheduler	1	b91c4a202e144e617a7d38993b576b9a	1784761169086000000	19792241540753	openwhisk_scheduler_jvm_mono	recovery/openwhisk/capture/scheduler.filtered.log	71
asyncs-openwhisk-direct-event-v1	C5	asyncs	dynamic-html-derived-v1	25	1	302c0aad512347caac0aad5123c7ca1a	OW310	1	1	true	single_direct_observation	invoker	true	true		invoker2	openwhisk_invoker	26523	b91c4a202e144e617a7d38993b576b9a	1784761169089000000	19791243880902	openwhisk_invoker_jvm_mono	recovery/openwhisk/capture/invokers.filtered.log	700
asyncs-openwhisk-direct-event-v1	C5	asyncs	dynamic-html-derived-v1	25	1	302c0aad512347caac0aad5123c7ca1a	OW800	1	1	true	single_direct_observation	invoker	true	true		invoker2	openwhisk_invoker	26523	b91c4a202e144e617a7d38993b576b9a	1784761169656000000	19791811546397	openwhisk_invoker_jvm_mono	recovery/openwhisk/capture/invokers.filtered.log	708
asyncs-openwhisk-direct-event-v1	C5	asyncs	dynamic-html-derived-v1	76	1	30397b199d214aa2b97b199d21daa219	OW120	1	1	true	single_direct_observation	controller	true	true		controller0	openwhisk_controller	1	c17a17f04f48d9db14f0f00f688eb401	1784761177640000000	19800795575480	openwhisk_controller_jvm_mono	recovery/openwhisk/capture/controller.filtered.log	151
asyncs-openwhisk-direct-event-v1	C5	asyncs	dynamic-html-derived-v1	76	1	30397b199d214aa2b97b199d21daa219	OW150	1	1	true	single_direct_observation	controller	true	true		controller0	openwhisk_controller	1	c17a17f04f48d9db14f0f00f688eb401	1784761177640000000	19800795628689	openwhisk_controller_jvm_mono	recovery/openwhisk/capture/controller.filtered.log	152
asyncs-openwhisk-direct-event-v1	C5	asyncs	dynamic-html-derived-v1	76	1	30397b199d214aa2b97b199d21daa219	OW260	1	1	true	single_direct_observation	scheduler	true	true		scheduler0	openwhisk_scheduler	1	c17a17f04f48d9db14f0f00f688eb401	1784761177643000000	19800799261987	openwhisk_scheduler_jvm_mono	recovery/openwhisk/capture/scheduler.filtered.log	222
asyncs-openwhisk-direct-event-v1	C5	asyncs	dynamic-html-derived-v1	76	1	30397b199d214aa2b97b199d21daa219	OW300	1	2	true	latest_ow300_not_after_ow310_tie_first_source_line	scheduler	true	true		scheduler0	openwhisk_scheduler	1	c17a17f04f48d9db14f0f00f688eb401	1784761177643000000	19800799381885	openwhisk_scheduler_jvm_mono	recovery/openwhisk/capture/scheduler.filtered.log	223
asyncs-openwhisk-direct-event-v1	C5	asyncs	dynamic-html-derived-v1	76	1	30397b199d214aa2b97b199d21daa219	OW300	2	2	false	latest_ow300_not_after_ow310_tie_first_source_line	scheduler	true	true		scheduler0	openwhisk_scheduler	1	c17a17f04f48d9db14f0f00f688eb401	1784761177643000000	19800799424301	openwhisk_scheduler_jvm_mono	recovery/openwhisk/capture/scheduler.filtered.log	224
asyncs-openwhisk-direct-event-v1	C5	asyncs	dynamic-html-derived-v1	76	1	30397b199d214aa2b97b199d21daa219	OW310	1	1	true	single_direct_observation	invoker	true	true		invoker0	openwhisk_invoker	29163	c17a17f04f48d9db14f0f00f688eb401	1784761177645000000	19800858116509	openwhisk_invoker_jvm_mono	recovery/openwhisk/capture/invokers.filtered.log	182
asyncs-openwhisk-direct-event-v1	C5	asyncs	dynamic-html-derived-v1	76	1	30397b199d214aa2b97b199d21daa219	OW800	1	1	true	single_direct_observation	invoker	true	true		invoker0	openwhisk_invoker	29163	c17a17f04f48d9db14f0f00f688eb401	1784761177994000000	19801206257262	openwhisk_invoker_jvm_mono	recovery/openwhisk/capture/invokers.filtered.log	185
asyncs-openwhisk-direct-event-v1	C5	asyncs	dynamic-html-derived-v1	180	1	3169f283fd504547a9f283fd50e5474d	OW120	1	1	true	single_direct_observation	controller	true	true		controller0	openwhisk_controller	1	66e6f9589bd36123c24e51095cffb91e	1784761196077000000	19819233255424	openwhisk_controller_jvm_mono	recovery/openwhisk/capture/controller.filtered.log	359
asyncs-openwhisk-direct-event-v1	C5	asyncs	dynamic-html-derived-v1	180	1	3169f283fd504547a9f283fd50e5474d	OW150	1	1	true	single_direct_observation	controller	true	true		controller0	openwhisk_controller	1	66e6f9589bd36123c24e51095cffb91e	1784761196077000000	19819233292963	openwhisk_controller_jvm_mono	recovery/openwhisk/capture/controller.filtered.log	360
asyncs-openwhisk-direct-event-v1	C5	asyncs	dynamic-html-derived-v1	180	1	3169f283fd504547a9f283fd50e5474d	OW260	1	1	true	single_direct_observation	scheduler	true	true		scheduler0	openwhisk_scheduler	1	66e6f9589bd36123c24e51095cffb91e	1784761196083000000	19819239192634	openwhisk_scheduler_jvm_mono	recovery/openwhisk/capture/scheduler.filtered.log	534
asyncs-openwhisk-direct-event-v1	C5	asyncs	dynamic-html-derived-v1	180	1	3169f283fd504547a9f283fd50e5474d	OW300	1	2	true	latest_ow300_not_after_ow310_tie_first_source_line	scheduler	true	true		scheduler0	openwhisk_scheduler	1	66e6f9589bd36123c24e51095cffb91e	1784761196083000000	19819239292020	openwhisk_scheduler_jvm_mono	recovery/openwhisk/capture/scheduler.filtered.log	535
asyncs-openwhisk-direct-event-v1	C5	asyncs	dynamic-html-derived-v1	180	1	3169f283fd504547a9f283fd50e5474d	OW300	2	2	false	latest_ow300_not_after_ow310_tie_first_source_line	scheduler	true	true		scheduler0	openwhisk_scheduler	1	66e6f9589bd36123c24e51095cffb91e	1784761196083000000	19819239333591	openwhisk_scheduler_jvm_mono	recovery/openwhisk/capture/scheduler.filtered.log	536
asyncs-openwhisk-direct-event-v1	C5	asyncs	dynamic-html-derived-v1	180	1	3169f283fd504547a9f283fd50e5474d	OW310	1	1	true	single_direct_observation	invoker	true	true		invoker0	openwhisk_invoker	29163	66e6f9589bd36123c24e51095cffb91e	1784761196089000000	19819301802407	openwhisk_invoker_jvm_mono	recovery/openwhisk/capture/invokers.filtered.log	402
asyncs-openwhisk-direct-event-v1	C5	asyncs	dynamic-html-derived-v1	180	1	3169f283fd504547a9f283fd50e5474d	OW800	1	1	true	single_direct_observation	invoker	true	true		invoker0	openwhisk_invoker	29163	66e6f9589bd36123c24e51095cffb91e	1784761196435000000	19819648112706	openwhisk_invoker_jvm_mono	recovery/openwhisk/capture/invokers.filtered.log	405
asyncs-openwhisk-direct-event-v1	C5	asyncs	dynamic-html-derived-v1	98	1	31ba74dd22be4dd9ba74dd22becdd99b	OW120	1	1	true	single_direct_observation	controller	true	true		controller0	openwhisk_controller	1	e1e51d7fb1484b2658e0c6747ff88213	1784761181191000000	19804346845145	openwhisk_controller_jvm_mono	recovery/openwhisk/capture/controller.filtered.log	195
asyncs-openwhisk-direct-event-v1	C5	asyncs	dynamic-html-derived-v1	98	1	31ba74dd22be4dd9ba74dd22becdd99b	OW150	1	1	true	single_direct_observation	controller	true	true		controller0	openwhisk_controller	1	e1e51d7fb1484b2658e0c6747ff88213	1784761181191000000	19804346888679	openwhisk_controller_jvm_mono	recovery/openwhisk/capture/controller.filtered.log	196
asyncs-openwhisk-direct-event-v1	C5	asyncs	dynamic-html-derived-v1	98	1	31ba74dd22be4dd9ba74dd22becdd99b	OW260	1	1	true	single_direct_observation	scheduler	true	true		scheduler0	openwhisk_scheduler	1	e1e51d7fb1484b2658e0c6747ff88213	1784761181203000000	19804358810264	openwhisk_scheduler_jvm_mono	recovery/openwhisk/capture/scheduler.filtered.log	288
asyncs-openwhisk-direct-event-v1	C5	asyncs	dynamic-html-derived-v1	98	1	31ba74dd22be4dd9ba74dd22becdd99b	OW300	1	2	true	latest_ow300_not_after_ow310_tie_first_source_line	scheduler	true	true		scheduler0	openwhisk_scheduler	1	e1e51d7fb1484b2658e0c6747ff88213	1784761181203000000	19804358920635	openwhisk_scheduler_jvm_mono	recovery/openwhisk/capture/scheduler.filtered.log	289
asyncs-openwhisk-direct-event-v1	C5	asyncs	dynamic-html-derived-v1	98	1	31ba74dd22be4dd9ba74dd22becdd99b	OW300	2	2	false	latest_ow300_not_after_ow310_tie_first_source_line	scheduler	true	true		scheduler0	openwhisk_scheduler	1	e1e51d7fb1484b2658e0c6747ff88213	1784761181203000000	19804358947816	openwhisk_scheduler_jvm_mono	recovery/openwhisk/capture/scheduler.filtered.log	290
asyncs-openwhisk-direct-event-v1	C5	asyncs	dynamic-html-derived-v1	98	1	31ba74dd22be4dd9ba74dd22becdd99b	OW310	1	1	true	single_direct_observation	invoker	true	true		invoker2	openwhisk_invoker	26523	e1e51d7fb1484b2658e0c6747ff88213	1784761181205000000	19803360796293	openwhisk_invoker_jvm_mono	recovery/openwhisk/capture/invokers.filtered.log	910
asyncs-openwhisk-direct-event-v1	C5	asyncs	dynamic-html-derived-v1	98	1	31ba74dd22be4dd9ba74dd22becdd99b	OW800	1	1	true	single_direct_observation	invoker	true	true		invoker2	openwhisk_invoker	26523	e1e51d7fb1484b2658e0c6747ff88213	1784761181716000000	19803871240220	openwhisk_invoker_jvm_mono	recovery/openwhisk/capture/invokers.filtered.log	918
asyncs-openwhisk-direct-event-v1	C5	asyncs	dynamic-html-derived-v1	132	1	347f6adf5670455abf6adf5670e55a3e	OW120	1	1	true	single_direct_observation	controller	true	true		controller0	openwhisk_controller	1	8c659770fdb5c904f4ada4f1cbe968a1	1784761187557000000	19810713090629	openwhisk_controller_jvm_mono	recovery/openwhisk/capture/controller.filtered.log	263
asyncs-openwhisk-direct-event-v1	C5	asyncs	dynamic-html-derived-v1	132	1	347f6adf5670455abf6adf5670e55a3e	OW150	1	1	true	single_direct_observation	controller	true	true		controller0	openwhisk_controller	1	8c659770fdb5c904f4ada4f1cbe968a1	1784761187558000000	19810714246286	openwhisk_controller_jvm_mono	recovery/openwhisk/capture/controller.filtered.log	264
asyncs-openwhisk-direct-event-v1	C5	asyncs	dynamic-html-derived-v1	132	1	347f6adf5670455abf6adf5670e55a3e	OW260	1	1	true	single_direct_observation	scheduler	true	true		scheduler0	openwhisk_scheduler	1	8c659770fdb5c904f4ada4f1cbe968a1	1784761187564000000	19810719780914	openwhisk_scheduler_jvm_mono	recovery/openwhisk/capture/scheduler.filtered.log	390
asyncs-openwhisk-direct-event-v1	C5	asyncs	dynamic-html-derived-v1	132	1	347f6adf5670455abf6adf5670e55a3e	OW300	1	2	true	latest_ow300_not_after_ow310_tie_first_source_line	scheduler	true	true		scheduler0	openwhisk_scheduler	1	8c659770fdb5c904f4ada4f1cbe968a1	1784761187564000000	19810719929702	openwhisk_scheduler_jvm_mono	recovery/openwhisk/capture/scheduler.filtered.log	391
asyncs-openwhisk-direct-event-v1	C5	asyncs	dynamic-html-derived-v1	132	1	347f6adf5670455abf6adf5670e55a3e	OW300	2	2	false	latest_ow300_not_after_ow310_tie_first_source_line	scheduler	true	true		scheduler0	openwhisk_scheduler	1	8c659770fdb5c904f4ada4f1cbe968a1	1784761187564000000	19810720018143	openwhisk_scheduler_jvm_mono	recovery/openwhisk/capture/scheduler.filtered.log	392
asyncs-openwhisk-direct-event-v1	C5	asyncs	dynamic-html-derived-v1	132	1	347f6adf5670455abf6adf5670e55a3e	OW310	1	1	true	single_direct_observation	invoker	true	true		invoker0	openwhisk_invoker	29163	8c659770fdb5c904f4ada4f1cbe968a1	1784761187569000000	19810781735317	openwhisk_invoker_jvm_mono	recovery/openwhisk/capture/invokers.filtered.log	302
asyncs-openwhisk-direct-event-v1	C5	asyncs	dynamic-html-derived-v1	132	1	347f6adf5670455abf6adf5670e55a3e	OW800	1	1	true	single_direct_observation	invoker	true	true		invoker0	openwhisk_invoker	29163	8c659770fdb5c904f4ada4f1cbe968a1	1784761187913000000	19811125744153	openwhisk_invoker_jvm_mono	recovery/openwhisk/capture/invokers.filtered.log	305
asyncs-openwhisk-direct-event-v1	C5	asyncs	dynamic-html-derived-v1	290	1	34da43207bec42e99a43207beca2e9f4	OW120	1	1	true	single_direct_observation	controller	true	true		controller0	openwhisk_controller	1	875b4af4f4bef2737f529fce60663775	1784761215258000000	19838413670248	openwhisk_controller_jvm_mono	recovery/openwhisk/capture/controller.filtered.log	579
asyncs-openwhisk-direct-event-v1	C5	asyncs	dynamic-html-derived-v1	290	1	34da43207bec42e99a43207beca2e9f4	OW150	1	1	true	single_direct_observation	controller	true	true		controller0	openwhisk_controller	1	875b4af4f4bef2737f529fce60663775	1784761215258000000	19838413696564	openwhisk_controller_jvm_mono	recovery/openwhisk/capture/controller.filtered.log	580
asyncs-openwhisk-direct-event-v1	C5	asyncs	dynamic-html-derived-v1	290	1	34da43207bec42e99a43207beca2e9f4	OW260	1	1	true	single_direct_observation	scheduler	true	true		scheduler0	openwhisk_scheduler	1	875b4af4f4bef2737f529fce60663775	1784761215264000000	19838420054490	openwhisk_scheduler_jvm_mono	recovery/openwhisk/capture/scheduler.filtered.log	864
asyncs-openwhisk-direct-event-v1	C5	asyncs	dynamic-html-derived-v1	290	1	34da43207bec42e99a43207beca2e9f4	OW300	1	2	true	latest_ow300_not_after_ow310_tie_first_source_line	scheduler	true	true		scheduler0	openwhisk_scheduler	1	875b4af4f4bef2737f529fce60663775	1784761215264000000	19838420202300	openwhisk_scheduler_jvm_mono	recovery/openwhisk/capture/scheduler.filtered.log	865
asyncs-openwhisk-direct-event-v1	C5	asyncs	dynamic-html-derived-v1	290	1	34da43207bec42e99a43207beca2e9f4	OW300	2	2	false	latest_ow300_not_after_ow310_tie_first_source_line	scheduler	true	true		scheduler0	openwhisk_scheduler	1	875b4af4f4bef2737f529fce60663775	1784761215264000000	19838420234919	openwhisk_scheduler_jvm_mono	recovery/openwhisk/capture/scheduler.filtered.log	866
asyncs-openwhisk-direct-event-v1	C5	asyncs	dynamic-html-derived-v1	290	1	34da43207bec42e99a43207beca2e9f4	OW310	1	1	true	single_direct_observation	invoker	true	true		invoker2	openwhisk_invoker	26523	875b4af4f4bef2737f529fce60663775	1784761215266000000	19837421500809	openwhisk_invoker_jvm_mono	recovery/openwhisk/capture/invokers.filtered.log	1473
asyncs-openwhisk-direct-event-v1	C5	asyncs	dynamic-html-derived-v1	290	1	34da43207bec42e99a43207beca2e9f4	OW800	1	1	true	single_direct_observation	invoker	true	true		invoker2	openwhisk_invoker	26523	875b4af4f4bef2737f529fce60663775	1784761215767000000	19837922613482	openwhisk_invoker_jvm_mono	recovery/openwhisk/capture/invokers.filtered.log	1478
asyncs-openwhisk-direct-event-v1	C5	asyncs	dynamic-html-derived-v1	296	1	3611c49860d24e9291c49860d27e9264	OW120	1	1	true	single_direct_observation	controller	true	true		controller0	openwhisk_controller	1	9b672dd1d241e82c6418eefa109c559c	1784761216278000000	19839434261936	openwhisk_controller_jvm_mono	recovery/openwhisk/capture/controller.filtered.log	591
asyncs-openwhisk-direct-event-v1	C5	asyncs	dynamic-html-derived-v1	296	1	3611c49860d24e9291c49860d27e9264	OW150	1	1	true	single_direct_observation	controller	true	true		controller0	openwhisk_controller	1	9b672dd1d241e82c6418eefa109c559c	1784761216278000000	19839434319898	openwhisk_controller_jvm_mono	recovery/openwhisk/capture/controller.filtered.log	592
asyncs-openwhisk-direct-event-v1	C5	asyncs	dynamic-html-derived-v1	296	1	3611c49860d24e9291c49860d27e9264	OW260	1	1	true	single_direct_observation	scheduler	true	true		scheduler0	openwhisk_scheduler	1	9b672dd1d241e82c6418eefa109c559c	1784761216282000000	19839437719723	openwhisk_scheduler_jvm_mono	recovery/openwhisk/capture/scheduler.filtered.log	882
asyncs-openwhisk-direct-event-v1	C5	asyncs	dynamic-html-derived-v1	296	1	3611c49860d24e9291c49860d27e9264	OW300	1	2	true	latest_ow300_not_after_ow310_tie_first_source_line	scheduler	true	true		scheduler0	openwhisk_scheduler	1	9b672dd1d241e82c6418eefa109c559c	1784761216282000000	19839437864351	openwhisk_scheduler_jvm_mono	recovery/openwhisk/capture/scheduler.filtered.log	883
asyncs-openwhisk-direct-event-v1	C5	asyncs	dynamic-html-derived-v1	296	1	3611c49860d24e9291c49860d27e9264	OW300	2	2	false	latest_ow300_not_after_ow310_tie_first_source_line	scheduler	true	true		scheduler0	openwhisk_scheduler	1	9b672dd1d241e82c6418eefa109c559c	1784761216282000000	19839437907584	openwhisk_scheduler_jvm_mono	recovery/openwhisk/capture/scheduler.filtered.log	884
asyncs-openwhisk-direct-event-v1	C5	asyncs	dynamic-html-derived-v1	296	1	3611c49860d24e9291c49860d27e9264	OW310	1	1	true	single_direct_observation	invoker	true	true		invoker0	openwhisk_invoker	29163	9b672dd1d241e82c6418eefa109c559c	1784761216284000000	19839496433627	openwhisk_invoker_jvm_mono	recovery/openwhisk/capture/invokers.filtered.log	642
asyncs-openwhisk-direct-event-v1	C5	asyncs	dynamic-html-derived-v1	296	1	3611c49860d24e9291c49860d27e9264	OW800	1	1	true	single_direct_observation	invoker	true	true		invoker0	openwhisk_invoker	29163	9b672dd1d241e82c6418eefa109c559c	1784761216631000000	19839843425751	openwhisk_invoker_jvm_mono	recovery/openwhisk/capture/invokers.filtered.log	645
asyncs-openwhisk-direct-event-v1	C5	asyncs	dynamic-html-derived-v1	198	1	36e6bd3e46454d3ca6bd3e4645cd3c43	OW120	1	1	true	single_direct_observation	controller	true	true		controller0	openwhisk_controller	1	78b7d28607fa80b49844e6d810d498cf	1784761199357000000	19822512984217	openwhisk_controller_jvm_mono	recovery/openwhisk/capture/controller.filtered.log	395
asyncs-openwhisk-direct-event-v1	C5	asyncs	dynamic-html-derived-v1	198	1	36e6bd3e46454d3ca6bd3e4645cd3c43	OW150	1	1	true	single_direct_observation	controller	true	true		controller0	openwhisk_controller	1	78b7d28607fa80b49844e6d810d498cf	1784761199357000000	19822513044644	openwhisk_controller_jvm_mono	recovery/openwhisk/capture/controller.filtered.log	396
asyncs-openwhisk-direct-event-v1	C5	asyncs	dynamic-html-derived-v1	198	1	36e6bd3e46454d3ca6bd3e4645cd3c43	OW260	1	1	true	single_direct_observation	scheduler	true	true		scheduler0	openwhisk_scheduler	1	78b7d28607fa80b49844e6d810d498cf	1784761199360000000	19822516127222	openwhisk_scheduler_jvm_mono	recovery/openwhisk/capture/scheduler.filtered.log	588
asyncs-openwhisk-direct-event-v1	C5	asyncs	dynamic-html-derived-v1	198	1	36e6bd3e46454d3ca6bd3e4645cd3c43	OW300	1	2	true	latest_ow300_not_after_ow310_tie_first_source_line	scheduler	true	true		scheduler0	openwhisk_scheduler	1	78b7d28607fa80b49844e6d810d498cf	1784761199360000000	19822516249768	openwhisk_scheduler_jvm_mono	recovery/openwhisk/capture/scheduler.filtered.log	589
asyncs-openwhisk-direct-event-v1	C5	asyncs	dynamic-html-derived-v1	198	1	36e6bd3e46454d3ca6bd3e4645cd3c43	OW300	2	2	false	latest_ow300_not_after_ow310_tie_first_source_line	scheduler	true	true		scheduler0	openwhisk_scheduler	1	78b7d28607fa80b49844e6d810d498cf	1784761199360000000	19822516307149	openwhisk_scheduler_jvm_mono	recovery/openwhisk/capture/scheduler.filtered.log	590
asyncs-openwhisk-direct-event-v1	C5	asyncs	dynamic-html-derived-v1	198	1	36e6bd3e46454d3ca6bd3e4645cd3c43	OW310	1	1	true	single_direct_observation	invoker	true	true		invoker2	openwhisk_invoker	26523	78b7d28607fa80b49844e6d810d498cf	1784761199363000000	19821517945509	openwhisk_invoker_jvm_mono	recovery/openwhisk/capture/invokers.filtered.log	1200
asyncs-openwhisk-direct-event-v1	C5	asyncs	dynamic-html-derived-v1	198	1	36e6bd3e46454d3ca6bd3e4645cd3c43	OW800	1	1	true	single_direct_observation	invoker	true	true		invoker2	openwhisk_invoker	26523	78b7d28607fa80b49844e6d810d498cf	1784761199874000000	19822028968802	openwhisk_invoker_jvm_mono	recovery/openwhisk/capture/invokers.filtered.log	1208
asyncs-openwhisk-direct-event-v1	C5	asyncs	dynamic-html-derived-v1	235	1	3a6b9c7cea024d87ab9c7cea02cd87e3	OW120	1	1	true	single_direct_observation	controller	true	true		controller0	openwhisk_controller	1	b0f365eac30cd9d6cb0a18519fbc7425	1784761205763000000	19828918911016	openwhisk_controller_jvm_mono	recovery/openwhisk/capture/controller.filtered.log	469
asyncs-openwhisk-direct-event-v1	C5	asyncs	dynamic-html-derived-v1	235	1	3a6b9c7cea024d87ab9c7cea02cd87e3	OW150	1	1	true	single_direct_observation	controller	true	true		controller0	openwhisk_controller	1	b0f365eac30cd9d6cb0a18519fbc7425	1784761205763000000	19828918939805	openwhisk_controller_jvm_mono	recovery/openwhisk/capture/controller.filtered.log	470
asyncs-openwhisk-direct-event-v1	C5	asyncs	dynamic-html-derived-v1	235	1	3a6b9c7cea024d87ab9c7cea02cd87e3	OW260	1	1	true	single_direct_observation	scheduler	true	true		scheduler0	openwhisk_scheduler	1	b0f365eac30cd9d6cb0a18519fbc7425	1784761205780000000	19828935650327	openwhisk_scheduler_jvm_mono	recovery/openwhisk/capture/scheduler.filtered.log	699
asyncs-openwhisk-direct-event-v1	C5	asyncs	dynamic-html-derived-v1	235	1	3a6b9c7cea024d87ab9c7cea02cd87e3	OW300	1	2	true	latest_ow300_not_after_ow310_tie_first_source_line	scheduler	true	true		scheduler0	openwhisk_scheduler	1	b0f365eac30cd9d6cb0a18519fbc7425	1784761205780000000	19828935794012	openwhisk_scheduler_jvm_mono	recovery/openwhisk/capture/scheduler.filtered.log	700
asyncs-openwhisk-direct-event-v1	C5	asyncs	dynamic-html-derived-v1	235	1	3a6b9c7cea024d87ab9c7cea02cd87e3	OW300	2	2	false	latest_ow300_not_after_ow310_tie_first_source_line	scheduler	true	true		scheduler0	openwhisk_scheduler	1	b0f365eac30cd9d6cb0a18519fbc7425	1784761205780000000	19828935834367	openwhisk_scheduler_jvm_mono	recovery/openwhisk/capture/scheduler.filtered.log	701
asyncs-openwhisk-direct-event-v1	C5	asyncs	dynamic-html-derived-v1	235	1	3a6b9c7cea024d87ab9c7cea02cd87e3	OW310	1	1	true	single_direct_observation	invoker	true	true		invoker2	openwhisk_invoker	26523	b0f365eac30cd9d6cb0a18519fbc7425	1784761205782000000	19827937174554	openwhisk_invoker_jvm_mono	recovery/openwhisk/capture/invokers.filtered.log	1310
asyncs-openwhisk-direct-event-v1	C5	asyncs	dynamic-html-derived-v1	235	1	3a6b9c7cea024d87ab9c7cea02cd87e3	OW800	1	1	true	single_direct_observation	invoker	true	true		invoker2	openwhisk_invoker	26523	b0f365eac30cd9d6cb0a18519fbc7425	1784761206305000000	19828460204223	openwhisk_invoker_jvm_mono	recovery/openwhisk/capture/invokers.filtered.log	1318
asyncs-openwhisk-direct-event-v1	C5	asyncs	dynamic-html-derived-v1	138	1	3b292506a0e54a32a92506a0e59a324c	OW120	1	1	true	single_direct_observation	controller	true	true		controller0	openwhisk_controller	1	890a55e93ded0851ba05a6b095e096de	1784761188572000000	19811728341594	openwhisk_controller_jvm_mono	recovery/openwhisk/capture/controller.filtered.log	275
asyncs-openwhisk-direct-event-v1	C5	asyncs	dynamic-html-derived-v1	138	1	3b292506a0e54a32a92506a0e59a324c	OW150	1	1	true	single_direct_observation	controller	true	true		controller0	openwhisk_controller	1	890a55e93ded0851ba05a6b095e096de	1784761188572000000	19811728384344	openwhisk_controller_jvm_mono	recovery/openwhisk/capture/controller.filtered.log	276
asyncs-openwhisk-direct-event-v1	C5	asyncs	dynamic-html-derived-v1	138	1	3b292506a0e54a32a92506a0e59a324c	OW260	1	1	true	single_direct_observation	scheduler	true	true		scheduler0	openwhisk_scheduler	1	890a55e93ded0851ba05a6b095e096de	1784761188576000000	19811731632876	openwhisk_scheduler_jvm_mono	recovery/openwhisk/capture/scheduler.filtered.log	408
asyncs-openwhisk-direct-event-v1	C5	asyncs	dynamic-html-derived-v1	138	1	3b292506a0e54a32a92506a0e59a324c	OW300	1	2	true	latest_ow300_not_after_ow310_tie_first_source_line	scheduler	true	true		scheduler0	openwhisk_scheduler	1	890a55e93ded0851ba05a6b095e096de	1784761188576000000	19811731738994	openwhisk_scheduler_jvm_mono	recovery/openwhisk/capture/scheduler.filtered.log	409
asyncs-openwhisk-direct-event-v1	C5	asyncs	dynamic-html-derived-v1	138	1	3b292506a0e54a32a92506a0e59a324c	OW300	2	2	false	latest_ow300_not_after_ow310_tie_first_source_line	scheduler	true	true		scheduler0	openwhisk_scheduler	1	890a55e93ded0851ba05a6b095e096de	1784761188576000000	19811731761162	openwhisk_scheduler_jvm_mono	recovery/openwhisk/capture/scheduler.filtered.log	410
asyncs-openwhisk-direct-event-v1	C5	asyncs	dynamic-html-derived-v1	138	1	3b292506a0e54a32a92506a0e59a324c	OW310	1	1	true	single_direct_observation	invoker	true	true		invoker0	openwhisk_invoker	29163	890a55e93ded0851ba05a6b095e096de	1784761188581000000	19811793955545	openwhisk_invoker_jvm_mono	recovery/openwhisk/capture/invokers.filtered.log	312
asyncs-openwhisk-direct-event-v1	C5	asyncs	dynamic-html-derived-v1	138	1	3b292506a0e54a32a92506a0e59a324c	OW800	1	1	true	single_direct_observation	invoker	true	true		invoker0	openwhisk_invoker	29163	890a55e93ded0851ba05a6b095e096de	1784761188926000000	19812138760528	openwhisk_invoker_jvm_mono	recovery/openwhisk/capture/invokers.filtered.log	315
asyncs-openwhisk-direct-event-v1	C5	asyncs	dynamic-html-derived-v1	282	1	3baac3635477494daac3635477f94de0	OW120	1	1	true	single_direct_observation	controller	true	true		controller0	openwhisk_controller	1	b0f314c42e350504acd4f79a0c506a5d	1784761213917000000	19837073435684	openwhisk_controller_jvm_mono	recovery/openwhisk/capture/controller.filtered.log	563
asyncs-openwhisk-direct-event-v1	C5	asyncs	dynamic-html-derived-v1	282	1	3baac3635477494daac3635477f94de0	OW150	1	1	true	single_direct_observation	controller	true	true		controller0	openwhisk_controller	1	b0f314c42e350504acd4f79a0c506a5d	1784761213918000000	19837073471349	openwhisk_controller_jvm_mono	recovery/openwhisk/capture/controller.filtered.log	564
asyncs-openwhisk-direct-event-v1	C5	asyncs	dynamic-html-derived-v1	282	1	3baac3635477494daac3635477f94de0	OW260	1	1	true	single_direct_observation	scheduler	true	true		scheduler0	openwhisk_scheduler	1	b0f314c42e350504acd4f79a0c506a5d	1784761213921000000	19837076922980	openwhisk_scheduler_jvm_mono	recovery/openwhisk/capture/scheduler.filtered.log	840
asyncs-openwhisk-direct-event-v1	C5	asyncs	dynamic-html-derived-v1	282	1	3baac3635477494daac3635477f94de0	OW300	1	2	true	latest_ow300_not_after_ow310_tie_first_source_line	scheduler	true	true		scheduler0	openwhisk_scheduler	1	b0f314c42e350504acd4f79a0c506a5d	1784761213921000000	19837077049754	openwhisk_scheduler_jvm_mono	recovery/openwhisk/capture/scheduler.filtered.log	841
asyncs-openwhisk-direct-event-v1	C5	asyncs	dynamic-html-derived-v1	282	1	3baac3635477494daac3635477f94de0	OW300	2	2	false	latest_ow300_not_after_ow310_tie_first_source_line	scheduler	true	true		scheduler0	openwhisk_scheduler	1	b0f314c42e350504acd4f79a0c506a5d	1784761213921000000	19837077076364	openwhisk_scheduler_jvm_mono	recovery/openwhisk/capture/scheduler.filtered.log	842
asyncs-openwhisk-direct-event-v1	C5	asyncs	dynamic-html-derived-v1	282	1	3baac3635477494daac3635477f94de0	OW310	1	1	true	single_direct_observation	invoker	true	true		invoker0	openwhisk_invoker	29163	b0f314c42e350504acd4f79a0c506a5d	1784761213924000000	19837136353903	openwhisk_invoker_jvm_mono	recovery/openwhisk/capture/invokers.filtered.log	612
asyncs-openwhisk-direct-event-v1	C5	asyncs	dynamic-html-derived-v1	282	1	3baac3635477494daac3635477f94de0	OW800	1	1	true	single_direct_observation	invoker	true	true		invoker0	openwhisk_invoker	29163	b0f314c42e350504acd4f79a0c506a5d	1784761214273000000	19837485411267	openwhisk_invoker_jvm_mono	recovery/openwhisk/capture/invokers.filtered.log	615
asyncs-openwhisk-direct-event-v1	C5	asyncs	dynamic-html-derived-v1	244	1	3bd0c2f1a88b4bd190c2f1a88b7bd13f	OW120	1	1	true	single_direct_observation	controller	true	true		controller0	openwhisk_controller	1	7c0e6ef102d7444d09a12d94e428ee2d	1784761207345000000	19830500875534	openwhisk_controller_jvm_mono	recovery/openwhisk/capture/controller.filtered.log	487
asyncs-openwhisk-direct-event-v1	C5	asyncs	dynamic-html-derived-v1	244	1	3bd0c2f1a88b4bd190c2f1a88b7bd13f	OW150	1	1	true	single_direct_observation	controller	true	true		controller0	openwhisk_controller	1	7c0e6ef102d7444d09a12d94e428ee2d	1784761207345000000	19830500906382	openwhisk_controller_jvm_mono	recovery/openwhisk/capture/controller.filtered.log	488
asyncs-openwhisk-direct-event-v1	C5	asyncs	dynamic-html-derived-v1	244	1	3bd0c2f1a88b4bd190c2f1a88b7bd13f	OW260	1	1	true	single_direct_observation	scheduler	true	true		scheduler0	openwhisk_scheduler	1	7c0e6ef102d7444d09a12d94e428ee2d	1784761207360000000	19830516011519	openwhisk_scheduler_jvm_mono	recovery/openwhisk/capture/scheduler.filtered.log	726
asyncs-openwhisk-direct-event-v1	C5	asyncs	dynamic-html-derived-v1	244	1	3bd0c2f1a88b4bd190c2f1a88b7bd13f	OW300	1	2	true	latest_ow300_not_after_ow310_tie_first_source_line	scheduler	true	true		scheduler0	openwhisk_scheduler	1	7c0e6ef102d7444d09a12d94e428ee2d	1784761207360000000	19830516205753	openwhisk_scheduler_jvm_mono	recovery/openwhisk/capture/scheduler.filtered.log	727
asyncs-openwhisk-direct-event-v1	C5	asyncs	dynamic-html-derived-v1	244	1	3bd0c2f1a88b4bd190c2f1a88b7bd13f	OW300	2	2	false	latest_ow300_not_after_ow310_tie_first_source_line	scheduler	true	true		scheduler0	openwhisk_scheduler	1	7c0e6ef102d7444d09a12d94e428ee2d	1784761207360000000	19830516244937	openwhisk_scheduler_jvm_mono	recovery/openwhisk/capture/scheduler.filtered.log	728
asyncs-openwhisk-direct-event-v1	C5	asyncs	dynamic-html-derived-v1	244	1	3bd0c2f1a88b4bd190c2f1a88b7bd13f	OW310	1	1	true	single_direct_observation	invoker	true	true		invoker2	openwhisk_invoker	26523	7c0e6ef102d7444d09a12d94e428ee2d	1784761207366000000	19829521670797	openwhisk_invoker_jvm_mono	recovery/openwhisk/capture/invokers.filtered.log	1335
asyncs-openwhisk-direct-event-v1	C5	asyncs	dynamic-html-derived-v1	244	1	3bd0c2f1a88b4bd190c2f1a88b7bd13f	OW800	1	1	true	single_direct_observation	invoker	true	true		invoker2	openwhisk_invoker	26523	7c0e6ef102d7444d09a12d94e428ee2d	1784761207869000000	19830024725664	openwhisk_invoker_jvm_mono	recovery/openwhisk/capture/invokers.filtered.log	1343
asyncs-openwhisk-direct-event-v1	C5	asyncs	dynamic-html-derived-v1	221	1	3bddaf3b813441ff9daf3b8134e1ff51	OW120	1	1	true	single_direct_observation	controller	true	true		controller0	openwhisk_controller	1	2d79b3dea929be209509edbfc015c780	1784761203374000000	19826530036646	openwhisk_controller_jvm_mono	recovery/openwhisk/capture/controller.filtered.log	441
asyncs-openwhisk-direct-event-v1	C5	asyncs	dynamic-html-derived-v1	221	1	3bddaf3b813441ff9daf3b8134e1ff51	OW150	1	1	true	single_direct_observation	controller	true	true		controller0	openwhisk_controller	1	2d79b3dea929be209509edbfc015c780	1784761203374000000	19826530060871	openwhisk_controller_jvm_mono	recovery/openwhisk/capture/controller.filtered.log	442
asyncs-openwhisk-direct-event-v1	C5	asyncs	dynamic-html-derived-v1	221	1	3bddaf3b813441ff9daf3b8134e1ff51	OW260	1	1	true	single_direct_observation	scheduler	true	true		scheduler0	openwhisk_scheduler	1	2d79b3dea929be209509edbfc015c780	1784761203378000000	19826533825029	openwhisk_scheduler_jvm_mono	recovery/openwhisk/capture/scheduler.filtered.log	657
asyncs-openwhisk-direct-event-v1	C5	asyncs	dynamic-html-derived-v1	221	1	3bddaf3b813441ff9daf3b8134e1ff51	OW300	1	2	true	latest_ow300_not_after_ow310_tie_first_source_line	scheduler	true	true		scheduler0	openwhisk_scheduler	1	2d79b3dea929be209509edbfc015c780	1784761203378000000	19826533981199	openwhisk_scheduler_jvm_mono	recovery/openwhisk/capture/scheduler.filtered.log	658
asyncs-openwhisk-direct-event-v1	C5	asyncs	dynamic-html-derived-v1	221	1	3bddaf3b813441ff9daf3b8134e1ff51	OW300	2	2	false	latest_ow300_not_after_ow310_tie_first_source_line	scheduler	true	true		scheduler0	openwhisk_scheduler	1	2d79b3dea929be209509edbfc015c780	1784761203378000000	19826534020245	openwhisk_scheduler_jvm_mono	recovery/openwhisk/capture/scheduler.filtered.log	659
asyncs-openwhisk-direct-event-v1	C5	asyncs	dynamic-html-derived-v1	221	1	3bddaf3b813441ff9daf3b8134e1ff51	OW310	1	1	true	single_direct_observation	invoker	true	true		invoker2	openwhisk_invoker	26523	2d79b3dea929be209509edbfc015c780	1784761203380000000	19825535721129	openwhisk_invoker_jvm_mono	recovery/openwhisk/capture/invokers.filtered.log	1270
asyncs-openwhisk-direct-event-v1	C5	asyncs	dynamic-html-derived-v1	221	1	3bddaf3b813441ff9daf3b8134e1ff51	OW800	1	1	true	single_direct_observation	invoker	true	true		invoker2	openwhisk_invoker	26523	2d79b3dea929be209509edbfc015c780	1784761203912000000	19826066953766	openwhisk_invoker_jvm_mono	recovery/openwhisk/capture/invokers.filtered.log	1278
asyncs-openwhisk-direct-event-v1	C5	asyncs	dynamic-html-derived-v1	177	1	3c75f448857a4683b5f448857a6683bf	OW120	1	1	true	single_direct_observation	controller	true	true		controller0	openwhisk_controller	1	fc291abc5fbf12f50aba08fefd71d1f0	1784761195683000000	19818838936149	openwhisk_controller_jvm_mono	recovery/openwhisk/capture/controller.filtered.log	353
asyncs-openwhisk-direct-event-v1	C5	asyncs	dynamic-html-derived-v1	177	1	3c75f448857a4683b5f448857a6683bf	OW150	1	1	true	single_direct_observation	controller	true	true		controller0	openwhisk_controller	1	fc291abc5fbf12f50aba08fefd71d1f0	1784761195683000000	19818838981308	openwhisk_controller_jvm_mono	recovery/openwhisk/capture/controller.filtered.log	354
asyncs-openwhisk-direct-event-v1	C5	asyncs	dynamic-html-derived-v1	177	1	3c75f448857a4683b5f448857a6683bf	OW260	1	1	true	single_direct_observation	scheduler	true	true		scheduler0	openwhisk_scheduler	1	fc291abc5fbf12f50aba08fefd71d1f0	1784761195695000000	19818851322783	openwhisk_scheduler_jvm_mono	recovery/openwhisk/capture/scheduler.filtered.log	525
asyncs-openwhisk-direct-event-v1	C5	asyncs	dynamic-html-derived-v1	177	1	3c75f448857a4683b5f448857a6683bf	OW300	1	2	true	latest_ow300_not_after_ow310_tie_first_source_line	scheduler	true	true		scheduler0	openwhisk_scheduler	1	fc291abc5fbf12f50aba08fefd71d1f0	1784761195696000000	19818851498192	openwhisk_scheduler_jvm_mono	recovery/openwhisk/capture/scheduler.filtered.log	526
asyncs-openwhisk-direct-event-v1	C5	asyncs	dynamic-html-derived-v1	177	1	3c75f448857a4683b5f448857a6683bf	OW300	2	2	false	latest_ow300_not_after_ow310_tie_first_source_line	scheduler	true	true		scheduler0	openwhisk_scheduler	1	fc291abc5fbf12f50aba08fefd71d1f0	1784761195696000000	19818851542991	openwhisk_scheduler_jvm_mono	recovery/openwhisk/capture/scheduler.filtered.log	527
asyncs-openwhisk-direct-event-v1	C5	asyncs	dynamic-html-derived-v1	177	1	3c75f448857a4683b5f448857a6683bf	OW310	1	1	true	single_direct_observation	invoker	true	true		invoker0	openwhisk_invoker	29163	fc291abc5fbf12f50aba08fefd71d1f0	1784761195698000000	19818910915093	openwhisk_invoker_jvm_mono	recovery/openwhisk/capture/invokers.filtered.log	397
asyncs-openwhisk-direct-event-v1	C5	asyncs	dynamic-html-derived-v1	177	1	3c75f448857a4683b5f448857a6683bf	OW800	1	1	true	single_direct_observation	invoker	true	true		invoker0	openwhisk_invoker	29163	fc291abc5fbf12f50aba08fefd71d1f0	1784761196041000000	19819254154653	openwhisk_invoker_jvm_mono	recovery/openwhisk/capture/invokers.filtered.log	400
asyncs-openwhisk-direct-event-v1	C5	asyncs	dynamic-html-derived-v1	122	1	3fc223b062344cb78223b062348cb7ed	OW120	1	1	true	single_direct_observation	controller	true	true		controller0	openwhisk_controller	1	28fc1554b51e4d45f8f7e9ddd1c5b209	1784761185724000000	19808880197728	openwhisk_controller_jvm_mono	recovery/openwhisk/capture/controller.filtered.log	243
asyncs-openwhisk-direct-event-v1	C5	asyncs	dynamic-html-derived-v1	122	1	3fc223b062344cb78223b062348cb7ed	OW150	1	1	true	single_direct_observation	controller	true	true		controller0	openwhisk_controller	1	28fc1554b51e4d45f8f7e9ddd1c5b209	1784761185724000000	19808880229299	openwhisk_controller_jvm_mono	recovery/openwhisk/capture/controller.filtered.log	244
asyncs-openwhisk-direct-event-v1	C5	asyncs	dynamic-html-derived-v1	122	1	3fc223b062344cb78223b062348cb7ed	OW260	1	1	true	single_direct_observation	scheduler	true	true		scheduler0	openwhisk_scheduler	1	28fc1554b51e4d45f8f7e9ddd1c5b209	1784761185728000000	19808883673344	openwhisk_scheduler_jvm_mono	recovery/openwhisk/capture/scheduler.filtered.log	360
asyncs-openwhisk-direct-event-v1	C5	asyncs	dynamic-html-derived-v1	122	1	3fc223b062344cb78223b062348cb7ed	OW300	1	2	true	latest_ow300_not_after_ow310_tie_first_source_line	scheduler	true	true		scheduler0	openwhisk_scheduler	1	28fc1554b51e4d45f8f7e9ddd1c5b209	1784761185728000000	19808883809254	openwhisk_scheduler_jvm_mono	recovery/openwhisk/capture/scheduler.filtered.log	361
asyncs-openwhisk-direct-event-v1	C5	asyncs	dynamic-html-derived-v1	122	1	3fc223b062344cb78223b062348cb7ed	OW300	2	2	false	latest_ow300_not_after_ow310_tie_first_source_line	scheduler	true	true		scheduler0	openwhisk_scheduler	1	28fc1554b51e4d45f8f7e9ddd1c5b209	1784761185728000000	19808883864526	openwhisk_scheduler_jvm_mono	recovery/openwhisk/capture/scheduler.filtered.log	362
asyncs-openwhisk-direct-event-v1	C5	asyncs	dynamic-html-derived-v1	122	1	3fc223b062344cb78223b062348cb7ed	OW310	1	1	true	single_direct_observation	invoker	true	true		invoker0	openwhisk_invoker	29163	28fc1554b51e4d45f8f7e9ddd1c5b209	1784761185730000000	19808942930914	openwhisk_invoker_jvm_mono	recovery/openwhisk/capture/invokers.filtered.log	282
asyncs-openwhisk-direct-event-v1	C5	asyncs	dynamic-html-derived-v1	122	1	3fc223b062344cb78223b062348cb7ed	OW800	1	1	true	single_direct_observation	invoker	true	true		invoker0	openwhisk_invoker	29163	28fc1554b51e4d45f8f7e9ddd1c5b209	1784761186078000000	19809291054400	openwhisk_invoker_jvm_mono	recovery/openwhisk/capture/invokers.filtered.log	285
asyncs-openwhisk-direct-event-v1	C5	asyncs	dynamic-html-derived-v1	187	1	4000e5acbeed442480e5acbeedc424f9	OW120	1	1	true	single_direct_observation	controller	true	true		controller0	openwhisk_controller	1	bd73ab805296598547c63a3b46be9543	1784761197360000000	19820515831251	openwhisk_controller_jvm_mono	recovery/openwhisk/capture/controller.filtered.log	373
asyncs-openwhisk-direct-event-v1	C5	asyncs	dynamic-html-derived-v1	187	1	4000e5acbeed442480e5acbeedc424f9	OW150	1	1	true	single_direct_observation	controller	true	true		controller0	openwhisk_controller	1	bd73ab805296598547c63a3b46be9543	1784761197360000000	19820515910715	openwhisk_controller_jvm_mono	recovery/openwhisk/capture/controller.filtered.log	374
asyncs-openwhisk-direct-event-v1	C5	asyncs	dynamic-html-derived-v1	187	1	4000e5acbeed442480e5acbeedc424f9	OW260	1	1	true	single_direct_observation	scheduler	true	true		scheduler0	openwhisk_scheduler	1	bd73ab805296598547c63a3b46be9543	1784761197602000000	19820757945497	openwhisk_scheduler_jvm_mono	recovery/openwhisk/capture/scheduler.filtered.log	555
asyncs-openwhisk-direct-event-v1	C5	asyncs	dynamic-html-derived-v1	187	1	4000e5acbeed442480e5acbeedc424f9	OW300	1	2	true	latest_ow300_not_after_ow310_tie_first_source_line	scheduler	true	true		scheduler0	openwhisk_scheduler	1	bd73ab805296598547c63a3b46be9543	1784761197602000000	19820758131104	openwhisk_scheduler_jvm_mono	recovery/openwhisk/capture/scheduler.filtered.log	556
asyncs-openwhisk-direct-event-v1	C5	asyncs	dynamic-html-derived-v1	187	1	4000e5acbeed442480e5acbeedc424f9	OW300	2	2	false	latest_ow300_not_after_ow310_tie_first_source_line	scheduler	true	true		scheduler0	openwhisk_scheduler	1	bd73ab805296598547c63a3b46be9543	1784761197602000000	19820758176053	openwhisk_scheduler_jvm_mono	recovery/openwhisk/capture/scheduler.filtered.log	557
asyncs-openwhisk-direct-event-v1	C5	asyncs	dynamic-html-derived-v1	187	1	4000e5acbeed442480e5acbeedc424f9	OW310	1	1	true	single_direct_observation	invoker	true	true		invoker0	openwhisk_invoker	29163	bd73ab805296598547c63a3b46be9543	1784761197606000000	19820818448679	openwhisk_invoker_jvm_mono	recovery/openwhisk/capture/invokers.filtered.log	417
asyncs-openwhisk-direct-event-v1	C5	asyncs	dynamic-html-derived-v1	187	1	4000e5acbeed442480e5acbeedc424f9	OW800	1	1	true	single_direct_observation	invoker	true	true		invoker0	openwhisk_invoker	29163	bd73ab805296598547c63a3b46be9543	1784761197952000000	19821164584901	openwhisk_invoker_jvm_mono	recovery/openwhisk/capture/invokers.filtered.log	420
asyncs-openwhisk-direct-event-v1	C5	asyncs	dynamic-html-derived-v1	124	1	4135443aa0f740fab5443aa0f7e0fa33	OW120	1	1	true	single_direct_observation	controller	true	true		controller0	openwhisk_controller	1	1270200ceece34d98de63e5ffd7004f2	1784761185836000000	19808991864562	openwhisk_controller_jvm_mono	recovery/openwhisk/capture/controller.filtered.log	247
asyncs-openwhisk-direct-event-v1	C5	asyncs	dynamic-html-derived-v1	124	1	4135443aa0f740fab5443aa0f7e0fa33	OW150	1	1	true	single_direct_observation	controller	true	true		controller0	openwhisk_controller	1	1270200ceece34d98de63e5ffd7004f2	1784761185836000000	19808991946746	openwhisk_controller_jvm_mono	recovery/openwhisk/capture/controller.filtered.log	248
asyncs-openwhisk-direct-event-v1	C5	asyncs	dynamic-html-derived-v1	124	1	4135443aa0f740fab5443aa0f7e0fa33	OW260	1	1	true	single_direct_observation	scheduler	true	true		scheduler0	openwhisk_scheduler	1	1270200ceece34d98de63e5ffd7004f2	1784761185849000000	19809004827460	openwhisk_scheduler_jvm_mono	recovery/openwhisk/capture/scheduler.filtered.log	366
asyncs-openwhisk-direct-event-v1	C5	asyncs	dynamic-html-derived-v1	124	1	4135443aa0f740fab5443aa0f7e0fa33	OW300	1	2	true	latest_ow300_not_after_ow310_tie_first_source_line	scheduler	true	true		scheduler0	openwhisk_scheduler	1	1270200ceece34d98de63e5ffd7004f2	1784761185849000000	19809004952840	openwhisk_scheduler_jvm_mono	recovery/openwhisk/capture/scheduler.filtered.log	367
asyncs-openwhisk-direct-event-v1	C5	asyncs	dynamic-html-derived-v1	124	1	4135443aa0f740fab5443aa0f7e0fa33	OW300	2	2	false	latest_ow300_not_after_ow310_tie_first_source_line	scheduler	true	true		scheduler0	openwhisk_scheduler	1	1270200ceece34d98de63e5ffd7004f2	1784761185849000000	19809004992184	openwhisk_scheduler_jvm_mono	recovery/openwhisk/capture/scheduler.filtered.log	368
asyncs-openwhisk-direct-event-v1	C5	asyncs	dynamic-html-derived-v1	124	1	4135443aa0f740fab5443aa0f7e0fa33	OW310	1	1	true	single_direct_observation	invoker	true	true		invoker2	openwhisk_invoker	26523	1270200ceece34d98de63e5ffd7004f2	1784761185852000000	19808006888350	openwhisk_invoker_jvm_mono	recovery/openwhisk/capture/invokers.filtered.log	985
asyncs-openwhisk-direct-event-v1	C5	asyncs	dynamic-html-derived-v1	124	1	4135443aa0f740fab5443aa0f7e0fa33	OW800	1	1	true	single_direct_observation	invoker	true	true		invoker2	openwhisk_invoker	26523	1270200ceece34d98de63e5ffd7004f2	1784761186377000000	19808532667067	openwhisk_invoker_jvm_mono	recovery/openwhisk/capture/invokers.filtered.log	991
asyncs-openwhisk-direct-event-v1	C5	asyncs	dynamic-html-derived-v1	243	1	44a0be361f194b55a0be361f19eb5582	OW120	1	1	true	single_direct_observation	controller	true	true		controller0	openwhisk_controller	1	cfeff0fec243dd467860f9c861655518	1784761207125000000	19830280731352	openwhisk_controller_jvm_mono	recovery/openwhisk/capture/controller.filtered.log	485
asyncs-openwhisk-direct-event-v1	C5	asyncs	dynamic-html-derived-v1	243	1	44a0be361f194b55a0be361f19eb5582	OW150	1	1	true	single_direct_observation	controller	true	true		controller0	openwhisk_controller	1	cfeff0fec243dd467860f9c861655518	1784761207125000000	19830280773769	openwhisk_controller_jvm_mono	recovery/openwhisk/capture/controller.filtered.log	486
asyncs-openwhisk-direct-event-v1	C5	asyncs	dynamic-html-derived-v1	243	1	44a0be361f194b55a0be361f19eb5582	OW260	1	1	true	single_direct_observation	scheduler	true	true		scheduler0	openwhisk_scheduler	1	cfeff0fec243dd467860f9c861655518	1784761207142000000	19830297479024	openwhisk_scheduler_jvm_mono	recovery/openwhisk/capture/scheduler.filtered.log	723
asyncs-openwhisk-direct-event-v1	C5	asyncs	dynamic-html-derived-v1	243	1	44a0be361f194b55a0be361f19eb5582	OW300	1	2	true	latest_ow300_not_after_ow310_tie_first_source_line	scheduler	true	true		scheduler0	openwhisk_scheduler	1	cfeff0fec243dd467860f9c861655518	1784761207142000000	19830297614621	openwhisk_scheduler_jvm_mono	recovery/openwhisk/capture/scheduler.filtered.log	724
asyncs-openwhisk-direct-event-v1	C5	asyncs	dynamic-html-derived-v1	243	1	44a0be361f194b55a0be361f19eb5582	OW300	2	2	false	latest_ow300_not_after_ow310_tie_first_source_line	scheduler	true	true		scheduler0	openwhisk_scheduler	1	cfeff0fec243dd467860f9c861655518	1784761207142000000	19830297636843	openwhisk_scheduler_jvm_mono	recovery/openwhisk/capture/scheduler.filtered.log	725
asyncs-openwhisk-direct-event-v1	C5	asyncs	dynamic-html-derived-v1	243	1	44a0be361f194b55a0be361f19eb5582	OW310	1	1	true	single_direct_observation	invoker	true	true		invoker0	openwhisk_invoker	29163	cfeff0fec243dd467860f9c861655518	1784761207144000000	19830356622022	openwhisk_invoker_jvm_mono	recovery/openwhisk/capture/invokers.filtered.log	532
asyncs-openwhisk-direct-event-v1	C5	asyncs	dynamic-html-derived-v1	243	1	44a0be361f194b55a0be361f19eb5582	OW800	1	1	true	single_direct_observation	invoker	true	true		invoker0	openwhisk_invoker	29163	cfeff0fec243dd467860f9c861655518	1784761207486000000	19830698943066	openwhisk_invoker_jvm_mono	recovery/openwhisk/capture/invokers.filtered.log	535
asyncs-openwhisk-direct-event-v1	C5	asyncs	dynamic-html-derived-v1	73	1	44abd12bc27b4a0fabd12bc27b1a0fb3	OW120	1	1	true	single_direct_observation	controller	true	true		controller0	openwhisk_controller	1	f01f59526885898e854d8ddec0df5b55	1784761177205000000	19800360784650	openwhisk_controller_jvm_mono	recovery/openwhisk/capture/controller.filtered.log	145
asyncs-openwhisk-direct-event-v1	C5	asyncs	dynamic-html-derived-v1	73	1	44abd12bc27b4a0fabd12bc27b1a0fb3	OW150	1	1	true	single_direct_observation	controller	true	true		controller0	openwhisk_controller	1	f01f59526885898e854d8ddec0df5b55	1784761177205000000	19800360830269	openwhisk_controller_jvm_mono	recovery/openwhisk/capture/controller.filtered.log	146
asyncs-openwhisk-direct-event-v1	C5	asyncs	dynamic-html-derived-v1	73	1	44abd12bc27b4a0fabd12bc27b1a0fb3	OW260	1	1	true	single_direct_observation	scheduler	true	true		scheduler0	openwhisk_scheduler	1	f01f59526885898e854d8ddec0df5b55	1784761177209000000	19800364710471	openwhisk_scheduler_jvm_mono	recovery/openwhisk/capture/scheduler.filtered.log	213
asyncs-openwhisk-direct-event-v1	C5	asyncs	dynamic-html-derived-v1	73	1	44abd12bc27b4a0fabd12bc27b1a0fb3	OW300	1	2	true	latest_ow300_not_after_ow310_tie_first_source_line	scheduler	true	true		scheduler0	openwhisk_scheduler	1	f01f59526885898e854d8ddec0df5b55	1784761177209000000	19800364851814	openwhisk_scheduler_jvm_mono	recovery/openwhisk/capture/scheduler.filtered.log	214
asyncs-openwhisk-direct-event-v1	C5	asyncs	dynamic-html-derived-v1	73	1	44abd12bc27b4a0fabd12bc27b1a0fb3	OW300	2	2	false	latest_ow300_not_after_ow310_tie_first_source_line	scheduler	true	true		scheduler0	openwhisk_scheduler	1	f01f59526885898e854d8ddec0df5b55	1784761177209000000	19800364899647	openwhisk_scheduler_jvm_mono	recovery/openwhisk/capture/scheduler.filtered.log	215
asyncs-openwhisk-direct-event-v1	C5	asyncs	dynamic-html-derived-v1	73	1	44abd12bc27b4a0fabd12bc27b1a0fb3	OW310	1	1	true	single_direct_observation	invoker	true	true		invoker2	openwhisk_invoker	26523	f01f59526885898e854d8ddec0df5b55	1784761177212000000	19799367179410	openwhisk_invoker_jvm_mono	recovery/openwhisk/capture/invokers.filtered.log	840
asyncs-openwhisk-direct-event-v1	C5	asyncs	dynamic-html-derived-v1	73	1	44abd12bc27b4a0fabd12bc27b1a0fb3	OW800	1	1	true	single_direct_observation	invoker	true	true		invoker2	openwhisk_invoker	26523	f01f59526885898e854d8ddec0df5b55	1784761177765000000	19799920308189	openwhisk_invoker_jvm_mono	recovery/openwhisk/capture/invokers.filtered.log	848
asyncs-openwhisk-direct-event-v1	C5	asyncs	dynamic-html-derived-v1	27	1	44c63881408749db863881408719db42	OW120	1	1	true	single_direct_observation	controller	true	true		controller0	openwhisk_controller	1	cfc57b4390c59919be37ed78711ef152	1784761169403000000	19792558755245	openwhisk_controller_jvm_mono	recovery/openwhisk/capture/controller.filtered.log	53
asyncs-openwhisk-direct-event-v1	C5	asyncs	dynamic-html-derived-v1	27	1	44c63881408749db863881408719db42	OW150	1	1	true	single_direct_observation	controller	true	true		controller0	openwhisk_controller	1	cfc57b4390c59919be37ed78711ef152	1784761169403000000	19792558794935	openwhisk_controller_jvm_mono	recovery/openwhisk/capture/controller.filtered.log	54
asyncs-openwhisk-direct-event-v1	C5	asyncs	dynamic-html-derived-v1	27	1	44c63881408749db863881408719db42	OW260	1	1	true	single_direct_observation	scheduler	true	true		scheduler0	openwhisk_scheduler	1	cfc57b4390c59919be37ed78711ef152	1784761169407000000	19792562952187	openwhisk_scheduler_jvm_mono	recovery/openwhisk/capture/scheduler.filtered.log	75
asyncs-openwhisk-direct-event-v1	C5	asyncs	dynamic-html-derived-v1	27	1	44c63881408749db863881408719db42	OW300	1	2	true	latest_ow300_not_after_ow310_tie_first_source_line	scheduler	true	true		scheduler0	openwhisk_scheduler	1	cfc57b4390c59919be37ed78711ef152	1784761169407000000	19792563159133	openwhisk_scheduler_jvm_mono	recovery/openwhisk/capture/scheduler.filtered.log	76
asyncs-openwhisk-direct-event-v1	C5	asyncs	dynamic-html-derived-v1	27	1	44c63881408749db863881408719db42	OW300	2	2	false	latest_ow300_not_after_ow310_tie_first_source_line	scheduler	true	true		scheduler0	openwhisk_scheduler	1	cfc57b4390c59919be37ed78711ef152	1784761169407000000	19792563209403	openwhisk_scheduler_jvm_mono	recovery/openwhisk/capture/scheduler.filtered.log	77
asyncs-openwhisk-direct-event-v1	C5	asyncs	dynamic-html-derived-v1	27	1	44c63881408749db863881408719db42	OW310	1	1	true	single_direct_observation	invoker	true	true		invoker0	openwhisk_invoker	29163	cfc57b4390c59919be37ed78711ef152	1784761169410000000	19792622775667	openwhisk_invoker_jvm_mono	recovery/openwhisk/capture/invokers.filtered.log	77
asyncs-openwhisk-direct-event-v1	C5	asyncs	dynamic-html-derived-v1	27	1	44c63881408749db863881408719db42	OW800	1	1	true	single_direct_observation	invoker	true	true		invoker0	openwhisk_invoker	29163	cfc57b4390c59919be37ed78711ef152	1784761169752000000	19792965067859	openwhisk_invoker_jvm_mono	recovery/openwhisk/capture/invokers.filtered.log	80
asyncs-openwhisk-direct-event-v1	C5	asyncs	dynamic-html-derived-v1	123	1	452e8727556b4ae4ae8727556b2ae4f1	OW120	1	1	true	single_direct_observation	controller	true	true		controller0	openwhisk_controller	1	d4f9ee376fb8e948787720365d5e99fe	1784761185804000000	19808960049070	openwhisk_controller_jvm_mono	recovery/openwhisk/capture/controller.filtered.log	245
asyncs-openwhisk-direct-event-v1	C5	asyncs	dynamic-html-derived-v1	123	1	452e8727556b4ae4ae8727556b2ae4f1	OW150	1	1	true	single_direct_observation	controller	true	true		controller0	openwhisk_controller	1	d4f9ee376fb8e948787720365d5e99fe	1784761185804000000	19808960092511	openwhisk_controller_jvm_mono	recovery/openwhisk/capture/controller.filtered.log	246
asyncs-openwhisk-direct-event-v1	C5	asyncs	dynamic-html-derived-v1	123	1	452e8727556b4ae4ae8727556b2ae4f1	OW260	1	1	true	single_direct_observation	scheduler	true	true		scheduler0	openwhisk_scheduler	1	d4f9ee376fb8e948787720365d5e99fe	1784761185809000000	19808964576411	openwhisk_scheduler_jvm_mono	recovery/openwhisk/capture/scheduler.filtered.log	363
asyncs-openwhisk-direct-event-v1	C5	asyncs	dynamic-html-derived-v1	123	1	452e8727556b4ae4ae8727556b2ae4f1	OW300	1	2	true	latest_ow300_not_after_ow310_tie_first_source_line	scheduler	true	true		scheduler0	openwhisk_scheduler	1	d4f9ee376fb8e948787720365d5e99fe	1784761185809000000	19808964732202	openwhisk_scheduler_jvm_mono	recovery/openwhisk/capture/scheduler.filtered.log	364
asyncs-openwhisk-direct-event-v1	C5	asyncs	dynamic-html-derived-v1	123	1	452e8727556b4ae4ae8727556b2ae4f1	OW300	2	2	false	latest_ow300_not_after_ow310_tie_first_source_line	scheduler	true	true		scheduler0	openwhisk_scheduler	1	d4f9ee376fb8e948787720365d5e99fe	1784761185809000000	19808964863946	openwhisk_scheduler_jvm_mono	recovery/openwhisk/capture/scheduler.filtered.log	365
asyncs-openwhisk-direct-event-v1	C5	asyncs	dynamic-html-derived-v1	123	1	452e8727556b4ae4ae8727556b2ae4f1	OW310	1	1	true	single_direct_observation	invoker	true	true		invoker2	openwhisk_invoker	26523	d4f9ee376fb8e948787720365d5e99fe	1784761185811000000	19807966694280	openwhisk_invoker_jvm_mono	recovery/openwhisk/capture/invokers.filtered.log	983
asyncs-openwhisk-direct-event-v1	C5	asyncs	dynamic-html-derived-v1	123	1	452e8727556b4ae4ae8727556b2ae4f1	OW800	1	1	true	single_direct_observation	invoker	true	true		invoker2	openwhisk_invoker	26523	d4f9ee376fb8e948787720365d5e99fe	1784761186322000000	19808477562464	openwhisk_invoker_jvm_mono	recovery/openwhisk/capture/invokers.filtered.log	988
asyncs-openwhisk-direct-event-v1	C5	asyncs	dynamic-html-derived-v1	13	1	45444161d88b4b07844161d88b6b07f6	OW120	1	1	true	single_direct_observation	controller	true	true		controller0	openwhisk_controller	1	448f4447d21e1f0bde60c8c2e63ab349	1784761166772000000	19789927459800	openwhisk_controller_jvm_mono	recovery/openwhisk/capture/controller.filtered.log	25
asyncs-openwhisk-direct-event-v1	C5	asyncs	dynamic-html-derived-v1	13	1	45444161d88b4b07844161d88b6b07f6	OW150	1	1	true	single_direct_observation	controller	true	true		controller0	openwhisk_controller	1	448f4447d21e1f0bde60c8c2e63ab349	1784761166772000000	19789927503432	openwhisk_controller_jvm_mono	recovery/openwhisk/capture/controller.filtered.log	26
asyncs-openwhisk-direct-event-v1	C5	asyncs	dynamic-html-derived-v1	13	1	45444161d88b4b07844161d88b6b07f6	OW260	1	1	true	single_direct_observation	scheduler	true	true		scheduler0	openwhisk_scheduler	1	448f4447d21e1f0bde60c8c2e63ab349	1784761166781000000	19789937071160	openwhisk_scheduler_jvm_mono	recovery/openwhisk/capture/scheduler.filtered.log	33
asyncs-openwhisk-direct-event-v1	C5	asyncs	dynamic-html-derived-v1	13	1	45444161d88b4b07844161d88b6b07f6	OW300	1	2	false	latest_ow300_not_after_ow310_tie_first_source_line	scheduler	true	true		scheduler0	openwhisk_scheduler	1	448f4447d21e1f0bde60c8c2e63ab349	1784761166781000000	19789937424949	openwhisk_scheduler_jvm_mono	recovery/openwhisk/capture/scheduler.filtered.log	34
asyncs-openwhisk-direct-event-v1	C5	asyncs	dynamic-html-derived-v1	13	1	45444161d88b4b07844161d88b6b07f6	OW300	2	2	true	latest_ow300_not_after_ow310_tie_first_source_line	scheduler	true	true		scheduler0	openwhisk_scheduler	1	448f4447d21e1f0bde60c8c2e63ab349	1784761166782000000	19789937503895	openwhisk_scheduler_jvm_mono	recovery/openwhisk/capture/scheduler.filtered.log	35
asyncs-openwhisk-direct-event-v1	C5	asyncs	dynamic-html-derived-v1	13	1	45444161d88b4b07844161d88b6b07f6	OW310	1	1	true	single_direct_observation	invoker	true	true		invoker2	openwhisk_invoker	26523	448f4447d21e1f0bde60c8c2e63ab349	1784761166788000000	19788943022469	openwhisk_invoker_jvm_mono	recovery/openwhisk/capture/invokers.filtered.log	668
asyncs-openwhisk-direct-event-v1	C5	asyncs	dynamic-html-derived-v1	13	1	45444161d88b4b07844161d88b6b07f6	OW800	1	1	true	single_direct_observation	invoker	true	true		invoker2	openwhisk_invoker	26523	448f4447d21e1f0bde60c8c2e63ab349	1784761167295000000	19789449887927	openwhisk_invoker_jvm_mono	recovery/openwhisk/capture/invokers.filtered.log	673
asyncs-openwhisk-direct-event-v1	C5	asyncs	dynamic-html-derived-v1	239	1	45714dbbcb8e4d7fb14dbbcb8ead7f3c	OW120	1	1	true	single_direct_observation	controller	true	true		controller0	openwhisk_controller	1	941243ff410d8aa2e0653ec6dd772c00	1784761206460000000	19829616081348	openwhisk_controller_jvm_mono	recovery/openwhisk/capture/controller.filtered.log	477
asyncs-openwhisk-direct-event-v1	C5	asyncs	dynamic-html-derived-v1	239	1	45714dbbcb8e4d7fb14dbbcb8ead7f3c	OW150	1	1	true	single_direct_observation	controller	true	true		controller0	openwhisk_controller	1	941243ff410d8aa2e0653ec6dd772c00	1784761206460000000	19829616111486	openwhisk_controller_jvm_mono	recovery/openwhisk/capture/controller.filtered.log	478
asyncs-openwhisk-direct-event-v1	C5	asyncs	dynamic-html-derived-v1	239	1	45714dbbcb8e4d7fb14dbbcb8ead7f3c	OW260	1	1	true	single_direct_observation	scheduler	true	true		scheduler0	openwhisk_scheduler	1	941243ff410d8aa2e0653ec6dd772c00	1784761206466000000	19829621534786	openwhisk_scheduler_jvm_mono	recovery/openwhisk/capture/scheduler.filtered.log	711
asyncs-openwhisk-direct-event-v1	C5	asyncs	dynamic-html-derived-v1	239	1	45714dbbcb8e4d7fb14dbbcb8ead7f3c	OW300	1	2	true	latest_ow300_not_after_ow310_tie_first_source_line	scheduler	true	true		scheduler0	openwhisk_scheduler	1	941243ff410d8aa2e0653ec6dd772c00	1784761206466000000	19829621731403	openwhisk_scheduler_jvm_mono	recovery/openwhisk/capture/scheduler.filtered.log	712
asyncs-openwhisk-direct-event-v1	C5	asyncs	dynamic-html-derived-v1	239	1	45714dbbcb8e4d7fb14dbbcb8ead7f3c	OW300	2	2	false	latest_ow300_not_after_ow310_tie_first_source_line	scheduler	true	true		scheduler0	openwhisk_scheduler	1	941243ff410d8aa2e0653ec6dd772c00	1784761206466000000	19829621775728	openwhisk_scheduler_jvm_mono	recovery/openwhisk/capture/scheduler.filtered.log	713
asyncs-openwhisk-direct-event-v1	C5	asyncs	dynamic-html-derived-v1	239	1	45714dbbcb8e4d7fb14dbbcb8ead7f3c	OW310	1	1	true	single_direct_observation	invoker	true	true		invoker2	openwhisk_invoker	26523	941243ff410d8aa2e0653ec6dd772c00	1784761206468000000	19828623398239	openwhisk_invoker_jvm_mono	recovery/openwhisk/capture/invokers.filtered.log	1320
asyncs-openwhisk-direct-event-v1	C5	asyncs	dynamic-html-derived-v1	239	1	45714dbbcb8e4d7fb14dbbcb8ead7f3c	OW800	1	1	true	single_direct_observation	invoker	true	true		invoker2	openwhisk_invoker	26523	941243ff410d8aa2e0653ec6dd772c00	1784761206970000000	19829125130807	openwhisk_invoker_jvm_mono	recovery/openwhisk/capture/invokers.filtered.log	1328
asyncs-openwhisk-direct-event-v1	C5	asyncs	dynamic-html-derived-v1	94	1	460f2ab63ca14acb8f2ab63ca1eacbd8	OW120	1	1	true	single_direct_observation	controller	true	true		controller0	openwhisk_controller	1	9e9b297e25930e74bc2d6b48bf0d0ee6	1784761180585000000	19803741373906	openwhisk_controller_jvm_mono	recovery/openwhisk/capture/controller.filtered.log	187
asyncs-openwhisk-direct-event-v1	C5	asyncs	dynamic-html-derived-v1	94	1	460f2ab63ca14acb8f2ab63ca1eacbd8	OW150	1	1	true	single_direct_observation	controller	true	true		controller0	openwhisk_controller	1	9e9b297e25930e74bc2d6b48bf0d0ee6	1784761180585000000	19803741426807	openwhisk_controller_jvm_mono	recovery/openwhisk/capture/controller.filtered.log	188
asyncs-openwhisk-direct-event-v1	C5	asyncs	dynamic-html-derived-v1	94	1	460f2ab63ca14acb8f2ab63ca1eacbd8	OW260	1	1	true	single_direct_observation	scheduler	true	true		scheduler0	openwhisk_scheduler	1	9e9b297e25930e74bc2d6b48bf0d0ee6	1784761180591000000	19803747399721	openwhisk_scheduler_jvm_mono	recovery/openwhisk/capture/scheduler.filtered.log	276
asyncs-openwhisk-direct-event-v1	C5	asyncs	dynamic-html-derived-v1	94	1	460f2ab63ca14acb8f2ab63ca1eacbd8	OW300	1	2	true	latest_ow300_not_after_ow310_tie_first_source_line	scheduler	true	true		scheduler0	openwhisk_scheduler	1	9e9b297e25930e74bc2d6b48bf0d0ee6	1784761180592000000	19803747585174	openwhisk_scheduler_jvm_mono	recovery/openwhisk/capture/scheduler.filtered.log	277
asyncs-openwhisk-direct-event-v1	C5	asyncs	dynamic-html-derived-v1	94	1	460f2ab63ca14acb8f2ab63ca1eacbd8	OW300	2	2	false	latest_ow300_not_after_ow310_tie_first_source_line	scheduler	true	true		scheduler0	openwhisk_scheduler	1	9e9b297e25930e74bc2d6b48bf0d0ee6	1784761180592000000	19803747630158	openwhisk_scheduler_jvm_mono	recovery/openwhisk/capture/scheduler.filtered.log	278
asyncs-openwhisk-direct-event-v1	C5	asyncs	dynamic-html-derived-v1	94	1	460f2ab63ca14acb8f2ab63ca1eacbd8	OW310	1	1	true	single_direct_observation	invoker	true	true		invoker2	openwhisk_invoker	26523	9e9b297e25930e74bc2d6b48bf0d0ee6	1784761180595000000	19802749984914	openwhisk_invoker_jvm_mono	recovery/openwhisk/capture/invokers.filtered.log	900
asyncs-openwhisk-direct-event-v1	C5	asyncs	dynamic-html-derived-v1	94	1	460f2ab63ca14acb8f2ab63ca1eacbd8	OW800	1	1	true	single_direct_observation	invoker	true	true		invoker2	openwhisk_invoker	26523	9e9b297e25930e74bc2d6b48bf0d0ee6	1784761181125000000	19803280477978	openwhisk_invoker_jvm_mono	recovery/openwhisk/capture/invokers.filtered.log	908
asyncs-openwhisk-direct-event-v1	C5	asyncs	dynamic-html-derived-v1	273	1	4816a3d321e94b2296a3d321e9db22aa	OW120	1	1	true	single_direct_observation	controller	true	true		controller0	openwhisk_controller	1	c85f735efe864998325a21ef0ba9439a	1784761212187000000	19835342955631	openwhisk_controller_jvm_mono	recovery/openwhisk/capture/controller.filtered.log	545
asyncs-openwhisk-direct-event-v1	C5	asyncs	dynamic-html-derived-v1	273	1	4816a3d321e94b2296a3d321e9db22aa	OW150	1	1	true	single_direct_observation	controller	true	true		controller0	openwhisk_controller	1	c85f735efe864998325a21ef0ba9439a	1784761212188000000	19835343606878	openwhisk_controller_jvm_mono	recovery/openwhisk/capture/controller.filtered.log	546
asyncs-openwhisk-direct-event-v1	C5	asyncs	dynamic-html-derived-v1	273	1	4816a3d321e94b2296a3d321e9db22aa	OW260	1	1	true	single_direct_observation	scheduler	true	true		scheduler0	openwhisk_scheduler	1	c85f735efe864998325a21ef0ba9439a	1784761212192000000	19835347824450	openwhisk_scheduler_jvm_mono	recovery/openwhisk/capture/scheduler.filtered.log	813
asyncs-openwhisk-direct-event-v1	C5	asyncs	dynamic-html-derived-v1	273	1	4816a3d321e94b2296a3d321e9db22aa	OW300	1	2	true	latest_ow300_not_after_ow310_tie_first_source_line	scheduler	true	true		scheduler0	openwhisk_scheduler	1	c85f735efe864998325a21ef0ba9439a	1784761212192000000	19835347920341	openwhisk_scheduler_jvm_mono	recovery/openwhisk/capture/scheduler.filtered.log	814
asyncs-openwhisk-direct-event-v1	C5	asyncs	dynamic-html-derived-v1	273	1	4816a3d321e94b2296a3d321e9db22aa	OW300	2	2	false	latest_ow300_not_after_ow310_tie_first_source_line	scheduler	true	true		scheduler0	openwhisk_scheduler	1	c85f735efe864998325a21ef0ba9439a	1784761212192000000	19835347961441	openwhisk_scheduler_jvm_mono	recovery/openwhisk/capture/scheduler.filtered.log	815
asyncs-openwhisk-direct-event-v1	C5	asyncs	dynamic-html-derived-v1	273	1	4816a3d321e94b2296a3d321e9db22aa	OW310	1	1	true	single_direct_observation	invoker	true	true		invoker2	openwhisk_invoker	26523	c85f735efe864998325a21ef0ba9439a	1784761212199000000	19834354559019	openwhisk_invoker_jvm_mono	recovery/openwhisk/capture/invokers.filtered.log	1420
asyncs-openwhisk-direct-event-v1	C5	asyncs	dynamic-html-derived-v1	273	1	4816a3d321e94b2296a3d321e9db22aa	OW800	1	1	true	single_direct_observation	invoker	true	true		invoker2	openwhisk_invoker	26523	c85f735efe864998325a21ef0ba9439a	1784761212727000000	19834881895009	openwhisk_invoker_jvm_mono	recovery/openwhisk/capture/invokers.filtered.log	1428
asyncs-openwhisk-direct-event-v1	C5	asyncs	dynamic-html-derived-v1	143	1	487d6b6018da4f34bd6b6018da8f34d0	OW120	1	1	true	single_direct_observation	controller	true	true		controller0	openwhisk_controller	1	7921184e62e200599a5a9fc1e828234e	1784761189388000000	19812543499054	openwhisk_controller_jvm_mono	recovery/openwhisk/capture/controller.filtered.log	285
asyncs-openwhisk-direct-event-v1	C5	asyncs	dynamic-html-derived-v1	143	1	487d6b6018da4f34bd6b6018da8f34d0	OW150	1	1	true	single_direct_observation	controller	true	true		controller0	openwhisk_controller	1	7921184e62e200599a5a9fc1e828234e	1784761189388000000	19812543738649	openwhisk_controller_jvm_mono	recovery/openwhisk/capture/controller.filtered.log	286
asyncs-openwhisk-direct-event-v1	C5	asyncs	dynamic-html-derived-v1	143	1	487d6b6018da4f34bd6b6018da8f34d0	OW260	1	1	true	single_direct_observation	scheduler	true	true		scheduler0	openwhisk_scheduler	1	7921184e62e200599a5a9fc1e828234e	1784761189398000000	19812553666067	openwhisk_scheduler_jvm_mono	recovery/openwhisk/capture/scheduler.filtered.log	423
asyncs-openwhisk-direct-event-v1	C5	asyncs	dynamic-html-derived-v1	143	1	487d6b6018da4f34bd6b6018da8f34d0	OW300	1	2	true	latest_ow300_not_after_ow310_tie_first_source_line	scheduler	true	true		scheduler0	openwhisk_scheduler	1	7921184e62e200599a5a9fc1e828234e	1784761189398000000	19812553905337	openwhisk_scheduler_jvm_mono	recovery/openwhisk/capture/scheduler.filtered.log	424
asyncs-openwhisk-direct-event-v1	C5	asyncs	dynamic-html-derived-v1	143	1	487d6b6018da4f34bd6b6018da8f34d0	OW300	2	2	false	latest_ow300_not_after_ow310_tie_first_source_line	scheduler	true	true		scheduler0	openwhisk_scheduler	1	7921184e62e200599a5a9fc1e828234e	1784761189398000000	19812553971191	openwhisk_scheduler_jvm_mono	recovery/openwhisk/capture/scheduler.filtered.log	425
asyncs-openwhisk-direct-event-v1	C5	asyncs	dynamic-html-derived-v1	143	1	487d6b6018da4f34bd6b6018da8f34d0	OW310	1	1	true	single_direct_observation	invoker	true	true		invoker2	openwhisk_invoker	26523	7921184e62e200599a5a9fc1e828234e	1784761189404000000	19811559776448	openwhisk_invoker_jvm_mono	recovery/openwhisk/capture/invokers.filtered.log	1043
asyncs-openwhisk-direct-event-v1	C5	asyncs	dynamic-html-derived-v1	143	1	487d6b6018da4f34bd6b6018da8f34d0	OW800	1	1	true	single_direct_observation	invoker	true	true		invoker2	openwhisk_invoker	26523	7921184e62e200599a5a9fc1e828234e	1784761189926000000	19812080963097	openwhisk_invoker_jvm_mono	recovery/openwhisk/capture/invokers.filtered.log	1048
asyncs-openwhisk-direct-event-v1	C5	asyncs	dynamic-html-derived-v1	102	1	4afc9bb8f77946abbc9bb8f779a6ab67	OW120	1	1	true	single_direct_observation	controller	true	true		controller0	openwhisk_controller	1	44fde0598c80f97475e3cd5ce3532f94	1784761181951000000	19805106536787	openwhisk_controller_jvm_mono	recovery/openwhisk/capture/controller.filtered.log	203
asyncs-openwhisk-direct-event-v1	C5	asyncs	dynamic-html-derived-v1	102	1	4afc9bb8f77946abbc9bb8f779a6ab67	OW150	1	1	true	single_direct_observation	controller	true	true		controller0	openwhisk_controller	1	44fde0598c80f97475e3cd5ce3532f94	1784761181951000000	19805106590602	openwhisk_controller_jvm_mono	recovery/openwhisk/capture/controller.filtered.log	204
asyncs-openwhisk-direct-event-v1	C5	asyncs	dynamic-html-derived-v1	102	1	4afc9bb8f77946abbc9bb8f779a6ab67	OW260	1	1	true	single_direct_observation	scheduler	true	true		scheduler0	openwhisk_scheduler	1	44fde0598c80f97475e3cd5ce3532f94	1784761181959000000	19805114560121	openwhisk_scheduler_jvm_mono	recovery/openwhisk/capture/scheduler.filtered.log	300
asyncs-openwhisk-direct-event-v1	C5	asyncs	dynamic-html-derived-v1	102	1	4afc9bb8f77946abbc9bb8f779a6ab67	OW300	1	2	true	latest_ow300_not_after_ow310_tie_first_source_line	scheduler	true	true		scheduler0	openwhisk_scheduler	1	44fde0598c80f97475e3cd5ce3532f94	1784761181959000000	19805114760544	openwhisk_scheduler_jvm_mono	recovery/openwhisk/capture/scheduler.filtered.log	301
asyncs-openwhisk-direct-event-v1	C5	asyncs	dynamic-html-derived-v1	102	1	4afc9bb8f77946abbc9bb8f779a6ab67	OW300	2	2	false	latest_ow300_not_after_ow310_tie_first_source_line	scheduler	true	true		scheduler0	openwhisk_scheduler	1	44fde0598c80f97475e3cd5ce3532f94	1784761181959000000	19805114801929	openwhisk_scheduler_jvm_mono	recovery/openwhisk/capture/scheduler.filtered.log	302
asyncs-openwhisk-direct-event-v1	C5	asyncs	dynamic-html-derived-v1	102	1	4afc9bb8f77946abbc9bb8f779a6ab67	OW310	1	1	true	single_direct_observation	invoker	true	true		invoker0	openwhisk_invoker	29163	44fde0598c80f97475e3cd5ce3532f94	1784761181962000000	19805174711642	openwhisk_invoker_jvm_mono	recovery/openwhisk/capture/invokers.filtered.log	237
asyncs-openwhisk-direct-event-v1	C5	asyncs	dynamic-html-derived-v1	102	1	4afc9bb8f77946abbc9bb8f779a6ab67	OW800	1	1	true	single_direct_observation	invoker	true	true		invoker0	openwhisk_invoker	29163	44fde0598c80f97475e3cd5ce3532f94	1784761182310000000	19805522385957	openwhisk_invoker_jvm_mono	recovery/openwhisk/capture/invokers.filtered.log	240
asyncs-openwhisk-direct-event-v1	C5	asyncs	dynamic-html-derived-v1	150	1	4da85453d834405da85453d834705d42	OW120	1	1	true	single_direct_observation	controller	true	true		controller0	openwhisk_controller	1	fc7b4cc079212f0d3905b5fc398c1d7e	1784761190740000000	19813896345290	openwhisk_controller_jvm_mono	recovery/openwhisk/capture/controller.filtered.log	299
asyncs-openwhisk-direct-event-v1	C5	asyncs	dynamic-html-derived-v1	150	1	4da85453d834405da85453d834705d42	OW150	1	1	true	single_direct_observation	controller	true	true		controller0	openwhisk_controller	1	fc7b4cc079212f0d3905b5fc398c1d7e	1784761190740000000	19813896382277	openwhisk_controller_jvm_mono	recovery/openwhisk/capture/controller.filtered.log	300
asyncs-openwhisk-direct-event-v1	C5	asyncs	dynamic-html-derived-v1	150	1	4da85453d834405da85453d834705d42	OW260	1	1	true	single_direct_observation	scheduler	true	true		scheduler0	openwhisk_scheduler	1	fc7b4cc079212f0d3905b5fc398c1d7e	1784761190745000000	19813901331632	openwhisk_scheduler_jvm_mono	recovery/openwhisk/capture/scheduler.filtered.log	444
asyncs-openwhisk-direct-event-v1	C5	asyncs	dynamic-html-derived-v1	150	1	4da85453d834405da85453d834705d42	OW300	1	2	true	latest_ow300_not_after_ow310_tie_first_source_line	scheduler	true	true		scheduler0	openwhisk_scheduler	1	fc7b4cc079212f0d3905b5fc398c1d7e	1784761190746000000	19813901486557	openwhisk_scheduler_jvm_mono	recovery/openwhisk/capture/scheduler.filtered.log	445
asyncs-openwhisk-direct-event-v1	C5	asyncs	dynamic-html-derived-v1	150	1	4da85453d834405da85453d834705d42	OW300	2	2	false	latest_ow300_not_after_ow310_tie_first_source_line	scheduler	true	true		scheduler0	openwhisk_scheduler	1	fc7b4cc079212f0d3905b5fc398c1d7e	1784761190746000000	19813901520422	openwhisk_scheduler_jvm_mono	recovery/openwhisk/capture/scheduler.filtered.log	446
asyncs-openwhisk-direct-event-v1	C5	asyncs	dynamic-html-derived-v1	150	1	4da85453d834405da85453d834705d42	OW310	1	1	true	single_direct_observation	invoker	true	true		invoker2	openwhisk_invoker	26523	fc7b4cc079212f0d3905b5fc398c1d7e	1784761190749000000	19812904074612	openwhisk_invoker_jvm_mono	recovery/openwhisk/capture/invokers.filtered.log	1063
asyncs-openwhisk-direct-event-v1	C5	asyncs	dynamic-html-derived-v1	150	1	4da85453d834405da85453d834705d42	OW800	1	1	true	single_direct_observation	invoker	true	true		invoker2	openwhisk_invoker	26523	fc7b4cc079212f0d3905b5fc398c1d7e	1784761191193000000	19813348512102	openwhisk_invoker_jvm_mono	recovery/openwhisk/capture/invokers.filtered.log	1068
asyncs-openwhisk-direct-event-v1	C5	asyncs	dynamic-html-derived-v1	115	1	4e85bacda169479f85bacda169879fa4	OW120	1	1	true	single_direct_observation	controller	true	true		controller0	openwhisk_controller	1	718357340143a1f920e29acb792f7ca9	1784761184526000000	19807681628319	openwhisk_controller_jvm_mono	recovery/openwhisk/capture/controller.filtered.log	229
asyncs-openwhisk-direct-event-v1	C5	asyncs	dynamic-html-derived-v1	115	1	4e85bacda169479f85bacda169879fa4	OW150	1	1	true	single_direct_observation	controller	true	true		controller0	openwhisk_controller	1	718357340143a1f920e29acb792f7ca9	1784761184526000000	19807681676673	openwhisk_controller_jvm_mono	recovery/openwhisk/capture/controller.filtered.log	230
asyncs-openwhisk-direct-event-v1	C5	asyncs	dynamic-html-derived-v1	115	1	4e85bacda169479f85bacda169879fa4	OW260	1	1	true	single_direct_observation	scheduler	true	true		scheduler0	openwhisk_scheduler	1	718357340143a1f920e29acb792f7ca9	1784761184535000000	19807690654035	openwhisk_scheduler_jvm_mono	recovery/openwhisk/capture/scheduler.filtered.log	339
asyncs-openwhisk-direct-event-v1	C5	asyncs	dynamic-html-derived-v1	115	1	4e85bacda169479f85bacda169879fa4	OW300	1	2	true	latest_ow300_not_after_ow310_tie_first_source_line	scheduler	true	true		scheduler0	openwhisk_scheduler	1	718357340143a1f920e29acb792f7ca9	1784761184535000000	19807690880328	openwhisk_scheduler_jvm_mono	recovery/openwhisk/capture/scheduler.filtered.log	340
asyncs-openwhisk-direct-event-v1	C5	asyncs	dynamic-html-derived-v1	115	1	4e85bacda169479f85bacda169879fa4	OW300	2	2	false	latest_ow300_not_after_ow310_tie_first_source_line	scheduler	true	true		scheduler0	openwhisk_scheduler	1	718357340143a1f920e29acb792f7ca9	1784761184535000000	19807690942778	openwhisk_scheduler_jvm_mono	recovery/openwhisk/capture/scheduler.filtered.log	341
asyncs-openwhisk-direct-event-v1	C5	asyncs	dynamic-html-derived-v1	115	1	4e85bacda169479f85bacda169879fa4	OW310	1	1	true	single_direct_observation	invoker	true	true		invoker0	openwhisk_invoker	29163	718357340143a1f920e29acb792f7ca9	1784761184539000000	19807752128719	openwhisk_invoker_jvm_mono	recovery/openwhisk/capture/invokers.filtered.log	267
asyncs-openwhisk-direct-event-v1	C5	asyncs	dynamic-html-derived-v1	115	1	4e85bacda169479f85bacda169879fa4	OW800	1	1	true	single_direct_observation	invoker	true	true		invoker0	openwhisk_invoker	29163	718357340143a1f920e29acb792f7ca9	1784761184890000000	19808103122215	openwhisk_invoker_jvm_mono	recovery/openwhisk/capture/invokers.filtered.log	270
asyncs-openwhisk-direct-event-v1	C5	asyncs	dynamic-html-derived-v1	172	1	4f8d3f0ca61c453e8d3f0ca61ca53ec9	OW120	1	1	true	single_direct_observation	controller	true	true		controller0	openwhisk_controller	1	54073bd98a45e4e4e88c860c81cdb737	1784761194726000000	19817881475172	openwhisk_controller_jvm_mono	recovery/openwhisk/capture/controller.filtered.log	343
asyncs-openwhisk-direct-event-v1	C5	asyncs	dynamic-html-derived-v1	172	1	4f8d3f0ca61c453e8d3f0ca61ca53ec9	OW150	1	1	true	single_direct_observation	controller	true	true		controller0	openwhisk_controller	1	54073bd98a45e4e4e88c860c81cdb737	1784761194726000000	19817881555814	openwhisk_controller_jvm_mono	recovery/openwhisk/capture/controller.filtered.log	344
asyncs-openwhisk-direct-event-v1	C5	asyncs	dynamic-html-derived-v1	172	1	4f8d3f0ca61c453e8d3f0ca61ca53ec9	OW260	1	1	true	single_direct_observation	scheduler	true	true		scheduler0	openwhisk_scheduler	1	54073bd98a45e4e4e88c860c81cdb737	1784761194729000000	19817885314898	openwhisk_scheduler_jvm_mono	recovery/openwhisk/capture/scheduler.filtered.log	510
asyncs-openwhisk-direct-event-v1	C5	asyncs	dynamic-html-derived-v1	172	1	4f8d3f0ca61c453e8d3f0ca61ca53ec9	OW300	1	2	true	latest_ow300_not_after_ow310_tie_first_source_line	scheduler	true	true		scheduler0	openwhisk_scheduler	1	54073bd98a45e4e4e88c860c81cdb737	1784761194730000000	19817885495626	openwhisk_scheduler_jvm_mono	recovery/openwhisk/capture/scheduler.filtered.log	511
asyncs-openwhisk-direct-event-v1	C5	asyncs	dynamic-html-derived-v1	172	1	4f8d3f0ca61c453e8d3f0ca61ca53ec9	OW300	2	2	false	latest_ow300_not_after_ow310_tie_first_source_line	scheduler	true	true		scheduler0	openwhisk_scheduler	1	54073bd98a45e4e4e88c860c81cdb737	1784761194730000000	19817885540464	openwhisk_scheduler_jvm_mono	recovery/openwhisk/capture/scheduler.filtered.log	512
asyncs-openwhisk-direct-event-v1	C5	asyncs	dynamic-html-derived-v1	172	1	4f8d3f0ca61c453e8d3f0ca61ca53ec9	OW310	1	1	true	single_direct_observation	invoker	true	true		invoker2	openwhisk_invoker	26523	54073bd98a45e4e4e88c860c81cdb737	1784761194732000000	19816887122855	openwhisk_invoker_jvm_mono	recovery/openwhisk/capture/invokers.filtered.log	1125
asyncs-openwhisk-direct-event-v1	C5	asyncs	dynamic-html-derived-v1	172	1	4f8d3f0ca61c453e8d3f0ca61ca53ec9	OW800	1	1	true	single_direct_observation	invoker	true	true		invoker2	openwhisk_invoker	26523	54073bd98a45e4e4e88c860c81cdb737	1784761195273000000	19817428520810	openwhisk_invoker_jvm_mono	recovery/openwhisk/capture/invokers.filtered.log	1133
asyncs-openwhisk-direct-event-v1	C5	asyncs	dynamic-html-derived-v1	85	1	500b144ce6af42e08b144ce6af42e0e5	OW120	1	1	true	single_direct_observation	controller	true	true		controller0	openwhisk_controller	1	08ac4f7c518e1158a4de53cada6b0dc6	1784761179210000000	19802365911601	openwhisk_controller_jvm_mono	recovery/openwhisk/capture/controller.filtered.log	169
asyncs-openwhisk-direct-event-v1	C5	asyncs	dynamic-html-derived-v1	85	1	500b144ce6af42e08b144ce6af42e0e5	OW150	1	1	true	single_direct_observation	controller	true	true		controller0	openwhisk_controller	1	08ac4f7c518e1158a4de53cada6b0dc6	1784761179210000000	19802365959176	openwhisk_controller_jvm_mono	recovery/openwhisk/capture/controller.filtered.log	170
asyncs-openwhisk-direct-event-v1	C5	asyncs	dynamic-html-derived-v1	85	1	500b144ce6af42e08b144ce6af42e0e5	OW260	1	1	true	single_direct_observation	scheduler	true	true		scheduler0	openwhisk_scheduler	1	08ac4f7c518e1158a4de53cada6b0dc6	1784761179217000000	19802372696797	openwhisk_scheduler_jvm_mono	recovery/openwhisk/capture/scheduler.filtered.log	249
asyncs-openwhisk-direct-event-v1	C5	asyncs	dynamic-html-derived-v1	85	1	500b144ce6af42e08b144ce6af42e0e5	OW300	1	2	true	latest_ow300_not_after_ow310_tie_first_source_line	scheduler	true	true		scheduler0	openwhisk_scheduler	1	08ac4f7c518e1158a4de53cada6b0dc6	1784761179217000000	19802372888805	openwhisk_scheduler_jvm_mono	recovery/openwhisk/capture/scheduler.filtered.log	250
asyncs-openwhisk-direct-event-v1	C5	asyncs	dynamic-html-derived-v1	85	1	500b144ce6af42e08b144ce6af42e0e5	OW300	2	2	false	latest_ow300_not_after_ow310_tie_first_source_line	scheduler	true	true		scheduler0	openwhisk_scheduler	1	08ac4f7c518e1158a4de53cada6b0dc6	1784761179217000000	19802372971948	openwhisk_scheduler_jvm_mono	recovery/openwhisk/capture/scheduler.filtered.log	251
asyncs-openwhisk-direct-event-v1	C5	asyncs	dynamic-html-derived-v1	85	1	500b144ce6af42e08b144ce6af42e0e5	OW310	1	1	true	single_direct_observation	invoker	true	true		invoker0	openwhisk_invoker	29163	08ac4f7c518e1158a4de53cada6b0dc6	1784761179220000000	19802433191413	openwhisk_invoker_jvm_mono	recovery/openwhisk/capture/invokers.filtered.log	202
asyncs-openwhisk-direct-event-v1	C5	asyncs	dynamic-html-derived-v1	85	1	500b144ce6af42e08b144ce6af42e0e5	OW800	1	1	true	single_direct_observation	invoker	true	true		invoker0	openwhisk_invoker	29163	08ac4f7c518e1158a4de53cada6b0dc6	1784761179562000000	19802774959944	openwhisk_invoker_jvm_mono	recovery/openwhisk/capture/invokers.filtered.log	205
asyncs-openwhisk-direct-event-v1	C5	asyncs	dynamic-html-derived-v1	264	1	503fe36da56b4a0cbfe36da56b4a0c5a	OW120	1	1	true	single_direct_observation	controller	true	true		controller0	openwhisk_controller	1	01e1adea1452038a67b896d3244ff302	1784761210752000000	19833907468111	openwhisk_controller_jvm_mono	recovery/openwhisk/capture/controller.filtered.log	527
asyncs-openwhisk-direct-event-v1	C5	asyncs	dynamic-html-derived-v1	264	1	503fe36da56b4a0cbfe36da56b4a0c5a	OW150	1	1	true	single_direct_observation	controller	true	true		controller0	openwhisk_controller	1	01e1adea1452038a67b896d3244ff302	1784761210752000000	19833907510521	openwhisk_controller_jvm_mono	recovery/openwhisk/capture/controller.filtered.log	528
asyncs-openwhisk-direct-event-v1	C5	asyncs	dynamic-html-derived-v1	264	1	503fe36da56b4a0cbfe36da56b4a0c5a	OW260	1	1	true	single_direct_observation	scheduler	true	true		scheduler0	openwhisk_scheduler	1	01e1adea1452038a67b896d3244ff302	1784761210759000000	19833914924747	openwhisk_scheduler_jvm_mono	recovery/openwhisk/capture/scheduler.filtered.log	786
asyncs-openwhisk-direct-event-v1	C5	asyncs	dynamic-html-derived-v1	264	1	503fe36da56b4a0cbfe36da56b4a0c5a	OW300	1	2	true	latest_ow300_not_after_ow310_tie_first_source_line	scheduler	true	true		scheduler0	openwhisk_scheduler	1	01e1adea1452038a67b896d3244ff302	1784761210759000000	19833915037907	openwhisk_scheduler_jvm_mono	recovery/openwhisk/capture/scheduler.filtered.log	787
asyncs-openwhisk-direct-event-v1	C5	asyncs	dynamic-html-derived-v1	264	1	503fe36da56b4a0cbfe36da56b4a0c5a	OW300	2	2	false	latest_ow300_not_after_ow310_tie_first_source_line	scheduler	true	true		scheduler0	openwhisk_scheduler	1	01e1adea1452038a67b896d3244ff302	1784761210759000000	19833915072889	openwhisk_scheduler_jvm_mono	recovery/openwhisk/capture/scheduler.filtered.log	788
asyncs-openwhisk-direct-event-v1	C5	asyncs	dynamic-html-derived-v1	264	1	503fe36da56b4a0cbfe36da56b4a0c5a	OW310	1	1	true	single_direct_observation	invoker	true	true		invoker0	openwhisk_invoker	29163	01e1adea1452038a67b896d3244ff302	1784761210761000000	19833973633292	openwhisk_invoker_jvm_mono	recovery/openwhisk/capture/invokers.filtered.log	577
asyncs-openwhisk-direct-event-v1	C5	asyncs	dynamic-html-derived-v1	264	1	503fe36da56b4a0cbfe36da56b4a0c5a	OW800	1	1	true	single_direct_observation	invoker	true	true		invoker0	openwhisk_invoker	29163	01e1adea1452038a67b896d3244ff302	1784761211105000000	19834317601602	openwhisk_invoker_jvm_mono	recovery/openwhisk/capture/invokers.filtered.log	580
asyncs-openwhisk-direct-event-v1	C5	asyncs	dynamic-html-derived-v1	11	1	51809493094c4cb1809493094c1cb14c	OW120	1	1	true	single_direct_observation	controller	true	true		controller0	openwhisk_controller	1	f63339b33bf2c650c32085c7cd5c10bd	1784761166206000000	19789361880725	openwhisk_controller_jvm_mono	recovery/openwhisk/capture/controller.filtered.log	21
asyncs-openwhisk-direct-event-v1	C5	asyncs	dynamic-html-derived-v1	11	1	51809493094c4cb1809493094c1cb14c	OW150	1	1	true	single_direct_observation	controller	true	true		controller0	openwhisk_controller	1	f63339b33bf2c650c32085c7cd5c10bd	1784761166206000000	19789361932872	openwhisk_controller_jvm_mono	recovery/openwhisk/capture/controller.filtered.log	22
asyncs-openwhisk-direct-event-v1	C5	asyncs	dynamic-html-derived-v1	11	1	51809493094c4cb1809493094c1cb14c	OW260	1	1	true	single_direct_observation	scheduler	true	true		scheduler0	openwhisk_scheduler	1	f63339b33bf2c650c32085c7cd5c10bd	1784761166211000000	19789367305185	openwhisk_scheduler_jvm_mono	recovery/openwhisk/capture/scheduler.filtered.log	27
asyncs-openwhisk-direct-event-v1	C5	asyncs	dynamic-html-derived-v1	11	1	51809493094c4cb1809493094c1cb14c	OW300	1	2	true	latest_ow300_not_after_ow310_tie_first_source_line	scheduler	true	true		scheduler0	openwhisk_scheduler	1	f63339b33bf2c650c32085c7cd5c10bd	1784761166212000000	19789367539010	openwhisk_scheduler_jvm_mono	recovery/openwhisk/capture/scheduler.filtered.log	28
asyncs-openwhisk-direct-event-v1	C5	asyncs	dynamic-html-derived-v1	11	1	51809493094c4cb1809493094c1cb14c	OW300	2	2	false	latest_ow300_not_after_ow310_tie_first_source_line	scheduler	true	true		scheduler0	openwhisk_scheduler	1	f63339b33bf2c650c32085c7cd5c10bd	1784761166212000000	19789367581971	openwhisk_scheduler_jvm_mono	recovery/openwhisk/capture/scheduler.filtered.log	29
asyncs-openwhisk-direct-event-v1	C5	asyncs	dynamic-html-derived-v1	11	1	51809493094c4cb1809493094c1cb14c	OW310	1	1	true	single_direct_observation	invoker	true	true		invoker0	openwhisk_invoker	29163	f63339b33bf2c650c32085c7cd5c10bd	1784761166216000000	19789428638173	openwhisk_invoker_jvm_mono	recovery/openwhisk/capture/invokers.filtered.log	42
asyncs-openwhisk-direct-event-v1	C5	asyncs	dynamic-html-derived-v1	11	1	51809493094c4cb1809493094c1cb14c	OW800	1	1	true	single_direct_observation	invoker	true	true		invoker0	openwhisk_invoker	29163	f63339b33bf2c650c32085c7cd5c10bd	1784761166561000000	19789774002752	openwhisk_invoker_jvm_mono	recovery/openwhisk/capture/invokers.filtered.log	45
asyncs-openwhisk-direct-event-v1	C5	asyncs	dynamic-html-derived-v1	63	1	5195c682972c44fa95c682972cf4fae6	OW120	1	1	true	single_direct_observation	controller	true	true		controller0	openwhisk_controller	1	9d7cfb97a0c1b7097ee2a4d47412f5ad	1784761175548000000	19798704326602	openwhisk_controller_jvm_mono	recovery/openwhisk/capture/controller.filtered.log	125
asyncs-openwhisk-direct-event-v1	C5	asyncs	dynamic-html-derived-v1	63	1	5195c682972c44fa95c682972cf4fae6	OW150	1	1	true	single_direct_observation	controller	true	true		controller0	openwhisk_controller	1	9d7cfb97a0c1b7097ee2a4d47412f5ad	1784761175548000000	19798704387678	openwhisk_controller_jvm_mono	recovery/openwhisk/capture/controller.filtered.log	126
asyncs-openwhisk-direct-event-v1	C5	asyncs	dynamic-html-derived-v1	63	1	5195c682972c44fa95c682972cf4fae6	OW260	1	1	true	single_direct_observation	scheduler	true	true		scheduler0	openwhisk_scheduler	1	9d7cfb97a0c1b7097ee2a4d47412f5ad	1784761175552000000	19798707812500	openwhisk_scheduler_jvm_mono	recovery/openwhisk/capture/scheduler.filtered.log	183
asyncs-openwhisk-direct-event-v1	C5	asyncs	dynamic-html-derived-v1	63	1	5195c682972c44fa95c682972cf4fae6	OW300	1	2	true	latest_ow300_not_after_ow310_tie_first_source_line	scheduler	true	true		scheduler0	openwhisk_scheduler	1	9d7cfb97a0c1b7097ee2a4d47412f5ad	1784761175552000000	19798707967298	openwhisk_scheduler_jvm_mono	recovery/openwhisk/capture/scheduler.filtered.log	184
asyncs-openwhisk-direct-event-v1	C5	asyncs	dynamic-html-derived-v1	63	1	5195c682972c44fa95c682972cf4fae6	OW300	2	2	false	latest_ow300_not_after_ow310_tie_first_source_line	scheduler	true	true		scheduler0	openwhisk_scheduler	1	9d7cfb97a0c1b7097ee2a4d47412f5ad	1784761175552000000	19798708034783	openwhisk_scheduler_jvm_mono	recovery/openwhisk/capture/scheduler.filtered.log	185
asyncs-openwhisk-direct-event-v1	C5	asyncs	dynamic-html-derived-v1	63	1	5195c682972c44fa95c682972cf4fae6	OW310	1	1	true	single_direct_observation	invoker	true	true		invoker2	openwhisk_invoker	26523	9d7cfb97a0c1b7097ee2a4d47412f5ad	1784761175556000000	19797710870970	openwhisk_invoker_jvm_mono	recovery/openwhisk/capture/invokers.filtered.log	810
asyncs-openwhisk-direct-event-v1	C5	asyncs	dynamic-html-derived-v1	63	1	5195c682972c44fa95c682972cf4fae6	OW800	1	1	true	single_direct_observation	invoker	true	true		invoker2	openwhisk_invoker	26523	9d7cfb97a0c1b7097ee2a4d47412f5ad	1784761176071000000	19798226015861	openwhisk_invoker_jvm_mono	recovery/openwhisk/capture/invokers.filtered.log	818
asyncs-openwhisk-direct-event-v1	C5	asyncs	dynamic-html-derived-v1	182	1	51aafd3107c54d52aafd3107c5bd5266	OW120	1	1	true	single_direct_observation	controller	true	true		controller0	openwhisk_controller	1	295f2b28d6b6bca92cb24e771a4aa5e8	1784761196562000000	19819717948355	openwhisk_controller_jvm_mono	recovery/openwhisk/capture/controller.filtered.log	363
asyncs-openwhisk-direct-event-v1	C5	asyncs	dynamic-html-derived-v1	182	1	51aafd3107c54d52aafd3107c5bd5266	OW150	1	1	true	single_direct_observation	controller	true	true		controller0	openwhisk_controller	1	295f2b28d6b6bca92cb24e771a4aa5e8	1784761196562000000	19819718044355	openwhisk_controller_jvm_mono	recovery/openwhisk/capture/controller.filtered.log	364
asyncs-openwhisk-direct-event-v1	C5	asyncs	dynamic-html-derived-v1	182	1	51aafd3107c54d52aafd3107c5bd5266	OW260	1	1	true	single_direct_observation	scheduler	true	true		scheduler0	openwhisk_scheduler	1	295f2b28d6b6bca92cb24e771a4aa5e8	1784761196571000000	19819727091007	openwhisk_scheduler_jvm_mono	recovery/openwhisk/capture/scheduler.filtered.log	540
asyncs-openwhisk-direct-event-v1	C5	asyncs	dynamic-html-derived-v1	182	1	51aafd3107c54d52aafd3107c5bd5266	OW300	1	2	true	latest_ow300_not_after_ow310_tie_first_source_line	scheduler	true	true		scheduler0	openwhisk_scheduler	1	295f2b28d6b6bca92cb24e771a4aa5e8	1784761196571000000	19819727251622	openwhisk_scheduler_jvm_mono	recovery/openwhisk/capture/scheduler.filtered.log	541
asyncs-openwhisk-direct-event-v1	C5	asyncs	dynamic-html-derived-v1	182	1	51aafd3107c54d52aafd3107c5bd5266	OW300	2	2	false	latest_ow300_not_after_ow310_tie_first_source_line	scheduler	true	true		scheduler0	openwhisk_scheduler	1	295f2b28d6b6bca92cb24e771a4aa5e8	1784761196571000000	19819727278650	openwhisk_scheduler_jvm_mono	recovery/openwhisk/capture/scheduler.filtered.log	542
asyncs-openwhisk-direct-event-v1	C5	asyncs	dynamic-html-derived-v1	182	1	51aafd3107c54d52aafd3107c5bd5266	OW310	1	1	true	single_direct_observation	invoker	true	true		invoker0	openwhisk_invoker	29163	295f2b28d6b6bca92cb24e771a4aa5e8	1784761196573000000	19819786026159	openwhisk_invoker_jvm_mono	recovery/openwhisk/capture/invokers.filtered.log	407
asyncs-openwhisk-direct-event-v1	C5	asyncs	dynamic-html-derived-v1	182	1	51aafd3107c54d52aafd3107c5bd5266	OW800	1	1	true	single_direct_observation	invoker	true	true		invoker0	openwhisk_invoker	29163	295f2b28d6b6bca92cb24e771a4aa5e8	1784761196916000000	19820128819147	openwhisk_invoker_jvm_mono	recovery/openwhisk/capture/invokers.filtered.log	410
asyncs-openwhisk-direct-event-v1	C5	asyncs	dynamic-html-derived-v1	190	1	5239eebffe8e47e5b9eebffe8e47e5cc	OW120	1	1	true	single_direct_observation	controller	true	true		controller0	openwhisk_controller	1	0a5221bd54c13b6ba7f6916a5362ad73	1784761197989000000	19821145293067	openwhisk_controller_jvm_mono	recovery/openwhisk/capture/controller.filtered.log	379
asyncs-openwhisk-direct-event-v1	C5	asyncs	dynamic-html-derived-v1	190	1	5239eebffe8e47e5b9eebffe8e47e5cc	OW150	1	1	true	single_direct_observation	controller	true	true		controller0	openwhisk_controller	1	0a5221bd54c13b6ba7f6916a5362ad73	1784761197989000000	19821145328867	openwhisk_controller_jvm_mono	recovery/openwhisk/capture/controller.filtered.log	380
asyncs-openwhisk-direct-event-v1	C5	asyncs	dynamic-html-derived-v1	190	1	5239eebffe8e47e5b9eebffe8e47e5cc	OW260	1	1	true	single_direct_observation	scheduler	true	true		scheduler0	openwhisk_scheduler	1	0a5221bd54c13b6ba7f6916a5362ad73	1784761197992000000	19821148105957	openwhisk_scheduler_jvm_mono	recovery/openwhisk/capture/scheduler.filtered.log	564
asyncs-openwhisk-direct-event-v1	C5	asyncs	dynamic-html-derived-v1	190	1	5239eebffe8e47e5b9eebffe8e47e5cc	OW300	1	2	true	latest_ow300_not_after_ow310_tie_first_source_line	scheduler	true	true		scheduler0	openwhisk_scheduler	1	0a5221bd54c13b6ba7f6916a5362ad73	1784761197992000000	19821148234663	openwhisk_scheduler_jvm_mono	recovery/openwhisk/capture/scheduler.filtered.log	565
asyncs-openwhisk-direct-event-v1	C5	asyncs	dynamic-html-derived-v1	190	1	5239eebffe8e47e5b9eebffe8e47e5cc	OW300	2	2	false	latest_ow300_not_after_ow310_tie_first_source_line	scheduler	true	true		scheduler0	openwhisk_scheduler	1	0a5221bd54c13b6ba7f6916a5362ad73	1784761197992000000	19821148297100	openwhisk_scheduler_jvm_mono	recovery/openwhisk/capture/scheduler.filtered.log	566
asyncs-openwhisk-direct-event-v1	C5	asyncs	dynamic-html-derived-v1	190	1	5239eebffe8e47e5b9eebffe8e47e5cc	OW310	1	1	true	single_direct_observation	invoker	true	true		invoker0	openwhisk_invoker	29163	0a5221bd54c13b6ba7f6916a5362ad73	1784761197995000000	19821207999655	openwhisk_invoker_jvm_mono	recovery/openwhisk/capture/invokers.filtered.log	422
asyncs-openwhisk-direct-event-v1	C5	asyncs	dynamic-html-derived-v1	190	1	5239eebffe8e47e5b9eebffe8e47e5cc	OW800	1	1	true	single_direct_observation	invoker	true	true		invoker0	openwhisk_invoker	29163	0a5221bd54c13b6ba7f6916a5362ad73	1784761198339000000	19821551331247	openwhisk_invoker_jvm_mono	recovery/openwhisk/capture/invokers.filtered.log	425
asyncs-openwhisk-direct-event-v1	C5	asyncs	dynamic-html-derived-v1	35	1	5278197052a84df5b8197052a83df5dc	OW120	1	1	true	single_direct_observation	controller	true	true		controller0	openwhisk_controller	1	cace218250575af9e6b0f6e7f64f7234	1784761170842000000	19793997884871	openwhisk_controller_jvm_mono	recovery/openwhisk/capture/controller.filtered.log	69
asyncs-openwhisk-direct-event-v1	C5	asyncs	dynamic-html-derived-v1	35	1	5278197052a84df5b8197052a83df5dc	OW150	1	1	true	single_direct_observation	controller	true	true		controller0	openwhisk_controller	1	cace218250575af9e6b0f6e7f64f7234	1784761170842000000	19793997919106	openwhisk_controller_jvm_mono	recovery/openwhisk/capture/controller.filtered.log	70
asyncs-openwhisk-direct-event-v1	C5	asyncs	dynamic-html-derived-v1	35	1	5278197052a84df5b8197052a83df5dc	OW260	1	1	true	single_direct_observation	scheduler	true	true		scheduler0	openwhisk_scheduler	1	cace218250575af9e6b0f6e7f64f7234	1784761170846000000	19794001802541	openwhisk_scheduler_jvm_mono	recovery/openwhisk/capture/scheduler.filtered.log	99
asyncs-openwhisk-direct-event-v1	C5	asyncs	dynamic-html-derived-v1	35	1	5278197052a84df5b8197052a83df5dc	OW300	1	2	true	latest_ow300_not_after_ow310_tie_first_source_line	scheduler	true	true		scheduler0	openwhisk_scheduler	1	cace218250575af9e6b0f6e7f64f7234	1784761170846000000	19794002014321	openwhisk_scheduler_jvm_mono	recovery/openwhisk/capture/scheduler.filtered.log	100
asyncs-openwhisk-direct-event-v1	C5	asyncs	dynamic-html-derived-v1	35	1	5278197052a84df5b8197052a83df5dc	OW300	2	2	false	latest_ow300_not_after_ow310_tie_first_source_line	scheduler	true	true		scheduler0	openwhisk_scheduler	1	cace218250575af9e6b0f6e7f64f7234	1784761170846000000	19794002090712	openwhisk_scheduler_jvm_mono	recovery/openwhisk/capture/scheduler.filtered.log	101
asyncs-openwhisk-direct-event-v1	C5	asyncs	dynamic-html-derived-v1	35	1	5278197052a84df5b8197052a83df5dc	OW310	1	1	true	single_direct_observation	invoker	true	true		invoker2	openwhisk_invoker	26523	cace218250575af9e6b0f6e7f64f7234	1784761170849000000	19793004425254	openwhisk_invoker_jvm_mono	recovery/openwhisk/capture/invokers.filtered.log	730
asyncs-openwhisk-direct-event-v1	C5	asyncs	dynamic-html-derived-v1	35	1	5278197052a84df5b8197052a83df5dc	OW800	1	1	true	single_direct_observation	invoker	true	true		invoker2	openwhisk_invoker	26523	cace218250575af9e6b0f6e7f64f7234	1784761171392000000	19793547618504	openwhisk_invoker_jvm_mono	recovery/openwhisk/capture/invokers.filtered.log	738
asyncs-openwhisk-direct-event-v1	C5	asyncs	dynamic-html-derived-v1	22	1	52c734cdc0694fe48734cdc069dfe499	OW120	1	1	true	single_direct_observation	controller	true	true		controller0	openwhisk_controller	1	03b8eec069454da93aaf89855cf6cc32	1784761168625000000	19791780539640	openwhisk_controller_jvm_mono	recovery/openwhisk/capture/controller.filtered.log	43
asyncs-openwhisk-direct-event-v1	C5	asyncs	dynamic-html-derived-v1	22	1	52c734cdc0694fe48734cdc069dfe499	OW150	1	1	true	single_direct_observation	controller	true	true		controller0	openwhisk_controller	1	03b8eec069454da93aaf89855cf6cc32	1784761168625000000	19791780575791	openwhisk_controller_jvm_mono	recovery/openwhisk/capture/controller.filtered.log	44
asyncs-openwhisk-direct-event-v1	C5	asyncs	dynamic-html-derived-v1	22	1	52c734cdc0694fe48734cdc069dfe499	OW260	1	1	true	single_direct_observation	scheduler	true	true		scheduler0	openwhisk_scheduler	1	03b8eec069454da93aaf89855cf6cc32	1784761168631000000	19791786987584	openwhisk_scheduler_jvm_mono	recovery/openwhisk/capture/scheduler.filtered.log	60
asyncs-openwhisk-direct-event-v1	C5	asyncs	dynamic-html-derived-v1	22	1	52c734cdc0694fe48734cdc069dfe499	OW300	1	2	true	latest_ow300_not_after_ow310_tie_first_source_line	scheduler	true	true		scheduler0	openwhisk_scheduler	1	03b8eec069454da93aaf89855cf6cc32	1784761168631000000	19791787173677	openwhisk_scheduler_jvm_mono	recovery/openwhisk/capture/scheduler.filtered.log	61
asyncs-openwhisk-direct-event-v1	C5	asyncs	dynamic-html-derived-v1	22	1	52c734cdc0694fe48734cdc069dfe499	OW300	2	2	false	latest_ow300_not_after_ow310_tie_first_source_line	scheduler	true	true		scheduler0	openwhisk_scheduler	1	03b8eec069454da93aaf89855cf6cc32	1784761168631000000	19791787212136	openwhisk_scheduler_jvm_mono	recovery/openwhisk/capture/scheduler.filtered.log	62
asyncs-openwhisk-direct-event-v1	C5	asyncs	dynamic-html-derived-v1	22	1	52c734cdc0694fe48734cdc069dfe499	OW310	1	1	true	single_direct_observation	invoker	true	true		invoker0	openwhisk_invoker	29163	03b8eec069454da93aaf89855cf6cc32	1784761168635000000	19791848042538	openwhisk_invoker_jvm_mono	recovery/openwhisk/capture/invokers.filtered.log	67
asyncs-openwhisk-direct-event-v1	C5	asyncs	dynamic-html-derived-v1	22	1	52c734cdc0694fe48734cdc069dfe499	OW800	1	1	true	single_direct_observation	invoker	true	true		invoker0	openwhisk_invoker	29163	03b8eec069454da93aaf89855cf6cc32	1784761168978000000	19792191097341	openwhisk_invoker_jvm_mono	recovery/openwhisk/capture/invokers.filtered.log	70
asyncs-openwhisk-direct-event-v1	C5	asyncs	dynamic-html-derived-v1	89	1	52ce52df810b47178e52df810ba71725	OW120	1	1	true	single_direct_observation	controller	true	true		controller0	openwhisk_controller	1	7e8e8c7d46b3f52505f1215ca41a62a9	1784761179799000000	19802954675785	openwhisk_controller_jvm_mono	recovery/openwhisk/capture/controller.filtered.log	177
asyncs-openwhisk-direct-event-v1	C5	asyncs	dynamic-html-derived-v1	89	1	52ce52df810b47178e52df810ba71725	OW150	1	1	true	single_direct_observation	controller	true	true		controller0	openwhisk_controller	1	7e8e8c7d46b3f52505f1215ca41a62a9	1784761179799000000	19802954710863	openwhisk_controller_jvm_mono	recovery/openwhisk/capture/controller.filtered.log	178
asyncs-openwhisk-direct-event-v1	C5	asyncs	dynamic-html-derived-v1	89	1	52ce52df810b47178e52df810ba71725	OW260	1	1	true	single_direct_observation	scheduler	true	true		scheduler0	openwhisk_scheduler	1	7e8e8c7d46b3f52505f1215ca41a62a9	1784761179807000000	19802963083953	openwhisk_scheduler_jvm_mono	recovery/openwhisk/capture/scheduler.filtered.log	261
asyncs-openwhisk-direct-event-v1	C5	asyncs	dynamic-html-derived-v1	89	1	52ce52df810b47178e52df810ba71725	OW300	1	2	true	latest_ow300_not_after_ow310_tie_first_source_line	scheduler	true	true		scheduler0	openwhisk_scheduler	1	7e8e8c7d46b3f52505f1215ca41a62a9	1784761179807000000	19802963246670	openwhisk_scheduler_jvm_mono	recovery/openwhisk/capture/scheduler.filtered.log	262
asyncs-openwhisk-direct-event-v1	C5	asyncs	dynamic-html-derived-v1	89	1	52ce52df810b47178e52df810ba71725	OW300	2	2	false	latest_ow300_not_after_ow310_tie_first_source_line	scheduler	true	true		scheduler0	openwhisk_scheduler	1	7e8e8c7d46b3f52505f1215ca41a62a9	1784761179807000000	19802963322361	openwhisk_scheduler_jvm_mono	recovery/openwhisk/capture/scheduler.filtered.log	263
asyncs-openwhisk-direct-event-v1	C5	asyncs	dynamic-html-derived-v1	89	1	52ce52df810b47178e52df810ba71725	OW310	1	1	true	single_direct_observation	invoker	true	true		invoker2	openwhisk_invoker	26523	7e8e8c7d46b3f52505f1215ca41a62a9	1784761179810000000	19801965638848	openwhisk_invoker_jvm_mono	recovery/openwhisk/capture/invokers.filtered.log	885
asyncs-openwhisk-direct-event-v1	C5	asyncs	dynamic-html-derived-v1	89	1	52ce52df810b47178e52df810ba71725	OW800	1	1	true	single_direct_observation	invoker	true	true		invoker2	openwhisk_invoker	26523	7e8e8c7d46b3f52505f1215ca41a62a9	1784761180337000000	19802492800555	openwhisk_invoker_jvm_mono	recovery/openwhisk/capture/invokers.filtered.log	893
asyncs-openwhisk-direct-event-v1	C5	asyncs	dynamic-html-derived-v1	92	1	55b9aebe07214660b9aebe0721366040	OW120	1	1	true	single_direct_observation	controller	true	true		controller0	openwhisk_controller	1	e56b23167f0556baefbcbf46fe6d6d6f	1784761180387000000	19803543397630	openwhisk_controller_jvm_mono	recovery/openwhisk/capture/controller.filtered.log	183
asyncs-openwhisk-direct-event-v1	C5	asyncs	dynamic-html-derived-v1	92	1	55b9aebe07214660b9aebe0721366040	OW150	1	1	true	single_direct_observation	controller	true	true		controller0	openwhisk_controller	1	e56b23167f0556baefbcbf46fe6d6d6f	1784761180388000000	19803543511908	openwhisk_controller_jvm_mono	recovery/openwhisk/capture/controller.filtered.log	184
asyncs-openwhisk-direct-event-v1	C5	asyncs	dynamic-html-derived-v1	92	1	55b9aebe07214660b9aebe0721366040	OW260	1	1	true	single_direct_observation	scheduler	true	true		scheduler0	openwhisk_scheduler	1	e56b23167f0556baefbcbf46fe6d6d6f	1784761180392000000	19803547873517	openwhisk_scheduler_jvm_mono	recovery/openwhisk/capture/scheduler.filtered.log	270
asyncs-openwhisk-direct-event-v1	C5	asyncs	dynamic-html-derived-v1	92	1	55b9aebe07214660b9aebe0721366040	OW300	1	2	true	latest_ow300_not_after_ow310_tie_first_source_line	scheduler	true	true		scheduler0	openwhisk_scheduler	1	e56b23167f0556baefbcbf46fe6d6d6f	1784761180392000000	19803548042495	openwhisk_scheduler_jvm_mono	recovery/openwhisk/capture/scheduler.filtered.log	271
asyncs-openwhisk-direct-event-v1	C5	asyncs	dynamic-html-derived-v1	92	1	55b9aebe07214660b9aebe0721366040	OW300	2	2	false	latest_ow300_not_after_ow310_tie_first_source_line	scheduler	true	true		scheduler0	openwhisk_scheduler	1	e56b23167f0556baefbcbf46fe6d6d6f	1784761180392000000	19803548132961	openwhisk_scheduler_jvm_mono	recovery/openwhisk/capture/scheduler.filtered.log	272
asyncs-openwhisk-direct-event-v1	C5	asyncs	dynamic-html-derived-v1	92	1	55b9aebe07214660b9aebe0721366040	OW310	1	1	true	single_direct_observation	invoker	true	true		invoker0	openwhisk_invoker	29163	e56b23167f0556baefbcbf46fe6d6d6f	1784761180395000000	19803607230678	openwhisk_invoker_jvm_mono	recovery/openwhisk/capture/invokers.filtered.log	217
asyncs-openwhisk-direct-event-v1	C5	asyncs	dynamic-html-derived-v1	92	1	55b9aebe07214660b9aebe0721366040	OW800	1	1	true	single_direct_observation	invoker	true	true		invoker0	openwhisk_invoker	29163	e56b23167f0556baefbcbf46fe6d6d6f	1784761180744000000	19803956890654	openwhisk_invoker_jvm_mono	recovery/openwhisk/capture/invokers.filtered.log	220
asyncs-openwhisk-direct-event-v1	C5	asyncs	dynamic-html-derived-v1	185	1	5659b807526245b899b8075262b5b8b0	OW120	1	1	true	single_direct_observation	controller	true	true		controller0	openwhisk_controller	1	e62d1e88dda1c0238f8337ffb200ca62	1784761196959000000	19820114512633	openwhisk_controller_jvm_mono	recovery/openwhisk/capture/controller.filtered.log	369
asyncs-openwhisk-direct-event-v1	C5	asyncs	dynamic-html-derived-v1	185	1	5659b807526245b899b8075262b5b8b0	OW150	1	1	true	single_direct_observation	controller	true	true		controller0	openwhisk_controller	1	e62d1e88dda1c0238f8337ffb200ca62	1784761196959000000	19820114611772	openwhisk_controller_jvm_mono	recovery/openwhisk/capture/controller.filtered.log	370
asyncs-openwhisk-direct-event-v1	C5	asyncs	dynamic-html-derived-v1	185	1	5659b807526245b899b8075262b5b8b0	OW260	1	1	true	single_direct_observation	scheduler	true	true		scheduler0	openwhisk_scheduler	1	e62d1e88dda1c0238f8337ffb200ca62	1784761196967000000	19820123290719	openwhisk_scheduler_jvm_mono	recovery/openwhisk/capture/scheduler.filtered.log	549
asyncs-openwhisk-direct-event-v1	C5	asyncs	dynamic-html-derived-v1	185	1	5659b807526245b899b8075262b5b8b0	OW300	1	2	true	latest_ow300_not_after_ow310_tie_first_source_line	scheduler	true	true		scheduler0	openwhisk_scheduler	1	e62d1e88dda1c0238f8337ffb200ca62	1784761196968000000	19820123525918	openwhisk_scheduler_jvm_mono	recovery/openwhisk/capture/scheduler.filtered.log	550
asyncs-openwhisk-direct-event-v1	C5	asyncs	dynamic-html-derived-v1	185	1	5659b807526245b899b8075262b5b8b0	OW300	2	2	false	latest_ow300_not_after_ow310_tie_first_source_line	scheduler	true	true		scheduler0	openwhisk_scheduler	1	e62d1e88dda1c0238f8337ffb200ca62	1784761196968000000	19820123578230	openwhisk_scheduler_jvm_mono	recovery/openwhisk/capture/scheduler.filtered.log	551
asyncs-openwhisk-direct-event-v1	C5	asyncs	dynamic-html-derived-v1	185	1	5659b807526245b899b8075262b5b8b0	OW310	1	1	true	single_direct_observation	invoker	true	true		invoker0	openwhisk_invoker	29163	e62d1e88dda1c0238f8337ffb200ca62	1784761196970000000	19820183152689	openwhisk_invoker_jvm_mono	recovery/openwhisk/capture/invokers.filtered.log	412
asyncs-openwhisk-direct-event-v1	C5	asyncs	dynamic-html-derived-v1	185	1	5659b807526245b899b8075262b5b8b0	OW800	1	1	true	single_direct_observation	invoker	true	true		invoker0	openwhisk_invoker	29163	e62d1e88dda1c0238f8337ffb200ca62	1784761197312000000	19820525208910	openwhisk_invoker_jvm_mono	recovery/openwhisk/capture/invokers.filtered.log	415
asyncs-openwhisk-direct-event-v1	C5	asyncs	dynamic-html-derived-v1	15	1	57134fd7764849b8934fd77648f9b8fd	OW120	1	1	true	single_direct_observation	controller	true	true		controller0	openwhisk_controller	1	0c9fff31dcedf0a0d5a6dbbedfa64ac9	1784761167220000000	19790375494473	openwhisk_controller_jvm_mono	recovery/openwhisk/capture/controller.filtered.log	29
asyncs-openwhisk-direct-event-v1	C5	asyncs	dynamic-html-derived-v1	15	1	57134fd7764849b8934fd77648f9b8fd	OW150	1	1	true	single_direct_observation	controller	true	true		controller0	openwhisk_controller	1	0c9fff31dcedf0a0d5a6dbbedfa64ac9	1784761167220000000	19790375555374	openwhisk_controller_jvm_mono	recovery/openwhisk/capture/controller.filtered.log	30
asyncs-openwhisk-direct-event-v1	C5	asyncs	dynamic-html-derived-v1	15	1	57134fd7764849b8934fd77648f9b8fd	OW260	1	1	true	single_direct_observation	scheduler	true	true		scheduler0	openwhisk_scheduler	1	0c9fff31dcedf0a0d5a6dbbedfa64ac9	1784761167226000000	19790382004325	openwhisk_scheduler_jvm_mono	recovery/openwhisk/capture/scheduler.filtered.log	39
asyncs-openwhisk-direct-event-v1	C5	asyncs	dynamic-html-derived-v1	15	1	57134fd7764849b8934fd77648f9b8fd	OW300	1	2	true	latest_ow300_not_after_ow310_tie_first_source_line	scheduler	true	true		scheduler0	openwhisk_scheduler	1	0c9fff31dcedf0a0d5a6dbbedfa64ac9	1784761167226000000	19790382203731	openwhisk_scheduler_jvm_mono	recovery/openwhisk/capture/scheduler.filtered.log	40
asyncs-openwhisk-direct-event-v1	C5	asyncs	dynamic-html-derived-v1	15	1	57134fd7764849b8934fd77648f9b8fd	OW300	2	2	false	latest_ow300_not_after_ow310_tie_first_source_line	scheduler	true	true		scheduler0	openwhisk_scheduler	1	0c9fff31dcedf0a0d5a6dbbedfa64ac9	1784761167226000000	19790382245566	openwhisk_scheduler_jvm_mono	recovery/openwhisk/capture/scheduler.filtered.log	41
asyncs-openwhisk-direct-event-v1	C5	asyncs	dynamic-html-derived-v1	15	1	57134fd7764849b8934fd77648f9b8fd	OW310	1	1	true	single_direct_observation	invoker	true	true		invoker0	openwhisk_invoker	29163	0c9fff31dcedf0a0d5a6dbbedfa64ac9	1784761167231000000	19790443521548	openwhisk_invoker_jvm_mono	recovery/openwhisk/capture/invokers.filtered.log	52
asyncs-openwhisk-direct-event-v1	C5	asyncs	dynamic-html-derived-v1	15	1	57134fd7764849b8934fd77648f9b8fd	OW800	1	1	true	single_direct_observation	invoker	true	true		invoker0	openwhisk_invoker	29163	0c9fff31dcedf0a0d5a6dbbedfa64ac9	1784761167583000000	19790795260337	openwhisk_invoker_jvm_mono	recovery/openwhisk/capture/invokers.filtered.log	55
asyncs-openwhisk-direct-event-v1	C5	asyncs	dynamic-html-derived-v1	139	1	57fa386520e545caba386520e525ca54	OW120	1	1	true	single_direct_observation	controller	true	true		controller0	openwhisk_controller	1	df01559674104b2eea0273b8e416f799	1784761188767000000	19811923065811	openwhisk_controller_jvm_mono	recovery/openwhisk/capture/controller.filtered.log	277
asyncs-openwhisk-direct-event-v1	C5	asyncs	dynamic-html-derived-v1	139	1	57fa386520e545caba386520e525ca54	OW150	1	1	true	single_direct_observation	controller	true	true		controller0	openwhisk_controller	1	df01559674104b2eea0273b8e416f799	1784761188767000000	19811923106502	openwhisk_controller_jvm_mono	recovery/openwhisk/capture/controller.filtered.log	278
asyncs-openwhisk-direct-event-v1	C5	asyncs	dynamic-html-derived-v1	139	1	57fa386520e545caba386520e525ca54	OW260	1	1	true	single_direct_observation	scheduler	true	true		scheduler0	openwhisk_scheduler	1	df01559674104b2eea0273b8e416f799	1784761188771000000	19811926605090	openwhisk_scheduler_jvm_mono	recovery/openwhisk/capture/scheduler.filtered.log	411
asyncs-openwhisk-direct-event-v1	C5	asyncs	dynamic-html-derived-v1	139	1	57fa386520e545caba386520e525ca54	OW300	1	2	true	latest_ow300_not_after_ow310_tie_first_source_line	scheduler	true	true		scheduler0	openwhisk_scheduler	1	df01559674104b2eea0273b8e416f799	1784761188771000000	19811926706074	openwhisk_scheduler_jvm_mono	recovery/openwhisk/capture/scheduler.filtered.log	412
asyncs-openwhisk-direct-event-v1	C5	asyncs	dynamic-html-derived-v1	139	1	57fa386520e545caba386520e525ca54	OW300	2	2	false	latest_ow300_not_after_ow310_tie_first_source_line	scheduler	true	true		scheduler0	openwhisk_scheduler	1	df01559674104b2eea0273b8e416f799	1784761188771000000	19811926746766	openwhisk_scheduler_jvm_mono	recovery/openwhisk/capture/scheduler.filtered.log	413
asyncs-openwhisk-direct-event-v1	C5	asyncs	dynamic-html-derived-v1	139	1	57fa386520e545caba386520e525ca54	OW310	1	1	true	single_direct_observation	invoker	true	true		invoker2	openwhisk_invoker	26523	df01559674104b2eea0273b8e416f799	1784761188773000000	19810928499182	openwhisk_invoker_jvm_mono	recovery/openwhisk/capture/invokers.filtered.log	1030
asyncs-openwhisk-direct-event-v1	C5	asyncs	dynamic-html-derived-v1	139	1	57fa386520e545caba386520e525ca54	OW800	1	1	true	single_direct_observation	invoker	true	true		invoker2	openwhisk_invoker	26523	df01559674104b2eea0273b8e416f799	1784761189299000000	19811453906032	openwhisk_invoker_jvm_mono	recovery/openwhisk/capture/invokers.filtered.log	1038
asyncs-openwhisk-direct-event-v1	C5	asyncs	dynamic-html-derived-v1	23	1	583f9200ec884715bf9200ec88d71597	OW120	1	1	true	single_direct_observation	controller	true	true		controller0	openwhisk_controller	1	610ef2a743d3dafc5b79b9ff24f00a44	1784761168700000000	19791856375530	openwhisk_controller_jvm_mono	recovery/openwhisk/capture/controller.filtered.log	45
asyncs-openwhisk-direct-event-v1	C5	asyncs	dynamic-html-derived-v1	23	1	583f9200ec884715bf9200ec88d71597	OW150	1	1	true	single_direct_observation	controller	true	true		controller0	openwhisk_controller	1	610ef2a743d3dafc5b79b9ff24f00a44	1784761168700000000	19791856409069	openwhisk_controller_jvm_mono	recovery/openwhisk/capture/controller.filtered.log	46
asyncs-openwhisk-direct-event-v1	C5	asyncs	dynamic-html-derived-v1	23	1	583f9200ec884715bf9200ec88d71597	OW260	1	1	true	single_direct_observation	scheduler	true	true		scheduler0	openwhisk_scheduler	1	610ef2a743d3dafc5b79b9ff24f00a44	1784761168705000000	19791860793745	openwhisk_scheduler_jvm_mono	recovery/openwhisk/capture/scheduler.filtered.log	63
asyncs-openwhisk-direct-event-v1	C5	asyncs	dynamic-html-derived-v1	23	1	583f9200ec884715bf9200ec88d71597	OW300	1	2	true	latest_ow300_not_after_ow310_tie_first_source_line	scheduler	true	true		scheduler0	openwhisk_scheduler	1	610ef2a743d3dafc5b79b9ff24f00a44	1784761168705000000	19791861008318	openwhisk_scheduler_jvm_mono	recovery/openwhisk/capture/scheduler.filtered.log	64
asyncs-openwhisk-direct-event-v1	C5	asyncs	dynamic-html-derived-v1	23	1	583f9200ec884715bf9200ec88d71597	OW300	2	2	false	latest_ow300_not_after_ow310_tie_first_source_line	scheduler	true	true		scheduler0	openwhisk_scheduler	1	610ef2a743d3dafc5b79b9ff24f00a44	1784761168705000000	19791861061029	openwhisk_scheduler_jvm_mono	recovery/openwhisk/capture/scheduler.filtered.log	65
asyncs-openwhisk-direct-event-v1	C5	asyncs	dynamic-html-derived-v1	23	1	583f9200ec884715bf9200ec88d71597	OW310	1	1	true	single_direct_observation	invoker	true	true		invoker2	openwhisk_invoker	26523	610ef2a743d3dafc5b79b9ff24f00a44	1784761168709000000	19790864352540	openwhisk_invoker_jvm_mono	recovery/openwhisk/capture/invokers.filtered.log	695
asyncs-openwhisk-direct-event-v1	C5	asyncs	dynamic-html-derived-v1	23	1	583f9200ec884715bf9200ec88d71597	OW800	1	1	true	single_direct_observation	invoker	true	true		invoker2	openwhisk_invoker	26523	610ef2a743d3dafc5b79b9ff24f00a44	1784761169134000000	19791289616284	openwhisk_invoker_jvm_mono	recovery/openwhisk/capture/invokers.filtered.log	703
asyncs-openwhisk-direct-event-v1	C5	asyncs	dynamic-html-derived-v1	31	1	5a09985c19f2414f89985c19f2114f0b	OW120	1	1	true	single_direct_observation	controller	true	true		controller0	openwhisk_controller	1	c9478e8cc5b4a23c1706ee2aa6d368e5	1784761170159000000	19793315006588	openwhisk_controller_jvm_mono	recovery/openwhisk/capture/controller.filtered.log	61
asyncs-openwhisk-direct-event-v1	C5	asyncs	dynamic-html-derived-v1	31	1	5a09985c19f2414f89985c19f2114f0b	OW150	1	1	true	single_direct_observation	controller	true	true		controller0	openwhisk_controller	1	c9478e8cc5b4a23c1706ee2aa6d368e5	1784761170159000000	19793315053254	openwhisk_controller_jvm_mono	recovery/openwhisk/capture/controller.filtered.log	62
asyncs-openwhisk-direct-event-v1	C5	asyncs	dynamic-html-derived-v1	31	1	5a09985c19f2414f89985c19f2114f0b	OW260	1	1	true	single_direct_observation	scheduler	true	true		scheduler0	openwhisk_scheduler	1	c9478e8cc5b4a23c1706ee2aa6d368e5	1784761170163000000	19793319401705	openwhisk_scheduler_jvm_mono	recovery/openwhisk/capture/scheduler.filtered.log	87
asyncs-openwhisk-direct-event-v1	C5	asyncs	dynamic-html-derived-v1	31	1	5a09985c19f2414f89985c19f2114f0b	OW300	1	2	true	latest_ow300_not_after_ow310_tie_first_source_line	scheduler	true	true		scheduler0	openwhisk_scheduler	1	c9478e8cc5b4a23c1706ee2aa6d368e5	1784761170166000000	19793321535915	openwhisk_scheduler_jvm_mono	recovery/openwhisk/capture/scheduler.filtered.log	88
asyncs-openwhisk-direct-event-v1	C5	asyncs	dynamic-html-derived-v1	31	1	5a09985c19f2414f89985c19f2114f0b	OW300	2	2	false	latest_ow300_not_after_ow310_tie_first_source_line	scheduler	true	true		scheduler0	openwhisk_scheduler	1	c9478e8cc5b4a23c1706ee2aa6d368e5	1784761170166000000	19793321670123	openwhisk_scheduler_jvm_mono	recovery/openwhisk/capture/scheduler.filtered.log	89
asyncs-openwhisk-direct-event-v1	C5	asyncs	dynamic-html-derived-v1	31	1	5a09985c19f2414f89985c19f2114f0b	OW310	1	1	true	single_direct_observation	invoker	true	true		invoker0	openwhisk_invoker	29163	c9478e8cc5b4a23c1706ee2aa6d368e5	1784761170168000000	19793381025104	openwhisk_invoker_jvm_mono	recovery/openwhisk/capture/invokers.filtered.log	87
asyncs-openwhisk-direct-event-v1	C5	asyncs	dynamic-html-derived-v1	31	1	5a09985c19f2414f89985c19f2114f0b	OW800	1	1	true	single_direct_observation	invoker	true	true		invoker0	openwhisk_invoker	29163	c9478e8cc5b4a23c1706ee2aa6d368e5	1784761170514000000	19793727050048	openwhisk_invoker_jvm_mono	recovery/openwhisk/capture/invokers.filtered.log	90
asyncs-openwhisk-direct-event-v1	C5	asyncs	dynamic-html-derived-v1	250	1	5ba4d5d0333d429ca4d5d0333d529cb8	OW120	1	1	true	single_direct_observation	controller	true	true		controller0	openwhisk_controller	1	7feaad4202cedeb10f686a0ceea7d8a5	1784761208373000000	19831528844852	openwhisk_controller_jvm_mono	recovery/openwhisk/capture/controller.filtered.log	499
asyncs-openwhisk-direct-event-v1	C5	asyncs	dynamic-html-derived-v1	250	1	5ba4d5d0333d429ca4d5d0333d529cb8	OW150	1	1	true	single_direct_observation	controller	true	true		controller0	openwhisk_controller	1	7feaad4202cedeb10f686a0ceea7d8a5	1784761208373000000	19831529059909	openwhisk_controller_jvm_mono	recovery/openwhisk/capture/controller.filtered.log	500
asyncs-openwhisk-direct-event-v1	C5	asyncs	dynamic-html-derived-v1	250	1	5ba4d5d0333d429ca4d5d0333d529cb8	OW260	1	1	true	single_direct_observation	scheduler	true	true		scheduler0	openwhisk_scheduler	1	7feaad4202cedeb10f686a0ceea7d8a5	1784761208378000000	19831534071720	openwhisk_scheduler_jvm_mono	recovery/openwhisk/capture/scheduler.filtered.log	744
asyncs-openwhisk-direct-event-v1	C5	asyncs	dynamic-html-derived-v1	250	1	5ba4d5d0333d429ca4d5d0333d529cb8	OW300	1	2	true	latest_ow300_not_after_ow310_tie_first_source_line	scheduler	true	true		scheduler0	openwhisk_scheduler	1	7feaad4202cedeb10f686a0ceea7d8a5	1784761208378000000	19831534192300	openwhisk_scheduler_jvm_mono	recovery/openwhisk/capture/scheduler.filtered.log	745
asyncs-openwhisk-direct-event-v1	C5	asyncs	dynamic-html-derived-v1	250	1	5ba4d5d0333d429ca4d5d0333d529cb8	OW300	2	2	false	latest_ow300_not_after_ow310_tie_first_source_line	scheduler	true	true		scheduler0	openwhisk_scheduler	1	7feaad4202cedeb10f686a0ceea7d8a5	1784761208378000000	19831534228440	openwhisk_scheduler_jvm_mono	recovery/openwhisk/capture/scheduler.filtered.log	746
asyncs-openwhisk-direct-event-v1	C5	asyncs	dynamic-html-derived-v1	250	1	5ba4d5d0333d429ca4d5d0333d529cb8	OW310	1	1	true	single_direct_observation	invoker	true	true		invoker0	openwhisk_invoker	29163	7feaad4202cedeb10f686a0ceea7d8a5	1784761208380000000	19831592948650	openwhisk_invoker_jvm_mono	recovery/openwhisk/capture/invokers.filtered.log	547
asyncs-openwhisk-direct-event-v1	C5	asyncs	dynamic-html-derived-v1	250	1	5ba4d5d0333d429ca4d5d0333d529cb8	OW800	1	1	true	single_direct_observation	invoker	true	true		invoker0	openwhisk_invoker	29163	7feaad4202cedeb10f686a0ceea7d8a5	1784761208724000000	19831937166580	openwhisk_invoker_jvm_mono	recovery/openwhisk/capture/invokers.filtered.log	550
asyncs-openwhisk-direct-event-v1	C5	asyncs	dynamic-html-derived-v1	167	1	5bd8f0693fc14aa998f0693fc11aa93b	OW120	1	1	true	single_direct_observation	controller	true	true		controller0	openwhisk_controller	1	3a1fd97a94e78a0f662f2d46c0c547b7	1784761193981000000	19817137242258	openwhisk_controller_jvm_mono	recovery/openwhisk/capture/controller.filtered.log	333
asyncs-openwhisk-direct-event-v1	C5	asyncs	dynamic-html-derived-v1	167	1	5bd8f0693fc14aa998f0693fc11aa93b	OW150	1	1	true	single_direct_observation	controller	true	true		controller0	openwhisk_controller	1	3a1fd97a94e78a0f662f2d46c0c547b7	1784761193981000000	19817137275142	openwhisk_controller_jvm_mono	recovery/openwhisk/capture/controller.filtered.log	334
asyncs-openwhisk-direct-event-v1	C5	asyncs	dynamic-html-derived-v1	167	1	5bd8f0693fc14aa998f0693fc11aa93b	OW260	1	1	true	single_direct_observation	scheduler	true	true		scheduler0	openwhisk_scheduler	1	3a1fd97a94e78a0f662f2d46c0c547b7	1784761193987000000	19817142895619	openwhisk_scheduler_jvm_mono	recovery/openwhisk/capture/scheduler.filtered.log	495
asyncs-openwhisk-direct-event-v1	C5	asyncs	dynamic-html-derived-v1	167	1	5bd8f0693fc14aa998f0693fc11aa93b	OW300	1	2	true	latest_ow300_not_after_ow310_tie_first_source_line	scheduler	true	true		scheduler0	openwhisk_scheduler	1	3a1fd97a94e78a0f662f2d46c0c547b7	1784761193987000000	19817143069505	openwhisk_scheduler_jvm_mono	recovery/openwhisk/capture/scheduler.filtered.log	496
asyncs-openwhisk-direct-event-v1	C5	asyncs	dynamic-html-derived-v1	167	1	5bd8f0693fc14aa998f0693fc11aa93b	OW300	2	2	false	latest_ow300_not_after_ow310_tie_first_source_line	scheduler	true	true		scheduler0	openwhisk_scheduler	1	3a1fd97a94e78a0f662f2d46c0c547b7	1784761193987000000	19817143120103	openwhisk_scheduler_jvm_mono	recovery/openwhisk/capture/scheduler.filtered.log	497
asyncs-openwhisk-direct-event-v1	C5	asyncs	dynamic-html-derived-v1	167	1	5bd8f0693fc14aa998f0693fc11aa93b	OW310	1	1	true	single_direct_observation	invoker	true	true		invoker0	openwhisk_invoker	29163	3a1fd97a94e78a0f662f2d46c0c547b7	1784761193989000000	19817201944311	openwhisk_invoker_jvm_mono	recovery/openwhisk/capture/invokers.filtered.log	377
asyncs-openwhisk-direct-event-v1	C5	asyncs	dynamic-html-derived-v1	167	1	5bd8f0693fc14aa998f0693fc11aa93b	OW800	1	1	true	single_direct_observation	invoker	true	true		invoker0	openwhisk_invoker	29163	3a1fd97a94e78a0f662f2d46c0c547b7	1784761194338000000	19817550858034	openwhisk_invoker_jvm_mono	recovery/openwhisk/capture/invokers.filtered.log	380
asyncs-openwhisk-direct-event-v1	C5	asyncs	dynamic-html-derived-v1	131	1	5beb4ddc1efe4e41ab4ddc1efede41f2	OW120	1	1	true	single_direct_observation	controller	true	true		controller0	openwhisk_controller	1	ad380ca1d0712979c3266121230dcefa	1784761187159000000	19810314563322	openwhisk_controller_jvm_mono	recovery/openwhisk/capture/controller.filtered.log	261
asyncs-openwhisk-direct-event-v1	C5	asyncs	dynamic-html-derived-v1	131	1	5beb4ddc1efe4e41ab4ddc1efede41f2	OW150	1	1	true	single_direct_observation	controller	true	true		controller0	openwhisk_controller	1	ad380ca1d0712979c3266121230dcefa	1784761187159000000	19810314604096	openwhisk_controller_jvm_mono	recovery/openwhisk/capture/controller.filtered.log	262
asyncs-openwhisk-direct-event-v1	C5	asyncs	dynamic-html-derived-v1	131	1	5beb4ddc1efe4e41ab4ddc1efede41f2	OW260	1	1	true	single_direct_observation	scheduler	true	true		scheduler0	openwhisk_scheduler	1	ad380ca1d0712979c3266121230dcefa	1784761187164000000	19810319891632	openwhisk_scheduler_jvm_mono	recovery/openwhisk/capture/scheduler.filtered.log	387
asyncs-openwhisk-direct-event-v1	C5	asyncs	dynamic-html-derived-v1	131	1	5beb4ddc1efe4e41ab4ddc1efede41f2	OW300	1	2	true	latest_ow300_not_after_ow310_tie_first_source_line	scheduler	true	true		scheduler0	openwhisk_scheduler	1	ad380ca1d0712979c3266121230dcefa	1784761187164000000	19810320123704	openwhisk_scheduler_jvm_mono	recovery/openwhisk/capture/scheduler.filtered.log	388
asyncs-openwhisk-direct-event-v1	C5	asyncs	dynamic-html-derived-v1	131	1	5beb4ddc1efe4e41ab4ddc1efede41f2	OW300	2	2	false	latest_ow300_not_after_ow310_tie_first_source_line	scheduler	true	true		scheduler0	openwhisk_scheduler	1	ad380ca1d0712979c3266121230dcefa	1784761187164000000	19810320178911	openwhisk_scheduler_jvm_mono	recovery/openwhisk/capture/scheduler.filtered.log	389
asyncs-openwhisk-direct-event-v1	C5	asyncs	dynamic-html-derived-v1	131	1	5beb4ddc1efe4e41ab4ddc1efede41f2	OW310	1	1	true	single_direct_observation	invoker	true	true		invoker0	openwhisk_invoker	29163	ad380ca1d0712979c3266121230dcefa	1784761187166000000	19810378929175	openwhisk_invoker_jvm_mono	recovery/openwhisk/capture/invokers.filtered.log	297
asyncs-openwhisk-direct-event-v1	C5	asyncs	dynamic-html-derived-v1	131	1	5beb4ddc1efe4e41ab4ddc1efede41f2	OW800	1	1	true	single_direct_observation	invoker	true	true		invoker0	openwhisk_invoker	29163	ad380ca1d0712979c3266121230dcefa	1784761187508000000	19810720599840	openwhisk_invoker_jvm_mono	recovery/openwhisk/capture/invokers.filtered.log	300
asyncs-openwhisk-direct-event-v1	C5	asyncs	dynamic-html-derived-v1	44	1	5c2e8880ccec4572ae8880ccec55722a	OW120	1	1	true	single_direct_observation	controller	true	true		controller0	openwhisk_controller	1	24342984618baaf6a47d277c24732142	1784761172117000000	19795272741430	openwhisk_controller_jvm_mono	recovery/openwhisk/capture/controller.filtered.log	87
asyncs-openwhisk-direct-event-v1	C5	asyncs	dynamic-html-derived-v1	44	1	5c2e8880ccec4572ae8880ccec55722a	OW150	1	1	true	single_direct_observation	controller	true	true		controller0	openwhisk_controller	1	24342984618baaf6a47d277c24732142	1784761172117000000	19795273065293	openwhisk_controller_jvm_mono	recovery/openwhisk/capture/controller.filtered.log	88
asyncs-openwhisk-direct-event-v1	C5	asyncs	dynamic-html-derived-v1	44	1	5c2e8880ccec4572ae8880ccec55722a	OW260	1	1	true	single_direct_observation	scheduler	true	true		scheduler0	openwhisk_scheduler	1	24342984618baaf6a47d277c24732142	1784761172121000000	19795276785830	openwhisk_scheduler_jvm_mono	recovery/openwhisk/capture/scheduler.filtered.log	126
asyncs-openwhisk-direct-event-v1	C5	asyncs	dynamic-html-derived-v1	44	1	5c2e8880ccec4572ae8880ccec55722a	OW300	1	2	true	latest_ow300_not_after_ow310_tie_first_source_line	scheduler	true	true		scheduler0	openwhisk_scheduler	1	24342984618baaf6a47d277c24732142	1784761172121000000	19795276921584	openwhisk_scheduler_jvm_mono	recovery/openwhisk/capture/scheduler.filtered.log	127
asyncs-openwhisk-direct-event-v1	C5	asyncs	dynamic-html-derived-v1	44	1	5c2e8880ccec4572ae8880ccec55722a	OW300	2	2	false	latest_ow300_not_after_ow310_tie_first_source_line	scheduler	true	true		scheduler0	openwhisk_scheduler	1	24342984618baaf6a47d277c24732142	1784761172121000000	19795276961982	openwhisk_scheduler_jvm_mono	recovery/openwhisk/capture/scheduler.filtered.log	128
asyncs-openwhisk-direct-event-v1	C5	asyncs	dynamic-html-derived-v1	44	1	5c2e8880ccec4572ae8880ccec55722a	OW310	1	1	true	single_direct_observation	invoker	true	true		invoker2	openwhisk_invoker	26523	24342984618baaf6a47d277c24732142	1784761172125000000	19794279984568	openwhisk_invoker_jvm_mono	recovery/openwhisk/capture/invokers.filtered.log	755
asyncs-openwhisk-direct-event-v1	C5	asyncs	dynamic-html-derived-v1	44	1	5c2e8880ccec4572ae8880ccec55722a	OW800	1	1	true	single_direct_observation	invoker	true	true		invoker2	openwhisk_invoker	26523	24342984618baaf6a47d277c24732142	1784761172644000000	19794798944587	openwhisk_invoker_jvm_mono	recovery/openwhisk/capture/invokers.filtered.log	761
asyncs-openwhisk-direct-event-v1	C5	asyncs	dynamic-html-derived-v1	175	1	5d98692c32b946c198692c32b956c1e1	OW120	1	1	true	single_direct_observation	controller	true	true		controller0	openwhisk_controller	1	984e37dceddac34d0391b67fc8cb1cf7	1784761195190000000	19818346139480	openwhisk_controller_jvm_mono	recovery/openwhisk/capture/controller.filtered.log	349
asyncs-openwhisk-direct-event-v1	C5	asyncs	dynamic-html-derived-v1	175	1	5d98692c32b946c198692c32b956c1e1	OW150	1	1	true	single_direct_observation	controller	true	true		controller0	openwhisk_controller	1	984e37dceddac34d0391b67fc8cb1cf7	1784761195190000000	19818346182755	openwhisk_controller_jvm_mono	recovery/openwhisk/capture/controller.filtered.log	350
asyncs-openwhisk-direct-event-v1	C5	asyncs	dynamic-html-derived-v1	175	1	5d98692c32b946c198692c32b956c1e1	OW260	1	1	true	single_direct_observation	scheduler	true	true		scheduler0	openwhisk_scheduler	1	984e37dceddac34d0391b67fc8cb1cf7	1784761195197000000	19818352817662	openwhisk_scheduler_jvm_mono	recovery/openwhisk/capture/scheduler.filtered.log	519
asyncs-openwhisk-direct-event-v1	C5	asyncs	dynamic-html-derived-v1	175	1	5d98692c32b946c198692c32b956c1e1	OW300	1	2	true	latest_ow300_not_after_ow310_tie_first_source_line	scheduler	true	true		scheduler0	openwhisk_scheduler	1	984e37dceddac34d0391b67fc8cb1cf7	1784761195197000000	19818352925006	openwhisk_scheduler_jvm_mono	recovery/openwhisk/capture/scheduler.filtered.log	520
asyncs-openwhisk-direct-event-v1	C5	asyncs	dynamic-html-derived-v1	175	1	5d98692c32b946c198692c32b956c1e1	OW300	2	2	false	latest_ow300_not_after_ow310_tie_first_source_line	scheduler	true	true		scheduler0	openwhisk_scheduler	1	984e37dceddac34d0391b67fc8cb1cf7	1784761195197000000	19818352942955	openwhisk_scheduler_jvm_mono	recovery/openwhisk/capture/scheduler.filtered.log	521
asyncs-openwhisk-direct-event-v1	C5	asyncs	dynamic-html-derived-v1	175	1	5d98692c32b946c198692c32b956c1e1	OW310	1	1	true	single_direct_observation	invoker	true	true		invoker0	openwhisk_invoker	29163	984e37dceddac34d0391b67fc8cb1cf7	1784761195199000000	19818411486070	openwhisk_invoker_jvm_mono	recovery/openwhisk/capture/invokers.filtered.log	392
asyncs-openwhisk-direct-event-v1	C5	asyncs	dynamic-html-derived-v1	175	1	5d98692c32b946c198692c32b956c1e1	OW800	1	1	true	single_direct_observation	invoker	true	true		invoker0	openwhisk_invoker	29163	984e37dceddac34d0391b67fc8cb1cf7	1784761195541000000	19818753613839	openwhisk_invoker_jvm_mono	recovery/openwhisk/capture/invokers.filtered.log	395
asyncs-openwhisk-direct-event-v1	C5	asyncs	dynamic-html-derived-v1	104	1	5dc8785aeb7c48c988785aeb7cd8c951	OW120	1	1	true	single_direct_observation	controller	true	true		controller0	openwhisk_controller	1	92922d4ef802a10556848f60128a26bd	1784761182342000000	19805498433532	openwhisk_controller_jvm_mono	recovery/openwhisk/capture/controller.filtered.log	207
asyncs-openwhisk-direct-event-v1	C5	asyncs	dynamic-html-derived-v1	104	1	5dc8785aeb7c48c988785aeb7cd8c951	OW150	1	1	true	single_direct_observation	controller	true	true		controller0	openwhisk_controller	1	92922d4ef802a10556848f60128a26bd	1784761182343000000	19805498477471	openwhisk_controller_jvm_mono	recovery/openwhisk/capture/controller.filtered.log	208
asyncs-openwhisk-direct-event-v1	C5	asyncs	dynamic-html-derived-v1	104	1	5dc8785aeb7c48c988785aeb7cd8c951	OW260	1	1	true	single_direct_observation	scheduler	true	true		scheduler0	openwhisk_scheduler	1	92922d4ef802a10556848f60128a26bd	1784761182351000000	19805506969322	openwhisk_scheduler_jvm_mono	recovery/openwhisk/capture/scheduler.filtered.log	306
asyncs-openwhisk-direct-event-v1	C5	asyncs	dynamic-html-derived-v1	104	1	5dc8785aeb7c48c988785aeb7cd8c951	OW300	1	2	true	latest_ow300_not_after_ow310_tie_first_source_line	scheduler	true	true		scheduler0	openwhisk_scheduler	1	92922d4ef802a10556848f60128a26bd	1784761182351000000	19805507178928	openwhisk_scheduler_jvm_mono	recovery/openwhisk/capture/scheduler.filtered.log	307
asyncs-openwhisk-direct-event-v1	C5	asyncs	dynamic-html-derived-v1	104	1	5dc8785aeb7c48c988785aeb7cd8c951	OW300	2	2	false	latest_ow300_not_after_ow310_tie_first_source_line	scheduler	true	true		scheduler0	openwhisk_scheduler	1	92922d4ef802a10556848f60128a26bd	1784761182351000000	19805507223027	openwhisk_scheduler_jvm_mono	recovery/openwhisk/capture/scheduler.filtered.log	308
asyncs-openwhisk-direct-event-v1	C5	asyncs	dynamic-html-derived-v1	104	1	5dc8785aeb7c48c988785aeb7cd8c951	OW310	1	1	true	single_direct_observation	invoker	true	true		invoker0	openwhisk_invoker	29163	92922d4ef802a10556848f60128a26bd	1784761182353000000	19805566054042	openwhisk_invoker_jvm_mono	recovery/openwhisk/capture/invokers.filtered.log	242
asyncs-openwhisk-direct-event-v1	C5	asyncs	dynamic-html-derived-v1	104	1	5dc8785aeb7c48c988785aeb7cd8c951	OW800	1	1	true	single_direct_observation	invoker	true	true		invoker0	openwhisk_invoker	29163	92922d4ef802a10556848f60128a26bd	1784761182699000000	19805911759387	openwhisk_invoker_jvm_mono	recovery/openwhisk/capture/invokers.filtered.log	245
asyncs-openwhisk-direct-event-v1	C5	asyncs	dynamic-html-derived-v1	101	1	5e0ddc971dc14d938ddc971dc15d93d2	OW120	1	1	true	single_direct_observation	controller	true	true		controller0	openwhisk_controller	1	663e4315dc10576609496b5e48833167	1784761181760000000	19804915603924	openwhisk_controller_jvm_mono	recovery/openwhisk/capture/controller.filtered.log	201
asyncs-openwhisk-direct-event-v1	C5	asyncs	dynamic-html-derived-v1	101	1	5e0ddc971dc14d938ddc971dc15d93d2	OW150	1	1	true	single_direct_observation	controller	true	true		controller0	openwhisk_controller	1	663e4315dc10576609496b5e48833167	1784761181760000000	19804915653613	openwhisk_controller_jvm_mono	recovery/openwhisk/capture/controller.filtered.log	202
asyncs-openwhisk-direct-event-v1	C5	asyncs	dynamic-html-derived-v1	101	1	5e0ddc971dc14d938ddc971dc15d93d2	OW260	1	1	true	single_direct_observation	scheduler	true	true		scheduler0	openwhisk_scheduler	1	663e4315dc10576609496b5e48833167	1784761181763000000	19804919323838	openwhisk_scheduler_jvm_mono	recovery/openwhisk/capture/scheduler.filtered.log	297
asyncs-openwhisk-direct-event-v1	C5	asyncs	dynamic-html-derived-v1	101	1	5e0ddc971dc14d938ddc971dc15d93d2	OW300	1	2	true	latest_ow300_not_after_ow310_tie_first_source_line	scheduler	true	true		scheduler0	openwhisk_scheduler	1	663e4315dc10576609496b5e48833167	1784761181764000000	19804919494875	openwhisk_scheduler_jvm_mono	recovery/openwhisk/capture/scheduler.filtered.log	298
asyncs-openwhisk-direct-event-v1	C5	asyncs	dynamic-html-derived-v1	101	1	5e0ddc971dc14d938ddc971dc15d93d2	OW300	2	2	false	latest_ow300_not_after_ow310_tie_first_source_line	scheduler	true	true		scheduler0	openwhisk_scheduler	1	663e4315dc10576609496b5e48833167	1784761181764000000	19804919542747	openwhisk_scheduler_jvm_mono	recovery/openwhisk/capture/scheduler.filtered.log	299
asyncs-openwhisk-direct-event-v1	C5	asyncs	dynamic-html-derived-v1	101	1	5e0ddc971dc14d938ddc971dc15d93d2	OW310	1	1	true	single_direct_observation	invoker	true	true		invoker2	openwhisk_invoker	26523	663e4315dc10576609496b5e48833167	1784761181767000000	19803922297344	openwhisk_invoker_jvm_mono	recovery/openwhisk/capture/invokers.filtered.log	920
asyncs-openwhisk-direct-event-v1	C5	asyncs	dynamic-html-derived-v1	101	1	5e0ddc971dc14d938ddc971dc15d93d2	OW800	1	1	true	single_direct_observation	invoker	true	true		invoker2	openwhisk_invoker	26523	663e4315dc10576609496b5e48833167	1784761182268000000	19804423034365	openwhisk_invoker_jvm_mono	recovery/openwhisk/capture/invokers.filtered.log	928
asyncs-openwhisk-direct-event-v1	C5	asyncs	dynamic-html-derived-v1	208	1	5e3a0867a7f34eb5ba0867a7f3feb551	OW120	1	1	true	single_direct_observation	controller	true	true		controller0	openwhisk_controller	1	3304833abd4903988af38f75ef6ca7e8	1784761201143000000	19824298827844	openwhisk_controller_jvm_mono	recovery/openwhisk/capture/controller.filtered.log	415
asyncs-openwhisk-direct-event-v1	C5	asyncs	dynamic-html-derived-v1	208	1	5e3a0867a7f34eb5ba0867a7f3feb551	OW150	1	1	true	single_direct_observation	controller	true	true		controller0	openwhisk_controller	1	3304833abd4903988af38f75ef6ca7e8	1784761201143000000	19824298863859	openwhisk_controller_jvm_mono	recovery/openwhisk/capture/controller.filtered.log	416
asyncs-openwhisk-direct-event-v1	C5	asyncs	dynamic-html-derived-v1	208	1	5e3a0867a7f34eb5ba0867a7f3feb551	OW260	1	1	true	single_direct_observation	scheduler	true	true		scheduler0	openwhisk_scheduler	1	3304833abd4903988af38f75ef6ca7e8	1784761201147000000	19824302952933	openwhisk_scheduler_jvm_mono	recovery/openwhisk/capture/scheduler.filtered.log	618
asyncs-openwhisk-direct-event-v1	C5	asyncs	dynamic-html-derived-v1	208	1	5e3a0867a7f34eb5ba0867a7f3feb551	OW300	1	2	true	latest_ow300_not_after_ow310_tie_first_source_line	scheduler	true	true		scheduler0	openwhisk_scheduler	1	3304833abd4903988af38f75ef6ca7e8	1784761201147000000	19824303108168	openwhisk_scheduler_jvm_mono	recovery/openwhisk/capture/scheduler.filtered.log	619
asyncs-openwhisk-direct-event-v1	C5	asyncs	dynamic-html-derived-v1	208	1	5e3a0867a7f34eb5ba0867a7f3feb551	OW300	2	2	false	latest_ow300_not_after_ow310_tie_first_source_line	scheduler	true	true		scheduler0	openwhisk_scheduler	1	3304833abd4903988af38f75ef6ca7e8	1784761201147000000	19824303131042	openwhisk_scheduler_jvm_mono	recovery/openwhisk/capture/scheduler.filtered.log	620
asyncs-openwhisk-direct-event-v1	C5	asyncs	dynamic-html-derived-v1	208	1	5e3a0867a7f34eb5ba0867a7f3feb551	OW310	1	1	true	single_direct_observation	invoker	true	true		invoker2	openwhisk_invoker	26523	3304833abd4903988af38f75ef6ca7e8	1784761201150000000	19823305042618	openwhisk_invoker_jvm_mono	recovery/openwhisk/capture/invokers.filtered.log	1230
asyncs-openwhisk-direct-event-v1	C5	asyncs	dynamic-html-derived-v1	208	1	5e3a0867a7f34eb5ba0867a7f3feb551	OW800	1	1	true	single_direct_observation	invoker	true	true		invoker2	openwhisk_invoker	26523	3304833abd4903988af38f75ef6ca7e8	1784761201660000000	19823815690979	openwhisk_invoker_jvm_mono	recovery/openwhisk/capture/invokers.filtered.log	1238
asyncs-openwhisk-direct-event-v1	C5	asyncs	dynamic-html-derived-v1	215	1	5f783b651a324920b83b651a32d920af	OW120	1	1	true	single_direct_observation	controller	true	true		controller0	openwhisk_controller	1	d42554a6f510b02ccb9ca36038f2bf2d	1784761202261000000	19825417314539	openwhisk_controller_jvm_mono	recovery/openwhisk/capture/controller.filtered.log	429
asyncs-openwhisk-direct-event-v1	C5	asyncs	dynamic-html-derived-v1	215	1	5f783b651a324920b83b651a32d920af	OW150	1	1	true	single_direct_observation	controller	true	true		controller0	openwhisk_controller	1	d42554a6f510b02ccb9ca36038f2bf2d	1784761202261000000	19825417343652	openwhisk_controller_jvm_mono	recovery/openwhisk/capture/controller.filtered.log	430
asyncs-openwhisk-direct-event-v1	C5	asyncs	dynamic-html-derived-v1	215	1	5f783b651a324920b83b651a32d920af	OW260	1	1	true	single_direct_observation	scheduler	true	true		scheduler0	openwhisk_scheduler	1	d42554a6f510b02ccb9ca36038f2bf2d	1784761202265000000	19825420483885	openwhisk_scheduler_jvm_mono	recovery/openwhisk/capture/scheduler.filtered.log	639
asyncs-openwhisk-direct-event-v1	C5	asyncs	dynamic-html-derived-v1	215	1	5f783b651a324920b83b651a32d920af	OW300	1	2	true	latest_ow300_not_after_ow310_tie_first_source_line	scheduler	true	true		scheduler0	openwhisk_scheduler	1	d42554a6f510b02ccb9ca36038f2bf2d	1784761202265000000	19825420624536	openwhisk_scheduler_jvm_mono	recovery/openwhisk/capture/scheduler.filtered.log	640
asyncs-openwhisk-direct-event-v1	C5	asyncs	dynamic-html-derived-v1	215	1	5f783b651a324920b83b651a32d920af	OW300	2	2	false	latest_ow300_not_after_ow310_tie_first_source_line	scheduler	true	true		scheduler0	openwhisk_scheduler	1	d42554a6f510b02ccb9ca36038f2bf2d	1784761202265000000	19825420676662	openwhisk_scheduler_jvm_mono	recovery/openwhisk/capture/scheduler.filtered.log	641
asyncs-openwhisk-direct-event-v1	C5	asyncs	dynamic-html-derived-v1	215	1	5f783b651a324920b83b651a32d920af	OW310	1	1	true	single_direct_observation	invoker	true	true		invoker2	openwhisk_invoker	26523	d42554a6f510b02ccb9ca36038f2bf2d	1784761202267000000	19824422164686	openwhisk_invoker_jvm_mono	recovery/openwhisk/capture/invokers.filtered.log	1250
asyncs-openwhisk-direct-event-v1	C5	asyncs	dynamic-html-derived-v1	215	1	5f783b651a324920b83b651a32d920af	OW800	1	1	true	single_direct_observation	invoker	true	true		invoker2	openwhisk_invoker	26523	d42554a6f510b02ccb9ca36038f2bf2d	1784761202780000000	19824935416083	openwhisk_invoker_jvm_mono	recovery/openwhisk/capture/invokers.filtered.log	1258
asyncs-openwhisk-direct-event-v1	C5	asyncs	dynamic-html-derived-v1	107	1	602ab337b6ed4f4eaab337b6ed0f4eb6	OW120	1	1	true	single_direct_observation	controller	true	true		controller0	openwhisk_controller	1	9148f1a319365c3a5c64e3fd7a00eed7	1784761182729000000	19805885128394	openwhisk_controller_jvm_mono	recovery/openwhisk/capture/controller.filtered.log	213
asyncs-openwhisk-direct-event-v1	C5	asyncs	dynamic-html-derived-v1	107	1	602ab337b6ed4f4eaab337b6ed0f4eb6	OW150	1	1	true	single_direct_observation	controller	true	true		controller0	openwhisk_controller	1	9148f1a319365c3a5c64e3fd7a00eed7	1784761182729000000	19805885165468	openwhisk_controller_jvm_mono	recovery/openwhisk/capture/controller.filtered.log	214
asyncs-openwhisk-direct-event-v1	C5	asyncs	dynamic-html-derived-v1	107	1	602ab337b6ed4f4eaab337b6ed0f4eb6	OW260	1	1	true	single_direct_observation	scheduler	true	true		scheduler0	openwhisk_scheduler	1	9148f1a319365c3a5c64e3fd7a00eed7	1784761182734000000	19805890014707	openwhisk_scheduler_jvm_mono	recovery/openwhisk/capture/scheduler.filtered.log	315
asyncs-openwhisk-direct-event-v1	C5	asyncs	dynamic-html-derived-v1	107	1	602ab337b6ed4f4eaab337b6ed0f4eb6	OW300	1	2	true	latest_ow300_not_after_ow310_tie_first_source_line	scheduler	true	true		scheduler0	openwhisk_scheduler	1	9148f1a319365c3a5c64e3fd7a00eed7	1784761182734000000	19805890237187	openwhisk_scheduler_jvm_mono	recovery/openwhisk/capture/scheduler.filtered.log	316
asyncs-openwhisk-direct-event-v1	C5	asyncs	dynamic-html-derived-v1	107	1	602ab337b6ed4f4eaab337b6ed0f4eb6	OW300	2	2	false	latest_ow300_not_after_ow310_tie_first_source_line	scheduler	true	true		scheduler0	openwhisk_scheduler	1	9148f1a319365c3a5c64e3fd7a00eed7	1784761182734000000	19805890271534	openwhisk_scheduler_jvm_mono	recovery/openwhisk/capture/scheduler.filtered.log	317
asyncs-openwhisk-direct-event-v1	C5	asyncs	dynamic-html-derived-v1	107	1	602ab337b6ed4f4eaab337b6ed0f4eb6	OW310	1	1	true	single_direct_observation	invoker	true	true		invoker0	openwhisk_invoker	29163	9148f1a319365c3a5c64e3fd7a00eed7	1784761182737000000	19805949230099	openwhisk_invoker_jvm_mono	recovery/openwhisk/capture/invokers.filtered.log	247
asyncs-openwhisk-direct-event-v1	C5	asyncs	dynamic-html-derived-v1	107	1	602ab337b6ed4f4eaab337b6ed0f4eb6	OW800	1	1	true	single_direct_observation	invoker	true	true		invoker0	openwhisk_invoker	29163	9148f1a319365c3a5c64e3fd7a00eed7	1784761183081000000	19806294171271	openwhisk_invoker_jvm_mono	recovery/openwhisk/capture/invokers.filtered.log	250
asyncs-openwhisk-direct-event-v1	C5	asyncs	dynamic-html-derived-v1	218	1	60bbcfa8b60f4ca2bbcfa8b60f4ca2c2	OW120	1	1	true	single_direct_observation	controller	true	true		controller0	openwhisk_controller	1	fe8984c117fd9e155725304801329e84	1784761202814000000	19825970318664	openwhisk_controller_jvm_mono	recovery/openwhisk/capture/controller.filtered.log	435
asyncs-openwhisk-direct-event-v1	C5	asyncs	dynamic-html-derived-v1	218	1	60bbcfa8b60f4ca2bbcfa8b60f4ca2c2	OW150	1	1	true	single_direct_observation	controller	true	true		controller0	openwhisk_controller	1	fe8984c117fd9e155725304801329e84	1784761202814000000	19825970347445	openwhisk_controller_jvm_mono	recovery/openwhisk/capture/controller.filtered.log	436
asyncs-openwhisk-direct-event-v1	C5	asyncs	dynamic-html-derived-v1	218	1	60bbcfa8b60f4ca2bbcfa8b60f4ca2c2	OW260	1	1	true	single_direct_observation	scheduler	true	true		scheduler0	openwhisk_scheduler	1	fe8984c117fd9e155725304801329e84	1784761202818000000	19825973511742	openwhisk_scheduler_jvm_mono	recovery/openwhisk/capture/scheduler.filtered.log	648
asyncs-openwhisk-direct-event-v1	C5	asyncs	dynamic-html-derived-v1	218	1	60bbcfa8b60f4ca2bbcfa8b60f4ca2c2	OW300	1	2	true	latest_ow300_not_after_ow310_tie_first_source_line	scheduler	true	true		scheduler0	openwhisk_scheduler	1	fe8984c117fd9e155725304801329e84	1784761202818000000	19825973608675	openwhisk_scheduler_jvm_mono	recovery/openwhisk/capture/scheduler.filtered.log	649
asyncs-openwhisk-direct-event-v1	C5	asyncs	dynamic-html-derived-v1	218	1	60bbcfa8b60f4ca2bbcfa8b60f4ca2c2	OW300	2	2	false	latest_ow300_not_after_ow310_tie_first_source_line	scheduler	true	true		scheduler0	openwhisk_scheduler	1	fe8984c117fd9e155725304801329e84	1784761202818000000	19825973646160	openwhisk_scheduler_jvm_mono	recovery/openwhisk/capture/scheduler.filtered.log	650
asyncs-openwhisk-direct-event-v1	C5	asyncs	dynamic-html-derived-v1	218	1	60bbcfa8b60f4ca2bbcfa8b60f4ca2c2	OW310	1	1	true	single_direct_observation	invoker	true	true		invoker2	openwhisk_invoker	26523	fe8984c117fd9e155725304801329e84	1784761202820000000	19824975392415	openwhisk_invoker_jvm_mono	recovery/openwhisk/capture/invokers.filtered.log	1260
asyncs-openwhisk-direct-event-v1	C5	asyncs	dynamic-html-derived-v1	218	1	60bbcfa8b60f4ca2bbcfa8b60f4ca2c2	OW800	1	1	true	single_direct_observation	invoker	true	true		invoker2	openwhisk_invoker	26523	fe8984c117fd9e155725304801329e84	1784761203340000000	19825494857215	openwhisk_invoker_jvm_mono	recovery/openwhisk/capture/invokers.filtered.log	1268
asyncs-openwhisk-direct-event-v1	C5	asyncs	dynamic-html-derived-v1	155	1	61dd849f465340799d849f4653107922	OW120	1	1	true	single_direct_observation	controller	true	true		controller0	openwhisk_controller	1	48616a6f560a8107ae738fc771b9caae	1784761191472000000	19814627679168	openwhisk_controller_jvm_mono	recovery/openwhisk/capture/controller.filtered.log	309
asyncs-openwhisk-direct-event-v1	C5	asyncs	dynamic-html-derived-v1	155	1	61dd849f465340799d849f4653107922	OW150	1	1	true	single_direct_observation	controller	true	true		controller0	openwhisk_controller	1	48616a6f560a8107ae738fc771b9caae	1784761191472000000	19814627762528	openwhisk_controller_jvm_mono	recovery/openwhisk/capture/controller.filtered.log	310
asyncs-openwhisk-direct-event-v1	C5	asyncs	dynamic-html-derived-v1	155	1	61dd849f465340799d849f4653107922	OW260	1	1	true	single_direct_observation	scheduler	true	true		scheduler0	openwhisk_scheduler	1	48616a6f560a8107ae738fc771b9caae	1784761191477000000	19814632561390	openwhisk_scheduler_jvm_mono	recovery/openwhisk/capture/scheduler.filtered.log	459
asyncs-openwhisk-direct-event-v1	C5	asyncs	dynamic-html-derived-v1	155	1	61dd849f465340799d849f4653107922	OW300	1	2	true	latest_ow300_not_after_ow310_tie_first_source_line	scheduler	true	true		scheduler0	openwhisk_scheduler	1	48616a6f560a8107ae738fc771b9caae	1784761191477000000	19814632658443	openwhisk_scheduler_jvm_mono	recovery/openwhisk/capture/scheduler.filtered.log	460
asyncs-openwhisk-direct-event-v1	C5	asyncs	dynamic-html-derived-v1	155	1	61dd849f465340799d849f4653107922	OW300	2	2	false	latest_ow300_not_after_ow310_tie_first_source_line	scheduler	true	true		scheduler0	openwhisk_scheduler	1	48616a6f560a8107ae738fc771b9caae	1784761191477000000	19814632697971	openwhisk_scheduler_jvm_mono	recovery/openwhisk/capture/scheduler.filtered.log	461
asyncs-openwhisk-direct-event-v1	C5	asyncs	dynamic-html-derived-v1	155	1	61dd849f465340799d849f4653107922	OW310	1	1	true	single_direct_observation	invoker	true	true		invoker2	openwhisk_invoker	26523	48616a6f560a8107ae738fc771b9caae	1784761191480000000	19813635496507	openwhisk_invoker_jvm_mono	recovery/openwhisk/capture/invokers.filtered.log	1075
asyncs-openwhisk-direct-event-v1	C5	asyncs	dynamic-html-derived-v1	155	1	61dd849f465340799d849f4653107922	OW800	1	1	true	single_direct_observation	invoker	true	true		invoker2	openwhisk_invoker	26523	48616a6f560a8107ae738fc771b9caae	1784761192004000000	19814159054277	openwhisk_invoker_jvm_mono	recovery/openwhisk/capture/invokers.filtered.log	1081
asyncs-openwhisk-direct-event-v1	C5	asyncs	dynamic-html-derived-v1	164	1	643dc439cf4642c8bdc439cf46a2c8d8	OW120	1	1	true	single_direct_observation	controller	true	true		controller0	openwhisk_controller	1	e1f1d15ecec4c2d8540c1fbad138f079	1784761193345000000	19816501319311	openwhisk_controller_jvm_mono	recovery/openwhisk/capture/controller.filtered.log	327
asyncs-openwhisk-direct-event-v1	C5	asyncs	dynamic-html-derived-v1	164	1	643dc439cf4642c8bdc439cf46a2c8d8	OW150	1	1	true	single_direct_observation	controller	true	true		controller0	openwhisk_controller	1	e1f1d15ecec4c2d8540c1fbad138f079	1784761193345000000	19816501354760	openwhisk_controller_jvm_mono	recovery/openwhisk/capture/controller.filtered.log	328
asyncs-openwhisk-direct-event-v1	C5	asyncs	dynamic-html-derived-v1	164	1	643dc439cf4642c8bdc439cf46a2c8d8	OW260	1	1	true	single_direct_observation	scheduler	true	true		scheduler0	openwhisk_scheduler	1	e1f1d15ecec4c2d8540c1fbad138f079	1784761193349000000	19816504577378	openwhisk_scheduler_jvm_mono	recovery/openwhisk/capture/scheduler.filtered.log	486
asyncs-openwhisk-direct-event-v1	C5	asyncs	dynamic-html-derived-v1	164	1	643dc439cf4642c8bdc439cf46a2c8d8	OW300	1	2	true	latest_ow300_not_after_ow310_tie_first_source_line	scheduler	true	true		scheduler0	openwhisk_scheduler	1	e1f1d15ecec4c2d8540c1fbad138f079	1784761193349000000	19816504765447	openwhisk_scheduler_jvm_mono	recovery/openwhisk/capture/scheduler.filtered.log	487
asyncs-openwhisk-direct-event-v1	C5	asyncs	dynamic-html-derived-v1	164	1	643dc439cf4642c8bdc439cf46a2c8d8	OW300	2	2	false	latest_ow300_not_after_ow310_tie_first_source_line	scheduler	true	true		scheduler0	openwhisk_scheduler	1	e1f1d15ecec4c2d8540c1fbad138f079	1784761193349000000	19816504814549	openwhisk_scheduler_jvm_mono	recovery/openwhisk/capture/scheduler.filtered.log	488
asyncs-openwhisk-direct-event-v1	C5	asyncs	dynamic-html-derived-v1	164	1	643dc439cf4642c8bdc439cf46a2c8d8	OW310	1	1	true	single_direct_observation	invoker	true	true		invoker2	openwhisk_invoker	26523	e1f1d15ecec4c2d8540c1fbad138f079	1784761193351000000	19815506590464	openwhisk_invoker_jvm_mono	recovery/openwhisk/capture/invokers.filtered.log	1100
asyncs-openwhisk-direct-event-v1	C5	asyncs	dynamic-html-derived-v1	164	1	643dc439cf4642c8bdc439cf46a2c8d8	OW800	1	1	true	single_direct_observation	invoker	true	true		invoker2	openwhisk_invoker	26523	e1f1d15ecec4c2d8540c1fbad138f079	1784761193952000000	19816106873997	openwhisk_invoker_jvm_mono	recovery/openwhisk/capture/invokers.filtered.log	1108
asyncs-openwhisk-direct-event-v1	C5	asyncs	dynamic-html-derived-v1	18	1	64a0e250448b415ea0e250448b515e79	OW120	1	1	true	single_direct_observation	controller	true	true		controller0	openwhisk_controller	1	2596fce7db0b6cc39dcf8fe275eb2af3	1784761167638000000	19790794315496	openwhisk_controller_jvm_mono	recovery/openwhisk/capture/controller.filtered.log	35
asyncs-openwhisk-direct-event-v1	C5	asyncs	dynamic-html-derived-v1	18	1	64a0e250448b415ea0e250448b515e79	OW150	1	1	true	single_direct_observation	controller	true	true		controller0	openwhisk_controller	1	2596fce7db0b6cc39dcf8fe275eb2af3	1784761167638000000	19790794401495	openwhisk_controller_jvm_mono	recovery/openwhisk/capture/controller.filtered.log	36
asyncs-openwhisk-direct-event-v1	C5	asyncs	dynamic-html-derived-v1	18	1	64a0e250448b415ea0e250448b515e79	OW260	1	1	true	single_direct_observation	scheduler	true	true		scheduler0	openwhisk_scheduler	1	2596fce7db0b6cc39dcf8fe275eb2af3	1784761167644000000	19790799903052	openwhisk_scheduler_jvm_mono	recovery/openwhisk/capture/scheduler.filtered.log	48
asyncs-openwhisk-direct-event-v1	C5	asyncs	dynamic-html-derived-v1	18	1	64a0e250448b415ea0e250448b515e79	OW300	1	2	true	latest_ow300_not_after_ow310_tie_first_source_line	scheduler	true	true		scheduler0	openwhisk_scheduler	1	2596fce7db0b6cc39dcf8fe275eb2af3	1784761167644000000	19790800177446	openwhisk_scheduler_jvm_mono	recovery/openwhisk/capture/scheduler.filtered.log	49
asyncs-openwhisk-direct-event-v1	C5	asyncs	dynamic-html-derived-v1	18	1	64a0e250448b415ea0e250448b515e79	OW300	2	2	false	latest_ow300_not_after_ow310_tie_first_source_line	scheduler	true	true		scheduler0	openwhisk_scheduler	1	2596fce7db0b6cc39dcf8fe275eb2af3	1784761167644000000	19790800251623	openwhisk_scheduler_jvm_mono	recovery/openwhisk/capture/scheduler.filtered.log	50
asyncs-openwhisk-direct-event-v1	C5	asyncs	dynamic-html-derived-v1	18	1	64a0e250448b415ea0e250448b515e79	OW310	1	1	true	single_direct_observation	invoker	true	true		invoker2	openwhisk_invoker	26523	2596fce7db0b6cc39dcf8fe275eb2af3	1784761167649000000	19789803891195	openwhisk_invoker_jvm_mono	recovery/openwhisk/capture/invokers.filtered.log	680
asyncs-openwhisk-direct-event-v1	C5	asyncs	dynamic-html-derived-v1	18	1	64a0e250448b415ea0e250448b515e79	OW800	1	1	true	single_direct_observation	invoker	true	true		invoker2	openwhisk_invoker	26523	2596fce7db0b6cc39dcf8fe275eb2af3	1784761168204000000	19790359775029	openwhisk_invoker_jvm_mono	recovery/openwhisk/capture/invokers.filtered.log	688
asyncs-openwhisk-direct-event-v1	C5	asyncs	dynamic-html-derived-v1	53	1	660d2c14c64943278d2c14c649e3273d	OW120	1	1	true	single_direct_observation	controller	true	true		controller0	openwhisk_controller	1	ceacd8df589d10ac5901b0fab66f4ec3	1784761173786000000	19796942246669	openwhisk_controller_jvm_mono	recovery/openwhisk/capture/controller.filtered.log	105
asyncs-openwhisk-direct-event-v1	C5	asyncs	dynamic-html-derived-v1	53	1	660d2c14c64943278d2c14c649e3273d	OW150	1	1	true	single_direct_observation	controller	true	true		controller0	openwhisk_controller	1	ceacd8df589d10ac5901b0fab66f4ec3	1784761173786000000	19796942292312	openwhisk_controller_jvm_mono	recovery/openwhisk/capture/controller.filtered.log	106
asyncs-openwhisk-direct-event-v1	C5	asyncs	dynamic-html-derived-v1	53	1	660d2c14c64943278d2c14c649e3273d	OW260	1	1	true	single_direct_observation	scheduler	true	true		scheduler0	openwhisk_scheduler	1	ceacd8df589d10ac5901b0fab66f4ec3	1784761173793000000	19796948507596	openwhisk_scheduler_jvm_mono	recovery/openwhisk/capture/scheduler.filtered.log	153
asyncs-openwhisk-direct-event-v1	C5	asyncs	dynamic-html-derived-v1	53	1	660d2c14c64943278d2c14c649e3273d	OW300	1	2	true	latest_ow300_not_after_ow310_tie_first_source_line	scheduler	true	true		scheduler0	openwhisk_scheduler	1	ceacd8df589d10ac5901b0fab66f4ec3	1784761173793000000	19796948654763	openwhisk_scheduler_jvm_mono	recovery/openwhisk/capture/scheduler.filtered.log	154
asyncs-openwhisk-direct-event-v1	C5	asyncs	dynamic-html-derived-v1	53	1	660d2c14c64943278d2c14c649e3273d	OW300	2	2	false	latest_ow300_not_after_ow310_tie_first_source_line	scheduler	true	true		scheduler0	openwhisk_scheduler	1	ceacd8df589d10ac5901b0fab66f4ec3	1784761173793000000	19796948689587	openwhisk_scheduler_jvm_mono	recovery/openwhisk/capture/scheduler.filtered.log	155
asyncs-openwhisk-direct-event-v1	C5	asyncs	dynamic-html-derived-v1	53	1	660d2c14c64943278d2c14c649e3273d	OW310	1	1	true	single_direct_observation	invoker	true	true		invoker2	openwhisk_invoker	26523	ceacd8df589d10ac5901b0fab66f4ec3	1784761173797000000	19795952317892	openwhisk_invoker_jvm_mono	recovery/openwhisk/capture/invokers.filtered.log	780
asyncs-openwhisk-direct-event-v1	C5	asyncs	dynamic-html-derived-v1	53	1	660d2c14c64943278d2c14c649e3273d	OW800	1	1	true	single_direct_observation	invoker	true	true		invoker2	openwhisk_invoker	26523	ceacd8df589d10ac5901b0fab66f4ec3	1784761174346000000	19796501119248	openwhisk_invoker_jvm_mono	recovery/openwhisk/capture/invokers.filtered.log	788
asyncs-openwhisk-direct-event-v1	C5	asyncs	dynamic-html-derived-v1	300	1	662940f38c784e89a940f38c786e89d0	OW120	1	1	true	single_direct_observation	controller	true	true		controller0	openwhisk_controller	1	ef56e939c93618e39d66b63439b0ea82	1784761216943000000	19840098636558	openwhisk_controller_jvm_mono	recovery/openwhisk/capture/controller.filtered.log	599
asyncs-openwhisk-direct-event-v1	C5	asyncs	dynamic-html-derived-v1	300	1	662940f38c784e89a940f38c786e89d0	OW150	1	1	true	single_direct_observation	controller	true	true		controller0	openwhisk_controller	1	ef56e939c93618e39d66b63439b0ea82	1784761216943000000	19840098705504	openwhisk_controller_jvm_mono	recovery/openwhisk/capture/controller.filtered.log	600
asyncs-openwhisk-direct-event-v1	C5	asyncs	dynamic-html-derived-v1	300	1	662940f38c784e89a940f38c786e89d0	OW260	1	1	true	single_direct_observation	scheduler	true	true		scheduler0	openwhisk_scheduler	1	ef56e939c93618e39d66b63439b0ea82	1784761216946000000	19840102423103	openwhisk_scheduler_jvm_mono	recovery/openwhisk/capture/scheduler.filtered.log	894
asyncs-openwhisk-direct-event-v1	C5	asyncs	dynamic-html-derived-v1	300	1	662940f38c784e89a940f38c786e89d0	OW300	1	2	true	latest_ow300_not_after_ow310_tie_first_source_line	scheduler	true	true		scheduler0	openwhisk_scheduler	1	ef56e939c93618e39d66b63439b0ea82	1784761216947000000	19840102569551	openwhisk_scheduler_jvm_mono	recovery/openwhisk/capture/scheduler.filtered.log	895
asyncs-openwhisk-direct-event-v1	C5	asyncs	dynamic-html-derived-v1	300	1	662940f38c784e89a940f38c786e89d0	OW300	2	2	false	latest_ow300_not_after_ow310_tie_first_source_line	scheduler	true	true		scheduler0	openwhisk_scheduler	1	ef56e939c93618e39d66b63439b0ea82	1784761216947000000	19840102610560	openwhisk_scheduler_jvm_mono	recovery/openwhisk/capture/scheduler.filtered.log	896
asyncs-openwhisk-direct-event-v1	C5	asyncs	dynamic-html-derived-v1	300	1	662940f38c784e89a940f38c786e89d0	OW310	1	1	true	single_direct_observation	invoker	true	true		invoker2	openwhisk_invoker	26523	ef56e939c93618e39d66b63439b0ea82	1784761216949000000	19839104127930	openwhisk_invoker_jvm_mono	recovery/openwhisk/capture/invokers.filtered.log	1500
asyncs-openwhisk-direct-event-v1	C5	asyncs	dynamic-html-derived-v1	300	1	662940f38c784e89a940f38c786e89d0	OW800	1	1	true	single_direct_observation	invoker	true	true		invoker2	openwhisk_invoker	26523	ef56e939c93618e39d66b63439b0ea82	1784761217323000000	19839477969408	openwhisk_invoker_jvm_mono	recovery/openwhisk/capture/invokers.filtered.log	1506
asyncs-openwhisk-direct-event-v1	C5	asyncs	dynamic-html-derived-v1	158	1	667ac4a084934288bac4a0849322888b	OW120	1	1	true	single_direct_observation	controller	true	true		controller0	openwhisk_controller	1	7fe5212aa00221a0cb14e5534b0f18e9	1784761192116000000	19815271487835	openwhisk_controller_jvm_mono	recovery/openwhisk/capture/controller.filtered.log	315
asyncs-openwhisk-direct-event-v1	C5	asyncs	dynamic-html-derived-v1	158	1	667ac4a084934288bac4a0849322888b	OW150	1	1	true	single_direct_observation	controller	true	true		controller0	openwhisk_controller	1	7fe5212aa00221a0cb14e5534b0f18e9	1784761192116000000	19815271521828	openwhisk_controller_jvm_mono	recovery/openwhisk/capture/controller.filtered.log	316
asyncs-openwhisk-direct-event-v1	C5	asyncs	dynamic-html-derived-v1	158	1	667ac4a084934288bac4a0849322888b	OW260	1	1	true	single_direct_observation	scheduler	true	true		scheduler0	openwhisk_scheduler	1	7fe5212aa00221a0cb14e5534b0f18e9	1784761192122000000	19815278222868	openwhisk_scheduler_jvm_mono	recovery/openwhisk/capture/scheduler.filtered.log	468
asyncs-openwhisk-direct-event-v1	C5	asyncs	dynamic-html-derived-v1	158	1	667ac4a084934288bac4a0849322888b	OW300	1	2	true	latest_ow300_not_after_ow310_tie_first_source_line	scheduler	true	true		scheduler0	openwhisk_scheduler	1	7fe5212aa00221a0cb14e5534b0f18e9	1784761192122000000	19815278353517	openwhisk_scheduler_jvm_mono	recovery/openwhisk/capture/scheduler.filtered.log	469
asyncs-openwhisk-direct-event-v1	C5	asyncs	dynamic-html-derived-v1	158	1	667ac4a084934288bac4a0849322888b	OW300	2	2	false	latest_ow300_not_after_ow310_tie_first_source_line	scheduler	true	true		scheduler0	openwhisk_scheduler	1	7fe5212aa00221a0cb14e5534b0f18e9	1784761192122000000	19815278398949	openwhisk_scheduler_jvm_mono	recovery/openwhisk/capture/scheduler.filtered.log	470
asyncs-openwhisk-direct-event-v1	C5	asyncs	dynamic-html-derived-v1	158	1	667ac4a084934288bac4a0849322888b	OW310	1	1	true	single_direct_observation	invoker	true	true		invoker2	openwhisk_invoker	26523	7fe5212aa00221a0cb14e5534b0f18e9	1784761192125000000	19814280070773	openwhisk_invoker_jvm_mono	recovery/openwhisk/capture/invokers.filtered.log	1085
asyncs-openwhisk-direct-event-v1	C5	asyncs	dynamic-html-derived-v1	158	1	667ac4a084934288bac4a0849322888b	OW800	1	1	true	single_direct_observation	invoker	true	true		invoker2	openwhisk_invoker	26523	7fe5212aa00221a0cb14e5534b0f18e9	1784761192744000000	19814899669402	openwhisk_invoker_jvm_mono	recovery/openwhisk/capture/invokers.filtered.log	1093
asyncs-openwhisk-direct-event-v1	C5	asyncs	dynamic-html-derived-v1	272	1	6760b6dfeca44aa2a0b6dfeca4faa23e	OW120	1	1	true	single_direct_observation	controller	true	true		controller0	openwhisk_controller	1	56a96fdaa9c53759be799f9af6dac802	1784761212146000000	19835301652254	openwhisk_controller_jvm_mono	recovery/openwhisk/capture/controller.filtered.log	543
asyncs-openwhisk-direct-event-v1	C5	asyncs	dynamic-html-derived-v1	272	1	6760b6dfeca44aa2a0b6dfeca4faa23e	OW150	1	1	true	single_direct_observation	controller	true	true		controller0	openwhisk_controller	1	56a96fdaa9c53759be799f9af6dac802	1784761212146000000	19835301686614	openwhisk_controller_jvm_mono	recovery/openwhisk/capture/controller.filtered.log	544
asyncs-openwhisk-direct-event-v1	C5	asyncs	dynamic-html-derived-v1	272	1	6760b6dfeca44aa2a0b6dfeca4faa23e	OW260	1	1	true	single_direct_observation	scheduler	true	true		scheduler0	openwhisk_scheduler	1	56a96fdaa9c53759be799f9af6dac802	1784761212153000000	19835308908990	openwhisk_scheduler_jvm_mono	recovery/openwhisk/capture/scheduler.filtered.log	810
asyncs-openwhisk-direct-event-v1	C5	asyncs	dynamic-html-derived-v1	272	1	6760b6dfeca44aa2a0b6dfeca4faa23e	OW300	1	2	true	latest_ow300_not_after_ow310_tie_first_source_line	scheduler	true	true		scheduler0	openwhisk_scheduler	1	56a96fdaa9c53759be799f9af6dac802	1784761212154000000	19835309768947	openwhisk_scheduler_jvm_mono	recovery/openwhisk/capture/scheduler.filtered.log	811
asyncs-openwhisk-direct-event-v1	C5	asyncs	dynamic-html-derived-v1	272	1	6760b6dfeca44aa2a0b6dfeca4faa23e	OW300	2	2	false	latest_ow300_not_after_ow310_tie_first_source_line	scheduler	true	true		scheduler0	openwhisk_scheduler	1	56a96fdaa9c53759be799f9af6dac802	1784761212154000000	19835309830767	openwhisk_scheduler_jvm_mono	recovery/openwhisk/capture/scheduler.filtered.log	812
asyncs-openwhisk-direct-event-v1	C5	asyncs	dynamic-html-derived-v1	272	1	6760b6dfeca44aa2a0b6dfeca4faa23e	OW310	1	1	true	single_direct_observation	invoker	true	true		invoker0	openwhisk_invoker	29163	56a96fdaa9c53759be799f9af6dac802	1784761212156000000	19835368681529	openwhisk_invoker_jvm_mono	recovery/openwhisk/capture/invokers.filtered.log	592
asyncs-openwhisk-direct-event-v1	C5	asyncs	dynamic-html-derived-v1	272	1	6760b6dfeca44aa2a0b6dfeca4faa23e	OW800	1	1	true	single_direct_observation	invoker	true	true		invoker0	openwhisk_invoker	29163	56a96fdaa9c53759be799f9af6dac802	1784761212515000000	19835728152247	openwhisk_invoker_jvm_mono	recovery/openwhisk/capture/invokers.filtered.log	595
asyncs-openwhisk-direct-event-v1	C5	asyncs	dynamic-html-derived-v1	6	1	6773f74f16a64113b3f74f16a6211364	OW120	1	1	true	single_direct_observation	controller	true	true		controller0	openwhisk_controller	1	56196d73cdeb907b4c7810ca1de81616	1784761164022000000	19787177879583	openwhisk_controller_jvm_mono	recovery/openwhisk/capture/controller.filtered.log	11
asyncs-openwhisk-direct-event-v1	C5	asyncs	dynamic-html-derived-v1	6	1	6773f74f16a64113b3f74f16a6211364	OW150	1	1	true	single_direct_observation	controller	true	true		controller0	openwhisk_controller	1	56196d73cdeb907b4c7810ca1de81616	1784761164022000000	19787177928587	openwhisk_controller_jvm_mono	recovery/openwhisk/capture/controller.filtered.log	12
asyncs-openwhisk-direct-event-v1	C5	asyncs	dynamic-html-derived-v1	6	1	6773f74f16a64113b3f74f16a6211364	OW260	1	1	true	single_direct_observation	scheduler	true	true		scheduler0	openwhisk_scheduler	1	56196d73cdeb907b4c7810ca1de81616	1784761164027000000	19787183241305	openwhisk_scheduler_jvm_mono	recovery/openwhisk/capture/scheduler.filtered.log	12
asyncs-openwhisk-direct-event-v1	C5	asyncs	dynamic-html-derived-v1	6	1	6773f74f16a64113b3f74f16a6211364	OW300	1	2	false	latest_ow300_not_after_ow310_tie_first_source_line	scheduler	true	true		scheduler0	openwhisk_scheduler	1	56196d73cdeb907b4c7810ca1de81616	1784761164027000000	19787183432219	openwhisk_scheduler_jvm_mono	recovery/openwhisk/capture/scheduler.filtered.log	13
asyncs-openwhisk-direct-event-v1	C5	asyncs	dynamic-html-derived-v1	6	1	6773f74f16a64113b3f74f16a6211364	OW300	2	2	true	latest_ow300_not_after_ow310_tie_first_source_line	scheduler	true	true		scheduler0	openwhisk_scheduler	1	56196d73cdeb907b4c7810ca1de81616	1784761164028000000	19787183538213	openwhisk_scheduler_jvm_mono	recovery/openwhisk/capture/scheduler.filtered.log	14
asyncs-openwhisk-direct-event-v1	C5	asyncs	dynamic-html-derived-v1	6	1	6773f74f16a64113b3f74f16a6211364	OW310	1	1	true	single_direct_observation	invoker	true	true		invoker0	openwhisk_invoker	29163	56196d73cdeb907b4c7810ca1de81616	1784761164031000000	19787243642941	openwhisk_invoker_jvm_mono	recovery/openwhisk/capture/invokers.filtered.log	17
asyncs-openwhisk-direct-event-v1	C5	asyncs	dynamic-html-derived-v1	6	1	6773f74f16a64113b3f74f16a6211364	OW800	1	1	true	single_direct_observation	invoker	true	true		invoker0	openwhisk_invoker	29163	56196d73cdeb907b4c7810ca1de81616	1784761164378000000	19787590761023	openwhisk_invoker_jvm_mono	recovery/openwhisk/capture/invokers.filtered.log	20
asyncs-openwhisk-direct-event-v1	C5	asyncs	dynamic-html-derived-v1	266	1	67ebc09393e742cfabc09393e702cf71	OW120	1	1	true	single_direct_observation	controller	true	true		controller0	openwhisk_controller	1	8d16ddd23515e0dff4106eb7bd082a0f	1784761211030000000	19834186156102	openwhisk_controller_jvm_mono	recovery/openwhisk/capture/controller.filtered.log	531
asyncs-openwhisk-direct-event-v1	C5	asyncs	dynamic-html-derived-v1	266	1	67ebc09393e742cfabc09393e702cf71	OW150	1	1	true	single_direct_observation	controller	true	true		controller0	openwhisk_controller	1	8d16ddd23515e0dff4106eb7bd082a0f	1784761211030000000	19834186208492	openwhisk_controller_jvm_mono	recovery/openwhisk/capture/controller.filtered.log	532
asyncs-openwhisk-direct-event-v1	C5	asyncs	dynamic-html-derived-v1	266	1	67ebc09393e742cfabc09393e702cf71	OW260	1	1	true	single_direct_observation	scheduler	true	true		scheduler0	openwhisk_scheduler	1	8d16ddd23515e0dff4106eb7bd082a0f	1784761211034000000	19834189576983	openwhisk_scheduler_jvm_mono	recovery/openwhisk/capture/scheduler.filtered.log	792
asyncs-openwhisk-direct-event-v1	C5	asyncs	dynamic-html-derived-v1	266	1	67ebc09393e742cfabc09393e702cf71	OW300	1	2	true	latest_ow300_not_after_ow310_tie_first_source_line	scheduler	true	true		scheduler0	openwhisk_scheduler	1	8d16ddd23515e0dff4106eb7bd082a0f	1784761211034000000	19834189740561	openwhisk_scheduler_jvm_mono	recovery/openwhisk/capture/scheduler.filtered.log	793
asyncs-openwhisk-direct-event-v1	C5	asyncs	dynamic-html-derived-v1	266	1	67ebc09393e742cfabc09393e702cf71	OW300	2	2	false	latest_ow300_not_after_ow310_tie_first_source_line	scheduler	true	true		scheduler0	openwhisk_scheduler	1	8d16ddd23515e0dff4106eb7bd082a0f	1784761211034000000	19834189788089	openwhisk_scheduler_jvm_mono	recovery/openwhisk/capture/scheduler.filtered.log	794
asyncs-openwhisk-direct-event-v1	C5	asyncs	dynamic-html-derived-v1	266	1	67ebc09393e742cfabc09393e702cf71	OW310	1	1	true	single_direct_observation	invoker	true	true		invoker2	openwhisk_invoker	26523	8d16ddd23515e0dff4106eb7bd082a0f	1784761211036000000	19833191231456	openwhisk_invoker_jvm_mono	recovery/openwhisk/capture/invokers.filtered.log	1400
asyncs-openwhisk-direct-event-v1	C5	asyncs	dynamic-html-derived-v1	266	1	67ebc09393e742cfabc09393e702cf71	OW800	1	1	true	single_direct_observation	invoker	true	true		invoker2	openwhisk_invoker	26523	8d16ddd23515e0dff4106eb7bd082a0f	1784761211565000000	19833720806191	openwhisk_invoker_jvm_mono	recovery/openwhisk/capture/invokers.filtered.log	1408
asyncs-openwhisk-direct-event-v1	C5	asyncs	dynamic-html-derived-v1	247	1	697016e81f144196b016e81f14a19637	OW120	1	1	true	single_direct_observation	controller	true	true		controller0	openwhisk_controller	1	a23f8b6d9d8e840c6a1e63d156dc1667	1784761207897000000	19831053430084	openwhisk_controller_jvm_mono	recovery/openwhisk/capture/controller.filtered.log	493
asyncs-openwhisk-direct-event-v1	C5	asyncs	dynamic-html-derived-v1	247	1	697016e81f144196b016e81f14a19637	OW150	1	1	true	single_direct_observation	controller	true	true		controller0	openwhisk_controller	1	a23f8b6d9d8e840c6a1e63d156dc1667	1784761207898000000	19831053459918	openwhisk_controller_jvm_mono	recovery/openwhisk/capture/controller.filtered.log	494
asyncs-openwhisk-direct-event-v1	C5	asyncs	dynamic-html-derived-v1	247	1	697016e81f144196b016e81f14a19637	OW260	1	1	true	single_direct_observation	scheduler	true	true		scheduler0	openwhisk_scheduler	1	a23f8b6d9d8e840c6a1e63d156dc1667	1784761207917000000	19831072697393	openwhisk_scheduler_jvm_mono	recovery/openwhisk/capture/scheduler.filtered.log	735
asyncs-openwhisk-direct-event-v1	C5	asyncs	dynamic-html-derived-v1	247	1	697016e81f144196b016e81f14a19637	OW300	1	2	true	latest_ow300_not_after_ow310_tie_first_source_line	scheduler	true	true		scheduler0	openwhisk_scheduler	1	a23f8b6d9d8e840c6a1e63d156dc1667	1784761207917000000	19831072911211	openwhisk_scheduler_jvm_mono	recovery/openwhisk/capture/scheduler.filtered.log	736
asyncs-openwhisk-direct-event-v1	C5	asyncs	dynamic-html-derived-v1	247	1	697016e81f144196b016e81f14a19637	OW300	2	2	false	latest_ow300_not_after_ow310_tie_first_source_line	scheduler	true	true		scheduler0	openwhisk_scheduler	1	a23f8b6d9d8e840c6a1e63d156dc1667	1784761207917000000	19831072965551	openwhisk_scheduler_jvm_mono	recovery/openwhisk/capture/scheduler.filtered.log	737
asyncs-openwhisk-direct-event-v1	C5	asyncs	dynamic-html-derived-v1	247	1	697016e81f144196b016e81f14a19637	OW310	1	1	true	single_direct_observation	invoker	true	true		invoker2	openwhisk_invoker	26523	a23f8b6d9d8e840c6a1e63d156dc1667	1784761207919000000	19830074571120	openwhisk_invoker_jvm_mono	recovery/openwhisk/capture/invokers.filtered.log	1345
asyncs-openwhisk-direct-event-v1	C5	asyncs	dynamic-html-derived-v1	247	1	697016e81f144196b016e81f14a19637	OW800	1	1	true	single_direct_observation	invoker	true	true		invoker2	openwhisk_invoker	26523	a23f8b6d9d8e840c6a1e63d156dc1667	1784761208434000000	19830588902368	openwhisk_invoker_jvm_mono	recovery/openwhisk/capture/invokers.filtered.log	1353
asyncs-openwhisk-direct-event-v1	C5	asyncs	dynamic-html-derived-v1	201	1	697d3ee80c8348c4bd3ee80c8368c47e	OW120	1	1	true	single_direct_observation	controller	true	true		controller0	openwhisk_controller	1	43ad4d0e59088f9c6df08e3e612d82f9	1784761199993000000	19823148767307	openwhisk_controller_jvm_mono	recovery/openwhisk/capture/controller.filtered.log	401
asyncs-openwhisk-direct-event-v1	C5	asyncs	dynamic-html-derived-v1	201	1	697d3ee80c8348c4bd3ee80c8368c47e	OW150	1	1	true	single_direct_observation	controller	true	true		controller0	openwhisk_controller	1	43ad4d0e59088f9c6df08e3e612d82f9	1784761199993000000	19823148801128	openwhisk_controller_jvm_mono	recovery/openwhisk/capture/controller.filtered.log	402
asyncs-openwhisk-direct-event-v1	C5	asyncs	dynamic-html-derived-v1	201	1	697d3ee80c8348c4bd3ee80c8368c47e	OW260	1	1	true	single_direct_observation	scheduler	true	true		scheduler0	openwhisk_scheduler	1	43ad4d0e59088f9c6df08e3e612d82f9	1784761199998000000	19823154050535	openwhisk_scheduler_jvm_mono	recovery/openwhisk/capture/scheduler.filtered.log	597
asyncs-openwhisk-direct-event-v1	C5	asyncs	dynamic-html-derived-v1	201	1	697d3ee80c8348c4bd3ee80c8368c47e	OW300	1	2	true	latest_ow300_not_after_ow310_tie_first_source_line	scheduler	true	true		scheduler0	openwhisk_scheduler	1	43ad4d0e59088f9c6df08e3e612d82f9	1784761199998000000	19823154165623	openwhisk_scheduler_jvm_mono	recovery/openwhisk/capture/scheduler.filtered.log	598
asyncs-openwhisk-direct-event-v1	C5	asyncs	dynamic-html-derived-v1	201	1	697d3ee80c8348c4bd3ee80c8368c47e	OW300	2	2	false	latest_ow300_not_after_ow310_tie_first_source_line	scheduler	true	true		scheduler0	openwhisk_scheduler	1	43ad4d0e59088f9c6df08e3e612d82f9	1784761199998000000	19823154196693	openwhisk_scheduler_jvm_mono	recovery/openwhisk/capture/scheduler.filtered.log	599
asyncs-openwhisk-direct-event-v1	C5	asyncs	dynamic-html-derived-v1	201	1	697d3ee80c8348c4bd3ee80c8368c47e	OW310	1	1	true	single_direct_observation	invoker	true	true		invoker2	openwhisk_invoker	26523	43ad4d0e59088f9c6df08e3e612d82f9	1784761200000000000	19822155851204	openwhisk_invoker_jvm_mono	recovery/openwhisk/capture/invokers.filtered.log	1213
asyncs-openwhisk-direct-event-v1	C5	asyncs	dynamic-html-derived-v1	201	1	697d3ee80c8348c4bd3ee80c8368c47e	OW800	1	1	true	single_direct_observation	invoker	true	true		invoker2	openwhisk_invoker	26523	43ad4d0e59088f9c6df08e3e612d82f9	1784761200468000000	19822623528786	openwhisk_invoker_jvm_mono	recovery/openwhisk/capture/invokers.filtered.log	1218
asyncs-openwhisk-direct-event-v1	C5	asyncs	dynamic-html-derived-v1	267	1	69c5be5954fe40b285be5954fe20b2a8	OW120	1	1	true	single_direct_observation	controller	true	true		controller0	openwhisk_controller	1	6394fc5f43e0b7479f6c66657e918ba1	1784761211158000000	19834314049501	openwhisk_controller_jvm_mono	recovery/openwhisk/capture/controller.filtered.log	533
asyncs-openwhisk-direct-event-v1	C5	asyncs	dynamic-html-derived-v1	267	1	69c5be5954fe40b285be5954fe20b2a8	OW150	1	1	true	single_direct_observation	controller	true	true		controller0	openwhisk_controller	1	6394fc5f43e0b7479f6c66657e918ba1	1784761211158000000	19834314072703	openwhisk_controller_jvm_mono	recovery/openwhisk/capture/controller.filtered.log	534
asyncs-openwhisk-direct-event-v1	C5	asyncs	dynamic-html-derived-v1	267	1	69c5be5954fe40b285be5954fe20b2a8	OW260	1	1	true	single_direct_observation	scheduler	true	true		scheduler0	openwhisk_scheduler	1	6394fc5f43e0b7479f6c66657e918ba1	1784761211170000000	19834325885477	openwhisk_scheduler_jvm_mono	recovery/openwhisk/capture/scheduler.filtered.log	795
asyncs-openwhisk-direct-event-v1	C5	asyncs	dynamic-html-derived-v1	267	1	69c5be5954fe40b285be5954fe20b2a8	OW300	1	2	true	latest_ow300_not_after_ow310_tie_first_source_line	scheduler	true	true		scheduler0	openwhisk_scheduler	1	6394fc5f43e0b7479f6c66657e918ba1	1784761211170000000	19834326135039	openwhisk_scheduler_jvm_mono	recovery/openwhisk/capture/scheduler.filtered.log	796
asyncs-openwhisk-direct-event-v1	C5	asyncs	dynamic-html-derived-v1	267	1	69c5be5954fe40b285be5954fe20b2a8	OW300	2	2	false	latest_ow300_not_after_ow310_tie_first_source_line	scheduler	true	true		scheduler0	openwhisk_scheduler	1	6394fc5f43e0b7479f6c66657e918ba1	1784761211170000000	19834326176740	openwhisk_scheduler_jvm_mono	recovery/openwhisk/capture/scheduler.filtered.log	797
asyncs-openwhisk-direct-event-v1	C5	asyncs	dynamic-html-derived-v1	267	1	69c5be5954fe40b285be5954fe20b2a8	OW310	1	1	true	single_direct_observation	invoker	true	true		invoker0	openwhisk_invoker	29163	6394fc5f43e0b7479f6c66657e918ba1	1784761211172000000	19834384825282	openwhisk_invoker_jvm_mono	recovery/openwhisk/capture/invokers.filtered.log	582
asyncs-openwhisk-direct-event-v1	C5	asyncs	dynamic-html-derived-v1	267	1	69c5be5954fe40b285be5954fe20b2a8	OW800	1	1	true	single_direct_observation	invoker	true	true		invoker0	openwhisk_invoker	29163	6394fc5f43e0b7479f6c66657e918ba1	1784761211513000000	19834725648745	openwhisk_invoker_jvm_mono	recovery/openwhisk/capture/invokers.filtered.log	585
asyncs-openwhisk-direct-event-v1	C5	asyncs	dynamic-html-derived-v1	90	1	69edaf0db1954d4dadaf0db1952d4d5b	OW120	1	1	true	single_direct_observation	controller	true	true		controller0	openwhisk_controller	1	7b0e1f7e514ecc825eba14126fda8f6c	1784761179988000000	19803144346804	openwhisk_controller_jvm_mono	recovery/openwhisk/capture/controller.filtered.log	179
asyncs-openwhisk-direct-event-v1	C5	asyncs	dynamic-html-derived-v1	90	1	69edaf0db1954d4dadaf0db1952d4d5b	OW150	1	1	true	single_direct_observation	controller	true	true		controller0	openwhisk_controller	1	7b0e1f7e514ecc825eba14126fda8f6c	1784761179988000000	19803144394546	openwhisk_controller_jvm_mono	recovery/openwhisk/capture/controller.filtered.log	180
asyncs-openwhisk-direct-event-v1	C5	asyncs	dynamic-html-derived-v1	90	1	69edaf0db1954d4dadaf0db1952d4d5b	OW260	1	1	true	single_direct_observation	scheduler	true	true		scheduler0	openwhisk_scheduler	1	7b0e1f7e514ecc825eba14126fda8f6c	1784761179994000000	19803150136683	openwhisk_scheduler_jvm_mono	recovery/openwhisk/capture/scheduler.filtered.log	264
asyncs-openwhisk-direct-event-v1	C5	asyncs	dynamic-html-derived-v1	90	1	69edaf0db1954d4dadaf0db1952d4d5b	OW300	1	2	true	latest_ow300_not_after_ow310_tie_first_source_line	scheduler	true	true		scheduler0	openwhisk_scheduler	1	7b0e1f7e514ecc825eba14126fda8f6c	1784761179994000000	19803150291316	openwhisk_scheduler_jvm_mono	recovery/openwhisk/capture/scheduler.filtered.log	265
asyncs-openwhisk-direct-event-v1	C5	asyncs	dynamic-html-derived-v1	90	1	69edaf0db1954d4dadaf0db1952d4d5b	OW300	2	2	false	latest_ow300_not_after_ow310_tie_first_source_line	scheduler	true	true		scheduler0	openwhisk_scheduler	1	7b0e1f7e514ecc825eba14126fda8f6c	1784761179994000000	19803150340994	openwhisk_scheduler_jvm_mono	recovery/openwhisk/capture/scheduler.filtered.log	266
asyncs-openwhisk-direct-event-v1	C5	asyncs	dynamic-html-derived-v1	90	1	69edaf0db1954d4dadaf0db1952d4d5b	OW310	1	1	true	single_direct_observation	invoker	true	true		invoker0	openwhisk_invoker	29163	7b0e1f7e514ecc825eba14126fda8f6c	1784761179997000000	19803209991210	openwhisk_invoker_jvm_mono	recovery/openwhisk/capture/invokers.filtered.log	212
asyncs-openwhisk-direct-event-v1	C5	asyncs	dynamic-html-derived-v1	90	1	69edaf0db1954d4dadaf0db1952d4d5b	OW800	1	1	true	single_direct_observation	invoker	true	true		invoker0	openwhisk_invoker	29163	7b0e1f7e514ecc825eba14126fda8f6c	1784761180342000000	19803554746054	openwhisk_invoker_jvm_mono	recovery/openwhisk/capture/invokers.filtered.log	215
asyncs-openwhisk-direct-event-v1	C5	asyncs	dynamic-html-derived-v1	234	1	6a7d80472e2e4aebbd80472e2e2aeb43	OW120	1	1	true	single_direct_observation	controller	true	true		controller0	openwhisk_controller	1	1af3dc54cb515a6eff0cb5b20d86d1bf	1784761205457000000	19828612755138	openwhisk_controller_jvm_mono	recovery/openwhisk/capture/controller.filtered.log	467
asyncs-openwhisk-direct-event-v1	C5	asyncs	dynamic-html-derived-v1	234	1	6a7d80472e2e4aebbd80472e2e2aeb43	OW150	1	1	true	single_direct_observation	controller	true	true		controller0	openwhisk_controller	1	1af3dc54cb515a6eff0cb5b20d86d1bf	1784761205457000000	19828612774520	openwhisk_controller_jvm_mono	recovery/openwhisk/capture/controller.filtered.log	468
asyncs-openwhisk-direct-event-v1	C5	asyncs	dynamic-html-derived-v1	234	1	6a7d80472e2e4aebbd80472e2e2aeb43	OW260	1	1	true	single_direct_observation	scheduler	true	true		scheduler0	openwhisk_scheduler	1	1af3dc54cb515a6eff0cb5b20d86d1bf	1784761205460000000	19828615942096	openwhisk_scheduler_jvm_mono	recovery/openwhisk/capture/scheduler.filtered.log	696
asyncs-openwhisk-direct-event-v1	C5	asyncs	dynamic-html-derived-v1	234	1	6a7d80472e2e4aebbd80472e2e2aeb43	OW300	1	2	true	latest_ow300_not_after_ow310_tie_first_source_line	scheduler	true	true		scheduler0	openwhisk_scheduler	1	1af3dc54cb515a6eff0cb5b20d86d1bf	1784761205460000000	19828616096280	openwhisk_scheduler_jvm_mono	recovery/openwhisk/capture/scheduler.filtered.log	697
asyncs-openwhisk-direct-event-v1	C5	asyncs	dynamic-html-derived-v1	234	1	6a7d80472e2e4aebbd80472e2e2aeb43	OW300	2	2	false	latest_ow300_not_after_ow310_tie_first_source_line	scheduler	true	true		scheduler0	openwhisk_scheduler	1	1af3dc54cb515a6eff0cb5b20d86d1bf	1784761205460000000	19828616142434	openwhisk_scheduler_jvm_mono	recovery/openwhisk/capture/scheduler.filtered.log	698
asyncs-openwhisk-direct-event-v1	C5	asyncs	dynamic-html-derived-v1	234	1	6a7d80472e2e4aebbd80472e2e2aeb43	OW310	1	1	true	single_direct_observation	invoker	true	true		invoker2	openwhisk_invoker	26523	1af3dc54cb515a6eff0cb5b20d86d1bf	1784761205466000000	19827620943462	openwhisk_invoker_jvm_mono	recovery/openwhisk/capture/invokers.filtered.log	1305
asyncs-openwhisk-direct-event-v1	C5	asyncs	dynamic-html-derived-v1	234	1	6a7d80472e2e4aebbd80472e2e2aeb43	OW800	1	1	true	single_direct_observation	invoker	true	true		invoker2	openwhisk_invoker	26523	1af3dc54cb515a6eff0cb5b20d86d1bf	1784761205994000000	19828149451039	openwhisk_invoker_jvm_mono	recovery/openwhisk/capture/invokers.filtered.log	1313
asyncs-openwhisk-direct-event-v1	C5	asyncs	dynamic-html-derived-v1	137	1	6b19016fb783462799016fb7832627ec	OW120	1	1	true	single_direct_observation	controller	true	true		controller0	openwhisk_controller	1	28f97f324fc48e6488bf0393766da42c	1784761188237000000	19811393263606	openwhisk_controller_jvm_mono	recovery/openwhisk/capture/controller.filtered.log	273
asyncs-openwhisk-direct-event-v1	C5	asyncs	dynamic-html-derived-v1	137	1	6b19016fb783462799016fb7832627ec	OW150	1	1	true	single_direct_observation	controller	true	true		controller0	openwhisk_controller	1	28f97f324fc48e6488bf0393766da42c	1784761188237000000	19811393304096	openwhisk_controller_jvm_mono	recovery/openwhisk/capture/controller.filtered.log	274
asyncs-openwhisk-direct-event-v1	C5	asyncs	dynamic-html-derived-v1	137	1	6b19016fb783462799016fb7832627ec	OW260	1	1	true	single_direct_observation	scheduler	true	true		scheduler0	openwhisk_scheduler	1	28f97f324fc48e6488bf0393766da42c	1784761188243000000	19811398644362	openwhisk_scheduler_jvm_mono	recovery/openwhisk/capture/scheduler.filtered.log	405
asyncs-openwhisk-direct-event-v1	C5	asyncs	dynamic-html-derived-v1	137	1	6b19016fb783462799016fb7832627ec	OW300	1	2	true	latest_ow300_not_after_ow310_tie_first_source_line	scheduler	true	true		scheduler0	openwhisk_scheduler	1	28f97f324fc48e6488bf0393766da42c	1784761188243000000	19811398848432	openwhisk_scheduler_jvm_mono	recovery/openwhisk/capture/scheduler.filtered.log	406
asyncs-openwhisk-direct-event-v1	C5	asyncs	dynamic-html-derived-v1	137	1	6b19016fb783462799016fb7832627ec	OW300	2	2	false	latest_ow300_not_after_ow310_tie_first_source_line	scheduler	true	true		scheduler0	openwhisk_scheduler	1	28f97f324fc48e6488bf0393766da42c	1784761188243000000	19811398896875	openwhisk_scheduler_jvm_mono	recovery/openwhisk/capture/scheduler.filtered.log	407
asyncs-openwhisk-direct-event-v1	C5	asyncs	dynamic-html-derived-v1	137	1	6b19016fb783462799016fb7832627ec	OW310	1	1	true	single_direct_observation	invoker	true	true		invoker2	openwhisk_invoker	26523	28f97f324fc48e6488bf0393766da42c	1784761188245000000	19810400521446	openwhisk_invoker_jvm_mono	recovery/openwhisk/capture/invokers.filtered.log	1025
asyncs-openwhisk-direct-event-v1	C5	asyncs	dynamic-html-derived-v1	137	1	6b19016fb783462799016fb7832627ec	OW800	1	1	true	single_direct_observation	invoker	true	true		invoker2	openwhisk_invoker	26523	28f97f324fc48e6488bf0393766da42c	1784761188784000000	19810938927362	openwhisk_invoker_jvm_mono	recovery/openwhisk/capture/invokers.filtered.log	1033
asyncs-openwhisk-direct-event-v1	C5	asyncs	dynamic-html-derived-v1	78	1	6b8bbccc04be41c48bbccc04beb1c495	OW120	1	1	true	single_direct_observation	controller	true	true		controller0	openwhisk_controller	1	f492090a2bf3528ba7379e40d6ec04ea	1784761178042000000	19801197766792	openwhisk_controller_jvm_mono	recovery/openwhisk/capture/controller.filtered.log	155
asyncs-openwhisk-direct-event-v1	C5	asyncs	dynamic-html-derived-v1	78	1	6b8bbccc04be41c48bbccc04beb1c495	OW150	1	1	true	single_direct_observation	controller	true	true		controller0	openwhisk_controller	1	f492090a2bf3528ba7379e40d6ec04ea	1784761178042000000	19801197810094	openwhisk_controller_jvm_mono	recovery/openwhisk/capture/controller.filtered.log	156
asyncs-openwhisk-direct-event-v1	C5	asyncs	dynamic-html-derived-v1	78	1	6b8bbccc04be41c48bbccc04beb1c495	OW260	1	1	true	single_direct_observation	scheduler	true	true		scheduler0	openwhisk_scheduler	1	f492090a2bf3528ba7379e40d6ec04ea	1784761178055000000	19801210502291	openwhisk_scheduler_jvm_mono	recovery/openwhisk/capture/scheduler.filtered.log	228
asyncs-openwhisk-direct-event-v1	C5	asyncs	dynamic-html-derived-v1	78	1	6b8bbccc04be41c48bbccc04beb1c495	OW300	1	2	true	latest_ow300_not_after_ow310_tie_first_source_line	scheduler	true	true		scheduler0	openwhisk_scheduler	1	f492090a2bf3528ba7379e40d6ec04ea	1784761178055000000	19801210723952	openwhisk_scheduler_jvm_mono	recovery/openwhisk/capture/scheduler.filtered.log	229
asyncs-openwhisk-direct-event-v1	C5	asyncs	dynamic-html-derived-v1	78	1	6b8bbccc04be41c48bbccc04beb1c495	OW300	2	2	false	latest_ow300_not_after_ow310_tie_first_source_line	scheduler	true	true		scheduler0	openwhisk_scheduler	1	f492090a2bf3528ba7379e40d6ec04ea	1784761178055000000	19801210789728	openwhisk_scheduler_jvm_mono	recovery/openwhisk/capture/scheduler.filtered.log	230
asyncs-openwhisk-direct-event-v1	C5	asyncs	dynamic-html-derived-v1	78	1	6b8bbccc04be41c48bbccc04beb1c495	OW310	1	1	true	single_direct_observation	invoker	true	true		invoker0	openwhisk_invoker	29163	f492090a2bf3528ba7379e40d6ec04ea	1784761178057000000	19801270030162	openwhisk_invoker_jvm_mono	recovery/openwhisk/capture/invokers.filtered.log	187
asyncs-openwhisk-direct-event-v1	C5	asyncs	dynamic-html-derived-v1	78	1	6b8bbccc04be41c48bbccc04beb1c495	OW800	1	1	true	single_direct_observation	invoker	true	true		invoker0	openwhisk_invoker	29163	f492090a2bf3528ba7379e40d6ec04ea	1784761178403000000	19801615545305	openwhisk_invoker_jvm_mono	recovery/openwhisk/capture/invokers.filtered.log	190
asyncs-openwhisk-direct-event-v1	C5	asyncs	dynamic-html-derived-v1	205	1	6ca7d0d87df84665a7d0d87df8d66526	OW120	1	1	true	single_direct_observation	controller	true	true		controller0	openwhisk_controller	1	140ec8a392abc8334bfd3d86fd530fdf	1784761200553000000	19823709061490	openwhisk_controller_jvm_mono	recovery/openwhisk/capture/controller.filtered.log	409
asyncs-openwhisk-direct-event-v1	C5	asyncs	dynamic-html-derived-v1	205	1	6ca7d0d87df84665a7d0d87df8d66526	OW150	1	1	true	single_direct_observation	controller	true	true		controller0	openwhisk_controller	1	140ec8a392abc8334bfd3d86fd530fdf	1784761200553000000	19823709180191	openwhisk_controller_jvm_mono	recovery/openwhisk/capture/controller.filtered.log	410
asyncs-openwhisk-direct-event-v1	C5	asyncs	dynamic-html-derived-v1	205	1	6ca7d0d87df84665a7d0d87df8d66526	OW260	1	1	true	single_direct_observation	scheduler	true	true		scheduler0	openwhisk_scheduler	1	140ec8a392abc8334bfd3d86fd530fdf	1784761200560000000	19823716164578	openwhisk_scheduler_jvm_mono	recovery/openwhisk/capture/scheduler.filtered.log	609
asyncs-openwhisk-direct-event-v1	C5	asyncs	dynamic-html-derived-v1	205	1	6ca7d0d87df84665a7d0d87df8d66526	OW300	1	2	true	latest_ow300_not_after_ow310_tie_first_source_line	scheduler	true	true		scheduler0	openwhisk_scheduler	1	140ec8a392abc8334bfd3d86fd530fdf	1784761200560000000	19823716319855	openwhisk_scheduler_jvm_mono	recovery/openwhisk/capture/scheduler.filtered.log	610
asyncs-openwhisk-direct-event-v1	C5	asyncs	dynamic-html-derived-v1	205	1	6ca7d0d87df84665a7d0d87df8d66526	OW300	2	2	false	latest_ow300_not_after_ow310_tie_first_source_line	scheduler	true	true		scheduler0	openwhisk_scheduler	1	140ec8a392abc8334bfd3d86fd530fdf	1784761200560000000	19823716385249	openwhisk_scheduler_jvm_mono	recovery/openwhisk/capture/scheduler.filtered.log	611
asyncs-openwhisk-direct-event-v1	C5	asyncs	dynamic-html-derived-v1	205	1	6ca7d0d87df84665a7d0d87df8d66526	OW310	1	1	true	single_direct_observation	invoker	true	true		invoker0	openwhisk_invoker	29163	140ec8a392abc8334bfd3d86fd530fdf	1784761200563000000	19823775484756	openwhisk_invoker_jvm_mono	recovery/openwhisk/capture/invokers.filtered.log	452
asyncs-openwhisk-direct-event-v1	C5	asyncs	dynamic-html-derived-v1	205	1	6ca7d0d87df84665a7d0d87df8d66526	OW800	1	1	true	single_direct_observation	invoker	true	true		invoker0	openwhisk_invoker	29163	140ec8a392abc8334bfd3d86fd530fdf	1784761200910000000	19824122497355	openwhisk_invoker_jvm_mono	recovery/openwhisk/capture/invokers.filtered.log	455
asyncs-openwhisk-direct-event-v1	C5	asyncs	dynamic-html-derived-v1	294	1	6dfb0fe59b804fa2bb0fe59b80afa20f	OW120	1	1	true	single_direct_observation	controller	true	true		controller0	openwhisk_controller	1	780d34b5587e9776619379643ed5e837	1784761215880000000	19839035586166	openwhisk_controller_jvm_mono	recovery/openwhisk/capture/controller.filtered.log	587
asyncs-openwhisk-direct-event-v1	C5	asyncs	dynamic-html-derived-v1	294	1	6dfb0fe59b804fa2bb0fe59b80afa20f	OW150	1	1	true	single_direct_observation	controller	true	true		controller0	openwhisk_controller	1	780d34b5587e9776619379643ed5e837	1784761215880000000	19839035610405	openwhisk_controller_jvm_mono	recovery/openwhisk/capture/controller.filtered.log	588
asyncs-openwhisk-direct-event-v1	C5	asyncs	dynamic-html-derived-v1	294	1	6dfb0fe59b804fa2bb0fe59b80afa20f	OW260	1	1	true	single_direct_observation	scheduler	true	true		scheduler0	openwhisk_scheduler	1	780d34b5587e9776619379643ed5e837	1784761215892000000	19839048346793	openwhisk_scheduler_jvm_mono	recovery/openwhisk/capture/scheduler.filtered.log	876
asyncs-openwhisk-direct-event-v1	C5	asyncs	dynamic-html-derived-v1	294	1	6dfb0fe59b804fa2bb0fe59b80afa20f	OW300	1	2	true	latest_ow300_not_after_ow310_tie_first_source_line	scheduler	true	true		scheduler0	openwhisk_scheduler	1	780d34b5587e9776619379643ed5e837	1784761215893000000	19839048557214	openwhisk_scheduler_jvm_mono	recovery/openwhisk/capture/scheduler.filtered.log	877
asyncs-openwhisk-direct-event-v1	C5	asyncs	dynamic-html-derived-v1	294	1	6dfb0fe59b804fa2bb0fe59b80afa20f	OW300	2	2	false	latest_ow300_not_after_ow310_tie_first_source_line	scheduler	true	true		scheduler0	openwhisk_scheduler	1	780d34b5587e9776619379643ed5e837	1784761215893000000	19839048640813	openwhisk_scheduler_jvm_mono	recovery/openwhisk/capture/scheduler.filtered.log	878
asyncs-openwhisk-direct-event-v1	C5	asyncs	dynamic-html-derived-v1	294	1	6dfb0fe59b804fa2bb0fe59b80afa20f	OW310	1	1	true	single_direct_observation	invoker	true	true		invoker0	openwhisk_invoker	29163	780d34b5587e9776619379643ed5e837	1784761215895000000	19839107296632	openwhisk_invoker_jvm_mono	recovery/openwhisk/capture/invokers.filtered.log	637
asyncs-openwhisk-direct-event-v1	C5	asyncs	dynamic-html-derived-v1	294	1	6dfb0fe59b804fa2bb0fe59b80afa20f	OW800	1	1	true	single_direct_observation	invoker	true	true		invoker0	openwhisk_invoker	29163	780d34b5587e9776619379643ed5e837	1784761216246000000	19839458261827	openwhisk_invoker_jvm_mono	recovery/openwhisk/capture/invokers.filtered.log	640
asyncs-openwhisk-direct-event-v1	C5	asyncs	dynamic-html-derived-v1	163	1	6e79f70d7daf4026b9f70d7daf30261c	OW120	1	1	true	single_direct_observation	controller	true	true		controller0	openwhisk_controller	1	10f6dad82e16eb4f702a7c3e7e2fcf36	1784761193185000000	19816340955700	openwhisk_controller_jvm_mono	recovery/openwhisk/capture/controller.filtered.log	325
asyncs-openwhisk-direct-event-v1	C5	asyncs	dynamic-html-derived-v1	163	1	6e79f70d7daf4026b9f70d7daf30261c	OW150	1	1	true	single_direct_observation	controller	true	true		controller0	openwhisk_controller	1	10f6dad82e16eb4f702a7c3e7e2fcf36	1784761193186000000	19816341939870	openwhisk_controller_jvm_mono	recovery/openwhisk/capture/controller.filtered.log	326
asyncs-openwhisk-direct-event-v1	C5	asyncs	dynamic-html-derived-v1	163	1	6e79f70d7daf4026b9f70d7daf30261c	OW260	1	1	true	single_direct_observation	scheduler	true	true		scheduler0	openwhisk_scheduler	1	10f6dad82e16eb4f702a7c3e7e2fcf36	1784761193191000000	19816346462765	openwhisk_scheduler_jvm_mono	recovery/openwhisk/capture/scheduler.filtered.log	483
asyncs-openwhisk-direct-event-v1	C5	asyncs	dynamic-html-derived-v1	163	1	6e79f70d7daf4026b9f70d7daf30261c	OW300	1	2	true	latest_ow300_not_after_ow310_tie_first_source_line	scheduler	true	true		scheduler0	openwhisk_scheduler	1	10f6dad82e16eb4f702a7c3e7e2fcf36	1784761193191000000	19816346588267	openwhisk_scheduler_jvm_mono	recovery/openwhisk/capture/scheduler.filtered.log	484
asyncs-openwhisk-direct-event-v1	C5	asyncs	dynamic-html-derived-v1	163	1	6e79f70d7daf4026b9f70d7daf30261c	OW300	2	2	false	latest_ow300_not_after_ow310_tie_first_source_line	scheduler	true	true		scheduler0	openwhisk_scheduler	1	10f6dad82e16eb4f702a7c3e7e2fcf36	1784761193191000000	19816346612314	openwhisk_scheduler_jvm_mono	recovery/openwhisk/capture/scheduler.filtered.log	485
asyncs-openwhisk-direct-event-v1	C5	asyncs	dynamic-html-derived-v1	163	1	6e79f70d7daf4026b9f70d7daf30261c	OW310	1	1	true	single_direct_observation	invoker	true	true		invoker0	openwhisk_invoker	29163	10f6dad82e16eb4f702a7c3e7e2fcf36	1784761193193000000	19816405320043	openwhisk_invoker_jvm_mono	recovery/openwhisk/capture/invokers.filtered.log	367
asyncs-openwhisk-direct-event-v1	C5	asyncs	dynamic-html-derived-v1	163	1	6e79f70d7daf4026b9f70d7daf30261c	OW800	1	1	true	single_direct_observation	invoker	true	true		invoker0	openwhisk_invoker	29163	10f6dad82e16eb4f702a7c3e7e2fcf36	1784761193536000000	19816748410944	openwhisk_invoker_jvm_mono	recovery/openwhisk/capture/invokers.filtered.log	370
asyncs-openwhisk-direct-event-v1	C5	asyncs	dynamic-html-derived-v1	284	1	6eee858a78324527ae858a7832f5272c	OW120	1	1	true	single_direct_observation	controller	true	true		controller0	openwhisk_controller	1	54969283f5665129a2bc382dd9b39c0b	1784761214189000000	19837344612832	openwhisk_controller_jvm_mono	recovery/openwhisk/capture/controller.filtered.log	567
asyncs-openwhisk-direct-event-v1	C5	asyncs	dynamic-html-derived-v1	284	1	6eee858a78324527ae858a7832f5272c	OW150	1	1	true	single_direct_observation	controller	true	true		controller0	openwhisk_controller	1	54969283f5665129a2bc382dd9b39c0b	1784761214189000000	19837344634316	openwhisk_controller_jvm_mono	recovery/openwhisk/capture/controller.filtered.log	568
asyncs-openwhisk-direct-event-v1	C5	asyncs	dynamic-html-derived-v1	284	1	6eee858a78324527ae858a7832f5272c	OW260	1	1	true	single_direct_observation	scheduler	true	true		scheduler0	openwhisk_scheduler	1	54969283f5665129a2bc382dd9b39c0b	1784761214191000000	19837347450726	openwhisk_scheduler_jvm_mono	recovery/openwhisk/capture/scheduler.filtered.log	846
asyncs-openwhisk-direct-event-v1	C5	asyncs	dynamic-html-derived-v1	284	1	6eee858a78324527ae858a7832f5272c	OW300	1	2	true	latest_ow300_not_after_ow310_tie_first_source_line	scheduler	true	true		scheduler0	openwhisk_scheduler	1	54969283f5665129a2bc382dd9b39c0b	1784761214192000000	19837347598823	openwhisk_scheduler_jvm_mono	recovery/openwhisk/capture/scheduler.filtered.log	847
asyncs-openwhisk-direct-event-v1	C5	asyncs	dynamic-html-derived-v1	284	1	6eee858a78324527ae858a7832f5272c	OW300	2	2	false	latest_ow300_not_after_ow310_tie_first_source_line	scheduler	true	true		scheduler0	openwhisk_scheduler	1	54969283f5665129a2bc382dd9b39c0b	1784761214192000000	19837347639316	openwhisk_scheduler_jvm_mono	recovery/openwhisk/capture/scheduler.filtered.log	848
asyncs-openwhisk-direct-event-v1	C5	asyncs	dynamic-html-derived-v1	284	1	6eee858a78324527ae858a7832f5272c	OW310	1	1	true	single_direct_observation	invoker	true	true		invoker2	openwhisk_invoker	26523	54969283f5665129a2bc382dd9b39c0b	1784761214194000000	19836349317766	openwhisk_invoker_jvm_mono	recovery/openwhisk/capture/invokers.filtered.log	1455
asyncs-openwhisk-direct-event-v1	C5	asyncs	dynamic-html-derived-v1	284	1	6eee858a78324527ae858a7832f5272c	OW800	1	1	true	single_direct_observation	invoker	true	true		invoker2	openwhisk_invoker	26523	54969283f5665129a2bc382dd9b39c0b	1784761214724000000	19836879382653	openwhisk_invoker_jvm_mono	recovery/openwhisk/capture/invokers.filtered.log	1463
asyncs-openwhisk-direct-event-v1	C5	asyncs	dynamic-html-derived-v1	129	1	7062fa25403d4056a2fa25403d905629	OW120	1	1	true	single_direct_observation	controller	true	true		controller0	openwhisk_controller	1	41407fb6d0ba48e975175666669c0eb8	1784761187016000000	19810171837975	openwhisk_controller_jvm_mono	recovery/openwhisk/capture/controller.filtered.log	257
asyncs-openwhisk-direct-event-v1	C5	asyncs	dynamic-html-derived-v1	129	1	7062fa25403d4056a2fa25403d905629	OW150	1	1	true	single_direct_observation	controller	true	true		controller0	openwhisk_controller	1	41407fb6d0ba48e975175666669c0eb8	1784761187016000000	19810171867571	openwhisk_controller_jvm_mono	recovery/openwhisk/capture/controller.filtered.log	258
asyncs-openwhisk-direct-event-v1	C5	asyncs	dynamic-html-derived-v1	129	1	7062fa25403d4056a2fa25403d905629	OW260	1	1	true	single_direct_observation	scheduler	true	true		scheduler0	openwhisk_scheduler	1	41407fb6d0ba48e975175666669c0eb8	1784761187019000000	19810175447891	openwhisk_scheduler_jvm_mono	recovery/openwhisk/capture/scheduler.filtered.log	381
asyncs-openwhisk-direct-event-v1	C5	asyncs	dynamic-html-derived-v1	129	1	7062fa25403d4056a2fa25403d905629	OW300	1	2	true	latest_ow300_not_after_ow310_tie_first_source_line	scheduler	true	true		scheduler0	openwhisk_scheduler	1	41407fb6d0ba48e975175666669c0eb8	1784761187020000000	19810175586890	openwhisk_scheduler_jvm_mono	recovery/openwhisk/capture/scheduler.filtered.log	382
asyncs-openwhisk-direct-event-v1	C5	asyncs	dynamic-html-derived-v1	129	1	7062fa25403d4056a2fa25403d905629	OW300	2	2	false	latest_ow300_not_after_ow310_tie_first_source_line	scheduler	true	true		scheduler0	openwhisk_scheduler	1	41407fb6d0ba48e975175666669c0eb8	1784761187020000000	19810175629874	openwhisk_scheduler_jvm_mono	recovery/openwhisk/capture/scheduler.filtered.log	383
asyncs-openwhisk-direct-event-v1	C5	asyncs	dynamic-html-derived-v1	129	1	7062fa25403d4056a2fa25403d905629	OW310	1	1	true	single_direct_observation	invoker	true	true		invoker2	openwhisk_invoker	26523	41407fb6d0ba48e975175666669c0eb8	1784761187022000000	19809177635689	openwhisk_invoker_jvm_mono	recovery/openwhisk/capture/invokers.filtered.log	1000
asyncs-openwhisk-direct-event-v1	C5	asyncs	dynamic-html-derived-v1	129	1	7062fa25403d4056a2fa25403d905629	OW800	1	1	true	single_direct_observation	invoker	true	true		invoker2	openwhisk_invoker	26523	41407fb6d0ba48e975175666669c0eb8	1784761187544000000	19809699167553	openwhisk_invoker_jvm_mono	recovery/openwhisk/capture/invokers.filtered.log	1008
asyncs-openwhisk-direct-event-v1	C5	asyncs	dynamic-html-derived-v1	278	1	729db88b74994ba29db88b74996ba238	OW120	1	1	true	single_direct_observation	controller	true	true		controller0	openwhisk_controller	1	a5e1b19e28e747df0e03cb3883a44a07	1784761213189000000	19836345180979	openwhisk_controller_jvm_mono	recovery/openwhisk/capture/controller.filtered.log	555
asyncs-openwhisk-direct-event-v1	C5	asyncs	dynamic-html-derived-v1	278	1	729db88b74994ba29db88b74996ba238	OW150	1	1	true	single_direct_observation	controller	true	true		controller0	openwhisk_controller	1	a5e1b19e28e747df0e03cb3883a44a07	1784761213189000000	19836345204135	openwhisk_controller_jvm_mono	recovery/openwhisk/capture/controller.filtered.log	556
asyncs-openwhisk-direct-event-v1	C5	asyncs	dynamic-html-derived-v1	278	1	729db88b74994ba29db88b74996ba238	OW260	1	1	true	single_direct_observation	scheduler	true	true		scheduler0	openwhisk_scheduler	1	a5e1b19e28e747df0e03cb3883a44a07	1784761213193000000	19836348507018	openwhisk_scheduler_jvm_mono	recovery/openwhisk/capture/scheduler.filtered.log	828
asyncs-openwhisk-direct-event-v1	C5	asyncs	dynamic-html-derived-v1	278	1	729db88b74994ba29db88b74996ba238	OW300	1	2	true	latest_ow300_not_after_ow310_tie_first_source_line	scheduler	true	true		scheduler0	openwhisk_scheduler	1	a5e1b19e28e747df0e03cb3883a44a07	1784761213193000000	19836348640014	openwhisk_scheduler_jvm_mono	recovery/openwhisk/capture/scheduler.filtered.log	829
asyncs-openwhisk-direct-event-v1	C5	asyncs	dynamic-html-derived-v1	278	1	729db88b74994ba29db88b74996ba238	OW300	2	2	false	latest_ow300_not_after_ow310_tie_first_source_line	scheduler	true	true		scheduler0	openwhisk_scheduler	1	a5e1b19e28e747df0e03cb3883a44a07	1784761213193000000	19836348669087	openwhisk_scheduler_jvm_mono	recovery/openwhisk/capture/scheduler.filtered.log	830
asyncs-openwhisk-direct-event-v1	C5	asyncs	dynamic-html-derived-v1	278	1	729db88b74994ba29db88b74996ba238	OW310	1	1	true	single_direct_observation	invoker	true	true		invoker2	openwhisk_invoker	26523	a5e1b19e28e747df0e03cb3883a44a07	1784761213199000000	19835354206750	openwhisk_invoker_jvm_mono	recovery/openwhisk/capture/invokers.filtered.log	1438
asyncs-openwhisk-direct-event-v1	C5	asyncs	dynamic-html-derived-v1	278	1	729db88b74994ba29db88b74996ba238	OW800	1	1	true	single_direct_observation	invoker	true	true		invoker2	openwhisk_invoker	26523	a5e1b19e28e747df0e03cb3883a44a07	1784761213603000000	19835758206274	openwhisk_invoker_jvm_mono	recovery/openwhisk/capture/invokers.filtered.log	1443
asyncs-openwhisk-direct-event-v1	C5	asyncs	dynamic-html-derived-v1	130	1	72bf87abaac64c4dbf87abaac65c4dd8	OW120	1	1	true	single_direct_observation	controller	true	true		controller0	openwhisk_controller	1	d6d0a0ce6de7645882ee004fc8f2aee3	1784761187075000000	19810230817652	openwhisk_controller_jvm_mono	recovery/openwhisk/capture/controller.filtered.log	259
asyncs-openwhisk-direct-event-v1	C5	asyncs	dynamic-html-derived-v1	130	1	72bf87abaac64c4dbf87abaac65c4dd8	OW150	1	1	true	single_direct_observation	controller	true	true		controller0	openwhisk_controller	1	d6d0a0ce6de7645882ee004fc8f2aee3	1784761187075000000	19810230848774	openwhisk_controller_jvm_mono	recovery/openwhisk/capture/controller.filtered.log	260
asyncs-openwhisk-direct-event-v1	C5	asyncs	dynamic-html-derived-v1	130	1	72bf87abaac64c4dbf87abaac65c4dd8	OW260	1	1	true	single_direct_observation	scheduler	true	true		scheduler0	openwhisk_scheduler	1	d6d0a0ce6de7645882ee004fc8f2aee3	1784761187082000000	19810238369339	openwhisk_scheduler_jvm_mono	recovery/openwhisk/capture/scheduler.filtered.log	384
asyncs-openwhisk-direct-event-v1	C5	asyncs	dynamic-html-derived-v1	130	1	72bf87abaac64c4dbf87abaac65c4dd8	OW300	1	2	true	latest_ow300_not_after_ow310_tie_first_source_line	scheduler	true	true		scheduler0	openwhisk_scheduler	1	d6d0a0ce6de7645882ee004fc8f2aee3	1784761187083000000	19810238509430	openwhisk_scheduler_jvm_mono	recovery/openwhisk/capture/scheduler.filtered.log	385
asyncs-openwhisk-direct-event-v1	C5	asyncs	dynamic-html-derived-v1	130	1	72bf87abaac64c4dbf87abaac65c4dd8	OW300	2	2	false	latest_ow300_not_after_ow310_tie_first_source_line	scheduler	true	true		scheduler0	openwhisk_scheduler	1	d6d0a0ce6de7645882ee004fc8f2aee3	1784761187083000000	19810238537213	openwhisk_scheduler_jvm_mono	recovery/openwhisk/capture/scheduler.filtered.log	386
asyncs-openwhisk-direct-event-v1	C5	asyncs	dynamic-html-derived-v1	130	1	72bf87abaac64c4dbf87abaac65c4dd8	OW310	1	1	true	single_direct_observation	invoker	true	true		invoker2	openwhisk_invoker	26523	d6d0a0ce6de7645882ee004fc8f2aee3	1784761187085000000	19809240297701	openwhisk_invoker_jvm_mono	recovery/openwhisk/capture/invokers.filtered.log	1005
asyncs-openwhisk-direct-event-v1	C5	asyncs	dynamic-html-derived-v1	130	1	72bf87abaac64c4dbf87abaac65c4dd8	OW800	1	1	true	single_direct_observation	invoker	true	true		invoker2	openwhisk_invoker	26523	d6d0a0ce6de7645882ee004fc8f2aee3	1784761187612000000	19809767267315	openwhisk_invoker_jvm_mono	recovery/openwhisk/capture/invokers.filtered.log	1013
asyncs-openwhisk-direct-event-v1	C5	asyncs	dynamic-html-derived-v1	170	1	72d855ad6eef472f9855ad6eefc72f06	OW120	1	1	true	single_direct_observation	controller	true	true		controller0	openwhisk_controller	1	05d03977d1ee68277e3fa7c849e4cb6e	1784761194374000000	19817529462900	openwhisk_controller_jvm_mono	recovery/openwhisk/capture/controller.filtered.log	339
asyncs-openwhisk-direct-event-v1	C5	asyncs	dynamic-html-derived-v1	170	1	72d855ad6eef472f9855ad6eefc72f06	OW150	1	1	true	single_direct_observation	controller	true	true		controller0	openwhisk_controller	1	05d03977d1ee68277e3fa7c849e4cb6e	1784761194374000000	19817529504350	openwhisk_controller_jvm_mono	recovery/openwhisk/capture/controller.filtered.log	340
asyncs-openwhisk-direct-event-v1	C5	asyncs	dynamic-html-derived-v1	170	1	72d855ad6eef472f9855ad6eefc72f06	OW260	1	1	true	single_direct_observation	scheduler	true	true		scheduler0	openwhisk_scheduler	1	05d03977d1ee68277e3fa7c849e4cb6e	1784761194378000000	19817533659989	openwhisk_scheduler_jvm_mono	recovery/openwhisk/capture/scheduler.filtered.log	504
asyncs-openwhisk-direct-event-v1	C5	asyncs	dynamic-html-derived-v1	170	1	72d855ad6eef472f9855ad6eefc72f06	OW300	1	2	true	latest_ow300_not_after_ow310_tie_first_source_line	scheduler	true	true		scheduler0	openwhisk_scheduler	1	05d03977d1ee68277e3fa7c849e4cb6e	1784761194378000000	19817533780986	openwhisk_scheduler_jvm_mono	recovery/openwhisk/capture/scheduler.filtered.log	505
asyncs-openwhisk-direct-event-v1	C5	asyncs	dynamic-html-derived-v1	170	1	72d855ad6eef472f9855ad6eefc72f06	OW300	2	2	false	latest_ow300_not_after_ow310_tie_first_source_line	scheduler	true	true		scheduler0	openwhisk_scheduler	1	05d03977d1ee68277e3fa7c849e4cb6e	1784761194378000000	19817533811260	openwhisk_scheduler_jvm_mono	recovery/openwhisk/capture/scheduler.filtered.log	506
asyncs-openwhisk-direct-event-v1	C5	asyncs	dynamic-html-derived-v1	170	1	72d855ad6eef472f9855ad6eefc72f06	OW310	1	1	true	single_direct_observation	invoker	true	true		invoker0	openwhisk_invoker	29163	05d03977d1ee68277e3fa7c849e4cb6e	1784761194380000000	19817592429489	openwhisk_invoker_jvm_mono	recovery/openwhisk/capture/invokers.filtered.log	382
asyncs-openwhisk-direct-event-v1	C5	asyncs	dynamic-html-derived-v1	170	1	72d855ad6eef472f9855ad6eefc72f06	OW800	1	1	true	single_direct_observation	invoker	true	true		invoker0	openwhisk_invoker	29163	05d03977d1ee68277e3fa7c849e4cb6e	1784761194732000000	19817944228218	openwhisk_invoker_jvm_mono	recovery/openwhisk/capture/invokers.filtered.log	385
asyncs-openwhisk-direct-event-v1	C5	asyncs	dynamic-html-derived-v1	168	1	738e1350218d4da48e1350218ddda419	OW120	1	1	true	single_direct_observation	controller	true	true		controller0	openwhisk_controller	1	7d139ef8a8bc06fd6a75e0873dc1d569	1784761194001000000	19817156513191	openwhisk_controller_jvm_mono	recovery/openwhisk/capture/controller.filtered.log	335
asyncs-openwhisk-direct-event-v1	C5	asyncs	dynamic-html-derived-v1	168	1	738e1350218d4da48e1350218ddda419	OW150	1	1	true	single_direct_observation	controller	true	true		controller0	openwhisk_controller	1	7d139ef8a8bc06fd6a75e0873dc1d569	1784761194001000000	19817156556546	openwhisk_controller_jvm_mono	recovery/openwhisk/capture/controller.filtered.log	336
asyncs-openwhisk-direct-event-v1	C5	asyncs	dynamic-html-derived-v1	168	1	738e1350218d4da48e1350218ddda419	OW260	1	1	true	single_direct_observation	scheduler	true	true		scheduler0	openwhisk_scheduler	1	7d139ef8a8bc06fd6a75e0873dc1d569	1784761194011000000	19817167268816	openwhisk_scheduler_jvm_mono	recovery/openwhisk/capture/scheduler.filtered.log	498
asyncs-openwhisk-direct-event-v1	C5	asyncs	dynamic-html-derived-v1	168	1	738e1350218d4da48e1350218ddda419	OW300	1	2	true	latest_ow300_not_after_ow310_tie_first_source_line	scheduler	true	true		scheduler0	openwhisk_scheduler	1	7d139ef8a8bc06fd6a75e0873dc1d569	1784761194011000000	19817167411586	openwhisk_scheduler_jvm_mono	recovery/openwhisk/capture/scheduler.filtered.log	499
asyncs-openwhisk-direct-event-v1	C5	asyncs	dynamic-html-derived-v1	168	1	738e1350218d4da48e1350218ddda419	OW300	2	2	false	latest_ow300_not_after_ow310_tie_first_source_line	scheduler	true	true		scheduler0	openwhisk_scheduler	1	7d139ef8a8bc06fd6a75e0873dc1d569	1784761194011000000	19817167450962	openwhisk_scheduler_jvm_mono	recovery/openwhisk/capture/scheduler.filtered.log	500
asyncs-openwhisk-direct-event-v1	C5	asyncs	dynamic-html-derived-v1	168	1	738e1350218d4da48e1350218ddda419	OW310	1	1	true	single_direct_observation	invoker	true	true		invoker2	openwhisk_invoker	26523	7d139ef8a8bc06fd6a75e0873dc1d569	1784761194015000000	19816170318297	openwhisk_invoker_jvm_mono	recovery/openwhisk/capture/invokers.filtered.log	1110
asyncs-openwhisk-direct-event-v1	C5	asyncs	dynamic-html-derived-v1	168	1	738e1350218d4da48e1350218ddda419	OW800	1	1	true	single_direct_observation	invoker	true	true		invoker2	openwhisk_invoker	26523	7d139ef8a8bc06fd6a75e0873dc1d569	1784761194522000000	19816677050914	openwhisk_invoker_jvm_mono	recovery/openwhisk/capture/invokers.filtered.log	1118
asyncs-openwhisk-direct-event-v1	C5	asyncs	dynamic-html-derived-v1	157	1	73c2eda7089b460a82eda7089bb60a34	OW120	1	1	true	single_direct_observation	controller	true	true		controller0	openwhisk_controller	1	4128fbb7dc113445fbbf57fd25637e30	1784761192053000000	19815208890669	openwhisk_controller_jvm_mono	recovery/openwhisk/capture/controller.filtered.log	313
asyncs-openwhisk-direct-event-v1	C5	asyncs	dynamic-html-derived-v1	157	1	73c2eda7089b460a82eda7089bb60a34	OW150	1	1	true	single_direct_observation	controller	true	true		controller0	openwhisk_controller	1	4128fbb7dc113445fbbf57fd25637e30	1784761192053000000	19815208923300	openwhisk_controller_jvm_mono	recovery/openwhisk/capture/controller.filtered.log	314
asyncs-openwhisk-direct-event-v1	C5	asyncs	dynamic-html-derived-v1	157	1	73c2eda7089b460a82eda7089bb60a34	OW260	1	1	true	single_direct_observation	scheduler	true	true		scheduler0	openwhisk_scheduler	1	4128fbb7dc113445fbbf57fd25637e30	1784761192059000000	19815215323573	openwhisk_scheduler_jvm_mono	recovery/openwhisk/capture/scheduler.filtered.log	465
asyncs-openwhisk-direct-event-v1	C5	asyncs	dynamic-html-derived-v1	157	1	73c2eda7089b460a82eda7089bb60a34	OW300	1	2	false	latest_ow300_not_after_ow310_tie_first_source_line	scheduler	true	true		scheduler0	openwhisk_scheduler	1	4128fbb7dc113445fbbf57fd25637e30	1784761192059000000	19815215435130	openwhisk_scheduler_jvm_mono	recovery/openwhisk/capture/scheduler.filtered.log	466
asyncs-openwhisk-direct-event-v1	C5	asyncs	dynamic-html-derived-v1	157	1	73c2eda7089b460a82eda7089bb60a34	OW300	2	2	true	latest_ow300_not_after_ow310_tie_first_source_line	scheduler	true	true		scheduler0	openwhisk_scheduler	1	4128fbb7dc113445fbbf57fd25637e30	1784761192060000000	19815215458760	openwhisk_scheduler_jvm_mono	recovery/openwhisk/capture/scheduler.filtered.log	467
asyncs-openwhisk-direct-event-v1	C5	asyncs	dynamic-html-derived-v1	157	1	73c2eda7089b460a82eda7089bb60a34	OW310	1	1	true	single_direct_observation	invoker	true	true		invoker2	openwhisk_invoker	26523	4128fbb7dc113445fbbf57fd25637e30	1784761192061000000	19814216763883	openwhisk_invoker_jvm_mono	recovery/openwhisk/capture/invokers.filtered.log	1083
asyncs-openwhisk-direct-event-v1	C5	asyncs	dynamic-html-derived-v1	157	1	73c2eda7089b460a82eda7089bb60a34	OW800	1	1	true	single_direct_observation	invoker	true	true		invoker2	openwhisk_invoker	26523	4128fbb7dc113445fbbf57fd25637e30	1784761192665000000	19814819919813	openwhisk_invoker_jvm_mono	recovery/openwhisk/capture/invokers.filtered.log	1088
asyncs-openwhisk-direct-event-v1	C5	asyncs	dynamic-html-derived-v1	261	1	7448688164bc408488688164bc608406	OW120	1	1	true	single_direct_observation	controller	true	true		controller0	openwhisk_controller	1	abcd74b772b3e10742696d29504317da	1784761210155000000	19833310469232	openwhisk_controller_jvm_mono	recovery/openwhisk/capture/controller.filtered.log	521
asyncs-openwhisk-direct-event-v1	C5	asyncs	dynamic-html-derived-v1	261	1	7448688164bc408488688164bc608406	OW150	1	1	true	single_direct_observation	controller	true	true		controller0	openwhisk_controller	1	abcd74b772b3e10742696d29504317da	1784761210155000000	19833310498531	openwhisk_controller_jvm_mono	recovery/openwhisk/capture/controller.filtered.log	522
asyncs-openwhisk-direct-event-v1	C5	asyncs	dynamic-html-derived-v1	261	1	7448688164bc408488688164bc608406	OW260	1	1	true	single_direct_observation	scheduler	true	true		scheduler0	openwhisk_scheduler	1	abcd74b772b3e10742696d29504317da	1784761210163000000	19833319407416	openwhisk_scheduler_jvm_mono	recovery/openwhisk/capture/scheduler.filtered.log	777
asyncs-openwhisk-direct-event-v1	C5	asyncs	dynamic-html-derived-v1	261	1	7448688164bc408488688164bc608406	OW300	1	2	true	latest_ow300_not_after_ow310_tie_first_source_line	scheduler	true	true		scheduler0	openwhisk_scheduler	1	abcd74b772b3e10742696d29504317da	1784761210164000000	19833319555285	openwhisk_scheduler_jvm_mono	recovery/openwhisk/capture/scheduler.filtered.log	778
asyncs-openwhisk-direct-event-v1	C5	asyncs	dynamic-html-derived-v1	261	1	7448688164bc408488688164bc608406	OW300	2	2	false	latest_ow300_not_after_ow310_tie_first_source_line	scheduler	true	true		scheduler0	openwhisk_scheduler	1	abcd74b772b3e10742696d29504317da	1784761210164000000	19833319577498	openwhisk_scheduler_jvm_mono	recovery/openwhisk/capture/scheduler.filtered.log	779
asyncs-openwhisk-direct-event-v1	C5	asyncs	dynamic-html-derived-v1	261	1	7448688164bc408488688164bc608406	OW310	1	1	true	single_direct_observation	invoker	true	true		invoker2	openwhisk_invoker	26523	abcd74b772b3e10742696d29504317da	1784761210170000000	19832324982590	openwhisk_invoker_jvm_mono	recovery/openwhisk/capture/invokers.filtered.log	1385
asyncs-openwhisk-direct-event-v1	C5	asyncs	dynamic-html-derived-v1	261	1	7448688164bc408488688164bc608406	OW800	1	1	true	single_direct_observation	invoker	true	true		invoker2	openwhisk_invoker	26523	abcd74b772b3e10742696d29504317da	1784761210695000000	19832850247016	openwhisk_invoker_jvm_mono	recovery/openwhisk/capture/invokers.filtered.log	1393
asyncs-openwhisk-direct-event-v1	C5	asyncs	dynamic-html-derived-v1	118	1	7639c659aa594306b9c659aa59c3069a	OW120	1	1	true	single_direct_observation	controller	true	true		controller0	openwhisk_controller	1	eda740ce1184bd54c9c8125d7877c20c	1784761184935000000	19808091173641	openwhisk_controller_jvm_mono	recovery/openwhisk/capture/controller.filtered.log	235
asyncs-openwhisk-direct-event-v1	C5	asyncs	dynamic-html-derived-v1	118	1	7639c659aa594306b9c659aa59c3069a	OW150	1	1	true	single_direct_observation	controller	true	true		controller0	openwhisk_controller	1	eda740ce1184bd54c9c8125d7877c20c	1784761184935000000	19808091214408	openwhisk_controller_jvm_mono	recovery/openwhisk/capture/controller.filtered.log	236
asyncs-openwhisk-direct-event-v1	C5	asyncs	dynamic-html-derived-v1	118	1	7639c659aa594306b9c659aa59c3069a	OW260	1	1	true	single_direct_observation	scheduler	true	true		scheduler0	openwhisk_scheduler	1	eda740ce1184bd54c9c8125d7877c20c	1784761184941000000	19808096611291	openwhisk_scheduler_jvm_mono	recovery/openwhisk/capture/scheduler.filtered.log	348
asyncs-openwhisk-direct-event-v1	C5	asyncs	dynamic-html-derived-v1	118	1	7639c659aa594306b9c659aa59c3069a	OW300	1	2	true	latest_ow300_not_after_ow310_tie_first_source_line	scheduler	true	true		scheduler0	openwhisk_scheduler	1	eda740ce1184bd54c9c8125d7877c20c	1784761184941000000	19808096772413	openwhisk_scheduler_jvm_mono	recovery/openwhisk/capture/scheduler.filtered.log	349
asyncs-openwhisk-direct-event-v1	C5	asyncs	dynamic-html-derived-v1	118	1	7639c659aa594306b9c659aa59c3069a	OW300	2	2	false	latest_ow300_not_after_ow310_tie_first_source_line	scheduler	true	true		scheduler0	openwhisk_scheduler	1	eda740ce1184bd54c9c8125d7877c20c	1784761184941000000	19808096816724	openwhisk_scheduler_jvm_mono	recovery/openwhisk/capture/scheduler.filtered.log	350
asyncs-openwhisk-direct-event-v1	C5	asyncs	dynamic-html-derived-v1	118	1	7639c659aa594306b9c659aa59c3069a	OW310	1	1	true	single_direct_observation	invoker	true	true		invoker0	openwhisk_invoker	29163	eda740ce1184bd54c9c8125d7877c20c	1784761184944000000	19808156325746	openwhisk_invoker_jvm_mono	recovery/openwhisk/capture/invokers.filtered.log	272
asyncs-openwhisk-direct-event-v1	C5	asyncs	dynamic-html-derived-v1	118	1	7639c659aa594306b9c659aa59c3069a	OW800	1	1	true	single_direct_observation	invoker	true	true		invoker0	openwhisk_invoker	29163	eda740ce1184bd54c9c8125d7877c20c	1784761185287000000	19808499518188	openwhisk_invoker_jvm_mono	recovery/openwhisk/capture/invokers.filtered.log	275
asyncs-openwhisk-direct-event-v1	C5	asyncs	dynamic-html-derived-v1	233	1	76c86a1a39724091886a1a39723091e0	OW120	1	1	true	single_direct_observation	controller	true	true		controller0	openwhisk_controller	1	c133a89487cd9647713fc4530a174fa5	1784761205412000000	19828567857275	openwhisk_controller_jvm_mono	recovery/openwhisk/capture/controller.filtered.log	465
asyncs-openwhisk-direct-event-v1	C5	asyncs	dynamic-html-derived-v1	233	1	76c86a1a39724091886a1a39723091e0	OW150	1	1	true	single_direct_observation	controller	true	true		controller0	openwhisk_controller	1	c133a89487cd9647713fc4530a174fa5	1784761205412000000	19828567883420	openwhisk_controller_jvm_mono	recovery/openwhisk/capture/controller.filtered.log	466
asyncs-openwhisk-direct-event-v1	C5	asyncs	dynamic-html-derived-v1	233	1	76c86a1a39724091886a1a39723091e0	OW260	1	1	true	single_direct_observation	scheduler	true	true		scheduler0	openwhisk_scheduler	1	c133a89487cd9647713fc4530a174fa5	1784761205419000000	19828574874328	openwhisk_scheduler_jvm_mono	recovery/openwhisk/capture/scheduler.filtered.log	693
asyncs-openwhisk-direct-event-v1	C5	asyncs	dynamic-html-derived-v1	233	1	76c86a1a39724091886a1a39723091e0	OW300	1	2	true	latest_ow300_not_after_ow310_tie_first_source_line	scheduler	true	true		scheduler0	openwhisk_scheduler	1	c133a89487cd9647713fc4530a174fa5	1784761205419000000	19828575028333	openwhisk_scheduler_jvm_mono	recovery/openwhisk/capture/scheduler.filtered.log	694
asyncs-openwhisk-direct-event-v1	C5	asyncs	dynamic-html-derived-v1	233	1	76c86a1a39724091886a1a39723091e0	OW300	2	2	false	latest_ow300_not_after_ow310_tie_first_source_line	scheduler	true	true		scheduler0	openwhisk_scheduler	1	c133a89487cd9647713fc4530a174fa5	1784761205419000000	19828575068009	openwhisk_scheduler_jvm_mono	recovery/openwhisk/capture/scheduler.filtered.log	695
asyncs-openwhisk-direct-event-v1	C5	asyncs	dynamic-html-derived-v1	233	1	76c86a1a39724091886a1a39723091e0	OW310	1	1	true	single_direct_observation	invoker	true	true		invoker0	openwhisk_invoker	29163	c133a89487cd9647713fc4530a174fa5	1784761205424000000	19828636442774	openwhisk_invoker_jvm_mono	recovery/openwhisk/capture/invokers.filtered.log	512
asyncs-openwhisk-direct-event-v1	C5	asyncs	dynamic-html-derived-v1	233	1	76c86a1a39724091886a1a39723091e0	OW800	1	1	true	single_direct_observation	invoker	true	true		invoker0	openwhisk_invoker	29163	c133a89487cd9647713fc4530a174fa5	1784761205841000000	19829053496601	openwhisk_invoker_jvm_mono	recovery/openwhisk/capture/invokers.filtered.log	515
asyncs-openwhisk-direct-event-v1	C5	asyncs	dynamic-html-derived-v1	59	1	7765e3e1d8814fe1a5e3e1d881dfe172	OW120	1	1	true	single_direct_observation	controller	true	true		controller0	openwhisk_controller	1	6def5c9f8d0026ce1ac03aa276290ea2	1784761174893000000	19798049022049	openwhisk_controller_jvm_mono	recovery/openwhisk/capture/controller.filtered.log	117
asyncs-openwhisk-direct-event-v1	C5	asyncs	dynamic-html-derived-v1	59	1	7765e3e1d8814fe1a5e3e1d881dfe172	OW150	1	1	true	single_direct_observation	controller	true	true		controller0	openwhisk_controller	1	6def5c9f8d0026ce1ac03aa276290ea2	1784761174893000000	19798049063221	openwhisk_controller_jvm_mono	recovery/openwhisk/capture/controller.filtered.log	118
asyncs-openwhisk-direct-event-v1	C5	asyncs	dynamic-html-derived-v1	59	1	7765e3e1d8814fe1a5e3e1d881dfe172	OW260	1	1	true	single_direct_observation	scheduler	true	true		scheduler0	openwhisk_scheduler	1	6def5c9f8d0026ce1ac03aa276290ea2	1784761174896000000	19798052287630	openwhisk_scheduler_jvm_mono	recovery/openwhisk/capture/scheduler.filtered.log	171
asyncs-openwhisk-direct-event-v1	C5	asyncs	dynamic-html-derived-v1	59	1	7765e3e1d8814fe1a5e3e1d881dfe172	OW300	1	2	true	latest_ow300_not_after_ow310_tie_first_source_line	scheduler	true	true		scheduler0	openwhisk_scheduler	1	6def5c9f8d0026ce1ac03aa276290ea2	1784761174897000000	19798052464757	openwhisk_scheduler_jvm_mono	recovery/openwhisk/capture/scheduler.filtered.log	172
asyncs-openwhisk-direct-event-v1	C5	asyncs	dynamic-html-derived-v1	59	1	7765e3e1d8814fe1a5e3e1d881dfe172	OW300	2	2	false	latest_ow300_not_after_ow310_tie_first_source_line	scheduler	true	true		scheduler0	openwhisk_scheduler	1	6def5c9f8d0026ce1ac03aa276290ea2	1784761174897000000	19798052499487	openwhisk_scheduler_jvm_mono	recovery/openwhisk/capture/scheduler.filtered.log	173
asyncs-openwhisk-direct-event-v1	C5	asyncs	dynamic-html-derived-v1	59	1	7765e3e1d8814fe1a5e3e1d881dfe172	OW310	1	1	true	single_direct_observation	invoker	true	true		invoker0	openwhisk_invoker	29163	6def5c9f8d0026ce1ac03aa276290ea2	1784761174899000000	19798111559500	openwhisk_invoker_jvm_mono	recovery/openwhisk/capture/invokers.filtered.log	147
asyncs-openwhisk-direct-event-v1	C5	asyncs	dynamic-html-derived-v1	59	1	7765e3e1d8814fe1a5e3e1d881dfe172	OW800	1	1	true	single_direct_observation	invoker	true	true		invoker0	openwhisk_invoker	29163	6def5c9f8d0026ce1ac03aa276290ea2	1784761175239000000	19798452028911	openwhisk_invoker_jvm_mono	recovery/openwhisk/capture/invokers.filtered.log	150
asyncs-openwhisk-direct-event-v1	C5	asyncs	dynamic-html-derived-v1	237	1	77e08fd729ca41dda08fd729ca91dd4f	OW120	1	1	true	single_direct_observation	controller	true	true		controller0	openwhisk_controller	1	9f1a28418504d01089eb467ece803f01	1784761206037000000	19829193119519	openwhisk_controller_jvm_mono	recovery/openwhisk/capture/controller.filtered.log	473
asyncs-openwhisk-direct-event-v1	C5	asyncs	dynamic-html-derived-v1	237	1	77e08fd729ca41dda08fd729ca91dd4f	OW150	1	1	true	single_direct_observation	controller	true	true		controller0	openwhisk_controller	1	9f1a28418504d01089eb467ece803f01	1784761206037000000	19829193151787	openwhisk_controller_jvm_mono	recovery/openwhisk/capture/controller.filtered.log	474
asyncs-openwhisk-direct-event-v1	C5	asyncs	dynamic-html-derived-v1	237	1	77e08fd729ca41dda08fd729ca91dd4f	OW260	1	1	true	single_direct_observation	scheduler	true	true		scheduler0	openwhisk_scheduler	1	9f1a28418504d01089eb467ece803f01	1784761206043000000	19829198686122	openwhisk_scheduler_jvm_mono	recovery/openwhisk/capture/scheduler.filtered.log	705
asyncs-openwhisk-direct-event-v1	C5	asyncs	dynamic-html-derived-v1	237	1	77e08fd729ca41dda08fd729ca91dd4f	OW300	1	2	true	latest_ow300_not_after_ow310_tie_first_source_line	scheduler	true	true		scheduler0	openwhisk_scheduler	1	9f1a28418504d01089eb467ece803f01	1784761206043000000	19829198799986	openwhisk_scheduler_jvm_mono	recovery/openwhisk/capture/scheduler.filtered.log	706
asyncs-openwhisk-direct-event-v1	C5	asyncs	dynamic-html-derived-v1	237	1	77e08fd729ca41dda08fd729ca91dd4f	OW300	2	2	false	latest_ow300_not_after_ow310_tie_first_source_line	scheduler	true	true		scheduler0	openwhisk_scheduler	1	9f1a28418504d01089eb467ece803f01	1784761206043000000	19829198823964	openwhisk_scheduler_jvm_mono	recovery/openwhisk/capture/scheduler.filtered.log	707
asyncs-openwhisk-direct-event-v1	C5	asyncs	dynamic-html-derived-v1	237	1	77e08fd729ca41dda08fd729ca91dd4f	OW310	1	1	true	single_direct_observation	invoker	true	true		invoker2	openwhisk_invoker	26523	9f1a28418504d01089eb467ece803f01	1784761206045000000	19828200663385	openwhisk_invoker_jvm_mono	recovery/openwhisk/capture/invokers.filtered.log	1315
asyncs-openwhisk-direct-event-v1	C5	asyncs	dynamic-html-derived-v1	237	1	77e08fd729ca41dda08fd729ca91dd4f	OW800	1	1	true	single_direct_observation	invoker	true	true		invoker2	openwhisk_invoker	26523	9f1a28418504d01089eb467ece803f01	1784761206514000000	19828668929144	openwhisk_invoker_jvm_mono	recovery/openwhisk/capture/invokers.filtered.log	1323
asyncs-openwhisk-direct-event-v1	C5	asyncs	dynamic-html-derived-v1	160	1	77e8100604dc4690a8100604dc16906b	OW120	1	1	true	single_direct_observation	controller	true	true		controller0	openwhisk_controller	1	be58d3a6b3bead0dfca28d89d435576b	1784761192699000000	19815854738708	openwhisk_controller_jvm_mono	recovery/openwhisk/capture/controller.filtered.log	319
asyncs-openwhisk-direct-event-v1	C5	asyncs	dynamic-html-derived-v1	160	1	77e8100604dc4690a8100604dc16906b	OW150	1	1	true	single_direct_observation	controller	true	true		controller0	openwhisk_controller	1	be58d3a6b3bead0dfca28d89d435576b	1784761192699000000	19815854781270	openwhisk_controller_jvm_mono	recovery/openwhisk/capture/controller.filtered.log	320
asyncs-openwhisk-direct-event-v1	C5	asyncs	dynamic-html-derived-v1	160	1	77e8100604dc4690a8100604dc16906b	OW260	1	1	true	single_direct_observation	scheduler	true	true		scheduler0	openwhisk_scheduler	1	be58d3a6b3bead0dfca28d89d435576b	1784761192702000000	19815857978601	openwhisk_scheduler_jvm_mono	recovery/openwhisk/capture/scheduler.filtered.log	474
asyncs-openwhisk-direct-event-v1	C5	asyncs	dynamic-html-derived-v1	160	1	77e8100604dc4690a8100604dc16906b	OW300	1	2	true	latest_ow300_not_after_ow310_tie_first_source_line	scheduler	true	true		scheduler0	openwhisk_scheduler	1	be58d3a6b3bead0dfca28d89d435576b	1784761192702000000	19815858126022	openwhisk_scheduler_jvm_mono	recovery/openwhisk/capture/scheduler.filtered.log	475
asyncs-openwhisk-direct-event-v1	C5	asyncs	dynamic-html-derived-v1	160	1	77e8100604dc4690a8100604dc16906b	OW300	2	2	false	latest_ow300_not_after_ow310_tie_first_source_line	scheduler	true	true		scheduler0	openwhisk_scheduler	1	be58d3a6b3bead0dfca28d89d435576b	1784761192702000000	19815858162779	openwhisk_scheduler_jvm_mono	recovery/openwhisk/capture/scheduler.filtered.log	476
asyncs-openwhisk-direct-event-v1	C5	asyncs	dynamic-html-derived-v1	160	1	77e8100604dc4690a8100604dc16906b	OW310	1	1	true	single_direct_observation	invoker	true	true		invoker2	openwhisk_invoker	26523	be58d3a6b3bead0dfca28d89d435576b	1784761192704000000	19814859673493	openwhisk_invoker_jvm_mono	recovery/openwhisk/capture/invokers.filtered.log	1090
asyncs-openwhisk-direct-event-v1	C5	asyncs	dynamic-html-derived-v1	160	1	77e8100604dc4690a8100604dc16906b	OW800	1	1	true	single_direct_observation	invoker	true	true		invoker2	openwhisk_invoker	26523	be58d3a6b3bead0dfca28d89d435576b	1784761193311000000	19815465875644	openwhisk_invoker_jvm_mono	recovery/openwhisk/capture/invokers.filtered.log	1098
asyncs-openwhisk-direct-event-v1	C5	asyncs	dynamic-html-derived-v1	285	1	79ceda3e393e47cb8eda3e393e27cbf6	OW120	1	1	true	single_direct_observation	controller	true	true		controller0	openwhisk_controller	1	7cdb72243464acc21ad3d1004108856d	1784761214295000000	19837451422343	openwhisk_controller_jvm_mono	recovery/openwhisk/capture/controller.filtered.log	569
asyncs-openwhisk-direct-event-v1	C5	asyncs	dynamic-html-derived-v1	285	1	79ceda3e393e47cb8eda3e393e27cbf6	OW150	1	1	true	single_direct_observation	controller	true	true		controller0	openwhisk_controller	1	7cdb72243464acc21ad3d1004108856d	1784761214296000000	19837451456046	openwhisk_controller_jvm_mono	recovery/openwhisk/capture/controller.filtered.log	570
asyncs-openwhisk-direct-event-v1	C5	asyncs	dynamic-html-derived-v1	285	1	79ceda3e393e47cb8eda3e393e27cbf6	OW260	1	1	true	single_direct_observation	scheduler	true	true		scheduler0	openwhisk_scheduler	1	7cdb72243464acc21ad3d1004108856d	1784761214302000000	19837457925447	openwhisk_scheduler_jvm_mono	recovery/openwhisk/capture/scheduler.filtered.log	849
asyncs-openwhisk-direct-event-v1	C5	asyncs	dynamic-html-derived-v1	285	1	79ceda3e393e47cb8eda3e393e27cbf6	OW300	1	2	true	latest_ow300_not_after_ow310_tie_first_source_line	scheduler	true	true		scheduler0	openwhisk_scheduler	1	7cdb72243464acc21ad3d1004108856d	1784761214302000000	19837458054131	openwhisk_scheduler_jvm_mono	recovery/openwhisk/capture/scheduler.filtered.log	850
asyncs-openwhisk-direct-event-v1	C5	asyncs	dynamic-html-derived-v1	285	1	79ceda3e393e47cb8eda3e393e27cbf6	OW300	2	2	false	latest_ow300_not_after_ow310_tie_first_source_line	scheduler	true	true		scheduler0	openwhisk_scheduler	1	7cdb72243464acc21ad3d1004108856d	1784761214302000000	19837458114321	openwhisk_scheduler_jvm_mono	recovery/openwhisk/capture/scheduler.filtered.log	851
asyncs-openwhisk-direct-event-v1	C5	asyncs	dynamic-html-derived-v1	285	1	79ceda3e393e47cb8eda3e393e27cbf6	OW310	1	1	true	single_direct_observation	invoker	true	true		invoker0	openwhisk_invoker	29163	7cdb72243464acc21ad3d1004108856d	1784761214304000000	19837516930583	openwhisk_invoker_jvm_mono	recovery/openwhisk/capture/invokers.filtered.log	617
asyncs-openwhisk-direct-event-v1	C5	asyncs	dynamic-html-derived-v1	285	1	79ceda3e393e47cb8eda3e393e27cbf6	OW800	1	1	true	single_direct_observation	invoker	true	true		invoker0	openwhisk_invoker	29163	7cdb72243464acc21ad3d1004108856d	1784761214646000000	19837859009847	openwhisk_invoker_jvm_mono	recovery/openwhisk/capture/invokers.filtered.log	620
asyncs-openwhisk-direct-event-v1	C5	asyncs	dynamic-html-derived-v1	49	1	7a0c6f9459f142fb8c6f9459f1b2fbc1	OW120	1	1	true	single_direct_observation	controller	true	true		controller0	openwhisk_controller	1	3259498973063ba77dd3c8b482653dc2	1784761173175000000	19796330848986	openwhisk_controller_jvm_mono	recovery/openwhisk/capture/controller.filtered.log	97
asyncs-openwhisk-direct-event-v1	C5	asyncs	dynamic-html-derived-v1	49	1	7a0c6f9459f142fb8c6f9459f1b2fbc1	OW150	1	1	true	single_direct_observation	controller	true	true		controller0	openwhisk_controller	1	3259498973063ba77dd3c8b482653dc2	1784761173175000000	19796330888497	openwhisk_controller_jvm_mono	recovery/openwhisk/capture/controller.filtered.log	98
asyncs-openwhisk-direct-event-v1	C5	asyncs	dynamic-html-derived-v1	49	1	7a0c6f9459f142fb8c6f9459f1b2fbc1	OW260	1	1	true	single_direct_observation	scheduler	true	true		scheduler0	openwhisk_scheduler	1	3259498973063ba77dd3c8b482653dc2	1784761173179000000	19796334622395	openwhisk_scheduler_jvm_mono	recovery/openwhisk/capture/scheduler.filtered.log	141
asyncs-openwhisk-direct-event-v1	C5	asyncs	dynamic-html-derived-v1	49	1	7a0c6f9459f142fb8c6f9459f1b2fbc1	OW300	1	2	true	latest_ow300_not_after_ow310_tie_first_source_line	scheduler	true	true		scheduler0	openwhisk_scheduler	1	3259498973063ba77dd3c8b482653dc2	1784761173179000000	19796334788534	openwhisk_scheduler_jvm_mono	recovery/openwhisk/capture/scheduler.filtered.log	142
asyncs-openwhisk-direct-event-v1	C5	asyncs	dynamic-html-derived-v1	49	1	7a0c6f9459f142fb8c6f9459f1b2fbc1	OW300	2	2	false	latest_ow300_not_after_ow310_tie_first_source_line	scheduler	true	true		scheduler0	openwhisk_scheduler	1	3259498973063ba77dd3c8b482653dc2	1784761173179000000	19796334833018	openwhisk_scheduler_jvm_mono	recovery/openwhisk/capture/scheduler.filtered.log	143
asyncs-openwhisk-direct-event-v1	C5	asyncs	dynamic-html-derived-v1	49	1	7a0c6f9459f142fb8c6f9459f1b2fbc1	OW310	1	1	true	single_direct_observation	invoker	true	true		invoker2	openwhisk_invoker	26523	3259498973063ba77dd3c8b482653dc2	1784761173182000000	19795337358916	openwhisk_invoker_jvm_mono	recovery/openwhisk/capture/invokers.filtered.log	770
asyncs-openwhisk-direct-event-v1	C5	asyncs	dynamic-html-derived-v1	49	1	7a0c6f9459f142fb8c6f9459f1b2fbc1	OW800	1	1	true	single_direct_observation	invoker	true	true		invoker2	openwhisk_invoker	26523	3259498973063ba77dd3c8b482653dc2	1784761173734000000	19795889797434	openwhisk_invoker_jvm_mono	recovery/openwhisk/capture/invokers.filtered.log	778
asyncs-openwhisk-direct-event-v1	C5	asyncs	dynamic-html-derived-v1	153	1	7a1be04a2cce434b9be04a2ccea34b0d	OW120	1	1	true	single_direct_observation	controller	true	true		controller0	openwhisk_controller	1	8c94d19fd6484e325488d3ecfec69694	1784761191229000000	19814384660252	openwhisk_controller_jvm_mono	recovery/openwhisk/capture/controller.filtered.log	305
asyncs-openwhisk-direct-event-v1	C5	asyncs	dynamic-html-derived-v1	153	1	7a1be04a2cce434b9be04a2ccea34b0d	OW150	1	1	true	single_direct_observation	controller	true	true		controller0	openwhisk_controller	1	8c94d19fd6484e325488d3ecfec69694	1784761191229000000	19814384696456	openwhisk_controller_jvm_mono	recovery/openwhisk/capture/controller.filtered.log	306
asyncs-openwhisk-direct-event-v1	C5	asyncs	dynamic-html-derived-v1	153	1	7a1be04a2cce434b9be04a2ccea34b0d	OW260	1	1	true	single_direct_observation	scheduler	true	true		scheduler0	openwhisk_scheduler	1	8c94d19fd6484e325488d3ecfec69694	1784761191232000000	19814387891157	openwhisk_scheduler_jvm_mono	recovery/openwhisk/capture/scheduler.filtered.log	453
asyncs-openwhisk-direct-event-v1	C5	asyncs	dynamic-html-derived-v1	153	1	7a1be04a2cce434b9be04a2ccea34b0d	OW300	1	2	true	latest_ow300_not_after_ow310_tie_first_source_line	scheduler	true	true		scheduler0	openwhisk_scheduler	1	8c94d19fd6484e325488d3ecfec69694	1784761191232000000	19814387996998	openwhisk_scheduler_jvm_mono	recovery/openwhisk/capture/scheduler.filtered.log	454
asyncs-openwhisk-direct-event-v1	C5	asyncs	dynamic-html-derived-v1	153	1	7a1be04a2cce434b9be04a2ccea34b0d	OW300	2	2	false	latest_ow300_not_after_ow310_tie_first_source_line	scheduler	true	true		scheduler0	openwhisk_scheduler	1	8c94d19fd6484e325488d3ecfec69694	1784761191232000000	19814388050729	openwhisk_scheduler_jvm_mono	recovery/openwhisk/capture/scheduler.filtered.log	455
asyncs-openwhisk-direct-event-v1	C5	asyncs	dynamic-html-derived-v1	153	1	7a1be04a2cce434b9be04a2ccea34b0d	OW310	1	1	true	single_direct_observation	invoker	true	true		invoker2	openwhisk_invoker	26523	8c94d19fd6484e325488d3ecfec69694	1784761191239000000	19813394186763	openwhisk_invoker_jvm_mono	recovery/openwhisk/capture/invokers.filtered.log	1070
asyncs-openwhisk-direct-event-v1	C5	asyncs	dynamic-html-derived-v1	153	1	7a1be04a2cce434b9be04a2ccea34b0d	OW800	1	1	true	single_direct_observation	invoker	true	true		invoker2	openwhisk_invoker	26523	8c94d19fd6484e325488d3ecfec69694	1784761191879000000	19814034237696	openwhisk_invoker_jvm_mono	recovery/openwhisk/capture/invokers.filtered.log	1078
asyncs-openwhisk-direct-event-v1	C5	asyncs	dynamic-html-derived-v1	253	1	7cb58e6add164988b58e6add16e988f8	OW120	1	1	true	single_direct_observation	controller	true	true		controller0	openwhisk_controller	1	04cfa006eca6bf89c81a6aba3e686d46	1784761208764000000	19831920345177	openwhisk_controller_jvm_mono	recovery/openwhisk/capture/controller.filtered.log	505
asyncs-openwhisk-direct-event-v1	C5	asyncs	dynamic-html-derived-v1	253	1	7cb58e6add164988b58e6add16e988f8	OW150	1	1	true	single_direct_observation	controller	true	true		controller0	openwhisk_controller	1	04cfa006eca6bf89c81a6aba3e686d46	1784761208764000000	19831920414025	openwhisk_controller_jvm_mono	recovery/openwhisk/capture/controller.filtered.log	506
asyncs-openwhisk-direct-event-v1	C5	asyncs	dynamic-html-derived-v1	253	1	7cb58e6add164988b58e6add16e988f8	OW260	1	1	true	single_direct_observation	scheduler	true	true		scheduler0	openwhisk_scheduler	1	04cfa006eca6bf89c81a6aba3e686d46	1784761208769000000	19831924836884	openwhisk_scheduler_jvm_mono	recovery/openwhisk/capture/scheduler.filtered.log	753
asyncs-openwhisk-direct-event-v1	C5	asyncs	dynamic-html-derived-v1	253	1	7cb58e6add164988b58e6add16e988f8	OW300	1	2	true	latest_ow300_not_after_ow310_tie_first_source_line	scheduler	true	true		scheduler0	openwhisk_scheduler	1	04cfa006eca6bf89c81a6aba3e686d46	1784761208769000000	19831924978364	openwhisk_scheduler_jvm_mono	recovery/openwhisk/capture/scheduler.filtered.log	754
asyncs-openwhisk-direct-event-v1	C5	asyncs	dynamic-html-derived-v1	253	1	7cb58e6add164988b58e6add16e988f8	OW300	2	2	false	latest_ow300_not_after_ow310_tie_first_source_line	scheduler	true	true		scheduler0	openwhisk_scheduler	1	04cfa006eca6bf89c81a6aba3e686d46	1784761208769000000	19831925026981	openwhisk_scheduler_jvm_mono	recovery/openwhisk/capture/scheduler.filtered.log	755
asyncs-openwhisk-direct-event-v1	C5	asyncs	dynamic-html-derived-v1	253	1	7cb58e6add164988b58e6add16e988f8	OW310	1	1	true	single_direct_observation	invoker	true	true		invoker0	openwhisk_invoker	29163	04cfa006eca6bf89c81a6aba3e686d46	1784761208771000000	19831983765756	openwhisk_invoker_jvm_mono	recovery/openwhisk/capture/invokers.filtered.log	552
asyncs-openwhisk-direct-event-v1	C5	asyncs	dynamic-html-derived-v1	253	1	7cb58e6add164988b58e6add16e988f8	OW800	1	1	true	single_direct_observation	invoker	true	true		invoker0	openwhisk_invoker	29163	04cfa006eca6bf89c81a6aba3e686d46	1784761209115000000	19832327904904	openwhisk_invoker_jvm_mono	recovery/openwhisk/capture/invokers.filtered.log	555
asyncs-openwhisk-direct-event-v1	C5	asyncs	dynamic-html-derived-v1	186	1	7d25bd960e9f47f3a5bd960e9fe7f3c7	OW120	1	1	true	single_direct_observation	controller	true	true		controller0	openwhisk_controller	1	116abf07bfedf80febb90227d068aebe	1784761197277000000	19820432906392	openwhisk_controller_jvm_mono	recovery/openwhisk/capture/controller.filtered.log	371
asyncs-openwhisk-direct-event-v1	C5	asyncs	dynamic-html-derived-v1	186	1	7d25bd960e9f47f3a5bd960e9fe7f3c7	OW150	1	1	true	single_direct_observation	controller	true	true		controller0	openwhisk_controller	1	116abf07bfedf80febb90227d068aebe	1784761197277000000	19820432940627	openwhisk_controller_jvm_mono	recovery/openwhisk/capture/controller.filtered.log	372
asyncs-openwhisk-direct-event-v1	C5	asyncs	dynamic-html-derived-v1	186	1	7d25bd960e9f47f3a5bd960e9fe7f3c7	OW260	1	1	true	single_direct_observation	scheduler	true	true		scheduler0	openwhisk_scheduler	1	116abf07bfedf80febb90227d068aebe	1784761197280000000	19820436440737	openwhisk_scheduler_jvm_mono	recovery/openwhisk/capture/scheduler.filtered.log	552
asyncs-openwhisk-direct-event-v1	C5	asyncs	dynamic-html-derived-v1	186	1	7d25bd960e9f47f3a5bd960e9fe7f3c7	OW300	1	2	true	latest_ow300_not_after_ow310_tie_first_source_line	scheduler	true	true		scheduler0	openwhisk_scheduler	1	116abf07bfedf80febb90227d068aebe	1784761197281000000	19820436574500	openwhisk_scheduler_jvm_mono	recovery/openwhisk/capture/scheduler.filtered.log	553
asyncs-openwhisk-direct-event-v1	C5	asyncs	dynamic-html-derived-v1	186	1	7d25bd960e9f47f3a5bd960e9fe7f3c7	OW300	2	2	false	latest_ow300_not_after_ow310_tie_first_source_line	scheduler	true	true		scheduler0	openwhisk_scheduler	1	116abf07bfedf80febb90227d068aebe	1784761197281000000	19820436617153	openwhisk_scheduler_jvm_mono	recovery/openwhisk/capture/scheduler.filtered.log	554
asyncs-openwhisk-direct-event-v1	C5	asyncs	dynamic-html-derived-v1	186	1	7d25bd960e9f47f3a5bd960e9fe7f3c7	OW310	1	1	true	single_direct_observation	invoker	true	true		invoker2	openwhisk_invoker	26523	116abf07bfedf80febb90227d068aebe	1784761197283000000	19819438296152	openwhisk_invoker_jvm_mono	recovery/openwhisk/capture/invokers.filtered.log	1165
asyncs-openwhisk-direct-event-v1	C5	asyncs	dynamic-html-derived-v1	186	1	7d25bd960e9f47f3a5bd960e9fe7f3c7	OW800	1	1	true	single_direct_observation	invoker	true	true		invoker2	openwhisk_invoker	26523	116abf07bfedf80febb90227d068aebe	1784761197678000000	19819833801343	openwhisk_invoker_jvm_mono	recovery/openwhisk/capture/invokers.filtered.log	1173
asyncs-openwhisk-direct-event-v1	C5	asyncs	dynamic-html-derived-v1	194	1	7da43314a1bd4458a43314a1bd6458ae	OW120	1	1	true	single_direct_observation	controller	true	true		controller0	openwhisk_controller	1	3b35db0622e09d84feea6f44d759ddd4	1784761198758000000	19821914053429	openwhisk_controller_jvm_mono	recovery/openwhisk/capture/controller.filtered.log	387
asyncs-openwhisk-direct-event-v1	C5	asyncs	dynamic-html-derived-v1	194	1	7da43314a1bd4458a43314a1bd6458ae	OW150	1	1	true	single_direct_observation	controller	true	true		controller0	openwhisk_controller	1	3b35db0622e09d84feea6f44d759ddd4	1784761198758000000	19821914074477	openwhisk_controller_jvm_mono	recovery/openwhisk/capture/controller.filtered.log	388
asyncs-openwhisk-direct-event-v1	C5	asyncs	dynamic-html-derived-v1	194	1	7da43314a1bd4458a43314a1bd6458ae	OW260	1	1	true	single_direct_observation	scheduler	true	true		scheduler0	openwhisk_scheduler	1	3b35db0622e09d84feea6f44d759ddd4	1784761198765000000	19821920707093	openwhisk_scheduler_jvm_mono	recovery/openwhisk/capture/scheduler.filtered.log	576
asyncs-openwhisk-direct-event-v1	C5	asyncs	dynamic-html-derived-v1	194	1	7da43314a1bd4458a43314a1bd6458ae	OW300	1	2	true	latest_ow300_not_after_ow310_tie_first_source_line	scheduler	true	true		scheduler0	openwhisk_scheduler	1	3b35db0622e09d84feea6f44d759ddd4	1784761198765000000	19821920841323	openwhisk_scheduler_jvm_mono	recovery/openwhisk/capture/scheduler.filtered.log	577
asyncs-openwhisk-direct-event-v1	C5	asyncs	dynamic-html-derived-v1	194	1	7da43314a1bd4458a43314a1bd6458ae	OW300	2	2	false	latest_ow300_not_after_ow310_tie_first_source_line	scheduler	true	true		scheduler0	openwhisk_scheduler	1	3b35db0622e09d84feea6f44d759ddd4	1784761198765000000	19821920888681	openwhisk_scheduler_jvm_mono	recovery/openwhisk/capture/scheduler.filtered.log	578
asyncs-openwhisk-direct-event-v1	C5	asyncs	dynamic-html-derived-v1	194	1	7da43314a1bd4458a43314a1bd6458ae	OW310	1	1	true	single_direct_observation	invoker	true	true		invoker2	openwhisk_invoker	26523	3b35db0622e09d84feea6f44d759ddd4	1784761198767000000	19820922499672	openwhisk_invoker_jvm_mono	recovery/openwhisk/capture/invokers.filtered.log	1190
asyncs-openwhisk-direct-event-v1	C5	asyncs	dynamic-html-derived-v1	194	1	7da43314a1bd4458a43314a1bd6458ae	OW800	1	1	true	single_direct_observation	invoker	true	true		invoker2	openwhisk_invoker	26523	3b35db0622e09d84feea6f44d759ddd4	1784761199279000000	19821434327250	openwhisk_invoker_jvm_mono	recovery/openwhisk/capture/invokers.filtered.log	1198
asyncs-openwhisk-direct-event-v1	C5	asyncs	dynamic-html-derived-v1	34	1	7daf320056404c67af320056403c67e2	OW120	1	1	true	single_direct_observation	controller	true	true		controller0	openwhisk_controller	1	b9dd4dca96118ed7e95b122b859cff5d	1784761170556000000	19793712129306	openwhisk_controller_jvm_mono	recovery/openwhisk/capture/controller.filtered.log	67
asyncs-openwhisk-direct-event-v1	C5	asyncs	dynamic-html-derived-v1	34	1	7daf320056404c67af320056403c67e2	OW150	1	1	true	single_direct_observation	controller	true	true		controller0	openwhisk_controller	1	b9dd4dca96118ed7e95b122b859cff5d	1784761170556000000	19793712181531	openwhisk_controller_jvm_mono	recovery/openwhisk/capture/controller.filtered.log	68
asyncs-openwhisk-direct-event-v1	C5	asyncs	dynamic-html-derived-v1	34	1	7daf320056404c67af320056403c67e2	OW260	1	1	true	single_direct_observation	scheduler	true	true		scheduler0	openwhisk_scheduler	1	b9dd4dca96118ed7e95b122b859cff5d	1784761170560000000	19793716173745	openwhisk_scheduler_jvm_mono	recovery/openwhisk/capture/scheduler.filtered.log	96
asyncs-openwhisk-direct-event-v1	C5	asyncs	dynamic-html-derived-v1	34	1	7daf320056404c67af320056403c67e2	OW300	1	2	true	latest_ow300_not_after_ow310_tie_first_source_line	scheduler	true	true		scheduler0	openwhisk_scheduler	1	b9dd4dca96118ed7e95b122b859cff5d	1784761170560000000	19793716394417	openwhisk_scheduler_jvm_mono	recovery/openwhisk/capture/scheduler.filtered.log	97
asyncs-openwhisk-direct-event-v1	C5	asyncs	dynamic-html-derived-v1	34	1	7daf320056404c67af320056403c67e2	OW300	2	2	false	latest_ow300_not_after_ow310_tie_first_source_line	scheduler	true	true		scheduler0	openwhisk_scheduler	1	b9dd4dca96118ed7e95b122b859cff5d	1784761170560000000	19793716444175	openwhisk_scheduler_jvm_mono	recovery/openwhisk/capture/scheduler.filtered.log	98
asyncs-openwhisk-direct-event-v1	C5	asyncs	dynamic-html-derived-v1	34	1	7daf320056404c67af320056403c67e2	OW310	1	1	true	single_direct_observation	invoker	true	true		invoker0	openwhisk_invoker	29163	b9dd4dca96118ed7e95b122b859cff5d	1784761170563000000	19793775947453	openwhisk_invoker_jvm_mono	recovery/openwhisk/capture/invokers.filtered.log	92
asyncs-openwhisk-direct-event-v1	C5	asyncs	dynamic-html-derived-v1	34	1	7daf320056404c67af320056403c67e2	OW800	1	1	true	single_direct_observation	invoker	true	true		invoker0	openwhisk_invoker	29163	b9dd4dca96118ed7e95b122b859cff5d	1784761170909000000	19794121488641	openwhisk_invoker_jvm_mono	recovery/openwhisk/capture/invokers.filtered.log	95
asyncs-openwhisk-direct-event-v1	C5	asyncs	dynamic-html-derived-v1	112	1	7e475e98c17440cf875e98c17430cfa7	OW120	1	1	true	single_direct_observation	controller	true	true		controller0	openwhisk_controller	1	13ae033592a421c41b1a3bb9b5407b0a	1784761183838000000	19806993886883	openwhisk_controller_jvm_mono	recovery/openwhisk/capture/controller.filtered.log	223
asyncs-openwhisk-direct-event-v1	C5	asyncs	dynamic-html-derived-v1	112	1	7e475e98c17440cf875e98c17430cfa7	OW150	1	1	true	single_direct_observation	controller	true	true		controller0	openwhisk_controller	1	13ae033592a421c41b1a3bb9b5407b0a	1784761183838000000	19806993930355	openwhisk_controller_jvm_mono	recovery/openwhisk/capture/controller.filtered.log	224
asyncs-openwhisk-direct-event-v1	C5	asyncs	dynamic-html-derived-v1	112	1	7e475e98c17440cf875e98c17430cfa7	OW260	1	1	true	single_direct_observation	scheduler	true	true		scheduler0	openwhisk_scheduler	1	13ae033592a421c41b1a3bb9b5407b0a	1784761183844000000	19806999824819	openwhisk_scheduler_jvm_mono	recovery/openwhisk/capture/scheduler.filtered.log	330
asyncs-openwhisk-direct-event-v1	C5	asyncs	dynamic-html-derived-v1	112	1	7e475e98c17440cf875e98c17430cfa7	OW300	1	2	true	latest_ow300_not_after_ow310_tie_first_source_line	scheduler	true	true		scheduler0	openwhisk_scheduler	1	13ae033592a421c41b1a3bb9b5407b0a	1784761183844000000	19806999965023	openwhisk_scheduler_jvm_mono	recovery/openwhisk/capture/scheduler.filtered.log	331
asyncs-openwhisk-direct-event-v1	C5	asyncs	dynamic-html-derived-v1	112	1	7e475e98c17440cf875e98c17430cfa7	OW300	2	2	false	latest_ow300_not_after_ow310_tie_first_source_line	scheduler	true	true		scheduler0	openwhisk_scheduler	1	13ae033592a421c41b1a3bb9b5407b0a	1784761183844000000	19806999992100	openwhisk_scheduler_jvm_mono	recovery/openwhisk/capture/scheduler.filtered.log	332
asyncs-openwhisk-direct-event-v1	C5	asyncs	dynamic-html-derived-v1	112	1	7e475e98c17440cf875e98c17430cfa7	OW310	1	1	true	single_direct_observation	invoker	true	true		invoker2	openwhisk_invoker	26523	13ae033592a421c41b1a3bb9b5407b0a	1784761183846000000	19806001669265	openwhisk_invoker_jvm_mono	recovery/openwhisk/capture/invokers.filtered.log	953
asyncs-openwhisk-direct-event-v1	C5	asyncs	dynamic-html-derived-v1	112	1	7e475e98c17440cf875e98c17430cfa7	OW800	1	1	true	single_direct_observation	invoker	true	true		invoker2	openwhisk_invoker	26523	13ae033592a421c41b1a3bb9b5407b0a	1784761184370000000	19806525488325	openwhisk_invoker_jvm_mono	recovery/openwhisk/capture/invokers.filtered.log	958
asyncs-openwhisk-direct-event-v1	C5	asyncs	dynamic-html-derived-v1	241	1	7e51171dee4145c291171dee4145c209	OW120	1	1	true	single_direct_observation	controller	true	true		controller0	openwhisk_controller	1	03a7760bf9ca1e018f987856fe982b96	1784761206734000000	19829889593964	openwhisk_controller_jvm_mono	recovery/openwhisk/capture/controller.filtered.log	481
asyncs-openwhisk-direct-event-v1	C5	asyncs	dynamic-html-derived-v1	241	1	7e51171dee4145c291171dee4145c209	OW150	1	1	true	single_direct_observation	controller	true	true		controller0	openwhisk_controller	1	03a7760bf9ca1e018f987856fe982b96	1784761206734000000	19829889624528	openwhisk_controller_jvm_mono	recovery/openwhisk/capture/controller.filtered.log	482
asyncs-openwhisk-direct-event-v1	C5	asyncs	dynamic-html-derived-v1	241	1	7e51171dee4145c291171dee4145c209	OW260	1	1	true	single_direct_observation	scheduler	true	true		scheduler0	openwhisk_scheduler	1	03a7760bf9ca1e018f987856fe982b96	1784761206737000000	19829893010328	openwhisk_scheduler_jvm_mono	recovery/openwhisk/capture/scheduler.filtered.log	717
asyncs-openwhisk-direct-event-v1	C5	asyncs	dynamic-html-derived-v1	241	1	7e51171dee4145c291171dee4145c209	OW300	1	2	true	latest_ow300_not_after_ow310_tie_first_source_line	scheduler	true	true		scheduler0	openwhisk_scheduler	1	03a7760bf9ca1e018f987856fe982b96	1784761206737000000	19829893140719	openwhisk_scheduler_jvm_mono	recovery/openwhisk/capture/scheduler.filtered.log	718
asyncs-openwhisk-direct-event-v1	C5	asyncs	dynamic-html-derived-v1	241	1	7e51171dee4145c291171dee4145c209	OW300	2	2	false	latest_ow300_not_after_ow310_tie_first_source_line	scheduler	true	true		scheduler0	openwhisk_scheduler	1	03a7760bf9ca1e018f987856fe982b96	1784761206737000000	19829893166270	openwhisk_scheduler_jvm_mono	recovery/openwhisk/capture/scheduler.filtered.log	719
asyncs-openwhisk-direct-event-v1	C5	asyncs	dynamic-html-derived-v1	241	1	7e51171dee4145c291171dee4145c209	OW310	1	1	true	single_direct_observation	invoker	true	true		invoker0	openwhisk_invoker	29163	03a7760bf9ca1e018f987856fe982b96	1784761206740000000	19829952329884	openwhisk_invoker_jvm_mono	recovery/openwhisk/capture/invokers.filtered.log	527
asyncs-openwhisk-direct-event-v1	C5	asyncs	dynamic-html-derived-v1	241	1	7e51171dee4145c291171dee4145c209	OW800	1	1	true	single_direct_observation	invoker	true	true		invoker0	openwhisk_invoker	29163	03a7760bf9ca1e018f987856fe982b96	1784761207084000000	19830296884070	openwhisk_invoker_jvm_mono	recovery/openwhisk/capture/invokers.filtered.log	530
asyncs-openwhisk-direct-event-v1	C5	asyncs	dynamic-html-derived-v1	58	1	7e70c54680024665b0c5468002066524	OW120	1	1	true	single_direct_observation	controller	true	true		controller0	openwhisk_controller	1	5c910a48d4d0a94c310d1686efdbfd19	1784761174581000000	19797737134686	openwhisk_controller_jvm_mono	recovery/openwhisk/capture/controller.filtered.log	115
asyncs-openwhisk-direct-event-v1	C5	asyncs	dynamic-html-derived-v1	58	1	7e70c54680024665b0c5468002066524	OW150	1	1	true	single_direct_observation	controller	true	true		controller0	openwhisk_controller	1	5c910a48d4d0a94c310d1686efdbfd19	1784761174581000000	19797737183774	openwhisk_controller_jvm_mono	recovery/openwhisk/capture/controller.filtered.log	116
asyncs-openwhisk-direct-event-v1	C5	asyncs	dynamic-html-derived-v1	58	1	7e70c54680024665b0c5468002066524	OW260	1	1	true	single_direct_observation	scheduler	true	true		scheduler0	openwhisk_scheduler	1	5c910a48d4d0a94c310d1686efdbfd19	1784761174586000000	19797741533482	openwhisk_scheduler_jvm_mono	recovery/openwhisk/capture/scheduler.filtered.log	168
asyncs-openwhisk-direct-event-v1	C5	asyncs	dynamic-html-derived-v1	58	1	7e70c54680024665b0c5468002066524	OW300	1	2	true	latest_ow300_not_after_ow310_tie_first_source_line	scheduler	true	true		scheduler0	openwhisk_scheduler	1	5c910a48d4d0a94c310d1686efdbfd19	1784761174586000000	19797741676192	openwhisk_scheduler_jvm_mono	recovery/openwhisk/capture/scheduler.filtered.log	169
asyncs-openwhisk-direct-event-v1	C5	asyncs	dynamic-html-derived-v1	58	1	7e70c54680024665b0c5468002066524	OW300	2	2	false	latest_ow300_not_after_ow310_tie_first_source_line	scheduler	true	true		scheduler0	openwhisk_scheduler	1	5c910a48d4d0a94c310d1686efdbfd19	1784761174586000000	19797741713005	openwhisk_scheduler_jvm_mono	recovery/openwhisk/capture/scheduler.filtered.log	170
asyncs-openwhisk-direct-event-v1	C5	asyncs	dynamic-html-derived-v1	58	1	7e70c54680024665b0c5468002066524	OW310	1	1	true	single_direct_observation	invoker	true	true		invoker2	openwhisk_invoker	26523	5c910a48d4d0a94c310d1686efdbfd19	1784761174589000000	19796744069430	openwhisk_invoker_jvm_mono	recovery/openwhisk/capture/invokers.filtered.log	795
asyncs-openwhisk-direct-event-v1	C5	asyncs	dynamic-html-derived-v1	58	1	7e70c54680024665b0c5468002066524	OW800	1	1	true	single_direct_observation	invoker	true	true		invoker2	openwhisk_invoker	26523	5c910a48d4d0a94c310d1686efdbfd19	1784761175100000000	19797255311725	openwhisk_invoker_jvm_mono	recovery/openwhisk/capture/invokers.filtered.log	803
asyncs-openwhisk-direct-event-v1	C5	asyncs	dynamic-html-derived-v1	71	1	7fda16db87f544519a16db87f5445129	OW120	1	1	true	single_direct_observation	controller	true	true		controller0	openwhisk_controller	1	8683ec35ccae4cbe2733722390c68068	1784761176852000000	19800008359349	openwhisk_controller_jvm_mono	recovery/openwhisk/capture/controller.filtered.log	141
asyncs-openwhisk-direct-event-v1	C5	asyncs	dynamic-html-derived-v1	71	1	7fda16db87f544519a16db87f5445129	OW150	1	1	true	single_direct_observation	controller	true	true		controller0	openwhisk_controller	1	8683ec35ccae4cbe2733722390c68068	1784761176852000000	19800008399874	openwhisk_controller_jvm_mono	recovery/openwhisk/capture/controller.filtered.log	142
asyncs-openwhisk-direct-event-v1	C5	asyncs	dynamic-html-derived-v1	71	1	7fda16db87f544519a16db87f5445129	OW260	1	1	true	single_direct_observation	scheduler	true	true		scheduler0	openwhisk_scheduler	1	8683ec35ccae4cbe2733722390c68068	1784761176869000000	19800024672670	openwhisk_scheduler_jvm_mono	recovery/openwhisk/capture/scheduler.filtered.log	207
asyncs-openwhisk-direct-event-v1	C5	asyncs	dynamic-html-derived-v1	71	1	7fda16db87f544519a16db87f5445129	OW300	1	2	true	latest_ow300_not_after_ow310_tie_first_source_line	scheduler	true	true		scheduler0	openwhisk_scheduler	1	8683ec35ccae4cbe2733722390c68068	1784761176870000000	19800025550043	openwhisk_scheduler_jvm_mono	recovery/openwhisk/capture/scheduler.filtered.log	208
asyncs-openwhisk-direct-event-v1	C5	asyncs	dynamic-html-derived-v1	71	1	7fda16db87f544519a16db87f5445129	OW300	2	2	false	latest_ow300_not_after_ow310_tie_first_source_line	scheduler	true	true		scheduler0	openwhisk_scheduler	1	8683ec35ccae4cbe2733722390c68068	1784761176870000000	19800025607343	openwhisk_scheduler_jvm_mono	recovery/openwhisk/capture/scheduler.filtered.log	209
asyncs-openwhisk-direct-event-v1	C5	asyncs	dynamic-html-derived-v1	71	1	7fda16db87f544519a16db87f5445129	OW310	1	1	true	single_direct_observation	invoker	true	true		invoker0	openwhisk_invoker	29163	8683ec35ccae4cbe2733722390c68068	1784761176872000000	19800084618215	openwhisk_invoker_jvm_mono	recovery/openwhisk/capture/invokers.filtered.log	172
asyncs-openwhisk-direct-event-v1	C5	asyncs	dynamic-html-derived-v1	71	1	7fda16db87f544519a16db87f5445129	OW800	1	1	true	single_direct_observation	invoker	true	true		invoker0	openwhisk_invoker	29163	8683ec35ccae4cbe2733722390c68068	1784761177217000000	19800430115621	openwhisk_invoker_jvm_mono	recovery/openwhisk/capture/invokers.filtered.log	175
asyncs-openwhisk-direct-event-v1	C5	asyncs	dynamic-html-derived-v1	24	1	804b989e7d464c148b989e7d468c1487	OW120	1	1	true	single_direct_observation	controller	true	true		controller0	openwhisk_controller	1	98a93016f5df5901853346358d0c88ac	1784761169014000000	19792169515314	openwhisk_controller_jvm_mono	recovery/openwhisk/capture/controller.filtered.log	47
asyncs-openwhisk-direct-event-v1	C5	asyncs	dynamic-html-derived-v1	24	1	804b989e7d464c148b989e7d468c1487	OW150	1	1	true	single_direct_observation	controller	true	true		controller0	openwhisk_controller	1	98a93016f5df5901853346358d0c88ac	1784761169014000000	19792169568652	openwhisk_controller_jvm_mono	recovery/openwhisk/capture/controller.filtered.log	48
asyncs-openwhisk-direct-event-v1	C5	asyncs	dynamic-html-derived-v1	24	1	804b989e7d464c148b989e7d468c1487	OW260	1	1	true	single_direct_observation	scheduler	true	true		scheduler0	openwhisk_scheduler	1	98a93016f5df5901853346358d0c88ac	1784761169018000000	19792173600408	openwhisk_scheduler_jvm_mono	recovery/openwhisk/capture/scheduler.filtered.log	66
asyncs-openwhisk-direct-event-v1	C5	asyncs	dynamic-html-derived-v1	24	1	804b989e7d464c148b989e7d468c1487	OW300	1	2	true	latest_ow300_not_after_ow310_tie_first_source_line	scheduler	true	true		scheduler0	openwhisk_scheduler	1	98a93016f5df5901853346358d0c88ac	1784761169018000000	19792173786153	openwhisk_scheduler_jvm_mono	recovery/openwhisk/capture/scheduler.filtered.log	67
asyncs-openwhisk-direct-event-v1	C5	asyncs	dynamic-html-derived-v1	24	1	804b989e7d464c148b989e7d468c1487	OW300	2	2	false	latest_ow300_not_after_ow310_tie_first_source_line	scheduler	true	true		scheduler0	openwhisk_scheduler	1	98a93016f5df5901853346358d0c88ac	1784761169018000000	19792173836586	openwhisk_scheduler_jvm_mono	recovery/openwhisk/capture/scheduler.filtered.log	68
asyncs-openwhisk-direct-event-v1	C5	asyncs	dynamic-html-derived-v1	24	1	804b989e7d464c148b989e7d468c1487	OW310	1	1	true	single_direct_observation	invoker	true	true		invoker0	openwhisk_invoker	29163	98a93016f5df5901853346358d0c88ac	1784761169021000000	19792233462083	openwhisk_invoker_jvm_mono	recovery/openwhisk/capture/invokers.filtered.log	72
asyncs-openwhisk-direct-event-v1	C5	asyncs	dynamic-html-derived-v1	24	1	804b989e7d464c148b989e7d468c1487	OW800	1	1	true	single_direct_observation	invoker	true	true		invoker0	openwhisk_invoker	29163	98a93016f5df5901853346358d0c88ac	1784761169364000000	19792576645753	openwhisk_invoker_jvm_mono	recovery/openwhisk/capture/invokers.filtered.log	75
asyncs-openwhisk-direct-event-v1	C5	asyncs	dynamic-html-derived-v1	4	1	80a9ce93018644d1a9ce93018624d114	OW120	1	1	true	single_direct_observation	controller	true	true		controller0	openwhisk_controller	1	1fb223cc3709c761d4c615fb5c9138e9	1784761163260000000	19786415998578	openwhisk_controller_jvm_mono	recovery/openwhisk/capture/controller.filtered.log	7
asyncs-openwhisk-direct-event-v1	C5	asyncs	dynamic-html-derived-v1	4	1	80a9ce93018644d1a9ce93018624d114	OW150	1	1	true	single_direct_observation	controller	true	true		controller0	openwhisk_controller	1	1fb223cc3709c761d4c615fb5c9138e9	1784761163260000000	19786416068841	openwhisk_controller_jvm_mono	recovery/openwhisk/capture/controller.filtered.log	8
asyncs-openwhisk-direct-event-v1	C5	asyncs	dynamic-html-derived-v1	4	1	80a9ce93018644d1a9ce93018624d114	OW260	1	1	true	single_direct_observation	scheduler	true	true		scheduler0	openwhisk_scheduler	1	1fb223cc3709c761d4c615fb5c9138e9	1784761163264000000	19786420326867	openwhisk_scheduler_jvm_mono	recovery/openwhisk/capture/scheduler.filtered.log	6
asyncs-openwhisk-direct-event-v1	C5	asyncs	dynamic-html-derived-v1	4	1	80a9ce93018644d1a9ce93018624d114	OW300	1	1	true	single_direct_observation	scheduler	true	true		scheduler0	openwhisk_scheduler	1	1fb223cc3709c761d4c615fb5c9138e9	1784761163627000000	19786782605990	openwhisk_scheduler_jvm_mono	recovery/openwhisk/capture/scheduler.filtered.log	8
asyncs-openwhisk-direct-event-v1	C5	asyncs	dynamic-html-derived-v1	4	1	80a9ce93018644d1a9ce93018624d114	OW310	1	1	true	single_direct_observation	invoker	true	true		invoker0	openwhisk_invoker	29163	1fb223cc3709c761d4c615fb5c9138e9	1784761163631000000	19786844215645	openwhisk_invoker_jvm_mono	recovery/openwhisk/capture/invokers.filtered.log	12
asyncs-openwhisk-direct-event-v1	C5	asyncs	dynamic-html-derived-v1	4	1	80a9ce93018644d1a9ce93018624d114	OW800	1	1	true	single_direct_observation	invoker	true	true		invoker0	openwhisk_invoker	29163	1fb223cc3709c761d4c615fb5c9138e9	1784761163982000000	19787194587877	openwhisk_invoker_jvm_mono	recovery/openwhisk/capture/invokers.filtered.log	15
asyncs-openwhisk-direct-event-v1	C5	asyncs	dynamic-html-derived-v1	141	1	81b310302a284871b310302a28287108	OW120	1	1	true	single_direct_observation	controller	true	true		controller0	openwhisk_controller	1	1a1303dc237c38a38ab5b0ac710930bd	1784761188956000000	19812112432568	openwhisk_controller_jvm_mono	recovery/openwhisk/capture/controller.filtered.log	281
asyncs-openwhisk-direct-event-v1	C5	asyncs	dynamic-html-derived-v1	141	1	81b310302a284871b310302a28287108	OW150	1	1	true	single_direct_observation	controller	true	true		controller0	openwhisk_controller	1	1a1303dc237c38a38ab5b0ac710930bd	1784761188957000000	19812112473355	openwhisk_controller_jvm_mono	recovery/openwhisk/capture/controller.filtered.log	282
asyncs-openwhisk-direct-event-v1	C5	asyncs	dynamic-html-derived-v1	141	1	81b310302a284871b310302a28287108	OW260	1	1	true	single_direct_observation	scheduler	true	true		scheduler0	openwhisk_scheduler	1	1a1303dc237c38a38ab5b0ac710930bd	1784761188960000000	19812115937476	openwhisk_scheduler_jvm_mono	recovery/openwhisk/capture/scheduler.filtered.log	417
asyncs-openwhisk-direct-event-v1	C5	asyncs	dynamic-html-derived-v1	141	1	81b310302a284871b310302a28287108	OW300	1	2	true	latest_ow300_not_after_ow310_tie_first_source_line	scheduler	true	true		scheduler0	openwhisk_scheduler	1	1a1303dc237c38a38ab5b0ac710930bd	1784761188960000000	19812116101336	openwhisk_scheduler_jvm_mono	recovery/openwhisk/capture/scheduler.filtered.log	418
asyncs-openwhisk-direct-event-v1	C5	asyncs	dynamic-html-derived-v1	141	1	81b310302a284871b310302a28287108	OW300	2	2	false	latest_ow300_not_after_ow310_tie_first_source_line	scheduler	true	true		scheduler0	openwhisk_scheduler	1	1a1303dc237c38a38ab5b0ac710930bd	1784761188960000000	19812116160142	openwhisk_scheduler_jvm_mono	recovery/openwhisk/capture/scheduler.filtered.log	419
asyncs-openwhisk-direct-event-v1	C5	asyncs	dynamic-html-derived-v1	141	1	81b310302a284871b310302a28287108	OW310	1	1	true	single_direct_observation	invoker	true	true		invoker0	openwhisk_invoker	29163	1a1303dc237c38a38ab5b0ac710930bd	1784761188962000000	19812174877595	openwhisk_invoker_jvm_mono	recovery/openwhisk/capture/invokers.filtered.log	317
asyncs-openwhisk-direct-event-v1	C5	asyncs	dynamic-html-derived-v1	141	1	81b310302a284871b310302a28287108	OW800	1	1	true	single_direct_observation	invoker	true	true		invoker0	openwhisk_invoker	29163	1a1303dc237c38a38ab5b0ac710930bd	1784761189305000000	19812517656654	openwhisk_invoker_jvm_mono	recovery/openwhisk/capture/invokers.filtered.log	320
asyncs-openwhisk-direct-event-v1	C5	asyncs	dynamic-html-derived-v1	147	1	82173b00c69149ae973b00c69199ae30	OW120	1	1	true	single_direct_observation	controller	true	true		controller0	openwhisk_controller	1	23bff3e8e6ae2d216829b95b48cfd973	1784761190029000000	19813184731789	openwhisk_controller_jvm_mono	recovery/openwhisk/capture/controller.filtered.log	293
asyncs-openwhisk-direct-event-v1	C5	asyncs	dynamic-html-derived-v1	147	1	82173b00c69149ae973b00c69199ae30	OW150	1	1	true	single_direct_observation	controller	true	true		controller0	openwhisk_controller	1	23bff3e8e6ae2d216829b95b48cfd973	1784761190029000000	19813184816786	openwhisk_controller_jvm_mono	recovery/openwhisk/capture/controller.filtered.log	294
asyncs-openwhisk-direct-event-v1	C5	asyncs	dynamic-html-derived-v1	147	1	82173b00c69149ae973b00c69199ae30	OW260	1	1	true	single_direct_observation	scheduler	true	true		scheduler0	openwhisk_scheduler	1	23bff3e8e6ae2d216829b95b48cfd973	1784761190035000000	19813191198734	openwhisk_scheduler_jvm_mono	recovery/openwhisk/capture/scheduler.filtered.log	435
asyncs-openwhisk-direct-event-v1	C5	asyncs	dynamic-html-derived-v1	147	1	82173b00c69149ae973b00c69199ae30	OW300	1	2	true	latest_ow300_not_after_ow310_tie_first_source_line	scheduler	true	true		scheduler0	openwhisk_scheduler	1	23bff3e8e6ae2d216829b95b48cfd973	1784761190036000000	19813191787881	openwhisk_scheduler_jvm_mono	recovery/openwhisk/capture/scheduler.filtered.log	436
asyncs-openwhisk-direct-event-v1	C5	asyncs	dynamic-html-derived-v1	147	1	82173b00c69149ae973b00c69199ae30	OW300	2	2	false	latest_ow300_not_after_ow310_tie_first_source_line	scheduler	true	true		scheduler0	openwhisk_scheduler	1	23bff3e8e6ae2d216829b95b48cfd973	1784761190036000000	19813191853617	openwhisk_scheduler_jvm_mono	recovery/openwhisk/capture/scheduler.filtered.log	437
asyncs-openwhisk-direct-event-v1	C5	asyncs	dynamic-html-derived-v1	147	1	82173b00c69149ae973b00c69199ae30	OW310	1	1	true	single_direct_observation	invoker	true	true		invoker2	openwhisk_invoker	26523	23bff3e8e6ae2d216829b95b48cfd973	1784761190040000000	19812194987767	openwhisk_invoker_jvm_mono	recovery/openwhisk/capture/invokers.filtered.log	1055
asyncs-openwhisk-direct-event-v1	C5	asyncs	dynamic-html-derived-v1	147	1	82173b00c69149ae973b00c69199ae30	OW800	1	1	true	single_direct_observation	invoker	true	true		invoker2	openwhisk_invoker	26523	23bff3e8e6ae2d216829b95b48cfd973	1784761190667000000	19812822811042	openwhisk_invoker_jvm_mono	recovery/openwhisk/capture/invokers.filtered.log	1061
asyncs-openwhisk-direct-event-v1	C5	asyncs	dynamic-html-derived-v1	195	1	842cc9db753249d8acc9db753229d8d6	OW120	1	1	true	single_direct_observation	controller	true	true		controller0	openwhisk_controller	1	e14a8cd5624908df5e19808dfe17156c	1784761198885000000	19822041380631	openwhisk_controller_jvm_mono	recovery/openwhisk/capture/controller.filtered.log	389
asyncs-openwhisk-direct-event-v1	C5	asyncs	dynamic-html-derived-v1	195	1	842cc9db753249d8acc9db753229d8d6	OW150	1	1	true	single_direct_observation	controller	true	true		controller0	openwhisk_controller	1	e14a8cd5624908df5e19808dfe17156c	1784761198885000000	19822041412937	openwhisk_controller_jvm_mono	recovery/openwhisk/capture/controller.filtered.log	390
asyncs-openwhisk-direct-event-v1	C5	asyncs	dynamic-html-derived-v1	195	1	842cc9db753249d8acc9db753229d8d6	OW260	1	1	true	single_direct_observation	scheduler	true	true		scheduler0	openwhisk_scheduler	1	e14a8cd5624908df5e19808dfe17156c	1784761198892000000	19822048153874	openwhisk_scheduler_jvm_mono	recovery/openwhisk/capture/scheduler.filtered.log	579
asyncs-openwhisk-direct-event-v1	C5	asyncs	dynamic-html-derived-v1	195	1	842cc9db753249d8acc9db753229d8d6	OW300	1	2	true	latest_ow300_not_after_ow310_tie_first_source_line	scheduler	true	true		scheduler0	openwhisk_scheduler	1	e14a8cd5624908df5e19808dfe17156c	1784761198892000000	19822048307407	openwhisk_scheduler_jvm_mono	recovery/openwhisk/capture/scheduler.filtered.log	580
asyncs-openwhisk-direct-event-v1	C5	asyncs	dynamic-html-derived-v1	195	1	842cc9db753249d8acc9db753229d8d6	OW300	2	2	false	latest_ow300_not_after_ow310_tie_first_source_line	scheduler	true	true		scheduler0	openwhisk_scheduler	1	e14a8cd5624908df5e19808dfe17156c	1784761198892000000	19822048343541	openwhisk_scheduler_jvm_mono	recovery/openwhisk/capture/scheduler.filtered.log	581
asyncs-openwhisk-direct-event-v1	C5	asyncs	dynamic-html-derived-v1	195	1	842cc9db753249d8acc9db753229d8d6	OW310	1	1	true	single_direct_observation	invoker	true	true		invoker2	openwhisk_invoker	26523	e14a8cd5624908df5e19808dfe17156c	1784761198894000000	19821049767847	openwhisk_invoker_jvm_mono	recovery/openwhisk/capture/invokers.filtered.log	1195
asyncs-openwhisk-direct-event-v1	C5	asyncs	dynamic-html-derived-v1	195	1	842cc9db753249d8acc9db753229d8d6	OW800	1	1	true	single_direct_observation	invoker	true	true		invoker2	openwhisk_invoker	26523	e14a8cd5624908df5e19808dfe17156c	1784761199400000000	19821555829441	openwhisk_invoker_jvm_mono	recovery/openwhisk/capture/invokers.filtered.log	1203
asyncs-openwhisk-direct-event-v1	C5	asyncs	dynamic-html-derived-v1	245	1	84bc5f30f2bc43fcbc5f30f2bc33fc69	OW120	1	1	true	single_direct_observation	controller	true	true		controller0	openwhisk_controller	1	bb663bdf5fd2be0e195b3ae0009c3806	1784761207420000000	19830576337973	openwhisk_controller_jvm_mono	recovery/openwhisk/capture/controller.filtered.log	489
asyncs-openwhisk-direct-event-v1	C5	asyncs	dynamic-html-derived-v1	245	1	84bc5f30f2bc43fcbc5f30f2bc33fc69	OW150	1	1	true	single_direct_observation	controller	true	true		controller0	openwhisk_controller	1	bb663bdf5fd2be0e195b3ae0009c3806	1784761207420000000	19830576365439	openwhisk_controller_jvm_mono	recovery/openwhisk/capture/controller.filtered.log	490
asyncs-openwhisk-direct-event-v1	C5	asyncs	dynamic-html-derived-v1	245	1	84bc5f30f2bc43fcbc5f30f2bc33fc69	OW260	1	1	true	single_direct_observation	scheduler	true	true		scheduler0	openwhisk_scheduler	1	bb663bdf5fd2be0e195b3ae0009c3806	1784761207425000000	19830580807456	openwhisk_scheduler_jvm_mono	recovery/openwhisk/capture/scheduler.filtered.log	729
asyncs-openwhisk-direct-event-v1	C5	asyncs	dynamic-html-derived-v1	245	1	84bc5f30f2bc43fcbc5f30f2bc33fc69	OW300	1	2	true	latest_ow300_not_after_ow310_tie_first_source_line	scheduler	true	true		scheduler0	openwhisk_scheduler	1	bb663bdf5fd2be0e195b3ae0009c3806	1784761207425000000	19830580935178	openwhisk_scheduler_jvm_mono	recovery/openwhisk/capture/scheduler.filtered.log	730
asyncs-openwhisk-direct-event-v1	C5	asyncs	dynamic-html-derived-v1	245	1	84bc5f30f2bc43fcbc5f30f2bc33fc69	OW300	2	2	false	latest_ow300_not_after_ow310_tie_first_source_line	scheduler	true	true		scheduler0	openwhisk_scheduler	1	bb663bdf5fd2be0e195b3ae0009c3806	1784761207425000000	19830580956420	openwhisk_scheduler_jvm_mono	recovery/openwhisk/capture/scheduler.filtered.log	731
asyncs-openwhisk-direct-event-v1	C5	asyncs	dynamic-html-derived-v1	245	1	84bc5f30f2bc43fcbc5f30f2bc33fc69	OW310	1	1	true	single_direct_observation	invoker	true	true		invoker2	openwhisk_invoker	26523	bb663bdf5fd2be0e195b3ae0009c3806	1784761207427000000	19829582593883	openwhisk_invoker_jvm_mono	recovery/openwhisk/capture/invokers.filtered.log	1340
asyncs-openwhisk-direct-event-v1	C5	asyncs	dynamic-html-derived-v1	245	1	84bc5f30f2bc43fcbc5f30f2bc33fc69	OW800	1	1	true	single_direct_observation	invoker	true	true		invoker2	openwhisk_invoker	26523	bb663bdf5fd2be0e195b3ae0009c3806	1784761207940000000	19830095339754	openwhisk_invoker_jvm_mono	recovery/openwhisk/capture/invokers.filtered.log	1348
asyncs-openwhisk-direct-event-v1	C5	asyncs	dynamic-html-derived-v1	231	1	860725cd18c3438e8725cd18c3438ee3	OW120	1	1	true	single_direct_observation	controller	true	true		controller0	openwhisk_controller	1	d3f1a78ef2ce9cb851e2787ab930ff5e	1784761205031000000	19828187430453	openwhisk_controller_jvm_mono	recovery/openwhisk/capture/controller.filtered.log	461
asyncs-openwhisk-direct-event-v1	C5	asyncs	dynamic-html-derived-v1	231	1	860725cd18c3438e8725cd18c3438ee3	OW150	1	1	true	single_direct_observation	controller	true	true		controller0	openwhisk_controller	1	d3f1a78ef2ce9cb851e2787ab930ff5e	1784761205031000000	19828187450406	openwhisk_controller_jvm_mono	recovery/openwhisk/capture/controller.filtered.log	462
asyncs-openwhisk-direct-event-v1	C5	asyncs	dynamic-html-derived-v1	231	1	860725cd18c3438e8725cd18c3438ee3	OW260	1	1	true	single_direct_observation	scheduler	true	true		scheduler0	openwhisk_scheduler	1	d3f1a78ef2ce9cb851e2787ab930ff5e	1784761205034000000	19828190381787	openwhisk_scheduler_jvm_mono	recovery/openwhisk/capture/scheduler.filtered.log	687
asyncs-openwhisk-direct-event-v1	C5	asyncs	dynamic-html-derived-v1	231	1	860725cd18c3438e8725cd18c3438ee3	OW300	1	2	true	latest_ow300_not_after_ow310_tie_first_source_line	scheduler	true	true		scheduler0	openwhisk_scheduler	1	d3f1a78ef2ce9cb851e2787ab930ff5e	1784761205035000000	19828190831720	openwhisk_scheduler_jvm_mono	recovery/openwhisk/capture/scheduler.filtered.log	688
asyncs-openwhisk-direct-event-v1	C5	asyncs	dynamic-html-derived-v1	231	1	860725cd18c3438e8725cd18c3438ee3	OW300	2	2	false	latest_ow300_not_after_ow310_tie_first_source_line	scheduler	true	true		scheduler0	openwhisk_scheduler	1	d3f1a78ef2ce9cb851e2787ab930ff5e	1784761205035000000	19828190914733	openwhisk_scheduler_jvm_mono	recovery/openwhisk/capture/scheduler.filtered.log	689
asyncs-openwhisk-direct-event-v1	C5	asyncs	dynamic-html-derived-v1	231	1	860725cd18c3438e8725cd18c3438ee3	OW310	1	1	true	single_direct_observation	invoker	true	true		invoker0	openwhisk_invoker	29163	d3f1a78ef2ce9cb851e2787ab930ff5e	1784761205037000000	19828249710410	openwhisk_invoker_jvm_mono	recovery/openwhisk/capture/invokers.filtered.log	507
asyncs-openwhisk-direct-event-v1	C5	asyncs	dynamic-html-derived-v1	231	1	860725cd18c3438e8725cd18c3438ee3	OW800	1	1	true	single_direct_observation	invoker	true	true		invoker0	openwhisk_invoker	29163	d3f1a78ef2ce9cb851e2787ab930ff5e	1784761205378000000	19828590930692	openwhisk_invoker_jvm_mono	recovery/openwhisk/capture/invokers.filtered.log	510
asyncs-openwhisk-direct-event-v1	C5	asyncs	dynamic-html-derived-v1	52	1	86cf984070e14d0e8f984070e1ad0e92	OW120	1	1	true	single_direct_observation	controller	true	true		controller0	openwhisk_controller	1	a055487cdcfa93055ad4bd0441645063	1784761173735000000	19796890694357	openwhisk_controller_jvm_mono	recovery/openwhisk/capture/controller.filtered.log	103
asyncs-openwhisk-direct-event-v1	C5	asyncs	dynamic-html-derived-v1	52	1	86cf984070e14d0e8f984070e1ad0e92	OW150	1	1	true	single_direct_observation	controller	true	true		controller0	openwhisk_controller	1	a055487cdcfa93055ad4bd0441645063	1784761173735000000	19796890725580	openwhisk_controller_jvm_mono	recovery/openwhisk/capture/controller.filtered.log	104
asyncs-openwhisk-direct-event-v1	C5	asyncs	dynamic-html-derived-v1	52	1	86cf984070e14d0e8f984070e1ad0e92	OW260	1	1	true	single_direct_observation	scheduler	true	true		scheduler0	openwhisk_scheduler	1	a055487cdcfa93055ad4bd0441645063	1784761173739000000	19796894733854	openwhisk_scheduler_jvm_mono	recovery/openwhisk/capture/scheduler.filtered.log	150
asyncs-openwhisk-direct-event-v1	C5	asyncs	dynamic-html-derived-v1	52	1	86cf984070e14d0e8f984070e1ad0e92	OW300	1	2	true	latest_ow300_not_after_ow310_tie_first_source_line	scheduler	true	true		scheduler0	openwhisk_scheduler	1	a055487cdcfa93055ad4bd0441645063	1784761173739000000	19796894877110	openwhisk_scheduler_jvm_mono	recovery/openwhisk/capture/scheduler.filtered.log	151
asyncs-openwhisk-direct-event-v1	C5	asyncs	dynamic-html-derived-v1	52	1	86cf984070e14d0e8f984070e1ad0e92	OW300	2	2	false	latest_ow300_not_after_ow310_tie_first_source_line	scheduler	true	true		scheduler0	openwhisk_scheduler	1	a055487cdcfa93055ad4bd0441645063	1784761173739000000	19796894929207	openwhisk_scheduler_jvm_mono	recovery/openwhisk/capture/scheduler.filtered.log	152
asyncs-openwhisk-direct-event-v1	C5	asyncs	dynamic-html-derived-v1	52	1	86cf984070e14d0e8f984070e1ad0e92	OW310	1	1	true	single_direct_observation	invoker	true	true		invoker0	openwhisk_invoker	29163	a055487cdcfa93055ad4bd0441645063	1784761173743000000	19796956153574	openwhisk_invoker_jvm_mono	recovery/openwhisk/capture/invokers.filtered.log	132
asyncs-openwhisk-direct-event-v1	C5	asyncs	dynamic-html-derived-v1	52	1	86cf984070e14d0e8f984070e1ad0e92	OW800	1	1	true	single_direct_observation	invoker	true	true		invoker0	openwhisk_invoker	29163	a055487cdcfa93055ad4bd0441645063	1784761174092000000	19797304994973	openwhisk_invoker_jvm_mono	recovery/openwhisk/capture/invokers.filtered.log	135
asyncs-openwhisk-direct-event-v1	C5	asyncs	dynamic-html-derived-v1	84	1	86d5857c370f4e5195857c370fee51bb	OW120	1	1	true	single_direct_observation	controller	true	true		controller0	openwhisk_controller	1	5febd8ee9661fcd390148f4ad091d09c	1784761178921000000	19802077076340	openwhisk_controller_jvm_mono	recovery/openwhisk/capture/controller.filtered.log	167
asyncs-openwhisk-direct-event-v1	C5	asyncs	dynamic-html-derived-v1	84	1	86d5857c370f4e5195857c370fee51bb	OW150	1	1	true	single_direct_observation	controller	true	true		controller0	openwhisk_controller	1	5febd8ee9661fcd390148f4ad091d09c	1784761178921000000	19802077121644	openwhisk_controller_jvm_mono	recovery/openwhisk/capture/controller.filtered.log	168
asyncs-openwhisk-direct-event-v1	C5	asyncs	dynamic-html-derived-v1	84	1	86d5857c370f4e5195857c370fee51bb	OW260	1	1	true	single_direct_observation	scheduler	true	true		scheduler0	openwhisk_scheduler	1	5febd8ee9661fcd390148f4ad091d09c	1784761178925000000	19802081428854	openwhisk_scheduler_jvm_mono	recovery/openwhisk/capture/scheduler.filtered.log	246
asyncs-openwhisk-direct-event-v1	C5	asyncs	dynamic-html-derived-v1	84	1	86d5857c370f4e5195857c370fee51bb	OW300	1	2	true	latest_ow300_not_after_ow310_tie_first_source_line	scheduler	true	true		scheduler0	openwhisk_scheduler	1	5febd8ee9661fcd390148f4ad091d09c	1784761178926000000	19802081561644	openwhisk_scheduler_jvm_mono	recovery/openwhisk/capture/scheduler.filtered.log	247
asyncs-openwhisk-direct-event-v1	C5	asyncs	dynamic-html-derived-v1	84	1	86d5857c370f4e5195857c370fee51bb	OW300	2	2	false	latest_ow300_not_after_ow310_tie_first_source_line	scheduler	true	true		scheduler0	openwhisk_scheduler	1	5febd8ee9661fcd390148f4ad091d09c	1784761178926000000	19802081616710	openwhisk_scheduler_jvm_mono	recovery/openwhisk/capture/scheduler.filtered.log	248
asyncs-openwhisk-direct-event-v1	C5	asyncs	dynamic-html-derived-v1	84	1	86d5857c370f4e5195857c370fee51bb	OW310	1	1	true	single_direct_observation	invoker	true	true		invoker2	openwhisk_invoker	26523	5febd8ee9661fcd390148f4ad091d09c	1784761178928000000	19801083333567	openwhisk_invoker_jvm_mono	recovery/openwhisk/capture/invokers.filtered.log	870
asyncs-openwhisk-direct-event-v1	C5	asyncs	dynamic-html-derived-v1	84	1	86d5857c370f4e5195857c370fee51bb	OW800	1	1	true	single_direct_observation	invoker	true	true		invoker2	openwhisk_invoker	26523	5febd8ee9661fcd390148f4ad091d09c	1784761179452000000	19801607480308	openwhisk_invoker_jvm_mono	recovery/openwhisk/capture/invokers.filtered.log	878
asyncs-openwhisk-direct-event-v1	C5	asyncs	dynamic-html-derived-v1	260	1	8a331a90d44f491cb31a90d44f391ce9	OW120	1	1	true	single_direct_observation	controller	true	true		controller0	openwhisk_controller	1	85968fd8b5048b75aeac95608af23ab5	1784761209971000000	19833126896310	openwhisk_controller_jvm_mono	recovery/openwhisk/capture/controller.filtered.log	519
asyncs-openwhisk-direct-event-v1	C5	asyncs	dynamic-html-derived-v1	260	1	8a331a90d44f491cb31a90d44f391ce9	OW150	1	1	true	single_direct_observation	controller	true	true		controller0	openwhisk_controller	1	85968fd8b5048b75aeac95608af23ab5	1784761209971000000	19833126928981	openwhisk_controller_jvm_mono	recovery/openwhisk/capture/controller.filtered.log	520
asyncs-openwhisk-direct-event-v1	C5	asyncs	dynamic-html-derived-v1	260	1	8a331a90d44f491cb31a90d44f391ce9	OW260	1	1	true	single_direct_observation	scheduler	true	true		scheduler0	openwhisk_scheduler	1	85968fd8b5048b75aeac95608af23ab5	1784761209974000000	19833130389637	openwhisk_scheduler_jvm_mono	recovery/openwhisk/capture/scheduler.filtered.log	774
asyncs-openwhisk-direct-event-v1	C5	asyncs	dynamic-html-derived-v1	260	1	8a331a90d44f491cb31a90d44f391ce9	OW300	1	2	true	latest_ow300_not_after_ow310_tie_first_source_line	scheduler	true	true		scheduler0	openwhisk_scheduler	1	85968fd8b5048b75aeac95608af23ab5	1784761209975000000	19833131235437	openwhisk_scheduler_jvm_mono	recovery/openwhisk/capture/scheduler.filtered.log	775
asyncs-openwhisk-direct-event-v1	C5	asyncs	dynamic-html-derived-v1	260	1	8a331a90d44f491cb31a90d44f391ce9	OW300	2	2	false	latest_ow300_not_after_ow310_tie_first_source_line	scheduler	true	true		scheduler0	openwhisk_scheduler	1	85968fd8b5048b75aeac95608af23ab5	1784761209975000000	19833131315983	openwhisk_scheduler_jvm_mono	recovery/openwhisk/capture/scheduler.filtered.log	776
asyncs-openwhisk-direct-event-v1	C5	asyncs	dynamic-html-derived-v1	260	1	8a331a90d44f491cb31a90d44f391ce9	OW310	1	1	true	single_direct_observation	invoker	true	true		invoker0	openwhisk_invoker	29163	85968fd8b5048b75aeac95608af23ab5	1784761209978000000	19833190757790	openwhisk_invoker_jvm_mono	recovery/openwhisk/capture/invokers.filtered.log	567
asyncs-openwhisk-direct-event-v1	C5	asyncs	dynamic-html-derived-v1	260	1	8a331a90d44f491cb31a90d44f391ce9	OW800	1	1	true	single_direct_observation	invoker	true	true		invoker0	openwhisk_invoker	29163	85968fd8b5048b75aeac95608af23ab5	1784761210320000000	19833532572792	openwhisk_invoker_jvm_mono	recovery/openwhisk/capture/invokers.filtered.log	570
asyncs-openwhisk-direct-event-v1	C5	asyncs	dynamic-html-derived-v1	270	1	8bb356f7d4684d22b356f7d468dd22a1	OW120	1	1	true	single_direct_observation	controller	true	true		controller0	openwhisk_controller	1	5d33dff4731eca3e1e2011c1d5e66ccc	1784761211605000000	19834760547205	openwhisk_controller_jvm_mono	recovery/openwhisk/capture/controller.filtered.log	539
asyncs-openwhisk-direct-event-v1	C5	asyncs	dynamic-html-derived-v1	270	1	8bb356f7d4684d22b356f7d468dd22a1	OW150	1	1	true	single_direct_observation	controller	true	true		controller0	openwhisk_controller	1	5d33dff4731eca3e1e2011c1d5e66ccc	1784761211605000000	19834760587055	openwhisk_controller_jvm_mono	recovery/openwhisk/capture/controller.filtered.log	540
asyncs-openwhisk-direct-event-v1	C5	asyncs	dynamic-html-derived-v1	270	1	8bb356f7d4684d22b356f7d468dd22a1	OW260	1	1	true	single_direct_observation	scheduler	true	true		scheduler0	openwhisk_scheduler	1	5d33dff4731eca3e1e2011c1d5e66ccc	1784761211607000000	19834763302758	openwhisk_scheduler_jvm_mono	recovery/openwhisk/capture/scheduler.filtered.log	804
asyncs-openwhisk-direct-event-v1	C5	asyncs	dynamic-html-derived-v1	270	1	8bb356f7d4684d22b356f7d468dd22a1	OW300	1	2	false	latest_ow300_not_after_ow310_tie_first_source_line	scheduler	true	true		scheduler0	openwhisk_scheduler	1	5d33dff4731eca3e1e2011c1d5e66ccc	1784761211607000000	19834763415934	openwhisk_scheduler_jvm_mono	recovery/openwhisk/capture/scheduler.filtered.log	805
asyncs-openwhisk-direct-event-v1	C5	asyncs	dynamic-html-derived-v1	270	1	8bb356f7d4684d22b356f7d468dd22a1	OW300	2	2	true	latest_ow300_not_after_ow310_tie_first_source_line	scheduler	true	true		scheduler0	openwhisk_scheduler	1	5d33dff4731eca3e1e2011c1d5e66ccc	1784761211608000000	19834763471408	openwhisk_scheduler_jvm_mono	recovery/openwhisk/capture/scheduler.filtered.log	806
asyncs-openwhisk-direct-event-v1	C5	asyncs	dynamic-html-derived-v1	270	1	8bb356f7d4684d22b356f7d468dd22a1	OW310	1	1	true	single_direct_observation	invoker	true	true		invoker2	openwhisk_invoker	26523	5d33dff4731eca3e1e2011c1d5e66ccc	1784761211609000000	19833764786768	openwhisk_invoker_jvm_mono	recovery/openwhisk/capture/invokers.filtered.log	1410
asyncs-openwhisk-direct-event-v1	C5	asyncs	dynamic-html-derived-v1	270	1	8bb356f7d4684d22b356f7d468dd22a1	OW800	1	1	true	single_direct_observation	invoker	true	true		invoker2	openwhisk_invoker	26523	5d33dff4731eca3e1e2011c1d5e66ccc	1784761212127000000	19834281934297	openwhisk_invoker_jvm_mono	recovery/openwhisk/capture/invokers.filtered.log	1418
asyncs-openwhisk-direct-event-v1	C5	asyncs	dynamic-html-derived-v1	39	1	8ca49c9d73d34711a49c9d73d3c71119	OW120	1	1	true	single_direct_observation	controller	true	true		controller0	openwhisk_controller	1	3c5b7ceb393231eb7ae75bc84c6f9234	1784761171427000000	19794582527438	openwhisk_controller_jvm_mono	recovery/openwhisk/capture/controller.filtered.log	77
asyncs-openwhisk-direct-event-v1	C5	asyncs	dynamic-html-derived-v1	39	1	8ca49c9d73d34711a49c9d73d3c71119	OW150	1	1	true	single_direct_observation	controller	true	true		controller0	openwhisk_controller	1	3c5b7ceb393231eb7ae75bc84c6f9234	1784761171427000000	19794582562354	openwhisk_controller_jvm_mono	recovery/openwhisk/capture/controller.filtered.log	78
asyncs-openwhisk-direct-event-v1	C5	asyncs	dynamic-html-derived-v1	39	1	8ca49c9d73d34711a49c9d73d3c71119	OW260	1	1	true	single_direct_observation	scheduler	true	true		scheduler0	openwhisk_scheduler	1	3c5b7ceb393231eb7ae75bc84c6f9234	1784761171430000000	19794585719541	openwhisk_scheduler_jvm_mono	recovery/openwhisk/capture/scheduler.filtered.log	111
asyncs-openwhisk-direct-event-v1	C5	asyncs	dynamic-html-derived-v1	39	1	8ca49c9d73d34711a49c9d73d3c71119	OW300	1	2	true	latest_ow300_not_after_ow310_tie_first_source_line	scheduler	true	true		scheduler0	openwhisk_scheduler	1	3c5b7ceb393231eb7ae75bc84c6f9234	1784761171430000000	19794585924646	openwhisk_scheduler_jvm_mono	recovery/openwhisk/capture/scheduler.filtered.log	112
asyncs-openwhisk-direct-event-v1	C5	asyncs	dynamic-html-derived-v1	39	1	8ca49c9d73d34711a49c9d73d3c71119	OW300	2	2	false	latest_ow300_not_after_ow310_tie_first_source_line	scheduler	true	true		scheduler0	openwhisk_scheduler	1	3c5b7ceb393231eb7ae75bc84c6f9234	1784761171430000000	19794585983889	openwhisk_scheduler_jvm_mono	recovery/openwhisk/capture/scheduler.filtered.log	113
asyncs-openwhisk-direct-event-v1	C5	asyncs	dynamic-html-derived-v1	39	1	8ca49c9d73d34711a49c9d73d3c71119	OW310	1	1	true	single_direct_observation	invoker	true	true		invoker2	openwhisk_invoker	26523	3c5b7ceb393231eb7ae75bc84c6f9234	1784761171434000000	19793589511493	openwhisk_invoker_jvm_mono	recovery/openwhisk/capture/invokers.filtered.log	740
asyncs-openwhisk-direct-event-v1	C5	asyncs	dynamic-html-derived-v1	39	1	8ca49c9d73d34711a49c9d73d3c71119	OW800	1	1	true	single_direct_observation	invoker	true	true		invoker2	openwhisk_invoker	26523	3c5b7ceb393231eb7ae75bc84c6f9234	1784761171961000000	19794116796080	openwhisk_invoker_jvm_mono	recovery/openwhisk/capture/invokers.filtered.log	748
asyncs-openwhisk-direct-event-v1	C5	asyncs	dynamic-html-derived-v1	251	1	8d8490df34874a468490df34871a462b	OW120	1	1	true	single_direct_observation	controller	true	true		controller0	openwhisk_controller	1	1a85a753bdfa6100aa7dabe2d4446fba	1784761208465000000	19831620691001	openwhisk_controller_jvm_mono	recovery/openwhisk/capture/controller.filtered.log	501
asyncs-openwhisk-direct-event-v1	C5	asyncs	dynamic-html-derived-v1	251	1	8d8490df34874a468490df34871a462b	OW150	1	1	true	single_direct_observation	controller	true	true		controller0	openwhisk_controller	1	1a85a753bdfa6100aa7dabe2d4446fba	1784761208465000000	19831620722140	openwhisk_controller_jvm_mono	recovery/openwhisk/capture/controller.filtered.log	502
asyncs-openwhisk-direct-event-v1	C5	asyncs	dynamic-html-derived-v1	251	1	8d8490df34874a468490df34871a462b	OW260	1	1	true	single_direct_observation	scheduler	true	true		scheduler0	openwhisk_scheduler	1	1a85a753bdfa6100aa7dabe2d4446fba	1784761208468000000	19831623755894	openwhisk_scheduler_jvm_mono	recovery/openwhisk/capture/scheduler.filtered.log	747
asyncs-openwhisk-direct-event-v1	C5	asyncs	dynamic-html-derived-v1	251	1	8d8490df34874a468490df34871a462b	OW300	1	2	true	latest_ow300_not_after_ow310_tie_first_source_line	scheduler	true	true		scheduler0	openwhisk_scheduler	1	1a85a753bdfa6100aa7dabe2d4446fba	1784761208468000000	19831623887444	openwhisk_scheduler_jvm_mono	recovery/openwhisk/capture/scheduler.filtered.log	748
asyncs-openwhisk-direct-event-v1	C5	asyncs	dynamic-html-derived-v1	251	1	8d8490df34874a468490df34871a462b	OW300	2	2	false	latest_ow300_not_after_ow310_tie_first_source_line	scheduler	true	true		scheduler0	openwhisk_scheduler	1	1a85a753bdfa6100aa7dabe2d4446fba	1784761208468000000	19831623927578	openwhisk_scheduler_jvm_mono	recovery/openwhisk/capture/scheduler.filtered.log	749
asyncs-openwhisk-direct-event-v1	C5	asyncs	dynamic-html-derived-v1	251	1	8d8490df34874a468490df34871a462b	OW310	1	1	true	single_direct_observation	invoker	true	true		invoker2	openwhisk_invoker	26523	1a85a753bdfa6100aa7dabe2d4446fba	1784761208470000000	19830625670835	openwhisk_invoker_jvm_mono	recovery/openwhisk/capture/invokers.filtered.log	1355
asyncs-openwhisk-direct-event-v1	C5	asyncs	dynamic-html-derived-v1	251	1	8d8490df34874a468490df34871a462b	OW800	1	1	true	single_direct_observation	invoker	true	true		invoker2	openwhisk_invoker	26523	1a85a753bdfa6100aa7dabe2d4446fba	1784761208981000000	19831136357521	openwhisk_invoker_jvm_mono	recovery/openwhisk/capture/invokers.filtered.log	1363
asyncs-openwhisk-direct-event-v1	C5	asyncs	dynamic-html-derived-v1	262	1	8dcd793c4645468b8d793c4645568bfe	OW120	1	1	true	single_direct_observation	controller	true	true		controller0	openwhisk_controller	1	e5c5d3f0f68ff728e0954da81fff211b	1784761210271000000	19833427096044	openwhisk_controller_jvm_mono	recovery/openwhisk/capture/controller.filtered.log	523
asyncs-openwhisk-direct-event-v1	C5	asyncs	dynamic-html-derived-v1	262	1	8dcd793c4645468b8d793c4645568bfe	OW150	1	1	true	single_direct_observation	controller	true	true		controller0	openwhisk_controller	1	e5c5d3f0f68ff728e0954da81fff211b	1784761210271000000	19833427117281	openwhisk_controller_jvm_mono	recovery/openwhisk/capture/controller.filtered.log	524
asyncs-openwhisk-direct-event-v1	C5	asyncs	dynamic-html-derived-v1	262	1	8dcd793c4645468b8d793c4645568bfe	OW260	1	1	true	single_direct_observation	scheduler	true	true		scheduler0	openwhisk_scheduler	1	e5c5d3f0f68ff728e0954da81fff211b	1784761210279000000	19833435040150	openwhisk_scheduler_jvm_mono	recovery/openwhisk/capture/scheduler.filtered.log	780
asyncs-openwhisk-direct-event-v1	C5	asyncs	dynamic-html-derived-v1	262	1	8dcd793c4645468b8d793c4645568bfe	OW300	1	2	true	latest_ow300_not_after_ow310_tie_first_source_line	scheduler	true	true		scheduler0	openwhisk_scheduler	1	e5c5d3f0f68ff728e0954da81fff211b	1784761210279000000	19833435186815	openwhisk_scheduler_jvm_mono	recovery/openwhisk/capture/scheduler.filtered.log	781
asyncs-openwhisk-direct-event-v1	C5	asyncs	dynamic-html-derived-v1	262	1	8dcd793c4645468b8d793c4645568bfe	OW300	2	2	false	latest_ow300_not_after_ow310_tie_first_source_line	scheduler	true	true		scheduler0	openwhisk_scheduler	1	e5c5d3f0f68ff728e0954da81fff211b	1784761210279000000	19833435226254	openwhisk_scheduler_jvm_mono	recovery/openwhisk/capture/scheduler.filtered.log	782
asyncs-openwhisk-direct-event-v1	C5	asyncs	dynamic-html-derived-v1	262	1	8dcd793c4645468b8d793c4645568bfe	OW310	1	1	true	single_direct_observation	invoker	true	true		invoker2	openwhisk_invoker	26523	e5c5d3f0f68ff728e0954da81fff211b	1784761210281000000	19832436760423	openwhisk_invoker_jvm_mono	recovery/openwhisk/capture/invokers.filtered.log	1390
asyncs-openwhisk-direct-event-v1	C5	asyncs	dynamic-html-derived-v1	262	1	8dcd793c4645468b8d793c4645568bfe	OW800	1	1	true	single_direct_observation	invoker	true	true		invoker2	openwhisk_invoker	26523	e5c5d3f0f68ff728e0954da81fff211b	1784761210769000000	19832924589885	openwhisk_invoker_jvm_mono	recovery/openwhisk/capture/invokers.filtered.log	1396
asyncs-openwhisk-direct-event-v1	C5	asyncs	dynamic-html-derived-v1	295	1	8dd22b022184450a922b022184150a39	OW120	1	1	true	single_direct_observation	controller	true	true		controller0	openwhisk_controller	1	ab8a116e82b1fb3caf78458c55d0fdde	1784761215939000000	19839094494502	openwhisk_controller_jvm_mono	recovery/openwhisk/capture/controller.filtered.log	589
asyncs-openwhisk-direct-event-v1	C5	asyncs	dynamic-html-derived-v1	295	1	8dd22b022184450a922b022184150a39	OW150	1	1	true	single_direct_observation	controller	true	true		controller0	openwhisk_controller	1	ab8a116e82b1fb3caf78458c55d0fdde	1784761215939000000	19839094524432	openwhisk_controller_jvm_mono	recovery/openwhisk/capture/controller.filtered.log	590
asyncs-openwhisk-direct-event-v1	C5	asyncs	dynamic-html-derived-v1	295	1	8dd22b022184450a922b022184150a39	OW260	1	1	true	single_direct_observation	scheduler	true	true		scheduler0	openwhisk_scheduler	1	ab8a116e82b1fb3caf78458c55d0fdde	1784761215947000000	19839103235618	openwhisk_scheduler_jvm_mono	recovery/openwhisk/capture/scheduler.filtered.log	879
asyncs-openwhisk-direct-event-v1	C5	asyncs	dynamic-html-derived-v1	295	1	8dd22b022184450a922b022184150a39	OW300	1	2	true	latest_ow300_not_after_ow310_tie_first_source_line	scheduler	true	true		scheduler0	openwhisk_scheduler	1	ab8a116e82b1fb3caf78458c55d0fdde	1784761215948000000	19839103804222	openwhisk_scheduler_jvm_mono	recovery/openwhisk/capture/scheduler.filtered.log	880
asyncs-openwhisk-direct-event-v1	C5	asyncs	dynamic-html-derived-v1	295	1	8dd22b022184450a922b022184150a39	OW300	2	2	false	latest_ow300_not_after_ow310_tie_first_source_line	scheduler	true	true		scheduler0	openwhisk_scheduler	1	ab8a116e82b1fb3caf78458c55d0fdde	1784761215948000000	19839103842701	openwhisk_scheduler_jvm_mono	recovery/openwhisk/capture/scheduler.filtered.log	881
asyncs-openwhisk-direct-event-v1	C5	asyncs	dynamic-html-derived-v1	295	1	8dd22b022184450a922b022184150a39	OW310	1	1	true	single_direct_observation	invoker	true	true		invoker2	openwhisk_invoker	26523	ab8a116e82b1fb3caf78458c55d0fdde	1784761215950000000	19838105691258	openwhisk_invoker_jvm_mono	recovery/openwhisk/capture/invokers.filtered.log	1485
asyncs-openwhisk-direct-event-v1	C5	asyncs	dynamic-html-derived-v1	295	1	8dd22b022184450a922b022184150a39	OW800	1	1	true	single_direct_observation	invoker	true	true		invoker2	openwhisk_invoker	26523	ab8a116e82b1fb3caf78458c55d0fdde	1784761216454000000	19838609245831	openwhisk_invoker_jvm_mono	recovery/openwhisk/capture/invokers.filtered.log	1493
asyncs-openwhisk-direct-event-v1	C5	asyncs	dynamic-html-derived-v1	183	1	8e517e6ddd5845cc917e6ddd5815cc8b	OW120	1	1	true	single_direct_observation	controller	true	true		controller0	openwhisk_controller	1	31d31471196d60cd1cc20582b5681385	1784761196682000000	19819837801984	openwhisk_controller_jvm_mono	recovery/openwhisk/capture/controller.filtered.log	365
asyncs-openwhisk-direct-event-v1	C5	asyncs	dynamic-html-derived-v1	183	1	8e517e6ddd5845cc917e6ddd5815cc8b	OW150	1	1	true	single_direct_observation	controller	true	true		controller0	openwhisk_controller	1	31d31471196d60cd1cc20582b5681385	1784761196682000000	19819837883928	openwhisk_controller_jvm_mono	recovery/openwhisk/capture/controller.filtered.log	366
asyncs-openwhisk-direct-event-v1	C5	asyncs	dynamic-html-derived-v1	183	1	8e517e6ddd5845cc917e6ddd5815cc8b	OW260	1	1	true	single_direct_observation	scheduler	true	true		scheduler0	openwhisk_scheduler	1	31d31471196d60cd1cc20582b5681385	1784761196687000000	19819842659949	openwhisk_scheduler_jvm_mono	recovery/openwhisk/capture/scheduler.filtered.log	543
asyncs-openwhisk-direct-event-v1	C5	asyncs	dynamic-html-derived-v1	183	1	8e517e6ddd5845cc917e6ddd5815cc8b	OW300	1	2	true	latest_ow300_not_after_ow310_tie_first_source_line	scheduler	true	true		scheduler0	openwhisk_scheduler	1	31d31471196d60cd1cc20582b5681385	1784761196687000000	19819842807040	openwhisk_scheduler_jvm_mono	recovery/openwhisk/capture/scheduler.filtered.log	544
asyncs-openwhisk-direct-event-v1	C5	asyncs	dynamic-html-derived-v1	183	1	8e517e6ddd5845cc917e6ddd5815cc8b	OW300	2	2	false	latest_ow300_not_after_ow310_tie_first_source_line	scheduler	true	true		scheduler0	openwhisk_scheduler	1	31d31471196d60cd1cc20582b5681385	1784761196687000000	19819842845852	openwhisk_scheduler_jvm_mono	recovery/openwhisk/capture/scheduler.filtered.log	545
asyncs-openwhisk-direct-event-v1	C5	asyncs	dynamic-html-derived-v1	183	1	8e517e6ddd5845cc917e6ddd5815cc8b	OW310	1	1	true	single_direct_observation	invoker	true	true		invoker2	openwhisk_invoker	26523	31d31471196d60cd1cc20582b5681385	1784761196690000000	19818845130655	openwhisk_invoker_jvm_mono	recovery/openwhisk/capture/invokers.filtered.log	1155
asyncs-openwhisk-direct-event-v1	C5	asyncs	dynamic-html-derived-v1	183	1	8e517e6ddd5845cc917e6ddd5815cc8b	OW800	1	1	true	single_direct_observation	invoker	true	true		invoker2	openwhisk_invoker	26523	31d31471196d60cd1cc20582b5681385	1784761197240000000	19819395075955	openwhisk_invoker_jvm_mono	recovery/openwhisk/capture/invokers.filtered.log	1163
asyncs-openwhisk-direct-event-v1	C5	asyncs	dynamic-html-derived-v1	10	1	8f915737fd574792915737fd57479262	OW120	1	1	true	single_direct_observation	controller	true	true		controller0	openwhisk_controller	1	6bb5b6d43a99984c77047d837b5bbf4d	1784761165820000000	19788975767721	openwhisk_controller_jvm_mono	recovery/openwhisk/capture/controller.filtered.log	19
asyncs-openwhisk-direct-event-v1	C5	asyncs	dynamic-html-derived-v1	10	1	8f915737fd574792915737fd57479262	OW150	1	1	true	single_direct_observation	controller	true	true		controller0	openwhisk_controller	1	6bb5b6d43a99984c77047d837b5bbf4d	1784761165820000000	19788975830100	openwhisk_controller_jvm_mono	recovery/openwhisk/capture/controller.filtered.log	20
asyncs-openwhisk-direct-event-v1	C5	asyncs	dynamic-html-derived-v1	10	1	8f915737fd574792915737fd57479262	OW260	1	1	true	single_direct_observation	scheduler	true	true		scheduler0	openwhisk_scheduler	1	6bb5b6d43a99984c77047d837b5bbf4d	1784761165824000000	19788980169836	openwhisk_scheduler_jvm_mono	recovery/openwhisk/capture/scheduler.filtered.log	24
asyncs-openwhisk-direct-event-v1	C5	asyncs	dynamic-html-derived-v1	10	1	8f915737fd574792915737fd57479262	OW300	1	2	true	latest_ow300_not_after_ow310_tie_first_source_line	scheduler	true	true		scheduler0	openwhisk_scheduler	1	6bb5b6d43a99984c77047d837b5bbf4d	1784761165824000000	19788980372422	openwhisk_scheduler_jvm_mono	recovery/openwhisk/capture/scheduler.filtered.log	25
asyncs-openwhisk-direct-event-v1	C5	asyncs	dynamic-html-derived-v1	10	1	8f915737fd574792915737fd57479262	OW300	2	2	false	latest_ow300_not_after_ow310_tie_first_source_line	scheduler	true	true		scheduler0	openwhisk_scheduler	1	6bb5b6d43a99984c77047d837b5bbf4d	1784761165824000000	19788980402731	openwhisk_scheduler_jvm_mono	recovery/openwhisk/capture/scheduler.filtered.log	26
asyncs-openwhisk-direct-event-v1	C5	asyncs	dynamic-html-derived-v1	10	1	8f915737fd574792915737fd57479262	OW310	1	1	true	single_direct_observation	invoker	true	true		invoker0	openwhisk_invoker	29163	6bb5b6d43a99984c77047d837b5bbf4d	1784761165828000000	19789040330111	openwhisk_invoker_jvm_mono	recovery/openwhisk/capture/invokers.filtered.log	37
asyncs-openwhisk-direct-event-v1	C5	asyncs	dynamic-html-derived-v1	10	1	8f915737fd574792915737fd57479262	OW800	1	1	true	single_direct_observation	invoker	true	true		invoker0	openwhisk_invoker	29163	6bb5b6d43a99984c77047d837b5bbf4d	1784761166170000000	19789382683815	openwhisk_invoker_jvm_mono	recovery/openwhisk/capture/invokers.filtered.log	40
asyncs-openwhisk-direct-event-v1	C5	asyncs	dynamic-html-derived-v1	75	1	9128758fb04e4409a8758fb04ed4090e	OW120	1	1	true	single_direct_observation	controller	true	true		controller0	openwhisk_controller	1	d4f3184a306b13b5767cd68443254fb1	1784761177465000000	19800621398271	openwhisk_controller_jvm_mono	recovery/openwhisk/capture/controller.filtered.log	149
asyncs-openwhisk-direct-event-v1	C5	asyncs	dynamic-html-derived-v1	75	1	9128758fb04e4409a8758fb04ed4090e	OW150	1	1	true	single_direct_observation	controller	true	true		controller0	openwhisk_controller	1	d4f3184a306b13b5767cd68443254fb1	1784761177465000000	19800621433437	openwhisk_controller_jvm_mono	recovery/openwhisk/capture/controller.filtered.log	150
asyncs-openwhisk-direct-event-v1	C5	asyncs	dynamic-html-derived-v1	75	1	9128758fb04e4409a8758fb04ed4090e	OW260	1	1	true	single_direct_observation	scheduler	true	true		scheduler0	openwhisk_scheduler	1	d4f3184a306b13b5767cd68443254fb1	1784761177469000000	19800624880349	openwhisk_scheduler_jvm_mono	recovery/openwhisk/capture/scheduler.filtered.log	219
asyncs-openwhisk-direct-event-v1	C5	asyncs	dynamic-html-derived-v1	75	1	9128758fb04e4409a8758fb04ed4090e	OW300	1	2	true	latest_ow300_not_after_ow310_tie_first_source_line	scheduler	true	true		scheduler0	openwhisk_scheduler	1	d4f3184a306b13b5767cd68443254fb1	1784761177469000000	19800624994772	openwhisk_scheduler_jvm_mono	recovery/openwhisk/capture/scheduler.filtered.log	220
asyncs-openwhisk-direct-event-v1	C5	asyncs	dynamic-html-derived-v1	75	1	9128758fb04e4409a8758fb04ed4090e	OW300	2	2	false	latest_ow300_not_after_ow310_tie_first_source_line	scheduler	true	true		scheduler0	openwhisk_scheduler	1	d4f3184a306b13b5767cd68443254fb1	1784761177469000000	19800625020554	openwhisk_scheduler_jvm_mono	recovery/openwhisk/capture/scheduler.filtered.log	221
asyncs-openwhisk-direct-event-v1	C5	asyncs	dynamic-html-derived-v1	75	1	9128758fb04e4409a8758fb04ed4090e	OW310	1	1	true	single_direct_observation	invoker	true	true		invoker2	openwhisk_invoker	26523	d4f3184a306b13b5767cd68443254fb1	1784761177472000000	19799627438628	openwhisk_invoker_jvm_mono	recovery/openwhisk/capture/invokers.filtered.log	845
asyncs-openwhisk-direct-event-v1	C5	asyncs	dynamic-html-derived-v1	75	1	9128758fb04e4409a8758fb04ed4090e	OW800	1	1	true	single_direct_observation	invoker	true	true		invoker2	openwhisk_invoker	26523	d4f3184a306b13b5767cd68443254fb1	1784761178002000000	19800157005595	openwhisk_invoker_jvm_mono	recovery/openwhisk/capture/invokers.filtered.log	853
asyncs-openwhisk-direct-event-v1	C5	asyncs	dynamic-html-derived-v1	280	1	914268e5ed9345d48268e5ed9355d4cb	OW120	1	1	true	single_direct_observation	controller	true	true		controller0	openwhisk_controller	1	80f2a2cdbb08bd761fc7db30014ca41b	1784761213535000000	19836690845716	openwhisk_controller_jvm_mono	recovery/openwhisk/capture/controller.filtered.log	559
asyncs-openwhisk-direct-event-v1	C5	asyncs	dynamic-html-derived-v1	280	1	914268e5ed9345d48268e5ed9355d4cb	OW150	1	1	true	single_direct_observation	controller	true	true		controller0	openwhisk_controller	1	80f2a2cdbb08bd761fc7db30014ca41b	1784761213535000000	19836690913041	openwhisk_controller_jvm_mono	recovery/openwhisk/capture/controller.filtered.log	560
asyncs-openwhisk-direct-event-v1	C5	asyncs	dynamic-html-derived-v1	280	1	914268e5ed9345d48268e5ed9355d4cb	OW260	1	1	true	single_direct_observation	scheduler	true	true		scheduler0	openwhisk_scheduler	1	80f2a2cdbb08bd761fc7db30014ca41b	1784761213538000000	19836693655188	openwhisk_scheduler_jvm_mono	recovery/openwhisk/capture/scheduler.filtered.log	834
asyncs-openwhisk-direct-event-v1	C5	asyncs	dynamic-html-derived-v1	280	1	914268e5ed9345d48268e5ed9355d4cb	OW300	1	2	true	latest_ow300_not_after_ow310_tie_first_source_line	scheduler	true	true		scheduler0	openwhisk_scheduler	1	80f2a2cdbb08bd761fc7db30014ca41b	1784761213538000000	19836693788055	openwhisk_scheduler_jvm_mono	recovery/openwhisk/capture/scheduler.filtered.log	835
asyncs-openwhisk-direct-event-v1	C5	asyncs	dynamic-html-derived-v1	280	1	914268e5ed9345d48268e5ed9355d4cb	OW300	2	2	false	latest_ow300_not_after_ow310_tie_first_source_line	scheduler	true	true		scheduler0	openwhisk_scheduler	1	80f2a2cdbb08bd761fc7db30014ca41b	1784761213538000000	19836693829598	openwhisk_scheduler_jvm_mono	recovery/openwhisk/capture/scheduler.filtered.log	836
asyncs-openwhisk-direct-event-v1	C5	asyncs	dynamic-html-derived-v1	280	1	914268e5ed9345d48268e5ed9355d4cb	OW310	1	1	true	single_direct_observation	invoker	true	true		invoker0	openwhisk_invoker	29163	80f2a2cdbb08bd761fc7db30014ca41b	1784761213540000000	19836752486084	openwhisk_invoker_jvm_mono	recovery/openwhisk/capture/invokers.filtered.log	607
asyncs-openwhisk-direct-event-v1	C5	asyncs	dynamic-html-derived-v1	280	1	914268e5ed9345d48268e5ed9355d4cb	OW800	1	1	true	single_direct_observation	invoker	true	true		invoker0	openwhisk_invoker	29163	80f2a2cdbb08bd761fc7db30014ca41b	1784761213883000000	19837095337258	openwhisk_invoker_jvm_mono	recovery/openwhisk/capture/invokers.filtered.log	610
asyncs-openwhisk-direct-event-v1	C5	asyncs	dynamic-html-derived-v1	20	1	939ca21e0a5b43129ca21e0a5bc31295	OW120	1	1	true	single_direct_observation	controller	true	true		controller0	openwhisk_controller	1	925b30ddb72a030c38e1e11f3c0b005b	1784761168105000000	19791260802498	openwhisk_controller_jvm_mono	recovery/openwhisk/capture/controller.filtered.log	39
asyncs-openwhisk-direct-event-v1	C5	asyncs	dynamic-html-derived-v1	20	1	939ca21e0a5b43129ca21e0a5bc31295	OW150	1	1	true	single_direct_observation	controller	true	true		controller0	openwhisk_controller	1	925b30ddb72a030c38e1e11f3c0b005b	1784761168105000000	19791260855143	openwhisk_controller_jvm_mono	recovery/openwhisk/capture/controller.filtered.log	40
asyncs-openwhisk-direct-event-v1	C5	asyncs	dynamic-html-derived-v1	20	1	939ca21e0a5b43129ca21e0a5bc31295	OW260	1	1	true	single_direct_observation	scheduler	true	true		scheduler0	openwhisk_scheduler	1	925b30ddb72a030c38e1e11f3c0b005b	1784761168111000000	19791266570116	openwhisk_scheduler_jvm_mono	recovery/openwhisk/capture/scheduler.filtered.log	54
asyncs-openwhisk-direct-event-v1	C5	asyncs	dynamic-html-derived-v1	20	1	939ca21e0a5b43129ca21e0a5bc31295	OW300	1	2	true	latest_ow300_not_after_ow310_tie_first_source_line	scheduler	true	true		scheduler0	openwhisk_scheduler	1	925b30ddb72a030c38e1e11f3c0b005b	1784761168111000000	19791266797845	openwhisk_scheduler_jvm_mono	recovery/openwhisk/capture/scheduler.filtered.log	55
asyncs-openwhisk-direct-event-v1	C5	asyncs	dynamic-html-derived-v1	20	1	939ca21e0a5b43129ca21e0a5bc31295	OW300	2	2	false	latest_ow300_not_after_ow310_tie_first_source_line	scheduler	true	true		scheduler0	openwhisk_scheduler	1	925b30ddb72a030c38e1e11f3c0b005b	1784761168111000000	19791266846168	openwhisk_scheduler_jvm_mono	recovery/openwhisk/capture/scheduler.filtered.log	56
asyncs-openwhisk-direct-event-v1	C5	asyncs	dynamic-html-derived-v1	20	1	939ca21e0a5b43129ca21e0a5bc31295	OW310	1	1	true	single_direct_observation	invoker	true	true		invoker2	openwhisk_invoker	26523	925b30ddb72a030c38e1e11f3c0b005b	1784761168117000000	19790272642622	openwhisk_invoker_jvm_mono	recovery/openwhisk/capture/invokers.filtered.log	685
asyncs-openwhisk-direct-event-v1	C5	asyncs	dynamic-html-derived-v1	20	1	939ca21e0a5b43129ca21e0a5bc31295	OW800	1	1	true	single_direct_observation	invoker	true	true		invoker2	openwhisk_invoker	26523	925b30ddb72a030c38e1e11f3c0b005b	1784761168668000000	19790823307759	openwhisk_invoker_jvm_mono	recovery/openwhisk/capture/invokers.filtered.log	693
asyncs-openwhisk-direct-event-v1	C5	asyncs	dynamic-html-derived-v1	224	1	939db0099d504d279db0099d50dd2702	OW120	1	1	true	single_direct_observation	controller	true	true		controller0	openwhisk_controller	1	b5f024942abbb077d9685b9828985cd6	1784761203816000000	19826972383221	openwhisk_controller_jvm_mono	recovery/openwhisk/capture/controller.filtered.log	447
asyncs-openwhisk-direct-event-v1	C5	asyncs	dynamic-html-derived-v1	224	1	939db0099d504d279db0099d50dd2702	OW150	1	1	true	single_direct_observation	controller	true	true		controller0	openwhisk_controller	1	b5f024942abbb077d9685b9828985cd6	1784761203816000000	19826972415565	openwhisk_controller_jvm_mono	recovery/openwhisk/capture/controller.filtered.log	448
asyncs-openwhisk-direct-event-v1	C5	asyncs	dynamic-html-derived-v1	224	1	939db0099d504d279db0099d50dd2702	OW260	1	1	true	single_direct_observation	scheduler	true	true		scheduler0	openwhisk_scheduler	1	b5f024942abbb077d9685b9828985cd6	1784761203820000000	19826975612841	openwhisk_scheduler_jvm_mono	recovery/openwhisk/capture/scheduler.filtered.log	666
asyncs-openwhisk-direct-event-v1	C5	asyncs	dynamic-html-derived-v1	224	1	939db0099d504d279db0099d50dd2702	OW300	1	2	true	latest_ow300_not_after_ow310_tie_first_source_line	scheduler	true	true		scheduler0	openwhisk_scheduler	1	b5f024942abbb077d9685b9828985cd6	1784761203820000000	19826975761443	openwhisk_scheduler_jvm_mono	recovery/openwhisk/capture/scheduler.filtered.log	667
asyncs-openwhisk-direct-event-v1	C5	asyncs	dynamic-html-derived-v1	224	1	939db0099d504d279db0099d50dd2702	OW300	2	2	false	latest_ow300_not_after_ow310_tie_first_source_line	scheduler	true	true		scheduler0	openwhisk_scheduler	1	b5f024942abbb077d9685b9828985cd6	1784761203820000000	19826975800345	openwhisk_scheduler_jvm_mono	recovery/openwhisk/capture/scheduler.filtered.log	668
asyncs-openwhisk-direct-event-v1	C5	asyncs	dynamic-html-derived-v1	224	1	939db0099d504d279db0099d50dd2702	OW310	1	1	true	single_direct_observation	invoker	true	true		invoker0	openwhisk_invoker	29163	b5f024942abbb077d9685b9828985cd6	1784761203822000000	19827034514643	openwhisk_invoker_jvm_mono	recovery/openwhisk/capture/invokers.filtered.log	492
asyncs-openwhisk-direct-event-v1	C5	asyncs	dynamic-html-derived-v1	224	1	939db0099d504d279db0099d50dd2702	OW800	1	1	true	single_direct_observation	invoker	true	true		invoker0	openwhisk_invoker	29163	b5f024942abbb077d9685b9828985cd6	1784761204163000000	19827375938654	openwhisk_invoker_jvm_mono	recovery/openwhisk/capture/invokers.filtered.log	495
asyncs-openwhisk-direct-event-v1	C5	asyncs	dynamic-html-derived-v1	106	1	947dac9bafc44809bdac9bafc4b80952	OW120	1	1	true	single_direct_observation	controller	true	true		controller0	openwhisk_controller	1	3f2dee4ef992efac82c10f533ee379ed	1784761182560000000	19805715802865	openwhisk_controller_jvm_mono	recovery/openwhisk/capture/controller.filtered.log	211
asyncs-openwhisk-direct-event-v1	C5	asyncs	dynamic-html-derived-v1	106	1	947dac9bafc44809bdac9bafc4b80952	OW150	1	1	true	single_direct_observation	controller	true	true		controller0	openwhisk_controller	1	3f2dee4ef992efac82c10f533ee379ed	1784761182560000000	19805715849019	openwhisk_controller_jvm_mono	recovery/openwhisk/capture/controller.filtered.log	212
asyncs-openwhisk-direct-event-v1	C5	asyncs	dynamic-html-derived-v1	106	1	947dac9bafc44809bdac9bafc4b80952	OW260	1	1	true	single_direct_observation	scheduler	true	true		scheduler0	openwhisk_scheduler	1	3f2dee4ef992efac82c10f533ee379ed	1784761182564000000	19805719806764	openwhisk_scheduler_jvm_mono	recovery/openwhisk/capture/scheduler.filtered.log	312
asyncs-openwhisk-direct-event-v1	C5	asyncs	dynamic-html-derived-v1	106	1	947dac9bafc44809bdac9bafc4b80952	OW300	1	2	true	latest_ow300_not_after_ow310_tie_first_source_line	scheduler	true	true		scheduler0	openwhisk_scheduler	1	3f2dee4ef992efac82c10f533ee379ed	1784761182564000000	19805719956532	openwhisk_scheduler_jvm_mono	recovery/openwhisk/capture/scheduler.filtered.log	313
asyncs-openwhisk-direct-event-v1	C5	asyncs	dynamic-html-derived-v1	106	1	947dac9bafc44809bdac9bafc4b80952	OW300	2	2	false	latest_ow300_not_after_ow310_tie_first_source_line	scheduler	true	true		scheduler0	openwhisk_scheduler	1	3f2dee4ef992efac82c10f533ee379ed	1784761182564000000	19805720068267	openwhisk_scheduler_jvm_mono	recovery/openwhisk/capture/scheduler.filtered.log	314
asyncs-openwhisk-direct-event-v1	C5	asyncs	dynamic-html-derived-v1	106	1	947dac9bafc44809bdac9bafc4b80952	OW310	1	1	true	single_direct_observation	invoker	true	true		invoker2	openwhisk_invoker	26523	3f2dee4ef992efac82c10f533ee379ed	1784761182567000000	19804722179710	openwhisk_invoker_jvm_mono	recovery/openwhisk/capture/invokers.filtered.log	935
asyncs-openwhisk-direct-event-v1	C5	asyncs	dynamic-html-derived-v1	106	1	947dac9bafc44809bdac9bafc4b80952	OW800	1	1	true	single_direct_observation	invoker	true	true		invoker2	openwhisk_invoker	26523	3f2dee4ef992efac82c10f533ee379ed	1784761183111000000	19805266173124	openwhisk_invoker_jvm_mono	recovery/openwhisk/capture/invokers.filtered.log	941
asyncs-openwhisk-direct-event-v1	C5	asyncs	dynamic-html-derived-v1	179	1	95ce9fc4521643598e9fc4521643592c	OW120	1	1	true	single_direct_observation	controller	true	true		controller0	openwhisk_controller	1	16a4334cb6b0257d6deb6814a26603e2	1784761195819000000	19818974479400	openwhisk_controller_jvm_mono	recovery/openwhisk/capture/controller.filtered.log	357
asyncs-openwhisk-direct-event-v1	C5	asyncs	dynamic-html-derived-v1	179	1	95ce9fc4521643598e9fc4521643592c	OW150	1	1	true	single_direct_observation	controller	true	true		controller0	openwhisk_controller	1	16a4334cb6b0257d6deb6814a26603e2	1784761195819000000	19818974557420	openwhisk_controller_jvm_mono	recovery/openwhisk/capture/controller.filtered.log	358
asyncs-openwhisk-direct-event-v1	C5	asyncs	dynamic-html-derived-v1	179	1	95ce9fc4521643598e9fc4521643592c	OW260	1	1	true	single_direct_observation	scheduler	true	true		scheduler0	openwhisk_scheduler	1	16a4334cb6b0257d6deb6814a26603e2	1784761195822000000	19818977862669	openwhisk_scheduler_jvm_mono	recovery/openwhisk/capture/scheduler.filtered.log	531
asyncs-openwhisk-direct-event-v1	C5	asyncs	dynamic-html-derived-v1	179	1	95ce9fc4521643598e9fc4521643592c	OW300	1	2	true	latest_ow300_not_after_ow310_tie_first_source_line	scheduler	true	true		scheduler0	openwhisk_scheduler	1	16a4334cb6b0257d6deb6814a26603e2	1784761195822000000	19818978010709	openwhisk_scheduler_jvm_mono	recovery/openwhisk/capture/scheduler.filtered.log	532
asyncs-openwhisk-direct-event-v1	C5	asyncs	dynamic-html-derived-v1	179	1	95ce9fc4521643598e9fc4521643592c	OW300	2	2	false	latest_ow300_not_after_ow310_tie_first_source_line	scheduler	true	true		scheduler0	openwhisk_scheduler	1	16a4334cb6b0257d6deb6814a26603e2	1784761195822000000	19818978048425	openwhisk_scheduler_jvm_mono	recovery/openwhisk/capture/scheduler.filtered.log	533
asyncs-openwhisk-direct-event-v1	C5	asyncs	dynamic-html-derived-v1	179	1	95ce9fc4521643598e9fc4521643592c	OW310	1	1	true	single_direct_observation	invoker	true	true		invoker2	openwhisk_invoker	26523	16a4334cb6b0257d6deb6814a26603e2	1784761195824000000	19817979805282	openwhisk_invoker_jvm_mono	recovery/openwhisk/capture/invokers.filtered.log	1145
asyncs-openwhisk-direct-event-v1	C5	asyncs	dynamic-html-derived-v1	179	1	95ce9fc4521643598e9fc4521643592c	OW800	1	1	true	single_direct_observation	invoker	true	true		invoker2	openwhisk_invoker	26523	16a4334cb6b0257d6deb6814a26603e2	1784761196354000000	19818509670792	openwhisk_invoker_jvm_mono	recovery/openwhisk/capture/invokers.filtered.log	1151
asyncs-openwhisk-direct-event-v1	C5	asyncs	dynamic-html-derived-v1	121	1	961ae0a7674c43f59ae0a7674ce3f539	OW120	1	1	true	single_direct_observation	controller	true	true		controller0	openwhisk_controller	1	130c8f18769e7696ff41160795dcfdea	1784761185323000000	19808479344381	openwhisk_controller_jvm_mono	recovery/openwhisk/capture/controller.filtered.log	241
asyncs-openwhisk-direct-event-v1	C5	asyncs	dynamic-html-derived-v1	121	1	961ae0a7674c43f59ae0a7674ce3f539	OW150	1	1	true	single_direct_observation	controller	true	true		controller0	openwhisk_controller	1	130c8f18769e7696ff41160795dcfdea	1784761185323000000	19808479376553	openwhisk_controller_jvm_mono	recovery/openwhisk/capture/controller.filtered.log	242
asyncs-openwhisk-direct-event-v1	C5	asyncs	dynamic-html-derived-v1	121	1	961ae0a7674c43f59ae0a7674ce3f539	OW260	1	1	true	single_direct_observation	scheduler	true	true		scheduler0	openwhisk_scheduler	1	130c8f18769e7696ff41160795dcfdea	1784761185327000000	19808482646587	openwhisk_scheduler_jvm_mono	recovery/openwhisk/capture/scheduler.filtered.log	357
asyncs-openwhisk-direct-event-v1	C5	asyncs	dynamic-html-derived-v1	121	1	961ae0a7674c43f59ae0a7674ce3f539	OW300	1	2	true	latest_ow300_not_after_ow310_tie_first_source_line	scheduler	true	true		scheduler0	openwhisk_scheduler	1	130c8f18769e7696ff41160795dcfdea	1784761185328000000	19808484175239	openwhisk_scheduler_jvm_mono	recovery/openwhisk/capture/scheduler.filtered.log	358
asyncs-openwhisk-direct-event-v1	C5	asyncs	dynamic-html-derived-v1	121	1	961ae0a7674c43f59ae0a7674ce3f539	OW300	2	2	false	latest_ow300_not_after_ow310_tie_first_source_line	scheduler	true	true		scheduler0	openwhisk_scheduler	1	130c8f18769e7696ff41160795dcfdea	1784761185328000000	19808484233509	openwhisk_scheduler_jvm_mono	recovery/openwhisk/capture/scheduler.filtered.log	359
asyncs-openwhisk-direct-event-v1	C5	asyncs	dynamic-html-derived-v1	121	1	961ae0a7674c43f59ae0a7674ce3f539	OW310	1	1	true	single_direct_observation	invoker	true	true		invoker0	openwhisk_invoker	29163	130c8f18769e7696ff41160795dcfdea	1784761185331000000	19808543296360	openwhisk_invoker_jvm_mono	recovery/openwhisk/capture/invokers.filtered.log	277
asyncs-openwhisk-direct-event-v1	C5	asyncs	dynamic-html-derived-v1	121	1	961ae0a7674c43f59ae0a7674ce3f539	OW800	1	1	true	single_direct_observation	invoker	true	true		invoker0	openwhisk_invoker	29163	130c8f18769e7696ff41160795dcfdea	1784761185675000000	19808887378762	openwhisk_invoker_jvm_mono	recovery/openwhisk/capture/invokers.filtered.log	280
asyncs-openwhisk-direct-event-v1	C5	asyncs	dynamic-html-derived-v1	12	1	96783c87062f4699b83c87062ff69901	OW120	1	1	true	single_direct_observation	controller	true	true		controller0	openwhisk_controller	1	183ab3590ab451448556795a2a5edaca	1784761166608000000	19789764250185	openwhisk_controller_jvm_mono	recovery/openwhisk/capture/controller.filtered.log	23
asyncs-openwhisk-direct-event-v1	C5	asyncs	dynamic-html-derived-v1	12	1	96783c87062f4699b83c87062ff69901	OW150	1	1	true	single_direct_observation	controller	true	true		controller0	openwhisk_controller	1	183ab3590ab451448556795a2a5edaca	1784761166608000000	19789764312636	openwhisk_controller_jvm_mono	recovery/openwhisk/capture/controller.filtered.log	24
asyncs-openwhisk-direct-event-v1	C5	asyncs	dynamic-html-derived-v1	12	1	96783c87062f4699b83c87062ff69901	OW260	1	1	true	single_direct_observation	scheduler	true	true		scheduler0	openwhisk_scheduler	1	183ab3590ab451448556795a2a5edaca	1784761166613000000	19789768819290	openwhisk_scheduler_jvm_mono	recovery/openwhisk/capture/scheduler.filtered.log	30
asyncs-openwhisk-direct-event-v1	C5	asyncs	dynamic-html-derived-v1	12	1	96783c87062f4699b83c87062ff69901	OW300	1	2	true	latest_ow300_not_after_ow310_tie_first_source_line	scheduler	true	true		scheduler0	openwhisk_scheduler	1	183ab3590ab451448556795a2a5edaca	1784761166613000000	19789768980667	openwhisk_scheduler_jvm_mono	recovery/openwhisk/capture/scheduler.filtered.log	31
asyncs-openwhisk-direct-event-v1	C5	asyncs	dynamic-html-derived-v1	12	1	96783c87062f4699b83c87062ff69901	OW300	2	2	false	latest_ow300_not_after_ow310_tie_first_source_line	scheduler	true	true		scheduler0	openwhisk_scheduler	1	183ab3590ab451448556795a2a5edaca	1784761166613000000	19789769037819	openwhisk_scheduler_jvm_mono	recovery/openwhisk/capture/scheduler.filtered.log	32
asyncs-openwhisk-direct-event-v1	C5	asyncs	dynamic-html-derived-v1	12	1	96783c87062f4699b83c87062ff69901	OW310	1	1	true	single_direct_observation	invoker	true	true		invoker0	openwhisk_invoker	29163	183ab3590ab451448556795a2a5edaca	1784761166618000000	19789830238140	openwhisk_invoker_jvm_mono	recovery/openwhisk/capture/invokers.filtered.log	47
asyncs-openwhisk-direct-event-v1	C5	asyncs	dynamic-html-derived-v1	12	1	96783c87062f4699b83c87062ff69901	OW800	1	1	true	single_direct_observation	invoker	true	true		invoker0	openwhisk_invoker	29163	183ab3590ab451448556795a2a5edaca	1784761166961000000	19790174003865	openwhisk_invoker_jvm_mono	recovery/openwhisk/capture/invokers.filtered.log	50
asyncs-openwhisk-direct-event-v1	C5	asyncs	dynamic-html-derived-v1	64	1	96e9fae34d8146eea9fae34d8146ee5d	OW120	1	1	true	single_direct_observation	controller	true	true		controller0	openwhisk_controller	1	27acc948a2345d635008b698af5b5e80	1784761175665000000	19798821214535	openwhisk_controller_jvm_mono	recovery/openwhisk/capture/controller.filtered.log	127
asyncs-openwhisk-direct-event-v1	C5	asyncs	dynamic-html-derived-v1	64	1	96e9fae34d8146eea9fae34d8146ee5d	OW150	1	1	true	single_direct_observation	controller	true	true		controller0	openwhisk_controller	1	27acc948a2345d635008b698af5b5e80	1784761175665000000	19798821253522	openwhisk_controller_jvm_mono	recovery/openwhisk/capture/controller.filtered.log	128
asyncs-openwhisk-direct-event-v1	C5	asyncs	dynamic-html-derived-v1	64	1	96e9fae34d8146eea9fae34d8146ee5d	OW260	1	1	true	single_direct_observation	scheduler	true	true		scheduler0	openwhisk_scheduler	1	27acc948a2345d635008b698af5b5e80	1784761175669000000	19798825364302	openwhisk_scheduler_jvm_mono	recovery/openwhisk/capture/scheduler.filtered.log	186
asyncs-openwhisk-direct-event-v1	C5	asyncs	dynamic-html-derived-v1	64	1	96e9fae34d8146eea9fae34d8146ee5d	OW300	1	2	true	latest_ow300_not_after_ow310_tie_first_source_line	scheduler	true	true		scheduler0	openwhisk_scheduler	1	27acc948a2345d635008b698af5b5e80	1784761175670000000	19798825572447	openwhisk_scheduler_jvm_mono	recovery/openwhisk/capture/scheduler.filtered.log	187
asyncs-openwhisk-direct-event-v1	C5	asyncs	dynamic-html-derived-v1	64	1	96e9fae34d8146eea9fae34d8146ee5d	OW300	2	2	false	latest_ow300_not_after_ow310_tie_first_source_line	scheduler	true	true		scheduler0	openwhisk_scheduler	1	27acc948a2345d635008b698af5b5e80	1784761175670000000	19798825636105	openwhisk_scheduler_jvm_mono	recovery/openwhisk/capture/scheduler.filtered.log	188
asyncs-openwhisk-direct-event-v1	C5	asyncs	dynamic-html-derived-v1	64	1	96e9fae34d8146eea9fae34d8146ee5d	OW310	1	1	true	single_direct_observation	invoker	true	true		invoker0	openwhisk_invoker	29163	27acc948a2345d635008b698af5b5e80	1784761175672000000	19798884838498	openwhisk_invoker_jvm_mono	recovery/openwhisk/capture/invokers.filtered.log	157
asyncs-openwhisk-direct-event-v1	C5	asyncs	dynamic-html-derived-v1	64	1	96e9fae34d8146eea9fae34d8146ee5d	OW800	1	1	true	single_direct_observation	invoker	true	true		invoker0	openwhisk_invoker	29163	27acc948a2345d635008b698af5b5e80	1784761176016000000	19799228784405	openwhisk_invoker_jvm_mono	recovery/openwhisk/capture/invokers.filtered.log	160
asyncs-openwhisk-direct-event-v1	C5	asyncs	dynamic-html-derived-v1	111	1	97009370f69143a0809370f691f3a077	OW120	1	1	true	single_direct_observation	controller	true	true		controller0	openwhisk_controller	1	a581c22b0a7d5da2bd385a9eaa16b28f	1784761183733000000	19806889025475	openwhisk_controller_jvm_mono	recovery/openwhisk/capture/controller.filtered.log	221
asyncs-openwhisk-direct-event-v1	C5	asyncs	dynamic-html-derived-v1	111	1	97009370f69143a0809370f691f3a077	OW150	1	1	true	single_direct_observation	controller	true	true		controller0	openwhisk_controller	1	a581c22b0a7d5da2bd385a9eaa16b28f	1784761183733000000	19806889067973	openwhisk_controller_jvm_mono	recovery/openwhisk/capture/controller.filtered.log	222
asyncs-openwhisk-direct-event-v1	C5	asyncs	dynamic-html-derived-v1	111	1	97009370f69143a0809370f691f3a077	OW260	1	1	true	single_direct_observation	scheduler	true	true		scheduler0	openwhisk_scheduler	1	a581c22b0a7d5da2bd385a9eaa16b28f	1784761183738000000	19806893653978	openwhisk_scheduler_jvm_mono	recovery/openwhisk/capture/scheduler.filtered.log	327
asyncs-openwhisk-direct-event-v1	C5	asyncs	dynamic-html-derived-v1	111	1	97009370f69143a0809370f691f3a077	OW300	1	2	true	latest_ow300_not_after_ow310_tie_first_source_line	scheduler	true	true		scheduler0	openwhisk_scheduler	1	a581c22b0a7d5da2bd385a9eaa16b28f	1784761183738000000	19806893823512	openwhisk_scheduler_jvm_mono	recovery/openwhisk/capture/scheduler.filtered.log	328
asyncs-openwhisk-direct-event-v1	C5	asyncs	dynamic-html-derived-v1	111	1	97009370f69143a0809370f691f3a077	OW300	2	2	false	latest_ow300_not_after_ow310_tie_first_source_line	scheduler	true	true		scheduler0	openwhisk_scheduler	1	a581c22b0a7d5da2bd385a9eaa16b28f	1784761183738000000	19806893866418	openwhisk_scheduler_jvm_mono	recovery/openwhisk/capture/scheduler.filtered.log	329
asyncs-openwhisk-direct-event-v1	C5	asyncs	dynamic-html-derived-v1	111	1	97009370f69143a0809370f691f3a077	OW310	1	1	true	single_direct_observation	invoker	true	true		invoker0	openwhisk_invoker	29163	a581c22b0a7d5da2bd385a9eaa16b28f	1784761183740000000	19806952890284	openwhisk_invoker_jvm_mono	recovery/openwhisk/capture/invokers.filtered.log	257
asyncs-openwhisk-direct-event-v1	C5	asyncs	dynamic-html-derived-v1	111	1	97009370f69143a0809370f691f3a077	OW800	1	1	true	single_direct_observation	invoker	true	true		invoker0	openwhisk_invoker	29163	a581c22b0a7d5da2bd385a9eaa16b28f	1784761184087000000	19807300076162	openwhisk_invoker_jvm_mono	recovery/openwhisk/capture/invokers.filtered.log	260
asyncs-openwhisk-direct-event-v1	C5	asyncs	dynamic-html-derived-v1	297	1	99732a212dc545fcb32a212dc515fc9b	OW120	1	1	true	single_direct_observation	controller	true	true		controller0	openwhisk_controller	1	f361a818eaf167441bf3cb553f37c247	1784761216350000000	19839505956256	openwhisk_controller_jvm_mono	recovery/openwhisk/capture/controller.filtered.log	593
asyncs-openwhisk-direct-event-v1	C5	asyncs	dynamic-html-derived-v1	297	1	99732a212dc545fcb32a212dc515fc9b	OW150	1	1	true	single_direct_observation	controller	true	true		controller0	openwhisk_controller	1	f361a818eaf167441bf3cb553f37c247	1784761216350000000	19839505974059	openwhisk_controller_jvm_mono	recovery/openwhisk/capture/controller.filtered.log	594
asyncs-openwhisk-direct-event-v1	C5	asyncs	dynamic-html-derived-v1	297	1	99732a212dc545fcb32a212dc515fc9b	OW260	1	1	true	single_direct_observation	scheduler	true	true		scheduler0	openwhisk_scheduler	1	f361a818eaf167441bf3cb553f37c247	1784761216357000000	19839512609650	openwhisk_scheduler_jvm_mono	recovery/openwhisk/capture/scheduler.filtered.log	885
asyncs-openwhisk-direct-event-v1	C5	asyncs	dynamic-html-derived-v1	297	1	99732a212dc545fcb32a212dc515fc9b	OW300	1	2	true	latest_ow300_not_after_ow310_tie_first_source_line	scheduler	true	true		scheduler0	openwhisk_scheduler	1	f361a818eaf167441bf3cb553f37c247	1784761216357000000	19839512723786	openwhisk_scheduler_jvm_mono	recovery/openwhisk/capture/scheduler.filtered.log	886
asyncs-openwhisk-direct-event-v1	C5	asyncs	dynamic-html-derived-v1	297	1	99732a212dc545fcb32a212dc515fc9b	OW300	2	2	false	latest_ow300_not_after_ow310_tie_first_source_line	scheduler	true	true		scheduler0	openwhisk_scheduler	1	f361a818eaf167441bf3cb553f37c247	1784761216357000000	19839512768722	openwhisk_scheduler_jvm_mono	recovery/openwhisk/capture/scheduler.filtered.log	887
asyncs-openwhisk-direct-event-v1	C5	asyncs	dynamic-html-derived-v1	297	1	99732a212dc545fcb32a212dc515fc9b	OW310	1	1	true	single_direct_observation	invoker	true	true		invoker2	openwhisk_invoker	26523	f361a818eaf167441bf3cb553f37c247	1784761216359000000	19838514746153	openwhisk_invoker_jvm_mono	recovery/openwhisk/capture/invokers.filtered.log	1490
asyncs-openwhisk-direct-event-v1	C5	asyncs	dynamic-html-derived-v1	297	1	99732a212dc545fcb32a212dc515fc9b	OW800	1	1	true	single_direct_observation	invoker	true	true		invoker2	openwhisk_invoker	26523	f361a818eaf167441bf3cb553f37c247	1784761216908000000	19839062874597	openwhisk_invoker_jvm_mono	recovery/openwhisk/capture/invokers.filtered.log	1498
asyncs-openwhisk-direct-event-v1	C5	asyncs	dynamic-html-derived-v1	83	1	9a41da22562d45dd81da22562d75ddb5	OW120	1	1	true	single_direct_observation	controller	true	true		controller0	openwhisk_controller	1	fd00a0514498a27477c8cc55a536ee5d	1784761178823000000	19801979359332	openwhisk_controller_jvm_mono	recovery/openwhisk/capture/controller.filtered.log	165
asyncs-openwhisk-direct-event-v1	C5	asyncs	dynamic-html-derived-v1	83	1	9a41da22562d45dd81da22562d75ddb5	OW150	1	1	true	single_direct_observation	controller	true	true		controller0	openwhisk_controller	1	fd00a0514498a27477c8cc55a536ee5d	1784761178823000000	19801979399501	openwhisk_controller_jvm_mono	recovery/openwhisk/capture/controller.filtered.log	166
asyncs-openwhisk-direct-event-v1	C5	asyncs	dynamic-html-derived-v1	83	1	9a41da22562d45dd81da22562d75ddb5	OW260	1	1	true	single_direct_observation	scheduler	true	true		scheduler0	openwhisk_scheduler	1	fd00a0514498a27477c8cc55a536ee5d	1784761178829000000	19801985082337	openwhisk_scheduler_jvm_mono	recovery/openwhisk/capture/scheduler.filtered.log	243
asyncs-openwhisk-direct-event-v1	C5	asyncs	dynamic-html-derived-v1	83	1	9a41da22562d45dd81da22562d75ddb5	OW300	1	2	true	latest_ow300_not_after_ow310_tie_first_source_line	scheduler	true	true		scheduler0	openwhisk_scheduler	1	fd00a0514498a27477c8cc55a536ee5d	1784761178829000000	19801985246454	openwhisk_scheduler_jvm_mono	recovery/openwhisk/capture/scheduler.filtered.log	244
asyncs-openwhisk-direct-event-v1	C5	asyncs	dynamic-html-derived-v1	83	1	9a41da22562d45dd81da22562d75ddb5	OW300	2	2	false	latest_ow300_not_after_ow310_tie_first_source_line	scheduler	true	true		scheduler0	openwhisk_scheduler	1	fd00a0514498a27477c8cc55a536ee5d	1784761178829000000	19801985291565	openwhisk_scheduler_jvm_mono	recovery/openwhisk/capture/scheduler.filtered.log	245
asyncs-openwhisk-direct-event-v1	C5	asyncs	dynamic-html-derived-v1	83	1	9a41da22562d45dd81da22562d75ddb5	OW310	1	1	true	single_direct_observation	invoker	true	true		invoker0	openwhisk_invoker	29163	fd00a0514498a27477c8cc55a536ee5d	1784761178832000000	19802044258862	openwhisk_invoker_jvm_mono	recovery/openwhisk/capture/invokers.filtered.log	197
asyncs-openwhisk-direct-event-v1	C5	asyncs	dynamic-html-derived-v1	83	1	9a41da22562d45dd81da22562d75ddb5	OW800	1	1	true	single_direct_observation	invoker	true	true		invoker0	openwhisk_invoker	29163	fd00a0514498a27477c8cc55a536ee5d	1784761179178000000	19802390589896	openwhisk_invoker_jvm_mono	recovery/openwhisk/capture/invokers.filtered.log	200
asyncs-openwhisk-direct-event-v1	C5	asyncs	dynamic-html-derived-v1	246	1	9b0528c5631644348528c56316343400	OW120	1	1	true	single_direct_observation	controller	true	true		controller0	openwhisk_controller	1	bdd251853383714a1beb5df9720c8ab5	1784761207525000000	19830681290168	openwhisk_controller_jvm_mono	recovery/openwhisk/capture/controller.filtered.log	491
asyncs-openwhisk-direct-event-v1	C5	asyncs	dynamic-html-derived-v1	246	1	9b0528c5631644348528c56316343400	OW150	1	1	true	single_direct_observation	controller	true	true		controller0	openwhisk_controller	1	bdd251853383714a1beb5df9720c8ab5	1784761207525000000	19830681325178	openwhisk_controller_jvm_mono	recovery/openwhisk/capture/controller.filtered.log	492
asyncs-openwhisk-direct-event-v1	C5	asyncs	dynamic-html-derived-v1	246	1	9b0528c5631644348528c56316343400	OW260	1	1	true	single_direct_observation	scheduler	true	true		scheduler0	openwhisk_scheduler	1	bdd251853383714a1beb5df9720c8ab5	1784761207537000000	19830692901107	openwhisk_scheduler_jvm_mono	recovery/openwhisk/capture/scheduler.filtered.log	732
asyncs-openwhisk-direct-event-v1	C5	asyncs	dynamic-html-derived-v1	246	1	9b0528c5631644348528c56316343400	OW300	1	2	true	latest_ow300_not_after_ow310_tie_first_source_line	scheduler	true	true		scheduler0	openwhisk_scheduler	1	bdd251853383714a1beb5df9720c8ab5	1784761207537000000	19830693042082	openwhisk_scheduler_jvm_mono	recovery/openwhisk/capture/scheduler.filtered.log	733
asyncs-openwhisk-direct-event-v1	C5	asyncs	dynamic-html-derived-v1	246	1	9b0528c5631644348528c56316343400	OW300	2	2	false	latest_ow300_not_after_ow310_tie_first_source_line	scheduler	true	true		scheduler0	openwhisk_scheduler	1	bdd251853383714a1beb5df9720c8ab5	1784761207537000000	19830693073132	openwhisk_scheduler_jvm_mono	recovery/openwhisk/capture/scheduler.filtered.log	734
asyncs-openwhisk-direct-event-v1	C5	asyncs	dynamic-html-derived-v1	246	1	9b0528c5631644348528c56316343400	OW310	1	1	true	single_direct_observation	invoker	true	true		invoker0	openwhisk_invoker	29163	bdd251853383714a1beb5df9720c8ab5	1784761207539000000	19830752071338	openwhisk_invoker_jvm_mono	recovery/openwhisk/capture/invokers.filtered.log	537
asyncs-openwhisk-direct-event-v1	C5	asyncs	dynamic-html-derived-v1	246	1	9b0528c5631644348528c56316343400	OW800	1	1	true	single_direct_observation	invoker	true	true		invoker0	openwhisk_invoker	29163	bdd251853383714a1beb5df9720c8ab5	1784761207933000000	19831145798910	openwhisk_invoker_jvm_mono	recovery/openwhisk/capture/invokers.filtered.log	540
asyncs-openwhisk-direct-event-v1	C5	asyncs	dynamic-html-derived-v1	140	1	9ba67bdd95534198a67bdd9553219810	OW120	1	1	true	single_direct_observation	controller	true	true		controller0	openwhisk_controller	1	27b63c1d3435c3cd1d13205308a5d2ea	1784761188817000000	19811972540749	openwhisk_controller_jvm_mono	recovery/openwhisk/capture/controller.filtered.log	279
asyncs-openwhisk-direct-event-v1	C5	asyncs	dynamic-html-derived-v1	140	1	9ba67bdd95534198a67bdd9553219810	OW150	1	1	true	single_direct_observation	controller	true	true		controller0	openwhisk_controller	1	27b63c1d3435c3cd1d13205308a5d2ea	1784761188817000000	19811972570741	openwhisk_controller_jvm_mono	recovery/openwhisk/capture/controller.filtered.log	280
asyncs-openwhisk-direct-event-v1	C5	asyncs	dynamic-html-derived-v1	140	1	9ba67bdd95534198a67bdd9553219810	OW260	1	1	true	single_direct_observation	scheduler	true	true		scheduler0	openwhisk_scheduler	1	27b63c1d3435c3cd1d13205308a5d2ea	1784761188826000000	19811982078472	openwhisk_scheduler_jvm_mono	recovery/openwhisk/capture/scheduler.filtered.log	414
asyncs-openwhisk-direct-event-v1	C5	asyncs	dynamic-html-derived-v1	140	1	9ba67bdd95534198a67bdd9553219810	OW300	1	2	true	latest_ow300_not_after_ow310_tie_first_source_line	scheduler	true	true		scheduler0	openwhisk_scheduler	1	27b63c1d3435c3cd1d13205308a5d2ea	1784761188826000000	19811982183794	openwhisk_scheduler_jvm_mono	recovery/openwhisk/capture/scheduler.filtered.log	415
asyncs-openwhisk-direct-event-v1	C5	asyncs	dynamic-html-derived-v1	140	1	9ba67bdd95534198a67bdd9553219810	OW300	2	2	false	latest_ow300_not_after_ow310_tie_first_source_line	scheduler	true	true		scheduler0	openwhisk_scheduler	1	27b63c1d3435c3cd1d13205308a5d2ea	1784761188826000000	19811982237565	openwhisk_scheduler_jvm_mono	recovery/openwhisk/capture/scheduler.filtered.log	416
asyncs-openwhisk-direct-event-v1	C5	asyncs	dynamic-html-derived-v1	140	1	9ba67bdd95534198a67bdd9553219810	OW310	1	1	true	single_direct_observation	invoker	true	true		invoker2	openwhisk_invoker	26523	27b63c1d3435c3cd1d13205308a5d2ea	1784761188829000000	19810983929483	openwhisk_invoker_jvm_mono	recovery/openwhisk/capture/invokers.filtered.log	1035
asyncs-openwhisk-direct-event-v1	C5	asyncs	dynamic-html-derived-v1	140	1	9ba67bdd95534198a67bdd9553219810	OW800	1	1	true	single_direct_observation	invoker	true	true		invoker2	openwhisk_invoker	26523	27b63c1d3435c3cd1d13205308a5d2ea	1784761189335000000	19811490326239	openwhisk_invoker_jvm_mono	recovery/openwhisk/capture/invokers.filtered.log	1041
asyncs-openwhisk-direct-event-v1	C5	asyncs	dynamic-html-derived-v1	108	1	9c9373a3a1224c399373a3a1221c3982	OW120	1	1	true	single_direct_observation	controller	true	true		controller0	openwhisk_controller	1	329d24a5ff2616521c49b40f89ad9766	1784761183135000000	19806291087978	openwhisk_controller_jvm_mono	recovery/openwhisk/capture/controller.filtered.log	215
asyncs-openwhisk-direct-event-v1	C5	asyncs	dynamic-html-derived-v1	108	1	9c9373a3a1224c399373a3a1221c3982	OW150	1	1	true	single_direct_observation	controller	true	true		controller0	openwhisk_controller	1	329d24a5ff2616521c49b40f89ad9766	1784761183135000000	19806291132345	openwhisk_controller_jvm_mono	recovery/openwhisk/capture/controller.filtered.log	216
asyncs-openwhisk-direct-event-v1	C5	asyncs	dynamic-html-derived-v1	108	1	9c9373a3a1224c399373a3a1221c3982	OW260	1	1	true	single_direct_observation	scheduler	true	true		scheduler0	openwhisk_scheduler	1	329d24a5ff2616521c49b40f89ad9766	1784761183142000000	19806298202361	openwhisk_scheduler_jvm_mono	recovery/openwhisk/capture/scheduler.filtered.log	318
asyncs-openwhisk-direct-event-v1	C5	asyncs	dynamic-html-derived-v1	108	1	9c9373a3a1224c399373a3a1221c3982	OW300	1	2	true	latest_ow300_not_after_ow310_tie_first_source_line	scheduler	true	true		scheduler0	openwhisk_scheduler	1	329d24a5ff2616521c49b40f89ad9766	1784761183142000000	19806298373344	openwhisk_scheduler_jvm_mono	recovery/openwhisk/capture/scheduler.filtered.log	319
asyncs-openwhisk-direct-event-v1	C5	asyncs	dynamic-html-derived-v1	108	1	9c9373a3a1224c399373a3a1221c3982	OW300	2	2	false	latest_ow300_not_after_ow310_tie_first_source_line	scheduler	true	true		scheduler0	openwhisk_scheduler	1	329d24a5ff2616521c49b40f89ad9766	1784761183142000000	19806298413781	openwhisk_scheduler_jvm_mono	recovery/openwhisk/capture/scheduler.filtered.log	320
asyncs-openwhisk-direct-event-v1	C5	asyncs	dynamic-html-derived-v1	108	1	9c9373a3a1224c399373a3a1221c3982	OW310	1	1	true	single_direct_observation	invoker	true	true		invoker0	openwhisk_invoker	29163	329d24a5ff2616521c49b40f89ad9766	1784761183146000000	19806358616806	openwhisk_invoker_jvm_mono	recovery/openwhisk/capture/invokers.filtered.log	252
asyncs-openwhisk-direct-event-v1	C5	asyncs	dynamic-html-derived-v1	108	1	9c9373a3a1224c399373a3a1221c3982	OW800	1	1	true	single_direct_observation	invoker	true	true		invoker0	openwhisk_invoker	29163	329d24a5ff2616521c49b40f89ad9766	1784761183489000000	19806701459081	openwhisk_invoker_jvm_mono	recovery/openwhisk/capture/invokers.filtered.log	255
asyncs-openwhisk-direct-event-v1	C5	asyncs	dynamic-html-derived-v1	299	1	9cbb887c71ae4d92bb887c71aebd92f6	OW120	1	1	true	single_direct_observation	controller	true	true		controller0	openwhisk_controller	1	df08332ae8634bc70aa0030243d90367	1784761216662000000	19839818207631	openwhisk_controller_jvm_mono	recovery/openwhisk/capture/controller.filtered.log	597
asyncs-openwhisk-direct-event-v1	C5	asyncs	dynamic-html-derived-v1	299	1	9cbb887c71ae4d92bb887c71aebd92f6	OW150	1	1	true	single_direct_observation	controller	true	true		controller0	openwhisk_controller	1	df08332ae8634bc70aa0030243d90367	1784761216662000000	19839818237503	openwhisk_controller_jvm_mono	recovery/openwhisk/capture/controller.filtered.log	598
asyncs-openwhisk-direct-event-v1	C5	asyncs	dynamic-html-derived-v1	299	1	9cbb887c71ae4d92bb887c71aebd92f6	OW260	1	1	true	single_direct_observation	scheduler	true	true		scheduler0	openwhisk_scheduler	1	df08332ae8634bc70aa0030243d90367	1784761216667000000	19839822480055	openwhisk_scheduler_jvm_mono	recovery/openwhisk/capture/scheduler.filtered.log	891
asyncs-openwhisk-direct-event-v1	C5	asyncs	dynamic-html-derived-v1	299	1	9cbb887c71ae4d92bb887c71aebd92f6	OW300	1	2	true	latest_ow300_not_after_ow310_tie_first_source_line	scheduler	true	true		scheduler0	openwhisk_scheduler	1	df08332ae8634bc70aa0030243d90367	1784761216667000000	19839822625271	openwhisk_scheduler_jvm_mono	recovery/openwhisk/capture/scheduler.filtered.log	892
asyncs-openwhisk-direct-event-v1	C5	asyncs	dynamic-html-derived-v1	299	1	9cbb887c71ae4d92bb887c71aebd92f6	OW300	2	2	false	latest_ow300_not_after_ow310_tie_first_source_line	scheduler	true	true		scheduler0	openwhisk_scheduler	1	df08332ae8634bc70aa0030243d90367	1784761216667000000	19839822664102	openwhisk_scheduler_jvm_mono	recovery/openwhisk/capture/scheduler.filtered.log	893
asyncs-openwhisk-direct-event-v1	C5	asyncs	dynamic-html-derived-v1	299	1	9cbb887c71ae4d92bb887c71aebd92f6	OW310	1	1	true	single_direct_observation	invoker	true	true		invoker0	openwhisk_invoker	29163	df08332ae8634bc70aa0030243d90367	1784761216669000000	19839881222491	openwhisk_invoker_jvm_mono	recovery/openwhisk/capture/invokers.filtered.log	647
asyncs-openwhisk-direct-event-v1	C5	asyncs	dynamic-html-derived-v1	299	1	9cbb887c71ae4d92bb887c71aebd92f6	OW800	1	1	true	single_direct_observation	invoker	true	true		invoker0	openwhisk_invoker	29163	df08332ae8634bc70aa0030243d90367	1784761217024000000	19840236646007	openwhisk_invoker_jvm_mono	recovery/openwhisk/capture/invokers.filtered.log	650
asyncs-openwhisk-direct-event-v1	C5	asyncs	dynamic-html-derived-v1	291	1	9d29b2a8658c4837a9b2a8658c48373d	OW120	1	1	true	single_direct_observation	controller	true	true		controller0	openwhisk_controller	1	bab7e2870a4a245b593bc972e4173a83	1784761215299000000	19838454661087	openwhisk_controller_jvm_mono	recovery/openwhisk/capture/controller.filtered.log	581
asyncs-openwhisk-direct-event-v1	C5	asyncs	dynamic-html-derived-v1	291	1	9d29b2a8658c4837a9b2a8658c48373d	OW150	1	1	true	single_direct_observation	controller	true	true		controller0	openwhisk_controller	1	bab7e2870a4a245b593bc972e4173a83	1784761215299000000	19838454884865	openwhisk_controller_jvm_mono	recovery/openwhisk/capture/controller.filtered.log	582
asyncs-openwhisk-direct-event-v1	C5	asyncs	dynamic-html-derived-v1	291	1	9d29b2a8658c4837a9b2a8658c48373d	OW260	1	1	true	single_direct_observation	scheduler	true	true		scheduler0	openwhisk_scheduler	1	bab7e2870a4a245b593bc972e4173a83	1784761215303000000	19838458967421	openwhisk_scheduler_jvm_mono	recovery/openwhisk/capture/scheduler.filtered.log	867
asyncs-openwhisk-direct-event-v1	C5	asyncs	dynamic-html-derived-v1	291	1	9d29b2a8658c4837a9b2a8658c48373d	OW300	1	2	true	latest_ow300_not_after_ow310_tie_first_source_line	scheduler	true	true		scheduler0	openwhisk_scheduler	1	bab7e2870a4a245b593bc972e4173a83	1784761215303000000	19838459115323	openwhisk_scheduler_jvm_mono	recovery/openwhisk/capture/scheduler.filtered.log	868
asyncs-openwhisk-direct-event-v1	C5	asyncs	dynamic-html-derived-v1	291	1	9d29b2a8658c4837a9b2a8658c48373d	OW300	2	2	false	latest_ow300_not_after_ow310_tie_first_source_line	scheduler	true	true		scheduler0	openwhisk_scheduler	1	bab7e2870a4a245b593bc972e4173a83	1784761215303000000	19838459153991	openwhisk_scheduler_jvm_mono	recovery/openwhisk/capture/scheduler.filtered.log	869
asyncs-openwhisk-direct-event-v1	C5	asyncs	dynamic-html-derived-v1	291	1	9d29b2a8658c4837a9b2a8658c48373d	OW310	1	1	true	single_direct_observation	invoker	true	true		invoker2	openwhisk_invoker	26523	bab7e2870a4a245b593bc972e4173a83	1784761215305000000	19837460490153	openwhisk_invoker_jvm_mono	recovery/openwhisk/capture/invokers.filtered.log	1475
asyncs-openwhisk-direct-event-v1	C5	asyncs	dynamic-html-derived-v1	291	1	9d29b2a8658c4837a9b2a8658c48373d	OW800	1	1	true	single_direct_observation	invoker	true	true		invoker2	openwhisk_invoker	26523	bab7e2870a4a245b593bc972e4173a83	1784761215838000000	19837993594693	openwhisk_invoker_jvm_mono	recovery/openwhisk/capture/invokers.filtered.log	1483
asyncs-openwhisk-direct-event-v1	C5	asyncs	dynamic-html-derived-v1	156	1	9e1fedc293884ede9fedc293884ede7f	OW120	1	1	true	single_direct_observation	controller	true	true		controller0	openwhisk_controller	1	533c4a2d766575f4e93d2f4397678dc6	1784761191988000000	19815144398670	openwhisk_controller_jvm_mono	recovery/openwhisk/capture/controller.filtered.log	311
asyncs-openwhisk-direct-event-v1	C5	asyncs	dynamic-html-derived-v1	156	1	9e1fedc293884ede9fedc293884ede7f	OW150	1	1	true	single_direct_observation	controller	true	true		controller0	openwhisk_controller	1	533c4a2d766575f4e93d2f4397678dc6	1784761191988000000	19815144434501	openwhisk_controller_jvm_mono	recovery/openwhisk/capture/controller.filtered.log	312
asyncs-openwhisk-direct-event-v1	C5	asyncs	dynamic-html-derived-v1	156	1	9e1fedc293884ede9fedc293884ede7f	OW260	1	1	true	single_direct_observation	scheduler	true	true		scheduler0	openwhisk_scheduler	1	533c4a2d766575f4e93d2f4397678dc6	1784761191994000000	19815149817620	openwhisk_scheduler_jvm_mono	recovery/openwhisk/capture/scheduler.filtered.log	462
asyncs-openwhisk-direct-event-v1	C5	asyncs	dynamic-html-derived-v1	156	1	9e1fedc293884ede9fedc293884ede7f	OW300	1	2	true	latest_ow300_not_after_ow310_tie_first_source_line	scheduler	true	true		scheduler0	openwhisk_scheduler	1	533c4a2d766575f4e93d2f4397678dc6	1784761191994000000	19815150146791	openwhisk_scheduler_jvm_mono	recovery/openwhisk/capture/scheduler.filtered.log	463
asyncs-openwhisk-direct-event-v1	C5	asyncs	dynamic-html-derived-v1	156	1	9e1fedc293884ede9fedc293884ede7f	OW300	2	2	false	latest_ow300_not_after_ow310_tie_first_source_line	scheduler	true	true		scheduler0	openwhisk_scheduler	1	533c4a2d766575f4e93d2f4397678dc6	1784761191994000000	19815150193042	openwhisk_scheduler_jvm_mono	recovery/openwhisk/capture/scheduler.filtered.log	464
asyncs-openwhisk-direct-event-v1	C5	asyncs	dynamic-html-derived-v1	156	1	9e1fedc293884ede9fedc293884ede7f	OW310	1	1	true	single_direct_observation	invoker	true	true		invoker0	openwhisk_invoker	29163	533c4a2d766575f4e93d2f4397678dc6	1784761191997000000	19815209801544	openwhisk_invoker_jvm_mono	recovery/openwhisk/capture/invokers.filtered.log	352
asyncs-openwhisk-direct-event-v1	C5	asyncs	dynamic-html-derived-v1	156	1	9e1fedc293884ede9fedc293884ede7f	OW800	1	1	true	single_direct_observation	invoker	true	true		invoker0	openwhisk_invoker	29163	533c4a2d766575f4e93d2f4397678dc6	1784761192342000000	19815554436345	openwhisk_invoker_jvm_mono	recovery/openwhisk/capture/invokers.filtered.log	355
asyncs-openwhisk-direct-event-v1	C5	asyncs	dynamic-html-derived-v1	46	1	9e4621bb2f3441108621bb2f3461103e	OW120	1	1	true	single_direct_observation	controller	true	true		controller0	openwhisk_controller	1	4563230607da90b8420b88c75beeb34f	1784761172713000000	19795869049947	openwhisk_controller_jvm_mono	recovery/openwhisk/capture/controller.filtered.log	91
asyncs-openwhisk-direct-event-v1	C5	asyncs	dynamic-html-derived-v1	46	1	9e4621bb2f3441108621bb2f3461103e	OW150	1	1	true	single_direct_observation	controller	true	true		controller0	openwhisk_controller	1	4563230607da90b8420b88c75beeb34f	1784761172713000000	19795869084992	openwhisk_controller_jvm_mono	recovery/openwhisk/capture/controller.filtered.log	92
asyncs-openwhisk-direct-event-v1	C5	asyncs	dynamic-html-derived-v1	46	1	9e4621bb2f3441108621bb2f3461103e	OW260	1	1	true	single_direct_observation	scheduler	true	true		scheduler0	openwhisk_scheduler	1	4563230607da90b8420b88c75beeb34f	1784761172717000000	19795872670201	openwhisk_scheduler_jvm_mono	recovery/openwhisk/capture/scheduler.filtered.log	132
asyncs-openwhisk-direct-event-v1	C5	asyncs	dynamic-html-derived-v1	46	1	9e4621bb2f3441108621bb2f3461103e	OW300	1	2	true	latest_ow300_not_after_ow310_tie_first_source_line	scheduler	true	true		scheduler0	openwhisk_scheduler	1	4563230607da90b8420b88c75beeb34f	1784761172717000000	19795872946602	openwhisk_scheduler_jvm_mono	recovery/openwhisk/capture/scheduler.filtered.log	133
asyncs-openwhisk-direct-event-v1	C5	asyncs	dynamic-html-derived-v1	46	1	9e4621bb2f3441108621bb2f3461103e	OW300	2	2	false	latest_ow300_not_after_ow310_tie_first_source_line	scheduler	true	true		scheduler0	openwhisk_scheduler	1	4563230607da90b8420b88c75beeb34f	1784761172717000000	19795873053483	openwhisk_scheduler_jvm_mono	recovery/openwhisk/capture/scheduler.filtered.log	134
asyncs-openwhisk-direct-event-v1	C5	asyncs	dynamic-html-derived-v1	46	1	9e4621bb2f3441108621bb2f3461103e	OW310	1	1	true	single_direct_observation	invoker	true	true		invoker2	openwhisk_invoker	26523	4563230607da90b8420b88c75beeb34f	1784761172720000000	19794875271682	openwhisk_invoker_jvm_mono	recovery/openwhisk/capture/invokers.filtered.log	763
asyncs-openwhisk-direct-event-v1	C5	asyncs	dynamic-html-derived-v1	46	1	9e4621bb2f3441108621bb2f3461103e	OW800	1	1	true	single_direct_observation	invoker	true	true		invoker2	openwhisk_invoker	26523	4563230607da90b8420b88c75beeb34f	1784761173144000000	19795298982841	openwhisk_invoker_jvm_mono	recovery/openwhisk/capture/invokers.filtered.log	768
asyncs-openwhisk-direct-event-v1	C5	asyncs	dynamic-html-derived-v1	56	1	9eaadfea011b4ba7aadfea011b7ba788	OW120	1	1	true	single_direct_observation	controller	true	true		controller0	openwhisk_controller	1	b24f3ee228b24988fef0db51b3b30cb8	1784761174387000000	19797543257447	openwhisk_controller_jvm_mono	recovery/openwhisk/capture/controller.filtered.log	111
asyncs-openwhisk-direct-event-v1	C5	asyncs	dynamic-html-derived-v1	56	1	9eaadfea011b4ba7aadfea011b7ba788	OW150	1	1	true	single_direct_observation	controller	true	true		controller0	openwhisk_controller	1	b24f3ee228b24988fef0db51b3b30cb8	1784761174387000000	19797543304257	openwhisk_controller_jvm_mono	recovery/openwhisk/capture/controller.filtered.log	112
asyncs-openwhisk-direct-event-v1	C5	asyncs	dynamic-html-derived-v1	56	1	9eaadfea011b4ba7aadfea011b7ba788	OW260	1	1	true	single_direct_observation	scheduler	true	true		scheduler0	openwhisk_scheduler	1	b24f3ee228b24988fef0db51b3b30cb8	1784761174394000000	19797549959398	openwhisk_scheduler_jvm_mono	recovery/openwhisk/capture/scheduler.filtered.log	162
asyncs-openwhisk-direct-event-v1	C5	asyncs	dynamic-html-derived-v1	56	1	9eaadfea011b4ba7aadfea011b7ba788	OW300	1	2	true	latest_ow300_not_after_ow310_tie_first_source_line	scheduler	true	true		scheduler0	openwhisk_scheduler	1	b24f3ee228b24988fef0db51b3b30cb8	1784761174394000000	19797550113904	openwhisk_scheduler_jvm_mono	recovery/openwhisk/capture/scheduler.filtered.log	163
asyncs-openwhisk-direct-event-v1	C5	asyncs	dynamic-html-derived-v1	56	1	9eaadfea011b4ba7aadfea011b7ba788	OW300	2	2	false	latest_ow300_not_after_ow310_tie_first_source_line	scheduler	true	true		scheduler0	openwhisk_scheduler	1	b24f3ee228b24988fef0db51b3b30cb8	1784761174394000000	19797550158153	openwhisk_scheduler_jvm_mono	recovery/openwhisk/capture/scheduler.filtered.log	164
asyncs-openwhisk-direct-event-v1	C5	asyncs	dynamic-html-derived-v1	56	1	9eaadfea011b4ba7aadfea011b7ba788	OW310	1	1	true	single_direct_observation	invoker	true	true		invoker2	openwhisk_invoker	26523	b24f3ee228b24988fef0db51b3b30cb8	1784761174397000000	19796551893683	openwhisk_invoker_jvm_mono	recovery/openwhisk/capture/invokers.filtered.log	790
asyncs-openwhisk-direct-event-v1	C5	asyncs	dynamic-html-derived-v1	56	1	9eaadfea011b4ba7aadfea011b7ba788	OW800	1	1	true	single_direct_observation	invoker	true	true		invoker2	openwhisk_invoker	26523	b24f3ee228b24988fef0db51b3b30cb8	1784761174934000000	19797089174727	openwhisk_invoker_jvm_mono	recovery/openwhisk/capture/invokers.filtered.log	798
asyncs-openwhisk-direct-event-v1	C5	asyncs	dynamic-html-derived-v1	211	1	9f49c22f2bb5476f89c22f2bb5276f27	OW120	1	1	true	single_direct_observation	controller	true	true		controller0	openwhisk_controller	1	26dde4cc3b9a8266139e18bbf9672e16	1784761201695000000	19824851220560	openwhisk_controller_jvm_mono	recovery/openwhisk/capture/controller.filtered.log	421
asyncs-openwhisk-direct-event-v1	C5	asyncs	dynamic-html-derived-v1	211	1	9f49c22f2bb5476f89c22f2bb5276f27	OW150	1	1	true	single_direct_observation	controller	true	true		controller0	openwhisk_controller	1	26dde4cc3b9a8266139e18bbf9672e16	1784761201695000000	19824851303568	openwhisk_controller_jvm_mono	recovery/openwhisk/capture/controller.filtered.log	422
asyncs-openwhisk-direct-event-v1	C5	asyncs	dynamic-html-derived-v1	211	1	9f49c22f2bb5476f89c22f2bb5276f27	OW260	1	1	true	single_direct_observation	scheduler	true	true		scheduler0	openwhisk_scheduler	1	26dde4cc3b9a8266139e18bbf9672e16	1784761201699000000	19824854714842	openwhisk_scheduler_jvm_mono	recovery/openwhisk/capture/scheduler.filtered.log	627
asyncs-openwhisk-direct-event-v1	C5	asyncs	dynamic-html-derived-v1	211	1	9f49c22f2bb5476f89c22f2bb5276f27	OW300	1	2	true	latest_ow300_not_after_ow310_tie_first_source_line	scheduler	true	true		scheduler0	openwhisk_scheduler	1	26dde4cc3b9a8266139e18bbf9672e16	1784761201699000000	19824854851930	openwhisk_scheduler_jvm_mono	recovery/openwhisk/capture/scheduler.filtered.log	628
asyncs-openwhisk-direct-event-v1	C5	asyncs	dynamic-html-derived-v1	211	1	9f49c22f2bb5476f89c22f2bb5276f27	OW300	2	2	false	latest_ow300_not_after_ow310_tie_first_source_line	scheduler	true	true		scheduler0	openwhisk_scheduler	1	26dde4cc3b9a8266139e18bbf9672e16	1784761201699000000	19824854889781	openwhisk_scheduler_jvm_mono	recovery/openwhisk/capture/scheduler.filtered.log	629
asyncs-openwhisk-direct-event-v1	C5	asyncs	dynamic-html-derived-v1	211	1	9f49c22f2bb5476f89c22f2bb5276f27	OW310	1	1	true	single_direct_observation	invoker	true	true		invoker2	openwhisk_invoker	26523	26dde4cc3b9a8266139e18bbf9672e16	1784761201701000000	19823856723544	openwhisk_invoker_jvm_mono	recovery/openwhisk/capture/invokers.filtered.log	1240
asyncs-openwhisk-direct-event-v1	C5	asyncs	dynamic-html-derived-v1	211	1	9f49c22f2bb5476f89c22f2bb5276f27	OW800	1	1	true	single_direct_observation	invoker	true	true		invoker2	openwhisk_invoker	26523	26dde4cc3b9a8266139e18bbf9672e16	1784761202190000000	19824345799243	openwhisk_invoker_jvm_mono	recovery/openwhisk/capture/invokers.filtered.log	1248
asyncs-openwhisk-direct-event-v1	C5	asyncs	dynamic-html-derived-v1	232	1	a023d066eb254520a3d066eb25452042	OW120	1	1	true	single_direct_observation	controller	true	true		controller0	openwhisk_controller	1	066f1ae0caee74d901899b5659bbbc35	1784761205215000000	19828370854633	openwhisk_controller_jvm_mono	recovery/openwhisk/capture/controller.filtered.log	463
asyncs-openwhisk-direct-event-v1	C5	asyncs	dynamic-html-derived-v1	232	1	a023d066eb254520a3d066eb25452042	OW150	1	1	true	single_direct_observation	controller	true	true		controller0	openwhisk_controller	1	066f1ae0caee74d901899b5659bbbc35	1784761205215000000	19828370916843	openwhisk_controller_jvm_mono	recovery/openwhisk/capture/controller.filtered.log	464
asyncs-openwhisk-direct-event-v1	C5	asyncs	dynamic-html-derived-v1	232	1	a023d066eb254520a3d066eb25452042	OW260	1	1	true	single_direct_observation	scheduler	true	true		scheduler0	openwhisk_scheduler	1	066f1ae0caee74d901899b5659bbbc35	1784761205218000000	19828374198927	openwhisk_scheduler_jvm_mono	recovery/openwhisk/capture/scheduler.filtered.log	690
asyncs-openwhisk-direct-event-v1	C5	asyncs	dynamic-html-derived-v1	232	1	a023d066eb254520a3d066eb25452042	OW300	1	2	true	latest_ow300_not_after_ow310_tie_first_source_line	scheduler	true	true		scheduler0	openwhisk_scheduler	1	066f1ae0caee74d901899b5659bbbc35	1784761205218000000	19828374339218	openwhisk_scheduler_jvm_mono	recovery/openwhisk/capture/scheduler.filtered.log	691
asyncs-openwhisk-direct-event-v1	C5	asyncs	dynamic-html-derived-v1	232	1	a023d066eb254520a3d066eb25452042	OW300	2	2	false	latest_ow300_not_after_ow310_tie_first_source_line	scheduler	true	true		scheduler0	openwhisk_scheduler	1	066f1ae0caee74d901899b5659bbbc35	1784761205218000000	19828374379917	openwhisk_scheduler_jvm_mono	recovery/openwhisk/capture/scheduler.filtered.log	692
asyncs-openwhisk-direct-event-v1	C5	asyncs	dynamic-html-derived-v1	232	1	a023d066eb254520a3d066eb25452042	OW310	1	1	true	single_direct_observation	invoker	true	true		invoker2	openwhisk_invoker	26523	066f1ae0caee74d901899b5659bbbc35	1784761205221000000	19827376037147	openwhisk_invoker_jvm_mono	recovery/openwhisk/capture/invokers.filtered.log	1300
asyncs-openwhisk-direct-event-v1	C5	asyncs	dynamic-html-derived-v1	232	1	a023d066eb254520a3d066eb25452042	OW800	1	1	true	single_direct_observation	invoker	true	true		invoker2	openwhisk_invoker	26523	066f1ae0caee74d901899b5659bbbc35	1784761205722000000	19827877855868	openwhisk_invoker_jvm_mono	recovery/openwhisk/capture/invokers.filtered.log	1308
asyncs-openwhisk-direct-event-v1	C5	asyncs	dynamic-html-derived-v1	277	1	a0cfe96411ee43b08fe96411eee3b086	OW120	1	1	true	single_direct_observation	controller	true	true		controller0	openwhisk_controller	1	87b82f6cab12612d886017f34f688dbd	1784761213149000000	19836304667278	openwhisk_controller_jvm_mono	recovery/openwhisk/capture/controller.filtered.log	553
asyncs-openwhisk-direct-event-v1	C5	asyncs	dynamic-html-derived-v1	277	1	a0cfe96411ee43b08fe96411eee3b086	OW150	1	1	true	single_direct_observation	controller	true	true		controller0	openwhisk_controller	1	87b82f6cab12612d886017f34f688dbd	1784761213149000000	19836304703498	openwhisk_controller_jvm_mono	recovery/openwhisk/capture/controller.filtered.log	554
asyncs-openwhisk-direct-event-v1	C5	asyncs	dynamic-html-derived-v1	277	1	a0cfe96411ee43b08fe96411eee3b086	OW260	1	1	true	single_direct_observation	scheduler	true	true		scheduler0	openwhisk_scheduler	1	87b82f6cab12612d886017f34f688dbd	1784761213152000000	19836307867547	openwhisk_scheduler_jvm_mono	recovery/openwhisk/capture/scheduler.filtered.log	825
asyncs-openwhisk-direct-event-v1	C5	asyncs	dynamic-html-derived-v1	277	1	a0cfe96411ee43b08fe96411eee3b086	OW300	1	2	true	latest_ow300_not_after_ow310_tie_first_source_line	scheduler	true	true		scheduler0	openwhisk_scheduler	1	87b82f6cab12612d886017f34f688dbd	1784761213152000000	19836308022200	openwhisk_scheduler_jvm_mono	recovery/openwhisk/capture/scheduler.filtered.log	826
asyncs-openwhisk-direct-event-v1	C5	asyncs	dynamic-html-derived-v1	277	1	a0cfe96411ee43b08fe96411eee3b086	OW300	2	2	false	latest_ow300_not_after_ow310_tie_first_source_line	scheduler	true	true		scheduler0	openwhisk_scheduler	1	87b82f6cab12612d886017f34f688dbd	1784761213152000000	19836308053197	openwhisk_scheduler_jvm_mono	recovery/openwhisk/capture/scheduler.filtered.log	827
asyncs-openwhisk-direct-event-v1	C5	asyncs	dynamic-html-derived-v1	277	1	a0cfe96411ee43b08fe96411eee3b086	OW310	1	1	true	single_direct_observation	invoker	true	true		invoker0	openwhisk_invoker	29163	87b82f6cab12612d886017f34f688dbd	1784761213154000000	19836366895075	openwhisk_invoker_jvm_mono	recovery/openwhisk/capture/invokers.filtered.log	602
asyncs-openwhisk-direct-event-v1	C5	asyncs	dynamic-html-derived-v1	277	1	a0cfe96411ee43b08fe96411eee3b086	OW800	1	1	true	single_direct_observation	invoker	true	true		invoker0	openwhisk_invoker	29163	87b82f6cab12612d886017f34f688dbd	1784761213503000000	19836715692215	openwhisk_invoker_jvm_mono	recovery/openwhisk/capture/invokers.filtered.log	605
asyncs-openwhisk-direct-event-v1	C5	asyncs	dynamic-html-derived-v1	189	1	a0ea19eacd7f4432aa19eacd7f44321a	OW120	1	1	true	single_direct_observation	controller	true	true		controller0	openwhisk_controller	1	6c8a4c12df9f5c36049231700ec913eb	1784761197717000000	19820873149182	openwhisk_controller_jvm_mono	recovery/openwhisk/capture/controller.filtered.log	377
asyncs-openwhisk-direct-event-v1	C5	asyncs	dynamic-html-derived-v1	189	1	a0ea19eacd7f4432aa19eacd7f44321a	OW150	1	1	true	single_direct_observation	controller	true	true		controller0	openwhisk_controller	1	6c8a4c12df9f5c36049231700ec913eb	1784761197718000000	19820873856035	openwhisk_controller_jvm_mono	recovery/openwhisk/capture/controller.filtered.log	378
asyncs-openwhisk-direct-event-v1	C5	asyncs	dynamic-html-derived-v1	189	1	a0ea19eacd7f4432aa19eacd7f44321a	OW260	1	1	true	single_direct_observation	scheduler	true	true		scheduler0	openwhisk_scheduler	1	6c8a4c12df9f5c36049231700ec913eb	1784761197723000000	19820878665552	openwhisk_scheduler_jvm_mono	recovery/openwhisk/capture/scheduler.filtered.log	561
asyncs-openwhisk-direct-event-v1	C5	asyncs	dynamic-html-derived-v1	189	1	a0ea19eacd7f4432aa19eacd7f44321a	OW300	1	2	true	latest_ow300_not_after_ow310_tie_first_source_line	scheduler	true	true		scheduler0	openwhisk_scheduler	1	6c8a4c12df9f5c36049231700ec913eb	1784761197723000000	19820878803813	openwhisk_scheduler_jvm_mono	recovery/openwhisk/capture/scheduler.filtered.log	562
asyncs-openwhisk-direct-event-v1	C5	asyncs	dynamic-html-derived-v1	189	1	a0ea19eacd7f4432aa19eacd7f44321a	OW300	2	2	false	latest_ow300_not_after_ow310_tie_first_source_line	scheduler	true	true		scheduler0	openwhisk_scheduler	1	6c8a4c12df9f5c36049231700ec913eb	1784761197723000000	19820878840159	openwhisk_scheduler_jvm_mono	recovery/openwhisk/capture/scheduler.filtered.log	563
asyncs-openwhisk-direct-event-v1	C5	asyncs	dynamic-html-derived-v1	189	1	a0ea19eacd7f4432aa19eacd7f44321a	OW310	1	1	true	single_direct_observation	invoker	true	true		invoker2	openwhisk_invoker	26523	6c8a4c12df9f5c36049231700ec913eb	1784761197725000000	19819880820581	openwhisk_invoker_jvm_mono	recovery/openwhisk/capture/invokers.filtered.log	1175
asyncs-openwhisk-direct-event-v1	C5	asyncs	dynamic-html-derived-v1	189	1	a0ea19eacd7f4432aa19eacd7f44321a	OW800	1	1	true	single_direct_observation	invoker	true	true		invoker2	openwhisk_invoker	26523	6c8a4c12df9f5c36049231700ec913eb	1784761198285000000	19820440428782	openwhisk_invoker_jvm_mono	recovery/openwhisk/capture/invokers.filtered.log	1183
asyncs-openwhisk-direct-event-v1	C5	asyncs	dynamic-html-derived-v1	21	1	a1968a478f374288968a478f37f288c6	OW120	1	1	true	single_direct_observation	controller	true	true		controller0	openwhisk_controller	1	11b66540d7a3c09dfe3ef2dc68db56bc	1784761168237000000	19791392563286	openwhisk_controller_jvm_mono	recovery/openwhisk/capture/controller.filtered.log	41
asyncs-openwhisk-direct-event-v1	C5	asyncs	dynamic-html-derived-v1	21	1	a1968a478f374288968a478f37f288c6	OW150	1	1	true	single_direct_observation	controller	true	true		controller0	openwhisk_controller	1	11b66540d7a3c09dfe3ef2dc68db56bc	1784761168237000000	19791392693553	openwhisk_controller_jvm_mono	recovery/openwhisk/capture/controller.filtered.log	42
asyncs-openwhisk-direct-event-v1	C5	asyncs	dynamic-html-derived-v1	21	1	a1968a478f374288968a478f37f288c6	OW260	1	1	true	single_direct_observation	scheduler	true	true		scheduler0	openwhisk_scheduler	1	11b66540d7a3c09dfe3ef2dc68db56bc	1784761168241000000	19791397223633	openwhisk_scheduler_jvm_mono	recovery/openwhisk/capture/scheduler.filtered.log	57
asyncs-openwhisk-direct-event-v1	C5	asyncs	dynamic-html-derived-v1	21	1	a1968a478f374288968a478f37f288c6	OW300	1	2	true	latest_ow300_not_after_ow310_tie_first_source_line	scheduler	true	true		scheduler0	openwhisk_scheduler	1	11b66540d7a3c09dfe3ef2dc68db56bc	1784761168241000000	19791397388277	openwhisk_scheduler_jvm_mono	recovery/openwhisk/capture/scheduler.filtered.log	58
asyncs-openwhisk-direct-event-v1	C5	asyncs	dynamic-html-derived-v1	21	1	a1968a478f374288968a478f37f288c6	OW300	2	2	false	latest_ow300_not_after_ow310_tie_first_source_line	scheduler	true	true		scheduler0	openwhisk_scheduler	1	11b66540d7a3c09dfe3ef2dc68db56bc	1784761168241000000	19791397428450	openwhisk_scheduler_jvm_mono	recovery/openwhisk/capture/scheduler.filtered.log	59
asyncs-openwhisk-direct-event-v1	C5	asyncs	dynamic-html-derived-v1	21	1	a1968a478f374288968a478f37f288c6	OW310	1	1	true	single_direct_observation	invoker	true	true		invoker2	openwhisk_invoker	26523	11b66540d7a3c09dfe3ef2dc68db56bc	1784761168245000000	19790399884725	openwhisk_invoker_jvm_mono	recovery/openwhisk/capture/invokers.filtered.log	690
asyncs-openwhisk-direct-event-v1	C5	asyncs	dynamic-html-derived-v1	21	1	a1968a478f374288968a478f37f288c6	OW800	1	1	true	single_direct_observation	invoker	true	true		invoker2	openwhisk_invoker	26523	11b66540d7a3c09dfe3ef2dc68db56bc	1784761168836000000	19790991064002	openwhisk_invoker_jvm_mono	recovery/openwhisk/capture/invokers.filtered.log	698
asyncs-openwhisk-direct-event-v1	C5	asyncs	dynamic-html-derived-v1	259	1	a255545199d640d895545199d640d85e	OW120	1	1	true	single_direct_observation	controller	true	true		controller0	openwhisk_controller	1	e317aa462007f7d823fda642b4eb239b	1784761209711000000	19832866659038	openwhisk_controller_jvm_mono	recovery/openwhisk/capture/controller.filtered.log	517
asyncs-openwhisk-direct-event-v1	C5	asyncs	dynamic-html-derived-v1	259	1	a255545199d640d895545199d640d85e	OW150	1	1	true	single_direct_observation	controller	true	true		controller0	openwhisk_controller	1	e317aa462007f7d823fda642b4eb239b	1784761209711000000	19832866683711	openwhisk_controller_jvm_mono	recovery/openwhisk/capture/controller.filtered.log	518
asyncs-openwhisk-direct-event-v1	C5	asyncs	dynamic-html-derived-v1	259	1	a255545199d640d895545199d640d85e	OW260	1	1	true	single_direct_observation	scheduler	true	true		scheduler0	openwhisk_scheduler	1	e317aa462007f7d823fda642b4eb239b	1784761209714000000	19832869694862	openwhisk_scheduler_jvm_mono	recovery/openwhisk/capture/scheduler.filtered.log	771
asyncs-openwhisk-direct-event-v1	C5	asyncs	dynamic-html-derived-v1	259	1	a255545199d640d895545199d640d85e	OW300	1	2	true	latest_ow300_not_after_ow310_tie_first_source_line	scheduler	true	true		scheduler0	openwhisk_scheduler	1	e317aa462007f7d823fda642b4eb239b	1784761209714000000	19832869834965	openwhisk_scheduler_jvm_mono	recovery/openwhisk/capture/scheduler.filtered.log	772
asyncs-openwhisk-direct-event-v1	C5	asyncs	dynamic-html-derived-v1	259	1	a255545199d640d895545199d640d85e	OW300	2	2	false	latest_ow300_not_after_ow310_tie_first_source_line	scheduler	true	true		scheduler0	openwhisk_scheduler	1	e317aa462007f7d823fda642b4eb239b	1784761209714000000	19832869878835	openwhisk_scheduler_jvm_mono	recovery/openwhisk/capture/scheduler.filtered.log	773
asyncs-openwhisk-direct-event-v1	C5	asyncs	dynamic-html-derived-v1	259	1	a255545199d640d895545199d640d85e	OW310	1	1	true	single_direct_observation	invoker	true	true		invoker2	openwhisk_invoker	26523	e317aa462007f7d823fda642b4eb239b	1784761209716000000	19831871289002	openwhisk_invoker_jvm_mono	recovery/openwhisk/capture/invokers.filtered.log	1380
asyncs-openwhisk-direct-event-v1	C5	asyncs	dynamic-html-derived-v1	259	1	a255545199d640d895545199d640d85e	OW800	1	1	true	single_direct_observation	invoker	true	true		invoker2	openwhisk_invoker	26523	e317aa462007f7d823fda642b4eb239b	1784761210243000000	19832398035873	openwhisk_invoker_jvm_mono	recovery/openwhisk/capture/invokers.filtered.log	1388
asyncs-openwhisk-direct-event-v1	C5	asyncs	dynamic-html-derived-v1	271	1	a37839d28ffd4f1cb839d28ffdbf1cbe	OW120	1	1	true	single_direct_observation	controller	true	true		controller0	openwhisk_controller	1	0d528becc0991166bf4453f4f86eff80	1784761211781000000	19834936780796	openwhisk_controller_jvm_mono	recovery/openwhisk/capture/controller.filtered.log	541
asyncs-openwhisk-direct-event-v1	C5	asyncs	dynamic-html-derived-v1	271	1	a37839d28ffd4f1cb839d28ffdbf1cbe	OW150	1	1	true	single_direct_observation	controller	true	true		controller0	openwhisk_controller	1	0d528becc0991166bf4453f4f86eff80	1784761211781000000	19834936814239	openwhisk_controller_jvm_mono	recovery/openwhisk/capture/controller.filtered.log	542
asyncs-openwhisk-direct-event-v1	C5	asyncs	dynamic-html-derived-v1	271	1	a37839d28ffd4f1cb839d28ffdbf1cbe	OW260	1	1	true	single_direct_observation	scheduler	true	true		scheduler0	openwhisk_scheduler	1	0d528becc0991166bf4453f4f86eff80	1784761211784000000	19834940086514	openwhisk_scheduler_jvm_mono	recovery/openwhisk/capture/scheduler.filtered.log	807
asyncs-openwhisk-direct-event-v1	C5	asyncs	dynamic-html-derived-v1	271	1	a37839d28ffd4f1cb839d28ffdbf1cbe	OW300	1	2	true	latest_ow300_not_after_ow310_tie_first_source_line	scheduler	true	true		scheduler0	openwhisk_scheduler	1	0d528becc0991166bf4453f4f86eff80	1784761211784000000	19834940214073	openwhisk_scheduler_jvm_mono	recovery/openwhisk/capture/scheduler.filtered.log	808
asyncs-openwhisk-direct-event-v1	C5	asyncs	dynamic-html-derived-v1	271	1	a37839d28ffd4f1cb839d28ffdbf1cbe	OW300	2	2	false	latest_ow300_not_after_ow310_tie_first_source_line	scheduler	true	true		scheduler0	openwhisk_scheduler	1	0d528becc0991166bf4453f4f86eff80	1784761211784000000	19834940252786	openwhisk_scheduler_jvm_mono	recovery/openwhisk/capture/scheduler.filtered.log	809
asyncs-openwhisk-direct-event-v1	C5	asyncs	dynamic-html-derived-v1	271	1	a37839d28ffd4f1cb839d28ffdbf1cbe	OW310	1	1	true	single_direct_observation	invoker	true	true		invoker2	openwhisk_invoker	26523	0d528becc0991166bf4453f4f86eff80	1784761211786000000	19833941548671	openwhisk_invoker_jvm_mono	recovery/openwhisk/capture/invokers.filtered.log	1415
asyncs-openwhisk-direct-event-v1	C5	asyncs	dynamic-html-derived-v1	271	1	a37839d28ffd4f1cb839d28ffdbf1cbe	OW800	1	1	true	single_direct_observation	invoker	true	true		invoker2	openwhisk_invoker	26523	0d528becc0991166bf4453f4f86eff80	1784761212331000000	19834486436240	openwhisk_invoker_jvm_mono	recovery/openwhisk/capture/invokers.filtered.log	1423
asyncs-openwhisk-direct-event-v1	C5	asyncs	dynamic-html-derived-v1	117	1	a644de0a3e53451a84de0a3e53a51a7c	OW120	1	1	true	single_direct_observation	controller	true	true		controller0	openwhisk_controller	1	442695125c84039d3663b18b81c12f4f	1784761184659000000	19807814816704	openwhisk_controller_jvm_mono	recovery/openwhisk/capture/controller.filtered.log	233
asyncs-openwhisk-direct-event-v1	C5	asyncs	dynamic-html-derived-v1	117	1	a644de0a3e53451a84de0a3e53a51a7c	OW150	1	1	true	single_direct_observation	controller	true	true		controller0	openwhisk_controller	1	442695125c84039d3663b18b81c12f4f	1784761184659000000	19807814874404	openwhisk_controller_jvm_mono	recovery/openwhisk/capture/controller.filtered.log	234
asyncs-openwhisk-direct-event-v1	C5	asyncs	dynamic-html-derived-v1	117	1	a644de0a3e53451a84de0a3e53a51a7c	OW260	1	1	true	single_direct_observation	scheduler	true	true		scheduler0	openwhisk_scheduler	1	442695125c84039d3663b18b81c12f4f	1784761184665000000	19807820653998	openwhisk_scheduler_jvm_mono	recovery/openwhisk/capture/scheduler.filtered.log	345
asyncs-openwhisk-direct-event-v1	C5	asyncs	dynamic-html-derived-v1	117	1	a644de0a3e53451a84de0a3e53a51a7c	OW300	1	2	true	latest_ow300_not_after_ow310_tie_first_source_line	scheduler	true	true		scheduler0	openwhisk_scheduler	1	442695125c84039d3663b18b81c12f4f	1784761184665000000	19807820819348	openwhisk_scheduler_jvm_mono	recovery/openwhisk/capture/scheduler.filtered.log	346
asyncs-openwhisk-direct-event-v1	C5	asyncs	dynamic-html-derived-v1	117	1	a644de0a3e53451a84de0a3e53a51a7c	OW300	2	2	false	latest_ow300_not_after_ow310_tie_first_source_line	scheduler	true	true		scheduler0	openwhisk_scheduler	1	442695125c84039d3663b18b81c12f4f	1784761184665000000	19807820853729	openwhisk_scheduler_jvm_mono	recovery/openwhisk/capture/scheduler.filtered.log	347
asyncs-openwhisk-direct-event-v1	C5	asyncs	dynamic-html-derived-v1	117	1	a644de0a3e53451a84de0a3e53a51a7c	OW310	1	1	true	single_direct_observation	invoker	true	true		invoker2	openwhisk_invoker	26523	442695125c84039d3663b18b81c12f4f	1784761184668000000	19806823670999	openwhisk_invoker_jvm_mono	recovery/openwhisk/capture/invokers.filtered.log	965
asyncs-openwhisk-direct-event-v1	C5	asyncs	dynamic-html-derived-v1	117	1	a644de0a3e53451a84de0a3e53a51a7c	OW800	1	1	true	single_direct_observation	invoker	true	true		invoker2	openwhisk_invoker	26523	442695125c84039d3663b18b81c12f4f	1784761185183000000	19807338565470	openwhisk_invoker_jvm_mono	recovery/openwhisk/capture/invokers.filtered.log	971
asyncs-openwhisk-direct-event-v1	C5	asyncs	dynamic-html-derived-v1	5	1	a766797e26d547aca6797e26d587ac23	OW120	1	1	true	single_direct_observation	controller	true	true		controller0	openwhisk_controller	1	7aab2b6c63b3b9b047afab8bb13ecb68	1784761163660000000	19786815843887	openwhisk_controller_jvm_mono	recovery/openwhisk/capture/controller.filtered.log	9
asyncs-openwhisk-direct-event-v1	C5	asyncs	dynamic-html-derived-v1	5	1	a766797e26d547aca6797e26d587ac23	OW150	1	1	true	single_direct_observation	controller	true	true		controller0	openwhisk_controller	1	7aab2b6c63b3b9b047afab8bb13ecb68	1784761163660000000	19786816047531	openwhisk_controller_jvm_mono	recovery/openwhisk/capture/controller.filtered.log	10
asyncs-openwhisk-direct-event-v1	C5	asyncs	dynamic-html-derived-v1	5	1	a766797e26d547aca6797e26d587ac23	OW260	1	1	true	single_direct_observation	scheduler	true	true		scheduler0	openwhisk_scheduler	1	7aab2b6c63b3b9b047afab8bb13ecb68	1784761163673000000	19786828976390	openwhisk_scheduler_jvm_mono	recovery/openwhisk/capture/scheduler.filtered.log	9
asyncs-openwhisk-direct-event-v1	C5	asyncs	dynamic-html-derived-v1	5	1	a766797e26d547aca6797e26d587ac23	OW300	1	2	true	latest_ow300_not_after_ow310_tie_first_source_line	scheduler	true	true		scheduler0	openwhisk_scheduler	1	7aab2b6c63b3b9b047afab8bb13ecb68	1784761163674000000	19786829527200	openwhisk_scheduler_jvm_mono	recovery/openwhisk/capture/scheduler.filtered.log	10
asyncs-openwhisk-direct-event-v1	C5	asyncs	dynamic-html-derived-v1	5	1	a766797e26d547aca6797e26d587ac23	OW300	2	2	false	latest_ow300_not_after_ow310_tie_first_source_line	scheduler	true	true		scheduler0	openwhisk_scheduler	1	7aab2b6c63b3b9b047afab8bb13ecb68	1784761163674000000	19786829562926	openwhisk_scheduler_jvm_mono	recovery/openwhisk/capture/scheduler.filtered.log	11
asyncs-openwhisk-direct-event-v1	C5	asyncs	dynamic-html-derived-v1	5	1	a766797e26d547aca6797e26d587ac23	OW310	1	1	true	single_direct_observation	invoker	true	true		invoker2	openwhisk_invoker	26523	7aab2b6c63b3b9b047afab8bb13ecb68	1784761163679000000	19785834750705	openwhisk_invoker_jvm_mono	recovery/openwhisk/capture/invokers.filtered.log	658
asyncs-openwhisk-direct-event-v1	C5	asyncs	dynamic-html-derived-v1	5	1	a766797e26d547aca6797e26d587ac23	OW800	1	1	true	single_direct_observation	invoker	true	true		invoker2	openwhisk_invoker	26523	7aab2b6c63b3b9b047afab8bb13ecb68	1784761166712000000	19788867446354	openwhisk_invoker_jvm_mono	recovery/openwhisk/capture/invokers.filtered.log	664
asyncs-openwhisk-direct-event-v1	C5	asyncs	dynamic-html-derived-v1	82	1	a7cdd71c60bc415c8dd71c60bcf15c78	OW120	1	1	true	single_direct_observation	controller	true	true		controller0	openwhisk_controller	1	d23404c98d5cdfcc7cf3319d35828277	1784761178653000000	19801808647085	openwhisk_controller_jvm_mono	recovery/openwhisk/capture/controller.filtered.log	163
asyncs-openwhisk-direct-event-v1	C5	asyncs	dynamic-html-derived-v1	82	1	a7cdd71c60bc415c8dd71c60bcf15c78	OW150	1	1	true	single_direct_observation	controller	true	true		controller0	openwhisk_controller	1	d23404c98d5cdfcc7cf3319d35828277	1784761178653000000	19801808680403	openwhisk_controller_jvm_mono	recovery/openwhisk/capture/controller.filtered.log	164
asyncs-openwhisk-direct-event-v1	C5	asyncs	dynamic-html-derived-v1	82	1	a7cdd71c60bc415c8dd71c60bcf15c78	OW260	1	1	true	single_direct_observation	scheduler	true	true		scheduler0	openwhisk_scheduler	1	d23404c98d5cdfcc7cf3319d35828277	1784761178656000000	19801811770870	openwhisk_scheduler_jvm_mono	recovery/openwhisk/capture/scheduler.filtered.log	240
asyncs-openwhisk-direct-event-v1	C5	asyncs	dynamic-html-derived-v1	82	1	a7cdd71c60bc415c8dd71c60bcf15c78	OW300	1	2	true	latest_ow300_not_after_ow310_tie_first_source_line	scheduler	true	true		scheduler0	openwhisk_scheduler	1	d23404c98d5cdfcc7cf3319d35828277	1784761178656000000	19801811915563	openwhisk_scheduler_jvm_mono	recovery/openwhisk/capture/scheduler.filtered.log	241
asyncs-openwhisk-direct-event-v1	C5	asyncs	dynamic-html-derived-v1	82	1	a7cdd71c60bc415c8dd71c60bcf15c78	OW300	2	2	false	latest_ow300_not_after_ow310_tie_first_source_line	scheduler	true	true		scheduler0	openwhisk_scheduler	1	d23404c98d5cdfcc7cf3319d35828277	1784761178656000000	19801811972708	openwhisk_scheduler_jvm_mono	recovery/openwhisk/capture/scheduler.filtered.log	242
asyncs-openwhisk-direct-event-v1	C5	asyncs	dynamic-html-derived-v1	82	1	a7cdd71c60bc415c8dd71c60bcf15c78	OW310	1	1	true	single_direct_observation	invoker	true	true		invoker2	openwhisk_invoker	26523	d23404c98d5cdfcc7cf3319d35828277	1784761178659000000	19800814595160	openwhisk_invoker_jvm_mono	recovery/openwhisk/capture/invokers.filtered.log	865
asyncs-openwhisk-direct-event-v1	C5	asyncs	dynamic-html-derived-v1	82	1	a7cdd71c60bc415c8dd71c60bcf15c78	OW800	1	1	true	single_direct_observation	invoker	true	true		invoker2	openwhisk_invoker	26523	d23404c98d5cdfcc7cf3319d35828277	1784761179162000000	19801317091748	openwhisk_invoker_jvm_mono	recovery/openwhisk/capture/invokers.filtered.log	873
asyncs-openwhisk-direct-event-v1	C5	asyncs	dynamic-html-derived-v1	151	1	a7f204bea501440fb204bea501340f08	OW120	1	1	true	single_direct_observation	controller	true	true		controller0	openwhisk_controller	1	7673ed41595b87ef25aef7a2def3315e	1784761190914000000	19814070447314	openwhisk_controller_jvm_mono	recovery/openwhisk/capture/controller.filtered.log	301
asyncs-openwhisk-direct-event-v1	C5	asyncs	dynamic-html-derived-v1	151	1	a7f204bea501440fb204bea501340f08	OW150	1	1	true	single_direct_observation	controller	true	true		controller0	openwhisk_controller	1	7673ed41595b87ef25aef7a2def3315e	1784761190915000000	19814070476469	openwhisk_controller_jvm_mono	recovery/openwhisk/capture/controller.filtered.log	302
asyncs-openwhisk-direct-event-v1	C5	asyncs	dynamic-html-derived-v1	151	1	a7f204bea501440fb204bea501340f08	OW260	1	1	true	single_direct_observation	scheduler	true	true		scheduler0	openwhisk_scheduler	1	7673ed41595b87ef25aef7a2def3315e	1784761190918000000	19814074247440	openwhisk_scheduler_jvm_mono	recovery/openwhisk/capture/scheduler.filtered.log	447
asyncs-openwhisk-direct-event-v1	C5	asyncs	dynamic-html-derived-v1	151	1	a7f204bea501440fb204bea501340f08	OW300	1	2	true	latest_ow300_not_after_ow310_tie_first_source_line	scheduler	true	true		scheduler0	openwhisk_scheduler	1	7673ed41595b87ef25aef7a2def3315e	1784761190918000000	19814074349212	openwhisk_scheduler_jvm_mono	recovery/openwhisk/capture/scheduler.filtered.log	448
asyncs-openwhisk-direct-event-v1	C5	asyncs	dynamic-html-derived-v1	151	1	a7f204bea501440fb204bea501340f08	OW300	2	2	false	latest_ow300_not_after_ow310_tie_first_source_line	scheduler	true	true		scheduler0	openwhisk_scheduler	1	7673ed41595b87ef25aef7a2def3315e	1784761190918000000	19814074365737	openwhisk_scheduler_jvm_mono	recovery/openwhisk/capture/scheduler.filtered.log	449
asyncs-openwhisk-direct-event-v1	C5	asyncs	dynamic-html-derived-v1	151	1	a7f204bea501440fb204bea501340f08	OW310	1	1	true	single_direct_observation	invoker	true	true		invoker2	openwhisk_invoker	26523	7673ed41595b87ef25aef7a2def3315e	1784761190921000000	19813076070865	openwhisk_invoker_jvm_mono	recovery/openwhisk/capture/invokers.filtered.log	1065
asyncs-openwhisk-direct-event-v1	C5	asyncs	dynamic-html-derived-v1	151	1	a7f204bea501440fb204bea501340f08	OW800	1	1	true	single_direct_observation	invoker	true	true		invoker2	openwhisk_invoker	26523	7673ed41595b87ef25aef7a2def3315e	1784761191433000000	19813588161349	openwhisk_invoker_jvm_mono	recovery/openwhisk/capture/invokers.filtered.log	1073
asyncs-openwhisk-direct-event-v1	C5	asyncs	dynamic-html-derived-v1	47	1	a82746999e4e407fa746999e4e607fc8	OW120	1	1	true	single_direct_observation	controller	true	true		controller0	openwhisk_controller	1	e6cb96ce0a28223767d948ff9a3482e2	1784761172891000000	19796047175569	openwhisk_controller_jvm_mono	recovery/openwhisk/capture/controller.filtered.log	93
asyncs-openwhisk-direct-event-v1	C5	asyncs	dynamic-html-derived-v1	47	1	a82746999e4e407fa746999e4e607fc8	OW150	1	1	true	single_direct_observation	controller	true	true		controller0	openwhisk_controller	1	e6cb96ce0a28223767d948ff9a3482e2	1784761172891000000	19796047220604	openwhisk_controller_jvm_mono	recovery/openwhisk/capture/controller.filtered.log	94
asyncs-openwhisk-direct-event-v1	C5	asyncs	dynamic-html-derived-v1	47	1	a82746999e4e407fa746999e4e607fc8	OW260	1	1	true	single_direct_observation	scheduler	true	true		scheduler0	openwhisk_scheduler	1	e6cb96ce0a28223767d948ff9a3482e2	1784761172896000000	19796051784043	openwhisk_scheduler_jvm_mono	recovery/openwhisk/capture/scheduler.filtered.log	135
asyncs-openwhisk-direct-event-v1	C5	asyncs	dynamic-html-derived-v1	47	1	a82746999e4e407fa746999e4e607fc8	OW300	1	2	true	latest_ow300_not_after_ow310_tie_first_source_line	scheduler	true	true		scheduler0	openwhisk_scheduler	1	e6cb96ce0a28223767d948ff9a3482e2	1784761172896000000	19796051922138	openwhisk_scheduler_jvm_mono	recovery/openwhisk/capture/scheduler.filtered.log	136
asyncs-openwhisk-direct-event-v1	C5	asyncs	dynamic-html-derived-v1	47	1	a82746999e4e407fa746999e4e607fc8	OW300	2	2	false	latest_ow300_not_after_ow310_tie_first_source_line	scheduler	true	true		scheduler0	openwhisk_scheduler	1	e6cb96ce0a28223767d948ff9a3482e2	1784761172896000000	19796051967009	openwhisk_scheduler_jvm_mono	recovery/openwhisk/capture/scheduler.filtered.log	137
asyncs-openwhisk-direct-event-v1	C5	asyncs	dynamic-html-derived-v1	47	1	a82746999e4e407fa746999e4e607fc8	OW310	1	1	true	single_direct_observation	invoker	true	true		invoker2	openwhisk_invoker	26523	e6cb96ce0a28223767d948ff9a3482e2	1784761172899000000	19795054098198	openwhisk_invoker_jvm_mono	recovery/openwhisk/capture/invokers.filtered.log	765
asyncs-openwhisk-direct-event-v1	C5	asyncs	dynamic-html-derived-v1	47	1	a82746999e4e407fa746999e4e607fc8	OW800	1	1	true	single_direct_observation	invoker	true	true		invoker2	openwhisk_invoker	26523	e6cb96ce0a28223767d948ff9a3482e2	1784761173432000000	19795587637458	openwhisk_invoker_jvm_mono	recovery/openwhisk/capture/invokers.filtered.log	773
asyncs-openwhisk-direct-event-v1	C5	asyncs	dynamic-html-derived-v1	216	1	a92fd0e22cca41f9afd0e22cca01f990	OW120	1	1	true	single_direct_observation	controller	true	true		controller0	openwhisk_controller	1	3ba62a5c8a3e2d45170a3a38ee023392	1784761202422000000	19825578068345	openwhisk_controller_jvm_mono	recovery/openwhisk/capture/controller.filtered.log	431
asyncs-openwhisk-direct-event-v1	C5	asyncs	dynamic-html-derived-v1	216	1	a92fd0e22cca41f9afd0e22cca01f990	OW150	1	1	true	single_direct_observation	controller	true	true		controller0	openwhisk_controller	1	3ba62a5c8a3e2d45170a3a38ee023392	1784761202422000000	19825578091962	openwhisk_controller_jvm_mono	recovery/openwhisk/capture/controller.filtered.log	432
asyncs-openwhisk-direct-event-v1	C5	asyncs	dynamic-html-derived-v1	216	1	a92fd0e22cca41f9afd0e22cca01f990	OW260	1	1	true	single_direct_observation	scheduler	true	true		scheduler0	openwhisk_scheduler	1	3ba62a5c8a3e2d45170a3a38ee023392	1784761202427000000	19825583017832	openwhisk_scheduler_jvm_mono	recovery/openwhisk/capture/scheduler.filtered.log	642
asyncs-openwhisk-direct-event-v1	C5	asyncs	dynamic-html-derived-v1	216	1	a92fd0e22cca41f9afd0e22cca01f990	OW300	1	2	true	latest_ow300_not_after_ow310_tie_first_source_line	scheduler	true	true		scheduler0	openwhisk_scheduler	1	3ba62a5c8a3e2d45170a3a38ee023392	1784761202427000000	19825583151789	openwhisk_scheduler_jvm_mono	recovery/openwhisk/capture/scheduler.filtered.log	643
asyncs-openwhisk-direct-event-v1	C5	asyncs	dynamic-html-derived-v1	216	1	a92fd0e22cca41f9afd0e22cca01f990	OW300	2	2	false	latest_ow300_not_after_ow310_tie_first_source_line	scheduler	true	true		scheduler0	openwhisk_scheduler	1	3ba62a5c8a3e2d45170a3a38ee023392	1784761202427000000	19825583184031	openwhisk_scheduler_jvm_mono	recovery/openwhisk/capture/scheduler.filtered.log	644
asyncs-openwhisk-direct-event-v1	C5	asyncs	dynamic-html-derived-v1	216	1	a92fd0e22cca41f9afd0e22cca01f990	OW310	1	1	true	single_direct_observation	invoker	true	true		invoker2	openwhisk_invoker	26523	3ba62a5c8a3e2d45170a3a38ee023392	1784761202430000000	19824585091119	openwhisk_invoker_jvm_mono	recovery/openwhisk/capture/invokers.filtered.log	1255
asyncs-openwhisk-direct-event-v1	C5	asyncs	dynamic-html-derived-v1	216	1	a92fd0e22cca41f9afd0e22cca01f990	OW800	1	1	true	single_direct_observation	invoker	true	true		invoker2	openwhisk_invoker	26523	3ba62a5c8a3e2d45170a3a38ee023392	1784761202945000000	19825100019909	openwhisk_invoker_jvm_mono	recovery/openwhisk/capture/invokers.filtered.log	1263
asyncs-openwhisk-direct-event-v1	C5	asyncs	dynamic-html-derived-v1	257	1	acc8f76190184ed088f7619018fed0df	OW120	1	1	true	single_direct_observation	controller	true	true		controller0	openwhisk_controller	1	5a8856a552fe45823c3fa02c50a55248	1784761209573000000	19832728654422	openwhisk_controller_jvm_mono	recovery/openwhisk/capture/controller.filtered.log	513
asyncs-openwhisk-direct-event-v1	C5	asyncs	dynamic-html-derived-v1	257	1	acc8f76190184ed088f7619018fed0df	OW150	1	1	true	single_direct_observation	controller	true	true		controller0	openwhisk_controller	1	5a8856a552fe45823c3fa02c50a55248	1784761209573000000	19832728674324	openwhisk_controller_jvm_mono	recovery/openwhisk/capture/controller.filtered.log	514
asyncs-openwhisk-direct-event-v1	C5	asyncs	dynamic-html-derived-v1	257	1	acc8f76190184ed088f7619018fed0df	OW260	1	1	true	single_direct_observation	scheduler	true	true		scheduler0	openwhisk_scheduler	1	5a8856a552fe45823c3fa02c50a55248	1784761209575000000	19832731443859	openwhisk_scheduler_jvm_mono	recovery/openwhisk/capture/scheduler.filtered.log	765
asyncs-openwhisk-direct-event-v1	C5	asyncs	dynamic-html-derived-v1	257	1	acc8f76190184ed088f7619018fed0df	OW300	1	2	true	latest_ow300_not_after_ow310_tie_first_source_line	scheduler	true	true		scheduler0	openwhisk_scheduler	1	5a8856a552fe45823c3fa02c50a55248	1784761209576000000	19832731600049	openwhisk_scheduler_jvm_mono	recovery/openwhisk/capture/scheduler.filtered.log	766
asyncs-openwhisk-direct-event-v1	C5	asyncs	dynamic-html-derived-v1	257	1	acc8f76190184ed088f7619018fed0df	OW300	2	2	false	latest_ow300_not_after_ow310_tie_first_source_line	scheduler	true	true		scheduler0	openwhisk_scheduler	1	5a8856a552fe45823c3fa02c50a55248	1784761209576000000	19832731637096	openwhisk_scheduler_jvm_mono	recovery/openwhisk/capture/scheduler.filtered.log	767
asyncs-openwhisk-direct-event-v1	C5	asyncs	dynamic-html-derived-v1	257	1	acc8f76190184ed088f7619018fed0df	OW310	1	1	true	single_direct_observation	invoker	true	true		invoker0	openwhisk_invoker	29163	5a8856a552fe45823c3fa02c50a55248	1784761209578000000	19832790246979	openwhisk_invoker_jvm_mono	recovery/openwhisk/capture/invokers.filtered.log	562
asyncs-openwhisk-direct-event-v1	C5	asyncs	dynamic-html-derived-v1	257	1	acc8f76190184ed088f7619018fed0df	OW800	1	1	true	single_direct_observation	invoker	true	true		invoker0	openwhisk_invoker	29163	5a8856a552fe45823c3fa02c50a55248	1784761209937000000	19833149850078	openwhisk_invoker_jvm_mono	recovery/openwhisk/capture/invokers.filtered.log	565
asyncs-openwhisk-direct-event-v1	C5	asyncs	dynamic-html-derived-v1	1	1	ae0effa896a4419e8effa896a4219ee6	OW120	1	1	true	single_direct_observation	controller	true	true		controller0	openwhisk_controller	1	08128d3b1a563c0e918e336d87f9aa93	1784761162757000000	19785913377493	openwhisk_controller_jvm_mono	recovery/openwhisk/capture/controller.filtered.log	3
asyncs-openwhisk-direct-event-v1	C5	asyncs	dynamic-html-derived-v1	1	1	ae0effa896a4419e8effa896a4219ee6	OW150	1	1	true	single_direct_observation	controller	true	true		controller0	openwhisk_controller	1	08128d3b1a563c0e918e336d87f9aa93	1784761162757000000	19785913434483	openwhisk_controller_jvm_mono	recovery/openwhisk/capture/controller.filtered.log	4
asyncs-openwhisk-direct-event-v1	C5	asyncs	dynamic-html-derived-v1	1	1	ae0effa896a4419e8effa896a4219ee6	OW260	1	1	true	single_direct_observation	scheduler	true	true		scheduler0	openwhisk_scheduler	1	08128d3b1a563c0e918e336d87f9aa93	1784761162766000000	19785922173557	openwhisk_scheduler_jvm_mono	recovery/openwhisk/capture/scheduler.filtered.log	2
asyncs-openwhisk-direct-event-v1	C5	asyncs	dynamic-html-derived-v1	1	1	ae0effa896a4419e8effa896a4219ee6	OW300	1	1	true	single_direct_observation	scheduler	true	true		scheduler0	openwhisk_scheduler	1	08128d3b1a563c0e918e336d87f9aa93	1784761163228000000	19786383604975	openwhisk_scheduler_jvm_mono	recovery/openwhisk/capture/scheduler.filtered.log	5
asyncs-openwhisk-direct-event-v1	C5	asyncs	dynamic-html-derived-v1	1	1	ae0effa896a4419e8effa896a4219ee6	OW310	1	1	true	single_direct_observation	invoker	true	true		invoker0	openwhisk_invoker	29163	08128d3b1a563c0e918e336d87f9aa93	1784761163236000000	19786449141784	openwhisk_invoker_jvm_mono	recovery/openwhisk/capture/invokers.filtered.log	7
asyncs-openwhisk-direct-event-v1	C5	asyncs	dynamic-html-derived-v1	1	1	ae0effa896a4419e8effa896a4219ee6	OW800	1	1	true	single_direct_observation	invoker	true	true		invoker0	openwhisk_invoker	29163	08128d3b1a563c0e918e336d87f9aa93	1784761163599000000	19786811437497	openwhisk_invoker_jvm_mono	recovery/openwhisk/capture/invokers.filtered.log	10
asyncs-openwhisk-direct-event-v1	C5	asyncs	dynamic-html-derived-v1	133	1	ae241600510a4535a41600510ad535f6	OW120	1	1	true	single_direct_observation	controller	true	true		controller0	openwhisk_controller	1	d9e09f14f9a25dfe2ebd5e8a9d0bf949	1784761187583000000	19810739438317	openwhisk_controller_jvm_mono	recovery/openwhisk/capture/controller.filtered.log	265
asyncs-openwhisk-direct-event-v1	C5	asyncs	dynamic-html-derived-v1	133	1	ae241600510a4535a41600510ad535f6	OW150	1	1	true	single_direct_observation	controller	true	true		controller0	openwhisk_controller	1	d9e09f14f9a25dfe2ebd5e8a9d0bf949	1784761187584000000	19810739501755	openwhisk_controller_jvm_mono	recovery/openwhisk/capture/controller.filtered.log	266
asyncs-openwhisk-direct-event-v1	C5	asyncs	dynamic-html-derived-v1	133	1	ae241600510a4535a41600510ad535f6	OW260	1	1	true	single_direct_observation	scheduler	true	true		scheduler0	openwhisk_scheduler	1	d9e09f14f9a25dfe2ebd5e8a9d0bf949	1784761187586000000	19810742293962	openwhisk_scheduler_jvm_mono	recovery/openwhisk/capture/scheduler.filtered.log	393
asyncs-openwhisk-direct-event-v1	C5	asyncs	dynamic-html-derived-v1	133	1	ae241600510a4535a41600510ad535f6	OW300	1	2	false	latest_ow300_not_after_ow310_tie_first_source_line	scheduler	true	true		scheduler0	openwhisk_scheduler	1	d9e09f14f9a25dfe2ebd5e8a9d0bf949	1784761187586000000	19810742423318	openwhisk_scheduler_jvm_mono	recovery/openwhisk/capture/scheduler.filtered.log	394
asyncs-openwhisk-direct-event-v1	C5	asyncs	dynamic-html-derived-v1	133	1	ae241600510a4535a41600510ad535f6	OW300	2	2	true	latest_ow300_not_after_ow310_tie_first_source_line	scheduler	true	true		scheduler0	openwhisk_scheduler	1	d9e09f14f9a25dfe2ebd5e8a9d0bf949	1784761187587000000	19810742475476	openwhisk_scheduler_jvm_mono	recovery/openwhisk/capture/scheduler.filtered.log	395
asyncs-openwhisk-direct-event-v1	C5	asyncs	dynamic-html-derived-v1	133	1	ae241600510a4535a41600510ad535f6	OW310	1	1	true	single_direct_observation	invoker	true	true		invoker2	openwhisk_invoker	26523	d9e09f14f9a25dfe2ebd5e8a9d0bf949	1784761187589000000	19809744830537	openwhisk_invoker_jvm_mono	recovery/openwhisk/capture/invokers.filtered.log	1010
asyncs-openwhisk-direct-event-v1	C5	asyncs	dynamic-html-derived-v1	133	1	ae241600510a4535a41600510ad535f6	OW800	1	1	true	single_direct_observation	invoker	true	true		invoker2	openwhisk_invoker	26523	d9e09f14f9a25dfe2ebd5e8a9d0bf949	1784761188139000000	19810294834867	openwhisk_invoker_jvm_mono	recovery/openwhisk/capture/invokers.filtered.log	1018
asyncs-openwhisk-direct-event-v1	C5	asyncs	dynamic-html-derived-v1	125	1	af14904e8ab8485c94904e8ab8685ce0	OW120	1	1	true	single_direct_observation	controller	true	true		controller0	openwhisk_controller	1	e1a7971bee82893a3ad5021f4034330d	1784761186329000000	19809484757691	openwhisk_controller_jvm_mono	recovery/openwhisk/capture/controller.filtered.log	249
asyncs-openwhisk-direct-event-v1	C5	asyncs	dynamic-html-derived-v1	125	1	af14904e8ab8485c94904e8ab8685ce0	OW150	1	1	true	single_direct_observation	controller	true	true		controller0	openwhisk_controller	1	e1a7971bee82893a3ad5021f4034330d	1784761186329000000	19809484803278	openwhisk_controller_jvm_mono	recovery/openwhisk/capture/controller.filtered.log	250
asyncs-openwhisk-direct-event-v1	C5	asyncs	dynamic-html-derived-v1	125	1	af14904e8ab8485c94904e8ab8685ce0	OW260	1	1	true	single_direct_observation	scheduler	true	true		scheduler0	openwhisk_scheduler	1	e1a7971bee82893a3ad5021f4034330d	1784761186340000000	19809495524068	openwhisk_scheduler_jvm_mono	recovery/openwhisk/capture/scheduler.filtered.log	369
asyncs-openwhisk-direct-event-v1	C5	asyncs	dynamic-html-derived-v1	125	1	af14904e8ab8485c94904e8ab8685ce0	OW300	1	2	true	latest_ow300_not_after_ow310_tie_first_source_line	scheduler	true	true		scheduler0	openwhisk_scheduler	1	e1a7971bee82893a3ad5021f4034330d	1784761186340000000	19809495773478	openwhisk_scheduler_jvm_mono	recovery/openwhisk/capture/scheduler.filtered.log	370
asyncs-openwhisk-direct-event-v1	C5	asyncs	dynamic-html-derived-v1	125	1	af14904e8ab8485c94904e8ab8685ce0	OW300	2	2	false	latest_ow300_not_after_ow310_tie_first_source_line	scheduler	true	true		scheduler0	openwhisk_scheduler	1	e1a7971bee82893a3ad5021f4034330d	1784761186340000000	19809495870564	openwhisk_scheduler_jvm_mono	recovery/openwhisk/capture/scheduler.filtered.log	371
asyncs-openwhisk-direct-event-v1	C5	asyncs	dynamic-html-derived-v1	125	1	af14904e8ab8485c94904e8ab8685ce0	OW310	1	1	true	single_direct_observation	invoker	true	true		invoker0	openwhisk_invoker	29163	e1a7971bee82893a3ad5021f4034330d	1784761186342000000	19809555137330	openwhisk_invoker_jvm_mono	recovery/openwhisk/capture/invokers.filtered.log	287
asyncs-openwhisk-direct-event-v1	C5	asyncs	dynamic-html-derived-v1	125	1	af14904e8ab8485c94904e8ab8685ce0	OW800	1	1	true	single_direct_observation	invoker	true	true		invoker0	openwhisk_invoker	29163	e1a7971bee82893a3ad5021f4034330d	1784761186734000000	19809946809646	openwhisk_invoker_jvm_mono	recovery/openwhisk/capture/invokers.filtered.log	290
asyncs-openwhisk-direct-event-v1	C5	asyncs	dynamic-html-derived-v1	254	1	afa99eb3dfbf4dcea99eb3dfbfcdce23	OW120	1	1	true	single_direct_observation	controller	true	true		controller0	openwhisk_controller	1	689747f64f173a5a1c2b99ccd7c9ac51	1784761209009000000	19832164617552	openwhisk_controller_jvm_mono	recovery/openwhisk/capture/controller.filtered.log	507
asyncs-openwhisk-direct-event-v1	C5	asyncs	dynamic-html-derived-v1	254	1	afa99eb3dfbf4dcea99eb3dfbfcdce23	OW150	1	1	true	single_direct_observation	controller	true	true		controller0	openwhisk_controller	1	689747f64f173a5a1c2b99ccd7c9ac51	1784761209009000000	19832164648349	openwhisk_controller_jvm_mono	recovery/openwhisk/capture/controller.filtered.log	508
asyncs-openwhisk-direct-event-v1	C5	asyncs	dynamic-html-derived-v1	254	1	afa99eb3dfbf4dcea99eb3dfbfcdce23	OW260	1	1	true	single_direct_observation	scheduler	true	true		scheduler0	openwhisk_scheduler	1	689747f64f173a5a1c2b99ccd7c9ac51	1784761209017000000	19832173339237	openwhisk_scheduler_jvm_mono	recovery/openwhisk/capture/scheduler.filtered.log	756
asyncs-openwhisk-direct-event-v1	C5	asyncs	dynamic-html-derived-v1	254	1	afa99eb3dfbf4dcea99eb3dfbfcdce23	OW300	1	2	true	latest_ow300_not_after_ow310_tie_first_source_line	scheduler	true	true		scheduler0	openwhisk_scheduler	1	689747f64f173a5a1c2b99ccd7c9ac51	1784761209018000000	19832173487972	openwhisk_scheduler_jvm_mono	recovery/openwhisk/capture/scheduler.filtered.log	757
asyncs-openwhisk-direct-event-v1	C5	asyncs	dynamic-html-derived-v1	254	1	afa99eb3dfbf4dcea99eb3dfbfcdce23	OW300	2	2	false	latest_ow300_not_after_ow310_tie_first_source_line	scheduler	true	true		scheduler0	openwhisk_scheduler	1	689747f64f173a5a1c2b99ccd7c9ac51	1784761209018000000	19832173527175	openwhisk_scheduler_jvm_mono	recovery/openwhisk/capture/scheduler.filtered.log	758
asyncs-openwhisk-direct-event-v1	C5	asyncs	dynamic-html-derived-v1	254	1	afa99eb3dfbf4dcea99eb3dfbfcdce23	OW310	1	1	true	single_direct_observation	invoker	true	true		invoker2	openwhisk_invoker	26523	689747f64f173a5a1c2b99ccd7c9ac51	1784761209022000000	19831177350202	openwhisk_invoker_jvm_mono	recovery/openwhisk/capture/invokers.filtered.log	1365
asyncs-openwhisk-direct-event-v1	C5	asyncs	dynamic-html-derived-v1	254	1	afa99eb3dfbf4dcea99eb3dfbfcdce23	OW800	1	1	true	single_direct_observation	invoker	true	true		invoker2	openwhisk_invoker	26523	689747f64f173a5a1c2b99ccd7c9ac51	1784761209531000000	19831686013019	openwhisk_invoker_jvm_mono	recovery/openwhisk/capture/invokers.filtered.log	1373
asyncs-openwhisk-direct-event-v1	C5	asyncs	dynamic-html-derived-v1	109	1	afe6f2cd192440eda6f2cd192490edbe	OW120	1	1	true	single_direct_observation	controller	true	true		controller0	openwhisk_controller	1	e81b03c2dc99ba2c468e4fa037effa27	1784761183172000000	19806328054749	openwhisk_controller_jvm_mono	recovery/openwhisk/capture/controller.filtered.log	217
asyncs-openwhisk-direct-event-v1	C5	asyncs	dynamic-html-derived-v1	109	1	afe6f2cd192440eda6f2cd192490edbe	OW150	1	1	true	single_direct_observation	controller	true	true		controller0	openwhisk_controller	1	e81b03c2dc99ba2c468e4fa037effa27	1784761183172000000	19806328086573	openwhisk_controller_jvm_mono	recovery/openwhisk/capture/controller.filtered.log	218
asyncs-openwhisk-direct-event-v1	C5	asyncs	dynamic-html-derived-v1	109	1	afe6f2cd192440eda6f2cd192490edbe	OW260	1	1	true	single_direct_observation	scheduler	true	true		scheduler0	openwhisk_scheduler	1	e81b03c2dc99ba2c468e4fa037effa27	1784761183175000000	19806331020270	openwhisk_scheduler_jvm_mono	recovery/openwhisk/capture/scheduler.filtered.log	321
asyncs-openwhisk-direct-event-v1	C5	asyncs	dynamic-html-derived-v1	109	1	afe6f2cd192440eda6f2cd192490edbe	OW300	1	2	true	latest_ow300_not_after_ow310_tie_first_source_line	scheduler	true	true		scheduler0	openwhisk_scheduler	1	e81b03c2dc99ba2c468e4fa037effa27	1784761183175000000	19806331195448	openwhisk_scheduler_jvm_mono	recovery/openwhisk/capture/scheduler.filtered.log	322
asyncs-openwhisk-direct-event-v1	C5	asyncs	dynamic-html-derived-v1	109	1	afe6f2cd192440eda6f2cd192490edbe	OW300	2	2	false	latest_ow300_not_after_ow310_tie_first_source_line	scheduler	true	true		scheduler0	openwhisk_scheduler	1	e81b03c2dc99ba2c468e4fa037effa27	1784761183175000000	19806331239515	openwhisk_scheduler_jvm_mono	recovery/openwhisk/capture/scheduler.filtered.log	323
asyncs-openwhisk-direct-event-v1	C5	asyncs	dynamic-html-derived-v1	109	1	afe6f2cd192440eda6f2cd192490edbe	OW310	1	1	true	single_direct_observation	invoker	true	true		invoker2	openwhisk_invoker	26523	e81b03c2dc99ba2c468e4fa037effa27	1784761183178000000	19805333083797	openwhisk_invoker_jvm_mono	recovery/openwhisk/capture/invokers.filtered.log	943
asyncs-openwhisk-direct-event-v1	C5	asyncs	dynamic-html-derived-v1	109	1	afe6f2cd192440eda6f2cd192490edbe	OW800	1	1	true	single_direct_observation	invoker	true	true		invoker2	openwhisk_invoker	26523	e81b03c2dc99ba2c468e4fa037effa27	1784761183579000000	19805734197752	openwhisk_invoker_jvm_mono	recovery/openwhisk/capture/invokers.filtered.log	948
asyncs-openwhisk-direct-event-v1	C5	asyncs	dynamic-html-derived-v1	152	1	b132c13dca3b44f9b2c13dca3b54f97c	OW120	1	1	true	single_direct_observation	controller	true	true		controller0	openwhisk_controller	1	7c16be517c2764d3f15f99cfbeb5c8c3	1784761191016000000	19814172253290	openwhisk_controller_jvm_mono	recovery/openwhisk/capture/controller.filtered.log	303
asyncs-openwhisk-direct-event-v1	C5	asyncs	dynamic-html-derived-v1	152	1	b132c13dca3b44f9b2c13dca3b54f97c	OW150	1	1	true	single_direct_observation	controller	true	true		controller0	openwhisk_controller	1	7c16be517c2764d3f15f99cfbeb5c8c3	1784761191016000000	19814172287868	openwhisk_controller_jvm_mono	recovery/openwhisk/capture/controller.filtered.log	304
asyncs-openwhisk-direct-event-v1	C5	asyncs	dynamic-html-derived-v1	152	1	b132c13dca3b44f9b2c13dca3b54f97c	OW260	1	1	true	single_direct_observation	scheduler	true	true		scheduler0	openwhisk_scheduler	1	7c16be517c2764d3f15f99cfbeb5c8c3	1784761191019000000	19814175242601	openwhisk_scheduler_jvm_mono	recovery/openwhisk/capture/scheduler.filtered.log	450
asyncs-openwhisk-direct-event-v1	C5	asyncs	dynamic-html-derived-v1	152	1	b132c13dca3b44f9b2c13dca3b54f97c	OW300	1	2	true	latest_ow300_not_after_ow310_tie_first_source_line	scheduler	true	true		scheduler0	openwhisk_scheduler	1	7c16be517c2764d3f15f99cfbeb5c8c3	1784761191019000000	19814175360469	openwhisk_scheduler_jvm_mono	recovery/openwhisk/capture/scheduler.filtered.log	451
asyncs-openwhisk-direct-event-v1	C5	asyncs	dynamic-html-derived-v1	152	1	b132c13dca3b44f9b2c13dca3b54f97c	OW300	2	2	false	latest_ow300_not_after_ow310_tie_first_source_line	scheduler	true	true		scheduler0	openwhisk_scheduler	1	7c16be517c2764d3f15f99cfbeb5c8c3	1784761191019000000	19814175399595	openwhisk_scheduler_jvm_mono	recovery/openwhisk/capture/scheduler.filtered.log	452
asyncs-openwhisk-direct-event-v1	C5	asyncs	dynamic-html-derived-v1	152	1	b132c13dca3b44f9b2c13dca3b54f97c	OW310	1	1	true	single_direct_observation	invoker	true	true		invoker0	openwhisk_invoker	29163	7c16be517c2764d3f15f99cfbeb5c8c3	1784761191021000000	19814234111899	openwhisk_invoker_jvm_mono	recovery/openwhisk/capture/invokers.filtered.log	342
asyncs-openwhisk-direct-event-v1	C5	asyncs	dynamic-html-derived-v1	152	1	b132c13dca3b44f9b2c13dca3b54f97c	OW800	1	1	true	single_direct_observation	invoker	true	true		invoker0	openwhisk_invoker	29163	7c16be517c2764d3f15f99cfbeb5c8c3	1784761191363000000	19814575694213	openwhisk_invoker_jvm_mono	recovery/openwhisk/capture/invokers.filtered.log	345
asyncs-openwhisk-direct-event-v1	C5	asyncs	dynamic-html-derived-v1	276	1	b1f90d0e8fe54280b90d0e8fe5728003	OW120	1	1	true	single_direct_observation	controller	true	true		controller0	openwhisk_controller	1	865004e0d50aa8b044c109e4e6d649f7	1784761212760000000	19835916440939	openwhisk_controller_jvm_mono	recovery/openwhisk/capture/controller.filtered.log	551
asyncs-openwhisk-direct-event-v1	C5	asyncs	dynamic-html-derived-v1	276	1	b1f90d0e8fe54280b90d0e8fe5728003	OW150	1	1	true	single_direct_observation	controller	true	true		controller0	openwhisk_controller	1	865004e0d50aa8b044c109e4e6d649f7	1784761212761000000	19835916470792	openwhisk_controller_jvm_mono	recovery/openwhisk/capture/controller.filtered.log	552
asyncs-openwhisk-direct-event-v1	C5	asyncs	dynamic-html-derived-v1	276	1	b1f90d0e8fe54280b90d0e8fe5728003	OW260	1	1	true	single_direct_observation	scheduler	true	true		scheduler0	openwhisk_scheduler	1	865004e0d50aa8b044c109e4e6d649f7	1784761212763000000	19835919007612	openwhisk_scheduler_jvm_mono	recovery/openwhisk/capture/scheduler.filtered.log	822
asyncs-openwhisk-direct-event-v1	C5	asyncs	dynamic-html-derived-v1	276	1	b1f90d0e8fe54280b90d0e8fe5728003	OW300	1	2	true	latest_ow300_not_after_ow310_tie_first_source_line	scheduler	true	true		scheduler0	openwhisk_scheduler	1	865004e0d50aa8b044c109e4e6d649f7	1784761212763000000	19835919154376	openwhisk_scheduler_jvm_mono	recovery/openwhisk/capture/scheduler.filtered.log	823
asyncs-openwhisk-direct-event-v1	C5	asyncs	dynamic-html-derived-v1	276	1	b1f90d0e8fe54280b90d0e8fe5728003	OW300	2	2	false	latest_ow300_not_after_ow310_tie_first_source_line	scheduler	true	true		scheduler0	openwhisk_scheduler	1	865004e0d50aa8b044c109e4e6d649f7	1784761212763000000	19835919195837	openwhisk_scheduler_jvm_mono	recovery/openwhisk/capture/scheduler.filtered.log	824
asyncs-openwhisk-direct-event-v1	C5	asyncs	dynamic-html-derived-v1	276	1	b1f90d0e8fe54280b90d0e8fe5728003	OW310	1	1	true	single_direct_observation	invoker	true	true		invoker2	openwhisk_invoker	26523	865004e0d50aa8b044c109e4e6d649f7	1784761212767000000	19834922362421	openwhisk_invoker_jvm_mono	recovery/openwhisk/capture/invokers.filtered.log	1430
asyncs-openwhisk-direct-event-v1	C5	asyncs	dynamic-html-derived-v1	276	1	b1f90d0e8fe54280b90d0e8fe5728003	OW800	1	1	true	single_direct_observation	invoker	true	true		invoker2	openwhisk_invoker	26523	865004e0d50aa8b044c109e4e6d649f7	1784761213193000000	19835348836654	openwhisk_invoker_jvm_mono	recovery/openwhisk/capture/invokers.filtered.log	1436
asyncs-openwhisk-direct-event-v1	C5	asyncs	dynamic-html-derived-v1	255	1	b32819defe1446d8a819defe1456d82e	OW120	1	1	true	single_direct_observation	controller	true	true		controller0	openwhisk_controller	1	a76cc5794d9cea3be018ae909e0e60cb	1784761209162000000	19832318158821	openwhisk_controller_jvm_mono	recovery/openwhisk/capture/controller.filtered.log	510
asyncs-openwhisk-direct-event-v1	C5	asyncs	dynamic-html-derived-v1	255	1	b32819defe1446d8a819defe1456d82e	OW150	1	1	true	single_direct_observation	controller	true	true		controller0	openwhisk_controller	1	a76cc5794d9cea3be018ae909e0e60cb	1784761209162000000	19832318180171	openwhisk_controller_jvm_mono	recovery/openwhisk/capture/controller.filtered.log	512
asyncs-openwhisk-direct-event-v1	C5	asyncs	dynamic-html-derived-v1	255	1	b32819defe1446d8a819defe1456d82e	OW260	1	1	true	single_direct_observation	scheduler	true	true		scheduler0	openwhisk_scheduler	1	a76cc5794d9cea3be018ae909e0e60cb	1784761209176000000	19832331935012	openwhisk_scheduler_jvm_mono	recovery/openwhisk/capture/scheduler.filtered.log	762
asyncs-openwhisk-direct-event-v1	C5	asyncs	dynamic-html-derived-v1	255	1	b32819defe1446d8a819defe1456d82e	OW300	1	2	true	latest_ow300_not_after_ow310_tie_first_source_line	scheduler	true	true		scheduler0	openwhisk_scheduler	1	a76cc5794d9cea3be018ae909e0e60cb	1784761209176000000	19832332053017	openwhisk_scheduler_jvm_mono	recovery/openwhisk/capture/scheduler.filtered.log	763
asyncs-openwhisk-direct-event-v1	C5	asyncs	dynamic-html-derived-v1	255	1	b32819defe1446d8a819defe1456d82e	OW300	2	2	false	latest_ow300_not_after_ow310_tie_first_source_line	scheduler	true	true		scheduler0	openwhisk_scheduler	1	a76cc5794d9cea3be018ae909e0e60cb	1784761209176000000	19832332086302	openwhisk_scheduler_jvm_mono	recovery/openwhisk/capture/scheduler.filtered.log	764
asyncs-openwhisk-direct-event-v1	C5	asyncs	dynamic-html-derived-v1	255	1	b32819defe1446d8a819defe1456d82e	OW310	1	1	true	single_direct_observation	invoker	true	true		invoker2	openwhisk_invoker	26523	a76cc5794d9cea3be018ae909e0e60cb	1784761209179000000	19831333885635	openwhisk_invoker_jvm_mono	recovery/openwhisk/capture/invokers.filtered.log	1370
asyncs-openwhisk-direct-event-v1	C5	asyncs	dynamic-html-derived-v1	255	1	b32819defe1446d8a819defe1456d82e	OW800	1	1	true	single_direct_observation	invoker	true	true		invoker2	openwhisk_invoker	26523	a76cc5794d9cea3be018ae909e0e60cb	1784761209681000000	19831836291710	openwhisk_invoker_jvm_mono	recovery/openwhisk/capture/invokers.filtered.log	1378
asyncs-openwhisk-direct-event-v1	C5	asyncs	dynamic-html-derived-v1	200	1	b44f748eaa054e838f748eaa05de83e8	OW120	1	1	true	single_direct_observation	controller	true	true		controller0	openwhisk_controller	1	24d9a1cace0d23e52a478a14e122aba4	1784761199717000000	19822872733339	openwhisk_controller_jvm_mono	recovery/openwhisk/capture/controller.filtered.log	399
asyncs-openwhisk-direct-event-v1	C5	asyncs	dynamic-html-derived-v1	200	1	b44f748eaa054e838f748eaa05de83e8	OW150	1	1	true	single_direct_observation	controller	true	true		controller0	openwhisk_controller	1	24d9a1cace0d23e52a478a14e122aba4	1784761199717000000	19822872768225	openwhisk_controller_jvm_mono	recovery/openwhisk/capture/controller.filtered.log	400
asyncs-openwhisk-direct-event-v1	C5	asyncs	dynamic-html-derived-v1	200	1	b44f748eaa054e838f748eaa05de83e8	OW260	1	1	true	single_direct_observation	scheduler	true	true		scheduler0	openwhisk_scheduler	1	24d9a1cace0d23e52a478a14e122aba4	1784761199722000000	19822877586308	openwhisk_scheduler_jvm_mono	recovery/openwhisk/capture/scheduler.filtered.log	594
asyncs-openwhisk-direct-event-v1	C5	asyncs	dynamic-html-derived-v1	200	1	b44f748eaa054e838f748eaa05de83e8	OW300	1	2	true	latest_ow300_not_after_ow310_tie_first_source_line	scheduler	true	true		scheduler0	openwhisk_scheduler	1	24d9a1cace0d23e52a478a14e122aba4	1784761199722000000	19822877701901	openwhisk_scheduler_jvm_mono	recovery/openwhisk/capture/scheduler.filtered.log	595
asyncs-openwhisk-direct-event-v1	C5	asyncs	dynamic-html-derived-v1	200	1	b44f748eaa054e838f748eaa05de83e8	OW300	2	2	false	latest_ow300_not_after_ow310_tie_first_source_line	scheduler	true	true		scheduler0	openwhisk_scheduler	1	24d9a1cace0d23e52a478a14e122aba4	1784761199722000000	19822877784139	openwhisk_scheduler_jvm_mono	recovery/openwhisk/capture/scheduler.filtered.log	596
asyncs-openwhisk-direct-event-v1	C5	asyncs	dynamic-html-derived-v1	200	1	b44f748eaa054e838f748eaa05de83e8	OW310	1	1	true	single_direct_observation	invoker	true	true		invoker0	openwhisk_invoker	29163	24d9a1cace0d23e52a478a14e122aba4	1784761199724000000	19822936719045	openwhisk_invoker_jvm_mono	recovery/openwhisk/capture/invokers.filtered.log	442
asyncs-openwhisk-direct-event-v1	C5	asyncs	dynamic-html-derived-v1	200	1	b44f748eaa054e838f748eaa05de83e8	OW800	1	1	true	single_direct_observation	invoker	true	true		invoker0	openwhisk_invoker	29163	24d9a1cace0d23e52a478a14e122aba4	1784761200066000000	19823278577912	openwhisk_invoker_jvm_mono	recovery/openwhisk/capture/invokers.filtered.log	445
asyncs-openwhisk-direct-event-v1	C5	asyncs	dynamic-html-derived-v1	212	1	b4b6d6c1c99242e4b6d6c1c99252e419	OW120	1	1	true	single_direct_observation	controller	true	true		controller0	openwhisk_controller	1	f4a72cd3cb3a0df419a0656ef2dd6a4d	1784761201842000000	19824997925558	openwhisk_controller_jvm_mono	recovery/openwhisk/capture/controller.filtered.log	423
asyncs-openwhisk-direct-event-v1	C5	asyncs	dynamic-html-derived-v1	212	1	b4b6d6c1c99242e4b6d6c1c99252e419	OW150	1	1	true	single_direct_observation	controller	true	true		controller0	openwhisk_controller	1	f4a72cd3cb3a0df419a0656ef2dd6a4d	1784761201842000000	19824997960709	openwhisk_controller_jvm_mono	recovery/openwhisk/capture/controller.filtered.log	424
asyncs-openwhisk-direct-event-v1	C5	asyncs	dynamic-html-derived-v1	212	1	b4b6d6c1c99242e4b6d6c1c99252e419	OW260	1	1	true	single_direct_observation	scheduler	true	true		scheduler0	openwhisk_scheduler	1	f4a72cd3cb3a0df419a0656ef2dd6a4d	1784761201850000000	19825005655879	openwhisk_scheduler_jvm_mono	recovery/openwhisk/capture/scheduler.filtered.log	630
asyncs-openwhisk-direct-event-v1	C5	asyncs	dynamic-html-derived-v1	212	1	b4b6d6c1c99242e4b6d6c1c99252e419	OW300	1	2	true	latest_ow300_not_after_ow310_tie_first_source_line	scheduler	true	true		scheduler0	openwhisk_scheduler	1	f4a72cd3cb3a0df419a0656ef2dd6a4d	1784761201850000000	19825005864413	openwhisk_scheduler_jvm_mono	recovery/openwhisk/capture/scheduler.filtered.log	631
asyncs-openwhisk-direct-event-v1	C5	asyncs	dynamic-html-derived-v1	212	1	b4b6d6c1c99242e4b6d6c1c99252e419	OW300	2	2	false	latest_ow300_not_after_ow310_tie_first_source_line	scheduler	true	true		scheduler0	openwhisk_scheduler	1	f4a72cd3cb3a0df419a0656ef2dd6a4d	1784761201850000000	19825005917115	openwhisk_scheduler_jvm_mono	recovery/openwhisk/capture/scheduler.filtered.log	632
asyncs-openwhisk-direct-event-v1	C5	asyncs	dynamic-html-derived-v1	212	1	b4b6d6c1c99242e4b6d6c1c99252e419	OW310	1	1	true	single_direct_observation	invoker	true	true		invoker0	openwhisk_invoker	29163	f4a72cd3cb3a0df419a0656ef2dd6a4d	1784761201854000000	19825066376601	openwhisk_invoker_jvm_mono	recovery/openwhisk/capture/invokers.filtered.log	467
asyncs-openwhisk-direct-event-v1	C5	asyncs	dynamic-html-derived-v1	212	1	b4b6d6c1c99242e4b6d6c1c99252e419	OW800	1	1	true	single_direct_observation	invoker	true	true		invoker0	openwhisk_invoker	29163	f4a72cd3cb3a0df419a0656ef2dd6a4d	1784761202198000000	19825410726321	openwhisk_invoker_jvm_mono	recovery/openwhisk/capture/invokers.filtered.log	470
asyncs-openwhisk-direct-event-v1	C5	asyncs	dynamic-html-derived-v1	105	1	b6768e0929374d03b68e0929372d0329	OW120	1	1	true	single_direct_observation	controller	true	true		controller0	openwhisk_controller	1	f9ccbaca7d2864758e32e4aa24f1ae27	1784761182532000000	19805687508044	openwhisk_controller_jvm_mono	recovery/openwhisk/capture/controller.filtered.log	209
asyncs-openwhisk-direct-event-v1	C5	asyncs	dynamic-html-derived-v1	105	1	b6768e0929374d03b68e0929372d0329	OW150	1	1	true	single_direct_observation	controller	true	true		controller0	openwhisk_controller	1	f9ccbaca7d2864758e32e4aa24f1ae27	1784761182532000000	19805687596056	openwhisk_controller_jvm_mono	recovery/openwhisk/capture/controller.filtered.log	210
asyncs-openwhisk-direct-event-v1	C5	asyncs	dynamic-html-derived-v1	105	1	b6768e0929374d03b68e0929372d0329	OW260	1	1	true	single_direct_observation	scheduler	true	true		scheduler0	openwhisk_scheduler	1	f9ccbaca7d2864758e32e4aa24f1ae27	1784761182536000000	19805691462694	openwhisk_scheduler_jvm_mono	recovery/openwhisk/capture/scheduler.filtered.log	309
asyncs-openwhisk-direct-event-v1	C5	asyncs	dynamic-html-derived-v1	105	1	b6768e0929374d03b68e0929372d0329	OW300	1	2	true	latest_ow300_not_after_ow310_tie_first_source_line	scheduler	true	true		scheduler0	openwhisk_scheduler	1	f9ccbaca7d2864758e32e4aa24f1ae27	1784761182536000000	19805691648215	openwhisk_scheduler_jvm_mono	recovery/openwhisk/capture/scheduler.filtered.log	310
asyncs-openwhisk-direct-event-v1	C5	asyncs	dynamic-html-derived-v1	105	1	b6768e0929374d03b68e0929372d0329	OW300	2	2	false	latest_ow300_not_after_ow310_tie_first_source_line	scheduler	true	true		scheduler0	openwhisk_scheduler	1	f9ccbaca7d2864758e32e4aa24f1ae27	1784761182536000000	19805691707210	openwhisk_scheduler_jvm_mono	recovery/openwhisk/capture/scheduler.filtered.log	311
asyncs-openwhisk-direct-event-v1	C5	asyncs	dynamic-html-derived-v1	105	1	b6768e0929374d03b68e0929372d0329	OW310	1	1	true	single_direct_observation	invoker	true	true		invoker2	openwhisk_invoker	26523	f9ccbaca7d2864758e32e4aa24f1ae27	1784761182538000000	19804693672604	openwhisk_invoker_jvm_mono	recovery/openwhisk/capture/invokers.filtered.log	933
asyncs-openwhisk-direct-event-v1	C5	asyncs	dynamic-html-derived-v1	105	1	b6768e0929374d03b68e0929372d0329	OW800	1	1	true	single_direct_observation	invoker	true	true		invoker2	openwhisk_invoker	26523	f9ccbaca7d2864758e32e4aa24f1ae27	1784761183094000000	19805249389847	openwhisk_invoker_jvm_mono	recovery/openwhisk/capture/invokers.filtered.log	938
asyncs-openwhisk-direct-event-v1	C5	asyncs	dynamic-html-derived-v1	188	1	b6e70ec9946c4f7ca70ec9946cbf7c7d	OW120	1	1	true	single_direct_observation	controller	true	true		controller0	openwhisk_controller	1	851de3ef03ec2ab54afc035ea7112523	1784761197598000000	19820754178888	openwhisk_controller_jvm_mono	recovery/openwhisk/capture/controller.filtered.log	375
asyncs-openwhisk-direct-event-v1	C5	asyncs	dynamic-html-derived-v1	188	1	b6e70ec9946c4f7ca70ec9946cbf7c7d	OW150	1	1	true	single_direct_observation	controller	true	true		controller0	openwhisk_controller	1	851de3ef03ec2ab54afc035ea7112523	1784761197598000000	19820754225930	openwhisk_controller_jvm_mono	recovery/openwhisk/capture/controller.filtered.log	376
asyncs-openwhisk-direct-event-v1	C5	asyncs	dynamic-html-derived-v1	188	1	b6e70ec9946c4f7ca70ec9946cbf7c7d	OW260	1	1	true	single_direct_observation	scheduler	true	true		scheduler0	openwhisk_scheduler	1	851de3ef03ec2ab54afc035ea7112523	1784761197605000000	19820761393836	openwhisk_scheduler_jvm_mono	recovery/openwhisk/capture/scheduler.filtered.log	558
asyncs-openwhisk-direct-event-v1	C5	asyncs	dynamic-html-derived-v1	188	1	b6e70ec9946c4f7ca70ec9946cbf7c7d	OW300	1	2	true	latest_ow300_not_after_ow310_tie_first_source_line	scheduler	true	true		scheduler0	openwhisk_scheduler	1	851de3ef03ec2ab54afc035ea7112523	1784761197606000000	19820761507794	openwhisk_scheduler_jvm_mono	recovery/openwhisk/capture/scheduler.filtered.log	559
asyncs-openwhisk-direct-event-v1	C5	asyncs	dynamic-html-derived-v1	188	1	b6e70ec9946c4f7ca70ec9946cbf7c7d	OW300	2	2	false	latest_ow300_not_after_ow310_tie_first_source_line	scheduler	true	true		scheduler0	openwhisk_scheduler	1	851de3ef03ec2ab54afc035ea7112523	1784761197606000000	19820761540567	openwhisk_scheduler_jvm_mono	recovery/openwhisk/capture/scheduler.filtered.log	560
asyncs-openwhisk-direct-event-v1	C5	asyncs	dynamic-html-derived-v1	188	1	b6e70ec9946c4f7ca70ec9946cbf7c7d	OW310	1	1	true	single_direct_observation	invoker	true	true		invoker2	openwhisk_invoker	26523	851de3ef03ec2ab54afc035ea7112523	1784761197608000000	19819763218627	openwhisk_invoker_jvm_mono	recovery/openwhisk/capture/invokers.filtered.log	1170
asyncs-openwhisk-direct-event-v1	C5	asyncs	dynamic-html-derived-v1	188	1	b6e70ec9946c4f7ca70ec9946cbf7c7d	OW800	1	1	true	single_direct_observation	invoker	true	true		invoker2	openwhisk_invoker	26523	851de3ef03ec2ab54afc035ea7112523	1784761198123000000	19820278791663	openwhisk_invoker_jvm_mono	recovery/openwhisk/capture/invokers.filtered.log	1178
asyncs-openwhisk-direct-event-v1	C5	asyncs	dynamic-html-derived-v1	66	1	b783ec6bae0348f783ec6bae0328f744	OW120	1	1	true	single_direct_observation	controller	true	true		controller0	openwhisk_controller	1	232efd9e69a0cdb6ae6de6b18bdaf206	1784761176057000000	19799213096550	openwhisk_controller_jvm_mono	recovery/openwhisk/capture/controller.filtered.log	131
asyncs-openwhisk-direct-event-v1	C5	asyncs	dynamic-html-derived-v1	66	1	b783ec6bae0348f783ec6bae0328f744	OW150	1	1	true	single_direct_observation	controller	true	true		controller0	openwhisk_controller	1	232efd9e69a0cdb6ae6de6b18bdaf206	1784761176057000000	19799213187073	openwhisk_controller_jvm_mono	recovery/openwhisk/capture/controller.filtered.log	132
asyncs-openwhisk-direct-event-v1	C5	asyncs	dynamic-html-derived-v1	66	1	b783ec6bae0348f783ec6bae0328f744	OW260	1	1	true	single_direct_observation	scheduler	true	true		scheduler0	openwhisk_scheduler	1	232efd9e69a0cdb6ae6de6b18bdaf206	1784761176061000000	19799216937441	openwhisk_scheduler_jvm_mono	recovery/openwhisk/capture/scheduler.filtered.log	192
asyncs-openwhisk-direct-event-v1	C5	asyncs	dynamic-html-derived-v1	66	1	b783ec6bae0348f783ec6bae0328f744	OW300	1	2	true	latest_ow300_not_after_ow310_tie_first_source_line	scheduler	true	true		scheduler0	openwhisk_scheduler	1	232efd9e69a0cdb6ae6de6b18bdaf206	1784761176061000000	19799217059204	openwhisk_scheduler_jvm_mono	recovery/openwhisk/capture/scheduler.filtered.log	193
asyncs-openwhisk-direct-event-v1	C5	asyncs	dynamic-html-derived-v1	66	1	b783ec6bae0348f783ec6bae0328f744	OW300	2	2	false	latest_ow300_not_after_ow310_tie_first_source_line	scheduler	true	true		scheduler0	openwhisk_scheduler	1	232efd9e69a0cdb6ae6de6b18bdaf206	1784761176061000000	19799217084805	openwhisk_scheduler_jvm_mono	recovery/openwhisk/capture/scheduler.filtered.log	194
asyncs-openwhisk-direct-event-v1	C5	asyncs	dynamic-html-derived-v1	66	1	b783ec6bae0348f783ec6bae0328f744	OW310	1	1	true	single_direct_observation	invoker	true	true		invoker0	openwhisk_invoker	29163	232efd9e69a0cdb6ae6de6b18bdaf206	1784761176064000000	19799276823046	openwhisk_invoker_jvm_mono	recovery/openwhisk/capture/invokers.filtered.log	162
asyncs-openwhisk-direct-event-v1	C5	asyncs	dynamic-html-derived-v1	66	1	b783ec6bae0348f783ec6bae0328f744	OW800	1	1	true	single_direct_observation	invoker	true	true		invoker0	openwhisk_invoker	29163	232efd9e69a0cdb6ae6de6b18bdaf206	1784761176408000000	19799620402580	openwhisk_invoker_jvm_mono	recovery/openwhisk/capture/invokers.filtered.log	165
asyncs-openwhisk-direct-event-v1	C5	asyncs	dynamic-html-derived-v1	128	1	b83ad669950d4794bad669950d07949e	OW120	1	1	true	single_direct_observation	controller	true	true		controller0	openwhisk_controller	1	75f3970d77963d57b5e1595e74409b79	1784761186776000000	19809931895427	openwhisk_controller_jvm_mono	recovery/openwhisk/capture/controller.filtered.log	255
asyncs-openwhisk-direct-event-v1	C5	asyncs	dynamic-html-derived-v1	128	1	b83ad669950d4794bad669950d07949e	OW150	1	1	true	single_direct_observation	controller	true	true		controller0	openwhisk_controller	1	75f3970d77963d57b5e1595e74409b79	1784761186776000000	19809931935159	openwhisk_controller_jvm_mono	recovery/openwhisk/capture/controller.filtered.log	256
asyncs-openwhisk-direct-event-v1	C5	asyncs	dynamic-html-derived-v1	128	1	b83ad669950d4794bad669950d07949e	OW260	1	1	true	single_direct_observation	scheduler	true	true		scheduler0	openwhisk_scheduler	1	75f3970d77963d57b5e1595e74409b79	1784761186781000000	19809936694237	openwhisk_scheduler_jvm_mono	recovery/openwhisk/capture/scheduler.filtered.log	378
asyncs-openwhisk-direct-event-v1	C5	asyncs	dynamic-html-derived-v1	128	1	b83ad669950d4794bad669950d07949e	OW300	1	2	true	latest_ow300_not_after_ow310_tie_first_source_line	scheduler	true	true		scheduler0	openwhisk_scheduler	1	75f3970d77963d57b5e1595e74409b79	1784761186781000000	19809936840622	openwhisk_scheduler_jvm_mono	recovery/openwhisk/capture/scheduler.filtered.log	379
asyncs-openwhisk-direct-event-v1	C5	asyncs	dynamic-html-derived-v1	128	1	b83ad669950d4794bad669950d07949e	OW300	2	2	false	latest_ow300_not_after_ow310_tie_first_source_line	scheduler	true	true		scheduler0	openwhisk_scheduler	1	75f3970d77963d57b5e1595e74409b79	1784761186781000000	19809936884923	openwhisk_scheduler_jvm_mono	recovery/openwhisk/capture/scheduler.filtered.log	380
asyncs-openwhisk-direct-event-v1	C5	asyncs	dynamic-html-derived-v1	128	1	b83ad669950d4794bad669950d07949e	OW310	1	1	true	single_direct_observation	invoker	true	true		invoker0	openwhisk_invoker	29163	75f3970d77963d57b5e1595e74409b79	1784761186784000000	19809996744703	openwhisk_invoker_jvm_mono	recovery/openwhisk/capture/invokers.filtered.log	292
asyncs-openwhisk-direct-event-v1	C5	asyncs	dynamic-html-derived-v1	128	1	b83ad669950d4794bad669950d07949e	OW800	1	1	true	single_direct_observation	invoker	true	true		invoker0	openwhisk_invoker	29163	75f3970d77963d57b5e1595e74409b79	1784761187127000000	19810339989537	openwhisk_invoker_jvm_mono	recovery/openwhisk/capture/invokers.filtered.log	295
asyncs-openwhisk-direct-event-v1	C5	asyncs	dynamic-html-derived-v1	210	1	b86e821d983e4960ae821d983ec96093	OW120	1	1	true	single_direct_observation	controller	true	true		controller0	openwhisk_controller	1	f71cbe4b76f4ffc67aa00bdc633af737	1784761201482000000	19824638298975	openwhisk_controller_jvm_mono	recovery/openwhisk/capture/controller.filtered.log	419
asyncs-openwhisk-direct-event-v1	C5	asyncs	dynamic-html-derived-v1	210	1	b86e821d983e4960ae821d983ec96093	OW150	1	1	true	single_direct_observation	controller	true	true		controller0	openwhisk_controller	1	f71cbe4b76f4ffc67aa00bdc633af737	1784761201482000000	19824638333549	openwhisk_controller_jvm_mono	recovery/openwhisk/capture/controller.filtered.log	420
asyncs-openwhisk-direct-event-v1	C5	asyncs	dynamic-html-derived-v1	210	1	b86e821d983e4960ae821d983ec96093	OW260	1	1	true	single_direct_observation	scheduler	true	true		scheduler0	openwhisk_scheduler	1	f71cbe4b76f4ffc67aa00bdc633af737	1784761201486000000	19824641952874	openwhisk_scheduler_jvm_mono	recovery/openwhisk/capture/scheduler.filtered.log	624
asyncs-openwhisk-direct-event-v1	C5	asyncs	dynamic-html-derived-v1	210	1	b86e821d983e4960ae821d983ec96093	OW300	1	2	true	latest_ow300_not_after_ow310_tie_first_source_line	scheduler	true	true		scheduler0	openwhisk_scheduler	1	f71cbe4b76f4ffc67aa00bdc633af737	1784761201486000000	19824642160127	openwhisk_scheduler_jvm_mono	recovery/openwhisk/capture/scheduler.filtered.log	625
asyncs-openwhisk-direct-event-v1	C5	asyncs	dynamic-html-derived-v1	210	1	b86e821d983e4960ae821d983ec96093	OW300	2	2	false	latest_ow300_not_after_ow310_tie_first_source_line	scheduler	true	true		scheduler0	openwhisk_scheduler	1	f71cbe4b76f4ffc67aa00bdc633af737	1784761201486000000	19824642214818	openwhisk_scheduler_jvm_mono	recovery/openwhisk/capture/scheduler.filtered.log	626
asyncs-openwhisk-direct-event-v1	C5	asyncs	dynamic-html-derived-v1	210	1	b86e821d983e4960ae821d983ec96093	OW310	1	1	true	single_direct_observation	invoker	true	true		invoker0	openwhisk_invoker	29163	f71cbe4b76f4ffc67aa00bdc633af737	1784761201488000000	19824701086593	openwhisk_invoker_jvm_mono	recovery/openwhisk/capture/invokers.filtered.log	462
asyncs-openwhisk-direct-event-v1	C5	asyncs	dynamic-html-derived-v1	210	1	b86e821d983e4960ae821d983ec96093	OW800	1	1	true	single_direct_observation	invoker	true	true		invoker0	openwhisk_invoker	29163	f71cbe4b76f4ffc67aa00bdc633af737	1784761201832000000	19825044548735	openwhisk_invoker_jvm_mono	recovery/openwhisk/capture/invokers.filtered.log	465
asyncs-openwhisk-direct-event-v1	C5	asyncs	dynamic-html-derived-v1	3	1	b91dcf16428042dc9dcf16428042dc74	OW120	1	1	true	single_direct_observation	controller	true	true		controller0	openwhisk_controller	1	2045c621a72e7aff151587ce751b91eb	1784761162757000000	19785912649248	openwhisk_controller_jvm_mono	recovery/openwhisk/capture/controller.filtered.log	1
asyncs-openwhisk-direct-event-v1	C5	asyncs	dynamic-html-derived-v1	3	1	b91dcf16428042dc9dcf16428042dc74	OW150	1	1	true	single_direct_observation	controller	true	true		controller0	openwhisk_controller	1	2045c621a72e7aff151587ce751b91eb	1784761162757000000	19785912717289	openwhisk_controller_jvm_mono	recovery/openwhisk/capture/controller.filtered.log	2
asyncs-openwhisk-direct-event-v1	C5	asyncs	dynamic-html-derived-v1	3	1	b91dcf16428042dc9dcf16428042dc74	OW260	1	1	true	single_direct_observation	scheduler	true	true		scheduler0	openwhisk_scheduler	1	2045c621a72e7aff151587ce751b91eb	1784761162762000000	19785918172338	openwhisk_scheduler_jvm_mono	recovery/openwhisk/capture/scheduler.filtered.log	1
asyncs-openwhisk-direct-event-v1	C5	asyncs	dynamic-html-derived-v1	3	1	b91dcf16428042dc9dcf16428042dc74	OW300	1	1	true	single_direct_observation	scheduler	true	true		scheduler0	openwhisk_scheduler	1	2045c621a72e7aff151587ce751b91eb	1784761162863000000	19786018704713	openwhisk_scheduler_jvm_mono	recovery/openwhisk/capture/scheduler.filtered.log	4
asyncs-openwhisk-direct-event-v1	C5	asyncs	dynamic-html-derived-v1	3	1	b91dcf16428042dc9dcf16428042dc74	OW310	1	1	true	single_direct_observation	invoker	true	true		invoker0	openwhisk_invoker	29163	2045c621a72e7aff151587ce751b91eb	1784761162867000000	19786079789466	openwhisk_invoker_jvm_mono	recovery/openwhisk/capture/invokers.filtered.log	2
asyncs-openwhisk-direct-event-v1	C5	asyncs	dynamic-html-derived-v1	3	1	b91dcf16428042dc9dcf16428042dc74	OW800	1	1	true	single_direct_observation	invoker	true	true		invoker0	openwhisk_invoker	29163	2045c621a72e7aff151587ce751b91eb	1784761163216000000	19786428828944	openwhisk_invoker_jvm_mono	recovery/openwhisk/capture/invokers.filtered.log	5
asyncs-openwhisk-direct-event-v1	C5	asyncs	dynamic-html-derived-v1	80	1	b9a2490721f5415aa2490721f5615a86	OW120	1	1	true	single_direct_observation	controller	true	true		controller0	openwhisk_controller	1	c4f847e23e556a3791ed3504d804efaf	1784761178351000000	19801506631238	openwhisk_controller_jvm_mono	recovery/openwhisk/capture/controller.filtered.log	159
asyncs-openwhisk-direct-event-v1	C5	asyncs	dynamic-html-derived-v1	80	1	b9a2490721f5415aa2490721f5615a86	OW150	1	1	true	single_direct_observation	controller	true	true		controller0	openwhisk_controller	1	c4f847e23e556a3791ed3504d804efaf	1784761178351000000	19801506678012	openwhisk_controller_jvm_mono	recovery/openwhisk/capture/controller.filtered.log	160
asyncs-openwhisk-direct-event-v1	C5	asyncs	dynamic-html-derived-v1	80	1	b9a2490721f5415aa2490721f5615a86	OW260	1	1	true	single_direct_observation	scheduler	true	true		scheduler0	openwhisk_scheduler	1	c4f847e23e556a3791ed3504d804efaf	1784761178355000000	19801510627109	openwhisk_scheduler_jvm_mono	recovery/openwhisk/capture/scheduler.filtered.log	234
asyncs-openwhisk-direct-event-v1	C5	asyncs	dynamic-html-derived-v1	80	1	b9a2490721f5415aa2490721f5615a86	OW300	1	2	true	latest_ow300_not_after_ow310_tie_first_source_line	scheduler	true	true		scheduler0	openwhisk_scheduler	1	c4f847e23e556a3791ed3504d804efaf	1784761178355000000	19801510755654	openwhisk_scheduler_jvm_mono	recovery/openwhisk/capture/scheduler.filtered.log	235
asyncs-openwhisk-direct-event-v1	C5	asyncs	dynamic-html-derived-v1	80	1	b9a2490721f5415aa2490721f5615a86	OW300	2	2	false	latest_ow300_not_after_ow310_tie_first_source_line	scheduler	true	true		scheduler0	openwhisk_scheduler	1	c4f847e23e556a3791ed3504d804efaf	1784761178355000000	19801510796485	openwhisk_scheduler_jvm_mono	recovery/openwhisk/capture/scheduler.filtered.log	236
asyncs-openwhisk-direct-event-v1	C5	asyncs	dynamic-html-derived-v1	80	1	b9a2490721f5415aa2490721f5615a86	OW310	1	1	true	single_direct_observation	invoker	true	true		invoker2	openwhisk_invoker	26523	c4f847e23e556a3791ed3504d804efaf	1784761178357000000	19800512598157	openwhisk_invoker_jvm_mono	recovery/openwhisk/capture/invokers.filtered.log	860
asyncs-openwhisk-direct-event-v1	C5	asyncs	dynamic-html-derived-v1	80	1	b9a2490721f5415aa2490721f5615a86	OW800	1	1	true	single_direct_observation	invoker	true	true		invoker2	openwhisk_invoker	26523	c4f847e23e556a3791ed3504d804efaf	1784761178881000000	19801036512744	openwhisk_invoker_jvm_mono	recovery/openwhisk/capture/invokers.filtered.log	868
asyncs-openwhisk-direct-event-v1	C5	asyncs	dynamic-html-derived-v1	219	1	ba388b5c1e6c494db88b5c1e6ca94d72	OW120	1	1	true	single_direct_observation	controller	true	true		controller0	openwhisk_controller	1	e50638341a4bbccf0a282cc09b6795a7	1784761202970000000	19826125954543	openwhisk_controller_jvm_mono	recovery/openwhisk/capture/controller.filtered.log	437
asyncs-openwhisk-direct-event-v1	C5	asyncs	dynamic-html-derived-v1	219	1	ba388b5c1e6c494db88b5c1e6ca94d72	OW150	1	1	true	single_direct_observation	controller	true	true		controller0	openwhisk_controller	1	e50638341a4bbccf0a282cc09b6795a7	1784761202970000000	19826125992750	openwhisk_controller_jvm_mono	recovery/openwhisk/capture/controller.filtered.log	438
asyncs-openwhisk-direct-event-v1	C5	asyncs	dynamic-html-derived-v1	219	1	ba388b5c1e6c494db88b5c1e6ca94d72	OW260	1	1	true	single_direct_observation	scheduler	true	true		scheduler0	openwhisk_scheduler	1	e50638341a4bbccf0a282cc09b6795a7	1784761202974000000	19826129579063	openwhisk_scheduler_jvm_mono	recovery/openwhisk/capture/scheduler.filtered.log	651
asyncs-openwhisk-direct-event-v1	C5	asyncs	dynamic-html-derived-v1	219	1	ba388b5c1e6c494db88b5c1e6ca94d72	OW300	1	2	true	latest_ow300_not_after_ow310_tie_first_source_line	scheduler	true	true		scheduler0	openwhisk_scheduler	1	e50638341a4bbccf0a282cc09b6795a7	1784761202974000000	19826129722055	openwhisk_scheduler_jvm_mono	recovery/openwhisk/capture/scheduler.filtered.log	652
asyncs-openwhisk-direct-event-v1	C5	asyncs	dynamic-html-derived-v1	219	1	ba388b5c1e6c494db88b5c1e6ca94d72	OW300	2	2	false	latest_ow300_not_after_ow310_tie_first_source_line	scheduler	true	true		scheduler0	openwhisk_scheduler	1	e50638341a4bbccf0a282cc09b6795a7	1784761202974000000	19826129759673	openwhisk_scheduler_jvm_mono	recovery/openwhisk/capture/scheduler.filtered.log	653
asyncs-openwhisk-direct-event-v1	C5	asyncs	dynamic-html-derived-v1	219	1	ba388b5c1e6c494db88b5c1e6ca94d72	OW310	1	1	true	single_direct_observation	invoker	true	true		invoker2	openwhisk_invoker	26523	e50638341a4bbccf0a282cc09b6795a7	1784761202976000000	19825131452290	openwhisk_invoker_jvm_mono	recovery/openwhisk/capture/invokers.filtered.log	1265
asyncs-openwhisk-direct-event-v1	C5	asyncs	dynamic-html-derived-v1	219	1	ba388b5c1e6c494db88b5c1e6ca94d72	OW800	1	1	true	single_direct_observation	invoker	true	true		invoker2	openwhisk_invoker	26523	e50638341a4bbccf0a282cc09b6795a7	1784761203516000000	19825671342381	openwhisk_invoker_jvm_mono	recovery/openwhisk/capture/invokers.filtered.log	1273
asyncs-openwhisk-direct-event-v1	C5	asyncs	dynamic-html-derived-v1	196	1	ba9fc9085cb5431b9fc9085cb5f31b65	OW120	1	1	true	single_direct_observation	controller	true	true		controller0	openwhisk_controller	1	211ff9e67441a4f6c3e1690ce9c8e02c	1784761198965000000	19822120473857	openwhisk_controller_jvm_mono	recovery/openwhisk/capture/controller.filtered.log	391
asyncs-openwhisk-direct-event-v1	C5	asyncs	dynamic-html-derived-v1	196	1	ba9fc9085cb5431b9fc9085cb5f31b65	OW150	1	1	true	single_direct_observation	controller	true	true		controller0	openwhisk_controller	1	211ff9e67441a4f6c3e1690ce9c8e02c	1784761198965000000	19822120505761	openwhisk_controller_jvm_mono	recovery/openwhisk/capture/controller.filtered.log	392
asyncs-openwhisk-direct-event-v1	C5	asyncs	dynamic-html-derived-v1	196	1	ba9fc9085cb5431b9fc9085cb5f31b65	OW260	1	1	true	single_direct_observation	scheduler	true	true		scheduler0	openwhisk_scheduler	1	211ff9e67441a4f6c3e1690ce9c8e02c	1784761198968000000	19822124090568	openwhisk_scheduler_jvm_mono	recovery/openwhisk/capture/scheduler.filtered.log	582
asyncs-openwhisk-direct-event-v1	C5	asyncs	dynamic-html-derived-v1	196	1	ba9fc9085cb5431b9fc9085cb5f31b65	OW300	1	2	true	latest_ow300_not_after_ow310_tie_first_source_line	scheduler	true	true		scheduler0	openwhisk_scheduler	1	211ff9e67441a4f6c3e1690ce9c8e02c	1784761198968000000	19822124224902	openwhisk_scheduler_jvm_mono	recovery/openwhisk/capture/scheduler.filtered.log	583
asyncs-openwhisk-direct-event-v1	C5	asyncs	dynamic-html-derived-v1	196	1	ba9fc9085cb5431b9fc9085cb5f31b65	OW300	2	2	false	latest_ow300_not_after_ow310_tie_first_source_line	scheduler	true	true		scheduler0	openwhisk_scheduler	1	211ff9e67441a4f6c3e1690ce9c8e02c	1784761198968000000	19822124263320	openwhisk_scheduler_jvm_mono	recovery/openwhisk/capture/scheduler.filtered.log	584
asyncs-openwhisk-direct-event-v1	C5	asyncs	dynamic-html-derived-v1	196	1	ba9fc9085cb5431b9fc9085cb5f31b65	OW310	1	1	true	single_direct_observation	invoker	true	true		invoker0	openwhisk_invoker	29163	211ff9e67441a4f6c3e1690ce9c8e02c	1784761198971000000	19822183261971	openwhisk_invoker_jvm_mono	recovery/openwhisk/capture/invokers.filtered.log	432
asyncs-openwhisk-direct-event-v1	C5	asyncs	dynamic-html-derived-v1	196	1	ba9fc9085cb5431b9fc9085cb5f31b65	OW800	1	1	true	single_direct_observation	invoker	true	true		invoker0	openwhisk_invoker	29163	211ff9e67441a4f6c3e1690ce9c8e02c	1784761199313000000	19822525886390	openwhisk_invoker_jvm_mono	recovery/openwhisk/capture/invokers.filtered.log	435
asyncs-openwhisk-direct-event-v1	C5	asyncs	dynamic-html-derived-v1	227	1	be1d8c1f067e47659d8c1f067e476539	OW120	1	1	true	single_direct_observation	controller	true	true		controller0	openwhisk_controller	1	14dd77c3980a7e773fbfe653606d8009	1784761204198000000	19827354321022	openwhisk_controller_jvm_mono	recovery/openwhisk/capture/controller.filtered.log	453
asyncs-openwhisk-direct-event-v1	C5	asyncs	dynamic-html-derived-v1	227	1	be1d8c1f067e47659d8c1f067e476539	OW150	1	1	true	single_direct_observation	controller	true	true		controller0	openwhisk_controller	1	14dd77c3980a7e773fbfe653606d8009	1784761204198000000	19827354351663	openwhisk_controller_jvm_mono	recovery/openwhisk/capture/controller.filtered.log	454
asyncs-openwhisk-direct-event-v1	C5	asyncs	dynamic-html-derived-v1	227	1	be1d8c1f067e47659d8c1f067e476539	OW260	1	1	true	single_direct_observation	scheduler	true	true		scheduler0	openwhisk_scheduler	1	14dd77c3980a7e773fbfe653606d8009	1784761204205000000	19827360846845	openwhisk_scheduler_jvm_mono	recovery/openwhisk/capture/scheduler.filtered.log	675
asyncs-openwhisk-direct-event-v1	C5	asyncs	dynamic-html-derived-v1	227	1	be1d8c1f067e47659d8c1f067e476539	OW300	1	2	true	latest_ow300_not_after_ow310_tie_first_source_line	scheduler	true	true		scheduler0	openwhisk_scheduler	1	14dd77c3980a7e773fbfe653606d8009	1784761204208000000	19827364136062	openwhisk_scheduler_jvm_mono	recovery/openwhisk/capture/scheduler.filtered.log	676
asyncs-openwhisk-direct-event-v1	C5	asyncs	dynamic-html-derived-v1	227	1	be1d8c1f067e47659d8c1f067e476539	OW300	2	2	false	latest_ow300_not_after_ow310_tie_first_source_line	scheduler	true	true		scheduler0	openwhisk_scheduler	1	14dd77c3980a7e773fbfe653606d8009	1784761204208000000	19827364208623	openwhisk_scheduler_jvm_mono	recovery/openwhisk/capture/scheduler.filtered.log	677
asyncs-openwhisk-direct-event-v1	C5	asyncs	dynamic-html-derived-v1	227	1	be1d8c1f067e47659d8c1f067e476539	OW310	1	1	true	single_direct_observation	invoker	true	true		invoker0	openwhisk_invoker	29163	14dd77c3980a7e773fbfe653606d8009	1784761204211000000	19827423708368	openwhisk_invoker_jvm_mono	recovery/openwhisk/capture/invokers.filtered.log	497
asyncs-openwhisk-direct-event-v1	C5	asyncs	dynamic-html-derived-v1	227	1	be1d8c1f067e47659d8c1f067e476539	OW800	1	1	true	single_direct_observation	invoker	true	true		invoker0	openwhisk_invoker	29163	14dd77c3980a7e773fbfe653606d8009	1784761204554000000	19827766868410	openwhisk_invoker_jvm_mono	recovery/openwhisk/capture/invokers.filtered.log	500
asyncs-openwhisk-direct-event-v1	C5	asyncs	dynamic-html-derived-v1	38	1	bee3d716a3164ceda3d716a3163cedd5	OW120	1	1	true	single_direct_observation	controller	true	true		controller0	openwhisk_controller	1	67cfd3e214f5190d2a1b9229d9539e9c	1784761171336000000	19794491539044	openwhisk_controller_jvm_mono	recovery/openwhisk/capture/controller.filtered.log	75
asyncs-openwhisk-direct-event-v1	C5	asyncs	dynamic-html-derived-v1	38	1	bee3d716a3164ceda3d716a3163cedd5	OW150	1	1	true	single_direct_observation	controller	true	true		controller0	openwhisk_controller	1	67cfd3e214f5190d2a1b9229d9539e9c	1784761171336000000	19794491581822	openwhisk_controller_jvm_mono	recovery/openwhisk/capture/controller.filtered.log	76
asyncs-openwhisk-direct-event-v1	C5	asyncs	dynamic-html-derived-v1	38	1	bee3d716a3164ceda3d716a3163cedd5	OW260	1	1	true	single_direct_observation	scheduler	true	true		scheduler0	openwhisk_scheduler	1	67cfd3e214f5190d2a1b9229d9539e9c	1784761171339000000	19794494971855	openwhisk_scheduler_jvm_mono	recovery/openwhisk/capture/scheduler.filtered.log	108
asyncs-openwhisk-direct-event-v1	C5	asyncs	dynamic-html-derived-v1	38	1	bee3d716a3164ceda3d716a3163cedd5	OW300	1	2	true	latest_ow300_not_after_ow310_tie_first_source_line	scheduler	true	true		scheduler0	openwhisk_scheduler	1	67cfd3e214f5190d2a1b9229d9539e9c	1784761171339000000	19794495198148	openwhisk_scheduler_jvm_mono	recovery/openwhisk/capture/scheduler.filtered.log	109
asyncs-openwhisk-direct-event-v1	C5	asyncs	dynamic-html-derived-v1	38	1	bee3d716a3164ceda3d716a3163cedd5	OW300	2	2	false	latest_ow300_not_after_ow310_tie_first_source_line	scheduler	true	true		scheduler0	openwhisk_scheduler	1	67cfd3e214f5190d2a1b9229d9539e9c	1784761171339000000	19794495242679	openwhisk_scheduler_jvm_mono	recovery/openwhisk/capture/scheduler.filtered.log	110
asyncs-openwhisk-direct-event-v1	C5	asyncs	dynamic-html-derived-v1	38	1	bee3d716a3164ceda3d716a3163cedd5	OW310	1	1	true	single_direct_observation	invoker	true	true		invoker0	openwhisk_invoker	29163	67cfd3e214f5190d2a1b9229d9539e9c	1784761171342000000	19794554293912	openwhisk_invoker_jvm_mono	recovery/openwhisk/capture/invokers.filtered.log	102
asyncs-openwhisk-direct-event-v1	C5	asyncs	dynamic-html-derived-v1	38	1	bee3d716a3164ceda3d716a3163cedd5	OW800	1	1	true	single_direct_observation	invoker	true	true		invoker0	openwhisk_invoker	29163	67cfd3e214f5190d2a1b9229d9539e9c	1784761171683000000	19794896045368	openwhisk_invoker_jvm_mono	recovery/openwhisk/capture/invokers.filtered.log	105
asyncs-openwhisk-direct-event-v1	C5	asyncs	dynamic-html-derived-v1	202	1	bf07742dca964bb287742dca96fbb2d3	OW120	1	1	true	single_direct_observation	controller	true	true		controller0	openwhisk_controller	1	7bb489aed7c5183a0b47e9ee53c35fe7	1784761200099000000	19823255381100	openwhisk_controller_jvm_mono	recovery/openwhisk/capture/controller.filtered.log	403
asyncs-openwhisk-direct-event-v1	C5	asyncs	dynamic-html-derived-v1	202	1	bf07742dca964bb287742dca96fbb2d3	OW150	1	1	true	single_direct_observation	controller	true	true		controller0	openwhisk_controller	1	7bb489aed7c5183a0b47e9ee53c35fe7	1784761200099000000	19823255414700	openwhisk_controller_jvm_mono	recovery/openwhisk/capture/controller.filtered.log	404
asyncs-openwhisk-direct-event-v1	C5	asyncs	dynamic-html-derived-v1	202	1	bf07742dca964bb287742dca96fbb2d3	OW260	1	1	true	single_direct_observation	scheduler	true	true		scheduler0	openwhisk_scheduler	1	7bb489aed7c5183a0b47e9ee53c35fe7	1784761200109000000	19823265078235	openwhisk_scheduler_jvm_mono	recovery/openwhisk/capture/scheduler.filtered.log	600
asyncs-openwhisk-direct-event-v1	C5	asyncs	dynamic-html-derived-v1	202	1	bf07742dca964bb287742dca96fbb2d3	OW300	1	2	true	latest_ow300_not_after_ow310_tie_first_source_line	scheduler	true	true		scheduler0	openwhisk_scheduler	1	7bb489aed7c5183a0b47e9ee53c35fe7	1784761200109000000	19823265316161	openwhisk_scheduler_jvm_mono	recovery/openwhisk/capture/scheduler.filtered.log	601
asyncs-openwhisk-direct-event-v1	C5	asyncs	dynamic-html-derived-v1	202	1	bf07742dca964bb287742dca96fbb2d3	OW300	2	2	false	latest_ow300_not_after_ow310_tie_first_source_line	scheduler	true	true		scheduler0	openwhisk_scheduler	1	7bb489aed7c5183a0b47e9ee53c35fe7	1784761200109000000	19823265360267	openwhisk_scheduler_jvm_mono	recovery/openwhisk/capture/scheduler.filtered.log	602
asyncs-openwhisk-direct-event-v1	C5	asyncs	dynamic-html-derived-v1	202	1	bf07742dca964bb287742dca96fbb2d3	OW310	1	1	true	single_direct_observation	invoker	true	true		invoker0	openwhisk_invoker	29163	7bb489aed7c5183a0b47e9ee53c35fe7	1784761200111000000	19823324145123	openwhisk_invoker_jvm_mono	recovery/openwhisk/capture/invokers.filtered.log	447
asyncs-openwhisk-direct-event-v1	C5	asyncs	dynamic-html-derived-v1	202	1	bf07742dca964bb287742dca96fbb2d3	OW800	1	1	true	single_direct_observation	invoker	true	true		invoker0	openwhisk_invoker	29163	7bb489aed7c5183a0b47e9ee53c35fe7	1784761200504000000	19823717009439	openwhisk_invoker_jvm_mono	recovery/openwhisk/capture/invokers.filtered.log	450
asyncs-openwhisk-direct-event-v1	C5	asyncs	dynamic-html-derived-v1	135	1	c1411b6a02c347fa811b6a02c367fa3d	OW120	1	1	true	single_direct_observation	controller	true	true		controller0	openwhisk_controller	1	6fdbc01c839927390396050a295c1b05	1784761188178000000	19811334242406	openwhisk_controller_jvm_mono	recovery/openwhisk/capture/controller.filtered.log	269
asyncs-openwhisk-direct-event-v1	C5	asyncs	dynamic-html-derived-v1	135	1	c1411b6a02c347fa811b6a02c367fa3d	OW150	1	1	true	single_direct_observation	controller	true	true		controller0	openwhisk_controller	1	6fdbc01c839927390396050a295c1b05	1784761188178000000	19811334281590	openwhisk_controller_jvm_mono	recovery/openwhisk/capture/controller.filtered.log	270
asyncs-openwhisk-direct-event-v1	C5	asyncs	dynamic-html-derived-v1	135	1	c1411b6a02c347fa811b6a02c367fa3d	OW260	1	1	true	single_direct_observation	scheduler	true	true		scheduler0	openwhisk_scheduler	1	6fdbc01c839927390396050a295c1b05	1784761188190000000	19811346345044	openwhisk_scheduler_jvm_mono	recovery/openwhisk/capture/scheduler.filtered.log	399
asyncs-openwhisk-direct-event-v1	C5	asyncs	dynamic-html-derived-v1	135	1	c1411b6a02c347fa811b6a02c367fa3d	OW300	1	2	true	latest_ow300_not_after_ow310_tie_first_source_line	scheduler	true	true		scheduler0	openwhisk_scheduler	1	6fdbc01c839927390396050a295c1b05	1784761188191000000	19811346605450	openwhisk_scheduler_jvm_mono	recovery/openwhisk/capture/scheduler.filtered.log	400
asyncs-openwhisk-direct-event-v1	C5	asyncs	dynamic-html-derived-v1	135	1	c1411b6a02c347fa811b6a02c367fa3d	OW300	2	2	false	latest_ow300_not_after_ow310_tie_first_source_line	scheduler	true	true		scheduler0	openwhisk_scheduler	1	6fdbc01c839927390396050a295c1b05	1784761188191000000	19811346641144	openwhisk_scheduler_jvm_mono	recovery/openwhisk/capture/scheduler.filtered.log	401
asyncs-openwhisk-direct-event-v1	C5	asyncs	dynamic-html-derived-v1	135	1	c1411b6a02c347fa811b6a02c367fa3d	OW310	1	1	true	single_direct_observation	invoker	true	true		invoker0	openwhisk_invoker	29163	6fdbc01c839927390396050a295c1b05	1784761188199000000	19811412086571	openwhisk_invoker_jvm_mono	recovery/openwhisk/capture/invokers.filtered.log	307
asyncs-openwhisk-direct-event-v1	C5	asyncs	dynamic-html-derived-v1	135	1	c1411b6a02c347fa811b6a02c367fa3d	OW800	1	1	true	single_direct_observation	invoker	true	true		invoker0	openwhisk_invoker	29163	6fdbc01c839927390396050a295c1b05	1784761188542000000	19811754307584	openwhisk_invoker_jvm_mono	recovery/openwhisk/capture/invokers.filtered.log	310
asyncs-openwhisk-direct-event-v1	C5	asyncs	dynamic-html-derived-v1	43	1	c455b90829334b0895b90829337b089a	OW120	1	1	true	single_direct_observation	controller	true	true		controller0	openwhisk_controller	1	6d26f9fc5da0ba74f729d94d35281be1	1784761172112000000	19795268206983	openwhisk_controller_jvm_mono	recovery/openwhisk/capture/controller.filtered.log	85
asyncs-openwhisk-direct-event-v1	C5	asyncs	dynamic-html-derived-v1	43	1	c455b90829334b0895b90829337b089a	OW150	1	1	true	single_direct_observation	controller	true	true		controller0	openwhisk_controller	1	6d26f9fc5da0ba74f729d94d35281be1	1784761172112000000	19795268255044	openwhisk_controller_jvm_mono	recovery/openwhisk/capture/controller.filtered.log	86
asyncs-openwhisk-direct-event-v1	C5	asyncs	dynamic-html-derived-v1	43	1	c455b90829334b0895b90829337b089a	OW260	1	1	true	single_direct_observation	scheduler	true	true		scheduler0	openwhisk_scheduler	1	6d26f9fc5da0ba74f729d94d35281be1	1784761172117000000	19795272871606	openwhisk_scheduler_jvm_mono	recovery/openwhisk/capture/scheduler.filtered.log	123
asyncs-openwhisk-direct-event-v1	C5	asyncs	dynamic-html-derived-v1	43	1	c455b90829334b0895b90829337b089a	OW300	1	2	true	latest_ow300_not_after_ow310_tie_first_source_line	scheduler	true	true		scheduler0	openwhisk_scheduler	1	6d26f9fc5da0ba74f729d94d35281be1	1784761172117000000	19795273066578	openwhisk_scheduler_jvm_mono	recovery/openwhisk/capture/scheduler.filtered.log	124
asyncs-openwhisk-direct-event-v1	C5	asyncs	dynamic-html-derived-v1	43	1	c455b90829334b0895b90829337b089a	OW300	2	2	false	latest_ow300_not_after_ow310_tie_first_source_line	scheduler	true	true		scheduler0	openwhisk_scheduler	1	6d26f9fc5da0ba74f729d94d35281be1	1784761172117000000	19795273126653	openwhisk_scheduler_jvm_mono	recovery/openwhisk/capture/scheduler.filtered.log	125
asyncs-openwhisk-direct-event-v1	C5	asyncs	dynamic-html-derived-v1	43	1	c455b90829334b0895b90829337b089a	OW310	1	1	true	single_direct_observation	invoker	true	true		invoker0	openwhisk_invoker	29163	6d26f9fc5da0ba74f729d94d35281be1	1784761172121000000	19795333823604	openwhisk_invoker_jvm_mono	recovery/openwhisk/capture/invokers.filtered.log	112
asyncs-openwhisk-direct-event-v1	C5	asyncs	dynamic-html-derived-v1	43	1	c455b90829334b0895b90829337b089a	OW800	1	1	true	single_direct_observation	invoker	true	true		invoker0	openwhisk_invoker	29163	6d26f9fc5da0ba74f729d94d35281be1	1784761172470000000	19795682301508	openwhisk_invoker_jvm_mono	recovery/openwhisk/capture/invokers.filtered.log	115
asyncs-openwhisk-direct-event-v1	C5	asyncs	dynamic-html-derived-v1	240	1	c4948e581df74c56948e581df71c56f2	OW120	1	1	true	single_direct_observation	controller	true	true		controller0	openwhisk_controller	1	42908d38845094e27e20ce4ae600d156	1784761206566000000	19829721994564	openwhisk_controller_jvm_mono	recovery/openwhisk/capture/controller.filtered.log	479
asyncs-openwhisk-direct-event-v1	C5	asyncs	dynamic-html-derived-v1	240	1	c4948e581df74c56948e581df71c56f2	OW150	1	1	true	single_direct_observation	controller	true	true		controller0	openwhisk_controller	1	42908d38845094e27e20ce4ae600d156	1784761206566000000	19829722021067	openwhisk_controller_jvm_mono	recovery/openwhisk/capture/controller.filtered.log	480
asyncs-openwhisk-direct-event-v1	C5	asyncs	dynamic-html-derived-v1	240	1	c4948e581df74c56948e581df71c56f2	OW260	1	1	true	single_direct_observation	scheduler	true	true		scheduler0	openwhisk_scheduler	1	42908d38845094e27e20ce4ae600d156	1784761206577000000	19829733430217	openwhisk_scheduler_jvm_mono	recovery/openwhisk/capture/scheduler.filtered.log	714
asyncs-openwhisk-direct-event-v1	C5	asyncs	dynamic-html-derived-v1	240	1	c4948e581df74c56948e581df71c56f2	OW300	1	2	true	latest_ow300_not_after_ow310_tie_first_source_line	scheduler	true	true		scheduler0	openwhisk_scheduler	1	42908d38845094e27e20ce4ae600d156	1784761206578000000	19829733595757	openwhisk_scheduler_jvm_mono	recovery/openwhisk/capture/scheduler.filtered.log	715
asyncs-openwhisk-direct-event-v1	C5	asyncs	dynamic-html-derived-v1	240	1	c4948e581df74c56948e581df71c56f2	OW300	2	2	false	latest_ow300_not_after_ow310_tie_first_source_line	scheduler	true	true		scheduler0	openwhisk_scheduler	1	42908d38845094e27e20ce4ae600d156	1784761206578000000	19829733637909	openwhisk_scheduler_jvm_mono	recovery/openwhisk/capture/scheduler.filtered.log	716
asyncs-openwhisk-direct-event-v1	C5	asyncs	dynamic-html-derived-v1	240	1	c4948e581df74c56948e581df71c56f2	OW310	1	1	true	single_direct_observation	invoker	true	true		invoker2	openwhisk_invoker	26523	42908d38845094e27e20ce4ae600d156	1784761206580000000	19828735393578	openwhisk_invoker_jvm_mono	recovery/openwhisk/capture/invokers.filtered.log	1325
asyncs-openwhisk-direct-event-v1	C5	asyncs	dynamic-html-derived-v1	240	1	c4948e581df74c56948e581df71c56f2	OW800	1	1	true	single_direct_observation	invoker	true	true		invoker2	openwhisk_invoker	26523	42908d38845094e27e20ce4ae600d156	1784761207092000000	19829247156076	openwhisk_invoker_jvm_mono	recovery/openwhisk/capture/invokers.filtered.log	1333
asyncs-openwhisk-direct-event-v1	C5	asyncs	dynamic-html-derived-v1	41	1	c6c0694b31554f2880694b31559f28bf	OW120	1	1	true	single_direct_observation	controller	true	true		controller0	openwhisk_controller	1	7a9f301539e7ce22a8cbb11b776de8aa	1784761171713000000	19794869266328	openwhisk_controller_jvm_mono	recovery/openwhisk/capture/controller.filtered.log	81
asyncs-openwhisk-direct-event-v1	C5	asyncs	dynamic-html-derived-v1	41	1	c6c0694b31554f2880694b31559f28bf	OW150	1	1	true	single_direct_observation	controller	true	true		controller0	openwhisk_controller	1	7a9f301539e7ce22a8cbb11b776de8aa	1784761171713000000	19794869307129	openwhisk_controller_jvm_mono	recovery/openwhisk/capture/controller.filtered.log	82
asyncs-openwhisk-direct-event-v1	C5	asyncs	dynamic-html-derived-v1	41	1	c6c0694b31554f2880694b31559f28bf	OW260	1	1	true	single_direct_observation	scheduler	true	true		scheduler0	openwhisk_scheduler	1	7a9f301539e7ce22a8cbb11b776de8aa	1784761171719000000	19794874734261	openwhisk_scheduler_jvm_mono	recovery/openwhisk/capture/scheduler.filtered.log	117
asyncs-openwhisk-direct-event-v1	C5	asyncs	dynamic-html-derived-v1	41	1	c6c0694b31554f2880694b31559f28bf	OW300	1	2	true	latest_ow300_not_after_ow310_tie_first_source_line	scheduler	true	true		scheduler0	openwhisk_scheduler	1	7a9f301539e7ce22a8cbb11b776de8aa	1784761171719000000	19794874914252	openwhisk_scheduler_jvm_mono	recovery/openwhisk/capture/scheduler.filtered.log	118
asyncs-openwhisk-direct-event-v1	C5	asyncs	dynamic-html-derived-v1	41	1	c6c0694b31554f2880694b31559f28bf	OW300	2	2	false	latest_ow300_not_after_ow310_tie_first_source_line	scheduler	true	true		scheduler0	openwhisk_scheduler	1	7a9f301539e7ce22a8cbb11b776de8aa	1784761171719000000	19794874988837	openwhisk_scheduler_jvm_mono	recovery/openwhisk/capture/scheduler.filtered.log	119
asyncs-openwhisk-direct-event-v1	C5	asyncs	dynamic-html-derived-v1	41	1	c6c0694b31554f2880694b31559f28bf	OW310	1	1	true	single_direct_observation	invoker	true	true		invoker0	openwhisk_invoker	29163	7a9f301539e7ce22a8cbb11b776de8aa	1784761171721000000	19794934103068	openwhisk_invoker_jvm_mono	recovery/openwhisk/capture/invokers.filtered.log	107
asyncs-openwhisk-direct-event-v1	C5	asyncs	dynamic-html-derived-v1	41	1	c6c0694b31554f2880694b31559f28bf	OW800	1	1	true	single_direct_observation	invoker	true	true		invoker0	openwhisk_invoker	29163	7a9f301539e7ce22a8cbb11b776de8aa	1784761172069000000	19795281755100	openwhisk_invoker_jvm_mono	recovery/openwhisk/capture/invokers.filtered.log	110
asyncs-openwhisk-direct-event-v1	C5	asyncs	dynamic-html-derived-v1	119	1	c79b3dda736c4cbe9b3dda736cbcbe1c	OW120	1	1	true	single_direct_observation	controller	true	true		controller0	openwhisk_controller	1	ece0a9b546cc246b6c59396232cd2ce3	1784761185181000000	19808336566224	openwhisk_controller_jvm_mono	recovery/openwhisk/capture/controller.filtered.log	237
asyncs-openwhisk-direct-event-v1	C5	asyncs	dynamic-html-derived-v1	119	1	c79b3dda736c4cbe9b3dda736cbcbe1c	OW150	1	1	true	single_direct_observation	controller	true	true		controller0	openwhisk_controller	1	ece0a9b546cc246b6c59396232cd2ce3	1784761185181000000	19808336603897	openwhisk_controller_jvm_mono	recovery/openwhisk/capture/controller.filtered.log	238
asyncs-openwhisk-direct-event-v1	C5	asyncs	dynamic-html-derived-v1	119	1	c79b3dda736c4cbe9b3dda736cbcbe1c	OW260	1	1	true	single_direct_observation	scheduler	true	true		scheduler0	openwhisk_scheduler	1	ece0a9b546cc246b6c59396232cd2ce3	1784761185184000000	19808340155612	openwhisk_scheduler_jvm_mono	recovery/openwhisk/capture/scheduler.filtered.log	351
asyncs-openwhisk-direct-event-v1	C5	asyncs	dynamic-html-derived-v1	119	1	c79b3dda736c4cbe9b3dda736cbcbe1c	OW300	1	2	true	latest_ow300_not_after_ow310_tie_first_source_line	scheduler	true	true		scheduler0	openwhisk_scheduler	1	ece0a9b546cc246b6c59396232cd2ce3	1784761185184000000	19808340280993	openwhisk_scheduler_jvm_mono	recovery/openwhisk/capture/scheduler.filtered.log	352
asyncs-openwhisk-direct-event-v1	C5	asyncs	dynamic-html-derived-v1	119	1	c79b3dda736c4cbe9b3dda736cbcbe1c	OW300	2	2	false	latest_ow300_not_after_ow310_tie_first_source_line	scheduler	true	true		scheduler0	openwhisk_scheduler	1	ece0a9b546cc246b6c59396232cd2ce3	1784761185184000000	19808340323539	openwhisk_scheduler_jvm_mono	recovery/openwhisk/capture/scheduler.filtered.log	353
asyncs-openwhisk-direct-event-v1	C5	asyncs	dynamic-html-derived-v1	119	1	c79b3dda736c4cbe9b3dda736cbcbe1c	OW310	1	1	true	single_direct_observation	invoker	true	true		invoker2	openwhisk_invoker	26523	ece0a9b546cc246b6c59396232cd2ce3	1784761185188000000	19807343337411	openwhisk_invoker_jvm_mono	recovery/openwhisk/capture/invokers.filtered.log	973
asyncs-openwhisk-direct-event-v1	C5	asyncs	dynamic-html-derived-v1	119	1	c79b3dda736c4cbe9b3dda736cbcbe1c	OW800	1	1	true	single_direct_observation	invoker	true	true		invoker2	openwhisk_invoker	26523	ece0a9b546cc246b6c59396232cd2ce3	1784761185731000000	19807886111903	openwhisk_invoker_jvm_mono	recovery/openwhisk/capture/invokers.filtered.log	978
asyncs-openwhisk-direct-event-v1	C5	asyncs	dynamic-html-derived-v1	91	1	c92cd9c4fca4469bacd9c4fca4569b89	OW120	1	1	true	single_direct_observation	controller	true	true		controller0	openwhisk_controller	1	a725cb76bd9a877b5020e4a4a5011c51	1784761180046000000	19803202129630	openwhisk_controller_jvm_mono	recovery/openwhisk/capture/controller.filtered.log	181
asyncs-openwhisk-direct-event-v1	C5	asyncs	dynamic-html-derived-v1	91	1	c92cd9c4fca4469bacd9c4fca4569b89	OW150	1	1	true	single_direct_observation	controller	true	true		controller0	openwhisk_controller	1	a725cb76bd9a877b5020e4a4a5011c51	1784761180046000000	19803202177774	openwhisk_controller_jvm_mono	recovery/openwhisk/capture/controller.filtered.log	182
asyncs-openwhisk-direct-event-v1	C5	asyncs	dynamic-html-derived-v1	91	1	c92cd9c4fca4469bacd9c4fca4569b89	OW260	1	1	true	single_direct_observation	scheduler	true	true		scheduler0	openwhisk_scheduler	1	a725cb76bd9a877b5020e4a4a5011c51	1784761180050000000	19803205878665	openwhisk_scheduler_jvm_mono	recovery/openwhisk/capture/scheduler.filtered.log	267
asyncs-openwhisk-direct-event-v1	C5	asyncs	dynamic-html-derived-v1	91	1	c92cd9c4fca4469bacd9c4fca4569b89	OW300	1	2	true	latest_ow300_not_after_ow310_tie_first_source_line	scheduler	true	true		scheduler0	openwhisk_scheduler	1	a725cb76bd9a877b5020e4a4a5011c51	1784761180050000000	19803206022448	openwhisk_scheduler_jvm_mono	recovery/openwhisk/capture/scheduler.filtered.log	268
asyncs-openwhisk-direct-event-v1	C5	asyncs	dynamic-html-derived-v1	91	1	c92cd9c4fca4469bacd9c4fca4569b89	OW300	2	2	false	latest_ow300_not_after_ow310_tie_first_source_line	scheduler	true	true		scheduler0	openwhisk_scheduler	1	a725cb76bd9a877b5020e4a4a5011c51	1784761180050000000	19803206053785	openwhisk_scheduler_jvm_mono	recovery/openwhisk/capture/scheduler.filtered.log	269
asyncs-openwhisk-direct-event-v1	C5	asyncs	dynamic-html-derived-v1	91	1	c92cd9c4fca4469bacd9c4fca4569b89	OW310	1	1	true	single_direct_observation	invoker	true	true		invoker2	openwhisk_invoker	26523	a725cb76bd9a877b5020e4a4a5011c51	1784761180053000000	19802208800762	openwhisk_invoker_jvm_mono	recovery/openwhisk/capture/invokers.filtered.log	890
asyncs-openwhisk-direct-event-v1	C5	asyncs	dynamic-html-derived-v1	91	1	c92cd9c4fca4469bacd9c4fca4569b89	OW800	1	1	true	single_direct_observation	invoker	true	true		invoker2	openwhisk_invoker	26523	a725cb76bd9a877b5020e4a4a5011c51	1784761180546000000	19802701547664	openwhisk_invoker_jvm_mono	recovery/openwhisk/capture/invokers.filtered.log	898
asyncs-openwhisk-direct-event-v1	C5	asyncs	dynamic-html-derived-v1	42	1	cb8358a2adef48f08358a2adefe8f097	OW120	1	1	true	single_direct_observation	controller	true	true		controller0	openwhisk_controller	1	c90cff1934636845491c19d03f90d7c3	1784761172005000000	19795160515456	openwhisk_controller_jvm_mono	recovery/openwhisk/capture/controller.filtered.log	83
asyncs-openwhisk-direct-event-v1	C5	asyncs	dynamic-html-derived-v1	42	1	cb8358a2adef48f08358a2adefe8f097	OW150	1	1	true	single_direct_observation	controller	true	true		controller0	openwhisk_controller	1	c90cff1934636845491c19d03f90d7c3	1784761172005000000	19795160553021	openwhisk_controller_jvm_mono	recovery/openwhisk/capture/controller.filtered.log	84
asyncs-openwhisk-direct-event-v1	C5	asyncs	dynamic-html-derived-v1	42	1	cb8358a2adef48f08358a2adefe8f097	OW260	1	1	true	single_direct_observation	scheduler	true	true		scheduler0	openwhisk_scheduler	1	c90cff1934636845491c19d03f90d7c3	1784761172012000000	19795168251180	openwhisk_scheduler_jvm_mono	recovery/openwhisk/capture/scheduler.filtered.log	120
asyncs-openwhisk-direct-event-v1	C5	asyncs	dynamic-html-derived-v1	42	1	cb8358a2adef48f08358a2adefe8f097	OW300	1	2	true	latest_ow300_not_after_ow310_tie_first_source_line	scheduler	true	true		scheduler0	openwhisk_scheduler	1	c90cff1934636845491c19d03f90d7c3	1784761172013000000	19795168478806	openwhisk_scheduler_jvm_mono	recovery/openwhisk/capture/scheduler.filtered.log	121
asyncs-openwhisk-direct-event-v1	C5	asyncs	dynamic-html-derived-v1	42	1	cb8358a2adef48f08358a2adefe8f097	OW300	2	2	false	latest_ow300_not_after_ow310_tie_first_source_line	scheduler	true	true		scheduler0	openwhisk_scheduler	1	c90cff1934636845491c19d03f90d7c3	1784761172013000000	19795168538094	openwhisk_scheduler_jvm_mono	recovery/openwhisk/capture/scheduler.filtered.log	122
asyncs-openwhisk-direct-event-v1	C5	asyncs	dynamic-html-derived-v1	42	1	cb8358a2adef48f08358a2adefe8f097	OW310	1	1	true	single_direct_observation	invoker	true	true		invoker2	openwhisk_invoker	26523	c90cff1934636845491c19d03f90d7c3	1784761172016000000	19794170896065	openwhisk_invoker_jvm_mono	recovery/openwhisk/capture/invokers.filtered.log	750
asyncs-openwhisk-direct-event-v1	C5	asyncs	dynamic-html-derived-v1	42	1	cb8358a2adef48f08358a2adefe8f097	OW800	1	1	true	single_direct_observation	invoker	true	true		invoker2	openwhisk_invoker	26523	c90cff1934636845491c19d03f90d7c3	1784761172549000000	19794704380426	openwhisk_invoker_jvm_mono	recovery/openwhisk/capture/invokers.filtered.log	758
asyncs-openwhisk-direct-event-v1	C5	asyncs	dynamic-html-derived-v1	68	1	cba0ee24adca4c8da0ee24adcaac8dc0	OW120	1	1	true	single_direct_observation	controller	true	true		controller0	openwhisk_controller	1	6700bb09a96ae0cdab3c0719bb1a8503	1784761176289000000	19799445451206	openwhisk_controller_jvm_mono	recovery/openwhisk/capture/controller.filtered.log	135
asyncs-openwhisk-direct-event-v1	C5	asyncs	dynamic-html-derived-v1	68	1	cba0ee24adca4c8da0ee24adcaac8dc0	OW150	1	1	true	single_direct_observation	controller	true	true		controller0	openwhisk_controller	1	6700bb09a96ae0cdab3c0719bb1a8503	1784761176290000000	19799445560604	openwhisk_controller_jvm_mono	recovery/openwhisk/capture/controller.filtered.log	136
asyncs-openwhisk-direct-event-v1	C5	asyncs	dynamic-html-derived-v1	68	1	cba0ee24adca4c8da0ee24adcaac8dc0	OW260	1	1	true	single_direct_observation	scheduler	true	true		scheduler0	openwhisk_scheduler	1	6700bb09a96ae0cdab3c0719bb1a8503	1784761176293000000	19799448823396	openwhisk_scheduler_jvm_mono	recovery/openwhisk/capture/scheduler.filtered.log	198
asyncs-openwhisk-direct-event-v1	C5	asyncs	dynamic-html-derived-v1	68	1	cba0ee24adca4c8da0ee24adcaac8dc0	OW300	1	2	true	latest_ow300_not_after_ow310_tie_first_source_line	scheduler	true	true		scheduler0	openwhisk_scheduler	1	6700bb09a96ae0cdab3c0719bb1a8503	1784761176293000000	19799448942360	openwhisk_scheduler_jvm_mono	recovery/openwhisk/capture/scheduler.filtered.log	199
asyncs-openwhisk-direct-event-v1	C5	asyncs	dynamic-html-derived-v1	68	1	cba0ee24adca4c8da0ee24adcaac8dc0	OW300	2	2	false	latest_ow300_not_after_ow310_tie_first_source_line	scheduler	true	true		scheduler0	openwhisk_scheduler	1	6700bb09a96ae0cdab3c0719bb1a8503	1784761176293000000	19799449035088	openwhisk_scheduler_jvm_mono	recovery/openwhisk/capture/scheduler.filtered.log	200
asyncs-openwhisk-direct-event-v1	C5	asyncs	dynamic-html-derived-v1	68	1	cba0ee24adca4c8da0ee24adcaac8dc0	OW310	1	1	true	single_direct_observation	invoker	true	true		invoker2	openwhisk_invoker	26523	6700bb09a96ae0cdab3c0719bb1a8503	1784761176295000000	19798450856657	openwhisk_invoker_jvm_mono	recovery/openwhisk/capture/invokers.filtered.log	825
asyncs-openwhisk-direct-event-v1	C5	asyncs	dynamic-html-derived-v1	68	1	cba0ee24adca4c8da0ee24adcaac8dc0	OW800	1	1	true	single_direct_observation	invoker	true	true		invoker2	openwhisk_invoker	26523	6700bb09a96ae0cdab3c0719bb1a8503	1784761176818000000	19798973216500	openwhisk_invoker_jvm_mono	recovery/openwhisk/capture/invokers.filtered.log	833
asyncs-openwhisk-direct-event-v1	C5	asyncs	dynamic-html-derived-v1	149	1	ccad6604d9b2437bad6604d9b2537b6a	OW120	1	1	true	single_direct_observation	controller	true	true		controller0	openwhisk_controller	1	5189af1f7d8e8f0e9e45f2cc56c1927b	1784761190626000000	19813781657419	openwhisk_controller_jvm_mono	recovery/openwhisk/capture/controller.filtered.log	297
asyncs-openwhisk-direct-event-v1	C5	asyncs	dynamic-html-derived-v1	149	1	ccad6604d9b2437bad6604d9b2537b6a	OW150	1	1	true	single_direct_observation	controller	true	true		controller0	openwhisk_controller	1	5189af1f7d8e8f0e9e45f2cc56c1927b	1784761190626000000	19813781698232	openwhisk_controller_jvm_mono	recovery/openwhisk/capture/controller.filtered.log	298
asyncs-openwhisk-direct-event-v1	C5	asyncs	dynamic-html-derived-v1	149	1	ccad6604d9b2437bad6604d9b2537b6a	OW260	1	1	true	single_direct_observation	scheduler	true	true		scheduler0	openwhisk_scheduler	1	5189af1f7d8e8f0e9e45f2cc56c1927b	1784761190632000000	19813787669562	openwhisk_scheduler_jvm_mono	recovery/openwhisk/capture/scheduler.filtered.log	441
asyncs-openwhisk-direct-event-v1	C5	asyncs	dynamic-html-derived-v1	149	1	ccad6604d9b2437bad6604d9b2537b6a	OW300	1	2	true	latest_ow300_not_after_ow310_tie_first_source_line	scheduler	true	true		scheduler0	openwhisk_scheduler	1	5189af1f7d8e8f0e9e45f2cc56c1927b	1784761190632000000	19813787806119	openwhisk_scheduler_jvm_mono	recovery/openwhisk/capture/scheduler.filtered.log	442
asyncs-openwhisk-direct-event-v1	C5	asyncs	dynamic-html-derived-v1	149	1	ccad6604d9b2437bad6604d9b2537b6a	OW300	2	2	false	latest_ow300_not_after_ow310_tie_first_source_line	scheduler	true	true		scheduler0	openwhisk_scheduler	1	5189af1f7d8e8f0e9e45f2cc56c1927b	1784761190632000000	19813787859598	openwhisk_scheduler_jvm_mono	recovery/openwhisk/capture/scheduler.filtered.log	443
asyncs-openwhisk-direct-event-v1	C5	asyncs	dynamic-html-derived-v1	149	1	ccad6604d9b2437bad6604d9b2537b6a	OW310	1	1	true	single_direct_observation	invoker	true	true		invoker0	openwhisk_invoker	29163	5189af1f7d8e8f0e9e45f2cc56c1927b	1784761190634000000	19813846895743	openwhisk_invoker_jvm_mono	recovery/openwhisk/capture/invokers.filtered.log	337
asyncs-openwhisk-direct-event-v1	C5	asyncs	dynamic-html-derived-v1	149	1	ccad6604d9b2437bad6604d9b2537b6a	OW800	1	1	true	single_direct_observation	invoker	true	true		invoker0	openwhisk_invoker	29163	5189af1f7d8e8f0e9e45f2cc56c1927b	1784761190977000000	19814189282788	openwhisk_invoker_jvm_mono	recovery/openwhisk/capture/invokers.filtered.log	340
asyncs-openwhisk-direct-event-v1	C5	asyncs	dynamic-html-derived-v1	226	1	ccb2a655f4d646a6b2a655f4d6f6a694	OW120	1	1	true	single_direct_observation	controller	true	true		controller0	openwhisk_controller	1	981cd13f2f71d56abb82a5efd88a94da	1784761204152000000	19827308063975	openwhisk_controller_jvm_mono	recovery/openwhisk/capture/controller.filtered.log	451
asyncs-openwhisk-direct-event-v1	C5	asyncs	dynamic-html-derived-v1	226	1	ccb2a655f4d646a6b2a655f4d6f6a694	OW150	1	1	true	single_direct_observation	controller	true	true		controller0	openwhisk_controller	1	981cd13f2f71d56abb82a5efd88a94da	1784761204152000000	19827308101717	openwhisk_controller_jvm_mono	recovery/openwhisk/capture/controller.filtered.log	452
asyncs-openwhisk-direct-event-v1	C5	asyncs	dynamic-html-derived-v1	226	1	ccb2a655f4d646a6b2a655f4d6f6a694	OW260	1	1	true	single_direct_observation	scheduler	true	true		scheduler0	openwhisk_scheduler	1	981cd13f2f71d56abb82a5efd88a94da	1784761204155000000	19827310776183	openwhisk_scheduler_jvm_mono	recovery/openwhisk/capture/scheduler.filtered.log	672
asyncs-openwhisk-direct-event-v1	C5	asyncs	dynamic-html-derived-v1	226	1	ccb2a655f4d646a6b2a655f4d6f6a694	OW300	1	2	true	latest_ow300_not_after_ow310_tie_first_source_line	scheduler	true	true		scheduler0	openwhisk_scheduler	1	981cd13f2f71d56abb82a5efd88a94da	1784761204155000000	19827310951653	openwhisk_scheduler_jvm_mono	recovery/openwhisk/capture/scheduler.filtered.log	673
asyncs-openwhisk-direct-event-v1	C5	asyncs	dynamic-html-derived-v1	226	1	ccb2a655f4d646a6b2a655f4d6f6a694	OW300	2	2	false	latest_ow300_not_after_ow310_tie_first_source_line	scheduler	true	true		scheduler0	openwhisk_scheduler	1	981cd13f2f71d56abb82a5efd88a94da	1784761204155000000	19827310987027	openwhisk_scheduler_jvm_mono	recovery/openwhisk/capture/scheduler.filtered.log	674
asyncs-openwhisk-direct-event-v1	C5	asyncs	dynamic-html-derived-v1	226	1	ccb2a655f4d646a6b2a655f4d6f6a694	OW310	1	1	true	single_direct_observation	invoker	true	true		invoker2	openwhisk_invoker	26523	981cd13f2f71d56abb82a5efd88a94da	1784761204157000000	19826312728907	openwhisk_invoker_jvm_mono	recovery/openwhisk/capture/invokers.filtered.log	1285
asyncs-openwhisk-direct-event-v1	C5	asyncs	dynamic-html-derived-v1	226	1	ccb2a655f4d646a6b2a655f4d6f6a694	OW800	1	1	true	single_direct_observation	invoker	true	true		invoker2	openwhisk_invoker	26523	981cd13f2f71d56abb82a5efd88a94da	1784761204667000000	19826822366897	openwhisk_invoker_jvm_mono	recovery/openwhisk/capture/invokers.filtered.log	1291
asyncs-openwhisk-direct-event-v1	C5	asyncs	dynamic-html-derived-v1	50	1	ce83e82a48e0486583e82a48e07865c4	OW120	1	1	true	single_direct_observation	controller	true	true		controller0	openwhisk_controller	1	6cd15d2e9967464d794e11930f81a355	1784761173348000000	19796503982311	openwhisk_controller_jvm_mono	recovery/openwhisk/capture/controller.filtered.log	99
asyncs-openwhisk-direct-event-v1	C5	asyncs	dynamic-html-derived-v1	50	1	ce83e82a48e0486583e82a48e07865c4	OW150	1	1	true	single_direct_observation	controller	true	true		controller0	openwhisk_controller	1	6cd15d2e9967464d794e11930f81a355	1784761173348000000	19796504034325	openwhisk_controller_jvm_mono	recovery/openwhisk/capture/controller.filtered.log	100
asyncs-openwhisk-direct-event-v1	C5	asyncs	dynamic-html-derived-v1	50	1	ce83e82a48e0486583e82a48e07865c4	OW260	1	1	true	single_direct_observation	scheduler	true	true		scheduler0	openwhisk_scheduler	1	6cd15d2e9967464d794e11930f81a355	1784761173352000000	19796507659139	openwhisk_scheduler_jvm_mono	recovery/openwhisk/capture/scheduler.filtered.log	144
asyncs-openwhisk-direct-event-v1	C5	asyncs	dynamic-html-derived-v1	50	1	ce83e82a48e0486583e82a48e07865c4	OW300	1	2	true	latest_ow300_not_after_ow310_tie_first_source_line	scheduler	true	true		scheduler0	openwhisk_scheduler	1	6cd15d2e9967464d794e11930f81a355	1784761173352000000	19796507816564	openwhisk_scheduler_jvm_mono	recovery/openwhisk/capture/scheduler.filtered.log	145
asyncs-openwhisk-direct-event-v1	C5	asyncs	dynamic-html-derived-v1	50	1	ce83e82a48e0486583e82a48e07865c4	OW300	2	2	false	latest_ow300_not_after_ow310_tie_first_source_line	scheduler	true	true		scheduler0	openwhisk_scheduler	1	6cd15d2e9967464d794e11930f81a355	1784761173352000000	19796507851594	openwhisk_scheduler_jvm_mono	recovery/openwhisk/capture/scheduler.filtered.log	146
asyncs-openwhisk-direct-event-v1	C5	asyncs	dynamic-html-derived-v1	50	1	ce83e82a48e0486583e82a48e07865c4	OW310	1	1	true	single_direct_observation	invoker	true	true		invoker0	openwhisk_invoker	29163	6cd15d2e9967464d794e11930f81a355	1784761173355000000	19796567612095	openwhisk_invoker_jvm_mono	recovery/openwhisk/capture/invokers.filtered.log	127
asyncs-openwhisk-direct-event-v1	C5	asyncs	dynamic-html-derived-v1	50	1	ce83e82a48e0486583e82a48e07865c4	OW800	1	1	true	single_direct_observation	invoker	true	true		invoker0	openwhisk_invoker	29163	6cd15d2e9967464d794e11930f81a355	1784761173699000000	19796911938287	openwhisk_invoker_jvm_mono	recovery/openwhisk/capture/invokers.filtered.log	130
asyncs-openwhisk-direct-event-v1	C5	asyncs	dynamic-html-derived-v1	171	1	ceadb0d337cd4654adb0d337cd465404	OW120	1	1	true	single_direct_observation	controller	true	true		controller0	openwhisk_controller	1	b118b3c28dd4ed964f30e848d410fa0a	1784761194549000000	19817705117722	openwhisk_controller_jvm_mono	recovery/openwhisk/capture/controller.filtered.log	341
asyncs-openwhisk-direct-event-v1	C5	asyncs	dynamic-html-derived-v1	171	1	ceadb0d337cd4654adb0d337cd465404	OW150	1	1	true	single_direct_observation	controller	true	true		controller0	openwhisk_controller	1	b118b3c28dd4ed964f30e848d410fa0a	1784761194549000000	19817705156842	openwhisk_controller_jvm_mono	recovery/openwhisk/capture/controller.filtered.log	342
asyncs-openwhisk-direct-event-v1	C5	asyncs	dynamic-html-derived-v1	171	1	ceadb0d337cd4654adb0d337cd465404	OW260	1	1	true	single_direct_observation	scheduler	true	true		scheduler0	openwhisk_scheduler	1	b118b3c28dd4ed964f30e848d410fa0a	1784761194553000000	19817708572315	openwhisk_scheduler_jvm_mono	recovery/openwhisk/capture/scheduler.filtered.log	507
asyncs-openwhisk-direct-event-v1	C5	asyncs	dynamic-html-derived-v1	171	1	ceadb0d337cd4654adb0d337cd465404	OW300	1	2	true	latest_ow300_not_after_ow310_tie_first_source_line	scheduler	true	true		scheduler0	openwhisk_scheduler	1	b118b3c28dd4ed964f30e848d410fa0a	1784761194553000000	19817708720369	openwhisk_scheduler_jvm_mono	recovery/openwhisk/capture/scheduler.filtered.log	508
asyncs-openwhisk-direct-event-v1	C5	asyncs	dynamic-html-derived-v1	171	1	ceadb0d337cd4654adb0d337cd465404	OW300	2	2	false	latest_ow300_not_after_ow310_tie_first_source_line	scheduler	true	true		scheduler0	openwhisk_scheduler	1	b118b3c28dd4ed964f30e848d410fa0a	1784761194553000000	19817708755320	openwhisk_scheduler_jvm_mono	recovery/openwhisk/capture/scheduler.filtered.log	509
asyncs-openwhisk-direct-event-v1	C5	asyncs	dynamic-html-derived-v1	171	1	ceadb0d337cd4654adb0d337cd465404	OW310	1	1	true	single_direct_observation	invoker	true	true		invoker2	openwhisk_invoker	26523	b118b3c28dd4ed964f30e848d410fa0a	1784761194555000000	19816709988970	openwhisk_invoker_jvm_mono	recovery/openwhisk/capture/invokers.filtered.log	1120
asyncs-openwhisk-direct-event-v1	C5	asyncs	dynamic-html-derived-v1	171	1	ceadb0d337cd4654adb0d337cd465404	OW800	1	1	true	single_direct_observation	invoker	true	true		invoker2	openwhisk_invoker	26523	b118b3c28dd4ed964f30e848d410fa0a	1784761195076000000	19817231292005	openwhisk_invoker_jvm_mono	recovery/openwhisk/capture/invokers.filtered.log	1128
asyncs-openwhisk-direct-event-v1	C5	asyncs	dynamic-html-derived-v1	51	1	cfbe1806b23e4d94be1806b23e0d940b	OW120	1	1	true	single_direct_observation	controller	true	true		controller0	openwhisk_controller	1	f6cb8e4d5f63df4b1323acd436a8b235	1784761173472000000	19796628127289	openwhisk_controller_jvm_mono	recovery/openwhisk/capture/controller.filtered.log	101
asyncs-openwhisk-direct-event-v1	C5	asyncs	dynamic-html-derived-v1	51	1	cfbe1806b23e4d94be1806b23e0d940b	OW150	1	1	true	single_direct_observation	controller	true	true		controller0	openwhisk_controller	1	f6cb8e4d5f63df4b1323acd436a8b235	1784761173472000000	19796628171091	openwhisk_controller_jvm_mono	recovery/openwhisk/capture/controller.filtered.log	102
asyncs-openwhisk-direct-event-v1	C5	asyncs	dynamic-html-derived-v1	51	1	cfbe1806b23e4d94be1806b23e0d940b	OW260	1	1	true	single_direct_observation	scheduler	true	true		scheduler0	openwhisk_scheduler	1	f6cb8e4d5f63df4b1323acd436a8b235	1784761173476000000	19796631708307	openwhisk_scheduler_jvm_mono	recovery/openwhisk/capture/scheduler.filtered.log	147
asyncs-openwhisk-direct-event-v1	C5	asyncs	dynamic-html-derived-v1	51	1	cfbe1806b23e4d94be1806b23e0d940b	OW300	1	2	true	latest_ow300_not_after_ow310_tie_first_source_line	scheduler	true	true		scheduler0	openwhisk_scheduler	1	f6cb8e4d5f63df4b1323acd436a8b235	1784761173476000000	19796631883650	openwhisk_scheduler_jvm_mono	recovery/openwhisk/capture/scheduler.filtered.log	148
asyncs-openwhisk-direct-event-v1	C5	asyncs	dynamic-html-derived-v1	51	1	cfbe1806b23e4d94be1806b23e0d940b	OW300	2	2	false	latest_ow300_not_after_ow310_tie_first_source_line	scheduler	true	true		scheduler0	openwhisk_scheduler	1	f6cb8e4d5f63df4b1323acd436a8b235	1784761173476000000	19796631913753	openwhisk_scheduler_jvm_mono	recovery/openwhisk/capture/scheduler.filtered.log	149
asyncs-openwhisk-direct-event-v1	C5	asyncs	dynamic-html-derived-v1	51	1	cfbe1806b23e4d94be1806b23e0d940b	OW310	1	1	true	single_direct_observation	invoker	true	true		invoker2	openwhisk_invoker	26523	f6cb8e4d5f63df4b1323acd436a8b235	1784761173479000000	19795634258211	openwhisk_invoker_jvm_mono	recovery/openwhisk/capture/invokers.filtered.log	775
asyncs-openwhisk-direct-event-v1	C5	asyncs	dynamic-html-derived-v1	51	1	cfbe1806b23e4d94be1806b23e0d940b	OW800	1	1	true	single_direct_observation	invoker	true	true		invoker2	openwhisk_invoker	26523	f6cb8e4d5f63df4b1323acd436a8b235	1784761173975000000	19796129905878	openwhisk_invoker_jvm_mono	recovery/openwhisk/capture/invokers.filtered.log	783
asyncs-openwhisk-direct-event-v1	C5	asyncs	dynamic-html-derived-v1	263	1	d077583567bd40f3b7583567bd20f37f	OW120	1	1	true	single_direct_observation	controller	true	true		controller0	openwhisk_controller	1	baed35c8f0328a1da51ab9e7b8c86789	1784761210348000000	19833504257603	openwhisk_controller_jvm_mono	recovery/openwhisk/capture/controller.filtered.log	525
asyncs-openwhisk-direct-event-v1	C5	asyncs	dynamic-html-derived-v1	263	1	d077583567bd40f3b7583567bd20f37f	OW150	1	1	true	single_direct_observation	controller	true	true		controller0	openwhisk_controller	1	baed35c8f0328a1da51ab9e7b8c86789	1784761210348000000	19833504286024	openwhisk_controller_jvm_mono	recovery/openwhisk/capture/controller.filtered.log	526
asyncs-openwhisk-direct-event-v1	C5	asyncs	dynamic-html-derived-v1	263	1	d077583567bd40f3b7583567bd20f37f	OW260	1	1	true	single_direct_observation	scheduler	true	true		scheduler0	openwhisk_scheduler	1	baed35c8f0328a1da51ab9e7b8c86789	1784761210356000000	19833512059729	openwhisk_scheduler_jvm_mono	recovery/openwhisk/capture/scheduler.filtered.log	783
asyncs-openwhisk-direct-event-v1	C5	asyncs	dynamic-html-derived-v1	263	1	d077583567bd40f3b7583567bd20f37f	OW300	1	2	true	latest_ow300_not_after_ow310_tie_first_source_line	scheduler	true	true		scheduler0	openwhisk_scheduler	1	baed35c8f0328a1da51ab9e7b8c86789	1784761210356000000	19833512215419	openwhisk_scheduler_jvm_mono	recovery/openwhisk/capture/scheduler.filtered.log	784
asyncs-openwhisk-direct-event-v1	C5	asyncs	dynamic-html-derived-v1	263	1	d077583567bd40f3b7583567bd20f37f	OW300	2	2	false	latest_ow300_not_after_ow310_tie_first_source_line	scheduler	true	true		scheduler0	openwhisk_scheduler	1	baed35c8f0328a1da51ab9e7b8c86789	1784761210356000000	19833512262478	openwhisk_scheduler_jvm_mono	recovery/openwhisk/capture/scheduler.filtered.log	785
asyncs-openwhisk-direct-event-v1	C5	asyncs	dynamic-html-derived-v1	263	1	d077583567bd40f3b7583567bd20f37f	OW310	1	1	true	single_direct_observation	invoker	true	true		invoker0	openwhisk_invoker	29163	baed35c8f0328a1da51ab9e7b8c86789	1784761210358000000	19833571017862	openwhisk_invoker_jvm_mono	recovery/openwhisk/capture/invokers.filtered.log	572
asyncs-openwhisk-direct-event-v1	C5	asyncs	dynamic-html-derived-v1	263	1	d077583567bd40f3b7583567bd20f37f	OW800	1	1	true	single_direct_observation	invoker	true	true		invoker0	openwhisk_invoker	29163	baed35c8f0328a1da51ab9e7b8c86789	1784761210705000000	19833917556349	openwhisk_invoker_jvm_mono	recovery/openwhisk/capture/invokers.filtered.log	575
asyncs-openwhisk-direct-event-v1	C5	asyncs	dynamic-html-derived-v1	61	1	d184703be4a94dfc84703be4a90dfcbc	OW120	1	1	true	single_direct_observation	controller	true	true		controller0	openwhisk_controller	1	e90c55d8c89e1b428a8368f211ff1179	1784761175135000000	19798290665879	openwhisk_controller_jvm_mono	recovery/openwhisk/capture/controller.filtered.log	121
asyncs-openwhisk-direct-event-v1	C5	asyncs	dynamic-html-derived-v1	61	1	d184703be4a94dfc84703be4a90dfcbc	OW150	1	1	true	single_direct_observation	controller	true	true		controller0	openwhisk_controller	1	e90c55d8c89e1b428a8368f211ff1179	1784761175135000000	19798290707510	openwhisk_controller_jvm_mono	recovery/openwhisk/capture/controller.filtered.log	122
asyncs-openwhisk-direct-event-v1	C5	asyncs	dynamic-html-derived-v1	61	1	d184703be4a94dfc84703be4a90dfcbc	OW260	1	1	true	single_direct_observation	scheduler	true	true		scheduler0	openwhisk_scheduler	1	e90c55d8c89e1b428a8368f211ff1179	1784761175139000000	19798294675895	openwhisk_scheduler_jvm_mono	recovery/openwhisk/capture/scheduler.filtered.log	177
asyncs-openwhisk-direct-event-v1	C5	asyncs	dynamic-html-derived-v1	61	1	d184703be4a94dfc84703be4a90dfcbc	OW300	1	2	true	latest_ow300_not_after_ow310_tie_first_source_line	scheduler	true	true		scheduler0	openwhisk_scheduler	1	e90c55d8c89e1b428a8368f211ff1179	1784761175139000000	19798294903918	openwhisk_scheduler_jvm_mono	recovery/openwhisk/capture/scheduler.filtered.log	178
asyncs-openwhisk-direct-event-v1	C5	asyncs	dynamic-html-derived-v1	61	1	d184703be4a94dfc84703be4a90dfcbc	OW300	2	2	false	latest_ow300_not_after_ow310_tie_first_source_line	scheduler	true	true		scheduler0	openwhisk_scheduler	1	e90c55d8c89e1b428a8368f211ff1179	1784761175139000000	19798294948832	openwhisk_scheduler_jvm_mono	recovery/openwhisk/capture/scheduler.filtered.log	179
asyncs-openwhisk-direct-event-v1	C5	asyncs	dynamic-html-derived-v1	61	1	d184703be4a94dfc84703be4a90dfcbc	OW310	1	1	true	single_direct_observation	invoker	true	true		invoker2	openwhisk_invoker	26523	e90c55d8c89e1b428a8368f211ff1179	1784761175142000000	19797296928863	openwhisk_invoker_jvm_mono	recovery/openwhisk/capture/invokers.filtered.log	805
asyncs-openwhisk-direct-event-v1	C5	asyncs	dynamic-html-derived-v1	61	1	d184703be4a94dfc84703be4a90dfcbc	OW800	1	1	true	single_direct_observation	invoker	true	true		invoker2	openwhisk_invoker	26523	e90c55d8c89e1b428a8368f211ff1179	1784761175650000000	19797805780443	openwhisk_invoker_jvm_mono	recovery/openwhisk/capture/invokers.filtered.log	813
asyncs-openwhisk-direct-event-v1	C5	asyncs	dynamic-html-derived-v1	69	1	d18d8d29a50043d68d8d29a500a3d6fa	OW120	1	1	true	single_direct_observation	controller	true	true		controller0	openwhisk_controller	1	c97d4b85510fd8e5828b40f30c0685d9	1784761176439000000	19799595312859	openwhisk_controller_jvm_mono	recovery/openwhisk/capture/controller.filtered.log	137
asyncs-openwhisk-direct-event-v1	C5	asyncs	dynamic-html-derived-v1	69	1	d18d8d29a50043d68d8d29a500a3d6fa	OW150	1	1	true	single_direct_observation	controller	true	true		controller0	openwhisk_controller	1	c97d4b85510fd8e5828b40f30c0685d9	1784761176439000000	19799595360213	openwhisk_controller_jvm_mono	recovery/openwhisk/capture/controller.filtered.log	138
asyncs-openwhisk-direct-event-v1	C5	asyncs	dynamic-html-derived-v1	69	1	d18d8d29a50043d68d8d29a500a3d6fa	OW260	1	1	true	single_direct_observation	scheduler	true	true		scheduler0	openwhisk_scheduler	1	c97d4b85510fd8e5828b40f30c0685d9	1784761176448000000	19799603803030	openwhisk_scheduler_jvm_mono	recovery/openwhisk/capture/scheduler.filtered.log	201
asyncs-openwhisk-direct-event-v1	C5	asyncs	dynamic-html-derived-v1	69	1	d18d8d29a50043d68d8d29a500a3d6fa	OW300	1	2	true	latest_ow300_not_after_ow310_tie_first_source_line	scheduler	true	true		scheduler0	openwhisk_scheduler	1	c97d4b85510fd8e5828b40f30c0685d9	1784761176452000000	19799608083407	openwhisk_scheduler_jvm_mono	recovery/openwhisk/capture/scheduler.filtered.log	202
asyncs-openwhisk-direct-event-v1	C5	asyncs	dynamic-html-derived-v1	69	1	d18d8d29a50043d68d8d29a500a3d6fa	OW300	2	2	false	latest_ow300_not_after_ow310_tie_first_source_line	scheduler	true	true		scheduler0	openwhisk_scheduler	1	c97d4b85510fd8e5828b40f30c0685d9	1784761176452000000	19799608164171	openwhisk_scheduler_jvm_mono	recovery/openwhisk/capture/scheduler.filtered.log	203
asyncs-openwhisk-direct-event-v1	C5	asyncs	dynamic-html-derived-v1	69	1	d18d8d29a50043d68d8d29a500a3d6fa	OW310	1	1	true	single_direct_observation	invoker	true	true		invoker0	openwhisk_invoker	29163	c97d4b85510fd8e5828b40f30c0685d9	1784761176454000000	19799667196726	openwhisk_invoker_jvm_mono	recovery/openwhisk/capture/invokers.filtered.log	167
asyncs-openwhisk-direct-event-v1	C5	asyncs	dynamic-html-derived-v1	69	1	d18d8d29a50043d68d8d29a500a3d6fa	OW800	1	1	true	single_direct_observation	invoker	true	true		invoker0	openwhisk_invoker	29163	c97d4b85510fd8e5828b40f30c0685d9	1784761176799000000	19800011318452	openwhisk_invoker_jvm_mono	recovery/openwhisk/capture/invokers.filtered.log	170
asyncs-openwhisk-direct-event-v1	C5	asyncs	dynamic-html-derived-v1	213	1	d422d1baf8254ba6a2d1baf8257ba66e	OW120	1	1	true	single_direct_observation	controller	true	true		controller0	openwhisk_controller	1	a59167212d0e6010d98852cced3ba4f2	1784761201874000000	19825029833815	openwhisk_controller_jvm_mono	recovery/openwhisk/capture/controller.filtered.log	425
asyncs-openwhisk-direct-event-v1	C5	asyncs	dynamic-html-derived-v1	213	1	d422d1baf8254ba6a2d1baf8257ba66e	OW150	1	1	true	single_direct_observation	controller	true	true		controller0	openwhisk_controller	1	a59167212d0e6010d98852cced3ba4f2	1784761201874000000	19825029868424	openwhisk_controller_jvm_mono	recovery/openwhisk/capture/controller.filtered.log	426
asyncs-openwhisk-direct-event-v1	C5	asyncs	dynamic-html-derived-v1	213	1	d422d1baf8254ba6a2d1baf8257ba66e	OW260	1	1	true	single_direct_observation	scheduler	true	true		scheduler0	openwhisk_scheduler	1	a59167212d0e6010d98852cced3ba4f2	1784761201877000000	19825032964823	openwhisk_scheduler_jvm_mono	recovery/openwhisk/capture/scheduler.filtered.log	633
asyncs-openwhisk-direct-event-v1	C5	asyncs	dynamic-html-derived-v1	213	1	d422d1baf8254ba6a2d1baf8257ba66e	OW300	1	2	true	latest_ow300_not_after_ow310_tie_first_source_line	scheduler	true	true		scheduler0	openwhisk_scheduler	1	a59167212d0e6010d98852cced3ba4f2	1784761201877000000	19825033169110	openwhisk_scheduler_jvm_mono	recovery/openwhisk/capture/scheduler.filtered.log	634
asyncs-openwhisk-direct-event-v1	C5	asyncs	dynamic-html-derived-v1	213	1	d422d1baf8254ba6a2d1baf8257ba66e	OW300	2	2	false	latest_ow300_not_after_ow310_tie_first_source_line	scheduler	true	true		scheduler0	openwhisk_scheduler	1	a59167212d0e6010d98852cced3ba4f2	1784761201877000000	19825033219245	openwhisk_scheduler_jvm_mono	recovery/openwhisk/capture/scheduler.filtered.log	635
asyncs-openwhisk-direct-event-v1	C5	asyncs	dynamic-html-derived-v1	213	1	d422d1baf8254ba6a2d1baf8257ba66e	OW310	1	1	true	single_direct_observation	invoker	true	true		invoker2	openwhisk_invoker	26523	a59167212d0e6010d98852cced3ba4f2	1784761201880000000	19824034947151	openwhisk_invoker_jvm_mono	recovery/openwhisk/capture/invokers.filtered.log	1245
asyncs-openwhisk-direct-event-v1	C5	asyncs	dynamic-html-derived-v1	213	1	d422d1baf8254ba6a2d1baf8257ba66e	OW800	1	1	true	single_direct_observation	invoker	true	true		invoker2	openwhisk_invoker	26523	a59167212d0e6010d98852cced3ba4f2	1784761202389000000	19824544251279	openwhisk_invoker_jvm_mono	recovery/openwhisk/capture/invokers.filtered.log	1253
asyncs-openwhisk-direct-event-v1	C5	asyncs	dynamic-html-derived-v1	136	1	d5dd63ba348e4b7d9d63ba348edb7d98	OW120	1	1	true	single_direct_observation	controller	true	true		controller0	openwhisk_controller	1	25f9364ba216b9be8da02fc3076b2e3a	1784761188202000000	19811357891194	openwhisk_controller_jvm_mono	recovery/openwhisk/capture/controller.filtered.log	271
asyncs-openwhisk-direct-event-v1	C5	asyncs	dynamic-html-derived-v1	136	1	d5dd63ba348e4b7d9d63ba348edb7d98	OW150	1	1	true	single_direct_observation	controller	true	true		controller0	openwhisk_controller	1	25f9364ba216b9be8da02fc3076b2e3a	1784761188202000000	19811357939301	openwhisk_controller_jvm_mono	recovery/openwhisk/capture/controller.filtered.log	272
asyncs-openwhisk-direct-event-v1	C5	asyncs	dynamic-html-derived-v1	136	1	d5dd63ba348e4b7d9d63ba348edb7d98	OW260	1	1	true	single_direct_observation	scheduler	true	true		scheduler0	openwhisk_scheduler	1	25f9364ba216b9be8da02fc3076b2e3a	1784761188205000000	19811361191341	openwhisk_scheduler_jvm_mono	recovery/openwhisk/capture/scheduler.filtered.log	402
asyncs-openwhisk-direct-event-v1	C5	asyncs	dynamic-html-derived-v1	136	1	d5dd63ba348e4b7d9d63ba348edb7d98	OW300	1	2	false	latest_ow300_not_after_ow310_tie_first_source_line	scheduler	true	true		scheduler0	openwhisk_scheduler	1	25f9364ba216b9be8da02fc3076b2e3a	1784761188205000000	19811361409381	openwhisk_scheduler_jvm_mono	recovery/openwhisk/capture/scheduler.filtered.log	403
asyncs-openwhisk-direct-event-v1	C5	asyncs	dynamic-html-derived-v1	136	1	d5dd63ba348e4b7d9d63ba348edb7d98	OW300	2	2	true	latest_ow300_not_after_ow310_tie_first_source_line	scheduler	true	true		scheduler0	openwhisk_scheduler	1	25f9364ba216b9be8da02fc3076b2e3a	1784761188206000000	19811361460571	openwhisk_scheduler_jvm_mono	recovery/openwhisk/capture/scheduler.filtered.log	404
asyncs-openwhisk-direct-event-v1	C5	asyncs	dynamic-html-derived-v1	136	1	d5dd63ba348e4b7d9d63ba348edb7d98	OW310	1	1	true	single_direct_observation	invoker	true	true		invoker2	openwhisk_invoker	26523	25f9364ba216b9be8da02fc3076b2e3a	1784761188209000000	19810364252995	openwhisk_invoker_jvm_mono	recovery/openwhisk/capture/invokers.filtered.log	1023
asyncs-openwhisk-direct-event-v1	C5	asyncs	dynamic-html-derived-v1	136	1	d5dd63ba348e4b7d9d63ba348edb7d98	OW800	1	1	true	single_direct_observation	invoker	true	true		invoker2	openwhisk_invoker	26523	25f9364ba216b9be8da02fc3076b2e3a	1784761188721000000	19810876348644	openwhisk_invoker_jvm_mono	recovery/openwhisk/capture/invokers.filtered.log	1028
asyncs-openwhisk-direct-event-v1	C5	asyncs	dynamic-html-derived-v1	57	1	d62f203807ff49b0af203807fff9b036	OW120	1	1	true	single_direct_observation	controller	true	true		controller0	openwhisk_controller	1	c52834b3b7a96bbf583713deee6c2466	1784761174507000000	19797663142788	openwhisk_controller_jvm_mono	recovery/openwhisk/capture/controller.filtered.log	113
asyncs-openwhisk-direct-event-v1	C5	asyncs	dynamic-html-derived-v1	57	1	d62f203807ff49b0af203807fff9b036	OW150	1	1	true	single_direct_observation	controller	true	true		controller0	openwhisk_controller	1	c52834b3b7a96bbf583713deee6c2466	1784761174507000000	19797663177281	openwhisk_controller_jvm_mono	recovery/openwhisk/capture/controller.filtered.log	114
asyncs-openwhisk-direct-event-v1	C5	asyncs	dynamic-html-derived-v1	57	1	d62f203807ff49b0af203807fff9b036	OW260	1	1	true	single_direct_observation	scheduler	true	true		scheduler0	openwhisk_scheduler	1	c52834b3b7a96bbf583713deee6c2466	1784761174511000000	19797667179706	openwhisk_scheduler_jvm_mono	recovery/openwhisk/capture/scheduler.filtered.log	165
asyncs-openwhisk-direct-event-v1	C5	asyncs	dynamic-html-derived-v1	57	1	d62f203807ff49b0af203807fff9b036	OW300	1	2	true	latest_ow300_not_after_ow310_tie_first_source_line	scheduler	true	true		scheduler0	openwhisk_scheduler	1	c52834b3b7a96bbf583713deee6c2466	1784761174511000000	19797667325247	openwhisk_scheduler_jvm_mono	recovery/openwhisk/capture/scheduler.filtered.log	166
asyncs-openwhisk-direct-event-v1	C5	asyncs	dynamic-html-derived-v1	57	1	d62f203807ff49b0af203807fff9b036	OW300	2	2	false	latest_ow300_not_after_ow310_tie_first_source_line	scheduler	true	true		scheduler0	openwhisk_scheduler	1	c52834b3b7a96bbf583713deee6c2466	1784761174511000000	19797667367319	openwhisk_scheduler_jvm_mono	recovery/openwhisk/capture/scheduler.filtered.log	167
asyncs-openwhisk-direct-event-v1	C5	asyncs	dynamic-html-derived-v1	57	1	d62f203807ff49b0af203807fff9b036	OW310	1	1	true	single_direct_observation	invoker	true	true		invoker0	openwhisk_invoker	29163	c52834b3b7a96bbf583713deee6c2466	1784761174514000000	19797726825157	openwhisk_invoker_jvm_mono	recovery/openwhisk/capture/invokers.filtered.log	142
asyncs-openwhisk-direct-event-v1	C5	asyncs	dynamic-html-derived-v1	57	1	d62f203807ff49b0af203807fff9b036	OW800	1	1	true	single_direct_observation	invoker	true	true		invoker0	openwhisk_invoker	29163	c52834b3b7a96bbf583713deee6c2466	1784761174858000000	19798070242053	openwhisk_invoker_jvm_mono	recovery/openwhisk/capture/invokers.filtered.log	145
asyncs-openwhisk-direct-event-v1	C5	asyncs	dynamic-html-derived-v1	113	1	d840d3ce4f164bb580d3ce4f163bb501	OW120	1	1	true	single_direct_observation	controller	true	true		controller0	openwhisk_controller	1	e229eabc27d8019793a7aeb3dab9ceb3	1784761183863000000	19807018663842	openwhisk_controller_jvm_mono	recovery/openwhisk/capture/controller.filtered.log	225
asyncs-openwhisk-direct-event-v1	C5	asyncs	dynamic-html-derived-v1	113	1	d840d3ce4f164bb580d3ce4f163bb501	OW150	1	1	true	single_direct_observation	controller	true	true		controller0	openwhisk_controller	1	e229eabc27d8019793a7aeb3dab9ceb3	1784761183863000000	19807018756786	openwhisk_controller_jvm_mono	recovery/openwhisk/capture/controller.filtered.log	226
asyncs-openwhisk-direct-event-v1	C5	asyncs	dynamic-html-derived-v1	113	1	d840d3ce4f164bb580d3ce4f163bb501	OW260	1	1	true	single_direct_observation	scheduler	true	true		scheduler0	openwhisk_scheduler	1	e229eabc27d8019793a7aeb3dab9ceb3	1784761183866000000	19807022110022	openwhisk_scheduler_jvm_mono	recovery/openwhisk/capture/scheduler.filtered.log	333
asyncs-openwhisk-direct-event-v1	C5	asyncs	dynamic-html-derived-v1	113	1	d840d3ce4f164bb580d3ce4f163bb501	OW300	1	2	true	latest_ow300_not_after_ow310_tie_first_source_line	scheduler	true	true		scheduler0	openwhisk_scheduler	1	e229eabc27d8019793a7aeb3dab9ceb3	1784761183866000000	19807022272437	openwhisk_scheduler_jvm_mono	recovery/openwhisk/capture/scheduler.filtered.log	334
asyncs-openwhisk-direct-event-v1	C5	asyncs	dynamic-html-derived-v1	113	1	d840d3ce4f164bb580d3ce4f163bb501	OW300	2	2	false	latest_ow300_not_after_ow310_tie_first_source_line	scheduler	true	true		scheduler0	openwhisk_scheduler	1	e229eabc27d8019793a7aeb3dab9ceb3	1784761183866000000	19807022314150	openwhisk_scheduler_jvm_mono	recovery/openwhisk/capture/scheduler.filtered.log	335
asyncs-openwhisk-direct-event-v1	C5	asyncs	dynamic-html-derived-v1	113	1	d840d3ce4f164bb580d3ce4f163bb501	OW310	1	1	true	single_direct_observation	invoker	true	true		invoker2	openwhisk_invoker	26523	e229eabc27d8019793a7aeb3dab9ceb3	1784761183869000000	19806024137362	openwhisk_invoker_jvm_mono	recovery/openwhisk/capture/invokers.filtered.log	955
asyncs-openwhisk-direct-event-v1	C5	asyncs	dynamic-html-derived-v1	113	1	d840d3ce4f164bb580d3ce4f163bb501	OW800	1	1	true	single_direct_observation	invoker	true	true		invoker2	openwhisk_invoker	26523	e229eabc27d8019793a7aeb3dab9ceb3	1784761184407000000	19806562524665	openwhisk_invoker_jvm_mono	recovery/openwhisk/capture/invokers.filtered.log	961
asyncs-openwhisk-direct-event-v1	C5	asyncs	dynamic-html-derived-v1	127	1	d8ac0745e3a540c1ac0745e3a5d0c1f2	OW120	1	1	true	single_direct_observation	controller	true	true		controller0	openwhisk_controller	1	7c802dbd86a26e5d6fb31befe38b8d5f	1784761186425000000	19809580774775	openwhisk_controller_jvm_mono	recovery/openwhisk/capture/controller.filtered.log	253
asyncs-openwhisk-direct-event-v1	C5	asyncs	dynamic-html-derived-v1	127	1	d8ac0745e3a540c1ac0745e3a5d0c1f2	OW150	1	1	true	single_direct_observation	controller	true	true		controller0	openwhisk_controller	1	7c802dbd86a26e5d6fb31befe38b8d5f	1784761186425000000	19809580810965	openwhisk_controller_jvm_mono	recovery/openwhisk/capture/controller.filtered.log	254
asyncs-openwhisk-direct-event-v1	C5	asyncs	dynamic-html-derived-v1	127	1	d8ac0745e3a540c1ac0745e3a5d0c1f2	OW260	1	1	true	single_direct_observation	scheduler	true	true		scheduler0	openwhisk_scheduler	1	7c802dbd86a26e5d6fb31befe38b8d5f	1784761186429000000	19809584748797	openwhisk_scheduler_jvm_mono	recovery/openwhisk/capture/scheduler.filtered.log	375
asyncs-openwhisk-direct-event-v1	C5	asyncs	dynamic-html-derived-v1	127	1	d8ac0745e3a540c1ac0745e3a5d0c1f2	OW300	1	2	true	latest_ow300_not_after_ow310_tie_first_source_line	scheduler	true	true		scheduler0	openwhisk_scheduler	1	7c802dbd86a26e5d6fb31befe38b8d5f	1784761186429000000	19809584853052	openwhisk_scheduler_jvm_mono	recovery/openwhisk/capture/scheduler.filtered.log	376
asyncs-openwhisk-direct-event-v1	C5	asyncs	dynamic-html-derived-v1	127	1	d8ac0745e3a540c1ac0745e3a5d0c1f2	OW300	2	2	false	latest_ow300_not_after_ow310_tie_first_source_line	scheduler	true	true		scheduler0	openwhisk_scheduler	1	7c802dbd86a26e5d6fb31befe38b8d5f	1784761186429000000	19809584894255	openwhisk_scheduler_jvm_mono	recovery/openwhisk/capture/scheduler.filtered.log	377
asyncs-openwhisk-direct-event-v1	C5	asyncs	dynamic-html-derived-v1	127	1	d8ac0745e3a540c1ac0745e3a5d0c1f2	OW310	1	1	true	single_direct_observation	invoker	true	true		invoker2	openwhisk_invoker	26523	7c802dbd86a26e5d6fb31befe38b8d5f	1784761186431000000	19808586542208	openwhisk_invoker_jvm_mono	recovery/openwhisk/capture/invokers.filtered.log	995
asyncs-openwhisk-direct-event-v1	C5	asyncs	dynamic-html-derived-v1	127	1	d8ac0745e3a540c1ac0745e3a5d0c1f2	OW800	1	1	true	single_direct_observation	invoker	true	true		invoker2	openwhisk_invoker	26523	7c802dbd86a26e5d6fb31befe38b8d5f	1784761187033000000	19809188689699	openwhisk_invoker_jvm_mono	recovery/openwhisk/capture/invokers.filtered.log	1003
asyncs-openwhisk-direct-event-v1	C5	asyncs	dynamic-html-derived-v1	274	1	d91f9156cc4445f19f9156cc4425f1f8	OW120	1	1	true	single_direct_observation	controller	true	true		controller0	openwhisk_controller	1	836f94b9a78bd0677d76f6afba7b367b	1784761212362000000	19835518080286	openwhisk_controller_jvm_mono	recovery/openwhisk/capture/controller.filtered.log	547
asyncs-openwhisk-direct-event-v1	C5	asyncs	dynamic-html-derived-v1	274	1	d91f9156cc4445f19f9156cc4425f1f8	OW150	1	1	true	single_direct_observation	controller	true	true		controller0	openwhisk_controller	1	836f94b9a78bd0677d76f6afba7b367b	1784761212362000000	19835518109393	openwhisk_controller_jvm_mono	recovery/openwhisk/capture/controller.filtered.log	548
asyncs-openwhisk-direct-event-v1	C5	asyncs	dynamic-html-derived-v1	274	1	d91f9156cc4445f19f9156cc4425f1f8	OW260	1	1	true	single_direct_observation	scheduler	true	true		scheduler0	openwhisk_scheduler	1	836f94b9a78bd0677d76f6afba7b367b	1784761212365000000	19835521056923	openwhisk_scheduler_jvm_mono	recovery/openwhisk/capture/scheduler.filtered.log	816
asyncs-openwhisk-direct-event-v1	C5	asyncs	dynamic-html-derived-v1	274	1	d91f9156cc4445f19f9156cc4425f1f8	OW300	1	2	true	latest_ow300_not_after_ow310_tie_first_source_line	scheduler	true	true		scheduler0	openwhisk_scheduler	1	836f94b9a78bd0677d76f6afba7b367b	1784761212365000000	19835521163307	openwhisk_scheduler_jvm_mono	recovery/openwhisk/capture/scheduler.filtered.log	817
asyncs-openwhisk-direct-event-v1	C5	asyncs	dynamic-html-derived-v1	274	1	d91f9156cc4445f19f9156cc4425f1f8	OW300	2	2	false	latest_ow300_not_after_ow310_tie_first_source_line	scheduler	true	true		scheduler0	openwhisk_scheduler	1	836f94b9a78bd0677d76f6afba7b367b	1784761212365000000	19835521186412	openwhisk_scheduler_jvm_mono	recovery/openwhisk/capture/scheduler.filtered.log	818
asyncs-openwhisk-direct-event-v1	C5	asyncs	dynamic-html-derived-v1	274	1	d91f9156cc4445f19f9156cc4425f1f8	OW310	1	1	true	single_direct_observation	invoker	true	true		invoker2	openwhisk_invoker	26523	836f94b9a78bd0677d76f6afba7b367b	1784761212367000000	19834522546871	openwhisk_invoker_jvm_mono	recovery/openwhisk/capture/invokers.filtered.log	1425
asyncs-openwhisk-direct-event-v1	C5	asyncs	dynamic-html-derived-v1	274	1	d91f9156cc4445f19f9156cc4425f1f8	OW800	1	1	true	single_direct_observation	invoker	true	true		invoker2	openwhisk_invoker	26523	836f94b9a78bd0677d76f6afba7b367b	1784761212953000000	19835108820601	openwhisk_invoker_jvm_mono	recovery/openwhisk/capture/invokers.filtered.log	1433
asyncs-openwhisk-direct-event-v1	C5	asyncs	dynamic-html-derived-v1	214	1	db4c282254e14f8b8c282254e17f8bdb	OW120	1	1	true	single_direct_observation	controller	true	true		controller0	openwhisk_controller	1	54c04ea8984b53035d6910fe2051ea9d	1784761202236000000	19825392366533	openwhisk_controller_jvm_mono	recovery/openwhisk/capture/controller.filtered.log	427
asyncs-openwhisk-direct-event-v1	C5	asyncs	dynamic-html-derived-v1	214	1	db4c282254e14f8b8c282254e17f8bdb	OW150	1	1	true	single_direct_observation	controller	true	true		controller0	openwhisk_controller	1	54c04ea8984b53035d6910fe2051ea9d	1784761202236000000	19825392396738	openwhisk_controller_jvm_mono	recovery/openwhisk/capture/controller.filtered.log	428
asyncs-openwhisk-direct-event-v1	C5	asyncs	dynamic-html-derived-v1	214	1	db4c282254e14f8b8c282254e17f8bdb	OW260	1	1	true	single_direct_observation	scheduler	true	true		scheduler0	openwhisk_scheduler	1	54c04ea8984b53035d6910fe2051ea9d	1784761202253000000	19825408515062	openwhisk_scheduler_jvm_mono	recovery/openwhisk/capture/scheduler.filtered.log	636
asyncs-openwhisk-direct-event-v1	C5	asyncs	dynamic-html-derived-v1	214	1	db4c282254e14f8b8c282254e17f8bdb	OW300	1	2	true	latest_ow300_not_after_ow310_tie_first_source_line	scheduler	true	true		scheduler0	openwhisk_scheduler	1	54c04ea8984b53035d6910fe2051ea9d	1784761202253000000	19825408649128	openwhisk_scheduler_jvm_mono	recovery/openwhisk/capture/scheduler.filtered.log	637
asyncs-openwhisk-direct-event-v1	C5	asyncs	dynamic-html-derived-v1	214	1	db4c282254e14f8b8c282254e17f8bdb	OW300	2	2	false	latest_ow300_not_after_ow310_tie_first_source_line	scheduler	true	true		scheduler0	openwhisk_scheduler	1	54c04ea8984b53035d6910fe2051ea9d	1784761202253000000	19825408704400	openwhisk_scheduler_jvm_mono	recovery/openwhisk/capture/scheduler.filtered.log	638
asyncs-openwhisk-direct-event-v1	C5	asyncs	dynamic-html-derived-v1	214	1	db4c282254e14f8b8c282254e17f8bdb	OW310	1	1	true	single_direct_observation	invoker	true	true		invoker0	openwhisk_invoker	29163	54c04ea8984b53035d6910fe2051ea9d	1784761202256000000	19825468291654	openwhisk_invoker_jvm_mono	recovery/openwhisk/capture/invokers.filtered.log	472
asyncs-openwhisk-direct-event-v1	C5	asyncs	dynamic-html-derived-v1	214	1	db4c282254e14f8b8c282254e17f8bdb	OW800	1	1	true	single_direct_observation	invoker	true	true		invoker0	openwhisk_invoker	29163	54c04ea8984b53035d6910fe2051ea9d	1784761202599000000	19825812059923	openwhisk_invoker_jvm_mono	recovery/openwhisk/capture/invokers.filtered.log	475
asyncs-openwhisk-direct-event-v1	C5	asyncs	dynamic-html-derived-v1	269	1	df439fb54b6241cd839fb54b62a1cdc4	OW120	1	1	true	single_direct_observation	controller	true	true		controller0	openwhisk_controller	1	94344a8b15fa6393ab459fab359dd102	1784761211546000000	19834702164567	openwhisk_controller_jvm_mono	recovery/openwhisk/capture/controller.filtered.log	537
asyncs-openwhisk-direct-event-v1	C5	asyncs	dynamic-html-derived-v1	269	1	df439fb54b6241cd839fb54b62a1cdc4	OW150	1	1	true	single_direct_observation	controller	true	true		controller0	openwhisk_controller	1	94344a8b15fa6393ab459fab359dd102	1784761211546000000	19834702191716	openwhisk_controller_jvm_mono	recovery/openwhisk/capture/controller.filtered.log	538
asyncs-openwhisk-direct-event-v1	C5	asyncs	dynamic-html-derived-v1	269	1	df439fb54b6241cd839fb54b62a1cdc4	OW260	1	1	true	single_direct_observation	scheduler	true	true		scheduler0	openwhisk_scheduler	1	94344a8b15fa6393ab459fab359dd102	1784761211549000000	19834704898365	openwhisk_scheduler_jvm_mono	recovery/openwhisk/capture/scheduler.filtered.log	801
asyncs-openwhisk-direct-event-v1	C5	asyncs	dynamic-html-derived-v1	269	1	df439fb54b6241cd839fb54b62a1cdc4	OW300	1	2	true	latest_ow300_not_after_ow310_tie_first_source_line	scheduler	true	true		scheduler0	openwhisk_scheduler	1	94344a8b15fa6393ab459fab359dd102	1784761211549000000	19834705038226	openwhisk_scheduler_jvm_mono	recovery/openwhisk/capture/scheduler.filtered.log	802
asyncs-openwhisk-direct-event-v1	C5	asyncs	dynamic-html-derived-v1	269	1	df439fb54b6241cd839fb54b62a1cdc4	OW300	2	2	false	latest_ow300_not_after_ow310_tie_first_source_line	scheduler	true	true		scheduler0	openwhisk_scheduler	1	94344a8b15fa6393ab459fab359dd102	1784761211549000000	19834705092166	openwhisk_scheduler_jvm_mono	recovery/openwhisk/capture/scheduler.filtered.log	803
asyncs-openwhisk-direct-event-v1	C5	asyncs	dynamic-html-derived-v1	269	1	df439fb54b6241cd839fb54b62a1cdc4	OW310	1	1	true	single_direct_observation	invoker	true	true		invoker0	openwhisk_invoker	29163	94344a8b15fa6393ab459fab359dd102	1784761211551000000	19834763669923	openwhisk_invoker_jvm_mono	recovery/openwhisk/capture/invokers.filtered.log	587
asyncs-openwhisk-direct-event-v1	C5	asyncs	dynamic-html-derived-v1	269	1	df439fb54b6241cd839fb54b62a1cdc4	OW800	1	1	true	single_direct_observation	invoker	true	true		invoker0	openwhisk_invoker	29163	94344a8b15fa6393ab459fab359dd102	1784761211894000000	19835106981036	openwhisk_invoker_jvm_mono	recovery/openwhisk/capture/invokers.filtered.log	590
asyncs-openwhisk-direct-event-v1	C5	asyncs	dynamic-html-derived-v1	96	1	dfb2e7a0618c4207b2e7a0618c2207b6	OW120	1	1	true	single_direct_observation	controller	true	true		controller0	openwhisk_controller	1	026efd40933756eec006076e6592afb2	1784761180957000000	19804112846665	openwhisk_controller_jvm_mono	recovery/openwhisk/capture/controller.filtered.log	191
asyncs-openwhisk-direct-event-v1	C5	asyncs	dynamic-html-derived-v1	96	1	dfb2e7a0618c4207b2e7a0618c2207b6	OW150	1	1	true	single_direct_observation	controller	true	true		controller0	openwhisk_controller	1	026efd40933756eec006076e6592afb2	1784761180957000000	19804112893299	openwhisk_controller_jvm_mono	recovery/openwhisk/capture/controller.filtered.log	192
asyncs-openwhisk-direct-event-v1	C5	asyncs	dynamic-html-derived-v1	96	1	dfb2e7a0618c4207b2e7a0618c2207b6	OW260	1	1	true	single_direct_observation	scheduler	true	true		scheduler0	openwhisk_scheduler	1	026efd40933756eec006076e6592afb2	1784761180961000000	19804116763075	openwhisk_scheduler_jvm_mono	recovery/openwhisk/capture/scheduler.filtered.log	282
asyncs-openwhisk-direct-event-v1	C5	asyncs	dynamic-html-derived-v1	96	1	dfb2e7a0618c4207b2e7a0618c2207b6	OW300	1	2	true	latest_ow300_not_after_ow310_tie_first_source_line	scheduler	true	true		scheduler0	openwhisk_scheduler	1	026efd40933756eec006076e6592afb2	1784761180961000000	19804116926803	openwhisk_scheduler_jvm_mono	recovery/openwhisk/capture/scheduler.filtered.log	283
asyncs-openwhisk-direct-event-v1	C5	asyncs	dynamic-html-derived-v1	96	1	dfb2e7a0618c4207b2e7a0618c2207b6	OW300	2	2	false	latest_ow300_not_after_ow310_tie_first_source_line	scheduler	true	true		scheduler0	openwhisk_scheduler	1	026efd40933756eec006076e6592afb2	1784761180961000000	19804116970552	openwhisk_scheduler_jvm_mono	recovery/openwhisk/capture/scheduler.filtered.log	284
asyncs-openwhisk-direct-event-v1	C5	asyncs	dynamic-html-derived-v1	96	1	dfb2e7a0618c4207b2e7a0618c2207b6	OW310	1	1	true	single_direct_observation	invoker	true	true		invoker2	openwhisk_invoker	26523	026efd40933756eec006076e6592afb2	1784761180964000000	19803119313332	openwhisk_invoker_jvm_mono	recovery/openwhisk/capture/invokers.filtered.log	905
asyncs-openwhisk-direct-event-v1	C5	asyncs	dynamic-html-derived-v1	96	1	dfb2e7a0618c4207b2e7a0618c2207b6	OW800	1	1	true	single_direct_observation	invoker	true	true		invoker2	openwhisk_invoker	26523	026efd40933756eec006076e6592afb2	1784761181454000000	19803609779206	openwhisk_invoker_jvm_mono	recovery/openwhisk/capture/invokers.filtered.log	913
asyncs-openwhisk-direct-event-v1	C5	asyncs	dynamic-html-derived-v1	79	1	dfc222fc403242498222fc403242497d	OW120	1	1	true	single_direct_observation	controller	true	true		controller0	openwhisk_controller	1	ad58971c83ae850d03416533c382be08	1784761178087000000	19801243074263	openwhisk_controller_jvm_mono	recovery/openwhisk/capture/controller.filtered.log	157
asyncs-openwhisk-direct-event-v1	C5	asyncs	dynamic-html-derived-v1	79	1	dfc222fc403242498222fc403242497d	OW150	1	1	true	single_direct_observation	controller	true	true		controller0	openwhisk_controller	1	ad58971c83ae850d03416533c382be08	1784761178087000000	19801243124544	openwhisk_controller_jvm_mono	recovery/openwhisk/capture/controller.filtered.log	158
asyncs-openwhisk-direct-event-v1	C5	asyncs	dynamic-html-derived-v1	79	1	dfc222fc403242498222fc403242497d	OW260	1	1	true	single_direct_observation	scheduler	true	true		scheduler0	openwhisk_scheduler	1	ad58971c83ae850d03416533c382be08	1784761178098000000	19801254222216	openwhisk_scheduler_jvm_mono	recovery/openwhisk/capture/scheduler.filtered.log	231
asyncs-openwhisk-direct-event-v1	C5	asyncs	dynamic-html-derived-v1	79	1	dfc222fc403242498222fc403242497d	OW300	1	2	true	latest_ow300_not_after_ow310_tie_first_source_line	scheduler	true	true		scheduler0	openwhisk_scheduler	1	ad58971c83ae850d03416533c382be08	1784761178099000000	19801254640978	openwhisk_scheduler_jvm_mono	recovery/openwhisk/capture/scheduler.filtered.log	232
asyncs-openwhisk-direct-event-v1	C5	asyncs	dynamic-html-derived-v1	79	1	dfc222fc403242498222fc403242497d	OW300	2	2	false	latest_ow300_not_after_ow310_tie_first_source_line	scheduler	true	true		scheduler0	openwhisk_scheduler	1	ad58971c83ae850d03416533c382be08	1784761178099000000	19801254701000	openwhisk_scheduler_jvm_mono	recovery/openwhisk/capture/scheduler.filtered.log	233
asyncs-openwhisk-direct-event-v1	C5	asyncs	dynamic-html-derived-v1	79	1	dfc222fc403242498222fc403242497d	OW310	1	1	true	single_direct_observation	invoker	true	true		invoker2	openwhisk_invoker	26523	ad58971c83ae850d03416533c382be08	1784761178102000000	19800257093729	openwhisk_invoker_jvm_mono	recovery/openwhisk/capture/invokers.filtered.log	855
asyncs-openwhisk-direct-event-v1	C5	asyncs	dynamic-html-derived-v1	79	1	dfc222fc403242498222fc403242497d	OW800	1	1	true	single_direct_observation	invoker	true	true		invoker2	openwhisk_invoker	26523	ad58971c83ae850d03416533c382be08	1784761178620000000	19800775758958	openwhisk_invoker_jvm_mono	recovery/openwhisk/capture/invokers.filtered.log	863
asyncs-openwhisk-direct-event-v1	C5	asyncs	dynamic-html-derived-v1	242	1	e105fb4d431b4d2685fb4d431bbd26e4	OW120	1	1	true	single_direct_observation	controller	true	true		controller0	openwhisk_controller	1	4bd0f5c1ff886f96012ba0a38f95d13d	1784761206998000000	19830154250705	openwhisk_controller_jvm_mono	recovery/openwhisk/capture/controller.filtered.log	483
asyncs-openwhisk-direct-event-v1	C5	asyncs	dynamic-html-derived-v1	242	1	e105fb4d431b4d2685fb4d431bbd26e4	OW150	1	1	true	single_direct_observation	controller	true	true		controller0	openwhisk_controller	1	4bd0f5c1ff886f96012ba0a38f95d13d	1784761206998000000	19830154281066	openwhisk_controller_jvm_mono	recovery/openwhisk/capture/controller.filtered.log	484
asyncs-openwhisk-direct-event-v1	C5	asyncs	dynamic-html-derived-v1	242	1	e105fb4d431b4d2685fb4d431bbd26e4	OW260	1	1	true	single_direct_observation	scheduler	true	true		scheduler0	openwhisk_scheduler	1	4bd0f5c1ff886f96012ba0a38f95d13d	1784761207004000000	19830159652595	openwhisk_scheduler_jvm_mono	recovery/openwhisk/capture/scheduler.filtered.log	720
asyncs-openwhisk-direct-event-v1	C5	asyncs	dynamic-html-derived-v1	242	1	e105fb4d431b4d2685fb4d431bbd26e4	OW300	1	2	true	latest_ow300_not_after_ow310_tie_first_source_line	scheduler	true	true		scheduler0	openwhisk_scheduler	1	4bd0f5c1ff886f96012ba0a38f95d13d	1784761207004000000	19830159800149	openwhisk_scheduler_jvm_mono	recovery/openwhisk/capture/scheduler.filtered.log	721
asyncs-openwhisk-direct-event-v1	C5	asyncs	dynamic-html-derived-v1	242	1	e105fb4d431b4d2685fb4d431bbd26e4	OW300	2	2	false	latest_ow300_not_after_ow310_tie_first_source_line	scheduler	true	true		scheduler0	openwhisk_scheduler	1	4bd0f5c1ff886f96012ba0a38f95d13d	1784761207004000000	19830159836304	openwhisk_scheduler_jvm_mono	recovery/openwhisk/capture/scheduler.filtered.log	722
asyncs-openwhisk-direct-event-v1	C5	asyncs	dynamic-html-derived-v1	242	1	e105fb4d431b4d2685fb4d431bbd26e4	OW310	1	1	true	single_direct_observation	invoker	true	true		invoker2	openwhisk_invoker	26523	4bd0f5c1ff886f96012ba0a38f95d13d	1784761207006000000	19829161583621	openwhisk_invoker_jvm_mono	recovery/openwhisk/capture/invokers.filtered.log	1330
asyncs-openwhisk-direct-event-v1	C5	asyncs	dynamic-html-derived-v1	242	1	e105fb4d431b4d2685fb4d431bbd26e4	OW800	1	1	true	single_direct_observation	invoker	true	true		invoker2	openwhisk_invoker	26523	4bd0f5c1ff886f96012ba0a38f95d13d	1784761207385000000	19829540533289	openwhisk_invoker_jvm_mono	recovery/openwhisk/capture/invokers.filtered.log	1338
asyncs-openwhisk-direct-event-v1	C5	asyncs	dynamic-html-derived-v1	193	1	e12933e75ae64f71a933e75ae6cf71e8	OW120	1	1	true	single_direct_observation	controller	true	true		controller0	openwhisk_controller	1	c1f360f2c2062474c2ea9b2e51094307	1784761198576000000	19821732380667	openwhisk_controller_jvm_mono	recovery/openwhisk/capture/controller.filtered.log	385
asyncs-openwhisk-direct-event-v1	C5	asyncs	dynamic-html-derived-v1	193	1	e12933e75ae64f71a933e75ae6cf71e8	OW150	1	1	true	single_direct_observation	controller	true	true		controller0	openwhisk_controller	1	c1f360f2c2062474c2ea9b2e51094307	1784761198576000000	19821732448020	openwhisk_controller_jvm_mono	recovery/openwhisk/capture/controller.filtered.log	386
asyncs-openwhisk-direct-event-v1	C5	asyncs	dynamic-html-derived-v1	193	1	e12933e75ae64f71a933e75ae6cf71e8	OW260	1	1	true	single_direct_observation	scheduler	true	true		scheduler0	openwhisk_scheduler	1	c1f360f2c2062474c2ea9b2e51094307	1784761198586000000	19821742050451	openwhisk_scheduler_jvm_mono	recovery/openwhisk/capture/scheduler.filtered.log	573
asyncs-openwhisk-direct-event-v1	C5	asyncs	dynamic-html-derived-v1	193	1	e12933e75ae64f71a933e75ae6cf71e8	OW300	1	2	true	latest_ow300_not_after_ow310_tie_first_source_line	scheduler	true	true		scheduler0	openwhisk_scheduler	1	c1f360f2c2062474c2ea9b2e51094307	1784761198586000000	19821742199571	openwhisk_scheduler_jvm_mono	recovery/openwhisk/capture/scheduler.filtered.log	574
asyncs-openwhisk-direct-event-v1	C5	asyncs	dynamic-html-derived-v1	193	1	e12933e75ae64f71a933e75ae6cf71e8	OW300	2	2	false	latest_ow300_not_after_ow310_tie_first_source_line	scheduler	true	true		scheduler0	openwhisk_scheduler	1	c1f360f2c2062474c2ea9b2e51094307	1784761198586000000	19821742255809	openwhisk_scheduler_jvm_mono	recovery/openwhisk/capture/scheduler.filtered.log	575
asyncs-openwhisk-direct-event-v1	C5	asyncs	dynamic-html-derived-v1	193	1	e12933e75ae64f71a933e75ae6cf71e8	OW310	1	1	true	single_direct_observation	invoker	true	true		invoker0	openwhisk_invoker	29163	c1f360f2c2062474c2ea9b2e51094307	1784761198588000000	19821800950736	openwhisk_invoker_jvm_mono	recovery/openwhisk/capture/invokers.filtered.log	427
asyncs-openwhisk-direct-event-v1	C5	asyncs	dynamic-html-derived-v1	193	1	e12933e75ae64f71a933e75ae6cf71e8	OW800	1	1	true	single_direct_observation	invoker	true	true		invoker0	openwhisk_invoker	29163	c1f360f2c2062474c2ea9b2e51094307	1784761198932000000	19822144619319	openwhisk_invoker_jvm_mono	recovery/openwhisk/capture/invokers.filtered.log	430
asyncs-openwhisk-direct-event-v1	C5	asyncs	dynamic-html-derived-v1	28	1	e4427c0690654661827c069065c66199	OW120	1	1	true	single_direct_observation	controller	true	true		controller0	openwhisk_controller	1	98f9f2efe9c0273da7c3c9dd3f3f2483	1784761169729000000	19792884637316	openwhisk_controller_jvm_mono	recovery/openwhisk/capture/controller.filtered.log	55
asyncs-openwhisk-direct-event-v1	C5	asyncs	dynamic-html-derived-v1	28	1	e4427c0690654661827c069065c66199	OW150	1	1	true	single_direct_observation	controller	true	true		controller0	openwhisk_controller	1	98f9f2efe9c0273da7c3c9dd3f3f2483	1784761169729000000	19792884683461	openwhisk_controller_jvm_mono	recovery/openwhisk/capture/controller.filtered.log	56
asyncs-openwhisk-direct-event-v1	C5	asyncs	dynamic-html-derived-v1	28	1	e4427c0690654661827c069065c66199	OW260	1	1	true	single_direct_observation	scheduler	true	true		scheduler0	openwhisk_scheduler	1	98f9f2efe9c0273da7c3c9dd3f3f2483	1784761169736000000	19792891894829	openwhisk_scheduler_jvm_mono	recovery/openwhisk/capture/scheduler.filtered.log	78
asyncs-openwhisk-direct-event-v1	C5	asyncs	dynamic-html-derived-v1	28	1	e4427c0690654661827c069065c66199	OW300	1	2	true	latest_ow300_not_after_ow310_tie_first_source_line	scheduler	true	true		scheduler0	openwhisk_scheduler	1	98f9f2efe9c0273da7c3c9dd3f3f2483	1784761169736000000	19792892243643	openwhisk_scheduler_jvm_mono	recovery/openwhisk/capture/scheduler.filtered.log	79
asyncs-openwhisk-direct-event-v1	C5	asyncs	dynamic-html-derived-v1	28	1	e4427c0690654661827c069065c66199	OW300	2	2	false	latest_ow300_not_after_ow310_tie_first_source_line	scheduler	true	true		scheduler0	openwhisk_scheduler	1	98f9f2efe9c0273da7c3c9dd3f3f2483	1784761169736000000	19792892353893	openwhisk_scheduler_jvm_mono	recovery/openwhisk/capture/scheduler.filtered.log	80
asyncs-openwhisk-direct-event-v1	C5	asyncs	dynamic-html-derived-v1	28	1	e4427c0690654661827c069065c66199	OW310	1	1	true	single_direct_observation	invoker	true	true		invoker2	openwhisk_invoker	26523	98f9f2efe9c0273da7c3c9dd3f3f2483	1784761169745000000	19791899902773	openwhisk_invoker_jvm_mono	recovery/openwhisk/capture/invokers.filtered.log	713
asyncs-openwhisk-direct-event-v1	C5	asyncs	dynamic-html-derived-v1	28	1	e4427c0690654661827c069065c66199	OW800	1	1	true	single_direct_observation	invoker	true	true		invoker2	openwhisk_invoker	26523	98f9f2efe9c0273da7c3c9dd3f3f2483	1784761170248000000	19792403807361	openwhisk_invoker_jvm_mono	recovery/openwhisk/capture/invokers.filtered.log	718
asyncs-openwhisk-direct-event-v1	C5	asyncs	dynamic-html-derived-v1	29	1	e444e2c5b81e46fb84e2c5b81e36fb00	OW120	1	1	true	single_direct_observation	controller	true	true		controller0	openwhisk_controller	1	b663bec74ab797ed2dd12e7b400f843e	1784761169768000000	19792924447573	openwhisk_controller_jvm_mono	recovery/openwhisk/capture/controller.filtered.log	57
asyncs-openwhisk-direct-event-v1	C5	asyncs	dynamic-html-derived-v1	29	1	e444e2c5b81e46fb84e2c5b81e36fb00	OW150	1	1	true	single_direct_observation	controller	true	true		controller0	openwhisk_controller	1	b663bec74ab797ed2dd12e7b400f843e	1784761169769000000	19792924488008	openwhisk_controller_jvm_mono	recovery/openwhisk/capture/controller.filtered.log	58
asyncs-openwhisk-direct-event-v1	C5	asyncs	dynamic-html-derived-v1	29	1	e444e2c5b81e46fb84e2c5b81e36fb00	OW260	1	1	true	single_direct_observation	scheduler	true	true		scheduler0	openwhisk_scheduler	1	b663bec74ab797ed2dd12e7b400f843e	1784761169775000000	19792930492307	openwhisk_scheduler_jvm_mono	recovery/openwhisk/capture/scheduler.filtered.log	81
asyncs-openwhisk-direct-event-v1	C5	asyncs	dynamic-html-derived-v1	29	1	e444e2c5b81e46fb84e2c5b81e36fb00	OW300	1	2	true	latest_ow300_not_after_ow310_tie_first_source_line	scheduler	true	true		scheduler0	openwhisk_scheduler	1	b663bec74ab797ed2dd12e7b400f843e	1784761169775000000	19792930987908	openwhisk_scheduler_jvm_mono	recovery/openwhisk/capture/scheduler.filtered.log	82
asyncs-openwhisk-direct-event-v1	C5	asyncs	dynamic-html-derived-v1	29	1	e444e2c5b81e46fb84e2c5b81e36fb00	OW300	2	2	false	latest_ow300_not_after_ow310_tie_first_source_line	scheduler	true	true		scheduler0	openwhisk_scheduler	1	b663bec74ab797ed2dd12e7b400f843e	1784761169775000000	19792931059595	openwhisk_scheduler_jvm_mono	recovery/openwhisk/capture/scheduler.filtered.log	83
asyncs-openwhisk-direct-event-v1	C5	asyncs	dynamic-html-derived-v1	29	1	e444e2c5b81e46fb84e2c5b81e36fb00	OW310	1	1	true	single_direct_observation	invoker	true	true		invoker0	openwhisk_invoker	29163	b663bec74ab797ed2dd12e7b400f843e	1784761169782000000	19792995163848	openwhisk_invoker_jvm_mono	recovery/openwhisk/capture/invokers.filtered.log	82
asyncs-openwhisk-direct-event-v1	C5	asyncs	dynamic-html-derived-v1	29	1	e444e2c5b81e46fb84e2c5b81e36fb00	OW800	1	1	true	single_direct_observation	invoker	true	true		invoker0	openwhisk_invoker	29163	b663bec74ab797ed2dd12e7b400f843e	1784761170124000000	19793336898374	openwhisk_invoker_jvm_mono	recovery/openwhisk/capture/invokers.filtered.log	85
asyncs-openwhisk-direct-event-v1	C5	asyncs	dynamic-html-derived-v1	207	1	e49dcbee9ee740919dcbee9ee7b09117	OW120	1	1	true	single_direct_observation	controller	true	true		controller0	openwhisk_controller	1	a75779dabb175feffb693513b4a2b3e0	1784761201090000000	19824245493688	openwhisk_controller_jvm_mono	recovery/openwhisk/capture/controller.filtered.log	413
asyncs-openwhisk-direct-event-v1	C5	asyncs	dynamic-html-derived-v1	207	1	e49dcbee9ee740919dcbee9ee7b09117	OW150	1	1	true	single_direct_observation	controller	true	true		controller0	openwhisk_controller	1	a75779dabb175feffb693513b4a2b3e0	1784761201090000000	19824245522571	openwhisk_controller_jvm_mono	recovery/openwhisk/capture/controller.filtered.log	414
asyncs-openwhisk-direct-event-v1	C5	asyncs	dynamic-html-derived-v1	207	1	e49dcbee9ee740919dcbee9ee7b09117	OW260	1	1	true	single_direct_observation	scheduler	true	true		scheduler0	openwhisk_scheduler	1	a75779dabb175feffb693513b4a2b3e0	1784761201098000000	19824254356490	openwhisk_scheduler_jvm_mono	recovery/openwhisk/capture/scheduler.filtered.log	615
asyncs-openwhisk-direct-event-v1	C5	asyncs	dynamic-html-derived-v1	207	1	e49dcbee9ee740919dcbee9ee7b09117	OW300	1	2	true	latest_ow300_not_after_ow310_tie_first_source_line	scheduler	true	true		scheduler0	openwhisk_scheduler	1	a75779dabb175feffb693513b4a2b3e0	1784761201099000000	19824254518011	openwhisk_scheduler_jvm_mono	recovery/openwhisk/capture/scheduler.filtered.log	616
asyncs-openwhisk-direct-event-v1	C5	asyncs	dynamic-html-derived-v1	207	1	e49dcbee9ee740919dcbee9ee7b09117	OW300	2	2	false	latest_ow300_not_after_ow310_tie_first_source_line	scheduler	true	true		scheduler0	openwhisk_scheduler	1	a75779dabb175feffb693513b4a2b3e0	1784761201099000000	19824254559382	openwhisk_scheduler_jvm_mono	recovery/openwhisk/capture/scheduler.filtered.log	617
asyncs-openwhisk-direct-event-v1	C5	asyncs	dynamic-html-derived-v1	207	1	e49dcbee9ee740919dcbee9ee7b09117	OW310	1	1	true	single_direct_observation	invoker	true	true		invoker0	openwhisk_invoker	29163	a75779dabb175feffb693513b4a2b3e0	1784761201102000000	19824314970928	openwhisk_invoker_jvm_mono	recovery/openwhisk/capture/invokers.filtered.log	457
asyncs-openwhisk-direct-event-v1	C5	asyncs	dynamic-html-derived-v1	207	1	e49dcbee9ee740919dcbee9ee7b09117	OW800	1	1	true	single_direct_observation	invoker	true	true		invoker0	openwhisk_invoker	29163	a75779dabb175feffb693513b4a2b3e0	1784761201444000000	19824656955517	openwhisk_invoker_jvm_mono	recovery/openwhisk/capture/invokers.filtered.log	460
asyncs-openwhisk-direct-event-v1	C5	asyncs	dynamic-html-derived-v1	204	1	e51a05cf9b0a4b759a05cf9b0a0b750a	OW120	1	1	true	single_direct_observation	controller	true	true		controller0	openwhisk_controller	1	1d7a4cb505ee41a68d9ab14a018d3542	1784761200501000000	19823657294017	openwhisk_controller_jvm_mono	recovery/openwhisk/capture/controller.filtered.log	407
asyncs-openwhisk-direct-event-v1	C5	asyncs	dynamic-html-derived-v1	204	1	e51a05cf9b0a4b759a05cf9b0a0b750a	OW150	1	1	true	single_direct_observation	controller	true	true		controller0	openwhisk_controller	1	1d7a4cb505ee41a68d9ab14a018d3542	1784761200501000000	19823657324437	openwhisk_controller_jvm_mono	recovery/openwhisk/capture/controller.filtered.log	408
asyncs-openwhisk-direct-event-v1	C5	asyncs	dynamic-html-derived-v1	204	1	e51a05cf9b0a4b759a05cf9b0a0b750a	OW260	1	1	true	single_direct_observation	scheduler	true	true		scheduler0	openwhisk_scheduler	1	1d7a4cb505ee41a68d9ab14a018d3542	1784761200505000000	19823660614149	openwhisk_scheduler_jvm_mono	recovery/openwhisk/capture/scheduler.filtered.log	606
asyncs-openwhisk-direct-event-v1	C5	asyncs	dynamic-html-derived-v1	204	1	e51a05cf9b0a4b759a05cf9b0a0b750a	OW300	1	2	true	latest_ow300_not_after_ow310_tie_first_source_line	scheduler	true	true		scheduler0	openwhisk_scheduler	1	1d7a4cb505ee41a68d9ab14a018d3542	1784761200505000000	19823660767855	openwhisk_scheduler_jvm_mono	recovery/openwhisk/capture/scheduler.filtered.log	607
asyncs-openwhisk-direct-event-v1	C5	asyncs	dynamic-html-derived-v1	204	1	e51a05cf9b0a4b759a05cf9b0a0b750a	OW300	2	2	false	latest_ow300_not_after_ow310_tie_first_source_line	scheduler	true	true		scheduler0	openwhisk_scheduler	1	1d7a4cb505ee41a68d9ab14a018d3542	1784761200505000000	19823660815784	openwhisk_scheduler_jvm_mono	recovery/openwhisk/capture/scheduler.filtered.log	608
asyncs-openwhisk-direct-event-v1	C5	asyncs	dynamic-html-derived-v1	204	1	e51a05cf9b0a4b759a05cf9b0a0b750a	OW310	1	1	true	single_direct_observation	invoker	true	true		invoker2	openwhisk_invoker	26523	1d7a4cb505ee41a68d9ab14a018d3542	1784761200508000000	19822663623956	openwhisk_invoker_jvm_mono	recovery/openwhisk/capture/invokers.filtered.log	1220
asyncs-openwhisk-direct-event-v1	C5	asyncs	dynamic-html-derived-v1	204	1	e51a05cf9b0a4b759a05cf9b0a0b750a	OW800	1	1	true	single_direct_observation	invoker	true	true		invoker2	openwhisk_invoker	26523	1d7a4cb505ee41a68d9ab14a018d3542	1784761201058000000	19823213363873	openwhisk_invoker_jvm_mono	recovery/openwhisk/capture/invokers.filtered.log	1228
asyncs-openwhisk-direct-event-v1	C5	asyncs	dynamic-html-derived-v1	279	1	e6707098bac84d7ab07098bac8dd7a00	OW120	1	1	true	single_direct_observation	controller	true	true		controller0	openwhisk_controller	1	d478db6fe03b9e07d0b0e643a5f9e82a	1784761213445000000	19836601215500	openwhisk_controller_jvm_mono	recovery/openwhisk/capture/controller.filtered.log	557
asyncs-openwhisk-direct-event-v1	C5	asyncs	dynamic-html-derived-v1	279	1	e6707098bac84d7ab07098bac8dd7a00	OW150	1	1	true	single_direct_observation	controller	true	true		controller0	openwhisk_controller	1	d478db6fe03b9e07d0b0e643a5f9e82a	1784761213445000000	19836601248148	openwhisk_controller_jvm_mono	recovery/openwhisk/capture/controller.filtered.log	558
asyncs-openwhisk-direct-event-v1	C5	asyncs	dynamic-html-derived-v1	279	1	e6707098bac84d7ab07098bac8dd7a00	OW260	1	1	true	single_direct_observation	scheduler	true	true		scheduler0	openwhisk_scheduler	1	d478db6fe03b9e07d0b0e643a5f9e82a	1784761213449000000	19836605228595	openwhisk_scheduler_jvm_mono	recovery/openwhisk/capture/scheduler.filtered.log	831
asyncs-openwhisk-direct-event-v1	C5	asyncs	dynamic-html-derived-v1	279	1	e6707098bac84d7ab07098bac8dd7a00	OW300	1	2	true	latest_ow300_not_after_ow310_tie_first_source_line	scheduler	true	true		scheduler0	openwhisk_scheduler	1	d478db6fe03b9e07d0b0e643a5f9e82a	1784761213449000000	19836605335578	openwhisk_scheduler_jvm_mono	recovery/openwhisk/capture/scheduler.filtered.log	832
asyncs-openwhisk-direct-event-v1	C5	asyncs	dynamic-html-derived-v1	279	1	e6707098bac84d7ab07098bac8dd7a00	OW300	2	2	false	latest_ow300_not_after_ow310_tie_first_source_line	scheduler	true	true		scheduler0	openwhisk_scheduler	1	d478db6fe03b9e07d0b0e643a5f9e82a	1784761213449000000	19836605356681	openwhisk_scheduler_jvm_mono	recovery/openwhisk/capture/scheduler.filtered.log	833
asyncs-openwhisk-direct-event-v1	C5	asyncs	dynamic-html-derived-v1	279	1	e6707098bac84d7ab07098bac8dd7a00	OW310	1	1	true	single_direct_observation	invoker	true	true		invoker2	openwhisk_invoker	26523	d478db6fe03b9e07d0b0e643a5f9e82a	1784761213453000000	19835608726460	openwhisk_invoker_jvm_mono	recovery/openwhisk/capture/invokers.filtered.log	1440
asyncs-openwhisk-direct-event-v1	C5	asyncs	dynamic-html-derived-v1	279	1	e6707098bac84d7ab07098bac8dd7a00	OW800	1	1	true	single_direct_observation	invoker	true	true		invoker2	openwhisk_invoker	26523	d478db6fe03b9e07d0b0e643a5f9e82a	1784761213966000000	19836120982801	openwhisk_invoker_jvm_mono	recovery/openwhisk/capture/invokers.filtered.log	1448
asyncs-openwhisk-direct-event-v1	C5	asyncs	dynamic-html-derived-v1	95	1	e6a659ca5f3f4ccea659ca5f3f3cce77	OW120	1	1	true	single_direct_observation	controller	true	true		controller0	openwhisk_controller	1	08124ae9a748c9283e94bb67c72f671d	1784761180783000000	19803938710447	openwhisk_controller_jvm_mono	recovery/openwhisk/capture/controller.filtered.log	189
asyncs-openwhisk-direct-event-v1	C5	asyncs	dynamic-html-derived-v1	95	1	e6a659ca5f3f4ccea659ca5f3f3cce77	OW150	1	1	true	single_direct_observation	controller	true	true		controller0	openwhisk_controller	1	08124ae9a748c9283e94bb67c72f671d	1784761180783000000	19803938743450	openwhisk_controller_jvm_mono	recovery/openwhisk/capture/controller.filtered.log	190
asyncs-openwhisk-direct-event-v1	C5	asyncs	dynamic-html-derived-v1	95	1	e6a659ca5f3f4ccea659ca5f3f3cce77	OW260	1	1	true	single_direct_observation	scheduler	true	true		scheduler0	openwhisk_scheduler	1	08124ae9a748c9283e94bb67c72f671d	1784761180786000000	19803941996703	openwhisk_scheduler_jvm_mono	recovery/openwhisk/capture/scheduler.filtered.log	279
asyncs-openwhisk-direct-event-v1	C5	asyncs	dynamic-html-derived-v1	95	1	e6a659ca5f3f4ccea659ca5f3f3cce77	OW300	1	2	true	latest_ow300_not_after_ow310_tie_first_source_line	scheduler	true	true		scheduler0	openwhisk_scheduler	1	08124ae9a748c9283e94bb67c72f671d	1784761180786000000	19803942157621	openwhisk_scheduler_jvm_mono	recovery/openwhisk/capture/scheduler.filtered.log	280
asyncs-openwhisk-direct-event-v1	C5	asyncs	dynamic-html-derived-v1	95	1	e6a659ca5f3f4ccea659ca5f3f3cce77	OW300	2	2	false	latest_ow300_not_after_ow310_tie_first_source_line	scheduler	true	true		scheduler0	openwhisk_scheduler	1	08124ae9a748c9283e94bb67c72f671d	1784761180786000000	19803942200993	openwhisk_scheduler_jvm_mono	recovery/openwhisk/capture/scheduler.filtered.log	281
asyncs-openwhisk-direct-event-v1	C5	asyncs	dynamic-html-derived-v1	95	1	e6a659ca5f3f4ccea659ca5f3f3cce77	OW310	1	1	true	single_direct_observation	invoker	true	true		invoker0	openwhisk_invoker	29163	08124ae9a748c9283e94bb67c72f671d	1784761180788000000	19804001002027	openwhisk_invoker_jvm_mono	recovery/openwhisk/capture/invokers.filtered.log	222
asyncs-openwhisk-direct-event-v1	C5	asyncs	dynamic-html-derived-v1	95	1	e6a659ca5f3f4ccea659ca5f3f3cce77	OW800	1	1	true	single_direct_observation	invoker	true	true		invoker0	openwhisk_invoker	29163	08124ae9a748c9283e94bb67c72f671d	1784761181133000000	19804346017806	openwhisk_invoker_jvm_mono	recovery/openwhisk/capture/invokers.filtered.log	225
asyncs-openwhisk-direct-event-v1	C5	asyncs	dynamic-html-derived-v1	252	1	e720957d6b6f4388a0957d6b6f738856	OW120	1	1	true	single_direct_observation	controller	true	true		controller0	openwhisk_controller	1	62c8ccb8622e97610e5f67e9e187892a	1784761208570000000	19831725483552	openwhisk_controller_jvm_mono	recovery/openwhisk/capture/controller.filtered.log	503
asyncs-openwhisk-direct-event-v1	C5	asyncs	dynamic-html-derived-v1	252	1	e720957d6b6f4388a0957d6b6f738856	OW150	1	1	true	single_direct_observation	controller	true	true		controller0	openwhisk_controller	1	62c8ccb8622e97610e5f67e9e187892a	1784761208570000000	19831725509713	openwhisk_controller_jvm_mono	recovery/openwhisk/capture/controller.filtered.log	504
asyncs-openwhisk-direct-event-v1	C5	asyncs	dynamic-html-derived-v1	252	1	e720957d6b6f4388a0957d6b6f738856	OW260	1	1	true	single_direct_observation	scheduler	true	true		scheduler0	openwhisk_scheduler	1	62c8ccb8622e97610e5f67e9e187892a	1784761208573000000	19831728590344	openwhisk_scheduler_jvm_mono	recovery/openwhisk/capture/scheduler.filtered.log	750
asyncs-openwhisk-direct-event-v1	C5	asyncs	dynamic-html-derived-v1	252	1	e720957d6b6f4388a0957d6b6f738856	OW300	1	2	true	latest_ow300_not_after_ow310_tie_first_source_line	scheduler	true	true		scheduler0	openwhisk_scheduler	1	62c8ccb8622e97610e5f67e9e187892a	1784761208573000000	19831728710898	openwhisk_scheduler_jvm_mono	recovery/openwhisk/capture/scheduler.filtered.log	751
asyncs-openwhisk-direct-event-v1	C5	asyncs	dynamic-html-derived-v1	252	1	e720957d6b6f4388a0957d6b6f738856	OW300	2	2	false	latest_ow300_not_after_ow310_tie_first_source_line	scheduler	true	true		scheduler0	openwhisk_scheduler	1	62c8ccb8622e97610e5f67e9e187892a	1784761208573000000	19831728738858	openwhisk_scheduler_jvm_mono	recovery/openwhisk/capture/scheduler.filtered.log	752
asyncs-openwhisk-direct-event-v1	C5	asyncs	dynamic-html-derived-v1	252	1	e720957d6b6f4388a0957d6b6f738856	OW310	1	1	true	single_direct_observation	invoker	true	true		invoker2	openwhisk_invoker	26523	62c8ccb8622e97610e5f67e9e187892a	1784761208575000000	19830730466588	openwhisk_invoker_jvm_mono	recovery/openwhisk/capture/invokers.filtered.log	1360
asyncs-openwhisk-direct-event-v1	C5	asyncs	dynamic-html-derived-v1	252	1	e720957d6b6f4388a0957d6b6f738856	OW800	1	1	true	single_direct_observation	invoker	true	true		invoker2	openwhisk_invoker	26523	62c8ccb8622e97610e5f67e9e187892a	1784761209116000000	19831271766731	openwhisk_invoker_jvm_mono	recovery/openwhisk/capture/invokers.filtered.log	1368
asyncs-openwhisk-direct-event-v1	C5	asyncs	dynamic-html-derived-v1	166	1	e816d86546044a1496d8654604ea1466	OW120	1	1	true	single_direct_observation	controller	true	true		controller0	openwhisk_controller	1	31d65e845745c3a71c824e871856104b	1784761193574000000	19816730242968	openwhisk_controller_jvm_mono	recovery/openwhisk/capture/controller.filtered.log	331
asyncs-openwhisk-direct-event-v1	C5	asyncs	dynamic-html-derived-v1	166	1	e816d86546044a1496d8654604ea1466	OW150	1	1	true	single_direct_observation	controller	true	true		controller0	openwhisk_controller	1	31d65e845745c3a71c824e871856104b	1784761193574000000	19816730282330	openwhisk_controller_jvm_mono	recovery/openwhisk/capture/controller.filtered.log	332
asyncs-openwhisk-direct-event-v1	C5	asyncs	dynamic-html-derived-v1	166	1	e816d86546044a1496d8654604ea1466	OW260	1	1	true	single_direct_observation	scheduler	true	true		scheduler0	openwhisk_scheduler	1	31d65e845745c3a71c824e871856104b	1784761193579000000	19816734691751	openwhisk_scheduler_jvm_mono	recovery/openwhisk/capture/scheduler.filtered.log	492
asyncs-openwhisk-direct-event-v1	C5	asyncs	dynamic-html-derived-v1	166	1	e816d86546044a1496d8654604ea1466	OW300	1	2	true	latest_ow300_not_after_ow310_tie_first_source_line	scheduler	true	true		scheduler0	openwhisk_scheduler	1	31d65e845745c3a71c824e871856104b	1784761193579000000	19816734796985	openwhisk_scheduler_jvm_mono	recovery/openwhisk/capture/scheduler.filtered.log	493
asyncs-openwhisk-direct-event-v1	C5	asyncs	dynamic-html-derived-v1	166	1	e816d86546044a1496d8654604ea1466	OW300	2	2	false	latest_ow300_not_after_ow310_tie_first_source_line	scheduler	true	true		scheduler0	openwhisk_scheduler	1	31d65e845745c3a71c824e871856104b	1784761193579000000	19816734855275	openwhisk_scheduler_jvm_mono	recovery/openwhisk/capture/scheduler.filtered.log	494
asyncs-openwhisk-direct-event-v1	C5	asyncs	dynamic-html-derived-v1	166	1	e816d86546044a1496d8654604ea1466	OW310	1	1	true	single_direct_observation	invoker	true	true		invoker0	openwhisk_invoker	29163	31d65e845745c3a71c824e871856104b	1784761193581000000	19816793527183	openwhisk_invoker_jvm_mono	recovery/openwhisk/capture/invokers.filtered.log	372
asyncs-openwhisk-direct-event-v1	C5	asyncs	dynamic-html-derived-v1	166	1	e816d86546044a1496d8654604ea1466	OW800	1	1	true	single_direct_observation	invoker	true	true		invoker0	openwhisk_invoker	29163	31d65e845745c3a71c824e871856104b	1784761193924000000	19817137131537	openwhisk_invoker_jvm_mono	recovery/openwhisk/capture/invokers.filtered.log	375
asyncs-openwhisk-direct-event-v1	C5	asyncs	dynamic-html-derived-v1	248	1	e954537637b04ef494537637b09ef480	OW120	1	1	true	single_direct_observation	controller	true	true		controller0	openwhisk_controller	1	dc3bbf2d0b0e9959f824f165a9be9bbd	1784761207980000000	19831136102578	openwhisk_controller_jvm_mono	recovery/openwhisk/capture/controller.filtered.log	495
asyncs-openwhisk-direct-event-v1	C5	asyncs	dynamic-html-derived-v1	248	1	e954537637b04ef494537637b09ef480	OW150	1	1	true	single_direct_observation	controller	true	true		controller0	openwhisk_controller	1	dc3bbf2d0b0e9959f824f165a9be9bbd	1784761207980000000	19831136134615	openwhisk_controller_jvm_mono	recovery/openwhisk/capture/controller.filtered.log	496
asyncs-openwhisk-direct-event-v1	C5	asyncs	dynamic-html-derived-v1	248	1	e954537637b04ef494537637b09ef480	OW260	1	1	true	single_direct_observation	scheduler	true	true		scheduler0	openwhisk_scheduler	1	dc3bbf2d0b0e9959f824f165a9be9bbd	1784761207986000000	19831141931116	openwhisk_scheduler_jvm_mono	recovery/openwhisk/capture/scheduler.filtered.log	738
asyncs-openwhisk-direct-event-v1	C5	asyncs	dynamic-html-derived-v1	248	1	e954537637b04ef494537637b09ef480	OW300	1	2	true	latest_ow300_not_after_ow310_tie_first_source_line	scheduler	true	true		scheduler0	openwhisk_scheduler	1	dc3bbf2d0b0e9959f824f165a9be9bbd	1784761207986000000	19831142157073	openwhisk_scheduler_jvm_mono	recovery/openwhisk/capture/scheduler.filtered.log	739
asyncs-openwhisk-direct-event-v1	C5	asyncs	dynamic-html-derived-v1	248	1	e954537637b04ef494537637b09ef480	OW300	2	2	false	latest_ow300_not_after_ow310_tie_first_source_line	scheduler	true	true		scheduler0	openwhisk_scheduler	1	dc3bbf2d0b0e9959f824f165a9be9bbd	1784761207986000000	19831142205031	openwhisk_scheduler_jvm_mono	recovery/openwhisk/capture/scheduler.filtered.log	740
asyncs-openwhisk-direct-event-v1	C5	asyncs	dynamic-html-derived-v1	248	1	e954537637b04ef494537637b09ef480	OW310	1	1	true	single_direct_observation	invoker	true	true		invoker0	openwhisk_invoker	29163	dc3bbf2d0b0e9959f824f165a9be9bbd	1784761207988000000	19831200906810	openwhisk_invoker_jvm_mono	recovery/openwhisk/capture/invokers.filtered.log	542
asyncs-openwhisk-direct-event-v1	C5	asyncs	dynamic-html-derived-v1	248	1	e954537637b04ef494537637b09ef480	OW800	1	1	true	single_direct_observation	invoker	true	true		invoker0	openwhisk_invoker	29163	dc3bbf2d0b0e9959f824f165a9be9bbd	1784761208330000000	19831542481160	openwhisk_invoker_jvm_mono	recovery/openwhisk/capture/invokers.filtered.log	545
asyncs-openwhisk-direct-event-v1	C5	asyncs	dynamic-html-derived-v1	238	1	e982cde46cf1496c82cde46cf1f96c48	OW120	1	1	true	single_direct_observation	controller	true	true		controller0	openwhisk_controller	1	4929225e57dcfeda9010785e11967a00	1784761206346000000	19829501835279	openwhisk_controller_jvm_mono	recovery/openwhisk/capture/controller.filtered.log	475
asyncs-openwhisk-direct-event-v1	C5	asyncs	dynamic-html-derived-v1	238	1	e982cde46cf1496c82cde46cf1f96c48	OW150	1	1	true	single_direct_observation	controller	true	true		controller0	openwhisk_controller	1	4929225e57dcfeda9010785e11967a00	1784761206346000000	19829501853569	openwhisk_controller_jvm_mono	recovery/openwhisk/capture/controller.filtered.log	476
asyncs-openwhisk-direct-event-v1	C5	asyncs	dynamic-html-derived-v1	238	1	e982cde46cf1496c82cde46cf1f96c48	OW260	1	1	true	single_direct_observation	scheduler	true	true		scheduler0	openwhisk_scheduler	1	4929225e57dcfeda9010785e11967a00	1784761206359000000	19829515146096	openwhisk_scheduler_jvm_mono	recovery/openwhisk/capture/scheduler.filtered.log	708
asyncs-openwhisk-direct-event-v1	C5	asyncs	dynamic-html-derived-v1	238	1	e982cde46cf1496c82cde46cf1f96c48	OW300	1	2	true	latest_ow300_not_after_ow310_tie_first_source_line	scheduler	true	true		scheduler0	openwhisk_scheduler	1	4929225e57dcfeda9010785e11967a00	1784761206359000000	19829515309902	openwhisk_scheduler_jvm_mono	recovery/openwhisk/capture/scheduler.filtered.log	709
asyncs-openwhisk-direct-event-v1	C5	asyncs	dynamic-html-derived-v1	238	1	e982cde46cf1496c82cde46cf1f96c48	OW300	2	2	false	latest_ow300_not_after_ow310_tie_first_source_line	scheduler	true	true		scheduler0	openwhisk_scheduler	1	4929225e57dcfeda9010785e11967a00	1784761206359000000	19829515347948	openwhisk_scheduler_jvm_mono	recovery/openwhisk/capture/scheduler.filtered.log	710
asyncs-openwhisk-direct-event-v1	C5	asyncs	dynamic-html-derived-v1	238	1	e982cde46cf1496c82cde46cf1f96c48	OW310	1	1	true	single_direct_observation	invoker	true	true		invoker0	openwhisk_invoker	29163	4929225e57dcfeda9010785e11967a00	1784761206362000000	19829574970944	openwhisk_invoker_jvm_mono	recovery/openwhisk/capture/invokers.filtered.log	522
asyncs-openwhisk-direct-event-v1	C5	asyncs	dynamic-html-derived-v1	238	1	e982cde46cf1496c82cde46cf1f96c48	OW800	1	1	true	single_direct_observation	invoker	true	true		invoker0	openwhisk_invoker	29163	4929225e57dcfeda9010785e11967a00	1784761206705000000	19829917883986	openwhisk_invoker_jvm_mono	recovery/openwhisk/capture/invokers.filtered.log	525
asyncs-openwhisk-direct-event-v1	C5	asyncs	dynamic-html-derived-v1	142	1	eb5c2f9093954d549c2f909395ed54ff	OW120	1	1	true	single_direct_observation	controller	true	true		controller0	openwhisk_controller	1	138ea4b92355169da223c2b4b1b2ce57	1784761189364000000	19812520038141	openwhisk_controller_jvm_mono	recovery/openwhisk/capture/controller.filtered.log	283
asyncs-openwhisk-direct-event-v1	C5	asyncs	dynamic-html-derived-v1	142	1	eb5c2f9093954d549c2f909395ed54ff	OW150	1	1	true	single_direct_observation	controller	true	true		controller0	openwhisk_controller	1	138ea4b92355169da223c2b4b1b2ce57	1784761189364000000	19812520078722	openwhisk_controller_jvm_mono	recovery/openwhisk/capture/controller.filtered.log	284
asyncs-openwhisk-direct-event-v1	C5	asyncs	dynamic-html-derived-v1	142	1	eb5c2f9093954d549c2f909395ed54ff	OW260	1	1	true	single_direct_observation	scheduler	true	true		scheduler0	openwhisk_scheduler	1	138ea4b92355169da223c2b4b1b2ce57	1784761189371000000	19812527054755	openwhisk_scheduler_jvm_mono	recovery/openwhisk/capture/scheduler.filtered.log	420
asyncs-openwhisk-direct-event-v1	C5	asyncs	dynamic-html-derived-v1	142	1	eb5c2f9093954d549c2f909395ed54ff	OW300	1	2	true	latest_ow300_not_after_ow310_tie_first_source_line	scheduler	true	true		scheduler0	openwhisk_scheduler	1	138ea4b92355169da223c2b4b1b2ce57	1784761189371000000	19812527263254	openwhisk_scheduler_jvm_mono	recovery/openwhisk/capture/scheduler.filtered.log	421
asyncs-openwhisk-direct-event-v1	C5	asyncs	dynamic-html-derived-v1	142	1	eb5c2f9093954d549c2f909395ed54ff	OW300	2	2	false	latest_ow300_not_after_ow310_tie_first_source_line	scheduler	true	true		scheduler0	openwhisk_scheduler	1	138ea4b92355169da223c2b4b1b2ce57	1784761189371000000	19812527308905	openwhisk_scheduler_jvm_mono	recovery/openwhisk/capture/scheduler.filtered.log	422
asyncs-openwhisk-direct-event-v1	C5	asyncs	dynamic-html-derived-v1	142	1	eb5c2f9093954d549c2f909395ed54ff	OW310	1	1	true	single_direct_observation	invoker	true	true		invoker0	openwhisk_invoker	29163	138ea4b92355169da223c2b4b1b2ce57	1784761189376000000	19812588451939	openwhisk_invoker_jvm_mono	recovery/openwhisk/capture/invokers.filtered.log	322
asyncs-openwhisk-direct-event-v1	C5	asyncs	dynamic-html-derived-v1	142	1	eb5c2f9093954d549c2f909395ed54ff	OW800	1	1	true	single_direct_observation	invoker	true	true		invoker0	openwhisk_invoker	29163	138ea4b92355169da223c2b4b1b2ce57	1784761189722000000	19812934483196	openwhisk_invoker_jvm_mono	recovery/openwhisk/capture/invokers.filtered.log	325
asyncs-openwhisk-direct-event-v1	C5	asyncs	dynamic-html-derived-v1	74	1	eba186c438584860a186c43858b86000	OW120	1	1	true	single_direct_observation	controller	true	true		controller0	openwhisk_controller	1	96ad1df444c978f95c46ad6d3112607b	1784761177248000000	19800404312817	openwhisk_controller_jvm_mono	recovery/openwhisk/capture/controller.filtered.log	147
asyncs-openwhisk-direct-event-v1	C5	asyncs	dynamic-html-derived-v1	74	1	eba186c438584860a186c43858b86000	OW150	1	1	true	single_direct_observation	controller	true	true		controller0	openwhisk_controller	1	96ad1df444c978f95c46ad6d3112607b	1784761177248000000	19800404415651	openwhisk_controller_jvm_mono	recovery/openwhisk/capture/controller.filtered.log	148
asyncs-openwhisk-direct-event-v1	C5	asyncs	dynamic-html-derived-v1	74	1	eba186c438584860a186c43858b86000	OW260	1	1	true	single_direct_observation	scheduler	true	true		scheduler0	openwhisk_scheduler	1	96ad1df444c978f95c46ad6d3112607b	1784761177253000000	19800408485757	openwhisk_scheduler_jvm_mono	recovery/openwhisk/capture/scheduler.filtered.log	216
asyncs-openwhisk-direct-event-v1	C5	asyncs	dynamic-html-derived-v1	74	1	eba186c438584860a186c43858b86000	OW300	1	2	true	latest_ow300_not_after_ow310_tie_first_source_line	scheduler	true	true		scheduler0	openwhisk_scheduler	1	96ad1df444c978f95c46ad6d3112607b	1784761177253000000	19800408633453	openwhisk_scheduler_jvm_mono	recovery/openwhisk/capture/scheduler.filtered.log	217
asyncs-openwhisk-direct-event-v1	C5	asyncs	dynamic-html-derived-v1	74	1	eba186c438584860a186c43858b86000	OW300	2	2	false	latest_ow300_not_after_ow310_tie_first_source_line	scheduler	true	true		scheduler0	openwhisk_scheduler	1	96ad1df444c978f95c46ad6d3112607b	1784761177253000000	19800408664154	openwhisk_scheduler_jvm_mono	recovery/openwhisk/capture/scheduler.filtered.log	218
asyncs-openwhisk-direct-event-v1	C5	asyncs	dynamic-html-derived-v1	74	1	eba186c438584860a186c43858b86000	OW310	1	1	true	single_direct_observation	invoker	true	true		invoker0	openwhisk_invoker	29163	96ad1df444c978f95c46ad6d3112607b	1784761177255000000	19800468066240	openwhisk_invoker_jvm_mono	recovery/openwhisk/capture/invokers.filtered.log	177
asyncs-openwhisk-direct-event-v1	C5	asyncs	dynamic-html-derived-v1	74	1	eba186c438584860a186c43858b86000	OW800	1	1	true	single_direct_observation	invoker	true	true		invoker0	openwhisk_invoker	29163	96ad1df444c978f95c46ad6d3112607b	1784761177604000000	19800816705855	openwhisk_invoker_jvm_mono	recovery/openwhisk/capture/invokers.filtered.log	180
asyncs-openwhisk-direct-event-v1	C5	asyncs	dynamic-html-derived-v1	99	1	ebc04f0e71584364804f0e7158236441	OW120	1	1	true	single_direct_observation	controller	true	true		controller0	openwhisk_controller	1	f20eacc12a4be68913f706e9c0106e16	1784761181485000000	19804640841128	openwhisk_controller_jvm_mono	recovery/openwhisk/capture/controller.filtered.log	197
asyncs-openwhisk-direct-event-v1	C5	asyncs	dynamic-html-derived-v1	99	1	ebc04f0e71584364804f0e7158236441	OW150	1	1	true	single_direct_observation	controller	true	true		controller0	openwhisk_controller	1	f20eacc12a4be68913f706e9c0106e16	1784761181485000000	19804640889465	openwhisk_controller_jvm_mono	recovery/openwhisk/capture/controller.filtered.log	198
asyncs-openwhisk-direct-event-v1	C5	asyncs	dynamic-html-derived-v1	99	1	ebc04f0e71584364804f0e7158236441	OW260	1	1	true	single_direct_observation	scheduler	true	true		scheduler0	openwhisk_scheduler	1	f20eacc12a4be68913f706e9c0106e16	1784761181488000000	19804644414062	openwhisk_scheduler_jvm_mono	recovery/openwhisk/capture/scheduler.filtered.log	291
asyncs-openwhisk-direct-event-v1	C5	asyncs	dynamic-html-derived-v1	99	1	ebc04f0e71584364804f0e7158236441	OW300	1	2	true	latest_ow300_not_after_ow310_tie_first_source_line	scheduler	true	true		scheduler0	openwhisk_scheduler	1	f20eacc12a4be68913f706e9c0106e16	1784761181489000000	19804644545032	openwhisk_scheduler_jvm_mono	recovery/openwhisk/capture/scheduler.filtered.log	292
asyncs-openwhisk-direct-event-v1	C5	asyncs	dynamic-html-derived-v1	99	1	ebc04f0e71584364804f0e7158236441	OW300	2	2	false	latest_ow300_not_after_ow310_tie_first_source_line	scheduler	true	true		scheduler0	openwhisk_scheduler	1	f20eacc12a4be68913f706e9c0106e16	1784761181489000000	19804644574253	openwhisk_scheduler_jvm_mono	recovery/openwhisk/capture/scheduler.filtered.log	293
asyncs-openwhisk-direct-event-v1	C5	asyncs	dynamic-html-derived-v1	99	1	ebc04f0e71584364804f0e7158236441	OW310	1	1	true	single_direct_observation	invoker	true	true		invoker2	openwhisk_invoker	26523	f20eacc12a4be68913f706e9c0106e16	1784761181491000000	19803646287764	openwhisk_invoker_jvm_mono	recovery/openwhisk/capture/invokers.filtered.log	915
asyncs-openwhisk-direct-event-v1	C5	asyncs	dynamic-html-derived-v1	99	1	ebc04f0e71584364804f0e7158236441	OW800	1	1	true	single_direct_observation	invoker	true	true		invoker2	openwhisk_invoker	26523	f20eacc12a4be68913f706e9c0106e16	1784761182043000000	19804198238527	openwhisk_invoker_jvm_mono	recovery/openwhisk/capture/invokers.filtered.log	923
asyncs-openwhisk-direct-event-v1	C5	asyncs	dynamic-html-derived-v1	283	1	ec5d785e228a47e89d785e228a07e853	OW120	1	1	true	single_direct_observation	controller	true	true		controller0	openwhisk_controller	1	cb877848b0c05de481b7722e80ab3aff	1784761214012000000	19837168337963	openwhisk_controller_jvm_mono	recovery/openwhisk/capture/controller.filtered.log	565
asyncs-openwhisk-direct-event-v1	C5	asyncs	dynamic-html-derived-v1	283	1	ec5d785e228a47e89d785e228a07e853	OW150	1	1	true	single_direct_observation	controller	true	true		controller0	openwhisk_controller	1	cb877848b0c05de481b7722e80ab3aff	1784761214012000000	19837168365359	openwhisk_controller_jvm_mono	recovery/openwhisk/capture/controller.filtered.log	566
asyncs-openwhisk-direct-event-v1	C5	asyncs	dynamic-html-derived-v1	283	1	ec5d785e228a47e89d785e228a07e853	OW260	1	1	true	single_direct_observation	scheduler	true	true		scheduler0	openwhisk_scheduler	1	cb877848b0c05de481b7722e80ab3aff	1784761214016000000	19837171614107	openwhisk_scheduler_jvm_mono	recovery/openwhisk/capture/scheduler.filtered.log	843
asyncs-openwhisk-direct-event-v1	C5	asyncs	dynamic-html-derived-v1	283	1	ec5d785e228a47e89d785e228a07e853	OW300	1	2	true	latest_ow300_not_after_ow310_tie_first_source_line	scheduler	true	true		scheduler0	openwhisk_scheduler	1	cb877848b0c05de481b7722e80ab3aff	1784761214016000000	19837171756974	openwhisk_scheduler_jvm_mono	recovery/openwhisk/capture/scheduler.filtered.log	844
asyncs-openwhisk-direct-event-v1	C5	asyncs	dynamic-html-derived-v1	283	1	ec5d785e228a47e89d785e228a07e853	OW300	2	2	false	latest_ow300_not_after_ow310_tie_first_source_line	scheduler	true	true		scheduler0	openwhisk_scheduler	1	cb877848b0c05de481b7722e80ab3aff	1784761214016000000	19837171829963	openwhisk_scheduler_jvm_mono	recovery/openwhisk/capture/scheduler.filtered.log	845
asyncs-openwhisk-direct-event-v1	C5	asyncs	dynamic-html-derived-v1	283	1	ec5d785e228a47e89d785e228a07e853	OW310	1	1	true	single_direct_observation	invoker	true	true		invoker2	openwhisk_invoker	26523	cb877848b0c05de481b7722e80ab3aff	1784761214018000000	19836173507907	openwhisk_invoker_jvm_mono	recovery/openwhisk/capture/invokers.filtered.log	1450
asyncs-openwhisk-direct-event-v1	C5	asyncs	dynamic-html-derived-v1	283	1	ec5d785e228a47e89d785e228a07e853	OW800	1	1	true	single_direct_observation	invoker	true	true		invoker2	openwhisk_invoker	26523	cb877848b0c05de481b7722e80ab3aff	1784761214531000000	19836686107370	openwhisk_invoker_jvm_mono	recovery/openwhisk/capture/invokers.filtered.log	1458
asyncs-openwhisk-direct-event-v1	C5	asyncs	dynamic-html-derived-v1	229	1	ecc34cdf07b84576834cdf07b8c57635	OW120	1	1	true	single_direct_observation	controller	true	true		controller0	openwhisk_controller	1	a440747e0491613ebab9aa61b021c8da	1784761204705000000	19827861304783	openwhisk_controller_jvm_mono	recovery/openwhisk/capture/controller.filtered.log	457
asyncs-openwhisk-direct-event-v1	C5	asyncs	dynamic-html-derived-v1	229	1	ecc34cdf07b84576834cdf07b8c57635	OW150	1	1	true	single_direct_observation	controller	true	true		controller0	openwhisk_controller	1	a440747e0491613ebab9aa61b021c8da	1784761204705000000	19827861377599	openwhisk_controller_jvm_mono	recovery/openwhisk/capture/controller.filtered.log	458
asyncs-openwhisk-direct-event-v1	C5	asyncs	dynamic-html-derived-v1	229	1	ecc34cdf07b84576834cdf07b8c57635	OW260	1	1	true	single_direct_observation	scheduler	true	true		scheduler0	openwhisk_scheduler	1	a440747e0491613ebab9aa61b021c8da	1784761204711000000	19827867442510	openwhisk_scheduler_jvm_mono	recovery/openwhisk/capture/scheduler.filtered.log	681
asyncs-openwhisk-direct-event-v1	C5	asyncs	dynamic-html-derived-v1	229	1	ecc34cdf07b84576834cdf07b8c57635	OW300	1	2	true	latest_ow300_not_after_ow310_tie_first_source_line	scheduler	true	true		scheduler0	openwhisk_scheduler	1	a440747e0491613ebab9aa61b021c8da	1784761204712000000	19827867583095	openwhisk_scheduler_jvm_mono	recovery/openwhisk/capture/scheduler.filtered.log	682
asyncs-openwhisk-direct-event-v1	C5	asyncs	dynamic-html-derived-v1	229	1	ecc34cdf07b84576834cdf07b8c57635	OW300	2	2	false	latest_ow300_not_after_ow310_tie_first_source_line	scheduler	true	true		scheduler0	openwhisk_scheduler	1	a440747e0491613ebab9aa61b021c8da	1784761204712000000	19827867657966	openwhisk_scheduler_jvm_mono	recovery/openwhisk/capture/scheduler.filtered.log	683
asyncs-openwhisk-direct-event-v1	C5	asyncs	dynamic-html-derived-v1	229	1	ecc34cdf07b84576834cdf07b8c57635	OW310	1	1	true	single_direct_observation	invoker	true	true		invoker2	openwhisk_invoker	26523	a440747e0491613ebab9aa61b021c8da	1784761204717000000	19826872642828	openwhisk_invoker_jvm_mono	recovery/openwhisk/capture/invokers.filtered.log	1293
asyncs-openwhisk-direct-event-v1	C5	asyncs	dynamic-html-derived-v1	229	1	ecc34cdf07b84576834cdf07b8c57635	OW800	1	1	true	single_direct_observation	invoker	true	true		invoker2	openwhisk_invoker	26523	a440747e0491613ebab9aa61b021c8da	1784761205169000000	19827324785258	openwhisk_invoker_jvm_mono	recovery/openwhisk/capture/invokers.filtered.log	1298
asyncs-openwhisk-direct-event-v1	C5	asyncs	dynamic-html-derived-v1	145	1	ed8f0df6355941e98f0df6355961e9fb	OW120	1	1	true	single_direct_observation	controller	true	true		controller0	openwhisk_controller	1	e3b06aa926ed7f87617545d1fb389718	1784761189759000000	19812914833323	openwhisk_controller_jvm_mono	recovery/openwhisk/capture/controller.filtered.log	289
asyncs-openwhisk-direct-event-v1	C5	asyncs	dynamic-html-derived-v1	145	1	ed8f0df6355941e98f0df6355961e9fb	OW150	1	1	true	single_direct_observation	controller	true	true		controller0	openwhisk_controller	1	e3b06aa926ed7f87617545d1fb389718	1784761189759000000	19812914861756	openwhisk_controller_jvm_mono	recovery/openwhisk/capture/controller.filtered.log	290
asyncs-openwhisk-direct-event-v1	C5	asyncs	dynamic-html-derived-v1	145	1	ed8f0df6355941e98f0df6355961e9fb	OW260	1	1	true	single_direct_observation	scheduler	true	true		scheduler0	openwhisk_scheduler	1	e3b06aa926ed7f87617545d1fb389718	1784761189762000000	19812918346765	openwhisk_scheduler_jvm_mono	recovery/openwhisk/capture/scheduler.filtered.log	429
asyncs-openwhisk-direct-event-v1	C5	asyncs	dynamic-html-derived-v1	145	1	ed8f0df6355941e98f0df6355961e9fb	OW300	1	2	true	latest_ow300_not_after_ow310_tie_first_source_line	scheduler	true	true		scheduler0	openwhisk_scheduler	1	e3b06aa926ed7f87617545d1fb389718	1784761189763000000	19812918507368	openwhisk_scheduler_jvm_mono	recovery/openwhisk/capture/scheduler.filtered.log	430
asyncs-openwhisk-direct-event-v1	C5	asyncs	dynamic-html-derived-v1	145	1	ed8f0df6355941e98f0df6355961e9fb	OW300	2	2	false	latest_ow300_not_after_ow310_tie_first_source_line	scheduler	true	true		scheduler0	openwhisk_scheduler	1	e3b06aa926ed7f87617545d1fb389718	1784761189763000000	19812918566444	openwhisk_scheduler_jvm_mono	recovery/openwhisk/capture/scheduler.filtered.log	431
asyncs-openwhisk-direct-event-v1	C5	asyncs	dynamic-html-derived-v1	145	1	ed8f0df6355941e98f0df6355961e9fb	OW310	1	1	true	single_direct_observation	invoker	true	true		invoker0	openwhisk_invoker	29163	e3b06aa926ed7f87617545d1fb389718	1784761189765000000	19812977610160	openwhisk_invoker_jvm_mono	recovery/openwhisk/capture/invokers.filtered.log	327
asyncs-openwhisk-direct-event-v1	C5	asyncs	dynamic-html-derived-v1	145	1	ed8f0df6355941e98f0df6355961e9fb	OW800	1	1	true	single_direct_observation	invoker	true	true		invoker0	openwhisk_invoker	29163	e3b06aa926ed7f87617545d1fb389718	1784761190108000000	19813321041735	openwhisk_invoker_jvm_mono	recovery/openwhisk/capture/invokers.filtered.log	330
asyncs-openwhisk-direct-event-v1	C5	asyncs	dynamic-html-derived-v1	120	1	efaeb7b351604225aeb7b351604225c6	OW120	1	1	true	single_direct_observation	controller	true	true		controller0	openwhisk_controller	1	490e6555b730fcb04f09f4f264c9376e	1784761185221000000	19808376592862	openwhisk_controller_jvm_mono	recovery/openwhisk/capture/controller.filtered.log	239
asyncs-openwhisk-direct-event-v1	C5	asyncs	dynamic-html-derived-v1	120	1	efaeb7b351604225aeb7b351604225c6	OW150	1	1	true	single_direct_observation	controller	true	true		controller0	openwhisk_controller	1	490e6555b730fcb04f09f4f264c9376e	1784761185221000000	19808376633898	openwhisk_controller_jvm_mono	recovery/openwhisk/capture/controller.filtered.log	240
asyncs-openwhisk-direct-event-v1	C5	asyncs	dynamic-html-derived-v1	120	1	efaeb7b351604225aeb7b351604225c6	OW260	1	1	true	single_direct_observation	scheduler	true	true		scheduler0	openwhisk_scheduler	1	490e6555b730fcb04f09f4f264c9376e	1784761185224000000	19808380032114	openwhisk_scheduler_jvm_mono	recovery/openwhisk/capture/scheduler.filtered.log	354
asyncs-openwhisk-direct-event-v1	C5	asyncs	dynamic-html-derived-v1	120	1	efaeb7b351604225aeb7b351604225c6	OW300	1	2	true	latest_ow300_not_after_ow310_tie_first_source_line	scheduler	true	true		scheduler0	openwhisk_scheduler	1	490e6555b730fcb04f09f4f264c9376e	1784761185224000000	19808380146947	openwhisk_scheduler_jvm_mono	recovery/openwhisk/capture/scheduler.filtered.log	355
asyncs-openwhisk-direct-event-v1	C5	asyncs	dynamic-html-derived-v1	120	1	efaeb7b351604225aeb7b351604225c6	OW300	2	2	false	latest_ow300_not_after_ow310_tie_first_source_line	scheduler	true	true		scheduler0	openwhisk_scheduler	1	490e6555b730fcb04f09f4f264c9376e	1784761185224000000	19808380195217	openwhisk_scheduler_jvm_mono	recovery/openwhisk/capture/scheduler.filtered.log	356
asyncs-openwhisk-direct-event-v1	C5	asyncs	dynamic-html-derived-v1	120	1	efaeb7b351604225aeb7b351604225c6	OW310	1	1	true	single_direct_observation	invoker	true	true		invoker2	openwhisk_invoker	26523	490e6555b730fcb04f09f4f264c9376e	1784761185227000000	19807381862062	openwhisk_invoker_jvm_mono	recovery/openwhisk/capture/invokers.filtered.log	975
asyncs-openwhisk-direct-event-v1	C5	asyncs	dynamic-html-derived-v1	120	1	efaeb7b351604225aeb7b351604225c6	OW800	1	1	true	single_direct_observation	invoker	true	true		invoker2	openwhisk_invoker	26523	490e6555b730fcb04f09f4f264c9376e	1784761185747000000	19807902459683	openwhisk_invoker_jvm_mono	recovery/openwhisk/capture/invokers.filtered.log	981
asyncs-openwhisk-direct-event-v1	C5	asyncs	dynamic-html-derived-v1	286	1	efbd52271a144154bd52271a14915499	OW120	1	1	true	single_direct_observation	controller	true	true		controller0	openwhisk_controller	1	7c4a1361c0c08b460bcff3ce61de866b	1784761214560000000	19837716310694	openwhisk_controller_jvm_mono	recovery/openwhisk/capture/controller.filtered.log	571
asyncs-openwhisk-direct-event-v1	C5	asyncs	dynamic-html-derived-v1	286	1	efbd52271a144154bd52271a14915499	OW150	1	1	true	single_direct_observation	controller	true	true		controller0	openwhisk_controller	1	7c4a1361c0c08b460bcff3ce61de866b	1784761214560000000	19837716340621	openwhisk_controller_jvm_mono	recovery/openwhisk/capture/controller.filtered.log	572
asyncs-openwhisk-direct-event-v1	C5	asyncs	dynamic-html-derived-v1	286	1	efbd52271a144154bd52271a14915499	OW260	1	1	true	single_direct_observation	scheduler	true	true		scheduler0	openwhisk_scheduler	1	7c4a1361c0c08b460bcff3ce61de866b	1784761214571000000	19837726480093	openwhisk_scheduler_jvm_mono	recovery/openwhisk/capture/scheduler.filtered.log	852
asyncs-openwhisk-direct-event-v1	C5	asyncs	dynamic-html-derived-v1	286	1	efbd52271a144154bd52271a14915499	OW300	1	2	true	latest_ow300_not_after_ow310_tie_first_source_line	scheduler	true	true		scheduler0	openwhisk_scheduler	1	7c4a1361c0c08b460bcff3ce61de866b	1784761214571000000	19837726594545	openwhisk_scheduler_jvm_mono	recovery/openwhisk/capture/scheduler.filtered.log	853
asyncs-openwhisk-direct-event-v1	C5	asyncs	dynamic-html-derived-v1	286	1	efbd52271a144154bd52271a14915499	OW300	2	2	false	latest_ow300_not_after_ow310_tie_first_source_line	scheduler	true	true		scheduler0	openwhisk_scheduler	1	7c4a1361c0c08b460bcff3ce61de866b	1784761214571000000	19837726623259	openwhisk_scheduler_jvm_mono	recovery/openwhisk/capture/scheduler.filtered.log	854
asyncs-openwhisk-direct-event-v1	C5	asyncs	dynamic-html-derived-v1	286	1	efbd52271a144154bd52271a14915499	OW310	1	1	true	single_direct_observation	invoker	true	true		invoker2	openwhisk_invoker	26523	7c4a1361c0c08b460bcff3ce61de866b	1784761214573000000	19836728032877	openwhisk_invoker_jvm_mono	recovery/openwhisk/capture/invokers.filtered.log	1460
asyncs-openwhisk-direct-event-v1	C5	asyncs	dynamic-html-derived-v1	286	1	efbd52271a144154bd52271a14915499	OW800	1	1	true	single_direct_observation	invoker	true	true		invoker2	openwhisk_invoker	26523	7c4a1361c0c08b460bcff3ce61de866b	1784761215079000000	19837234286303	openwhisk_invoker_jvm_mono	recovery/openwhisk/capture/invokers.filtered.log	1468
asyncs-openwhisk-direct-event-v1	C5	asyncs	dynamic-html-derived-v1	292	1	effb27b19e8d4e2dbb27b19e8d9e2d77	OW120	1	1	true	single_direct_observation	controller	true	true		controller0	openwhisk_controller	1	7c7595259d8a6b647073c769b6073a21	1784761215493000000	19838649048817	openwhisk_controller_jvm_mono	recovery/openwhisk/capture/controller.filtered.log	583
asyncs-openwhisk-direct-event-v1	C5	asyncs	dynamic-html-derived-v1	292	1	effb27b19e8d4e2dbb27b19e8d9e2d77	OW150	1	1	true	single_direct_observation	controller	true	true		controller0	openwhisk_controller	1	7c7595259d8a6b647073c769b6073a21	1784761215493000000	19838649075575	openwhisk_controller_jvm_mono	recovery/openwhisk/capture/controller.filtered.log	584
asyncs-openwhisk-direct-event-v1	C5	asyncs	dynamic-html-derived-v1	292	1	effb27b19e8d4e2dbb27b19e8d9e2d77	OW260	1	1	true	single_direct_observation	scheduler	true	true		scheduler0	openwhisk_scheduler	1	7c7595259d8a6b647073c769b6073a21	1784761215499000000	19838654845248	openwhisk_scheduler_jvm_mono	recovery/openwhisk/capture/scheduler.filtered.log	870
asyncs-openwhisk-direct-event-v1	C5	asyncs	dynamic-html-derived-v1	292	1	effb27b19e8d4e2dbb27b19e8d9e2d77	OW300	1	2	true	latest_ow300_not_after_ow310_tie_first_source_line	scheduler	true	true		scheduler0	openwhisk_scheduler	1	7c7595259d8a6b647073c769b6073a21	1784761215499000000	19838654978212	openwhisk_scheduler_jvm_mono	recovery/openwhisk/capture/scheduler.filtered.log	871
asyncs-openwhisk-direct-event-v1	C5	asyncs	dynamic-html-derived-v1	292	1	effb27b19e8d4e2dbb27b19e8d9e2d77	OW300	2	2	false	latest_ow300_not_after_ow310_tie_first_source_line	scheduler	true	true		scheduler0	openwhisk_scheduler	1	7c7595259d8a6b647073c769b6073a21	1784761215499000000	19838655010327	openwhisk_scheduler_jvm_mono	recovery/openwhisk/capture/scheduler.filtered.log	872
asyncs-openwhisk-direct-event-v1	C5	asyncs	dynamic-html-derived-v1	292	1	effb27b19e8d4e2dbb27b19e8d9e2d77	OW310	1	1	true	single_direct_observation	invoker	true	true		invoker0	openwhisk_invoker	29163	7c7595259d8a6b647073c769b6073a21	1784761215501000000	19838713516361	openwhisk_invoker_jvm_mono	recovery/openwhisk/capture/invokers.filtered.log	632
asyncs-openwhisk-direct-event-v1	C5	asyncs	dynamic-html-derived-v1	292	1	effb27b19e8d4e2dbb27b19e8d9e2d77	OW800	1	1	true	single_direct_observation	invoker	true	true		invoker0	openwhisk_invoker	29163	7c7595259d8a6b647073c769b6073a21	1784761215847000000	19839060187079	openwhisk_invoker_jvm_mono	recovery/openwhisk/capture/invokers.filtered.log	635
asyncs-openwhisk-direct-event-v1	C5	asyncs	dynamic-html-derived-v1	88	1	f09caeb7b6984a1d9caeb7b6982a1d34	OW120	1	1	true	single_direct_observation	controller	true	true		controller0	openwhisk_controller	1	af8ca68c4642bcf472b4c3192e9988be	1784761179596000000	19802751482690	openwhisk_controller_jvm_mono	recovery/openwhisk/capture/controller.filtered.log	175
asyncs-openwhisk-direct-event-v1	C5	asyncs	dynamic-html-derived-v1	88	1	f09caeb7b6984a1d9caeb7b6982a1d34	OW150	1	1	true	single_direct_observation	controller	true	true		controller0	openwhisk_controller	1	af8ca68c4642bcf472b4c3192e9988be	1784761179596000000	19802751526972	openwhisk_controller_jvm_mono	recovery/openwhisk/capture/controller.filtered.log	176
asyncs-openwhisk-direct-event-v1	C5	asyncs	dynamic-html-derived-v1	88	1	f09caeb7b6984a1d9caeb7b6982a1d34	OW260	1	1	true	single_direct_observation	scheduler	true	true		scheduler0	openwhisk_scheduler	1	af8ca68c4642bcf472b4c3192e9988be	1784761179599000000	19802755130532	openwhisk_scheduler_jvm_mono	recovery/openwhisk/capture/scheduler.filtered.log	258
asyncs-openwhisk-direct-event-v1	C5	asyncs	dynamic-html-derived-v1	88	1	f09caeb7b6984a1d9caeb7b6982a1d34	OW300	1	2	true	latest_ow300_not_after_ow310_tie_first_source_line	scheduler	true	true		scheduler0	openwhisk_scheduler	1	af8ca68c4642bcf472b4c3192e9988be	1784761179599000000	19802755305670	openwhisk_scheduler_jvm_mono	recovery/openwhisk/capture/scheduler.filtered.log	259
asyncs-openwhisk-direct-event-v1	C5	asyncs	dynamic-html-derived-v1	88	1	f09caeb7b6984a1d9caeb7b6982a1d34	OW300	2	2	false	latest_ow300_not_after_ow310_tie_first_source_line	scheduler	true	true		scheduler0	openwhisk_scheduler	1	af8ca68c4642bcf472b4c3192e9988be	1784761179599000000	19802755345335	openwhisk_scheduler_jvm_mono	recovery/openwhisk/capture/scheduler.filtered.log	260
asyncs-openwhisk-direct-event-v1	C5	asyncs	dynamic-html-derived-v1	88	1	f09caeb7b6984a1d9caeb7b6982a1d34	OW310	1	1	true	single_direct_observation	invoker	true	true		invoker0	openwhisk_invoker	29163	af8ca68c4642bcf472b4c3192e9988be	1784761179603000000	19802815383727	openwhisk_invoker_jvm_mono	recovery/openwhisk/capture/invokers.filtered.log	207
asyncs-openwhisk-direct-event-v1	C5	asyncs	dynamic-html-derived-v1	88	1	f09caeb7b6984a1d9caeb7b6982a1d34	OW800	1	1	true	single_direct_observation	invoker	true	true		invoker0	openwhisk_invoker	29163	af8ca68c4642bcf472b4c3192e9988be	1784761179947000000	19803159551105	openwhisk_invoker_jvm_mono	recovery/openwhisk/capture/invokers.filtered.log	210
asyncs-openwhisk-direct-event-v1	C5	asyncs	dynamic-html-derived-v1	30	1	f0f9eef95e8a4611b9eef95e8a16119e	OW120	1	1	true	single_direct_observation	controller	true	true		controller0	openwhisk_controller	1	ecf767537f56839079f364b0f7afefda	1784761169797000000	19792952690046	openwhisk_controller_jvm_mono	recovery/openwhisk/capture/controller.filtered.log	59
asyncs-openwhisk-direct-event-v1	C5	asyncs	dynamic-html-derived-v1	30	1	f0f9eef95e8a4611b9eef95e8a16119e	OW150	1	1	true	single_direct_observation	controller	true	true		controller0	openwhisk_controller	1	ecf767537f56839079f364b0f7afefda	1784761169797000000	19792952806712	openwhisk_controller_jvm_mono	recovery/openwhisk/capture/controller.filtered.log	60
asyncs-openwhisk-direct-event-v1	C5	asyncs	dynamic-html-derived-v1	30	1	f0f9eef95e8a4611b9eef95e8a16119e	OW260	1	1	true	single_direct_observation	scheduler	true	true		scheduler0	openwhisk_scheduler	1	ecf767537f56839079f364b0f7afefda	1784761169801000000	19792956822822	openwhisk_scheduler_jvm_mono	recovery/openwhisk/capture/scheduler.filtered.log	84
asyncs-openwhisk-direct-event-v1	C5	asyncs	dynamic-html-derived-v1	30	1	f0f9eef95e8a4611b9eef95e8a16119e	OW300	1	2	true	latest_ow300_not_after_ow310_tie_first_source_line	scheduler	true	true		scheduler0	openwhisk_scheduler	1	ecf767537f56839079f364b0f7afefda	1784761169801000000	19792957157824	openwhisk_scheduler_jvm_mono	recovery/openwhisk/capture/scheduler.filtered.log	85
asyncs-openwhisk-direct-event-v1	C5	asyncs	dynamic-html-derived-v1	30	1	f0f9eef95e8a4611b9eef95e8a16119e	OW300	2	2	false	latest_ow300_not_after_ow310_tie_first_source_line	scheduler	true	true		scheduler0	openwhisk_scheduler	1	ecf767537f56839079f364b0f7afefda	1784761169801000000	19792957219672	openwhisk_scheduler_jvm_mono	recovery/openwhisk/capture/scheduler.filtered.log	86
asyncs-openwhisk-direct-event-v1	C5	asyncs	dynamic-html-derived-v1	30	1	f0f9eef95e8a4611b9eef95e8a16119e	OW310	1	1	true	single_direct_observation	invoker	true	true		invoker2	openwhisk_invoker	26523	ecf767537f56839079f364b0f7afefda	1784761169804000000	19791959450438	openwhisk_invoker_jvm_mono	recovery/openwhisk/capture/invokers.filtered.log	715
asyncs-openwhisk-direct-event-v1	C5	asyncs	dynamic-html-derived-v1	30	1	f0f9eef95e8a4611b9eef95e8a16119e	OW800	1	1	true	single_direct_observation	invoker	true	true		invoker2	openwhisk_invoker	26523	ecf767537f56839079f364b0f7afefda	1784761170336000000	19792491040585	openwhisk_invoker_jvm_mono	recovery/openwhisk/capture/invokers.filtered.log	723
asyncs-openwhisk-direct-event-v1	C5	asyncs	dynamic-html-derived-v1	37	1	f1372ada40f34be7b72ada40f3fbe7e3	OW120	1	1	true	single_direct_observation	controller	true	true		controller0	openwhisk_controller	1	af24df7071172c10bd824dba774f5a11	1784761170960000000	19794116283008	openwhisk_controller_jvm_mono	recovery/openwhisk/capture/controller.filtered.log	73
asyncs-openwhisk-direct-event-v1	C5	asyncs	dynamic-html-derived-v1	37	1	f1372ada40f34be7b72ada40f3fbe7e3	OW150	1	1	true	single_direct_observation	controller	true	true		controller0	openwhisk_controller	1	af24df7071172c10bd824dba774f5a11	1784761170960000000	19794116353055	openwhisk_controller_jvm_mono	recovery/openwhisk/capture/controller.filtered.log	74
asyncs-openwhisk-direct-event-v1	C5	asyncs	dynamic-html-derived-v1	37	1	f1372ada40f34be7b72ada40f3fbe7e3	OW260	1	1	true	single_direct_observation	scheduler	true	true		scheduler0	openwhisk_scheduler	1	af24df7071172c10bd824dba774f5a11	1784761170964000000	19794119815051	openwhisk_scheduler_jvm_mono	recovery/openwhisk/capture/scheduler.filtered.log	105
asyncs-openwhisk-direct-event-v1	C5	asyncs	dynamic-html-derived-v1	37	1	f1372ada40f34be7b72ada40f3fbe7e3	OW300	1	2	true	latest_ow300_not_after_ow310_tie_first_source_line	scheduler	true	true		scheduler0	openwhisk_scheduler	1	af24df7071172c10bd824dba774f5a11	1784761170964000000	19794119991351	openwhisk_scheduler_jvm_mono	recovery/openwhisk/capture/scheduler.filtered.log	106
asyncs-openwhisk-direct-event-v1	C5	asyncs	dynamic-html-derived-v1	37	1	f1372ada40f34be7b72ada40f3fbe7e3	OW300	2	2	false	latest_ow300_not_after_ow310_tie_first_source_line	scheduler	true	true		scheduler0	openwhisk_scheduler	1	af24df7071172c10bd824dba774f5a11	1784761170964000000	19794120040908	openwhisk_scheduler_jvm_mono	recovery/openwhisk/capture/scheduler.filtered.log	107
asyncs-openwhisk-direct-event-v1	C5	asyncs	dynamic-html-derived-v1	37	1	f1372ada40f34be7b72ada40f3fbe7e3	OW310	1	1	true	single_direct_observation	invoker	true	true		invoker2	openwhisk_invoker	26523	af24df7071172c10bd824dba774f5a11	1784761170967000000	19793122251388	openwhisk_invoker_jvm_mono	recovery/openwhisk/capture/invokers.filtered.log	735
asyncs-openwhisk-direct-event-v1	C5	asyncs	dynamic-html-derived-v1	37	1	f1372ada40f34be7b72ada40f3fbe7e3	OW800	1	1	true	single_direct_observation	invoker	true	true		invoker2	openwhisk_invoker	26523	af24df7071172c10bd824dba774f5a11	1784761171500000000	19793655175089	openwhisk_invoker_jvm_mono	recovery/openwhisk/capture/invokers.filtered.log	743
asyncs-openwhisk-direct-event-v1	C5	asyncs	dynamic-html-derived-v1	36	1	f2c2430cf0e94df582430cf0e94df598	OW120	1	1	true	single_direct_observation	controller	true	true		controller0	openwhisk_controller	1	f434a0d5a574b8e36fb0d18b7fec62cd	1784761170945000000	19794100875866	openwhisk_controller_jvm_mono	recovery/openwhisk/capture/controller.filtered.log	71
asyncs-openwhisk-direct-event-v1	C5	asyncs	dynamic-html-derived-v1	36	1	f2c2430cf0e94df582430cf0e94df598	OW150	1	1	true	single_direct_observation	controller	true	true		controller0	openwhisk_controller	1	f434a0d5a574b8e36fb0d18b7fec62cd	1784761170945000000	19794100913596	openwhisk_controller_jvm_mono	recovery/openwhisk/capture/controller.filtered.log	72
asyncs-openwhisk-direct-event-v1	C5	asyncs	dynamic-html-derived-v1	36	1	f2c2430cf0e94df582430cf0e94df598	OW260	1	1	true	single_direct_observation	scheduler	true	true		scheduler0	openwhisk_scheduler	1	f434a0d5a574b8e36fb0d18b7fec62cd	1784761170949000000	19794104856279	openwhisk_scheduler_jvm_mono	recovery/openwhisk/capture/scheduler.filtered.log	102
asyncs-openwhisk-direct-event-v1	C5	asyncs	dynamic-html-derived-v1	36	1	f2c2430cf0e94df582430cf0e94df598	OW300	1	2	true	latest_ow300_not_after_ow310_tie_first_source_line	scheduler	true	true		scheduler0	openwhisk_scheduler	1	f434a0d5a574b8e36fb0d18b7fec62cd	1784761170949000000	19794105007003	openwhisk_scheduler_jvm_mono	recovery/openwhisk/capture/scheduler.filtered.log	103
asyncs-openwhisk-direct-event-v1	C5	asyncs	dynamic-html-derived-v1	36	1	f2c2430cf0e94df582430cf0e94df598	OW300	2	2	false	latest_ow300_not_after_ow310_tie_first_source_line	scheduler	true	true		scheduler0	openwhisk_scheduler	1	f434a0d5a574b8e36fb0d18b7fec62cd	1784761170949000000	19794105050826	openwhisk_scheduler_jvm_mono	recovery/openwhisk/capture/scheduler.filtered.log	104
asyncs-openwhisk-direct-event-v1	C5	asyncs	dynamic-html-derived-v1	36	1	f2c2430cf0e94df582430cf0e94df598	OW310	1	1	true	single_direct_observation	invoker	true	true		invoker0	openwhisk_invoker	29163	f434a0d5a574b8e36fb0d18b7fec62cd	1784761170952000000	19794164411579	openwhisk_invoker_jvm_mono	recovery/openwhisk/capture/invokers.filtered.log	97
asyncs-openwhisk-direct-event-v1	C5	asyncs	dynamic-html-derived-v1	36	1	f2c2430cf0e94df582430cf0e94df598	OW800	1	1	true	single_direct_observation	invoker	true	true		invoker0	openwhisk_invoker	29163	f434a0d5a574b8e36fb0d18b7fec62cd	1784761171298000000	19794510435487	openwhisk_invoker_jvm_mono	recovery/openwhisk/capture/invokers.filtered.log	100
asyncs-openwhisk-direct-event-v1	C5	asyncs	dynamic-html-derived-v1	191	1	f34849e8b4b64d528849e8b4b6ad52f1	OW120	1	1	true	single_direct_observation	controller	true	true		controller0	openwhisk_controller	1	4eca2f795f1ebab853cebe4384b20987	1784761198157000000	19821313335883	openwhisk_controller_jvm_mono	recovery/openwhisk/capture/controller.filtered.log	381
asyncs-openwhisk-direct-event-v1	C5	asyncs	dynamic-html-derived-v1	191	1	f34849e8b4b64d528849e8b4b6ad52f1	OW150	1	1	true	single_direct_observation	controller	true	true		controller0	openwhisk_controller	1	4eca2f795f1ebab853cebe4384b20987	1784761198157000000	19821313368903	openwhisk_controller_jvm_mono	recovery/openwhisk/capture/controller.filtered.log	382
asyncs-openwhisk-direct-event-v1	C5	asyncs	dynamic-html-derived-v1	191	1	f34849e8b4b64d528849e8b4b6ad52f1	OW260	1	1	true	single_direct_observation	scheduler	true	true		scheduler0	openwhisk_scheduler	1	4eca2f795f1ebab853cebe4384b20987	1784761198162000000	19821318308229	openwhisk_scheduler_jvm_mono	recovery/openwhisk/capture/scheduler.filtered.log	567
asyncs-openwhisk-direct-event-v1	C5	asyncs	dynamic-html-derived-v1	191	1	f34849e8b4b64d528849e8b4b6ad52f1	OW300	1	2	true	latest_ow300_not_after_ow310_tie_first_source_line	scheduler	true	true		scheduler0	openwhisk_scheduler	1	4eca2f795f1ebab853cebe4384b20987	1784761198163000000	19821318490766	openwhisk_scheduler_jvm_mono	recovery/openwhisk/capture/scheduler.filtered.log	568
asyncs-openwhisk-direct-event-v1	C5	asyncs	dynamic-html-derived-v1	191	1	f34849e8b4b64d528849e8b4b6ad52f1	OW300	2	2	false	latest_ow300_not_after_ow310_tie_first_source_line	scheduler	true	true		scheduler0	openwhisk_scheduler	1	4eca2f795f1ebab853cebe4384b20987	1784761198163000000	19821318563162	openwhisk_scheduler_jvm_mono	recovery/openwhisk/capture/scheduler.filtered.log	569
asyncs-openwhisk-direct-event-v1	C5	asyncs	dynamic-html-derived-v1	191	1	f34849e8b4b64d528849e8b4b6ad52f1	OW310	1	1	true	single_direct_observation	invoker	true	true		invoker2	openwhisk_invoker	26523	4eca2f795f1ebab853cebe4384b20987	1784761198165000000	19820320388102	openwhisk_invoker_jvm_mono	recovery/openwhisk/capture/invokers.filtered.log	1180
asyncs-openwhisk-direct-event-v1	C5	asyncs	dynamic-html-derived-v1	191	1	f34849e8b4b64d528849e8b4b6ad52f1	OW800	1	1	true	single_direct_observation	invoker	true	true		invoker2	openwhisk_invoker	26523	4eca2f795f1ebab853cebe4384b20987	1784761198722000000	19820877488258	openwhisk_invoker_jvm_mono	recovery/openwhisk/capture/invokers.filtered.log	1188
asyncs-openwhisk-direct-event-v1	C5	asyncs	dynamic-html-derived-v1	162	1	f3c94f3a4b5640b8894f3a4b5660b871	OW120	1	1	true	single_direct_observation	controller	true	true		controller0	openwhisk_controller	1	67117f753b646cd5e4425961f79b48b2	1784761192807000000	19815963077108	openwhisk_controller_jvm_mono	recovery/openwhisk/capture/controller.filtered.log	323
asyncs-openwhisk-direct-event-v1	C5	asyncs	dynamic-html-derived-v1	162	1	f3c94f3a4b5640b8894f3a4b5660b871	OW150	1	1	true	single_direct_observation	controller	true	true		controller0	openwhisk_controller	1	67117f753b646cd5e4425961f79b48b2	1784761192807000000	19815963116364	openwhisk_controller_jvm_mono	recovery/openwhisk/capture/controller.filtered.log	324
asyncs-openwhisk-direct-event-v1	C5	asyncs	dynamic-html-derived-v1	162	1	f3c94f3a4b5640b8894f3a4b5660b871	OW260	1	1	true	single_direct_observation	scheduler	true	true		scheduler0	openwhisk_scheduler	1	67117f753b646cd5e4425961f79b48b2	1784761192812000000	19815967455751	openwhisk_scheduler_jvm_mono	recovery/openwhisk/capture/scheduler.filtered.log	480
asyncs-openwhisk-direct-event-v1	C5	asyncs	dynamic-html-derived-v1	162	1	f3c94f3a4b5640b8894f3a4b5660b871	OW300	1	2	true	latest_ow300_not_after_ow310_tie_first_source_line	scheduler	true	true		scheduler0	openwhisk_scheduler	1	67117f753b646cd5e4425961f79b48b2	1784761192812000000	19815967572092	openwhisk_scheduler_jvm_mono	recovery/openwhisk/capture/scheduler.filtered.log	481
asyncs-openwhisk-direct-event-v1	C5	asyncs	dynamic-html-derived-v1	162	1	f3c94f3a4b5640b8894f3a4b5660b871	OW300	2	2	false	latest_ow300_not_after_ow310_tie_first_source_line	scheduler	true	true		scheduler0	openwhisk_scheduler	1	67117f753b646cd5e4425961f79b48b2	1784761192812000000	19815967616076	openwhisk_scheduler_jvm_mono	recovery/openwhisk/capture/scheduler.filtered.log	482
asyncs-openwhisk-direct-event-v1	C5	asyncs	dynamic-html-derived-v1	162	1	f3c94f3a4b5640b8894f3a4b5660b871	OW310	1	1	true	single_direct_observation	invoker	true	true		invoker2	openwhisk_invoker	26523	67117f753b646cd5e4425961f79b48b2	1784761192814000000	19814969600418	openwhisk_invoker_jvm_mono	recovery/openwhisk/capture/invokers.filtered.log	1095
asyncs-openwhisk-direct-event-v1	C5	asyncs	dynamic-html-derived-v1	162	1	f3c94f3a4b5640b8894f3a4b5660b871	OW800	1	1	true	single_direct_observation	invoker	true	true		invoker2	openwhisk_invoker	26523	67117f753b646cd5e4425961f79b48b2	1784761193388000000	19815543235876	openwhisk_invoker_jvm_mono	recovery/openwhisk/capture/invokers.filtered.log	1103
asyncs-openwhisk-direct-event-v1	C5	asyncs	dynamic-html-derived-v1	203	1	f5052434aae54057852434aae5f05722	OW120	1	1	true	single_direct_observation	controller	true	true		controller0	openwhisk_controller	1	b2db2e202638d8400eb8d926442215f9	1784761200123000000	19823279252835	openwhisk_controller_jvm_mono	recovery/openwhisk/capture/controller.filtered.log	405
asyncs-openwhisk-direct-event-v1	C5	asyncs	dynamic-html-derived-v1	203	1	f5052434aae54057852434aae5f05722	OW150	1	1	true	single_direct_observation	controller	true	true		controller0	openwhisk_controller	1	b2db2e202638d8400eb8d926442215f9	1784761200123000000	19823279285131	openwhisk_controller_jvm_mono	recovery/openwhisk/capture/controller.filtered.log	406
asyncs-openwhisk-direct-event-v1	C5	asyncs	dynamic-html-derived-v1	203	1	f5052434aae54057852434aae5f05722	OW260	1	1	true	single_direct_observation	scheduler	true	true		scheduler0	openwhisk_scheduler	1	b2db2e202638d8400eb8d926442215f9	1784761200126000000	19823282185570	openwhisk_scheduler_jvm_mono	recovery/openwhisk/capture/scheduler.filtered.log	603
asyncs-openwhisk-direct-event-v1	C5	asyncs	dynamic-html-derived-v1	203	1	f5052434aae54057852434aae5f05722	OW300	1	2	true	latest_ow300_not_after_ow310_tie_first_source_line	scheduler	true	true		scheduler0	openwhisk_scheduler	1	b2db2e202638d8400eb8d926442215f9	1784761200126000000	19823282338640	openwhisk_scheduler_jvm_mono	recovery/openwhisk/capture/scheduler.filtered.log	604
asyncs-openwhisk-direct-event-v1	C5	asyncs	dynamic-html-derived-v1	203	1	f5052434aae54057852434aae5f05722	OW300	2	2	false	latest_ow300_not_after_ow310_tie_first_source_line	scheduler	true	true		scheduler0	openwhisk_scheduler	1	b2db2e202638d8400eb8d926442215f9	1784761200126000000	19823282410793	openwhisk_scheduler_jvm_mono	recovery/openwhisk/capture/scheduler.filtered.log	605
asyncs-openwhisk-direct-event-v1	C5	asyncs	dynamic-html-derived-v1	203	1	f5052434aae54057852434aae5f05722	OW310	1	1	true	single_direct_observation	invoker	true	true		invoker2	openwhisk_invoker	26523	b2db2e202638d8400eb8d926442215f9	1784761200129000000	19822284373413	openwhisk_invoker_jvm_mono	recovery/openwhisk/capture/invokers.filtered.log	1215
asyncs-openwhisk-direct-event-v1	C5	asyncs	dynamic-html-derived-v1	203	1	f5052434aae54057852434aae5f05722	OW800	1	1	true	single_direct_observation	invoker	true	true		invoker2	openwhisk_invoker	26523	b2db2e202638d8400eb8d926442215f9	1784761200674000000	19822829700326	openwhisk_invoker_jvm_mono	recovery/openwhisk/capture/invokers.filtered.log	1223
asyncs-openwhisk-direct-event-v1	C5	asyncs	dynamic-html-derived-v1	65	1	f53eec1e437944a4beec1e4379a4a4e5	OW120	1	1	true	single_direct_observation	controller	true	true		controller0	openwhisk_controller	1	619646ab7e703d77c8f2a0eb79b05827	1784761175701000000	19798856592647	openwhisk_controller_jvm_mono	recovery/openwhisk/capture/controller.filtered.log	129
asyncs-openwhisk-direct-event-v1	C5	asyncs	dynamic-html-derived-v1	65	1	f53eec1e437944a4beec1e4379a4a4e5	OW150	1	1	true	single_direct_observation	controller	true	true		controller0	openwhisk_controller	1	619646ab7e703d77c8f2a0eb79b05827	1784761175701000000	19798856649985	openwhisk_controller_jvm_mono	recovery/openwhisk/capture/controller.filtered.log	130
asyncs-openwhisk-direct-event-v1	C5	asyncs	dynamic-html-derived-v1	65	1	f53eec1e437944a4beec1e4379a4a4e5	OW260	1	1	true	single_direct_observation	scheduler	true	true		scheduler0	openwhisk_scheduler	1	619646ab7e703d77c8f2a0eb79b05827	1784761175705000000	19798861252571	openwhisk_scheduler_jvm_mono	recovery/openwhisk/capture/scheduler.filtered.log	189
asyncs-openwhisk-direct-event-v1	C5	asyncs	dynamic-html-derived-v1	65	1	f53eec1e437944a4beec1e4379a4a4e5	OW300	1	2	false	latest_ow300_not_after_ow310_tie_first_source_line	scheduler	true	true		scheduler0	openwhisk_scheduler	1	619646ab7e703d77c8f2a0eb79b05827	1784761175705000000	19798861411682	openwhisk_scheduler_jvm_mono	recovery/openwhisk/capture/scheduler.filtered.log	190
asyncs-openwhisk-direct-event-v1	C5	asyncs	dynamic-html-derived-v1	65	1	f53eec1e437944a4beec1e4379a4a4e5	OW300	2	2	true	latest_ow300_not_after_ow310_tie_first_source_line	scheduler	true	true		scheduler0	openwhisk_scheduler	1	619646ab7e703d77c8f2a0eb79b05827	1784761175706000000	19798861461000	openwhisk_scheduler_jvm_mono	recovery/openwhisk/capture/scheduler.filtered.log	191
asyncs-openwhisk-direct-event-v1	C5	asyncs	dynamic-html-derived-v1	65	1	f53eec1e437944a4beec1e4379a4a4e5	OW310	1	1	true	single_direct_observation	invoker	true	true		invoker2	openwhisk_invoker	26523	619646ab7e703d77c8f2a0eb79b05827	1784761175708000000	19797863646330	openwhisk_invoker_jvm_mono	recovery/openwhisk/capture/invokers.filtered.log	815
asyncs-openwhisk-direct-event-v1	C5	asyncs	dynamic-html-derived-v1	65	1	f53eec1e437944a4beec1e4379a4a4e5	OW800	1	1	true	single_direct_observation	invoker	true	true		invoker2	openwhisk_invoker	26523	619646ab7e703d77c8f2a0eb79b05827	1784761176246000000	19798401647202	openwhisk_invoker_jvm_mono	recovery/openwhisk/capture/invokers.filtered.log	823
asyncs-openwhisk-direct-event-v1	C5	asyncs	dynamic-html-derived-v1	97	1	f56ee29dc6694042aee29dc66900420b	OW120	1	1	true	single_direct_observation	controller	true	true		controller0	openwhisk_controller	1	cd77bb62c58eeb7f8fefdb4726b24f03	1784761181169000000	19804325424324	openwhisk_controller_jvm_mono	recovery/openwhisk/capture/controller.filtered.log	193
asyncs-openwhisk-direct-event-v1	C5	asyncs	dynamic-html-derived-v1	97	1	f56ee29dc6694042aee29dc66900420b	OW150	1	1	true	single_direct_observation	controller	true	true		controller0	openwhisk_controller	1	cd77bb62c58eeb7f8fefdb4726b24f03	1784761181173000000	19804329433729	openwhisk_controller_jvm_mono	recovery/openwhisk/capture/controller.filtered.log	194
asyncs-openwhisk-direct-event-v1	C5	asyncs	dynamic-html-derived-v1	97	1	f56ee29dc6694042aee29dc66900420b	OW260	1	1	true	single_direct_observation	scheduler	true	true		scheduler0	openwhisk_scheduler	1	cd77bb62c58eeb7f8fefdb4726b24f03	1784761181186000000	19804342116721	openwhisk_scheduler_jvm_mono	recovery/openwhisk/capture/scheduler.filtered.log	285
asyncs-openwhisk-direct-event-v1	C5	asyncs	dynamic-html-derived-v1	97	1	f56ee29dc6694042aee29dc66900420b	OW300	1	2	true	latest_ow300_not_after_ow310_tie_first_source_line	scheduler	true	true		scheduler0	openwhisk_scheduler	1	cd77bb62c58eeb7f8fefdb4726b24f03	1784761181187000000	19804342960839	openwhisk_scheduler_jvm_mono	recovery/openwhisk/capture/scheduler.filtered.log	286
asyncs-openwhisk-direct-event-v1	C5	asyncs	dynamic-html-derived-v1	97	1	f56ee29dc6694042aee29dc66900420b	OW300	2	2	false	latest_ow300_not_after_ow310_tie_first_source_line	scheduler	true	true		scheduler0	openwhisk_scheduler	1	cd77bb62c58eeb7f8fefdb4726b24f03	1784761181187000000	19804343058020	openwhisk_scheduler_jvm_mono	recovery/openwhisk/capture/scheduler.filtered.log	287
asyncs-openwhisk-direct-event-v1	C5	asyncs	dynamic-html-derived-v1	97	1	f56ee29dc6694042aee29dc66900420b	OW310	1	1	true	single_direct_observation	invoker	true	true		invoker0	openwhisk_invoker	29163	cd77bb62c58eeb7f8fefdb4726b24f03	1784761181189000000	19804402201614	openwhisk_invoker_jvm_mono	recovery/openwhisk/capture/invokers.filtered.log	227
asyncs-openwhisk-direct-event-v1	C5	asyncs	dynamic-html-derived-v1	97	1	f56ee29dc6694042aee29dc66900420b	OW800	1	1	true	single_direct_observation	invoker	true	true		invoker0	openwhisk_invoker	29163	cd77bb62c58eeb7f8fefdb4726b24f03	1784761181530000000	19804743094103	openwhisk_invoker_jvm_mono	recovery/openwhisk/capture/invokers.filtered.log	230
asyncs-openwhisk-direct-event-v1	C5	asyncs	dynamic-html-derived-v1	281	1	f5c72b110f294428872b110f295428e1	OW120	1	1	true	single_direct_observation	controller	true	true		controller0	openwhisk_controller	1	92152cdf7a8e41125560fe1ee98fd0e5	1784761213636000000	19836791798650	openwhisk_controller_jvm_mono	recovery/openwhisk/capture/controller.filtered.log	561
asyncs-openwhisk-direct-event-v1	C5	asyncs	dynamic-html-derived-v1	281	1	f5c72b110f294428872b110f295428e1	OW150	1	1	true	single_direct_observation	controller	true	true		controller0	openwhisk_controller	1	92152cdf7a8e41125560fe1ee98fd0e5	1784761213636000000	19836791849554	openwhisk_controller_jvm_mono	recovery/openwhisk/capture/controller.filtered.log	562
asyncs-openwhisk-direct-event-v1	C5	asyncs	dynamic-html-derived-v1	281	1	f5c72b110f294428872b110f295428e1	OW260	1	1	true	single_direct_observation	scheduler	true	true		scheduler0	openwhisk_scheduler	1	92152cdf7a8e41125560fe1ee98fd0e5	1784761213641000000	19836797003651	openwhisk_scheduler_jvm_mono	recovery/openwhisk/capture/scheduler.filtered.log	837
asyncs-openwhisk-direct-event-v1	C5	asyncs	dynamic-html-derived-v1	281	1	f5c72b110f294428872b110f295428e1	OW300	1	2	true	latest_ow300_not_after_ow310_tie_first_source_line	scheduler	true	true		scheduler0	openwhisk_scheduler	1	92152cdf7a8e41125560fe1ee98fd0e5	1784761213641000000	19836797167528	openwhisk_scheduler_jvm_mono	recovery/openwhisk/capture/scheduler.filtered.log	838
asyncs-openwhisk-direct-event-v1	C5	asyncs	dynamic-html-derived-v1	281	1	f5c72b110f294428872b110f295428e1	OW300	2	2	false	latest_ow300_not_after_ow310_tie_first_source_line	scheduler	true	true		scheduler0	openwhisk_scheduler	1	92152cdf7a8e41125560fe1ee98fd0e5	1784761213641000000	19836797211261	openwhisk_scheduler_jvm_mono	recovery/openwhisk/capture/scheduler.filtered.log	839
asyncs-openwhisk-direct-event-v1	C5	asyncs	dynamic-html-derived-v1	281	1	f5c72b110f294428872b110f295428e1	OW310	1	1	true	single_direct_observation	invoker	true	true		invoker2	openwhisk_invoker	26523	92152cdf7a8e41125560fe1ee98fd0e5	1784761213643000000	19835798819635	openwhisk_invoker_jvm_mono	recovery/openwhisk/capture/invokers.filtered.log	1445
asyncs-openwhisk-direct-event-v1	C5	asyncs	dynamic-html-derived-v1	281	1	f5c72b110f294428872b110f295428e1	OW800	1	1	true	single_direct_observation	invoker	true	true		invoker2	openwhisk_invoker	26523	92152cdf7a8e41125560fe1ee98fd0e5	1784761214159000000	19836314363190	openwhisk_invoker_jvm_mono	recovery/openwhisk/capture/invokers.filtered.log	1453
asyncs-openwhisk-direct-event-v1	C5	asyncs	dynamic-html-derived-v1	100	1	f5d340067fe84ede9340067fe8fedebf	OW120	1	1	true	single_direct_observation	controller	true	true		controller0	openwhisk_controller	1	36c455fd9a9e20ab46ac1e7d152810c0	1784761181556000000	19804712380601	openwhisk_controller_jvm_mono	recovery/openwhisk/capture/controller.filtered.log	199
asyncs-openwhisk-direct-event-v1	C5	asyncs	dynamic-html-derived-v1	100	1	f5d340067fe84ede9340067fe8fedebf	OW150	1	1	true	single_direct_observation	controller	true	true		controller0	openwhisk_controller	1	36c455fd9a9e20ab46ac1e7d152810c0	1784761181556000000	19804712422465	openwhisk_controller_jvm_mono	recovery/openwhisk/capture/controller.filtered.log	200
asyncs-openwhisk-direct-event-v1	C5	asyncs	dynamic-html-derived-v1	100	1	f5d340067fe84ede9340067fe8fedebf	OW260	1	1	true	single_direct_observation	scheduler	true	true		scheduler0	openwhisk_scheduler	1	36c455fd9a9e20ab46ac1e7d152810c0	1784761181567000000	19804723219855	openwhisk_scheduler_jvm_mono	recovery/openwhisk/capture/scheduler.filtered.log	294
asyncs-openwhisk-direct-event-v1	C5	asyncs	dynamic-html-derived-v1	100	1	f5d340067fe84ede9340067fe8fedebf	OW300	1	2	true	latest_ow300_not_after_ow310_tie_first_source_line	scheduler	true	true		scheduler0	openwhisk_scheduler	1	36c455fd9a9e20ab46ac1e7d152810c0	1784761181567000000	19804723367783	openwhisk_scheduler_jvm_mono	recovery/openwhisk/capture/scheduler.filtered.log	295
asyncs-openwhisk-direct-event-v1	C5	asyncs	dynamic-html-derived-v1	100	1	f5d340067fe84ede9340067fe8fedebf	OW300	2	2	false	latest_ow300_not_after_ow310_tie_first_source_line	scheduler	true	true		scheduler0	openwhisk_scheduler	1	36c455fd9a9e20ab46ac1e7d152810c0	1784761181567000000	19804723417166	openwhisk_scheduler_jvm_mono	recovery/openwhisk/capture/scheduler.filtered.log	296
asyncs-openwhisk-direct-event-v1	C5	asyncs	dynamic-html-derived-v1	100	1	f5d340067fe84ede9340067fe8fedebf	OW310	1	1	true	single_direct_observation	invoker	true	true		invoker0	openwhisk_invoker	29163	36c455fd9a9e20ab46ac1e7d152810c0	1784761181570000000	19804782462605	openwhisk_invoker_jvm_mono	recovery/openwhisk/capture/invokers.filtered.log	232
asyncs-openwhisk-direct-event-v1	C5	asyncs	dynamic-html-derived-v1	100	1	f5d340067fe84ede9340067fe8fedebf	OW800	1	1	true	single_direct_observation	invoker	true	true		invoker0	openwhisk_invoker	29163	36c455fd9a9e20ab46ac1e7d152810c0	1784761181916000000	19805128318077	openwhisk_invoker_jvm_mono	recovery/openwhisk/capture/invokers.filtered.log	235
asyncs-openwhisk-direct-event-v1	C5	asyncs	dynamic-html-derived-v1	77	1	f6165d1da7624ad1965d1da7625ad10f	OW120	1	1	true	single_direct_observation	controller	true	true		controller0	openwhisk_controller	1	e3fd3a3d35708be9a85454fde2015b3a	1784761177813000000	19800969442672	openwhisk_controller_jvm_mono	recovery/openwhisk/capture/controller.filtered.log	153
asyncs-openwhisk-direct-event-v1	C5	asyncs	dynamic-html-derived-v1	77	1	f6165d1da7624ad1965d1da7625ad10f	OW150	1	1	true	single_direct_observation	controller	true	true		controller0	openwhisk_controller	1	e3fd3a3d35708be9a85454fde2015b3a	1784761177814000000	19800969486962	openwhisk_controller_jvm_mono	recovery/openwhisk/capture/controller.filtered.log	154
asyncs-openwhisk-direct-event-v1	C5	asyncs	dynamic-html-derived-v1	77	1	f6165d1da7624ad1965d1da7625ad10f	OW260	1	1	true	single_direct_observation	scheduler	true	true		scheduler0	openwhisk_scheduler	1	e3fd3a3d35708be9a85454fde2015b3a	1784761177818000000	19800974359868	openwhisk_scheduler_jvm_mono	recovery/openwhisk/capture/scheduler.filtered.log	225
asyncs-openwhisk-direct-event-v1	C5	asyncs	dynamic-html-derived-v1	77	1	f6165d1da7624ad1965d1da7625ad10f	OW300	1	2	true	latest_ow300_not_after_ow310_tie_first_source_line	scheduler	true	true		scheduler0	openwhisk_scheduler	1	e3fd3a3d35708be9a85454fde2015b3a	1784761177819000000	19800974552028	openwhisk_scheduler_jvm_mono	recovery/openwhisk/capture/scheduler.filtered.log	226
asyncs-openwhisk-direct-event-v1	C5	asyncs	dynamic-html-derived-v1	77	1	f6165d1da7624ad1965d1da7625ad10f	OW300	2	2	false	latest_ow300_not_after_ow310_tie_first_source_line	scheduler	true	true		scheduler0	openwhisk_scheduler	1	e3fd3a3d35708be9a85454fde2015b3a	1784761177819000000	19800974601182	openwhisk_scheduler_jvm_mono	recovery/openwhisk/capture/scheduler.filtered.log	227
asyncs-openwhisk-direct-event-v1	C5	asyncs	dynamic-html-derived-v1	77	1	f6165d1da7624ad1965d1da7625ad10f	OW310	1	1	true	single_direct_observation	invoker	true	true		invoker2	openwhisk_invoker	26523	e3fd3a3d35708be9a85454fde2015b3a	1784761177821000000	19799976519482	openwhisk_invoker_jvm_mono	recovery/openwhisk/capture/invokers.filtered.log	850
asyncs-openwhisk-direct-event-v1	C5	asyncs	dynamic-html-derived-v1	77	1	f6165d1da7624ad1965d1da7625ad10f	OW800	1	1	true	single_direct_observation	invoker	true	true		invoker2	openwhisk_invoker	26523	e3fd3a3d35708be9a85454fde2015b3a	1784761178312000000	19800467461331	openwhisk_invoker_jvm_mono	recovery/openwhisk/capture/invokers.filtered.log	858
asyncs-openwhisk-direct-event-v1	C5	asyncs	dynamic-html-derived-v1	159	1	f6bb5356d8fc4749bb5356d8fcc74978	OW120	1	1	true	single_direct_observation	controller	true	true		controller0	openwhisk_controller	1	4a2cf5dd3046a483be34a087763bd337	1784761192379000000	19815534553283	openwhisk_controller_jvm_mono	recovery/openwhisk/capture/controller.filtered.log	317
asyncs-openwhisk-direct-event-v1	C5	asyncs	dynamic-html-derived-v1	159	1	f6bb5356d8fc4749bb5356d8fcc74978	OW150	1	1	true	single_direct_observation	controller	true	true		controller0	openwhisk_controller	1	4a2cf5dd3046a483be34a087763bd337	1784761192379000000	19815534602076	openwhisk_controller_jvm_mono	recovery/openwhisk/capture/controller.filtered.log	318
asyncs-openwhisk-direct-event-v1	C5	asyncs	dynamic-html-derived-v1	159	1	f6bb5356d8fc4749bb5356d8fcc74978	OW260	1	1	true	single_direct_observation	scheduler	true	true		scheduler0	openwhisk_scheduler	1	4a2cf5dd3046a483be34a087763bd337	1784761192388000000	19815544085064	openwhisk_scheduler_jvm_mono	recovery/openwhisk/capture/scheduler.filtered.log	471
asyncs-openwhisk-direct-event-v1	C5	asyncs	dynamic-html-derived-v1	159	1	f6bb5356d8fc4749bb5356d8fcc74978	OW300	1	2	true	latest_ow300_not_after_ow310_tie_first_source_line	scheduler	true	true		scheduler0	openwhisk_scheduler	1	4a2cf5dd3046a483be34a087763bd337	1784761192388000000	19815544205759	openwhisk_scheduler_jvm_mono	recovery/openwhisk/capture/scheduler.filtered.log	472
asyncs-openwhisk-direct-event-v1	C5	asyncs	dynamic-html-derived-v1	159	1	f6bb5356d8fc4749bb5356d8fcc74978	OW300	2	2	false	latest_ow300_not_after_ow310_tie_first_source_line	scheduler	true	true		scheduler0	openwhisk_scheduler	1	4a2cf5dd3046a483be34a087763bd337	1784761192388000000	19815544236537	openwhisk_scheduler_jvm_mono	recovery/openwhisk/capture/scheduler.filtered.log	473
asyncs-openwhisk-direct-event-v1	C5	asyncs	dynamic-html-derived-v1	159	1	f6bb5356d8fc4749bb5356d8fcc74978	OW310	1	1	true	single_direct_observation	invoker	true	true		invoker0	openwhisk_invoker	29163	4a2cf5dd3046a483be34a087763bd337	1784761192390000000	19815603145570	openwhisk_invoker_jvm_mono	recovery/openwhisk/capture/invokers.filtered.log	357
asyncs-openwhisk-direct-event-v1	C5	asyncs	dynamic-html-derived-v1	159	1	f6bb5356d8fc4749bb5356d8fcc74978	OW800	1	1	true	single_direct_observation	invoker	true	true		invoker0	openwhisk_invoker	29163	4a2cf5dd3046a483be34a087763bd337	1784761192737000000	19815949349066	openwhisk_invoker_jvm_mono	recovery/openwhisk/capture/invokers.filtered.log	360
asyncs-openwhisk-direct-event-v1	C5	asyncs	dynamic-html-derived-v1	256	1	f848c963d9f34f6c88c963d9f3df6c80	OW120	1	1	true	single_direct_observation	controller	true	true		controller0	openwhisk_controller	1	c60a3f6b1205688d15d8f1e46a9608ec	1784761209162000000	19832318158837	openwhisk_controller_jvm_mono	recovery/openwhisk/capture/controller.filtered.log	509
asyncs-openwhisk-direct-event-v1	C5	asyncs	dynamic-html-derived-v1	256	1	f848c963d9f34f6c88c963d9f3df6c80	OW150	1	1	true	single_direct_observation	controller	true	true		controller0	openwhisk_controller	1	c60a3f6b1205688d15d8f1e46a9608ec	1784761209162000000	19832318180210	openwhisk_controller_jvm_mono	recovery/openwhisk/capture/controller.filtered.log	511
asyncs-openwhisk-direct-event-v1	C5	asyncs	dynamic-html-derived-v1	256	1	f848c963d9f34f6c88c963d9f3df6c80	OW260	1	1	true	single_direct_observation	scheduler	true	true		scheduler0	openwhisk_scheduler	1	c60a3f6b1205688d15d8f1e46a9608ec	1784761209171000000	19832326900272	openwhisk_scheduler_jvm_mono	recovery/openwhisk/capture/scheduler.filtered.log	759
asyncs-openwhisk-direct-event-v1	C5	asyncs	dynamic-html-derived-v1	256	1	f848c963d9f34f6c88c963d9f3df6c80	OW300	1	2	true	latest_ow300_not_after_ow310_tie_first_source_line	scheduler	true	true		scheduler0	openwhisk_scheduler	1	c60a3f6b1205688d15d8f1e46a9608ec	1784761209171000000	19832327058662	openwhisk_scheduler_jvm_mono	recovery/openwhisk/capture/scheduler.filtered.log	760
asyncs-openwhisk-direct-event-v1	C5	asyncs	dynamic-html-derived-v1	256	1	f848c963d9f34f6c88c963d9f3df6c80	OW300	2	2	false	latest_ow300_not_after_ow310_tie_first_source_line	scheduler	true	true		scheduler0	openwhisk_scheduler	1	c60a3f6b1205688d15d8f1e46a9608ec	1784761209171000000	19832327082496	openwhisk_scheduler_jvm_mono	recovery/openwhisk/capture/scheduler.filtered.log	761
asyncs-openwhisk-direct-event-v1	C5	asyncs	dynamic-html-derived-v1	256	1	f848c963d9f34f6c88c963d9f3df6c80	OW310	1	1	true	single_direct_observation	invoker	true	true		invoker0	openwhisk_invoker	29163	c60a3f6b1205688d15d8f1e46a9608ec	1784761209173000000	19832385730817	openwhisk_invoker_jvm_mono	recovery/openwhisk/capture/invokers.filtered.log	557
asyncs-openwhisk-direct-event-v1	C5	asyncs	dynamic-html-derived-v1	256	1	f848c963d9f34f6c88c963d9f3df6c80	OW800	1	1	true	single_direct_observation	invoker	true	true		invoker0	openwhisk_invoker	29163	c60a3f6b1205688d15d8f1e46a9608ec	1784761209527000000	19832739954014	openwhisk_invoker_jvm_mono	recovery/openwhisk/capture/invokers.filtered.log	560
asyncs-openwhisk-direct-event-v1	C5	asyncs	dynamic-html-derived-v1	217	1	f93b65219d294bcfbb65219d29fbcfbd	OW120	1	1	true	single_direct_observation	controller	true	true		controller0	openwhisk_controller	1	398dd093d03ef7f353c90fd8235c734c	1784761202634000000	19825789713849	openwhisk_controller_jvm_mono	recovery/openwhisk/capture/controller.filtered.log	433
asyncs-openwhisk-direct-event-v1	C5	asyncs	dynamic-html-derived-v1	217	1	f93b65219d294bcfbb65219d29fbcfbd	OW150	1	1	true	single_direct_observation	controller	true	true		controller0	openwhisk_controller	1	398dd093d03ef7f353c90fd8235c734c	1784761202634000000	19825789752248	openwhisk_controller_jvm_mono	recovery/openwhisk/capture/controller.filtered.log	434
asyncs-openwhisk-direct-event-v1	C5	asyncs	dynamic-html-derived-v1	217	1	f93b65219d294bcfbb65219d29fbcfbd	OW260	1	1	true	single_direct_observation	scheduler	true	true		scheduler0	openwhisk_scheduler	1	398dd093d03ef7f353c90fd8235c734c	1784761202659000000	19825814802408	openwhisk_scheduler_jvm_mono	recovery/openwhisk/capture/scheduler.filtered.log	645
asyncs-openwhisk-direct-event-v1	C5	asyncs	dynamic-html-derived-v1	217	1	f93b65219d294bcfbb65219d29fbcfbd	OW300	1	2	true	latest_ow300_not_after_ow310_tie_first_source_line	scheduler	true	true		scheduler0	openwhisk_scheduler	1	398dd093d03ef7f353c90fd8235c734c	1784761202659000000	19825814908156	openwhisk_scheduler_jvm_mono	recovery/openwhisk/capture/scheduler.filtered.log	646
asyncs-openwhisk-direct-event-v1	C5	asyncs	dynamic-html-derived-v1	217	1	f93b65219d294bcfbb65219d29fbcfbd	OW300	2	2	false	latest_ow300_not_after_ow310_tie_first_source_line	scheduler	true	true		scheduler0	openwhisk_scheduler	1	398dd093d03ef7f353c90fd8235c734c	1784761202659000000	19825814928944	openwhisk_scheduler_jvm_mono	recovery/openwhisk/capture/scheduler.filtered.log	647
asyncs-openwhisk-direct-event-v1	C5	asyncs	dynamic-html-derived-v1	217	1	f93b65219d294bcfbb65219d29fbcfbd	OW310	1	1	true	single_direct_observation	invoker	true	true		invoker0	openwhisk_invoker	29163	398dd093d03ef7f353c90fd8235c734c	1784761202661000000	19825873884508	openwhisk_invoker_jvm_mono	recovery/openwhisk/capture/invokers.filtered.log	477
asyncs-openwhisk-direct-event-v1	C5	asyncs	dynamic-html-derived-v1	217	1	f93b65219d294bcfbb65219d29fbcfbd	OW800	1	1	true	single_direct_observation	invoker	true	true		invoker0	openwhisk_invoker	29163	398dd093d03ef7f353c90fd8235c734c	1784761203004000000	19826216669582	openwhisk_invoker_jvm_mono	recovery/openwhisk/capture/invokers.filtered.log	480
asyncs-openwhisk-direct-event-v1	C5	asyncs	dynamic-html-derived-v1	287	1	f9e9779ec7c64f3fa9779ec7c6cf3f29	OW120	1	1	true	single_direct_observation	controller	true	true		controller0	openwhisk_controller	1	feea3d260174a97f9a30ce38763c3576	1784761214677000000	19837833008999	openwhisk_controller_jvm_mono	recovery/openwhisk/capture/controller.filtered.log	573
asyncs-openwhisk-direct-event-v1	C5	asyncs	dynamic-html-derived-v1	287	1	f9e9779ec7c64f3fa9779ec7c6cf3f29	OW150	1	1	true	single_direct_observation	controller	true	true		controller0	openwhisk_controller	1	feea3d260174a97f9a30ce38763c3576	1784761214677000000	19837833039434	openwhisk_controller_jvm_mono	recovery/openwhisk/capture/controller.filtered.log	574
asyncs-openwhisk-direct-event-v1	C5	asyncs	dynamic-html-derived-v1	287	1	f9e9779ec7c64f3fa9779ec7c6cf3f29	OW260	1	1	true	single_direct_observation	scheduler	true	true		scheduler0	openwhisk_scheduler	1	feea3d260174a97f9a30ce38763c3576	1784761214680000000	19837836068414	openwhisk_scheduler_jvm_mono	recovery/openwhisk/capture/scheduler.filtered.log	855
asyncs-openwhisk-direct-event-v1	C5	asyncs	dynamic-html-derived-v1	287	1	f9e9779ec7c64f3fa9779ec7c6cf3f29	OW300	1	2	true	latest_ow300_not_after_ow310_tie_first_source_line	scheduler	true	true		scheduler0	openwhisk_scheduler	1	feea3d260174a97f9a30ce38763c3576	1784761214680000000	19837836206622	openwhisk_scheduler_jvm_mono	recovery/openwhisk/capture/scheduler.filtered.log	856
asyncs-openwhisk-direct-event-v1	C5	asyncs	dynamic-html-derived-v1	287	1	f9e9779ec7c64f3fa9779ec7c6cf3f29	OW300	2	2	false	latest_ow300_not_after_ow310_tie_first_source_line	scheduler	true	true		scheduler0	openwhisk_scheduler	1	feea3d260174a97f9a30ce38763c3576	1784761214680000000	19837836254936	openwhisk_scheduler_jvm_mono	recovery/openwhisk/capture/scheduler.filtered.log	857
asyncs-openwhisk-direct-event-v1	C5	asyncs	dynamic-html-derived-v1	287	1	f9e9779ec7c64f3fa9779ec7c6cf3f29	OW310	1	1	true	single_direct_observation	invoker	true	true		invoker0	openwhisk_invoker	29163	feea3d260174a97f9a30ce38763c3576	1784761214682000000	19837894850261	openwhisk_invoker_jvm_mono	recovery/openwhisk/capture/invokers.filtered.log	622
asyncs-openwhisk-direct-event-v1	C5	asyncs	dynamic-html-derived-v1	287	1	f9e9779ec7c64f3fa9779ec7c6cf3f29	OW800	1	1	true	single_direct_observation	invoker	true	true		invoker0	openwhisk_invoker	29163	feea3d260174a97f9a30ce38763c3576	1784761215027000000	19838240139430	openwhisk_invoker_jvm_mono	recovery/openwhisk/capture/invokers.filtered.log	625
asyncs-openwhisk-direct-event-v1	C5	asyncs	dynamic-html-derived-v1	154	1	fad4c32b1784442c94c32b1784642c9a	OW120	1	1	true	single_direct_observation	controller	true	true		controller0	openwhisk_controller	1	d6d10efb4f8c8cf9a7edcfc57896330e	1784761191392000000	19814547557418	openwhisk_controller_jvm_mono	recovery/openwhisk/capture/controller.filtered.log	307
asyncs-openwhisk-direct-event-v1	C5	asyncs	dynamic-html-derived-v1	154	1	fad4c32b1784442c94c32b1784642c9a	OW150	1	1	true	single_direct_observation	controller	true	true		controller0	openwhisk_controller	1	d6d10efb4f8c8cf9a7edcfc57896330e	1784761191392000000	19814547633711	openwhisk_controller_jvm_mono	recovery/openwhisk/capture/controller.filtered.log	308
asyncs-openwhisk-direct-event-v1	C5	asyncs	dynamic-html-derived-v1	154	1	fad4c32b1784442c94c32b1784642c9a	OW260	1	1	true	single_direct_observation	scheduler	true	true		scheduler0	openwhisk_scheduler	1	d6d10efb4f8c8cf9a7edcfc57896330e	1784761191395000000	19814551142663	openwhisk_scheduler_jvm_mono	recovery/openwhisk/capture/scheduler.filtered.log	456
asyncs-openwhisk-direct-event-v1	C5	asyncs	dynamic-html-derived-v1	154	1	fad4c32b1784442c94c32b1784642c9a	OW300	1	2	true	latest_ow300_not_after_ow310_tie_first_source_line	scheduler	true	true		scheduler0	openwhisk_scheduler	1	d6d10efb4f8c8cf9a7edcfc57896330e	1784761191395000000	19814551275850	openwhisk_scheduler_jvm_mono	recovery/openwhisk/capture/scheduler.filtered.log	457
asyncs-openwhisk-direct-event-v1	C5	asyncs	dynamic-html-derived-v1	154	1	fad4c32b1784442c94c32b1784642c9a	OW300	2	2	false	latest_ow300_not_after_ow310_tie_first_source_line	scheduler	true	true		scheduler0	openwhisk_scheduler	1	d6d10efb4f8c8cf9a7edcfc57896330e	1784761191395000000	19814551309628	openwhisk_scheduler_jvm_mono	recovery/openwhisk/capture/scheduler.filtered.log	458
asyncs-openwhisk-direct-event-v1	C5	asyncs	dynamic-html-derived-v1	154	1	fad4c32b1784442c94c32b1784642c9a	OW310	1	1	true	single_direct_observation	invoker	true	true		invoker0	openwhisk_invoker	29163	d6d10efb4f8c8cf9a7edcfc57896330e	1784761191400000000	19814612566462	openwhisk_invoker_jvm_mono	recovery/openwhisk/capture/invokers.filtered.log	347
asyncs-openwhisk-direct-event-v1	C5	asyncs	dynamic-html-derived-v1	154	1	fad4c32b1784442c94c32b1784642c9a	OW800	1	1	true	single_direct_observation	invoker	true	true		invoker0	openwhisk_invoker	29163	d6d10efb4f8c8cf9a7edcfc57896330e	1784761191746000000	19814958797064	openwhisk_invoker_jvm_mono	recovery/openwhisk/capture/invokers.filtered.log	350
asyncs-openwhisk-direct-event-v1	C5	asyncs	dynamic-html-derived-v1	197	1	fb3897366c774d94b897366c77dd94dc	OW120	1	1	true	single_direct_observation	controller	true	true		controller0	openwhisk_controller	1	8251e649cc0b532877e1692caaa3d0d3	1784761199325000000	19822481281800	openwhisk_controller_jvm_mono	recovery/openwhisk/capture/controller.filtered.log	393
asyncs-openwhisk-direct-event-v1	C5	asyncs	dynamic-html-derived-v1	197	1	fb3897366c774d94b897366c77dd94dc	OW150	1	1	true	single_direct_observation	controller	true	true		controller0	openwhisk_controller	1	8251e649cc0b532877e1692caaa3d0d3	1784761199325000000	19822481311571	openwhisk_controller_jvm_mono	recovery/openwhisk/capture/controller.filtered.log	394
asyncs-openwhisk-direct-event-v1	C5	asyncs	dynamic-html-derived-v1	197	1	fb3897366c774d94b897366c77dd94dc	OW260	1	1	true	single_direct_observation	scheduler	true	true		scheduler0	openwhisk_scheduler	1	8251e649cc0b532877e1692caaa3d0d3	1784761199337000000	19822492940625	openwhisk_scheduler_jvm_mono	recovery/openwhisk/capture/scheduler.filtered.log	585
asyncs-openwhisk-direct-event-v1	C5	asyncs	dynamic-html-derived-v1	197	1	fb3897366c774d94b897366c77dd94dc	OW300	1	2	true	latest_ow300_not_after_ow310_tie_first_source_line	scheduler	true	true		scheduler0	openwhisk_scheduler	1	8251e649cc0b532877e1692caaa3d0d3	1784761199337000000	19822493091123	openwhisk_scheduler_jvm_mono	recovery/openwhisk/capture/scheduler.filtered.log	586
asyncs-openwhisk-direct-event-v1	C5	asyncs	dynamic-html-derived-v1	197	1	fb3897366c774d94b897366c77dd94dc	OW300	2	2	false	latest_ow300_not_after_ow310_tie_first_source_line	scheduler	true	true		scheduler0	openwhisk_scheduler	1	8251e649cc0b532877e1692caaa3d0d3	1784761199337000000	19822493152854	openwhisk_scheduler_jvm_mono	recovery/openwhisk/capture/scheduler.filtered.log	587
asyncs-openwhisk-direct-event-v1	C5	asyncs	dynamic-html-derived-v1	197	1	fb3897366c774d94b897366c77dd94dc	OW310	1	1	true	single_direct_observation	invoker	true	true		invoker0	openwhisk_invoker	29163	8251e649cc0b532877e1692caaa3d0d3	1784761199339000000	19822551800070	openwhisk_invoker_jvm_mono	recovery/openwhisk/capture/invokers.filtered.log	437
asyncs-openwhisk-direct-event-v1	C5	asyncs	dynamic-html-derived-v1	197	1	fb3897366c774d94b897366c77dd94dc	OW800	1	1	true	single_direct_observation	invoker	true	true		invoker0	openwhisk_invoker	29163	8251e649cc0b532877e1692caaa3d0d3	1784761199682000000	19822894668795	openwhisk_invoker_jvm_mono	recovery/openwhisk/capture/invokers.filtered.log	440
asyncs-openwhisk-direct-event-v1	C5	asyncs	dynamic-html-derived-v1	81	1	fb418164103b4498818164103b4498aa	OW120	1	1	true	single_direct_observation	controller	true	true		controller0	openwhisk_controller	1	dbabf660608cc703aa76c8fa2744edc4	1784761178438000000	19801594403527	openwhisk_controller_jvm_mono	recovery/openwhisk/capture/controller.filtered.log	161
asyncs-openwhisk-direct-event-v1	C5	asyncs	dynamic-html-derived-v1	81	1	fb418164103b4498818164103b4498aa	OW150	1	1	true	single_direct_observation	controller	true	true		controller0	openwhisk_controller	1	dbabf660608cc703aa76c8fa2744edc4	1784761178438000000	19801594445983	openwhisk_controller_jvm_mono	recovery/openwhisk/capture/controller.filtered.log	162
asyncs-openwhisk-direct-event-v1	C5	asyncs	dynamic-html-derived-v1	81	1	fb418164103b4498818164103b4498aa	OW260	1	1	true	single_direct_observation	scheduler	true	true		scheduler0	openwhisk_scheduler	1	dbabf660608cc703aa76c8fa2744edc4	1784761178442000000	19801597842608	openwhisk_scheduler_jvm_mono	recovery/openwhisk/capture/scheduler.filtered.log	237
asyncs-openwhisk-direct-event-v1	C5	asyncs	dynamic-html-derived-v1	81	1	fb418164103b4498818164103b4498aa	OW300	1	2	true	latest_ow300_not_after_ow310_tie_first_source_line	scheduler	true	true		scheduler0	openwhisk_scheduler	1	dbabf660608cc703aa76c8fa2744edc4	1784761178442000000	19801597962227	openwhisk_scheduler_jvm_mono	recovery/openwhisk/capture/scheduler.filtered.log	238
asyncs-openwhisk-direct-event-v1	C5	asyncs	dynamic-html-derived-v1	81	1	fb418164103b4498818164103b4498aa	OW300	2	2	false	latest_ow300_not_after_ow310_tie_first_source_line	scheduler	true	true		scheduler0	openwhisk_scheduler	1	dbabf660608cc703aa76c8fa2744edc4	1784761178442000000	19801598017101	openwhisk_scheduler_jvm_mono	recovery/openwhisk/capture/scheduler.filtered.log	239
asyncs-openwhisk-direct-event-v1	C5	asyncs	dynamic-html-derived-v1	81	1	fb418164103b4498818164103b4498aa	OW310	1	1	true	single_direct_observation	invoker	true	true		invoker0	openwhisk_invoker	29163	dbabf660608cc703aa76c8fa2744edc4	1784761178444000000	19801656828428	openwhisk_invoker_jvm_mono	recovery/openwhisk/capture/invokers.filtered.log	192
asyncs-openwhisk-direct-event-v1	C5	asyncs	dynamic-html-derived-v1	81	1	fb418164103b4498818164103b4498aa	OW800	1	1	true	single_direct_observation	invoker	true	true		invoker0	openwhisk_invoker	29163	dbabf660608cc703aa76c8fa2744edc4	1784761178789000000	19802001828521	openwhisk_invoker_jvm_mono	recovery/openwhisk/capture/invokers.filtered.log	195
asyncs-openwhisk-direct-event-v1	C5	asyncs	dynamic-html-derived-v1	60	1	fbb7255dda8b4d25b7255dda8b7d25b3	OW120	1	1	true	single_direct_observation	controller	true	true		controller0	openwhisk_controller	1	0a6627085db9c914873af5f2e50bb269	1784761174962000000	19798118325662	openwhisk_controller_jvm_mono	recovery/openwhisk/capture/controller.filtered.log	119
asyncs-openwhisk-direct-event-v1	C5	asyncs	dynamic-html-derived-v1	60	1	fbb7255dda8b4d25b7255dda8b7d25b3	OW150	1	1	true	single_direct_observation	controller	true	true		controller0	openwhisk_controller	1	0a6627085db9c914873af5f2e50bb269	1784761174962000000	19798118368674	openwhisk_controller_jvm_mono	recovery/openwhisk/capture/controller.filtered.log	120
asyncs-openwhisk-direct-event-v1	C5	asyncs	dynamic-html-derived-v1	60	1	fbb7255dda8b4d25b7255dda8b7d25b3	OW260	1	1	true	single_direct_observation	scheduler	true	true		scheduler0	openwhisk_scheduler	1	0a6627085db9c914873af5f2e50bb269	1784761174971000000	19798126493260	openwhisk_scheduler_jvm_mono	recovery/openwhisk/capture/scheduler.filtered.log	174
asyncs-openwhisk-direct-event-v1	C5	asyncs	dynamic-html-derived-v1	60	1	fbb7255dda8b4d25b7255dda8b7d25b3	OW300	1	2	true	latest_ow300_not_after_ow310_tie_first_source_line	scheduler	true	true		scheduler0	openwhisk_scheduler	1	0a6627085db9c914873af5f2e50bb269	1784761174971000000	19798126653875	openwhisk_scheduler_jvm_mono	recovery/openwhisk/capture/scheduler.filtered.log	175
asyncs-openwhisk-direct-event-v1	C5	asyncs	dynamic-html-derived-v1	60	1	fbb7255dda8b4d25b7255dda8b7d25b3	OW300	2	2	false	latest_ow300_not_after_ow310_tie_first_source_line	scheduler	true	true		scheduler0	openwhisk_scheduler	1	0a6627085db9c914873af5f2e50bb269	1784761174971000000	19798126711345	openwhisk_scheduler_jvm_mono	recovery/openwhisk/capture/scheduler.filtered.log	176
asyncs-openwhisk-direct-event-v1	C5	asyncs	dynamic-html-derived-v1	60	1	fbb7255dda8b4d25b7255dda8b7d25b3	OW310	1	1	true	single_direct_observation	invoker	true	true		invoker2	openwhisk_invoker	26523	0a6627085db9c914873af5f2e50bb269	1784761174973000000	19797128843625	openwhisk_invoker_jvm_mono	recovery/openwhisk/capture/invokers.filtered.log	800
asyncs-openwhisk-direct-event-v1	C5	asyncs	dynamic-html-derived-v1	60	1	fbb7255dda8b4d25b7255dda8b7d25b3	OW800	1	1	true	single_direct_observation	invoker	true	true		invoker2	openwhisk_invoker	26523	0a6627085db9c914873af5f2e50bb269	1784761175517000000	19797672143502	openwhisk_invoker_jvm_mono	recovery/openwhisk/capture/invokers.filtered.log	808
asyncs-openwhisk-direct-event-v1	C5	asyncs	dynamic-html-derived-v1	55	1	fcd468360a2f43d39468360a2f53d349	OW120	1	1	true	single_direct_observation	controller	true	true		controller0	openwhisk_controller	1	e7abb58236797821930a4202e17cadcc	1784761174126000000	19797282449178	openwhisk_controller_jvm_mono	recovery/openwhisk/capture/controller.filtered.log	109
asyncs-openwhisk-direct-event-v1	C5	asyncs	dynamic-html-derived-v1	55	1	fcd468360a2f43d39468360a2f53d349	OW150	1	1	true	single_direct_observation	controller	true	true		controller0	openwhisk_controller	1	e7abb58236797821930a4202e17cadcc	1784761174127000000	19797282549522	openwhisk_controller_jvm_mono	recovery/openwhisk/capture/controller.filtered.log	110
asyncs-openwhisk-direct-event-v1	C5	asyncs	dynamic-html-derived-v1	55	1	fcd468360a2f43d39468360a2f53d349	OW260	1	1	true	single_direct_observation	scheduler	true	true		scheduler0	openwhisk_scheduler	1	e7abb58236797821930a4202e17cadcc	1784761174130000000	19797286012058	openwhisk_scheduler_jvm_mono	recovery/openwhisk/capture/scheduler.filtered.log	159
asyncs-openwhisk-direct-event-v1	C5	asyncs	dynamic-html-derived-v1	55	1	fcd468360a2f43d39468360a2f53d349	OW300	1	2	true	latest_ow300_not_after_ow310_tie_first_source_line	scheduler	true	true		scheduler0	openwhisk_scheduler	1	e7abb58236797821930a4202e17cadcc	1784761174130000000	19797286256225	openwhisk_scheduler_jvm_mono	recovery/openwhisk/capture/scheduler.filtered.log	160
asyncs-openwhisk-direct-event-v1	C5	asyncs	dynamic-html-derived-v1	55	1	fcd468360a2f43d39468360a2f53d349	OW300	2	2	false	latest_ow300_not_after_ow310_tie_first_source_line	scheduler	true	true		scheduler0	openwhisk_scheduler	1	e7abb58236797821930a4202e17cadcc	1784761174130000000	19797286315418	openwhisk_scheduler_jvm_mono	recovery/openwhisk/capture/scheduler.filtered.log	161
asyncs-openwhisk-direct-event-v1	C5	asyncs	dynamic-html-derived-v1	55	1	fcd468360a2f43d39468360a2f53d349	OW310	1	1	true	single_direct_observation	invoker	true	true		invoker0	openwhisk_invoker	29163	e7abb58236797821930a4202e17cadcc	1784761174133000000	19797345587187	openwhisk_invoker_jvm_mono	recovery/openwhisk/capture/invokers.filtered.log	137
asyncs-openwhisk-direct-event-v1	C5	asyncs	dynamic-html-derived-v1	55	1	fcd468360a2f43d39468360a2f53d349	OW800	1	1	true	single_direct_observation	invoker	true	true		invoker0	openwhisk_invoker	29163	e7abb58236797821930a4202e17cadcc	1784761174479000000	19797692039487	openwhisk_invoker_jvm_mono	recovery/openwhisk/capture/invokers.filtered.log	140
asyncs-openwhisk-direct-event-v1	C5	asyncs	dynamic-html-derived-v1	181	1	fd5c03227fde4e949c03227fdeee94d1	OW120	1	1	true	single_direct_observation	controller	true	true		controller0	openwhisk_controller	1	e6c6e633c61cd96c5463d726ffe7b114	1784761196389000000	19819545048412	openwhisk_controller_jvm_mono	recovery/openwhisk/capture/controller.filtered.log	361
asyncs-openwhisk-direct-event-v1	C5	asyncs	dynamic-html-derived-v1	181	1	fd5c03227fde4e949c03227fdeee94d1	OW150	1	1	true	single_direct_observation	controller	true	true		controller0	openwhisk_controller	1	e6c6e633c61cd96c5463d726ffe7b114	1784761196389000000	19819545114342	openwhisk_controller_jvm_mono	recovery/openwhisk/capture/controller.filtered.log	362
asyncs-openwhisk-direct-event-v1	C5	asyncs	dynamic-html-derived-v1	181	1	fd5c03227fde4e949c03227fdeee94d1	OW260	1	1	true	single_direct_observation	scheduler	true	true		scheduler0	openwhisk_scheduler	1	e6c6e633c61cd96c5463d726ffe7b114	1784761196393000000	19819548748143	openwhisk_scheduler_jvm_mono	recovery/openwhisk/capture/scheduler.filtered.log	537
asyncs-openwhisk-direct-event-v1	C5	asyncs	dynamic-html-derived-v1	181	1	fd5c03227fde4e949c03227fdeee94d1	OW300	1	2	true	latest_ow300_not_after_ow310_tie_first_source_line	scheduler	true	true		scheduler0	openwhisk_scheduler	1	e6c6e633c61cd96c5463d726ffe7b114	1784761196393000000	19819548975840	openwhisk_scheduler_jvm_mono	recovery/openwhisk/capture/scheduler.filtered.log	538
asyncs-openwhisk-direct-event-v1	C5	asyncs	dynamic-html-derived-v1	181	1	fd5c03227fde4e949c03227fdeee94d1	OW300	2	2	false	latest_ow300_not_after_ow310_tie_first_source_line	scheduler	true	true		scheduler0	openwhisk_scheduler	1	e6c6e633c61cd96c5463d726ffe7b114	1784761196393000000	19819549039594	openwhisk_scheduler_jvm_mono	recovery/openwhisk/capture/scheduler.filtered.log	539
asyncs-openwhisk-direct-event-v1	C5	asyncs	dynamic-html-derived-v1	181	1	fd5c03227fde4e949c03227fdeee94d1	OW310	1	1	true	single_direct_observation	invoker	true	true		invoker2	openwhisk_invoker	26523	e6c6e633c61cd96c5463d726ffe7b114	1784761196395000000	19818550469787	openwhisk_invoker_jvm_mono	recovery/openwhisk/capture/invokers.filtered.log	1153
asyncs-openwhisk-direct-event-v1	C5	asyncs	dynamic-html-derived-v1	181	1	fd5c03227fde4e949c03227fdeee94d1	OW800	1	1	true	single_direct_observation	invoker	true	true		invoker2	openwhisk_invoker	26523	e6c6e633c61cd96c5463d726ffe7b114	1784761196763000000	19818918808599	openwhisk_invoker_jvm_mono	recovery/openwhisk/capture/invokers.filtered.log	1158
