activation_id	http_status	activation_store	store_path
089bcd16ebc7497f9bcd16ebc7297f90	404	skipped	not_on_path
1a38e6821a1c4297b8e6821a1c229795	404	skipped	not_on_path
ea9ea5a1e6bf4f789ea5a1e6bf8f7840	404	skipped	not_on_path
36c4bb57cc6b4e0a84bb57cc6bde0a74	404	skipped	not_on_path
7d19da6a452946de99da6a452916de89	404	skipped	not_on_path
6dc3cab69ff44cb783cab69ff4ecb79e	404	skipped	not_on_path
46b8aaafdd254aeeb8aaafdd254aeed2	404	skipped	not_on_path
b1c37ff6e46444f2837ff6e46454f207	404	skipped	not_on_path
398266b42fdb40be8266b42fdb30be88	404	skipped	not_on_path
7c1849b3080b44a09849b3080b04a067	404	skipped	not_on_path
3819a5dd1e83469f99a5dd1e83569ff7	404	skipped	not_on_path
c677972c5ef447cab7972c5ef4c7cafd	404	skipped	not_on_path
2a28f8017527445aa8f8017527e45a25	404	skipped	not_on_path
b315f284b49641c195f284b496e1c142	404	skipped	not_on_path
baa5837de5154b56a5837de515cb567f	404	skipped	not_on_path
ff01a65b402a4dcb81a65b402a8dcbcd	404	skipped	not_on_path
0db9fb51ba18406cb9fb51ba18e06cb4	404	skipped	not_on_path
db87fe496c55450687fe496c55e50695	404	skipped	not_on_path
d384e7c395d6422a84e7c395d6b22a0e	404	skipped	not_on_path
c04a710825c44c0f8a710825c44c0f1e	404	skipped	not_on_path
499f1139f08542109f1139f085721050	404	skipped	not_on_path
99bf8a7c061a44f8bf8a7c061ab4f858	404	skipped	not_on_path
96c7d8999c9d4e1387d8999c9d9e137d	404	skipped	not_on_path
89f447789ff34ab2b447789ff32ab2e2	404	skipped	not_on_path
559276db49974f479276db4997cf47ef	404	skipped	not_on_path
09ddc5afd1bc4fbe9dc5afd1bc7fbeb7	404	skipped	not_on_path
2c9c652221f741679c652221f7116799	404	skipped	not_on_path
bbeb9e2bb2554243ab9e2bb255e2433f	404	skipped	not_on_path
522b2ec470ff4e4aab2ec470ffee4adc	404	skipped	not_on_path
00e02107394f4d53a02107394fcd532e	404	skipped	not_on_path
8ba41af6e4d14ca6a41af6e4d13ca657	404	skipped	not_on_path
70f11dbfd0ee42c6b11dbfd0ee52c6e4	404	skipped	not_on_path
a5d889f6c116494f9889f6c116894f3d	404	skipped	not_on_path
9cce1b290dc641888e1b290dc6218819	404	skipped	not_on_path
09ab0463276843d2ab04632768a3d28b	404	skipped	not_on_path
8507fbfd844047ae87fbfd8440c7ae31	404	skipped	not_on_path
a9baa24da1814b77baa24da1815b77e2	404	skipped	not_on_path
4cf02e989a964cf6b02e989a961cf64f	404	skipped	not_on_path
1bce146afba942738e146afba9027377	404	skipped	not_on_path
3ff6a1581d21401db6a1581d21301dc2	404	skipped	not_on_path
5dd982b65c6740d59982b65c6740d557	404	skipped	not_on_path
b34614dc74ae44e18614dc74ae54e1c2	404	skipped	not_on_path
baa018f406544a24a018f406543a2456	404	skipped	not_on_path
8c49fb77cd9d440789fb77cd9d7407fe	404	skipped	not_on_path
f1b333056acd4f1ab333056acdff1ab5	404	skipped	not_on_path
bfd512ab481e482f9512ab481e582f7e	404	skipped	not_on_path
7a14d2f6bb364c6e94d2f6bb365c6e9b	404	skipped	not_on_path
11339e84ee5d4da4b39e84ee5dcda437	404	skipped	not_on_path
315ec900c1d34a1f9ec900c1d32a1f1f	404	skipped	not_on_path
0d44cb97b12141be84cb97b12151beb9	404	skipped	not_on_path
9de110d332f34e85a110d332f3ae85bc	404	skipped	not_on_path
fc6f3822f971414daf3822f971214d28	404	skipped	not_on_path
f07e1055af9143fbbe1055af91c3fbef	404	skipped	not_on_path
f6273501293d4ce8a73501293d1ce8cf	404	skipped	not_on_path
24d147e4b72943ec9147e4b72963ec04	404	skipped	not_on_path
be839da84751408f839da84751708ff4	404	skipped	not_on_path
178df2d7570a48038df2d7570a180369	404	skipped	not_on_path
73f24ca388194cd1b24ca38819dcd1ca	404	skipped	not_on_path
2d5a6f9abc7142cf9a6f9abc7162cfa0	404	skipped	not_on_path
0a341d4a8cb54843b41d4a8cb5d8439e	404	skipped	not_on_path
adb1c982a63f438bb1c982a63fe38ba8	404	skipped	not_on_path
3e0f26128feb49108f26128feb991048	404	skipped	not_on_path
10a3f0af6a794d85a3f0af6a79bd85c2	404	skipped	not_on_path
35fd2b3128d04530bd2b3128d0e5301d	404	skipped	not_on_path
850cf3f9730743768cf3f973079376b5	404	skipped	not_on_path
d85c49c829664fc89c49c829663fc880	404	skipped	not_on_path
5d1b4c0b74fd4ee99b4c0b74fd5ee9bc	404	skipped	not_on_path
e673089c42b54c93b3089c42b53c93e9	404	skipped	not_on_path
120ae2d36fad4bd78ae2d36fad3bd780	404	skipped	not_on_path
b4e60cd292f54a60a60cd292f50a6073	404	skipped	not_on_path
b17558c389164052b558c38916c05246	404	skipped	not_on_path
6e6c42ea929541a5ac42ea929531a57a	404	skipped	not_on_path
d8a0d9b564584ceea0d9b564584cee8b	404	skipped	not_on_path
aca0328029004554a032802900155463	404	skipped	not_on_path
e3a4cbc5c5324339a4cbc5c532f3397d	404	skipped	not_on_path
90ea48aa0a9d4395aa48aa0a9d2395b7	404	skipped	not_on_path
47226abccfc24f27a26abccfc29f273c	404	skipped	not_on_path
f32d9f6ad81d4b20ad9f6ad81d7b2079	404	skipped	not_on_path
e146ace6284c4da486ace6284c8da472	404	skipped	not_on_path
643135b9224843b9b135b9224823b966	404	skipped	not_on_path
619e594d389341869e594d38939186f9	404	skipped	not_on_path
0dcd400b62ac49aa8d400b62ac49aab3	404	skipped	not_on_path
fe2c629679aa4cdfac629679aabcdf31	404	skipped	not_on_path
b38a599f704848ad8a599f7048b8ad41	404	skipped	not_on_path
da9f8930a54b4f9a9f8930a54b9f9a82	404	skipped	not_on_path
b83aad57b3f14146baad57b3f101461b	404	skipped	not_on_path
4597c8e907434ee997c8e907439ee96e	404	skipped	not_on_path
e47929df46f84190b929df46f891905f	404	skipped	not_on_path
b923c9cc7e074f0aa3c9cc7e07ff0a83	404	skipped	not_on_path
ff47ff970e484ebf87ff970e481ebf28	404	skipped	not_on_path
b1d9026012bd493c99026012bd293c8c	404	skipped	not_on_path
e08c47a568c0479d8c47a568c0c79df6	404	skipped	not_on_path
7883a91f2812462f83a91f2812662fc4	404	skipped	not_on_path
acb156014ced433fb156014ced233fd8	404	skipped	not_on_path
7f155a8b4cc64e81955a8b4cc68e81a8	404	skipped	not_on_path
1c7be2b9610d4e7dbbe2b9610d0e7d36	404	skipped	not_on_path
fde0e9d595b94b74a0e9d595b94b7401	404	skipped	not_on_path
01d5d45b3486417b95d45b3486117b6e	404	skipped	not_on_path
dbfa7514e2cc4bebba7514e2ccbbebe2	404	skipped	not_on_path
cab5ee7d89c14446b5ee7d89c134463e	404	skipped	not_on_path
4b914a8532ab4f6d914a8532ab5f6dae	404	skipped	not_on_path
99496fd88613441a896fd88613241a39	404	skipped	not_on_path
99b816f052124594b816f05212f5940c	404	skipped	not_on_path
79fb448ec6b44bdbbb448ec6b41bdb04	404	skipped	not_on_path
b9cea0b2d1214e258ea0b2d121de25a4	404	skipped	not_on_path
8daf7ee0645c4b15af7ee0645c3b1570	404	skipped	not_on_path
4b63c9136de74cb8a3c9136de78cb819	404	skipped	not_on_path
e1e29641a4f14c00a29641a4f15c00c4	404	skipped	not_on_path
8788e7f69146454f88e7f69146d54f6e	404	skipped	not_on_path
09a5316e9c0a4215a5316e9c0ac2150b	404	skipped	not_on_path
d279651aacde484ab9651aacde684a88	404	skipped	not_on_path
a2f50f8d77b04860b50f8d77b0686025	404	skipped	not_on_path
bf0e220ecd224d118e220ecd227d1128	404	skipped	not_on_path
0a89e0dc8c844e6e89e0dc8c84fe6e07	404	skipped	not_on_path
57f7e3424c8749f9b7e3424c87b9f92e	404	skipped	not_on_path
1412f33d1a064cb692f33d1a06ccb657	404	skipped	not_on_path
bcfd762310e34c79bd762310e3cc791f	404	skipped	not_on_path
9f4fd99e5c9b4eb08fd99e5c9b2eb085	404	skipped	not_on_path
6cbc953dd1344a72bc953dd134aa7222	404	skipped	not_on_path
5bef2b3e3df047d0af2b3e3df087d090	404	skipped	not_on_path
c84b186245e642688b186245e6e26813	404	skipped	not_on_path
b9ade57f431f45dcade57f431fd5dc09	404	skipped	not_on_path
0dc718a08d884c388718a08d88cc38ff	404	skipped	not_on_path
c8251379b8b64009a51379b8b6600951	404	skipped	not_on_path
6c8c606dadb9448b8c606dadb9648b8a	404	skipped	not_on_path
344b718f90ed41488b718f90ed2148a1	404	skipped	not_on_path
77fb0ce4901b47a8bb0ce4901b57a850	404	skipped	not_on_path
76dd1bf61db548e09d1bf61db518e0ad	404	skipped	not_on_path
6adb98ef83fe41bc9b98ef83fed1bc52	404	skipped	not_on_path
b696b5670c3e4b7396b5670c3e1b7386	404	skipped	not_on_path
71b8712ddbfa417eb8712ddbfa217e42	404	skipped	not_on_path
1fcfd938e96843718fd938e96873717f	404	skipped	not_on_path
eef5a2bdf85747c4b5a2bdf857a7c452	404	skipped	not_on_path
16171f3aa06a47cd971f3aa06a47cdb4	404	skipped	not_on_path
a564d2d4bcab429ba4d2d4bcab129bee	404	skipped	not_on_path
caebf92f8fe346d2abf92f8fe326d2ff	404	skipped	not_on_path
eb1427c39c4143939427c39c41939360	404	skipped	not_on_path
5dcaff35a0a846928aff35a0a896929c	404	skipped	not_on_path
e60b739fea7e4e9a8b739fea7e2e9ab5	404	skipped	not_on_path
45a4424729414faaa4424729413faa92	404	skipped	not_on_path
3a6b503054094baeab503054093bae9c	404	skipped	not_on_path
24dc796886bc461c9c796886bcc61c81	404	skipped	not_on_path
af89215ed7e3440b89215ed7e3d40b02	404	skipped	not_on_path
aa58079de466439698079de466b396df	404	skipped	not_on_path
2b12cdc0a5d3407692cdc0a5d3b076eb	404	skipped	not_on_path
739b729e2c43435b9b729e2c43c35b4e	404	skipped	not_on_path
c55c67dedb094fb79c67dedb093fb7b6	404	skipped	not_on_path
a24cf7255b8440448cf7255b84c0447b	404	skipped	not_on_path
286c180e32d447ecac180e32d437ecf7	404	skipped	not_on_path
502195197038422fa195197038222f7a	404	skipped	not_on_path
b90ff3d8714e47638ff3d8714e876340	404	skipped	not_on_path
f4370acad6574f7ab70acad6575f7a57	404	skipped	not_on_path
e5490aba29c646b0890aba29c6a6b087	404	skipped	not_on_path
dc7fbf2e93f746dcbfbf2e93f746dc15	404	skipped	not_on_path
9075c0eeec8b4a54b5c0eeec8b4a54a4	404	skipped	not_on_path
e0c48360b5e940f3848360b5e950f3b9	404	skipped	not_on_path
ed4046bd7fb34fe58046bd7fb35fe599	404	skipped	not_on_path
b67bbbf7581e4aaabbbbf7581edaaacc	404	skipped	not_on_path
96ac68106837471aac68106837571a9e	404	skipped	not_on_path
56ac1e75dc5c4543ac1e75dc5c654309	404	skipped	not_on_path
6ae6f07905a647c1a6f07905a667c19f	404	skipped	not_on_path
32b22e149dd54cb9b22e149dd52cb903	404	skipped	not_on_path
d50484949a3a43748484949a3a6374a9	404	skipped	not_on_path
60796ce6f5954eccb96ce6f5959eccd6	404	skipped	not_on_path
2670f314e22442afb0f314e22492af57	404	skipped	not_on_path
f8c817dba9524f858817dba9529f8548	404	skipped	not_on_path
969a1ef74d334ddb9a1ef74d334ddbf4	404	skipped	not_on_path
f403ea93c92942f283ea93c92912f2f0	404	skipped	not_on_path
4a459ecdafcf4147859ecdafcfb147e3	404	skipped	not_on_path
2b65878b0be14f36a5878b0be17f3661	404	skipped	not_on_path
f2ff38c424c54c27bf38c424c54c2768	404	skipped	not_on_path
ba5a52f70ee3433c9a52f70ee3f33c90	404	skipped	not_on_path
633cb0e3026a4ae4bcb0e3026a6ae406	404	skipped	not_on_path
2db44db736b14207b44db736b1c20787	404	skipped	not_on_path
d547bfc3242847bb87bfc32428c7bbbe	404	skipped	not_on_path
fc70e570d9a04f19b0e570d9a03f19ca	404	skipped	not_on_path
57d33c8d7f214182933c8d7f21518263	404	skipped	not_on_path
95858784254344478587842543444715	404	skipped	not_on_path
b534166afd5a449ab4166afd5a449a7b	404	skipped	not_on_path
1cf2fc7c83d74e88b2fc7c83d78e8870	404	skipped	not_on_path
7d18126dcb424bff98126dcb424bff04	404	skipped	not_on_path
3b45f0d8bf40428285f0d8bf40a28274	404	skipped	not_on_path
c7a9c3fe7cf94c3ba9c3fe7cf95c3b60	404	skipped	not_on_path
13548099ceb14091948099ceb1d09197	404	skipped	not_on_path
aaabd7655c4f42b6abd7655c4fe2b63b	404	skipped	not_on_path
37a8fcae3dbf4935a8fcae3dbf593514	404	skipped	not_on_path
726a101400b04d2eaa101400b01d2eef	404	skipped	not_on_path
7d2c8f7b109b44aaac8f7b109be4aaf0	404	skipped	not_on_path
19c32d5569dd4e3d832d5569dd3e3dfc	404	skipped	not_on_path
af4818dbd61b45ca8818dbd61b95ca80	404	skipped	not_on_path
ef758fb0bf1f435fb58fb0bf1ff35fa7	404	skipped	not_on_path
f173d286fad748feb3d286fad768feb5	404	skipped	not_on_path
cb5a6e394f424e7e9a6e394f421e7e91	404	skipped	not_on_path
37555eb5db194b89955eb5db191b8972	404	skipped	not_on_path
660de6c68b584c678de6c68b581c67cc	404	skipped	not_on_path
792c3217ef094564ac3217ef09f564a0	404	skipped	not_on_path
d1f0b1a8edaa4372b0b1a8edaa0372a1	404	skipped	not_on_path
c7ddeb34c0984f689deb34c0983f6851	404	skipped	not_on_path
f3d5cc297ec0419595cc297ec02195ec	404	skipped	not_on_path
2cac496f8eb040a9ac496f8eb0c0a945	404	skipped	not_on_path
694257eebf03488b8257eebf03b88bfa	404	skipped	not_on_path
6762b516727a4634a2b516727a863436	404	skipped	not_on_path
0ad6f7c453a041ca96f7c453a031cae5	404	skipped	not_on_path
3e44103904de474a84103904de374a9f	404	skipped	not_on_path
1986c0e10e4342cf86c0e10e4312cf60	404	skipped	not_on_path
cc73a864d6f34fefb3a864d6f33fef52	404	skipped	not_on_path
1404840157fa429b84840157fa629b67	404	skipped	not_on_path
f5e349c30e5342c1a349c30e5382c1e1	404	skipped	not_on_path
4da8294e212e4be4a8294e212e4be4c6	404	skipped	not_on_path
c7a0998c69524fbfa0998c6952dfbfea	404	skipped	not_on_path
d061f862cec84d7da1f862cec8ed7d46	404	skipped	not_on_path
8325650ba172495ea5650ba172195ec1	404	skipped	not_on_path
dc472384ceb44147872384ceb41147bd	404	skipped	not_on_path
e4a75d8347cf4b27a75d8347cfbb270f	404	skipped	not_on_path
e9cb07b35ddb40b78b07b35ddbe0b7c1	404	skipped	not_on_path
489b57eb3d5846e59b57eb3d5856e534	404	skipped	not_on_path
216e8e4d5ba645abae8e4d5ba655ab9e	404	skipped	not_on_path
f2069954f592478b869954f592d78ba2	404	skipped	not_on_path
a1cc4290544e43c08c4290544ec3c005	404	skipped	not_on_path
1abe4ba0face4534be4ba0face75344c	404	skipped	not_on_path
44c6c6790584454386c679058475438f	404	skipped	not_on_path
62457ed5cceb4b13857ed5ccebbb13eb	404	skipped	not_on_path
bba66d72433046bea66d72433076be9c	404	skipped	not_on_path
c813b1d91c7b45dc93b1d91c7b55dc7b	404	skipped	not_on_path
5af7b6d0ebe8466db7b6d0ebe8766dbe	404	skipped	not_on_path
c92085d221264b77a085d221261b77e9	404	skipped	not_on_path
ce9ffd4f871a4c1f9ffd4f871a7c1f92	404	skipped	not_on_path
9a19966d3e2c4de499966d3e2c9de459	404	skipped	not_on_path
cacfe460340e4ab88fe460340efab8d6	404	skipped	not_on_path
8654f3916edb464694f3916edb06468b	404	skipped	not_on_path
c6a9a684b5b44416a9a684b5b404160d	404	skipped	not_on_path
151ba4c326f041899ba4c326f0318975	404	skipped	not_on_path
ce724a10133a499eb24a10133a099e9c	404	skipped	not_on_path
26f67a67264b4236b67a67264bd23693	404	skipped	not_on_path
28cc87ac4a6c464e8c87ac4a6cd64e23	404	skipped	not_on_path
eeeb4c25c69d4adbab4c25c69d9adb91	404	skipped	not_on_path
ab9e66c804704acf9e66c80470bacf30	404	skipped	not_on_path
e9f803f827ab40a2b803f827ab70a29b	404	skipped	not_on_path
272916543c4642b7a916543c4692b783	404	skipped	not_on_path
77f7e6d2f1fd4334b7e6d2f1fd9334f0	404	skipped	not_on_path
43633dd4aae94d43a33dd4aae9dd433b	404	skipped	not_on_path
f6d91b1b01bd417d991b1b01bd117dff	404	skipped	not_on_path
5561678198eb496ca1678198eb096c22	404	skipped	not_on_path
df1818bb260b473e9818bb260b373ebc	404	skipped	not_on_path
545e3ac50bc545769e3ac50bc53576b5	404	skipped	not_on_path
ad1f85bd2312451b9f85bd2312c51bd6	404	skipped	not_on_path
9a73fd412a334b4fb3fd412a332b4f51	404	skipped	not_on_path
38860f7882594c42860f788259ac428c	404	skipped	not_on_path
4635871028f84783b5871028f84783ce	404	skipped	not_on_path
bca186ebab8a47baa186ebab8a77ba03	404	skipped	not_on_path
77c3d1c943474b8383d1c94347cb831f	404	skipped	not_on_path
aaa8dda517fa4b1ea8dda517faab1eca	404	skipped	not_on_path
a92255b2bad047cea255b2bad0f7ce8f	404	skipped	not_on_path
7852e14f81af42fd92e14f81af12fda4	404	skipped	not_on_path
55c2537d14a1473582537d14a137354a	404	skipped	not_on_path
2048f020bfb1428988f020bfb1128968	404	skipped	not_on_path
4e3952261ec9490ab952261ec9a90a9d	404	skipped	not_on_path
2c8cee39b86743ee8cee39b86743eee3	404	skipped	not_on_path
3cc30f5e5bd74752830f5e5bd7c75219	404	skipped	not_on_path
510ff6b8aecf48eb8ff6b8aecf08ebe1	404	skipped	not_on_path
8fe8b773dda54304a8b773dda5930470	404	skipped	not_on_path
767b819e75a64b5dbb819e75a66b5dd9	404	skipped	not_on_path
4cd1b423d4cf473591b423d4cf973528	404	skipped	not_on_path
ddd9602086644744996020866417444d	404	skipped	not_on_path
ff30b314f68749ceb0b314f68719cef3	404	skipped	not_on_path
2bce74934edb43bc8e74934edbb3bcd4	404	skipped	not_on_path
4a7ff1eaa69f4d1dbff1eaa69f9d1dff	404	skipped	not_on_path
50a02b5ed3964f06a02b5ed396cf06f5	404	skipped	not_on_path
461e2920816348e49e2920816388e439	404	skipped	not_on_path
21c9c32fb4be4ad589c32fb4beaad561	404	skipped	not_on_path
998663af945b4f278663af945bff2771	404	skipped	not_on_path
43a8d543a11e4d7ea8d543a11ead7e77	404	skipped	not_on_path
8ec5bdec1a58458b85bdec1a58358b79	404	skipped	not_on_path
75df5dd9f64149d49f5dd9f64199d4d5	404	skipped	not_on_path
d941e365971c401181e365971cc01129	404	skipped	not_on_path
c7131beabf5d4ffd931beabf5d8ffda4	404	skipped	not_on_path
cff4771c76514f2eb4771c76516f2e7e	404	skipped	not_on_path
76863f4ec02f4f2a863f4ec02f6f2a97	404	skipped	not_on_path
b7b8231bd86d405fb8231bd86d505fd1	404	skipped	not_on_path
d7bc7a6a8e3e4df6bc7a6a8e3eadf647	404	skipped	not_on_path
bf6b5bdef75c4f64ab5bdef75cdf64f3	404	skipped	not_on_path
e4f085fb51e140f5b085fb51e1b0f5c9	404	skipped	not_on_path
f6d65338105a4207965338105a120783	404	skipped	not_on_path
867353e36f1b4d51b353e36f1bbd51a4	404	skipped	not_on_path
a44a339e71334f6c8a339e71335f6c81	404	skipped	not_on_path
906e998ce8be46f8ae998ce8be56f839	404	skipped	not_on_path
23a2e73580164963a2e7358016996311	404	skipped	not_on_path
4bf6114b542e4f5bb6114b542e0f5b68	404	skipped	not_on_path
7c4068d1db3541dd8068d1db3501ddb9	404	skipped	not_on_path
068f2b3c4d2c47d08f2b3c4d2cb7d089	404	skipped	not_on_path
b5fa937e87a94bc6ba937e87a94bc675	404	skipped	not_on_path
36b34e7b879e4157b34e7b879ea15710	404	skipped	not_on_path
21e3d8bd6bad49a5a3d8bd6bad29a518	404	skipped	not_on_path
34ceb4a614894d848eb4a614895d845b	404	skipped	not_on_path
e0256ac64591472aa56ac64591e72a4e	404	skipped	not_on_path
bb51b9be84a8417c91b9be84a8817cac	404	skipped	not_on_path
e16724ba0920406da724ba0920906d2f	404	skipped	not_on_path
c0b97850b91b4189b97850b91ba189dc	404	skipped	not_on_path
99822552926344768225529263e476bb	404	skipped	not_on_path
9e183bfd280e4bc7983bfd280ebbc719	404	skipped	not_on_path
a1e6225b91514358a6225b91512358ee	404	skipped	not_on_path
333284b4e41c496fb284b4e41cf96f76	404	skipped	not_on_path
df741fe2a5d447f6b41fe2a5d447f640	404	skipped	not_on_path
5c18708ed3d0442998708ed3d0642998	404	skipped	not_on_path
eb5a051e11264e079a051e11263e07da	404	skipped	not_on_path
0476385b0c5e4074b6385b0c5ed074be	404	skipped	not_on_path
3e86bcd7198d4a3686bcd7198d2a36e4	404	skipped	not_on_path
a157bbf109714fb397bbf109718fb3cd	404	skipped	not_on_path
7e330be872bd432cb30be872bda32c6c	404	skipped	not_on_path
1305e1d89b20423485e1d89b2082347a	404	skipped	not_on_path
65dec1f7a1b143439ec1f7a1b14343b6	404	skipped	not_on_path
61321c51231a460cb21c51231a360ce3	404	skipped	not_on_path
bad6051ddf5347b896051ddf5307b8e0	404	skipped	not_on_path
14c7645692e741e687645692e7b1e680	404	skipped	not_on_path
22b98b61b13c46e6b98b61b13cc6e659	404	skipped	not_on_path
da6b7d616035425aab7d616035725ae8	404	skipped	not_on_path
2804a5e6cbb04fa084a5e6cbb01fa099	404	skipped	not_on_path
c78b008f6e764d3e8b008f6e761d3e4e	404	skipped	not_on_path
6ccf7086dd3a44f68f7086dd3a74f66e	404	skipped	not_on_path
89b5ef80253a4757b5ef80253ac757f4	404	skipped	not_on_path
cb79d4b0e85f4009b9d4b0e85fa00922	404	skipped	not_on_path
b2d7d9cd2dab433297d9cd2daba33238	404	skipped	not_on_path
51dad5b47b4d4cdf9ad5b47b4dacdfbf	404	skipped	not_on_path
c092042d713042b392042d713072b3c8	404	skipped	not_on_path
cedbb2ddd2e14d369bb2ddd2e12d367e	404	skipped	not_on_path
a55aa7e4cc1740909aa7e4cc1770904c	404	skipped	not_on_path
3aa0b7270205436ea0b7270205a36eea	404	skipped	not_on_path
f784256d8b86472e84256d8b86972e0d	404	skipped	not_on_path
ab5a8120d3cc44d59a8120d3cc44d5e1	404	skipped	not_on_path
e135a8c2e1ed47ecb5a8c2e1edd7ec7e	404	skipped	not_on_path
6e99d535fe4440ca99d535fe44d0ca4c	404	skipped	not_on_path
57f1a60a10d9402bb1a60a10d9802b95	404	skipped	not_on_path
588b477d589045a98b477d589085a95d	404	skipped	not_on_path
a0d19d6c54524d56919d6c54528d56da	404	skipped	not_on_path
9f4bf382958b4f498bf382958bcf49f2	404	skipped	not_on_path
5ed227547a084bbf9227547a08cbbfcc	404	skipped	not_on_path
f1a11856802a4c17a11856802aac1753	404	skipped	not_on_path
fd08f989ba5d42ed88f989ba5df2ed97	404	skipped	not_on_path
4bce3385aee548ca8e3385aee5c8cadd	404	skipped	not_on_path
24dcc4505eae46ce9cc4505eaee6ce8a	404	skipped	not_on_path
c4948c6c7fca40a4948c6c7fca10a48e	404	skipped	not_on_path
98720cbaa3314989b20cbaa331898923	404	skipped	not_on_path
3583daacf47040d983daacf470c0d9f9	404	skipped	not_on_path
4459975362b54e1999975362b5ae19dd	404	skipped	not_on_path
560a60851b9143c88a60851b91d3c894	404	skipped	not_on_path
33978245b89c4917978245b89cc9178e	404	skipped	not_on_path
8a67e7b9fe434be4a7e7b9fe43bbe455	404	skipped	not_on_path
565865ca1a6a4a679865ca1a6a8a67ca	404	skipped	not_on_path
489d18eb538143309d18eb5381a330e8	404	skipped	not_on_path
63f1b6be335244fab1b6be3352e4fa2d	404	skipped	not_on_path
f82a8b247e674bbbaa8b247e674bbbef	404	skipped	not_on_path
b507cf111347460887cf111347e60869	404	skipped	not_on_path
216fd5bb079a4041afd5bb079a60418d	404	skipped	not_on_path
5ecf6fe1f5b5412f8f6fe1f5b5112fec	404	skipped	not_on_path
6a5822f6ef5f478e9822f6ef5f578e0b	404	skipped	not_on_path
0616e06fc741490796e06fc741c90710	404	skipped	not_on_path
7078f61eb8d24e9ab8f61eb8d27e9a8b	404	skipped	not_on_path
9433db7576ad4ae7b3db7576ad7ae74e	404	skipped	not_on_path
fafefaccfd6a4780befaccfd6ac78000	404	skipped	not_on_path
f54a0691144c49aa8a0691144c69aac4	404	skipped	not_on_path
eb8325fe28944cdd8325fe28943cdddc	404	skipped	not_on_path
dfb98d18424041bab98d184240c1ba3b	404	skipped	not_on_path
69669cc96e0f4f9aa69cc96e0fef9ab4	404	skipped	not_on_path
6f30defc91bb4209b0defc91bb0209f4	404	skipped	not_on_path
7bc6da2890c146b586da2890c1e6b51c	404	skipped	not_on_path
c10639a15b1b470a8639a15b1b070abd	404	skipped	not_on_path
311948596f6743899948596f67f38963	404	skipped	not_on_path
1fea40d56e5641c5aa40d56e5691c5fb	404	skipped	not_on_path
acaf701c7efe4243af701c7efeb2434f	404	skipped	not_on_path
d9502eb0fa3f4830902eb0fa3f8830c2	404	skipped	not_on_path
d125539c82a642c7a5539c82a6a2c784	404	skipped	not_on_path
7d0e9e411238491e8e9e411238091ed7	404	skipped	not_on_path
90c2dcdcda104f7e82dcdcda10ef7e4a	404	skipped	not_on_path
5cc56237940249308562379402293020	404	skipped	not_on_path
ff9016de830a40ef9016de830a00eff3	404	skipped	not_on_path
98603762e4f74397a03762e4f71397a3	404	skipped	not_on_path
fcdce68649e94dcb9ce68649e97dcb7e	404	skipped	not_on_path
25590c5aebfc4be0990c5aebfcbbe0f6	404	skipped	not_on_path
238443a6348249fa8443a6348239fa2f	404	skipped	not_on_path
79abad39cddf4d86abad39cddf0d86b4	404	skipped	not_on_path
d2d56b041ddb4bfe956b041ddb7bfe61	404	skipped	not_on_path
032e7cb5686c49c8ae7cb5686c29c836	404	skipped	not_on_path
7a5b95a5ae4c472d9b95a5ae4c772dbf	404	skipped	not_on_path
0a384c3f0ae74b81b84c3f0ae74b81d8	404	skipped	not_on_path
928723e022fd4c9f8723e022fddc9f12	404	skipped	not_on_path
98c78f4bfa9d466a878f4bfa9d566ac3	404	skipped	not_on_path
8b69e92f058749aba9e92f058789abf9	404	skipped	not_on_path
42a0d5755a4948e9a0d5755a4998e982	404	skipped	not_on_path
ecc09631e4b147d1809631e4b1f7d144	404	skipped	not_on_path
35e1d5126c744230a1d5126c746230d4	404	skipped	not_on_path
531e483d2b20476b9e483d2b20776b64	404	skipped	not_on_path
0bf2665c23d24294b2665c23d2c2944e	404	skipped	not_on_path
d78bf802295e41ff8bf802295e71ff4a	404	skipped	not_on_path
6ff1d33afc0b43bab1d33afc0bd3ba00	404	skipped	not_on_path
dc60e43d05f44322a0e43d05f423224e	404	skipped	not_on_path
aaaeabc534e848c7aeabc534e818c7b2	404	skipped	not_on_path
d004241d08fe4e5084241d08febe5081	404	skipped	not_on_path
de398c9fe1c64782b98c9fe1c6f782c1	404	skipped	not_on_path
d52129618d514475a129618d51147593	404	skipped	not_on_path
1092c6089ba7434992c6089ba7e34968	404	skipped	not_on_path
185955d529e74d849955d529e75d8415	404	skipped	not_on_path
19e95a311f654fcda95a311f650fcd7a	404	skipped	not_on_path
454f3ea437e34b658f3ea437e35b65cc	404	skipped	not_on_path
0a24e88f40974339a4e88f409743395f	404	skipped	not_on_path
2582e92f76ce44c382e92f76cec4c398	404	skipped	not_on_path
60adc1e570f94fecadc1e570f99fec00	404	skipped	not_on_path
04b2e09e79304e70b2e09e79307e703b	404	skipped	not_on_path
94dce85ca199491e9ce85ca199091e53	404	skipped	not_on_path
1d14074b721c40ab94074b721cd0ab19	404	skipped	not_on_path
155158c0f06349049158c0f06309046c	404	skipped	not_on_path
29f194032fc5402eb194032fc5e02e64	404	skipped	not_on_path
3a1fba006e9f45e39fba006e9ff5e3b3	404	skipped	not_on_path
e737f381dc0a4b21b7f381dc0acb217f	404	skipped	not_on_path
a4b063c3ab494038b063c3ab495038d8	404	skipped	not_on_path
048f6ea0cbf743bf8f6ea0cbf743bf2b	404	skipped	not_on_path
51b941288b764136b941288b76b13622	404	skipped	not_on_path
5aa283e221244ea1a283e221243ea18d	404	skipped	not_on_path
e42e6f3c872046e6ae6f3c8720c6e6c3	404	skipped	not_on_path
abdc0656113b4b3c9c0656113b1b3cfb	404	skipped	not_on_path
a86cd245a3b94c1eacd245a3b9ec1e25	404	skipped	not_on_path
0d486f284a2f4e33886f284a2f1e3367	404	skipped	not_on_path
ca844f952ec648ff844f952ec698ff80	404	skipped	not_on_path
d30ae82600564ed08ae82600568ed00b	404	skipped	not_on_path
e72d8074655e4304ad8074655e1304a8	404	skipped	not_on_path
a09e807f9e434ded9e807f9e437dedd3	404	skipped	not_on_path
dd87513c36a6404287513c36a67042f0	404	skipped	not_on_path
5edd0ea0a47145239d0ea0a471d523bf	404	skipped	not_on_path
c9140d5fc8cd4f7b940d5fc8cd5f7b49	404	skipped	not_on_path
18a4e2a856cd4a6ba4e2a856cd2a6b9c	404	skipped	not_on_path
ebdd42597ba149369d42597ba11936bc	404	skipped	not_on_path
707063cc560e438db063cc560e138da5	404	skipped	not_on_path
5fac5a77c2c543e8ac5a77c2c503e814	404	skipped	not_on_path
dfab8c42ded14edcab8c42ded18edc28	404	skipped	not_on_path
63c6c67f2d4e452e86c67f2d4e552ebf	404	skipped	not_on_path
2f8667503b6d4b848667503b6d2b846d	404	skipped	not_on_path
3770e8571f10412eb0e8571f10112e97	404	skipped	not_on_path
4a0bbc043ed0444c8bbc043ed0944ca8	404	skipped	not_on_path
862dbb27456b4173adbb27456b2173eb	404	skipped	not_on_path
c1c62db323834b88862db32383fb8898	404	skipped	not_on_path
9893cc60bd8140bf93cc60bd81a0bff3	404	skipped	not_on_path
93f6fabd3da541cdb6fabd3da571cd43	404	skipped	not_on_path
4192ccb11b8c457592ccb11b8ce575a3	404	skipped	not_on_path
9a89ab8b05f046eb89ab8b05f046ebab	404	skipped	not_on_path
c59ab2eb8a5f4df29ab2eb8a5f0df218	404	skipped	not_on_path
006c388db19f4480ac388db19fd48076	404	skipped	not_on_path
87956bff659946d4956bff659956d4f9	404	skipped	not_on_path
66296e7decdd4ca5a96e7decdd7ca57b	404	skipped	not_on_path
4619cb9d13de4a7d99cb9d13de3a7d5e	404	skipped	not_on_path
758543e98f9b470a8543e98f9b970afa	404	skipped	not_on_path
52290412cdac4786a90412cdac0786c0	404	skipped	not_on_path
d9f67d58b0834451b67d58b083e451c0	404	skipped	not_on_path
1fd75bbb6deb41ac975bbb6debd1ac46	404	skipped	not_on_path
bf9175f4f94244359175f4f942f4357f	404	skipped	not_on_path
17640cb88af04a05a40cb88af05a050e	404	skipped	not_on_path
b39adb5afd6c47a19adb5afd6ce7a152	404	skipped	not_on_path
15e4a7083be34710a4a7083be3e71096	404	skipped	not_on_path
1ec03596beae48af803596beae08afae	404	skipped	not_on_path
9fab8cf2b0414780ab8cf2b041b780b0	404	skipped	not_on_path
96a8d76b819e4e03a8d76b819e1e03b5	404	skipped	not_on_path
26cd9385257c4b048d9385257c5b04a7	404	skipped	not_on_path
3ed48735bb654bc6948735bb65ebc6fb	404	skipped	not_on_path
70f91a8522a4496eb91a8522a4796eb4	404	skipped	not_on_path
39403e3e55a34e68803e3e55a34e683b	404	skipped	not_on_path
ab471029d9224562871029d922c5629c	404	skipped	not_on_path
7173840e777444f2b3840e777474f29a	404	skipped	not_on_path
35076c34bbcd46c5876c34bbcd46c50d	404	skipped	not_on_path
e51604002687461a9604002687061a28	404	skipped	not_on_path
e57b5d8c62234777bb5d8c6223a777f9	404	skipped	not_on_path
28b8254126ed489fb8254126edd89fb1	404	skipped	not_on_path
70f15ab91521468eb15ab91521668ec2	404	skipped	not_on_path
6543d61c6c55429183d61c6c55f29101	404	skipped	not_on_path
bcaa727d64a740dcaa727d64a790dce3	404	skipped	not_on_path
b77ba721d22645bfbba721d22645bf1e	404	skipped	not_on_path
ea9321b68c3541029321b68c35d10298	404	skipped	not_on_path
70a6054bc25f4141a6054bc25f71413c	404	skipped	not_on_path
e70a7bd2c2184d228a7bd2c2183d22a1	404	skipped	not_on_path
9911381a9dd14c4991381a9dd1ec492a	404	skipped	not_on_path
8dfbccc6f35f4bdfbbccc6f35fbbdfd6	404	skipped	not_on_path
bc37f99010094604b7f9901009c6042d	404	skipped	not_on_path
8aeeb8a9450a4741aeb8a9450a1741c3	404	skipped	not_on_path
a9745bd9b50b4addb45bd9b50bcadd13	404	skipped	not_on_path
07aff72ff270476aaff72ff270476aaa	404	skipped	not_on_path
d43dacce3c234071bdacce3c23a0715a	404	skipped	not_on_path
bce68fceebde4e63a68fceebde5e6392	404	skipped	not_on_path
ead263a5e03247059263a5e032c70587	404	skipped	not_on_path
e543289fad2a490183289fad2a690182	404	skipped	not_on_path
56e9a6128e854287a9a6128e857287b7	404	skipped	not_on_path
85905f3a6771488e905f3a6771388ef7	404	skipped	not_on_path
41ce5746583a4bb98e5746583acbb9e8	404	skipped	not_on_path
2b1fddbfd24e4f139fddbfd24e8f1340	404	skipped	not_on_path
fb9e99ffa75e43fe9e99ffa75ea3fea0	404	skipped	not_on_path
0cb8c2220d4a4cccb8c2220d4a3cccd9	404	skipped	not_on_path
f88abe9383e74fe08abe9383e7efe01d	404	skipped	not_on_path
70e9bb1947f94fa7a9bb1947f9bfa7fa	404	skipped	not_on_path
8750d4c6e82445c990d4c6e82405c90a	404	skipped	not_on_path
183486b4530b423eb486b4530b623e2a	404	skipped	not_on_path
bced98d57f9d492cad98d57f9d592ce7	404	skipped	not_on_path
8a7364f7233840e6b364f7233830e67d	404	skipped	not_on_path
96e340ecc75a4b7ca340ecc75a5b7cc5	404	skipped	not_on_path
ce6907ad684547bca907ad684537bcf1	404	skipped	not_on_path
683d204711a54546bd204711a5754601	404	skipped	not_on_path
9a790f35d2eb4881b90f35d2eb0881a6	404	skipped	not_on_path
97a5fc9a4aa24e46a5fc9a4aa27e46a6	404	skipped	not_on_path
ecbe3884411c454fbe3884411c654f50	404	skipped	not_on_path
7a4cb6cc753e491d8cb6cc753ea91d8e	404	skipped	not_on_path
d9e9f0df56a34b05a9f0df56a37b0579	404	skipped	not_on_path
58f17ba7a9da4f88b17ba7a9da0f8821	404	skipped	not_on_path
d45b22e8ab0748309b22e8ab07783068	404	skipped	not_on_path
c5e97ac415e14818a97ac415e1881854	404	skipped	not_on_path
0f28e259437b4210a8e259437bf21054	404	skipped	not_on_path
12d8da5a8ce3476a98da5a8ce3176a6b	404	skipped	not_on_path
d988518da9e7480888518da9e74808e9	404	skipped	not_on_path
0aee01a8ace4410fae01a8ace4c10f0e	404	skipped	not_on_path
9400fec6cadf460480fec6cadfc604ac	404	skipped	not_on_path
30717534ff684c68b17534ff683c6872	404	skipped	not_on_path
0e7a00383cf44aacba00383cf43aacb7	404	skipped	not_on_path
32a2f578328f48c8a2f578328ff8c85d	404	skipped	not_on_path
de5690a7c07441bd9690a7c07491bd2e	404	skipped	not_on_path
7c323eb1f0414adcb23eb1f041aadc2e	404	skipped	not_on_path
bf56053e80e34c5596053e80e3bc5564	404	skipped	not_on_path
e16ceaf0ad484f7aaceaf0ad487f7a3c	404	skipped	not_on_path
eebcefb19c5a4c32bcefb19c5a5c32b8	404	skipped	not_on_path
7791f5db4b9741b291f5db4b97e1b2b9	404	skipped	not_on_path
e99ec4aaa14a4e3a9ec4aaa14a9e3ae6	404	skipped	not_on_path
5972fa0b0b5a4f58b2fa0b0b5a0f58dc	404	skipped	not_on_path
45d23e338e224560923e338e22a56025	404	skipped	not_on_path
f97453b736f34418b453b736f3e4184e	404	skipped	not_on_path
3644a5ecacbb4b9b84a5ecacbbeb9b2c	404	skipped	not_on_path
4c9067d4c34f40059067d4c34f200518	404	skipped	not_on_path
a6a2db7f07154686a2db7f0715068669	404	skipped	not_on_path
615de334819c4eb69de334819c2eb696	404	skipped	not_on_path
d6126a677935406e926a677935d06e23	404	skipped	not_on_path
3eff6a405e6e400bbf6a405e6e400b13	404	skipped	not_on_path
1a337e0a51e64d32b37e0a51e67d320f	404	skipped	not_on_path
d498bb289c5c4bbd98bb289c5cebbd7a	404	skipped	not_on_path
942917a409a141baa917a409a161baca	404	skipped	not_on_path
af6a60c4948c48b1aa60c4948ce8b153	404	skipped	not_on_path
be9b319bf63b45269b319bf63b2526b3	404	skipped	not_on_path
cdf93436fb754eb5b93436fb755eb537	404	skipped	not_on_path
87f8c7e5e0e14f15b8c7e5e0e14f15fe	404	skipped	not_on_path
aef6908f76bc485db6908f76bc485da2	404	skipped	not_on_path
a12a84ad9798420eaa84ad9798720efd	404	skipped	not_on_path
446cd1f9c0304b7dacd1f9c030fb7d86	404	skipped	not_on_path
474510e0d2af40728510e0d2af80727e	404	skipped	not_on_path
7a83006b7fe84b1b83006b7fe84b1b29	404	skipped	not_on_path
28c991aeb719417e8991aeb719117e6e	404	skipped	not_on_path
4a00b2a7a5294db580b2a7a5293db541	404	skipped	not_on_path
32f00b8110f54f93b00b8110f55f93eb	404	skipped	not_on_path
a9b95fefc44b4530b95fefc44b5530de	404	skipped	not_on_path
5c4b89e953cc45d08b89e953cc85d0c4	404	skipped	not_on_path
7516c8f847a7480696c8f847a7c806d0	404	skipped	not_on_path
c77465858c884179b465858c884179f5	404	skipped	not_on_path
f69896ab4626468c9896ab4626368cb0	404	skipped	not_on_path
1a661a71dfc44197a61a71dfc421974a	404	skipped	not_on_path
bd74d5462e7a4e55b4d5462e7a3e55dc	404	skipped	not_on_path
01161e1d3b8a41fa961e1d3b8af1fa06	404	skipped	not_on_path
999a783cd47e4d649a783cd47e1d6432	404	skipped	not_on_path
29f3255766b74f08b3255766b74f08c1	404	skipped	not_on_path
5285ed92741a4d1585ed92741afd1560	404	skipped	not_on_path
d5f3ec8d0e49440bb3ec8d0e49940bff	404	skipped	not_on_path
5f782a78474d4d09b82a78474dbd096a	404	skipped	not_on_path
e28d63ae9c924da98d63ae9c92bda970	404	skipped	not_on_path
8de32385807f491fa32385807fe91f7d	404	skipped	not_on_path
539fe5e682b44c7d9fe5e682b4fc7db5	404	skipped	not_on_path
f67ca7b5746b44f7bca7b5746b24f763	404	skipped	not_on_path
652d676f6b904e7bad676f6b902e7b99	404	skipped	not_on_path
04981df858574cfe981df85857bcfe0a	404	skipped	not_on_path
4dd979249ac848c69979249ac868c6da	404	skipped	not_on_path
8ef93a93ca3f479bb93a93ca3f779b7a	404	skipped	not_on_path
fc6e090ea1b14782ae090ea1b1a78204	404	skipped	not_on_path
386cee5ac2d347faacee5ac2d3b7fa37	404	skipped	not_on_path
c78de6464439437c8de6464439037ce3	404	skipped	not_on_path
c017733850cc445097733850cc64505b	404	skipped	not_on_path
89f663d930264b47b663d93026cb47b4	404	skipped	not_on_path
13c28935333b47e9828935333b67e9cf	404	skipped	not_on_path
3803cd500b7d42c583cd500b7d42c53e	404	skipped	not_on_path
708932e6b6f3484f8932e6b6f3084f28	404	skipped	not_on_path
328b66e35a1049b68b66e35a1059b670	404	skipped	not_on_path
e0384f8cb1d44ea3b84f8cb1d48ea3ef	404	skipped	not_on_path
df2eaa6206824ca8aeaa620682bca8ac	404	skipped	not_on_path
c42681edd066408ea681edd066c08e11	404	skipped	not_on_path
acefc6a6f8bd4bc3afc6a6f8bdcbc39e	404	skipped	not_on_path
ac504c17fa524d14904c17fa52fd14fb	404	skipped	not_on_path
3b44a7d10ecb478784a7d10ecbe787e1	404	skipped	not_on_path
284c2b5af3e841a38c2b5af3e861a385	404	skipped	not_on_path
ca8a8b52319d4f8e8a8b52319d2f8ec3	404	skipped	not_on_path
e6f8291667024047b8291667020047f2	404	skipped	not_on_path
775b0790c28d44f19b0790c28da4f11c	404	skipped	not_on_path
e7256c894ef446c5a56c894ef436c5fa	404	skipped	not_on_path
7c72c6996fc54460b2c6996fc5d460ab	404	skipped	not_on_path
5cdd7b0747c14a419d7b0747c18a41c1	404	skipped	not_on_path
9e5eb4c4646d44f59eb4c4646df4f518	404	skipped	not_on_path
a7a6af37cd434e8fa6af37cd43ce8fa2	404	skipped	not_on_path
bb5b57e47c894c189b57e47c895c18e1	404	skipped	not_on_path
01b2d25b730a465ab2d25b730a365aa6	404	skipped	not_on_path
288e68b552544e588e68b55254ee5809	404	skipped	not_on_path
4703bf35af6c485b83bf35af6ca85b0a	404	skipped	not_on_path
95d784db17144b229784db17140b2271	404	skipped	not_on_path
896d0d4838c04e03ad0d4838c06e03aa	404	skipped	not_on_path
6000ce88dee3497280ce88dee3597207	404	skipped	not_on_path
929f050989264bdd9f050989265bddaf	404	skipped	not_on_path
b109af35e4fd4e1e89af35e4fdde1ef0	404	skipped	not_on_path
a6a84ae195594c51a84ae19559ac51dc	404	skipped	not_on_path
074b4201861943658b4201861943659d	404	skipped	not_on_path
0f9968b0415043939968b04150139399	404	skipped	not_on_path
c5e0d3e0de71444ea0d3e0de71044e23	404	skipped	not_on_path
3ed8cf5be1654b2998cf5be165fb2983	404	skipped	not_on_path
1e290e70b76d4d4ca90e70b76d6d4c4a	404	skipped	not_on_path
1facaa43a8974736acaa43a8979736ab	404	skipped	not_on_path
4255a75073a2487795a75073a2887786	404	skipped	not_on_path
b8dad26144ad4ef59ad26144ad6ef5fc	404	skipped	not_on_path
15211cb6e77945fda11cb6e779b5fdaa	404	skipped	not_on_path
3ffe9a42988f4793be9a42988fa7934b	404	skipped	not_on_path
8a8f333bcc4842248f333bcc480224b9	404	skipped	not_on_path
207db8cf90df4e44bdb8cf90df2e4422	404	skipped	not_on_path
9886cd7193b34bdd86cd7193b3fbdda6	404	skipped	not_on_path
e40c8c2285cf42ef8c8c2285cf22efb0	404	skipped	not_on_path
8cd6f3af8e834b2c96f3af8e830b2cf0	404	skipped	not_on_path
aa7a2d3c90cf4bc3ba2d3c90cf5bc337	404	skipped	not_on_path
343fd97ad95146d0bfd97ad951c6d0cd	404	skipped	not_on_path
cba560e1a085433aa560e1a085a33ada	404	skipped	not_on_path
ace526e882da4360a526e882da8360bd	404	skipped	not_on_path
2fed8a6e73924b03ad8a6e73924b03fe	404	skipped	not_on_path
31f18e3f708048d1b18e3f7080b8d15a	404	skipped	not_on_path
8d5a897725c6433b9a897725c6433b80	404	skipped	not_on_path
c33c7ff22c3544e2bc7ff22c3504e243	404	skipped	not_on_path
33d21ae36d294b18921ae36d296b1847	404	skipped	not_on_path
3b1aa50bb40b49829aa50bb40b298259	404	skipped	not_on_path
31b550ad04864199b550ad0486b19946	404	skipped	not_on_path
38f8fb3330884369b8fb33308873691d	404	skipped	not_on_path
aab4ad4ed12f4695b4ad4ed12f36951f	404	skipped	not_on_path
22a24d9dd15f4b57a24d9dd15fcb570c	404	skipped	not_on_path
59ff2c43c43a4e09bf2c43c43aee09b3	404	skipped	not_on_path
628820bd89984f168820bd89988f16fe	404	skipped	not_on_path
0410c525f6fc4b3d90c525f6fc8b3d44	404	skipped	not_on_path
0966eab7b57744aea6eab7b577b4ae6e	404	skipped	not_on_path
3aa49b5b547b40b9a49b5b547b90b9a1	404	skipped	not_on_path
6637273146be4060b7273146beb06093	404	skipped	not_on_path
8525be067471459fa5be067471159f04	404	skipped	not_on_path
0f506e9cd805400b906e9cd805800ba3	404	skipped	not_on_path
1005c95777a0467485c95777a0a674f4	404	skipped	not_on_path
023b5e8dac1b4cfebb5e8dac1b7cfe83	404	skipped	not_on_path
6613e3e311dd4e3793e3e311dd7e37d7	404	skipped	not_on_path
32e0a930c3c944dba0a930c3c9b4dbfe	404	skipped	not_on_path
d2bb1746da4a4444bb1746da4a4444a3	404	skipped	not_on_path
2c03094da2ec42ca83094da2ec12cac7	404	skipped	not_on_path
1e7890fed2ba46a6b890fed2ba36a65a	404	skipped	not_on_path
7eb2dd40638e44e5b2dd40638e54e542	404	skipped	not_on_path
939d5acc25fd49f99d5acc25fd79f9d7	404	skipped	not_on_path
4e2aebf0c70743c6aaebf0c70773c6d7	404	skipped	not_on_path
373c0428d77b49e8bc0428d77bb9e8a6	404	skipped	not_on_path
72e6b9d97e004a2aa6b9d97e00ca2a1d	404	skipped	not_on_path
7ad076019e5e4bd49076019e5e9bd44b	404	skipped	not_on_path
0bb7f94a448445b4b7f94a448405b4ae	404	skipped	not_on_path
fe49caa05556446089caa05556446025	404	skipped	not_on_path
ab759982be81446eb59982be81e46ef2	404	skipped	not_on_path
8667526b983e46b8a7526b983e66b8ca	404	skipped	not_on_path
705bbce6f879418e9bbce6f879918e12	404	skipped	not_on_path
3e95c542d1404d5395c542d1407d53a8	404	skipped	not_on_path
0857689c4f9e4e3f97689c4f9e5e3f5a	404	skipped	not_on_path
b3f90f6f5cba4cc8b90f6f5cba7cc8f7	404	skipped	not_on_path
7b402f0b63b24157802f0b63b26157de	404	skipped	not_on_path
d396222767f849d596222767f809d5dd	404	skipped	not_on_path
9b6f71e104694379af71e10469637946	404	skipped	not_on_path
24628ffa3a214210a28ffa3a21121086	404	skipped	not_on_path
accaa157e92243618aa157e9223361c8	404	skipped	not_on_path
498bffed175e41c68bffed175eb1c6be	404	skipped	not_on_path
71596767fdc344d4996767fdc324d4d0	404	skipped	not_on_path
04a35770b8184a89a35770b8182a8991	404	skipped	not_on_path
ce1129a296d940b29129a296d9a0b2ed	404	skipped	not_on_path
2aeca386a463467eaca386a463667e50	404	skipped	not_on_path
7809ec4caf0f4b1b89ec4caf0f8b1b9c	404	skipped	not_on_path
17e0345d9a2046dea0345d9a20c6de01	404	skipped	not_on_path
fa4f0d8dba5147d68f0d8dba5107d675	404	skipped	not_on_path
6450d9d013894a6990d9d013896a6980	404	skipped	not_on_path
30842c550d564416842c550d56841635	404	skipped	not_on_path
631347e8487749439347e84877194388	404	skipped	not_on_path
456a708ff67d4b53aa708ff67dbb5301	404	skipped	not_on_path
56453e6399e541d2853e6399e581d233	404	skipped	not_on_path
c505566f55ed431385566f55ed73137e	404	skipped	not_on_path
534e492854de45208e492854dea5207d	404	skipped	not_on_path
9cce89d595ab4fed8e89d595ab5fedf3	404	skipped	not_on_path
39c6f8eacc8542a986f8eacc8572a9ae	404	skipped	not_on_path
8df407ada1714854b407ada171c85427	404	skipped	not_on_path
1ab934ddcbac45d6b934ddcbac45d6c0	404	skipped	not_on_path
52d10965dab4463c910965dab4263c51	404	skipped	not_on_path
c82d5a67ea8b45acad5a67ea8b05acf1	404	skipped	not_on_path
14d9d5f4d1b4495e99d5f4d1b4695ea9	404	skipped	not_on_path
fbba378e2a574d74ba378e2a576d7429	404	skipped	not_on_path
5a70a401ea38416fb0a401ea38916f1b	404	skipped	not_on_path
3a2712f203d744a7a712f203d784a717	404	skipped	not_on_path
a11baebf28db4d6c9baebf28db3d6c36	404	skipped	not_on_path
550f3fa909244dcb8f3fa909245dcb6b	404	skipped	not_on_path
0955ce5e7a36495995ce5e7a36195914	404	skipped	not_on_path
84d0da5759044a9690da5759042a967c	404	skipped	not_on_path
030873d6e87a4b038873d6e87abb0357	404	skipped	not_on_path
e98049c7717e40648049c7717e806453	404	skipped	not_on_path
d37a23519c3547a1ba23519c3557a1e6	404	skipped	not_on_path
9393c1fbf889436593c1fbf889e36526	404	skipped	not_on_path
590c01db657a48078c01db657a3807d3	404	skipped	not_on_path
6f7270bf97da49dbb270bf97dac9dbd7	404	skipped	not_on_path
da311e54cfbe409cb11e54cfbe809ca6	404	skipped	not_on_path
c24eaccc93f441df8eaccc93f4d1df81	404	skipped	not_on_path
86e117e78778451ba117e78778851bb9	404	skipped	not_on_path
d5522a95bfe1435f922a95bfe1e35f36	404	skipped	not_on_path
89ff74fa1390416bbf74fa1390c16bb3	404	skipped	not_on_path
c8685fff51e14818a85fff51e1c81858	404	skipped	not_on_path
4ea90cf4e0ba44a0a90cf4e0ba74a005	404	skipped	not_on_path
5bf01d5aea494e74b01d5aea49be7479	404	skipped	not_on_path
bc3654a91fe94d0db654a91fe9ad0d65	404	skipped	not_on_path
75c5f6a3c01a4e3985f6a3c01a3e39d3	404	skipped	not_on_path
5542e60b439149e482e60b4391d9e4b3	404	skipped	not_on_path
b467031cc492425ba7031cc492c25b14	404	skipped	not_on_path
9557f1d04b0845d897f1d04b08b5d85a	404	skipped	not_on_path
443fedf6418e44cbbfedf6418e54cbe3	404	skipped	not_on_path
3514922ceef941bd94922ceef931bd36	404	skipped	not_on_path
f54f1f59fca7415d8f1f59fca7115d06	404	skipped	not_on_path
9d47e537e3a34fa987e537e3a36fa9d5	404	skipped	not_on_path
c917157341fe42f397157341feb2f385	404	skipped	not_on_path
b615f793b41a463095f793b41ae63039	404	skipped	not_on_path
1a4f7ec544a5442f8f7ec544a5c42fa3	404	skipped	not_on_path
4f548454bb774f7c948454bb770f7c9c	404	skipped	not_on_path
b317e609228b41c797e609228bd1c7f0	404	skipped	not_on_path
a9b1fc6480e4452cb1fc6480e4e52cb5	404	skipped	not_on_path
7722b8600ca1422ba2b8600ca1922b6f	404	skipped	not_on_path
314d6c6dd1ed44da8d6c6dd1edb4da3f	404	skipped	not_on_path
1103d3401b7d4fe983d3401b7dafe9f1	404	skipped	not_on_path
52887772d88049d5887772d880c9d539	404	skipped	not_on_path
844a5a621ed244498a5a621ed244499c	404	skipped	not_on_path
9af70fba1efd4c7fb70fba1efdfc7fce	404	skipped	not_on_path
372cd99690ac46b5acd99690ace6b5cc	404	skipped	not_on_path
e13d711c3f874c64bd711c3f875c64c9	404	skipped	not_on_path
ff44cac7fd23456684cac7fd23556637	404	skipped	not_on_path
38915f34237843ff915f34237893ff21	404	skipped	not_on_path
893216afcb5548ddb216afcb5588ddfb	404	skipped	not_on_path
2058f0fdf4de49c298f0fdf4ded9c27e	404	skipped	not_on_path
fc739b5027b34eafb39b5027b39eaf69	404	skipped	not_on_path
25d49e88fe9745a8949e88fe9725a8c0	404	skipped	not_on_path
54b2fe7e43ac4c3fb2fe7e43ac7c3fbd	404	skipped	not_on_path
e90d6e6765e14ba48d6e6765e1bba493	404	skipped	not_on_path
0b7e45d40a224b27be45d40a222b271a	404	skipped	not_on_path
b4268995f5334893a68995f533089375	404	skipped	not_on_path
fde6384aa5c14d96a6384aa5c1bd969f	404	skipped	not_on_path
0605d89d24a9493485d89d24a96934b3	404	skipped	not_on_path
72a28169d5164105a28169d516b1057e	404	skipped	not_on_path
a7cd79fa2d5e4ab48d79fa2d5efab4ba	404	skipped	not_on_path
e4eebe4f52dd45f3aebe4f52ddc5f35c	404	skipped	not_on_path
c0aac5633c3f4eb1aac5633c3fceb1f8	404	skipped	not_on_path
f73c8e1a067542f3bc8e1a067572f3f6	404	skipped	not_on_path
14ace93a0e394fb2ace93a0e39bfb22d	404	skipped	not_on_path
77d2dc2a1ac14cc892dc2a1ac10cc8a1	404	skipped	not_on_path
43d4dbbb57af418894dbbb57af818858	404	skipped	not_on_path
0e391ccebac64183b91ccebac6c183af	404	skipped	not_on_path
f1b830c8561a463db830c8561a263d16	404	skipped	not_on_path
5bd1304b3c0e49c391304b3c0eb9c3ab	404	skipped	not_on_path
05d7d39ccc604dbf97d39ccc605dbfa3	404	skipped	not_on_path
b4048435c4f44b4c848435c4f44b4c81	404	skipped	not_on_path
0a8130db35d148aa8130db35d1c8aaea	404	skipped	not_on_path
ec9eab029599409f9eab029599f09f28	404	skipped	not_on_path
f8b5ab1e7bbc4694b5ab1e7bbc0694a3	404	skipped	not_on_path
bc10024a919d465a90024a919d865a21	404	skipped	not_on_path
444d8d624a1648b08d8d624a1648b0bd	404	skipped	not_on_path
f1378d3f8fc74980b78d3f8fc7398054	404	skipped	not_on_path
34bcb9785fe24147bcb9785fe2a147e2	404	skipped	not_on_path
8f7f3f3878d94129bf3f3878d92129ff	404	skipped	not_on_path
9e2159d941b3458da159d941b3858d80	404	skipped	not_on_path
1980496057934fc38049605793afc34a	404	skipped	not_on_path
d61ab4afb4d549a09ab4afb4d5b9a0b1	404	skipped	not_on_path
a61382bfa24748929382bfa247289291	404	skipped	not_on_path
8f18d4268960478398d42689606783fb	404	skipped	not_on_path
b9c08056f53c4d86808056f53cbd86ad	404	skipped	not_on_path
093112d057b141f3b112d057b1b1f3f6	404	skipped	not_on_path
3abce39c22c44f21bce39c22c43f21ac	404	skipped	not_on_path
bbda11e196344cf49a11e19634fcf46f	404	skipped	not_on_path
ccdf5ebceff64d699f5ebceff64d692e	404	skipped	not_on_path
11e0149bad414e43a0149bad411e4388	404	skipped	not_on_path
af363ec779d04c02b63ec779d0fc022a	404	skipped	not_on_path
9f475a49d25f41c6875a49d25fd1c669	404	skipped	not_on_path
abfb467d598f4a49bb467d598f7a4901	404	skipped	not_on_path
93c2fbc3a8d44a4e82fbc3a8d4fa4ef2	404	skipped	not_on_path
c3ec7aa23dc441d7ac7aa23dc4a1d78e	404	skipped	not_on_path
60e3860b28a3403fa3860b28a3703fd4	404	skipped	not_on_path
23a582d581964ad2a582d581961ad20e	404	skipped	not_on_path
31b5880e669c4e8db5880e669c2e8d03	404	skipped	not_on_path
08cb78d4675745d88b78d4675705d8eb	404	skipped	not_on_path
e07cbe90db554266bcbe90db550266fa	404	skipped	not_on_path
601d4efaba0e42e09d4efaba0e22e029	404	skipped	not_on_path
59dd545b308944409d545b30890440ca	404	skipped	not_on_path
da405355ea784c37805355ea789c3741	404	skipped	not_on_path
90b54c55e2b64f5bb54c55e2b6bf5b00	404	skipped	not_on_path
3a298078e3644f25a98078e364ff25c9	404	skipped	not_on_path
879be11a6d6e494d9be11a6d6ed94dd1	404	skipped	not_on_path
e86ebedde2e246a9aebedde2e266a931	404	skipped	not_on_path
e7c0cae0bcd34e5180cae0bcd3de5195	404	skipped	not_on_path
a25d43f4da184f399d43f4da18ff39e8	404	skipped	not_on_path
00fd158e3a7d4356bd158e3a7d0356e3	404	skipped	not_on_path
db7a3bde568f4879ba3bde568fc87986	404	skipped	not_on_path
0ebba3fd119f44cabba3fd119f84cada	404	skipped	not_on_path
8a30635288674e7db0635288673e7d52	404	skipped	not_on_path
65a71d5bbb364449a71d5bbb3674497f	404	skipped	not_on_path
731791ac12a24aef9791ac12a21aefb4	404	skipped	not_on_path
0df9ba9df3da475ab9ba9df3da175a78	404	skipped	not_on_path
7f2e66cab5df483dae66cab5dfc83d6a	404	skipped	not_on_path
e85bff6448cc46bc9bff6448cc46bc3a	404	skipped	not_on_path
b9d076fbdfde47e79076fbdfdeb7e7b7	404	skipped	not_on_path
5354a5582c39439c94a5582c39b39c47	404	skipped	not_on_path
26841358e51c484f841358e51cb84f29	404	skipped	not_on_path
4e55d79553fc406895d79553fc0068ec	404	skipped	not_on_path
4ca7121232114e5ca7121232114e5c33	404	skipped	not_on_path
e4c48c6d386948f6848c6d386928f6a3	404	skipped	not_on_path
1b1e177c1e3b44449e177c1e3b6444f1	404	skipped	not_on_path
82fc26bbbcd141fdbc26bbbcd141fd19	404	skipped	not_on_path
01987155c5994713987155c5994713af	404	skipped	not_on_path
b1538597b1d84b9f938597b1d81b9f20	404	skipped	not_on_path
daae4a1847ad4c39ae4a1847ad4c39fb	404	skipped	not_on_path
0388a5aef240463a88a5aef240a63a59	404	skipped	not_on_path
f954dc1b88a94d0994dc1b88a93d099d	404	skipped	not_on_path
3cc2d7e2094d40d682d7e2094df0d686	404	skipped	not_on_path
86c09c4c765d407d809c4c765d707d29	404	skipped	not_on_path
d884cc7f5ef5418a84cc7f5ef5318a14	404	skipped	not_on_path
2bbe8a62b4104082be8a62b410f08253	404	skipped	not_on_path
ff2e253dba224e13ae253dba22ee1333	404	skipped	not_on_path
47b03039a22b48b4b03039a22b18b431	404	skipped	not_on_path
fbc1da56d54d466381da56d54d2663f3	404	skipped	not_on_path
7024d2c791fb4f23a4d2c791fbcf235d	404	skipped	not_on_path
c5184bb130404006984bb130401006ea	404	skipped	not_on_path
3a78e6b9646e4d0cb8e6b9646e8d0ce9	404	skipped	not_on_path
5d7ff8f9242f4b13bff8f9242f4b1360	404	skipped	not_on_path
5b1f465969214eea9f46596921feeab6	404	skipped	not_on_path
df60ca57451c4379a0ca57451c437944	404	skipped	not_on_path
bd8c9488cc4e4b298c9488cc4ecb29ef	404	skipped	not_on_path
a1a73c6397774ff4a73c6397771ff477	404	skipped	not_on_path
8323308e892f4062a3308e892f80622b	404	skipped	not_on_path
e44dbe74ee604ac18dbe74ee603ac1be	404	skipped	not_on_path
c9536856d37e41c5936856d37e51c53e	404	skipped	not_on_path
fd49a319fda1407189a319fda1d071f7	404	skipped	not_on_path
b7e7c465d5e44204a7c465d5e432046f	404	skipped	not_on_path
acc48d1a8beb4c2e848d1a8bebcc2ec5	404	skipped	not_on_path
5f897b2ed20646e8897b2ed206c6e86c	404	skipped	not_on_path
8e70cb000b434a63b0cb000b439a6395	404	skipped	not_on_path
0407c76e917846d487c76e9178d6d423	404	skipped	not_on_path
3e6055aa4ab74327a055aa4ab70327d2	404	skipped	not_on_path
a7865b3fbeca4769865b3fbeca47690b	404	skipped	not_on_path
5272a73ec2ef40f2b2a73ec2ef60f228	404	skipped	not_on_path
c5ad9f3b05cf4fbdad9f3b05cfdfbda6	404	skipped	not_on_path
a68463dd22d64fb28463dd22d66fb20c	404	skipped	not_on_path
9f149d9d0a1b485c949d9d0a1b685c52	404	skipped	not_on_path
a3007dca924b4924807dca924b9924ab	404	skipped	not_on_path
2eec96368fdf427fac96368fdf027ff4	404	skipped	not_on_path
f77aa500f79446f7baa500f79406f71e	404	skipped	not_on_path
2b4cc487dda84b9f8cc487dda86b9f4d	404	skipped	not_on_path
f6ede80a47ce4798ade80a47cee7987f	404	skipped	not_on_path
b3821a2a661a48b6821a2a661ae8b619	404	skipped	not_on_path
1df0c635ee2d4291b0c635ee2d6291da	404	skipped	not_on_path
59ec44e3a54a446fac44e3a54a546fd0	404	skipped	not_on_path
bcf19075f367433fb19075f367c33fd6	404	skipped	not_on_path
b3c5f6e9b04649cf85f6e9b046e9cfc7	404	skipped	not_on_path
57196b0eed464b32996b0eed46bb324b	404	skipped	not_on_path
9ca225bcb8054cfba225bcb8052cfb2a	404	skipped	not_on_path
c1c83823bcb34032883823bcb3303282	404	skipped	not_on_path
16f5ebf02fdc4f03b5ebf02fdcbf030b	404	skipped	not_on_path
7367b47a4f0a4a20a7b47a4f0aba208b	404	skipped	not_on_path
0a4e57f5c5c3417e8e57f5c5c3217eee	404	skipped	not_on_path
de283ef44a8847a9a83ef44a88d7a95b	404	skipped	not_on_path
ace7059a616e4200a7059a616ee2006f	404	skipped	not_on_path
2ff565571de54494b565571de5549416	404	skipped	not_on_path
b915f4427b374dd395f4427b37cdd37d	404	skipped	not_on_path
1d5c86be7e744e639c86be7e744e63a5	404	skipped	not_on_path
5cb267da1c9d4e1bb267da1c9dae1b57	404	skipped	not_on_path
8e048f0ba63a4c28848f0ba63adc2820	404	skipped	not_on_path
392b33a5ea624c08ab33a5ea62ac08a2	404	skipped	not_on_path
a4c4c09347494eca84c09347491ecad4	404	skipped	not_on_path
c3275217285940bea75217285980be15	404	skipped	not_on_path
64066dbe5ff04689866dbe5ff05689a0	404	skipped	not_on_path
85fa7c0f1e304106ba7c0f1e30710655	404	skipped	not_on_path
b49dc49c51c7494c9dc49c51c7994c46	404	skipped	not_on_path
8fd00eed6adc4025900eed6adce025e6	404	skipped	not_on_path
50de62eb43c342149e62eb43c392140a	404	skipped	not_on_path
79e10080c3c04fe0a10080c3c0bfe0b8	404	skipped	not_on_path
59e2bd076975479aa2bd076975179a9e	404	skipped	not_on_path
b8eea1c130764bbcaea1c13076ebbcb4	404	skipped	not_on_path
0a1af9bbe4cc4c9c9af9bbe4cc0c9c46	404	skipped	not_on_path
24c45a65143b4f62845a65143bbf62f4	404	skipped	not_on_path
5d92722f36ae4e0d92722f36aebe0db8	404	skipped	not_on_path
08477010272f4d69877010272f9d69ed	404	skipped	not_on_path
66a5c24b3f8a4b7aa5c24b3f8a7b7ad4	404	skipped	not_on_path
8adeabe5d9894dd09eabe5d9897dd045	404	skipped	not_on_path
48488baaa7c3458b888baaa7c3658b32	404	skipped	not_on_path
533aa2e565294e61baa2e565296e619a	404	skipped	not_on_path
37d090502fc146d19090502fc1c6d13b	404	skipped	not_on_path
139955b6e6aa44119955b6e6aa841177	404	skipped	not_on_path
ca0e7df4fc9349628e7df4fc93396250	404	skipped	not_on_path
06ba59c0d599466fba59c0d599666fb2	404	skipped	not_on_path
02784fee284c4186b84fee284cb18640	404	skipped	not_on_path
7929094edfcb4cb2a9094edfcbecb254	404	skipped	not_on_path
5f3409668f374b2bb409668f370b2b3d	404	skipped	not_on_path
55a509388ddb4632a509388ddb963224	404	skipped	not_on_path
51d5f6c158e34d6795f6c158e3bd675a	404	skipped	not_on_path
5851f411ae354e1491f411ae356e1455	404	skipped	not_on_path
7bd29cd2723e4d7a929cd2723e6d7aa8	404	skipped	not_on_path
dac0f56f46eb492080f56f46eba920f3	404	skipped	not_on_path
120af66e5ddf49378af66e5ddfb93789	404	skipped	not_on_path
a7fae9b515f74bd0bae9b515f72bd04d	404	skipped	not_on_path
d3466ce9b41c4dbf866ce9b41c9dbfc2	404	skipped	not_on_path
39ab0ac5588f4845ab0ac5588f584558	404	skipped	not_on_path
f240a17254f1493080a17254f1593058	404	skipped	not_on_path
e6e784c5d814472ea784c5d814e72eca	404	skipped	not_on_path
b005a57839ec41ff85a57839ec31ff56	404	skipped	not_on_path
05680b18fec54791a80b18fec5c79179	404	skipped	not_on_path
9366bc230b824b89a6bc230b821b89a2	404	skipped	not_on_path
bb44d07cd01d44f184d07cd01d24f1c9	404	skipped	not_on_path
628cd7d669044e728cd7d66904de72e9	404	skipped	not_on_path
1365e443387f4490a5e443387ff49051	404	skipped	not_on_path
9b5e10b5196b4ac69e10b5196b6ac696	404	skipped	not_on_path
28603c737be4402ea03c737be4302e9a	404	skipped	not_on_path
38a5e0a2f4e24161a5e0a2f4e201612e	404	skipped	not_on_path
9852e219746c4c4592e219746c0c4597	404	skipped	not_on_path
7107ab6000c84f6e87ab6000c8af6ef4	404	skipped	not_on_path
ff9913a1d1aa45339913a1d1aa05332e	404	skipped	not_on_path
efa9a61cdfa14fbba9a61cdfa12fbb04	404	skipped	not_on_path
ff1a16b1907249a49a16b1907299a4d6	404	skipped	not_on_path
94dc8fad875540989c8fad8755d09825	404	skipped	not_on_path
b0e409efeab4472aa409efeab4572ab1	404	skipped	not_on_path
c9e65fc778984d69a65fc77898dd69dc	404	skipped	not_on_path
c29fea896968462d9fea896968362d4b	404	skipped	not_on_path
232c7c3d729b4020ac7c3d729b402066	404	skipped	not_on_path
d0f9b62a5f644fefb9b62a5f64cfefb7	404	skipped	not_on_path
973db378bae54739bdb378bae5e73902	404	skipped	not_on_path
f6ee7d31031d4a6fae7d31031d1a6f66	404	skipped	not_on_path
0de61014044e49d4a61014044e19d42a	404	skipped	not_on_path
ade78b70911e4fb8a78b70911e0fb86c	404	skipped	not_on_path
5ce86638c8c14359a86638c8c1d3599e	404	skipped	not_on_path
a37964f49e774d14b964f49e77ad1442	404	skipped	not_on_path
36c6bf3e5afb4b4786bf3e5afb4b4798	404	skipped	not_on_path
d59b74ad72994bf09b74ad72990bf05a	404	skipped	not_on_path
501697dc45a3447b9697dc45a3547bd5	404	skipped	not_on_path
3d35b8a86a1b4bb1b5b8a86a1b9bb187	404	skipped	not_on_path
56b28a7c03934b49b28a7c0393cb4978	404	skipped	not_on_path
f4560e20f86b4958960e20f86b59580b	404	skipped	not_on_path
0d1854be51a9475c9854be51a9275c51	404	skipped	not_on_path
8d32b3bc99234e0db2b3bc9923ee0d0a	404	skipped	not_on_path
b4eab14bbd564c0baab14bbd564c0bbf	404	skipped	not_on_path
682d572c3e1c4410ad572c3e1ce41027	404	skipped	not_on_path
9c3ccbd96a61487abccbd96a61d87a90	404	skipped	not_on_path
26fca604b2e74b05bca604b2e78b0508	404	skipped	not_on_path
4537b0b223d0452eb7b0b223d0752e46	404	skipped	not_on_path
bf4eea5bbce045cc8eea5bbce035cce0	404	skipped	not_on_path
956ba3d746e74ad7aba3d746e74ad7b5	404	skipped	not_on_path
f1fedbedf7bd4204bedbedf7bdd20436	404	skipped	not_on_path
7ee686c5941f4440a686c5941f3440c8	404	skipped	not_on_path
29ffc56b5ee14948bfc56b5ee1d9480c	404	skipped	not_on_path
34dd360eba4945079d360eba493507de	404	skipped	not_on_path
8b030da5ad8248e2830da5ad8288e285	404	skipped	not_on_path
5055f593ed6b467e95f593ed6ba67e06	404	skipped	not_on_path
7fdb912d099248869b912d0992188637	404	skipped	not_on_path
e19563d3e45f4a3e9563d3e45f8a3eb7	404	skipped	not_on_path
17357f4f85e24f25b57f4f85e27f253e	404	skipped	not_on_path
f65ad1081e504d869ad1081e504d8673	404	skipped	not_on_path
ba56d3f1a1b945c496d3f1a1b955c4c3	404	skipped	not_on_path
e6f30c0bf2fc4b78b30c0bf2fc2b786a	404	skipped	not_on_path
a623996f4f8543a5a3996f4f85e3a59a	404	skipped	not_on_path
e70f844b0b2240fd8f844b0b2280fd4f	404	skipped	not_on_path
17a079808ebe4338a079808ebe03389d	404	skipped	not_on_path
530cce4f64c149328cce4f64c1293232	404	skipped	not_on_path
c4732cb2722546f1b32cb27225d6f12a	404	skipped	not_on_path
450bb99caa554f838bb99caa555f839e	404	skipped	not_on_path
3a7674e838d74fc7b674e838d7efc782	404	skipped	not_on_path
e89484284335442b9484284335942b21	404	skipped	not_on_path
dc78ec425a6946d4b8ec425a6986d4ad	404	skipped	not_on_path
762a25db42d94021aa25db42d9702128	404	skipped	not_on_path
a17a886deab94354ba886deab9c35402	404	skipped	not_on_path
1f2bc6a34d094987abc6a34d0929874c	404	skipped	not_on_path
3c7374ae680b4a62b374ae680b5a6208	404	skipped	not_on_path
a72dfbeaf29140efadfbeaf291a0ef19	404	skipped	not_on_path
85a80913a5194057a80913a519f057bc	404	skipped	not_on_path
c1b8871159cd4f81b8871159cdff8163	404	skipped	not_on_path
b7a1458da8ab4c03a1458da8abcc03a3	404	skipped	not_on_path
2458bd5fb12c469b98bd5fb12c469b12	404	skipped	not_on_path
05d373c1f2b249019373c1f2b2990131	404	skipped	not_on_path
28d73734a8994105973734a899f1054a	404	skipped	not_on_path
cd1b0d6b40a74c4d9b0d6b40a71c4d4a	404	skipped	not_on_path
b197794d6e1d4d6a97794d6e1dad6aa6	404	skipped	not_on_path
e5938581132a411b938581132ae11b87	404	skipped	not_on_path
84032be0517d4881832be0517d4881f4	404	skipped	not_on_path
fac87252bbdc4976887252bbdca976d6	404	skipped	not_on_path
0547a8beeaf0428687a8beeaf0a286c5	404	skipped	not_on_path
1511c1c8d036435691c1c8d036c356c2	404	skipped	not_on_path
e1884d25a0c649e7884d25a0c629e791	404	skipped	not_on_path
e594b85af21945a794b85af219e5a74d	404	skipped	not_on_path
9415d1550402430295d1550402d30279	404	skipped	not_on_path
c91d4ac83fa747539d4ac83fa797536a	404	skipped	not_on_path
a22932fee7894356a932fee789a356f9	404	skipped	not_on_path
cc16a66ddeb64f7996a66ddeb60f790c	404	skipped	not_on_path
90dc3b7539504b849c3b7539505b8444	404	skipped	not_on_path
657047ef3cd44637b047ef3cd4163774	404	skipped	not_on_path
589dea48f26a4d269dea48f26a1d26ab	404	skipped	not_on_path
67f6f2391d3d4c81b6f2391d3d0c8141	404	skipped	not_on_path
a4fa334b34e54fe1ba334b34e5ffe12c	404	skipped	not_on_path
6fed0cdc2c18457ead0cdc2c18057e35	404	skipped	not_on_path
4f695ac484f340f8a95ac484f390f841	404	skipped	not_on_path
9199e982191f43e199e982191fc3e1b3	404	skipped	not_on_path
28d8d113866c47c198d113866c97c1c2	404	skipped	not_on_path
e8dc12729d9748e39c12729d9778e350	404	skipped	not_on_path
1a92ea2a4836498992ea2a4836498953	404	skipped	not_on_path
bbeb3b81e80841e7ab3b81e80851e708	404	skipped	not_on_path
950bccdb76e14fe88bccdb76e14fe8a8	404	skipped	not_on_path
6fa0582b8a9145cca0582b8a9155cc9a	404	skipped	not_on_path
605b1e2aebe444849b1e2aebe47484a6	404	skipped	not_on_path
43d71c1b109f44c3971c1b109f64c342	404	skipped	not_on_path
0c6e23c536cd4dacae23c536cdadac3c	404	skipped	not_on_path
11c57f976ac8492e857f976ac8f92ec0	404	skipped	not_on_path
7576a94aeeeb43f1b6a94aeeebd3f1a4	404	skipped	not_on_path
a72f5b56dd714e36af5b56dd71be3647	404	skipped	not_on_path
8e72d39fc9d143f2b2d39fc9d183f295	404	skipped	not_on_path
8975cfeee5db4e8bb5cfeee5db1e8b3c	404	skipped	not_on_path
1eabc54c99ac4958abc54c99acc9582a	404	skipped	not_on_path
3731ae7a0b9d492db1ae7a0b9db92de3	404	skipped	not_on_path
7fdd386c2bac49b89d386c2bace9b858	404	skipped	not_on_path
505c0f3e1a5b4ef89c0f3e1a5b7ef889	404	skipped	not_on_path
b24606c7c78b4efc8606c7c78bcefc14	404	skipped	not_on_path
6a6d095ee9134d1ead095ee9139d1e20	404	skipped	not_on_path
5586c10c2e7d498c86c10c2e7d998c9d	404	skipped	not_on_path
6498d0b0281f47ab98d0b0281fb7ab8e	404	skipped	not_on_path
319901704ce643ab9901704ce613abdf	404	skipped	not_on_path
d4e124db15b34222a124db15b39222b9	404	skipped	not_on_path
53c82460b0d54cc1882460b0d54cc1da	404	skipped	not_on_path
5f9b6c824d554d999b6c824d551d99b0	404	skipped	not_on_path
39f5da58c4e844b4b5da58c4e824b4c0	404	skipped	not_on_path
b00e9c08c4904e148e9c08c490ae1430	404	skipped	not_on_path
8467e288781448a5a7e2887814c8a5fe	404	skipped	not_on_path
05129606141f44d0929606141f34d093	404	skipped	not_on_path
15c1cb83f9ed4cde81cb83f9ed7cde6a	404	skipped	not_on_path
ae4def2ceca74d5c8def2ceca7bd5c5a	404	skipped	not_on_path
b56c604a21834e1eac604a2183ee1e9c	404	skipped	not_on_path
6fccda9aff984e0d8cda9aff98be0dbd	404	skipped	not_on_path
cb3c08e5d93a40fbbc08e5d93a20fb60	404	skipped	not_on_path
567e633198464cf4be633198465cf4fb	404	skipped	not_on_path
53d1784a87b3419c91784a87b3319cca	404	skipped	not_on_path
65f44691a18a41f5b44691a18ab1f5d4	404	skipped	not_on_path
ad7ce14b98c14073bce14b98c1407332	404	skipped	not_on_path
1c717542cd6046a0b17542cd6016a0a3	404	skipped	not_on_path
375af733c9f349909af733c9f3a99066	404	skipped	not_on_path
c1d19e67ec514e8e919e67ec516e8e5c	404	skipped	not_on_path
5348465c1ee546c988465c1ee5c6c932	404	skipped	not_on_path
8c7f7092b36f4fb3bf7092b36fcfb3a1	404	skipped	not_on_path
56a34f4658dd4526a34f4658ddb52647	404	skipped	not_on_path
84478cd45f8f4c9a878cd45f8fdc9af7	404	skipped	not_on_path
26acd777da8348b3acd777da83c8b352	404	skipped	not_on_path
bc22690e23d54691a2690e23d58691b7	404	skipped	not_on_path
dc3023dc5df54cbdb023dc5df59cbdf4	404	skipped	not_on_path
23fae215a3e249dabae215a3e259da73	404	skipped	not_on_path
2d3406c2d619470fb406c2d619a70f88	404	skipped	not_on_path
151ca58d7dc3412e9ca58d7dc3112e49	404	skipped	not_on_path
2a539069d86e4186939069d86e918616	404	skipped	not_on_path
601d507b4c084b189d507b4c08cb1834	404	skipped	not_on_path
fd27d19788404c79a7d19788403c79af	404	skipped	not_on_path
16bc18b51ddb4527bc18b51ddb75279c	404	skipped	not_on_path
8413fafac6e14ff493fafac6e12ff4a2	404	skipped	not_on_path
33006f5d818a4781806f5d818ae7811b	404	skipped	not_on_path
eeee6d8f978d4af6ae6d8f978d6af66c	404	skipped	not_on_path
085f6ce0ac8d4ead9f6ce0ac8d4eadde	404	skipped	not_on_path
e192be0b477744c992be0b4777b4c9d3	404	skipped	not_on_path
713c0ddda21c46f8bc0ddda21c36f86a	404	skipped	not_on_path
db4f1721b6a642e98f1721b6a6c2e9f7	404	skipped	not_on_path
737a9f9371fd4125ba9f9371fdc12503	404	skipped	not_on_path
d5ea683a715046a7aa683a715066a790	404	skipped	not_on_path
744bb9893bd647be8bb9893bd617be85	404	skipped	not_on_path
8f0134de73b34aa38134de73b3baa3fd	404	skipped	not_on_path
bb635e88e4334984a35e88e433898475	404	skipped	not_on_path
5d10da6c39074da090da6c3907fda008	404	skipped	not_on_path
be07edf12d3a48ab87edf12d3aa8ab69	404	skipped	not_on_path
fcde8e137abd47849e8e137abd2784a1	404	skipped	not_on_path
d40afd78454642258afd784546f22520	404	skipped	not_on_path
0607288809f7454687288809f74546c6	404	skipped	not_on_path
d378e5543c5e478ab8e5543c5e578a84	404	skipped	not_on_path
da3c391cb7074628bc391cb707b6281b	404	skipped	not_on_path
a8751dcc95ed496fb51dcc95ed196f6c	404	skipped	not_on_path
addc4e2b7fe14f2e9c4e2b7fe13f2e75	404	skipped	not_on_path
e97073ed1a0242abb073ed1a0202ab71	404	skipped	not_on_path
8b2946626a5a424ba946626a5a224b20	404	skipped	not_on_path
57b1c1f34b5a4b80b1c1f34b5a7b8001	404	skipped	not_on_path
d26fd0f3910b4ec8afd0f3910b0ec8d6	404	skipped	not_on_path
094c0af6618a43c08c0af6618a03c08f	404	skipped	not_on_path
7c85c3fa1348415585c3fa1348915542	404	skipped	not_on_path
92edb5dbb1dc413aadb5dbb1dc913a94	404	skipped	not_on_path
b945c7429d04411385c7429d04011366	404	skipped	not_on_path
695c24aed064486c9c24aed064886cf7	404	skipped	not_on_path
fdedeeb404da489eadeeb404da089e9b	404	skipped	not_on_path
b9f8705dbb6f4ed5b8705dbb6f4ed540	404	skipped	not_on_path
c875c887155d48dab5c887155dc8da45	404	skipped	not_on_path
6869b3fdff4740fda9b3fdff47c0fdfe	404	skipped	not_on_path
aea20fa0d44e4048a20fa0d44ed0481c	404	skipped	not_on_path
1dc5cc01ae8a452b85cc01ae8a952b8a	404	skipped	not_on_path
479a48fbda96480a9a48fbda96580aee	404	skipped	not_on_path
1b33c94e80d047d6b3c94e80d0c7d64b	404	skipped	not_on_path
4d31c62065ff4137b1c62065ffc13706	404	skipped	not_on_path
a75bea77bf5d4f099bea77bf5d6f090b	404	skipped	not_on_path
8ff86f83fbdc486eb86f83fbdc886eae	404	skipped	not_on_path
c3d3a1beaa3d43fe93a1beaa3df3fe18	404	skipped	not_on_path
ac2217e6fca6493ba217e6fca6193b62	404	skipped	not_on_path
b095284ddbaa443195284ddbaa943105	404	skipped	not_on_path
e788cff7c0634c4a88cff7c0634c4ae1	404	skipped	not_on_path
c220ee4f9d0546f8a0ee4f9d0516f8c1	404	skipped	not_on_path
a2a8b57f64204a2ea8b57f64206a2e5e	404	skipped	not_on_path
0e362d4565ec4399b62d4565ec23993c	404	skipped	not_on_path
dbd8fa724132421998fa724132821916	404	skipped	not_on_path
2dabed79eefc46afabed79eefc66af12	404	skipped	not_on_path
6d7b586065014356bb58606501e356f5	404	skipped	not_on_path
5804a51bd737478e84a51bd737e78e20	404	skipped	not_on_path
155b3f73b936463b9b3f73b936363bd2	404	skipped	not_on_path
35ba1552ffbf4a70ba1552ffbf5a705a	404	skipped	not_on_path
0332199fdebf4d43b2199fdebf9d43e9	404	skipped	not_on_path
9258940ecfe249b498940ecfe269b45a	404	skipped	not_on_path
447facae2c9c46edbfacae2c9c06ed77	404	skipped	not_on_path
fe0c39043afd41268c39043afdc126fa	404	skipped	not_on_path
84b649895bf94351b649895bf9635130	404	skipped	not_on_path
2d407c865d3e4e3f807c865d3ebe3f22	404	skipped	not_on_path
be950e4652d947e2950e4652d9a7e2a7	404	skipped	not_on_path
3674b6c91991408db4b6c91991408d0c	404	skipped	not_on_path
67bd66d183694062bd66d18369a06216	404	skipped	not_on_path
e533fbe4f5ec4ebab3fbe4f5ecaebabc	404	skipped	not_on_path
4d5a77017d8448fa9a77017d8418fa83	404	skipped	not_on_path
a4edfb9ec67e4456adfb9ec67e845663	404	skipped	not_on_path
6092e590e74e474892e590e74e974881	404	skipped	not_on_path
bab5e3359f5a462bb5e3359f5aa62b78	404	skipped	not_on_path
fb44f3e85c4e4d5584f3e85c4e5d557e	404	skipped	not_on_path
70cbbe9087274e5f8bbe9087270e5f25	404	skipped	not_on_path
a7d2f65a2044454492f65a20442544d8	404	skipped	not_on_path
a63e23d0bde04377be23d0bde08377e9	404	skipped	not_on_path
9962ba7e16d74ed9a2ba7e16d7ded9cf	404	skipped	not_on_path
25749c7d429e41b8b49c7d429e21b8c8	404	skipped	not_on_path
bb1a853e47fd46ce9a853e47fd16ceaf	404	skipped	not_on_path
0d128b5a8a2b40cd928b5a8a2bd0cd00	404	skipped	not_on_path
5b50b4f663e64c7e90b4f663e6dc7e34	404	skipped	not_on_path
f8fdfbe034e145dabdfbe034e105da1e	404	skipped	not_on_path
7b43f1f6dbd34f3f83f1f6dbd39f3fc8	404	skipped	not_on_path
2c02ee04a87a4cbd82ee04a87accbdc8	404	skipped	not_on_path
ce9702a0309848a29702a0309898a23e	404	skipped	not_on_path
02a54dad86654c37a54dad8665dc37a2	404	skipped	not_on_path
6f899b440c224f2c899b440c22af2c23	404	skipped	not_on_path
31493775358542608937753585c26009	404	skipped	not_on_path
63dc2418a36648fa9c2418a366b8fa8c	404	skipped	not_on_path
f53609fa61d34ce8b609fa61d37ce80e	404	skipped	not_on_path
5e2ee0f03d024154aee0f03d02e15410	404	skipped	not_on_path
3b7d8c864c0a4354bd8c864c0ab35427	404	skipped	not_on_path
34e94941b54a4052a94941b54a3052b1	404	skipped	not_on_path
fe0771d277c3470f8771d277c3870fcb	404	skipped	not_on_path
2e13e8942c3f469f93e8942c3f969fde	404	skipped	not_on_path
e086eda459d9443086eda459d9f4307a	404	skipped	not_on_path
905e7eb69e7642e99e7eb69e76d2e919	404	skipped	not_on_path
e2d45a03cc5c43d0945a03cc5ce3d083	404	skipped	not_on_path
d2ef63bf8eb14438af63bf8eb1b4389e	404	skipped	not_on_path
99d1203604cf402091203604cff0200b	404	skipped	not_on_path
89e626fea1ea4dc3a626fea1eacdc35d	404	skipped	not_on_path
c55f3e6a62934dfe9f3e6a6293cdfe96	404	skipped	not_on_path
9a5803b6c91c417d9803b6c91c717d67	404	skipped	not_on_path
e15ec6a0efe340ed9ec6a0efe390ed35	404	skipped	not_on_path
633d5acc23834759bd5acc2383475996	404	skipped	not_on_path
901bac468f734a969bac468f739a962e	404	skipped	not_on_path
6d0e602a6d804a9f8e602a6d80ca9f6b	404	skipped	not_on_path
31b91082b9c345c4b91082b9c385c4bc	404	skipped	not_on_path
6ffb262ac3734fcfbb262ac373dfcffe	404	skipped	not_on_path
1bec94dc805b4a6dac94dc805b4a6d61	404	skipped	not_on_path
4994bf0007c34dc494bf0007c37dc434	404	skipped	not_on_path
c993e5c2127e4cb593e5c2127eacb506	404	skipped	not_on_path
efe93a721fbc42a8a93a721fbcf2a8df	404	skipped	not_on_path
21e6cbdce49d4b31a6cbdce49dfb3190	404	skipped	not_on_path
e54008d2abf14a0d8008d2abf18a0dcd	404	skipped	not_on_path
287eeeea37be48b5beeeea37be58b552	404	skipped	not_on_path
997fe438ff734827bfe438ff733827cd	404	skipped	not_on_path
74819f49c35b4d1e819f49c35b4d1eb1	404	skipped	not_on_path
675456b82d1d47ee9456b82d1d27eeca	404	skipped	not_on_path
6701a20d02384ab981a20d02387ab920	404	skipped	not_on_path
00400c12e6224917800c12e6222917ce	404	skipped	not_on_path
4b13761cfe4c4c6c93761cfe4c2c6c4e	404	skipped	not_on_path
45d4cbb43e0e488794cbb43e0e78873a	404	skipped	not_on_path
c0210f99f71c43dca10f99f71cc3dc2c	404	skipped	not_on_path
b63ef0f63a984662bef0f63a98a66273	404	skipped	not_on_path
2c597f548a5948f0997f548a59f8f0d1	404	skipped	not_on_path
61239dc3ef9644b2a39dc3ef96f4b233	404	skipped	not_on_path
4672224beb3149f2b2224beb3119f28f	404	skipped	not_on_path
39fa04e189f94240ba04e189f9e240ec	404	skipped	not_on_path
e7dd91603e60475e9d91603e60375e88	404	skipped	not_on_path
8e22933e661c4a0ea2933e661c2a0ea7	404	skipped	not_on_path
cdc31e5be0904527831e5be090c5277d	404	skipped	not_on_path
d433e837519c4cc5b3e837519c3cc519	404	skipped	not_on_path
b5470776265846898707762658868972	404	skipped	not_on_path
2438f87dd9ad431bb8f87dd9ad731b88	404	skipped	not_on_path
74ba0030a81b4ae4ba0030a81beae4f7	404	skipped	not_on_path
c4d3c9c22f4b46a693c9c22f4b86a69b	404	skipped	not_on_path
032eea6cc8d1475caeea6cc8d1175c00	404	skipped	not_on_path
430bb18888924eb88bb18888924eb8e8	404	skipped	not_on_path
0604dc196beb406b84dc196beb506b2b	404	skipped	not_on_path
11fcc98e61444b39bcc98e61447b390a	404	skipped	not_on_path
9147b50b834e4f0d87b50b834e8f0dbd	404	skipped	not_on_path
6f482f6dd6eb4f00882f6dd6ebbf0022	404	skipped	not_on_path
cdbcb318378d4c67bcb318378d2c671d	404	skipped	not_on_path
f3af8ed37be049d5af8ed37be049d54e	404	skipped	not_on_path
5a2aecc1c07e40faaaecc1c07ef0faa7	404	skipped	not_on_path
baec369a642f459cac369a642f059ca3	404	skipped	not_on_path
e4c6ba4dea4740e686ba4dea47f0e61d	404	skipped	not_on_path
a5beb326388d4982beb326388d1982b9	404	skipped	not_on_path
936598e330714cf3a598e330712cf333	404	skipped	not_on_path
42f89d03b1e9471cb89d03b1e9971c10	404	skipped	not_on_path
0a16e673b837464196e673b837f641ed	404	skipped	not_on_path
8e4e5202254847fc8e5202254817fc25	404	skipped	not_on_path
c1e63419582e4daca63419582e9dac23	404	skipped	not_on_path
60d1328cd186411991328cd186411985	404	skipped	not_on_path
0be17b6b141f42bda17b6b141f02bd46	404	skipped	not_on_path
8307cb436542495b87cb436542795b28	404	skipped	not_on_path
edf2f7b3b04a4da8b2f7b3b04a5da86a	404	skipped	not_on_path
9dbbb0db76084159bbb0db7608d159a8	404	skipped	not_on_path
06092dce842143b3892dce8421f3b322	404	skipped	not_on_path
6048ce80ddcb48f188ce80ddcb68f1a7	404	skipped	not_on_path
f013f70da2a1427f93f70da2a1327fd4	404	skipped	not_on_path
a6fbf27785ff4d5abbf27785fffd5a91	404	skipped	not_on_path
2f327a466d394e82b27a466d399e826b	404	skipped	not_on_path
8db6d8e2f9a94330b6d8e2f9a9c330c6	404	skipped	not_on_path
2d60a8979f194498a0a8979f1964983c	404	skipped	not_on_path
4789a0152ac043cf89a0152ac003cf3f	404	skipped	not_on_path
a5916f02a19648d5916f02a19638d5d8	404	skipped	not_on_path
abe6307ecdf24f2da6307ecdf20f2deb	404	skipped	not_on_path
a485a54194ff492585a54194ffb92592	404	skipped	not_on_path
ee4d2a3cbe7a44398d2a3cbe7a543936	404	skipped	not_on_path
57fb4dea82174f95bb4dea82173f95f1	404	skipped	not_on_path
b428c091ab2b4e2fa8c091ab2b4e2fe4	404	skipped	not_on_path
0fed9844bbc949ddad9844bbc949dd1f	404	skipped	not_on_path
70b12487a982432cb12487a982932c3c	404	skipped	not_on_path
2613f4837ebd466393f4837ebdf663cb	404	skipped	not_on_path
8e83a011cdfc4e7e83a011cdfcae7ef0	404	skipped	not_on_path
d1e0dfbf030a464aa0dfbf030ae64a16	404	skipped	not_on_path
d1bcf63ea3a640a6bcf63ea3a670a62f	404	skipped	not_on_path
e222928c7ff24827a2928c7ff258276f	404	skipped	not_on_path
a1ccde1a34a744d88cde1a34a744d8b1	404	skipped	not_on_path
089cbe2ac4ec43f89cbe2ac4ec43f873	404	skipped	not_on_path
f684cc6de9294f2384cc6de929af236b	404	skipped	not_on_path
4ab77fedda52461bb77fedda52c61b8d	404	skipped	not_on_path
ee085cb9f348465b885cb9f348e65bd3	404	skipped	not_on_path
91bb6e1c26454bf3bb6e1c26456bf3d6	404	skipped	not_on_path
25b637ef6ad74742b637ef6ad7b7421c	404	skipped	not_on_path
1b5923573b4e44bf9923573b4e64bf3c	404	skipped	not_on_path
2cc363ad1bbe457d8363ad1bbeb57d82	404	skipped	not_on_path
6600b0d0509444de80b0d0509494de34	404	skipped	not_on_path
375896559bf44fb99896559bf41fb969	404	skipped	not_on_path
a0035519f4544cc7835519f4546cc7d2	404	skipped	not_on_path
2ffc5228e0da4693bc5228e0dae69330	404	skipped	not_on_path
5d3b0c8953f94b40bb0c8953f91b40ea	404	skipped	not_on_path
382f0a8d0de6421caf0a8d0de6a21cf2	404	skipped	not_on_path
e9cd788846bb4b908d788846bb6b9028	404	skipped	not_on_path
e1536360fdd44641936360fdd47641a3	404	skipped	not_on_path
4519801d0cdf438d99801d0cdfc38dc4	404	skipped	not_on_path
f01602f6100b408d9602f6100b208d54	404	skipped	not_on_path
47a3b7ff6cdb4949a3b7ff6cdb894956	404	skipped	not_on_path
d4d7966c465549ba97966c465589ba1f	404	skipped	not_on_path
2525eddafaab4a29a5eddafaabfa2969	404	skipped	not_on_path
4a22c8c1eea44876a2c8c1eea4d876f8	404	skipped	not_on_path
4114e335218d469894e335218d569859	404	skipped	not_on_path
7e0fe42e209941de8fe42e209921ded2	404	skipped	not_on_path
3994871fab9b450494871fab9b250431	404	skipped	not_on_path
129369ce652c49c99369ce652c79c99a	404	skipped	not_on_path
cf76b449c9634bbeb6b449c963fbbe60	404	skipped	not_on_path
cc64c22e4e864ffda4c22e4e86affd69	404	skipped	not_on_path
cba9091c96724b8fa9091c96720b8f4e	404	skipped	not_on_path
47a0652789304153a06527893061531f	404	skipped	not_on_path
120c5aa7ad7b42158c5aa7ad7b021511	404	skipped	not_on_path
f65dffef7ace44e49dffef7acec4e4ed	404	skipped	not_on_path
a46fd2688a7f42a8afd2688a7f32a8b6	404	skipped	not_on_path
9037bfc90d524876b7bfc90d523876d1	404	skipped	not_on_path
62ac167022bf401dac167022bf501d55	404	skipped	not_on_path
81f67c6ad7964d49b67c6ad7965d493e	404	skipped	not_on_path
42f4a956f51b4f67b4a956f51b0f679e	404	skipped	not_on_path
764d87ae761e43628d87ae761e8362b6	404	skipped	not_on_path
ce77ae8c0b9348c3b7ae8c0b93f8c36f	404	skipped	not_on_path
c0a1dbd1e18444f2a1dbd1e18444f247	404	skipped	not_on_path
5b5a0e6839c84c909a0e6839c87c9088	404	skipped	not_on_path
9f62ff430c1e4390a2ff430c1ee390d1	404	skipped	not_on_path
e7bef07d58c04191bef07d58c03191e1	404	skipped	not_on_path
3c7f16fe3ec147fcbf16fe3ec137fcdb	404	skipped	not_on_path
1d74fed1de6f44a5b4fed1de6f44a5b2	404	skipped	not_on_path
a211b220b97146e691b220b971e6e693	404	skipped	not_on_path
b726585ac6c64e69a6585ac6c6de69a3	404	skipped	not_on_path
6cd9389b2767455899389b2767e558fc	404	skipped	not_on_path
7276a501d4fd453fb6a501d4fd553f6f	404	skipped	not_on_path
312a32390ef14437aa32390ef174372b	404	skipped	not_on_path
888006af1c1d442a8006af1c1d242a72	404	skipped	not_on_path
b4b9947e60884613b9947e6088e6139a	404	skipped	not_on_path
7527e20c96c74363a7e20c96c7f3633c	404	skipped	not_on_path
b28cd1b94cf94c698cd1b94cf99c69c8	404	skipped	not_on_path
efc2032ee1784e3e82032ee178de3e18	404	skipped	not_on_path
1ce921552dba4ed8a921552dbafed872	404	skipped	not_on_path
be690d74f8a64e0aa90d74f8a6de0ae6	404	skipped	not_on_path
de36016aedbf4a08b6016aedbf8a08c1	404	skipped	not_on_path
984aa6ce9a1945d08aa6ce9a19d5d0f9	404	skipped	not_on_path
f4ac257f65eb487eac257f65eb087ea0	404	skipped	not_on_path
68a9231f42d34bd3a9231f42d3abd387	404	skipped	not_on_path
ae13b73dc926489193b73dc926e891f0	404	skipped	not_on_path
35043e4c352b45a0843e4c352bc5a014	404	skipped	not_on_path
6256806b03cd491596806b03cdc915c9	404	skipped	not_on_path
3034d7b9074e4c93b4d7b9074ecc9315	404	skipped	not_on_path
2095fe5c22b54f1895fe5c22b5ef18f5	404	skipped	not_on_path
9de23ffef4e64046a23ffef4e66046c1	404	skipped	not_on_path
3b1336530aa74c669336530aa74c665a	404	skipped	not_on_path
5187cb966da84d4687cb966da82d46a0	404	skipped	not_on_path
17b395401b734113b395401b7311131c	404	skipped	not_on_path
a0b0f663bfe54e61b0f663bfe52e61f6	404	skipped	not_on_path
f1e29af279f74a5fa29af279f71a5fe4	404	skipped	not_on_path
45f7919ef7a14fc6b7919ef7a1afc6aa	404	skipped	not_on_path
c5980a360ae54d5f980a360ae5dd5fd5	404	skipped	not_on_path
da8daf57bb7c43088daf57bb7c230875	404	skipped	not_on_path
5ddb3818c1dd40af9b3818c1dde0af1f	404	skipped	not_on_path
7cf204a1f31647d6b204a1f31697d6fa	404	skipped	not_on_path
d62af94c8bc64b94aaf94c8bc66b9432	404	skipped	not_on_path
3ad5cfa088124edb95cfa088124edb94	404	skipped	not_on_path
3488af76229b48aa88af76229b78aac4	404	skipped	not_on_path
5459bd93b632490799bd93b632c907d3	404	skipped	not_on_path
31a699eab96f43aaa699eab96f53aa4e	404	skipped	not_on_path
f857d986467c41bf97d986467c21bfc0	404	skipped	not_on_path
cbb0ca4d67f9451db0ca4d67f9a51dd7	404	skipped	not_on_path
848c072e4a584b678c072e4a581b67f6	404	skipped	not_on_path
6b91a7b2e50a402f91a7b2e50ab02ffb	404	skipped	not_on_path
38287b7fbcbe4f05a87b7fbcbe6f05af	404	skipped	not_on_path
322838e064984226a838e06498a226c8	404	skipped	not_on_path
bc7f3d67c7d04fdebf3d67c7d0ffdef9	404	skipped	not_on_path
eba5af7184c14a5ba5af7184c17a5b00	404	skipped	not_on_path
7c4122f0f6e44d738122f0f6e4ed736d	404	skipped	not_on_path
c0dc3a48bc9e4d9f9c3a48bc9ebd9fe8	404	skipped	not_on_path
085c9480d4364fd89c9480d4364fd8d3	404	skipped	not_on_path
e232f4e2328b48fbb2f4e2328bb8fbd6	404	skipped	not_on_path
5de6ff46ce0c4a1aa6ff46ce0cca1ac2	404	skipped	not_on_path
69ff2a1440ff4ee8bf2a1440ff8ee83b	404	skipped	not_on_path
a9f2f05ad2a545dfb2f05ad2a535dff5	404	skipped	not_on_path
44cb033d755f46aa8b033d755fc6aa2d	404	skipped	not_on_path
8e693d58dab54aafa93d58dab59aaf8b	404	skipped	not_on_path
8bf916e0ecbb49edb916e0ecbb59edbc	404	skipped	not_on_path
77f27e5d7fcb45e0b27e5d7fcbf5e0ed	404	skipped	not_on_path
e2325be6f58b45a0b25be6f58bf5a040	404	skipped	not_on_path
2f1a7b598edd4e7c9a7b598edd1e7c79	404	skipped	not_on_path
a2e781aee70a4975a781aee70a9975f1	404	skipped	not_on_path
99448ee0dc014483848ee0dc01a48370	404	skipped	not_on_path
f2bfd1de684e42d5bfd1de684e82d565	404	skipped	not_on_path
6e9c3fb7844d44849c3fb7844d24849f	404	skipped	not_on_path
206a0b6f61ef4ec5aa0b6f61ef4ec54d	404	skipped	not_on_path
fb5b419dcfe2440e9b419dcfe2f40ea0	404	skipped	not_on_path
6af9d7f369464494b9d7f369460494ff	404	skipped	not_on_path
36ef328c529348f6af328c529368f624	404	skipped	not_on_path
b533f61242b14384b3f61242b1938421	404	skipped	not_on_path
3bfee7b616bb417abee7b616bbd17a2d	404	skipped	not_on_path
9c770f4095b64ce0b70f4095b69ce0f8	404	skipped	not_on_path
bead0d7c7abe488cad0d7c7abe488ca0	404	skipped	not_on_path
34e1c7222ddc44c3a1c7222ddcd4c371	404	skipped	not_on_path
96df49363ac14e2a9f49363ac1ce2ac3	404	skipped	not_on_path
12e765386cac49b4a765386cace9b405	404	skipped	not_on_path
45e1d81f4b0f41aea1d81f4b0f91aead	404	skipped	not_on_path
29f923e904d94627b923e904d9e62731	404	skipped	not_on_path
88b00dde979542f4b00dde979522f483	404	skipped	not_on_path
6640f77eebaf4c0d80f77eebaffc0d8b	404	skipped	not_on_path
03b2279d89414868b2279d8941e86852	404	skipped	not_on_path
503eea9dd6ce47fdbeea9dd6ce37fdeb	404	skipped	not_on_path
ed354ec439454386b54ec439452386d0	404	skipped	not_on_path
a5078db37ace4104878db37ace810426	404	skipped	not_on_path
efec5f79a82c4182ac5f79a82c818268	404	skipped	not_on_path
081d6f12e8c24b369d6f12e8c25b3673	404	skipped	not_on_path
83e499fe43c04d0ba499fe43c0fd0b40	404	skipped	not_on_path
7a74f188dbe7464cb4f188dbe7e64ce8	404	skipped	not_on_path
235ab2e4660f4fa39ab2e4660fffa33f	404	skipped	not_on_path
322ec996311c4adbaec996311cdadb72	404	skipped	not_on_path
1cb5cd1317e34dadb5cd1317e39dad96	404	skipped	not_on_path
d0f11163e74348cab11163e74388ca51	404	skipped	not_on_path
37b5ce45f4dc4500b5ce45f4dcf5001b	404	skipped	not_on_path
2bb412af6b8d487ab412af6b8d687af4	404	skipped	not_on_path
9866b943cfcd40c5a6b943cfcde0c59b	404	skipped	not_on_path
3685822dd61348d285822dd613f8d262	404	skipped	not_on_path
2d219b8df7ef48eca19b8df7ef78ec6c	404	skipped	not_on_path
6dcd52e609744aa18d52e609740aa1b7	404	skipped	not_on_path
ffc11fc162e049a7811fc162e059a741	404	skipped	not_on_path
67a4ba17cc024e2da4ba17cc02be2dda	404	skipped	not_on_path
f1a0fac5b76e42c9a0fac5b76ea2c930	404	skipped	not_on_path
4ec815a8310444508815a83104d45020	404	skipped	not_on_path
7e80f0b878f0401680f0b878f0f01611	404	skipped	not_on_path
47b33fa1c9854e63b33fa1c9858e63fe	404	skipped	not_on_path
a20ba74e442f449b8ba74e442fb49b12	404	skipped	not_on_path
0ffa61748b3443ecba61748b34a3ec06	404	skipped	not_on_path
4f3ba5b2372b44e0bba5b2372b64e0f5	404	skipped	not_on_path
fdc1c8bc7006427481c8bc7006f2747b	404	skipped	not_on_path
d962e6582a3d4173a2e6582a3df173f3	404	skipped	not_on_path
82d630f52b0247799630f52b02577968	404	skipped	not_on_path
3dbfdaa3c4f14acebfdaa3c4f1daceaa	404	skipped	not_on_path
90d20a44449c4b2a920a44449c1b2af7	404	skipped	not_on_path
8e639d038c414b7ea39d038c41eb7ee8	404	skipped	not_on_path
99f0b594cefb46b8b0b594cefb66b808	404	skipped	not_on_path
e5d1b01fc76c46eb91b01fc76c96eb52	404	skipped	not_on_path
754e622a018b40f98e622a018ba0f959	404	skipped	not_on_path
bfb375d8ebc142c3b375d8ebc142c3b2	404	skipped	not_on_path
7fbd885f7d754e1bbd885f7d757e1b64	404	skipped	not_on_path
f02130706abb44c1a130706abba4c1de	404	skipped	not_on_path
0887f315780144df87f3157801a4df54	404	skipped	not_on_path
de75266a0b734601b5266a0b73060191	404	skipped	not_on_path
6bba52ba48ef4617ba52ba48efb617cc	404	skipped	not_on_path
fa8ab08313494eb08ab0831349deb0ef	404	skipped	not_on_path
f6aac8192db646d7aac8192db6b6d769	404	skipped	not_on_path
4d65eb78f5d34217a5eb78f5d3d2178c	404	skipped	not_on_path
92632671a1414e12a32671a1412e12d8	404	skipped	not_on_path
9449300a022d4eb189300a022daeb13e	404	skipped	not_on_path
247248cf5e0d4579b248cf5e0d7579b9	404	skipped	not_on_path
2913d434b6c74ba693d434b6c72ba67c	404	skipped	not_on_path
e7c163ed02fc42d98163ed02fc92d983	404	skipped	not_on_path
d5c7bf49103549fc87bf49103579fc39	404	skipped	not_on_path
69cbbf4410c54f7d8bbf4410c5cf7db4	404	skipped	not_on_path
bc6199d01ccb4d7aa199d01ccbbd7af3	404	skipped	not_on_path
47d7e44310d947c897e44310d9a7c891	404	skipped	not_on_path
686840ee3b8b4159a840ee3b8b415966	404	skipped	not_on_path
e1e73a2fc49d4f6aa73a2fc49d6f6ab9	404	skipped	not_on_path
646a3d21369743d6aa3d21369703d60f	404	skipped	not_on_path
2953ce88cadb40c793ce88cadbc0c777	404	skipped	not_on_path
39a2e201809a413aa2e201809a913ada	404	skipped	not_on_path
74824b90e06f4c4e824b90e06f3c4e0f	404	skipped	not_on_path
e0a0ff93eed847cfa0ff93eed887cfae	404	skipped	not_on_path
801cf3d5fa824a219cf3d5fa82ca2121	404	skipped	not_on_path
202ccca3988c423faccca3988cd23fbb	404	skipped	not_on_path
b718c00ee0eb4a9b98c00ee0eb7a9b89	404	skipped	not_on_path
f4f1a87828fc46b7b1a87828fc26b7aa	404	skipped	not_on_path
70272f3f881c4f1ca72f3f881c3f1c71	404	skipped	not_on_path
714f7e8932414e0b8f7e8932411e0b52	404	skipped	not_on_path
6f55b343ba13452095b343ba13a52013	404	skipped	not_on_path
b31a45b9d698450b9a45b9d698350bd8	404	skipped	not_on_path
d0c71678c0254b9a871678c0251b9a8f	404	skipped	not_on_path
8289b3dc30ec438389b3dc30ec63830d	404	skipped	not_on_path
03b96edb8c014d02b96edb8c01bd0225	404	skipped	not_on_path
1f2cead48d084dd8acead48d089dd803	404	skipped	not_on_path
6b13ab5c15cc47e493ab5c15cc67e453	404	skipped	not_on_path
59977f54e92a4452977f54e92a145249	404	skipped	not_on_path
7a857cb9935e44cc857cb9935e84cc96	404	skipped	not_on_path
7a364625dea84434b64625dea86434bd	404	skipped	not_on_path
7b97e59c7426418b97e59c7426718bc7	404	skipped	not_on_path
ecaf8b1c1bad479daf8b1c1bad179de3	404	skipped	not_on_path
62706eea46184127b06eea46189127d4	404	skipped	not_on_path
4e9b93a171204a679b93a171200a6743	404	skipped	not_on_path
bb5fbdd105cc4b559fbdd105cc3b55d9	404	skipped	not_on_path
c4770448284b4e51b70448284bbe5115	404	skipped	not_on_path
e2e5b3ecbeb4442ca5b3ecbeb4942c6b	404	skipped	not_on_path
d711c71c742742fd91c71c7427a2fd17	404	skipped	not_on_path
bfa019a2c52641ffa019a2c52691fffe	404	skipped	not_on_path
351aaca34efa4c4e9aaca34efabc4ee1	404	skipped	not_on_path
8307cf2c430f468487cf2c430fb6844c	404	skipped	not_on_path
c7cb090fb7d8478c8b090fb7d8278ca7	404	skipped	not_on_path
dd6ae9c78df64eabaae9c78df61eab33	404	skipped	not_on_path
7d6416002f0949e6a416002f09f9e6e1	404	skipped	not_on_path
bba0a26897c94316a0a26897c9831640	404	skipped	not_on_path
bd67d4ee84894c5ba7d4ee84895c5b06	404	skipped	not_on_path
c71d8ae7cf1c468a9d8ae7cf1c168a05	404	skipped	not_on_path
2d77e711c705448bb7e711c705448bcf	404	skipped	not_on_path
e8e49ba0d051466ca49ba0d051766cf1	404	skipped	not_on_path
63418fed2b6a4c97818fed2b6a4c97fb	404	skipped	not_on_path
2beb1d208f76493aab1d208f76193aad	404	skipped	not_on_path
4e76b863fe664cc5b6b863fe661cc5c2	404	skipped	not_on_path
c7064a6f9d45404d864a6f9d45304d54	404	skipped	not_on_path
6a9163a644da4b279163a644daab2784	404	skipped	not_on_path
4bd47eead1344947947eead1344947af	404	skipped	not_on_path
26461ad964d74453861ad964d764539c	404	skipped	not_on_path
54a813a5c7de430ca813a5c7de830c31	404	skipped	not_on_path
108c43c44bfb47d18c43c44bfb87d14f	404	skipped	not_on_path
cdfd0f3790674ce1bd0f379067ece105	404	skipped	not_on_path
74bde5615ed449b1bde5615ed4a9b14d	404	skipped	not_on_path
cac4e523d55a453b84e523d55a453be1	404	skipped	not_on_path
3cf5b7b2ef7e4e94b5b7b2ef7ece947d	404	skipped	not_on_path
173c4375d07f46bbbc4375d07f16bb31	404	skipped	not_on_path
ccba4e2e911c40ffba4e2e911c70ff6f	404	skipped	not_on_path
be567783490140989677834901c09848	404	skipped	not_on_path
597a433fec584e7cba433fec58ee7c81	404	skipped	not_on_path
2601c9be709b477081c9be709bf770a0	404	skipped	not_on_path
0726b4ccff9c4bfaa6b4ccff9c9bfad4	404	skipped	not_on_path
1955e991129a4f2b95e991129acf2b7f	404	skipped	not_on_path
fc8d031cf5eb4bb98d031cf5eb4bb921	404	skipped	not_on_path
00ba9cf902484931ba9cf90248e9312c	404	skipped	not_on_path
676c699328a444fdac699328a4a4fd88	404	skipped	not_on_path
cb8d2ff1a1c245248d2ff1a1c2b52428	404	skipped	not_on_path
907b3e48c0d648f1bb3e48c0d6f8f1cf	404	skipped	not_on_path
1f21e29bc5754fa8a1e29bc5756fa8fa	404	skipped	not_on_path
8569cd38b1f8403fa9cd38b1f8f03f66	404	skipped	not_on_path
6becc4a592a643cfacc4a592a6b3cfc6	404	skipped	not_on_path
a9b2bbcc54b14480b2bbcc54b19480e9	404	skipped	not_on_path
ccd062fe84844fc99062fe84845fc9c5	404	skipped	not_on_path
ffbfb0dc06564e2bbfb0dc06562e2b84	404	skipped	not_on_path
3843bf5d05aa4c9983bf5d05aa3c9980	404	skipped	not_on_path
0bbec0e68c734160bec0e68c73e1601e	404	skipped	not_on_path
624213d45bf142918213d45bf19291c1	404	skipped	not_on_path
20e95816be274048a95816be278048ac	404	skipped	not_on_path
eaece31b1a2a4d90ace31b1a2a4d90ee	404	skipped	not_on_path
cefbc64da6e34899bbc64da6e3189944	404	skipped	not_on_path
021c6e8d82474cff9c6e8d8247dcffac	404	skipped	not_on_path
5f10991bc45e452a90991bc45e752a35	404	skipped	not_on_path
88566276e52342f7966276e523a2f7b8	404	skipped	not_on_path
25fe053614bb4b2bbe053614bb2b2b12	404	skipped	not_on_path
c0d031dfb22441a99031dfb22431a9fe	404	skipped	not_on_path
1c1d8106aee247289d8106aee21728ef	404	skipped	not_on_path
fbb3ac5b0c284221b3ac5b0c28b2211b	404	skipped	not_on_path
c7829a75271a40f1829a75271a40f1fc	404	skipped	not_on_path
48b7f75205744fc6b7f7520574bfc68b	404	skipped	not_on_path
ffab6dc29d224407ab6dc29d22640757	404	skipped	not_on_path
49a63cee17624148a63cee17629148c9	404	skipped	not_on_path
b01ec4c25d984a7d9ec4c25d982a7df9	404	skipped	not_on_path
a896a2f30b444da096a2f30b44bda07d	404	skipped	not_on_path
91cf723b790c45fe8f723b790cc5fe32	404	skipped	not_on_path
9009aa63590549d789aa63590569d7df	404	skipped	not_on_path
33d4e548037449cc94e5480374e9cc42	404	skipped	not_on_path
b194b76ca79449b694b76ca79459b696	404	skipped	not_on_path
0fe114948fda4d35a114948fda2d35c9	404	skipped	not_on_path
fc68846702f64aeba8846702f66aebbe	404	skipped	not_on_path
243d9bbf7d5a4709bd9bbf7d5a470987	404	skipped	not_on_path
bef9866cb9f149f0b9866cb9f1c9f063	404	skipped	not_on_path
75c06f18915b4417806f18915bd41782	404	skipped	not_on_path
be331db0c8a74b13b31db0c8a78b13ef	404	skipped	not_on_path
b82d87fc640c495ead87fc640cc95e21	404	skipped	not_on_path
7d7af686d0ed446abaf686d0ed346a7e	404	skipped	not_on_path
6c7355c1f87d48adb355c1f87d08adba	404	skipped	not_on_path
9b11e35088c64d2591e35088c63d2514	404	skipped	not_on_path
13601f3793cf4792a01f3793cf8792d0	404	skipped	not_on_path
57e021c99d794cc9a021c99d794cc9c8	404	skipped	not_on_path
8a85cff23e754cfa85cff23e756cfa22	404	skipped	not_on_path
d59bcf4f0c6147c99bcf4f0c6197c9f4	404	skipped	not_on_path
190013bac71f478b8013bac71fb78b37	404	skipped	not_on_path
39643a2e716c4a84a43a2e716cfa8476	404	skipped	not_on_path
4bb8c1edb5cf406ab8c1edb5cf206a34	404	skipped	not_on_path
3f1bea7e92c444259bea7e92c47425cc	404	skipped	not_on_path
6d9178f092e641309178f092e6f130bf	404	skipped	not_on_path
b569cdbbc74a4126a9cdbbc74ab126f5	404	skipped	not_on_path
1c6c73a2b2b74c99ac73a2b2b7ac9941	404	skipped	not_on_path
0b7d57abc27448f8bd57abc274a8f89a	404	skipped	not_on_path
615524397d7248e39524397d7228e3d4	404	skipped	not_on_path
ba8aaa1e207a487b8aaa1e207a087b16	404	skipped	not_on_path
5d56ebafe5624d6896ebafe5627d6827	404	skipped	not_on_path
d97f8de8fc8747ffbf8de8fc8797ff95	404	skipped	not_on_path
02bbd5a4ba1d4315bbd5a4ba1d031570	404	skipped	not_on_path
c72f2966591c4d1eaf2966591cbd1e6b	404	skipped	not_on_path
966fb58906274d96afb5890627bd96fb	404	skipped	not_on_path
78ce82a20bc2416b8e82a20bc2f16b4a	404	skipped	not_on_path
08d3dc7a592c468593dc7a592c4685d1	404	skipped	not_on_path
e1c626671bd94e8c8626671bd9ee8c47	404	skipped	not_on_path
19d9b264789d481299b264789d9812e6	404	skipped	not_on_path
bc361d49806544e7b61d498065d4e7c7	404	skipped	not_on_path
d1a53762c7ef40c9a53762c7efb0c907	404	skipped	not_on_path
577596011734475eb596011734575e81	404	skipped	not_on_path
c41e98466ad74c009e98466ad76c007f	404	skipped	not_on_path
c70a536a30274ce68a536a3027fce6a1	404	skipped	not_on_path
498914a6fa114b0c8914a6fa118b0c16	404	skipped	not_on_path
7c9a816a6fe94ac89a816a6fe91ac865	404	skipped	not_on_path
477cf4dbfe8b4a63bcf4dbfe8b8a63be	404	skipped	not_on_path
761d40f1793d40719d40f1793d107141	404	skipped	not_on_path
ba9f168cf53443539f168cf5347353fa	404	skipped	not_on_path
6e38597c0c2d4f11b8597c0c2daf11a3	404	skipped	not_on_path
bd9757a5dc804cf39757a5dc803cf390	404	skipped	not_on_path
fca7142091e24583a7142091e24583e6	404	skipped	not_on_path
47936ab7b0be42c7936ab7b0bec2c76a	404	skipped	not_on_path
5cf3aa6c844947fab3aa6c8449e7fad1	404	skipped	not_on_path
67f8e2a387474b7fb8e2a387479b7f6c	404	skipped	not_on_path
dd84d3c0759f44e284d3c0759fe4e26d	404	skipped	not_on_path
63f339b41ce34794b339b41ce35794af	404	skipped	not_on_path
2b02600ae08d44e382600ae08d64e3a4	404	skipped	not_on_path
f251b2b62c1a443a91b2b62c1a543a41	404	skipped	not_on_path
6df51a331b344e40b51a331b34de4056	404	skipped	not_on_path
d92de76dc96a49aeade76dc96a19aeb6	404	skipped	not_on_path
762ad05b9e114bbbaad05b9e117bbbb8	404	skipped	not_on_path
e02d51ac7af848bead51ac7af898be02	404	skipped	not_on_path
8a14dcc9cadd48e194dcc9caddc8e17b	404	skipped	not_on_path
9a3ce30f5f1a4301bce30f5f1a230174	404	skipped	not_on_path
2d5bc67ba9d94d0b9bc67ba9d9ad0b96	404	skipped	not_on_path
40ec99bf52d64c00ac99bf52d6dc00af	404	skipped	not_on_path
bd9140da1e92491c9140da1e92a91cd3	404	skipped	not_on_path
ad3a3ac186a94fb4ba3ac186a9dfb471	404	skipped	not_on_path
df3c96b46b784cf0bc96b46b78acf09e	404	skipped	not_on_path
2a2197cd66b34895a197cd66b3989546	404	skipped	not_on_path
de348ac26a3a4f88b48ac26a3a0f88fa	404	skipped	not_on_path
29dd9a9c1c5d41289d9a9c1c5d9128fc	404	skipped	not_on_path
fcaced07f01c4d2faced07f01cbd2f9c	404	skipped	not_on_path
76d44dc0bc974ea8944dc0bc975ea8af	404	skipped	not_on_path
d3f6c4347f7946a9b6c4347f79f6a96d	404	skipped	not_on_path
b60aacd79c1549f28aacd79c15a9f2d6	404	skipped	not_on_path
f161bee79cf74a50a1bee79cf72a5069	404	skipped	not_on_path
4243f214bce0418c83f214bce0018c21	404	skipped	not_on_path
9faf1dd04b6142e8af1dd04b6132e81a	404	skipped	not_on_path
84ae07db73aa4791ae07db73aa479116	404	skipped	not_on_path
c71da6e1cb1043809da6e1cb10a3804c	404	skipped	not_on_path
f7d4381555ae484194381555aea841fa	404	skipped	not_on_path
13ecba28e8ba4916acba28e8bae9162a	404	skipped	not_on_path
347ab9aec1c243a9bab9aec1c233a986	404	skipped	not_on_path
c7ff3da9d964417ebf3da9d964917e09	404	skipped	not_on_path
6b465cebaaec4529865cebaaec8529f2	404	skipped	not_on_path
bc21fe08e7364ff1a1fe08e736dff169	404	skipped	not_on_path
6b2394b1d1244dbba394b1d1249dbb68	404	skipped	not_on_path
3767b652b0ab4189a7b652b0aba189c5	404	skipped	not_on_path
8a3bc88206bf4da8bbc88206bfdda8ab	404	skipped	not_on_path
1c273255a0f74ed7a73255a0f71ed716	404	skipped	not_on_path
f7775062fba14283b75062fba102836f	404	skipped	not_on_path
96f2ef843d0246f8b2ef843d0216f8da	404	skipped	not_on_path
17abb092611040efabb0926110c0ef6b	404	skipped	not_on_path
dc029ac1b07a4b92829ac1b07aeb9209	404	skipped	not_on_path
4e64283023284b0ca4283023284b0c16	404	skipped	not_on_path
97df9da5875740f59f9da58757a0f5fa	404	skipped	not_on_path
b72b023b3ff8434eab023b3ff8334eeb	404	skipped	not_on_path
807a6f7ab1cc4433ba6f7ab1cc043353	404	skipped	not_on_path
09cee6ebd62f4c4c8ee6ebd62f0c4c6e	404	skipped	not_on_path
afa0efa906e940eca0efa906e920ecf9	404	skipped	not_on_path
a6d29ad5b9934990929ad5b99339906c	404	skipped	not_on_path
889a7912f1e041ec9a7912f1e081ecfd	404	skipped	not_on_path
adc294c7e55a42548294c7e55a125454	404	skipped	not_on_path
e4a8b03f65f3408ba8b03f65f3c08bfe	404	skipped	not_on_path
5b98c50da82f467698c50da82f1676b6	404	skipped	not_on_path
8c4ddb9de86c4bcb8ddb9de86c0bcb55	404	skipped	not_on_path
f9132608bd134660932608bd13c66088	404	skipped	not_on_path
82fbd11a23414294bbd11a2341429491	404	skipped	not_on_path
8ca90e316bff4139a90e316bff0139eb	404	skipped	not_on_path
d2fd35a74abc45e3bd35a74abcc5e36e	404	skipped	not_on_path
60427293e9c849b0827293e9c8c9b0be	404	skipped	not_on_path
16b388fbcf814382b388fbcf81538215	404	skipped	not_on_path
43d2c500e735475892c500e735a758b8	404	skipped	not_on_path
c804e31885ca49ef84e31885ca29efd3	404	skipped	not_on_path
966563ad01614befa563ad01613befe6	404	skipped	not_on_path
f38f40bdf99d4f178f40bdf99ddf17ad	404	skipped	not_on_path
b88294c72492400b8294c72492400bde	404	skipped	not_on_path
96c99f5cf9e44249899f5cf9e4a249bb	404	skipped	not_on_path
19b70baa7c3a4a1fb70baa7c3aca1fcf	404	skipped	not_on_path
f70624f7664349ff8624f76643a9ff21	404	skipped	not_on_path
1c51a366e40a42cb91a366e40ac2cbe9	404	skipped	not_on_path
9fca50ddeb514d028a50ddeb512d02e3	404	skipped	not_on_path
0ebe39783c8044b8be39783c8024b8a2	404	skipped	not_on_path
9d02662a69ac4e6382662a69ac3e636e	404	skipped	not_on_path
df48b1893cd84d9788b1893cd87d9706	404	skipped	not_on_path
6958c134926b40e598c134926b10e59d	404	skipped	not_on_path
3aa561142c9c4ff5a561142c9cbff595	404	skipped	not_on_path
b80bb409041c4f318bb409041c4f31a1	404	skipped	not_on_path
a5dc3672ef3e4d329c3672ef3eed321a	404	skipped	not_on_path
d868b406a3de46ada8b406a3ded6ad44	404	skipped	not_on_path
0024d0f009d94fc5a4d0f009d90fc521	404	skipped	not_on_path
c66cb5ea8e684ec3acb5ea8e68fec3a8	404	skipped	not_on_path
45cf33db3149464a8f33db3149264ab9	404	skipped	not_on_path
aa53466f21fa481693466f21fa781606	404	skipped	not_on_path
55c025bcd7ce4c708025bcd7ce2c7000	404	skipped	not_on_path
9047b9ba58d74ed987b9ba58d78ed95f	404	skipped	not_on_path
4acb024671b449b58b024671b4b9b548	404	skipped	not_on_path
e9730e410b8c4b5db30e410b8cab5d82	404	skipped	not_on_path
952d76e010fa4249ad76e010fa724931	404	skipped	not_on_path
d2ca84d09b3f41e38a84d09b3f21e325	404	skipped	not_on_path
d64a8dadd19d4f448a8dadd19d2f44b4	404	skipped	not_on_path
71338c08a6814bc9b38c08a681abc9ea	404	skipped	not_on_path
6e819d7b13bc4932819d7b13bc593223	404	skipped	not_on_path
48febda6a7374e9dbebda6a7374e9d33	404	skipped	not_on_path
bedd8ce2f97a428c9d8ce2f97a328ca5	404	skipped	not_on_path
e5bc3f3e29ff4871bc3f3e29ffe8718e	404	skipped	not_on_path
49a8ee7faf584a88a8ee7faf58ca88c6	404	skipped	not_on_path
9d7bb4b1d6354aa1bbb4b1d6352aa103	404	skipped	not_on_path
dd83664b906247cd83664b9062a7cd5c	404	skipped	not_on_path
171bb6e56cc54f139bb6e56cc5df1381	404	skipped	not_on_path
2ca24df1cb724f50a24df1cb721f502d	404	skipped	not_on_path
2282ea581c8c440f82ea581c8cf40f7c	404	skipped	not_on_path
0c7a5d0f219345deba5d0f219375de6c	404	skipped	not_on_path
193d29b3ded847bfbd29b3ded8c7bf0c	404	skipped	not_on_path
53e2f79da34f4121a2f79da34f31219c	404	skipped	not_on_path
72a803943a254212a803943a250212cf	404	skipped	not_on_path
af7dd17661ee43a9bdd17661eec3a982	404	skipped	not_on_path
96357441eb094f7eb57441eb096f7ea3	404	skipped	not_on_path
78f64aa7834d41f5b64aa7834d31f564	404	skipped	not_on_path
144bdf1f0bb346268bdf1f0bb3762632	404	skipped	not_on_path
2b20a5bd968541ffa0a5bd9685d1ffba	404	skipped	not_on_path
044fb65aa51847388fb65aa5182738b6	404	skipped	not_on_path
9c0d99aa0f3641148d99aa0f36e114f8	404	skipped	not_on_path
0414c9ce0d6a4bd594c9ce0d6adbd50a	404	skipped	not_on_path
8bcb6eb4821244ae8b6eb48212d4ae9b	404	skipped	not_on_path
27dfe22551084aa79fe22551086aa7f5	404	skipped	not_on_path
f3130912c8f74b7a930912c8f7fb7aa1	404	skipped	not_on_path
8c42434c085c40cd82434c085cc0cddf	404	skipped	not_on_path
53ed069e1dc34918ad069e1dc3991831	404	skipped	not_on_path
440a7f51bfcf4c6c8a7f51bfcfcc6c86	404	skipped	not_on_path
78cbc36089be49018bc36089be9901e9	404	skipped	not_on_path
f17fe26bc17845c6bfe26bc17865c681	404	skipped	not_on_path
7ed0d073a3e64ae290d073a3e63ae2c0	404	skipped	not_on_path
2991ff6991464e5691ff699146ce5680	404	skipped	not_on_path
d242e37c3b8f4eea82e37c3b8f6eea2c	404	skipped	not_on_path
764b43dccd3f49108b43dccd3fe91009	404	skipped	not_on_path
4b737b9e496c4293b37b9e496c129322	404	skipped	not_on_path
09bba7fa7c9b4519bba7fa7c9bd51918	404	skipped	not_on_path
d3eae427462b4615aae427462be61592	404	skipped	not_on_path
00573edb50ba4dae973edb50baadae2a	404	skipped	not_on_path
b90ce62c99e546738ce62c99e5a67385	404	skipped	not_on_path
de16b52a91b94e1896b52a91b97e1898	404	skipped	not_on_path
cb663f61d80146aca63f61d80186ac1a	404	skipped	not_on_path
3e6a8220bcdf40abaa8220bcdf80ab76	404	skipped	not_on_path
295f1dd2f9474b939f1dd2f9472b933c	404	skipped	not_on_path
194fd404a9e74c2e8fd404a9e79c2e51	404	skipped	not_on_path
74dabb6e093a4aef9abb6e093a5aef73	404	skipped	not_on_path
da6dd7387e2940a5add7387e2920a5d8	404	skipped	not_on_path
9db621de40fd4b46b621de40fd6b4603	404	skipped	not_on_path
c87d58557fd545e5bd58557fd575e579	404	skipped	not_on_path
6d2c54f481fd4501ac54f481fdd50138	404	skipped	not_on_path
db9d6184166c4eee9d6184166cceee5f	404	skipped	not_on_path
f9b280bb223e4292b280bb223ed29250	404	skipped	not_on_path
18409a57a62b46a2809a57a62be6a237	404	skipped	not_on_path
23a64db074314d12a64db074318d12a0	404	skipped	not_on_path
ba2fd60421694f41afd60421692f415a	404	skipped	not_on_path
6ad158bbc68249e39158bbc68219e30f	404	skipped	not_on_path
5c1d1c231b3b4e029d1c231b3b8e02f6	404	skipped	not_on_path
2ab7f4b3258d4542b7f4b3258d25420f	404	skipped	not_on_path
3d15b4c548dd478d95b4c548dd578d86	404	skipped	not_on_path
b0cf6780d16047768f6780d1602776cb	404	skipped	not_on_path
cb5c1cdb2ec04ca09c1cdb2ec08ca097	404	skipped	not_on_path
eea9e1edfa2a4d91a9e1edfa2acd912e	404	skipped	not_on_path
e722e5a73d714360a2e5a73d71f360be	404	skipped	not_on_path
94262e3d93754a7aa62e3d93753a7a6b	404	skipped	not_on_path
3e7f7efafc334549bf7efafc33054960	404	skipped	not_on_path
3572a9ef80ad425fb2a9ef80adb25f15	404	skipped	not_on_path
08cbe19f25c547f28be19f25c527f261	404	skipped	not_on_path
9eaf3d7383cf4a29af3d7383cf7a290c	404	skipped	not_on_path
7841ce221bc549fa81ce221bc5d9faaa	404	skipped	not_on_path
c0e73de8d4634bcca73de8d4636bcc2c	404	skipped	not_on_path
8cbe75c72cd4435bbe75c72cd4035bb1	404	skipped	not_on_path
e68bbce8eb7442008bbce8eb74d20020	404	skipped	not_on_path
9a46841ce1b0441986841ce1b0b4196e	404	skipped	not_on_path
666d553909874d3ead55390987dd3e2a	404	skipped	not_on_path
c7bda025bb784001bda025bb78a00112	404	skipped	not_on_path
bdc26dc8139d4bb3826dc8139d0bb3f4	404	skipped	not_on_path
d1a52096888d4fc7a52096888d5fc79c	404	skipped	not_on_path
6eb98c8d1e9b4171b98c8d1e9b3171e0	404	skipped	not_on_path
8d7edd89e0284560bedd89e0287560f7	404	skipped	not_on_path
4e9a05d7b36e440f9a05d7b36e840fd8	404	skipped	not_on_path
3dfaf9f7a3a645e7baf9f7a3a6e5e787	404	skipped	not_on_path
3b8bde5b5e3646a98bde5b5e36b6a98f	404	skipped	not_on_path
9b3f57153de64d70bf57153de6ad701d	404	skipped	not_on_path
5bfb68d3a4694506bb68d3a469b5062c	404	skipped	not_on_path
3cc0e6a654bd47eb80e6a654bd77ebe3	404	skipped	not_on_path
c50a71343828451b8a71343828651beb	404	skipped	not_on_path
a273c70cf191455eb3c70cf191e55ebf	404	skipped	not_on_path
2325da6bec464276a5da6bec46c276a7	404	skipped	not_on_path
8831d57bc6a94f7db1d57bc6a9ff7d1d	404	skipped	not_on_path
441c46d4645b40a29c46d4645b50a217	404	skipped	not_on_path
bb813dcf73474597813dcf7347d5972b	404	skipped	not_on_path
253589bf363342a6b589bf3633f2a6c3	404	skipped	not_on_path
37f3fbe4a9b24116b3fbe4a9b24116f4	404	skipped	not_on_path
106f2d2bfb504671af2d2bfb509671fe	404	skipped	not_on_path
309d7bd640b94ac99d7bd640b9bac9ad	404	skipped	not_on_path
287b110a481c423fbb110a481c623f58	404	skipped	not_on_path
5fe04c6ef8ac40e2a04c6ef8ac20e20e	404	skipped	not_on_path
e12824e6bd074034a824e6bd079034fa	404	skipped	not_on_path
d38ac73d460f4af18ac73d460faaf14b	404	skipped	not_on_path
07529e4ac55941a4929e4ac55981a467	404	skipped	not_on_path
c5401de81453431e801de81453431e5b	404	skipped	not_on_path
1d77caa8569e43a5b7caa8569e23a585	404	skipped	not_on_path
e6491f1052084ccb891f105208accb42	404	skipped	not_on_path
1c4aa912c1ce4c948aa912c1ce8c94ec	404	skipped	not_on_path
870e05883c974d7a8e05883c970d7a54	404	skipped	not_on_path
accd3fd42c0d4cf38d3fd42c0d4cf318	404	skipped	not_on_path
17c489937e3a4bf98489937e3a1bf98e	404	skipped	not_on_path
ccc9a1f3674d418d89a1f3674d818d18	404	skipped	not_on_path
3750e9735799407c90e9735799a07c3b	404	skipped	not_on_path
b75e86772d7b43f49e86772d7b83f45d	404	skipped	not_on_path
c2b5fa39e8224cebb5fa39e822dcebdf	404	skipped	not_on_path
0d1b6d57775e48069b6d57775e680687	404	skipped	not_on_path
08a437a102dc47c3a437a102dc47c383	404	skipped	not_on_path
911d2ccbaf0146ea9d2ccbaf01a6eada	404	skipped	not_on_path
85d54e9a2ab34441954e9a2ab3444113	404	skipped	not_on_path
d928be893b5042caa8be893b5022cab5	404	skipped	not_on_path
3449cddde576441389cddde57674135f	404	skipped	not_on_path
f7001171038e499d801171038e099d9c	404	skipped	not_on_path
7be785b0cbfd4bcaa785b0cbfdcbca2b	404	skipped	not_on_path
3499bb16b3ae41e199bb16b3aec1e114	404	skipped	not_on_path
196a28a4f4d44bb3aa28a4f4d43bb383	404	skipped	not_on_path
607b481967b540c3bb481967b510c30d	404	skipped	not_on_path
bbbdcc8e61404879bdcc8e61408879ad	404	skipped	not_on_path
9532e96607d34eaab2e96607d3beaaa5	404	skipped	not_on_path
312393da852f473ca393da852f173cb8	404	skipped	not_on_path
7888227ffacf414888227ffacf11489e	404	skipped	not_on_path
d3e2dec7946149fda2dec7946129fdb7	404	skipped	not_on_path
e9c330da45aa40758330da45aaa07526	404	skipped	not_on_path
81ca68c6949449c38a68c6949419c39f	404	skipped	not_on_path
dbc5280d8e2945cb85280d8e2915cb1b	404	skipped	not_on_path
9bba113f68fd4148ba113f68fd11483f	404	skipped	not_on_path
b7e929b566e34f60a929b566e3cf609c	404	skipped	not_on_path
9ce1d931756a4b8fa1d931756a3b8f60	404	skipped	not_on_path
096a7622707b4f52aa7622707b4f5212	404	skipped	not_on_path
6db6e76551f94ec4b6e76551f93ec428	404	skipped	not_on_path
d27a8c847f9b4005ba8c847f9ba00525	404	skipped	not_on_path
1c5654d8949f46a09654d8949ff6a006	404	skipped	not_on_path
9c4fc70825974f518fc70825977f51ae	404	skipped	not_on_path
b071754f3b904964b1754f3b90f964fe	404	skipped	not_on_path
7f6a621a4fac4946aa621a4fac2946d8	404	skipped	not_on_path
80e61edf2a3843b0a61edf2a38d3b0b4	404	skipped	not_on_path
75b1928d963d4612b1928d963dc61205	404	skipped	not_on_path
150791acceb046b38791acceb016b323	404	skipped	not_on_path
8843c948873a4ffb83c948873abffbf4	404	skipped	not_on_path
32581aad8860448f981aad8860048f60	404	skipped	not_on_path
f43d177578d14cdfbd177578d13cdf7a	404	skipped	not_on_path
d7dd3dabe8744eb59d3dabe874beb5a9	404	skipped	not_on_path
3548715db3744a4288715db3746a423c	404	skipped	not_on_path
b0016b2810644720816b281064672086	404	skipped	not_on_path
895c3dbfc9634c339c3dbfc9633c3352	404	skipped	not_on_path
dd91fa83c82d45da91fa83c82de5dabc	404	skipped	not_on_path
92c1241fe905443981241fe9055439f7	404	skipped	not_on_path
017326004ebd472fb326004ebd172fd0	404	skipped	not_on_path
2739e6b1afd34395b9e6b1afd3c39514	404	skipped	not_on_path
c170f61710f74522b0f61710f7e52288	404	skipped	not_on_path
97fad80785f14e16bad80785f12e163a	404	skipped	not_on_path
0d341fcf2038438db41fcf2038e38d8c	404	skipped	not_on_path
c6bf7b60d6334e60bf7b60d6334e60a1	404	skipped	not_on_path
9258b3b1ea624f2c98b3b1ea62af2c57	404	skipped	not_on_path
c5a9423b9c7944e3a9423b9c7984e389	404	skipped	not_on_path
482d046b1d8647afad046b1d86d7af43	404	skipped	not_on_path
de7452a0483a46f4b452a0483a26f4a2	404	skipped	not_on_path
689c54a2744448e89c54a27444e8e818	404	skipped	not_on_path
98222560e5b84786a22560e5b8e786c5	404	skipped	not_on_path
bdcffcc2309c4d4d8ffcc2309c2d4d15	404	skipped	not_on_path
d09912ba483b43c69912ba483ba3c6d6	404	skipped	not_on_path
896bd351e75f4b94abd351e75fcb94d9	404	skipped	not_on_path
1950b8f847c2405490b8f847c2a05441	404	skipped	not_on_path
76519dca14324297919dca1432f297d8	404	skipped	not_on_path
457faf9e415c43d0bfaf9e415cd3d0d0	404	skipped	not_on_path
e9ba3782083241baba37820832a1bafd	404	skipped	not_on_path
27cf5f81a7774a4a8f5f81a777fa4a40	404	skipped	not_on_path
a41bbd6d066c4aef9bbd6d066cbaef60	404	skipped	not_on_path
d03a4e43af1945f6ba4e43af1915f669	404	skipped	not_on_path
6928e45d2cff4210a8e45d2cff821018	404	skipped	not_on_path
6e741a20d6ef45f4b41a20d6ef65f4bd	404	skipped	not_on_path
b095e1e22843477a95e1e22843d77a2c	404	skipped	not_on_path
69bad95387404f70bad9538740bf706f	404	skipped	not_on_path
6dd14b35bfee4f91914b35bfee2f91e4	404	skipped	not_on_path
f6fb7311f6b3472bbb7311f6b3d72b52	404	skipped	not_on_path
0cfbd61d1a564efabbd61d1a566efa38	404	skipped	not_on_path
bb62fd42a41e468aa2fd42a41e468a60	404	skipped	not_on_path
55e33b3463114e49a33b346311ee49c7	404	skipped	not_on_path
6eb869fbaf334603b869fbaf33760376	404	skipped	not_on_path
fafbd23cd65d442dbbd23cd65df42dd4	404	skipped	not_on_path
4183ba7d74d14e5b83ba7d74d1be5b05	404	skipped	not_on_path
de009841c8de4b19809841c8de9b190e	404	skipped	not_on_path
8c990918b3384c68990918b3385c6841	404	skipped	not_on_path
58726c59b8504058b26c59b850805813	404	skipped	not_on_path
d1f6d8eee24f4240b6d8eee24ff240f5	404	skipped	not_on_path
6c6edd0062824addaedd0062828add55	404	skipped	not_on_path
77b1d2b7001442e9b1d2b70014f2e91a	404	skipped	not_on_path
d6135b05111f4692935b05111f56922d	404	skipped	not_on_path
783cfc4385fc4e35bcfc4385fc2e350d	404	skipped	not_on_path
7257671c2fd74f1097671c2fd78f1001	404	skipped	not_on_path
b66714e394e64c74a714e394e67c749d	404	skipped	not_on_path
f694364100bd4fe294364100bd5fe286	404	skipped	not_on_path
aa51d11566ef4edd91d11566ef8edd93	404	skipped	not_on_path
51cbee30681642bd8bee306816c2bdc8	404	skipped	not_on_path
fcd11cfc00794cd6911cfc0079fcd695	404	skipped	not_on_path
8f04361a0ea14b2184361a0ea1cb21f9	404	skipped	not_on_path
5c198b69b2894345998b69b289b34529	404	skipped	not_on_path
e796ab62309e477d96ab62309e677d6a	404	skipped	not_on_path
371db90a7eb74d6a9db90a7eb7bd6a07	404	skipped	not_on_path
0e1d8bfac6564f819d8bfac6565f812f	404	skipped	not_on_path
b563ea039ef84e1ba3ea039ef82e1be8	404	skipped	not_on_path
64e20657f5484daaa20657f548bdaa07	404	skipped	not_on_path
eb04f8dbd3dc48ac84f8dbd3dc08acb0	404	skipped	not_on_path
a532f53468a840a4b2f53468a820a4da	404	skipped	not_on_path
4d6983a9b15646dba983a9b15616db0b	404	skipped	not_on_path
f1348333c78e47e7b48333c78ed7e719	404	skipped	not_on_path
5dddbeceb1a24c159dbeceb1a22c154c	404	skipped	not_on_path
f16b49ad44cf4d2aab49ad44cfbd2abf	404	skipped	not_on_path
c30afbe2220b45698afbe2220be5698e	404	skipped	not_on_path
562e2b7e215048b6ae2b7e215018b697	404	skipped	not_on_path
61478a0f53f74604878a0f53f7560485	404	skipped	not_on_path
edbbc029018b45abbbc029018b25ab41	404	skipped	not_on_path
df679c07bcc74bdda79c07bcc7fbdd9e	404	skipped	not_on_path
820633c2e627493d8633c2e627a93d58	404	skipped	not_on_path
22cde96df12a4c3e8de96df12afc3eda	404	skipped	not_on_path
9b9286313bc948269286313bc9f82641	404	skipped	not_on_path
004742e229c84b348742e229c80b342f	404	skipped	not_on_path
ff63bc92e90946efa3bc92e909f6efac	404	skipped	not_on_path
d7405078b26c427f805078b26ca27f23	404	skipped	not_on_path
523dbda094f644c4bdbda094f654c46c	404	skipped	not_on_path
36d99d5f5ab543ef999d5f5ab573ef80	404	skipped	not_on_path
2a9b51af8b24410b9b51af8b24010b31	404	skipped	not_on_path
7dbde8f2ff724c5abde8f2ff724c5ad7	404	skipped	not_on_path
e509f698025c4f3689f698025c8f3661	404	skipped	not_on_path
2e8443dad80f43468443dad80fa346e1	404	skipped	not_on_path
ac8819e7520a40d38819e7520ab0d375	404	skipped	not_on_path
e1425cf911314df1825cf91131edf108	404	skipped	not_on_path
7e62b4f43d8740cca2b4f43d8770cc3d	404	skipped	not_on_path
cb180972c9584583980972c9589583b6	404	skipped	not_on_path
79abb52e2bd94857abb52e2bd968573f	404	skipped	not_on_path
30670fa499cd4f8ba70fa499cd2f8b37	404	skipped	not_on_path
89f6a6e003fe4818b6a6e003fe5818a4	404	skipped	not_on_path
b033f29ecd2140f8b3f29ecd2190f897	404	skipped	not_on_path
bb1fd4a4351a456c9fd4a4351a856c00	404	skipped	not_on_path
38e5169e5e3b41fea5169e5e3bf1fe35	404	skipped	not_on_path
72c8318d39e54fa388318d39e54fa31c	404	skipped	not_on_path
2fbe4bb9b66d4392be4bb9b66d7392e8	404	skipped	not_on_path
4b23744c5eb94e29a3744c5eb91e29c9	404	skipped	not_on_path
b0a659a7d4204862a659a7d420786277	404	skipped	not_on_path
734d1b6f07f84df48d1b6f07f88df498	404	skipped	not_on_path
5f0ce7e93e1d478d8ce7e93e1d278de2	404	skipped	not_on_path
63b26e07f0be47a1b26e07f0be07a134	404	skipped	not_on_path
d077ad6eee4548d8b7ad6eee4518d884	404	skipped	not_on_path
3c7a75bca2974842ba75bca2971842fd	404	skipped	not_on_path
8f214e67e001418fa14e67e001118f6c	404	skipped	not_on_path
afa1091fdeba4e8fa1091fdebaae8fdf	404	skipped	not_on_path
4cb796d19fc74663b796d19fc7566319	404	skipped	not_on_path
a284693a46d742c084693a46d7e2c0f1	404	skipped	not_on_path
acb552e2569046a0b552e2569056a05c	404	skipped	not_on_path
abb8d1a23c744725b8d1a23c74b72531	404	skipped	not_on_path
03c81e1927324309881e192732430936	404	skipped	not_on_path
c3339c4f934d4915b39c4f934d591540	404	skipped	not_on_path
64b6f6c985a2492bb6f6c985a2e92b46	404	skipped	not_on_path
8d0755018a3142c18755018a3112c1ed	404	skipped	not_on_path
c98fa296fa4545488fa296fa4525489b	404	skipped	not_on_path
9c868c7bb85d46a3868c7bb85d46a30f	404	skipped	not_on_path
779db3a1aec14ab79db3a1aec16ab765	404	skipped	not_on_path
8d5ed6b8782f480d9ed6b8782fe80d52	404	skipped	not_on_path
8bef44c2a6944cf4af44c2a6947cf471	404	skipped	not_on_path
9ddf638a68d14ce89f638a68d11ce87e	404	skipped	not_on_path
4a2c212dafbe4867ac212dafbee8674e	404	skipped	not_on_path
14b84b98ee414172b84b98ee4111720f	404	skipped	not_on_path
b9a50731e01c4e60a50731e01c7e604c	404	skipped	not_on_path
0adcac9bcd6e4d159cac9bcd6edd152c	404	skipped	not_on_path
973066547b5b4ee8b066547b5bdee831	404	skipped	not_on_path
f13b31ab0de04ec4bb31ab0de02ec40d	404	skipped	not_on_path
cec03d2feb864d25803d2feb865d2504	404	skipped	not_on_path
66aae8f508dc4f36aae8f508dcbf36b0	404	skipped	not_on_path
ca2586a2bc56455ba586a2bc56555bb1	404	skipped	not_on_path
028720c1563a4ae48720c1563a5ae434	404	skipped	not_on_path
286108508ae941dda108508ae991dd73	404	skipped	not_on_path
4e62592eb31a4b32a2592eb31a8b3236	404	skipped	not_on_path
2730115068f848e7b0115068f818e7ab	404	skipped	not_on_path
dfb5df5491374c5ab5df5491377c5a15	404	skipped	not_on_path
8800051198eb4de480051198eb9de42f	404	skipped	not_on_path
0eeb42949a274cfbab42949a275cfb0a	404	skipped	not_on_path
2b0a6fbaef5d4d488a6fbaef5ddd48b2	404	skipped	not_on_path
7af8c0749a314a0db8c0749a315a0d90	404	skipped	not_on_path
3e167fdf5acb457e967fdf5acb857ee3	404	skipped	not_on_path
c0c5c2da1ca14c3785c2da1ca13c3777	404	skipped	not_on_path
7955796ab00c470f95796ab00cb70ffc	404	skipped	not_on_path
1669c72ca7e74deea9c72ca7e76dee1d	404	skipped	not_on_path
736b489d6dd64e38ab489d6dd6be38b1	404	skipped	not_on_path
7bc828c3aea24a9c8828c3aea2ca9cfd	404	skipped	not_on_path
ebe1585f55f34291a1585f55f3429113	404	skipped	not_on_path
6af5034da6094d56b5034da6091d563d	404	skipped	not_on_path
a1e5fc25f12047dda5fc25f12047dda0	404	skipped	not_on_path
bb5517fbbb5c4aad9517fbbb5c9aad71	404	skipped	not_on_path
db231146f89c430ba31146f89c430b48	404	skipped	not_on_path
7a578a7b9df44d68978a7b9df4ed68b4	404	skipped	not_on_path
824321aab15a4e088321aab15a4e08b1	404	skipped	not_on_path
5915123573d0424e95123573d0f24e05	404	skipped	not_on_path
9ab141de68b74e86b141de68b7de8639	404	skipped	not_on_path
1b5f61d237574f189f61d237575f1869	404	skipped	not_on_path
5d8c7ca056f84ec98c7ca056f85ec9b6	404	skipped	not_on_path
03692a496a3949b6a92a496a3979b661	404	skipped	not_on_path
6764abe08bea441aa4abe08bea241a05	404	skipped	not_on_path
4962ff50d62345bca2ff50d623d5bc6d	404	skipped	not_on_path
307ec71e3a7d49e4bec71e3a7d89e40f	404	skipped	not_on_path
865a84fde00e45f79a84fde00e05f70c	404	skipped	not_on_path
0fe0080f30914a56a0080f30916a5678	404	skipped	not_on_path
b9626380bd1a4904a26380bd1ad904c9	404	skipped	not_on_path
c4ab11c6494b4a4cab11c6494bea4c9e	404	skipped	not_on_path
43f3e660c92e46c9b3e660c92ee6c902	404	skipped	not_on_path
2f405c801a1f4cf6805c801a1f7cf666	404	skipped	not_on_path
e192ec4225374e2e92ec422537fe2ec4	404	skipped	not_on_path
48dd94b6977543ee9d94b6977553ee32	404	skipped	not_on_path
e6c1ce095f704c1481ce095f706c14d3	404	skipped	not_on_path
98ad3c66a70b431fad3c66a70ba31fc8	404	skipped	not_on_path
104aba8f2d4947458aba8f2d4957452e	404	skipped	not_on_path
6777aff8aebc428eb7aff8aebc728e9d	404	skipped	not_on_path
acc25befe8404f21825befe840af21a3	404	skipped	not_on_path
03302dbe9d9f4d41b02dbe9d9f2d414d	404	skipped	not_on_path
e234a7cb5e9a4e8db4a7cb5e9ace8d8c	404	skipped	not_on_path
126041225ffb4b76a041225ffbdb76c0	404	skipped	not_on_path
965b76e12dcd43919b76e12dcda3910b	404	skipped	not_on_path
0d96accf542740b796accf5427a0b7e6	404	skipped	not_on_path
83f1e15d98684b01b1e15d9868cb0129	404	skipped	not_on_path
a89668bebe1645749668bebe16d5743b	404	skipped	not_on_path
ef918d858f294092918d858f29709245	404	skipped	not_on_path
f55fcaf24edd43539fcaf24eddb3538b	404	skipped	not_on_path
d923613e700049c4a3613e700049c41d	404	skipped	not_on_path
7a6b222842c44c4dab222842c46c4dd1	404	skipped	not_on_path
882a42dfcc7e4096aa42dfcc7e40962d	404	skipped	not_on_path
09402aeda9634d76802aeda9637d763e	404	skipped	not_on_path
af135ad177834a3f935ad17783fa3fd1	404	skipped	not_on_path
db4a12ebaf34428a8a12ebaf34228af4	404	skipped	not_on_path
f3c911635f3e44a18911635f3e84a11d	404	skipped	not_on_path
49a6709b92134201a6709b921322013e	404	skipped	not_on_path
3eea26de22fd4202aa26de22fd9202e1	404	skipped	not_on_path
88677cc49beb4e6da77cc49beb8e6d91	404	skipped	not_on_path
9b22c1afbf414016a2c1afbf41101624	404	skipped	not_on_path
ec247c70a1ce4dd9a47c70a1ce0dd9f1	404	skipped	not_on_path
2c61b1123aed48b6a1b1123aed58b6a9	404	skipped	not_on_path
7f950d64fb3942e1950d64fb3932e1c1	404	skipped	not_on_path
7d8bc40b6b1c4bc88bc40b6b1c4bc885	404	skipped	not_on_path
c46bff97af0b462cabff97af0b262c93	404	skipped	not_on_path
8bf21d1134dc4d78b21d1134dc9d78d3	404	skipped	not_on_path
bd6ad39c1449459aaad39c1449a59a22	404	skipped	not_on_path
5eb6987898de4053b6987898dea05320	404	skipped	not_on_path
d90910b2f8f645da8910b2f8f6b5da67	404	skipped	not_on_path
8a3c8917942d4024bc8917942da024ac	404	skipped	not_on_path
d40740f2f0184e508740f2f0180e502d	404	skipped	not_on_path
6d73b3a1616b4405b3b3a1616b940534	404	skipped	not_on_path
61f492bb8ce04354b492bb8ce013541e	404	skipped	not_on_path
c3ec8a32a2564b82ac8a32a2564b82a3	404	skipped	not_on_path
c2769249d68c48bab69249d68c28bacf	404	skipped	not_on_path
1c9e913633ba4ba69e913633ba3ba6e6	404	skipped	not_on_path
e29e481afa7a469f9e481afa7a969f76	404	skipped	not_on_path
4c0c0462a7f841558c0462a7f8c155c7	404	skipped	not_on_path
815705d6ab9a42559705d6ab9a125583	404	skipped	not_on_path
ee18318b9e694c6898318b9e699c681e	404	skipped	not_on_path
8b3c1d1588264cfdbc1d158826bcfda0	404	skipped	not_on_path
8fcaad2cf4544be58aad2cf4540be56b	404	skipped	not_on_path
8fbbc7a844ee40a4bbc7a844eec0a405	404	skipped	not_on_path
73a0ffe6fe78411ea0ffe6fe78111ee2	404	skipped	not_on_path
b4f1747cfe4d442bb1747cfe4d042b79	404	skipped	not_on_path
a8c8a9f044f14b7288a9f044f10b72f2	404	skipped	not_on_path
cb994002dcd8472c994002dcd8172cf9	404	skipped	not_on_path
fda9366f8f344b86a9366f8f346b8619	404	skipped	not_on_path
7d107351a3f44b79907351a3f48b79fb	404	skipped	not_on_path
672f4d566d644058af4d566d64f058de	404	skipped	not_on_path
48a251047b4a41cca251047b4ad1cc60	404	skipped	not_on_path
bbd3e4e6cd604f7693e4e6cd601f76b9	404	skipped	not_on_path
bf2e83b28f7d4700ae83b28f7d670029	404	skipped	not_on_path
049ada47052d4bd99ada47052d6bd95a	404	skipped	not_on_path
02a291f77594483fa291f77594e83f63	404	skipped	not_on_path
7c95d09be2de4ae395d09be2defae3f7	404	skipped	not_on_path
d91b0bbf6fe749ae9b0bbf6fe749ae6e	404	skipped	not_on_path
3a9b9f45dcdf4d5f9b9f45dcdf7d5fd4	404	skipped	not_on_path
8d2a32a682514fe4aa32a682518fe4e0	404	skipped	not_on_path
dd6e85700991436bae85700991236b6b	404	skipped	not_on_path
d4c0551f18984ce480551f18983ce4c0	404	skipped	not_on_path
6174f3cdf79e4095b4f3cdf79ee09524	404	skipped	not_on_path
85c866bda3a04fe18866bda3a01fe129	404	skipped	not_on_path
242f40c2c4a6430faf40c2c4a6b30fab	404	skipped	not_on_path
682369a52d8d47f2a369a52d8d97f2ec	404	skipped	not_on_path
989f52846e5f46f19f52846e5fe6f143	404	skipped	not_on_path
06e5027f55d147a2a5027f55d167a29c	404	skipped	not_on_path
793b3f0de19546efbb3f0de19546efec	404	skipped	not_on_path
a5aef7518578469aaef7518578e69ae5	404	skipped	not_on_path
118604ed2f35462a8604ed2f35762a35	404	skipped	not_on_path
c2d6d363fbe3460c96d363fbe3b60c1f	404	skipped	not_on_path
e126a87b4cdf40dba6a87b4cdf80dbb8	404	skipped	not_on_path
47535cd1e83a4d5a935cd1e83a4d5aa7	404	skipped	not_on_path
61ea024b06b24965aa024b06b20965e9	404	skipped	not_on_path
f8aacf9e9bb24eb6aacf9e9bb2beb6db	404	skipped	not_on_path
355b4fcc72f64bc29b4fcc72f6ebc2bf	404	skipped	not_on_path
893c64a4fe09432fbc64a4fe09732ff6	404	skipped	not_on_path
99db82a9dd8e46a89b82a9dd8e66a832	404	skipped	not_on_path
fe682ac99d1e4cbea82ac99d1e7cbee3	404	skipped	not_on_path
43c49be5ef52485f849be5ef52585f8a	404	skipped	not_on_path
abb388b201244442b388b20124f4428a	404	skipped	not_on_path
448172b518e04db58172b518e05db54f	404	skipped	not_on_path
367b0b0f5db9437abb0b0f5db9e37adf	404	skipped	not_on_path
18cb6e4789374e418b6e4789371e41d6	404	skipped	not_on_path
cc432d1306194080832d130619b080f7	404	skipped	not_on_path
15c667ec3e2d4e6d8667ec3e2dfe6de8	404	skipped	not_on_path
d52641e5a6ca4ccfa641e5a6ca5ccf6b	404	skipped	not_on_path
cbbd5a275a2e4fa7bd5a275a2e6fa7fb	404	skipped	not_on_path
7e3119d9e2e94947b119d9e2e9d94743	404	skipped	not_on_path
de121ba5a3bf4c1a921ba5a3bf7c1a5e	404	skipped	not_on_path
e14c7b7a964e4b568c7b7a964e1b56a3	404	skipped	not_on_path
afe69425f83045d2a69425f830c5d2a1	404	skipped	not_on_path
d1d072dc3153415e9072dc3153015ef7	404	skipped	not_on_path
8ad099193ef048619099193ef0286170	404	skipped	not_on_path
0e9f37e22e3b48b89f37e22e3b38b86d	404	skipped	not_on_path
97b5b5a643494324b5b5a643497324be	404	skipped	not_on_path
54cdc592e0b44cde8dc592e0b4acdea9	404	skipped	not_on_path
099ba4ea110a482f9ba4ea110a882fed	404	skipped	not_on_path
403f21822a7b4c92bf21822a7b9c92b6	404	skipped	not_on_path
1cda9130cc264db59a9130cc269db5ab	404	skipped	not_on_path
f98772249e244cca8772249e24eccabe	404	skipped	not_on_path
2d6342ab2e604696a342ab2e601696bb	404	skipped	not_on_path
c716dc70cc5c456e96dc70cc5c356ef4	404	skipped	not_on_path
2e38082121dd4fadb8082121ddcfad59	404	skipped	not_on_path
180ba70e8d4d4c288ba70e8d4d7c2803	404	skipped	not_on_path
8b8be45b799e44238be45b799e6423f3	404	skipped	not_on_path
04d6cb135bd24bad96cb135bd26bad4c	404	skipped	not_on_path
d9c3c42c55cc4f7383c42c55cc6f7347	404	skipped	not_on_path
9bc7a3a5f5fd426287a3a5f5fd526236	404	skipped	not_on_path
879a69be64ca4ada9a69be64ca5ada86	404	skipped	not_on_path
bcb08b019fe34836b08b019fe378363b	404	skipped	not_on_path
65f76f0657484bd7b76f0657483bd71f	404	skipped	not_on_path
ce13288e0338418793288e0338b187c8	404	skipped	not_on_path
bdaff7448182435faff7448182635f01	404	skipped	not_on_path
1a1f1a390ae249df9f1a390ae229df2f	404	skipped	not_on_path
2ed862f7f115403c9862f7f115103c00	404	skipped	not_on_path
7c7e3355e2cb4c8abe3355e2cbcc8a9c	404	skipped	not_on_path
8ba88da8aeaa419ea88da8aeaac19e03	404	skipped	not_on_path
ca366e557424435bb66e557424335be1	404	skipped	not_on_path
64d6190c5d634d9096190c5d631d90e7	404	skipped	not_on_path
75df0913d97744cc9f0913d977d4cc4e	404	skipped	not_on_path
6819eca72c1046ab99eca72c1056ab71	404	skipped	not_on_path
2b2d708ec3d446b9ad708ec3d466b921	404	skipped	not_on_path
304aced84c88433d8aced84c88233d32	404	skipped	not_on_path
3fc683d5cab14f798683d5cab1bf7950	404	skipped	not_on_path
393220b1909541b9b220b1909591b9ed	404	skipped	not_on_path
a24179dd05844e348179dd0584ee3435	404	skipped	not_on_path
060e4b96c82846e08e4b96c82826e05f	404	skipped	not_on_path
dc989121c3a64359989121c3a69359ed	404	skipped	not_on_path
7d837fb316cc4455837fb316cc8455d2	404	skipped	not_on_path
7087927028b84d7b87927028b87d7b20	404	skipped	not_on_path
7473b2d4ebda4856b3b2d4ebda785632	404	skipped	not_on_path
99caf4e134db47d38af4e134db97d3dd	404	skipped	not_on_path
1a15a9e7a61146dc95a9e7a61106dca8	404	skipped	not_on_path
f090b5a2c49442f790b5a2c494f2f759	404	skipped	not_on_path
080932ba34ec4be58932ba34ec3be50c	404	skipped	not_on_path
510786a2a6f444788786a2a6f4e4785f	404	skipped	not_on_path
7a31fa4732c74ae2b1fa4732c71ae2e0	404	skipped	not_on_path
422e5d632335428dae5d632335228da3	404	skipped	not_on_path
206cef2b969e4bd8acef2b969efbd821	404	skipped	not_on_path
f7044a3157b64bd6844a3157b65bd611	404	skipped	not_on_path
3a1e985986fd49709e985986fd0970dc	404	skipped	not_on_path
a6636bc5dade4b41a36bc5dade4b417e	404	skipped	not_on_path
f438d11df3aa4592b8d11df3aac592f1	404	skipped	not_on_path
da610b84a4884404a10b84a4884404c6	404	skipped	not_on_path
1486416b237949f386416b2379d9f340	404	skipped	not_on_path
4333807f8b8c4268b3807f8b8c72687b	404	skipped	not_on_path
9262b26145ae40e4a2b26145ae20e4a7	404	skipped	not_on_path
5bd982821ffb4dda9982821ffb6dda93	404	skipped	not_on_path
e42bee12cb354dfaabee12cb353dfa19	404	skipped	not_on_path
5029904a65bb4593a9904a65bb859379	404	skipped	not_on_path
667a5ce83bbc464bba5ce83bbca64bf3	404	skipped	not_on_path
5fb1bda130344eacb1bda130349eacd2	404	skipped	not_on_path
e1c36a4e01d34903836a4e01d3490305	404	skipped	not_on_path
52433c87dba14519833c87dba1a519c2	404	skipped	not_on_path
4ddf6aff0a4e42439f6aff0a4e1243ca	404	skipped	not_on_path
b5ec2f9e18f74f53ac2f9e18f76f5342	404	skipped	not_on_path
4ef81f7de52648f8b81f7de52618f8f4	404	skipped	not_on_path
9e29f00f003a49e3a9f00f003a89e38e	404	skipped	not_on_path
5e76fa84ab314921b6fa84ab31892127	404	skipped	not_on_path
75ad41a177a04a6dad41a177a08a6dd7	404	skipped	not_on_path
3d6a832a287c46a1aa832a287c66a13c	404	skipped	not_on_path
fc059354570e4e19859354570ede1954	404	skipped	not_on_path
eb6d1c6485784d18ad1c648578cd1848	404	skipped	not_on_path
168d91ff39e5418f8d91ff39e5318f78	404	skipped	not_on_path
0873ce9b56374b7bb3ce9b56378b7b92	404	skipped	not_on_path
f6504965f3774aa3904965f3773aa311	404	skipped	not_on_path
4c531f280f244890931f280f24689062	404	skipped	not_on_path
18a5534d0f424857a5534d0f42f85752	404	skipped	not_on_path
c2fb6e5bebb64886bb6e5bebb6c88609	404	skipped	not_on_path
61413bcee1c3461c813bcee1c3961c11	404	skipped	not_on_path
51074f1bc081495a874f1bc081195ae2	404	skipped	not_on_path
2ffecccdf0504d73becccdf050ed7346	404	skipped	not_on_path
dda2a1075e59452fa2a1075e59752ffd	404	skipped	not_on_path
8d21d14eb50f4a40a1d14eb50f6a401e	404	skipped	not_on_path
6f6a671fb8124c99aa671fb812fc99eb	404	skipped	not_on_path
f728b59c8f8f404ea8b59c8f8f404e2f	404	skipped	not_on_path
5df9996d80e74433b9996d80e7d4338e	404	skipped	not_on_path
44ebce5b62fa409eabce5b62faf09e3d	404	skipped	not_on_path
cd42ae01e36042f682ae01e36062f60d	404	skipped	not_on_path
44adb10339644199adb1033964f199d8	404	skipped	not_on_path
741c4445115547f99c44451155c7f958	404	skipped	not_on_path
a565cdfd44084276a5cdfd4408d2768e	404	skipped	not_on_path
6dad67368a9d495fad67368a9de95fe1	404	skipped	not_on_path
ea5fe06a63f0470f9fe06a63f0f70ff6	404	skipped	not_on_path
9c20a0fbc3d54b41a0a0fbc3d58b4107	404	skipped	not_on_path
9320858a8d8a4130a0858a8d8a71301c	404	skipped	not_on_path
5b0e814af02a41388e814af02a7138da	404	skipped	not_on_path
01a116065d184eb7a116065d18eeb715	404	skipped	not_on_path
033e3016682f4a5fbe3016682fda5f70	404	skipped	not_on_path
f1bfa23bdaca4f80bfa23bdaca1f80a4	404	skipped	not_on_path
308b23c2f8e342358b23c2f8e3223581	404	skipped	not_on_path
1f828b0cccbd4cb3828b0cccbdbcb3b3	404	skipped	not_on_path
5eecab64722d4957acab64722da957e8	404	skipped	not_on_path
81d07fb5196d45aa907fb5196d85aac7	404	skipped	not_on_path
2ae3ac4252a648e0a3ac4252a6e8e060	404	skipped	not_on_path
df4d860272064a5c8d86027206fa5cde	404	skipped	not_on_path
3bf326b1497a42b7b326b1497a92b76e	404	skipped	not_on_path
37b7435d7c7340acb7435d7c7350ac22	404	skipped	not_on_path
7bcb03444c8343678b03444c83036704	404	skipped	not_on_path
cd0bc85c03c9469f8bc85c03c9e69f25	404	skipped	not_on_path
f7b8d64c549f4335b8d64c549f3335ee	404	skipped	not_on_path
c802cbf15252477582cbf152522775c0	404	skipped	not_on_path
096f62a8add74d23af62a8add78d23ef	404	skipped	not_on_path
1b4439d3d95041f48439d3d950e1f45e	404	skipped	not_on_path
71a52022d7d543aaa52022d7d583aa84	404	skipped	not_on_path
64f630ea18074b1ab630ea18073b1a90	404	skipped	not_on_path
78a03997146b4dd3a03997146bbdd3f1	404	skipped	not_on_path
d44b8e323fd94e2b8b8e323fd95e2be0	404	skipped	not_on_path
cf78329f8e9e4a34b8329f8e9eda3454	404	skipped	not_on_path
d55ee57d7c3b41349ee57d7c3b8134d6	404	skipped	not_on_path
4045aa161bc84a0a85aa161bc82a0a27	404	skipped	not_on_path
578a5f932c94465c8a5f932c94365c82	404	skipped	not_on_path
dda4ede70e9b4c0fa4ede70e9b7c0f2c	404	skipped	not_on_path
fd971aed2d7a4a3a971aed2d7aba3a5c	404	skipped	not_on_path
1248ece8b7904f5888ece8b790ff585d	404	skipped	not_on_path
c3af06f588f64166af06f588f6a1669c	404	skipped	not_on_path
14e82ec3a5864e90a82ec3a586be90b4	404	skipped	not_on_path
dd0de501b2b944cb8de501b2b954cb05	404	skipped	not_on_path
424899bf53de43bd8899bf53de33bdd7	404	skipped	not_on_path
bf7aaae6089b4ff9baaae6089b7ff9e2	404	skipped	not_on_path
c32d36b165d249adad36b165d239ad41	404	skipped	not_on_path
10e6337fccbb4b58a6337fccbb2b58a2	404	skipped	not_on_path
a0139e10eb5a43d2939e10eb5ad3d230	404	skipped	not_on_path
c392fdf7b8a9450792fdf7b8a93507fa	404	skipped	not_on_path
40838297b2d74098838297b2d7b098c6	404	skipped	not_on_path
202532e27a2545f6a532e27a2515f655	404	skipped	not_on_path
42891f8db26c4fa8891f8db26cffa8de	404	skipped	not_on_path
45f4537f71114a2fb4537f7111aa2f38	404	skipped	not_on_path
0b2df7baae5c4c61adf7baae5ccc615d	404	skipped	not_on_path
86fd23e0f30e4cc3bd23e0f30e2cc3b6	404	skipped	not_on_path
90b2aa1549174880b2aa15491728808b	404	skipped	not_on_path
2cfabd06ebf74942babd06ebf79942b2	404	skipped	not_on_path
8f07b2654e76423a87b2654e76323a3f	404	skipped	not_on_path
1445663eb056479785663eb056379738	404	skipped	not_on_path
c91f8a6096484f5d9f8a609648ef5d3e	404	skipped	not_on_path
c9558175236c49d1958175236c39d10b	404	skipped	not_on_path
6a1fe2b66cea4b6a9fe2b66cea6b6a67	404	skipped	not_on_path
44c5ba5acd52413385ba5acd520133f4	404	skipped	not_on_path
877f24fe59fc44cebf24fe59fc64cede	404	skipped	not_on_path
b1ce862596de44058e862596dec405f2	404	skipped	not_on_path
96e204de6338463ca204de6338463c69	404	skipped	not_on_path
ad58d568cedb4e8698d568cedb6e86d8	404	skipped	not_on_path
c3f71e741a914a40b71e741a912a40f5	404	skipped	not_on_path
f6a4bd770e5d4eeda4bd770e5d3eedf7	404	skipped	not_on_path
52f41c66a5ba4189b41c66a5ba518930	404	skipped	not_on_path
9eb5fca2a28e436db5fca2a28ed36d37	404	skipped	not_on_path
fdb25772f3964640b25772f396d6405b	404	skipped	not_on_path
e80f3d9c4f8e40108f3d9c4f8ed010bb	404	skipped	not_on_path
6128e046df4d4aaea8e046df4deaaeb4	404	skipped	not_on_path
e6f233c6a5b54409b233c6a5b5740973	404	skipped	not_on_path
8da8420c42c34b80a8420c42c39b8039	404	skipped	not_on_path
df58cfe66c3f4ea498cfe66c3f9ea4d1	404	skipped	not_on_path
7b4e08362ac440e98e08362ac4f0e969	404	skipped	not_on_path
ad027ab95d474da9827ab95d47fda961	404	skipped	not_on_path
bf7bff07b1c143a0bbff07b1c133a04f	404	skipped	not_on_path
532c775bbc5b42cbac775bbc5b92cbca	404	skipped	not_on_path
ab9f823206c742149f823206c7b2147c	404	skipped	not_on_path
6e1d83e8c97f41629d83e8c97fd1623f	404	skipped	not_on_path
ee27a7bcbd1c4445a7a7bcbd1c044512	404	skipped	not_on_path
1cb968a8c7a6460eb968a8c7a6760ec2	404	skipped	not_on_path
243d82e85ad4442fbd82e85ad4642f87	404	skipped	not_on_path
1f5a748af00c48629a748af00c18623a	404	skipped	not_on_path
c0e10d7c1f1f4c80a10d7c1f1ffc80cc	404	skipped	not_on_path
03b00731cfe344fdb00731cfe364fdbe	404	skipped	not_on_path
8d47d02f11484a7187d02f11487a71bf	404	skipped	not_on_path
36dc5f3be9e940c19c5f3be9e9d0c18e	404	skipped	not_on_path
ad036288a6244c42836288a6245c4223	404	skipped	not_on_path
ad97372168fe481397372168fe1813ce	404	skipped	not_on_path
68cc938251c84df58c938251c83df54a	404	skipped	not_on_path
107c3ee94d594f44bc3ee94d59ff4493	404	skipped	not_on_path
360fcb17b05341278fcb17b053612761	404	skipped	not_on_path
8ff0c41edcc84ed6b0c41edcc85ed64c	404	skipped	not_on_path
7fb8aa7e79904d3eb8aa7e7990ed3ebc	404	skipped	not_on_path
bd799461fd604779b99461fd60e779db	404	skipped	not_on_path
23b706d3a32743b2b706d3a32793b25e	404	skipped	not_on_path
8df61ecdaa264644b61ecdaa26364421	404	skipped	not_on_path
a376147c30264608b6147c3026e60853	404	skipped	not_on_path
fcc7f774801b4c1b87f774801b2c1ba4	404	skipped	not_on_path
7047b2d95f2848fa87b2d95f28d8fa63	404	skipped	not_on_path
b1036e50e0894a0b836e50e0899a0b15	404	skipped	not_on_path
cf718e8ad8664bf4b18e8ad8663bf48c	404	skipped	not_on_path
165614bef69649309614bef69689302b	404	skipped	not_on_path
458767a3902c47388767a3902c3738a8	404	skipped	not_on_path
e280080dd969476680080dd9696766e0	404	skipped	not_on_path
aa77a16eb2db419eb7a16eb2dbd19ea0	404	skipped	not_on_path
b897cac8fbfb41be97cac8fbfb61beba	404	skipped	not_on_path
70bfa66cfd044971bfa66cfd047971d3	404	skipped	not_on_path
57699dd3de3b4620a99dd3de3b362056	404	skipped	not_on_path
051d898efa884f0b9d898efa88ff0b16	404	skipped	not_on_path
87783c6b29534041b83c6b2953a041ab	404	skipped	not_on_path
97676d3f168d4152a76d3f168d8152de	404	skipped	not_on_path
d38649a693a047bc8649a693a047bc0b	404	skipped	not_on_path
16f7bffaa0e34106b7bffaa0e3710672	404	skipped	not_on_path
4a6fccbcd8374dd7afccbcd837cdd7ed	404	skipped	not_on_path
148f5b89e2bc47c58f5b89e2bc07c50f	404	skipped	not_on_path
6ce24b7cda374ae2a24b7cda373ae211	404	skipped	not_on_path
84801b1a84c54560801b1a84c5a560ba	404	skipped	not_on_path
7975b977e7914102b5b977e79121022b	404	skipped	not_on_path
a0ff8fa99f0044f3bf8fa99f00a4f365	404	skipped	not_on_path
1b4a443c12e74f238a443c12e77f2307	404	skipped	not_on_path
07477d7148694cdf877d714869dcdf30	404	skipped	not_on_path
f19b50631b6247c39b50631b6297c3ca	404	skipped	not_on_path
cb5f1218b55e4a299f1218b55efa299e	404	skipped	not_on_path
ef00a09d320d43fa80a09d320d93fa8a	404	skipped	not_on_path
27d1e1d20d024a9391e1d20d02fa9369	404	skipped	not_on_path
0b4d5b9fc5f245948d5b9fc5f295948d	404	skipped	not_on_path
11496a0c5435479b896a0c5435b79b1e	404	skipped	not_on_path
66515229dae04283915229dae01283c7	404	skipped	not_on_path
58959bcfe0d74bbd959bcfe0d7bbbd8e	404	skipped	not_on_path
3935b8c1ef2a4dbcb5b8c1ef2afdbcbb	404	skipped	not_on_path
87f6aa6a5d6a4c27b6aa6a5d6acc27c2	404	skipped	not_on_path
40aebc3d9b1748acaebc3d9b1798ac21	404	skipped	not_on_path
d62db87aad934683adb87aad93768311	404	skipped	not_on_path
2fcf22a73bbb4ba48f22a73bbb9ba4a1	404	skipped	not_on_path
a8f197330dc149a7b197330dc199a7b3	404	skipped	not_on_path
2e811bb8c441410c811bb8c441410c2c	404	skipped	not_on_path
d6ea516843ca4ad6aa516843cafad6fa	404	skipped	not_on_path
57f14b4c2fce46acb14b4c2fce86ac38	404	skipped	not_on_path
64657606494c4d45a57606494cfd45c8	404	skipped	not_on_path
200603ccfa7148168603ccfa71981647	404	skipped	not_on_path
d3ba424405844d19ba424405849d1998	404	skipped	not_on_path
45f02d046f894cbdb02d046f899cbd0b	404	skipped	not_on_path
182f8430305445c1af8430305415c16c	404	skipped	not_on_path
684aae5d7b6b41a58aae5d7b6b11a519	404	skipped	not_on_path
7c7462fc96cd4d8ab462fc96cdfd8a95	404	skipped	not_on_path
600ae49444a7407f8ae49444a7707fcd	404	skipped	not_on_path
8185aff5dece480085aff5decef800e7	404	skipped	not_on_path
381cd377b9ba4b059cd377b9ba3b05b4	404	skipped	not_on_path
3c46c2e0004f42d586c2e0004f92d530	404	skipped	not_on_path
5d83d3f4ec4e423883d3f4ec4e223828	404	skipped	not_on_path
daec158b6b3d4c35ac158b6b3d5c35fb	404	skipped	not_on_path
62e7b19fc06f42afa7b19fc06ff2af16	404	skipped	not_on_path
c7517ed97905445d917ed97905545d2d	404	skipped	not_on_path
e6eb3e843359402aab3e843359702ab8	404	skipped	not_on_path
1f70a7069a594e33b0a7069a594e33a0	404	skipped	not_on_path
6be7f6c9f9214b71a7f6c9f9218b71c5	404	skipped	not_on_path
04006cbb836e45bf806cbb836ea5bff3	404	skipped	not_on_path
71cd4e2539c242438d4e2539c23243cb	404	skipped	not_on_path
3bdd0d86cfe143f79d0d86cfe1f3f755	404	skipped	not_on_path
2b2fb018bff948edafb018bff9f8edd3	404	skipped	not_on_path
4254b56c8c514d3694b56c8c514d36eb	404	skipped	not_on_path
c90ab35e13ff4a358ab35e13ffea35d1	404	skipped	not_on_path
b748b3f48c5b4ad088b3f48c5b5ad086	404	skipped	not_on_path
b0c2bf1e3190422582bf1e3190e225b4	404	skipped	not_on_path
78221a00eceb4bbaa21a00eceb4bba8f	404	skipped	not_on_path
973f97982f5e4f42bf97982f5ecf4221	404	skipped	not_on_path
05a4e6a2509041cba4e6a2509031cbe2	404	skipped	not_on_path
31536677746e4675936677746e3675ba	404	skipped	not_on_path
254e0da76064494d8e0da76064e94d38	404	skipped	not_on_path
a848df0d293c411e88df0d293c111eaa	404	skipped	not_on_path
9e21fc608a7848f8a1fc608a7898f83c	404	skipped	not_on_path
a85ba9e7657b47bd9ba9e7657b17bdd4	404	skipped	not_on_path
3ee243e731254ec8a243e73125cec85b	404	skipped	not_on_path
384a151eba064a608a151eba063a60f3	404	skipped	not_on_path
41670bfc08aa4049a70bfc08aa10492d	404	skipped	not_on_path
dae55639024f4838a55639024f68388c	404	skipped	not_on_path
70c881dbf32e46f68881dbf32e16f6fa	404	skipped	not_on_path
ce2c8d81c3614b50ac8d81c3619b507c	404	skipped	not_on_path
2a26e66779674a70a6e66779678a7084	404	skipped	not_on_path
0049a66a00a7493989a66a00a77939b8	404	skipped	not_on_path
d7f5be040b5a48c6b5be040b5a18c6fb	404	skipped	not_on_path
1095f1b5dac649c895f1b5dac639c809	404	skipped	not_on_path
abeda80e3f8647ecada80e3f8647ec49	404	skipped	not_on_path
ea07e9a5635e407987e9a5635eb0795c	404	skipped	not_on_path
d628b66d19404d0ea8b66d19401d0e0e	404	skipped	not_on_path
b063cd64f7154866a3cd64f71528667f	404	skipped	not_on_path
bdf1b55668ea4bb1b1b55668eafbb1c0	404	skipped	not_on_path
db96bed31074458896bed31074d588f0	404	skipped	not_on_path
9fd548c9651f4a8a9548c9651fda8ae7	404	skipped	not_on_path
8369943d30d541bfa9943d30d581bf25	404	skipped	not_on_path
91973d087c8c4fc3973d087c8c1fc3e3	404	skipped	not_on_path
a849cb154597460889cb1545973608a6	404	skipped	not_on_path
5c01c84e114e4c0981c84e114efc098b	404	skipped	not_on_path
4ad2e2c07a30482092e2c07a30d82006	404	skipped	not_on_path
330f897cde7042828f897cde706282af	404	skipped	not_on_path
6dbaf982aa48426ebaf982aa48b26e2e	404	skipped	not_on_path
93bf4fb579214951bf4fb5792199512c	404	skipped	not_on_path
1ef8a7998bea4e82b8a7998beafe82db	404	skipped	not_on_path
9ac1676cc6a3414681676cc6a3c1461c	404	skipped	not_on_path
f5751550f4914bc0b51550f4918bc010	404	skipped	not_on_path
f0df4ecd12e748e59f4ecd12e758e500	404	skipped	not_on_path
357606a2ba974d6db606a2ba97dd6d6b	404	skipped	not_on_path
58288aa652724eb4a88aa652728eb496	404	skipped	not_on_path
033bf97505a2483dbbf97505a2183dd2	404	skipped	not_on_path
8a6bcc954ecb4d61abcc954ecb2d6175	404	skipped	not_on_path
c624906f376f4c63a4906f376f2c631d	404	skipped	not_on_path
1fb338d3d4584d3eb338d3d458ad3ed8	404	skipped	not_on_path
66846a9c6ec24763846a9c6ec2176304	404	skipped	not_on_path
b00066d7f82549378066d7f82529378a	404	skipped	not_on_path
c88590a653ae48028590a653ae480200	404	skipped	not_on_path
8aa1f451390c4ef0a1f451390caef04e	404	skipped	not_on_path
ba93c048d6ac454b93c048d6ace54b45	404	skipped	not_on_path
a9995991ae17471d995991ae17c71db7	404	skipped	not_on_path
9a707aec7ba24825b07aec7ba21825e0	404	skipped	not_on_path
3978a040515f4d9eb8a040515f0d9ead	404	skipped	not_on_path
55d424ac8b2d485e9424ac8b2d785e31	404	skipped	not_on_path
e0ec3654444648e5ac3654444628e5ca	404	skipped	not_on_path
82a549d1b4f94a63a549d1b4f9ea6323	404	skipped	not_on_path
33c982a44cac4a4e8982a44cacaa4e7f	404	skipped	not_on_path
88658ec2086b4288a58ec2086bf2885c	404	skipped	not_on_path
47148432219247b19484322192a7b100	404	skipped	not_on_path
2bd5bac0db874eb395bac0db878eb355	404	skipped	not_on_path
0b32cece01734471b2cece01733471b3	404	skipped	not_on_path
facb58ce534344c78b58ce5343b4c74e	404	skipped	not_on_path
61ea0a7587544d1daa0a758754dd1d62	404	skipped	not_on_path
2a334548c8f541c6b34548c8f501c617	404	skipped	not_on_path
df5e6c5d00e940839e6c5d00e9f0830e	404	skipped	not_on_path
6c46c0da91d14f3786c0da91d16f3743	404	skipped	not_on_path
5a134e68d67046a1934e68d670f6a1d1	404	skipped	not_on_path
e23d27c472474907bd27c47247b9071f	404	skipped	not_on_path
9d724c2af4704e8eb24c2af4705e8e8b	404	skipped	not_on_path
65ce8e84ce8a4b468e8e84ce8a4b46ae	404	skipped	not_on_path
e8b2cde5f1854960b2cde5f185c96005	404	skipped	not_on_path
6df27a78458340e5b27a78458340e564	404	skipped	not_on_path
6911a24d564e422691a24d564e5226c2	404	skipped	not_on_path
b8fadadad59543fabadadad59523fa5d	404	skipped	not_on_path
843e52a9dd9e4121be52a9dd9e3121ac	404	skipped	not_on_path
d98f1e62b4d843b28f1e62b4d893b234	404	skipped	not_on_path
12ab8389c04a4a4bab8389c04a6a4bed	404	skipped	not_on_path
d415343d061c474b95343d061c574ba7	404	skipped	not_on_path
060edd36e58941b68edd36e589e1b6c2	404	skipped	not_on_path
8eabaa41b28b4b7aabaa41b28bab7a0c	404	skipped	not_on_path
403d87c076604b6ebd87c076603b6e09	404	skipped	not_on_path
723c313e1d7c4c9fbc313e1d7c0c9fcd	404	skipped	not_on_path
1f10e0e32d71492090e0e32d71a92071	404	skipped	not_on_path
8c96ccb7004b46b996ccb7004b06b9e6	404	skipped	not_on_path
a8b33da0745f47c5b33da0745fc7c57f	404	skipped	not_on_path
365646dfd41c4c4e9646dfd41cac4e1a	404	skipped	not_on_path
0b2e7bcae6fa4570ae7bcae6faa57083	404	skipped	not_on_path
1f66169e9d6f4886a6169e9d6f288688	404	skipped	not_on_path
be547d1da75f4439947d1da75f943972	404	skipped	not_on_path
188b1c30c0f04b968b1c30c0f0fb9663	404	skipped	not_on_path
ef9b9298b8094d229b9298b809ad22da	404	skipped	not_on_path
3360cee71dd04b9ca0cee71dd07b9c57	404	skipped	not_on_path
777c3ad15ce94261bc3ad15ce9c2610a	404	skipped	not_on_path
81090b52788542e8890b52788572e82d	404	skipped	not_on_path
87eddd2cc7a44ccbaddd2cc7a42ccbc1	404	skipped	not_on_path
67152487eecd4249952487eecd424912	404	skipped	not_on_path
8859f572c9e147fc99f572c9e1c7fcac	404	skipped	not_on_path
75003343ed86425e803343ed86325e79	404	skipped	not_on_path
da1920a9ed984e559920a9ed98ae5587	404	skipped	not_on_path
73fd43230a0c4c65bd43230a0cac655e	404	skipped	not_on_path
ba79db30840b409ab9db30840b909a5b	404	skipped	not_on_path
1364bb44911e4bd5a4bb44911e8bd5ba	404	skipped	not_on_path
b355b0837c7743b895b0837c7723b8ed	404	skipped	not_on_path
2cea160071f549beaa160071f579be3f	404	skipped	not_on_path
16d6d1e1cf7d428796d1e1cf7d728742	404	skipped	not_on_path
1b8482ff034f4b6b8482ff034fab6bcd	404	skipped	not_on_path
a3c41ac4f7ee457d841ac4f7eed57d39	404	skipped	not_on_path
a373cf89583c46c2b3cf89583c46c2eb	404	skipped	not_on_path
ebf4b6bbf75b4644b4b6bbf75bc644f0	404	skipped	not_on_path
a0a92f3dfcde4b12a92f3dfcde1b1238	404	skipped	not_on_path
ff7be176b7e64f72bbe176b7e65f721c	404	skipped	not_on_path
65317402cdb842cfb17402cdb862cfbb	404	skipped	not_on_path
9637af9a54094e63b7af9a54096e63f0	404	skipped	not_on_path
a1067273372149d6867273372139d6f3	404	skipped	not_on_path
a9cebe6e6f0a49968ebe6e6f0a699625	404	skipped	not_on_path
92b979b025cd4d88b979b025cddd8888	404	skipped	not_on_path
37273d9278c049cfa73d9278c069cf7a	404	skipped	not_on_path
94137e492e414605937e492e416605bd	404	skipped	not_on_path
b0a456388d244b4ea456388d24eb4e67	404	skipped	not_on_path
5e964f12ac564039964f12ac56c039d7	404	skipped	not_on_path
f5297cacb38b445da97cacb38b145d59	404	skipped	not_on_path
7a3259dc49b141b0b259dc49b1a1b070	404	skipped	not_on_path
fe3b5b0a1d4f4141bb5b0a1d4f114154	404	skipped	not_on_path
a820afb3b30e4301a0afb3b30e130103	404	skipped	not_on_path
162ba8b2bf59416daba8b2bf59c16d15	404	skipped	not_on_path
1404f4289cac447884f4289cac44781e	404	skipped	not_on_path
8475e422619f456bb5e422619f956b55	404	skipped	not_on_path
bf7861a0f52c4705b861a0f52cd70548	404	skipped	not_on_path
5ea9547ae0534393a9547ae053c393ed	404	skipped	not_on_path
1bb6a99843284fa0b6a9984328dfa0d6	404	skipped	not_on_path
e34bb3276cbe47f58bb3276cbe67f566	404	skipped	not_on_path
cb2539b6c79d49cca539b6c79d19ccc2	404	skipped	not_on_path
97662be67b6b4e2fa62be67b6b5e2f95	404	skipped	not_on_path
3f3fbf20c6d04799bfbf20c6d0b79996	404	skipped	not_on_path
060b1bbbc4274da78b1bbbc4278da76f	404	skipped	not_on_path
bdf48e3a3b3e4073b48e3a3b3e2073a2	404	skipped	not_on_path
bbf6059fe596495eb6059fe596995e4a	404	skipped	not_on_path
020ffb8219ce4d0a8ffb8219ce2d0aff	404	skipped	not_on_path
661c221928ef4c019c221928efac01bd	404	skipped	not_on_path
a70fa18bcda14c4a8fa18bcda18c4a6d	404	skipped	not_on_path
cc2c432edfe749dbac432edfe789db04	404	skipped	not_on_path
2a4d9324e47141978d9324e471219777	404	skipped	not_on_path
7e9332a9a751444b9332a9a751744b63	404	skipped	not_on_path
9faacc94f3874d2aaacc94f3879d2a48	404	skipped	not_on_path
97f8ea90fa724e20b8ea90fa72fe2027	404	skipped	not_on_path
cf4c4cc64f77481e8c4cc64f77581e2c	404	skipped	not_on_path
6d1521909b2240169521909b22001618	404	skipped	not_on_path
b28176679d4a42e48176679d4ac2e4c2	404	skipped	not_on_path
d814a7a841294a8d94a7a84129ca8dce	404	skipped	not_on_path
b532579487b644afb2579487b6c4af4b	404	skipped	not_on_path
9de0a01e9c3641bca0a01e9c3641bc86	404	skipped	not_on_path
88c86cf358594b79886cf35859fb79ce	404	skipped	not_on_path
1072ca26e76241ebb2ca26e762c1ebe4	404	skipped	not_on_path
afaa6e2490e6477aaa6e2490e6d77a5b	404	skipped	not_on_path
3336bd1afc64451fb6bd1afc64f51fc8	404	skipped	not_on_path
f514d97a1bdd474494d97a1bdd174491	404	skipped	not_on_path
c7854475cce14bda854475cce14bda31	404	skipped	not_on_path
15d31c14c69e4ff9931c14c69e5ff961	404	skipped	not_on_path
0aefde1b5a664fbeafde1b5a66afbe86	404	skipped	not_on_path
98c59556f39e4fec859556f39eafec5f	404	skipped	not_on_path
3f7e3f4cf354468dbe3f4cf354068d29	404	skipped	not_on_path
c6bbb673f3984dcbbbb673f398fdcbcc	404	skipped	not_on_path
ba1a83c4aa9f42889a83c4aa9f228817	404	skipped	not_on_path
c3a195c24a504098a195c24a50809815	404	skipped	not_on_path
d665d8d3a28c4db6a5d8d3a28c2db647	404	skipped	not_on_path
c2ae82eb58b64174ae82eb58b68174ce	404	skipped	not_on_path
b97b7356455c46cabb7356455c26ca5c	404	skipped	not_on_path
adfe35f7b8b84c66be35f7b8b83c6614	404	skipped	not_on_path
989e848e14344bef9e848e1434cbef0f	404	skipped	not_on_path
65abb17a74d74b30abb17a74d7ab306f	404	skipped	not_on_path
eea1e1b662df4721a1e1b662df372186	404	skipped	not_on_path
15c9927a4cff433089927a4cff733043	404	skipped	not_on_path
7d28ca5800dd40c5a8ca5800dd10c52b	404	skipped	not_on_path
cfef3ed6fe194231af3ed6fe19923121	404	skipped	not_on_path
ffa91b031f80416da91b031f80716d0d	404	skipped	not_on_path
61e1ae22e9534e53a1ae22e9537e53e5	404	skipped	not_on_path
8a3246d4b0f14151b246d4b0f1515120	404	skipped	not_on_path
212cef43607e4cd2acef43607eacd246	404	skipped	not_on_path
4bd13cf103814459913cf1038154599b	404	skipped	not_on_path
1d22ced7906f4e68a2ced7906f1e6802	404	skipped	not_on_path
57bab0f68d7c4d5cbab0f68d7c6d5c38	404	skipped	not_on_path
9bd695acb35f41ed9695acb35f51edc5	404	skipped	not_on_path
4da593b90e124309a593b90e12c30906	404	skipped	not_on_path
f821e39d84724a51a1e39d84720a51c8	404	skipped	not_on_path
4c627a30b6ee4247a27a30b6ee82471b	404	skipped	not_on_path
23d4a362692e4e0b94a362692e7e0b8c	404	skipped	not_on_path
43afbe8fb1e04b3cafbe8fb1e08b3c8b	404	skipped	not_on_path
5d9508eaebe1443c9508eaebe1d43cfd	404	skipped	not_on_path
c8c639d4cc45428f8639d4cc45528f12	404	skipped	not_on_path
d551691cc76b4c4891691cc76b3c48ef	404	skipped	not_on_path
5959f3720ef34d7299f3720ef30d7222	404	skipped	not_on_path
3755e78b8ea943e395e78b8ea9d3e391	404	skipped	not_on_path
ca7b8d0ba15c4d6cbb8d0ba15c7d6c6c	404	skipped	not_on_path
6fcba287e5af4c658ba287e5af7c650b	404	skipped	not_on_path
50e071c323604a12a071c323608a12f8	404	skipped	not_on_path
7899ee7394024c1599ee739402ec15e1	404	skipped	not_on_path
d2691993d73c4124a91993d73c612432	404	skipped	not_on_path
a4ae3601efa741c4ae3601efa741c41e	404	skipped	not_on_path
af5843723d9648449843723d96784412	404	skipped	not_on_path
ceb6360400b44384b6360400b44384fc	404	skipped	not_on_path
df5c6c53e65e4c929c6c53e65eac922b	404	skipped	not_on_path
173e0654a7da4472be0654a7dae47296	404	skipped	not_on_path
53165bfa5036442b965bfa5036642bcb	404	skipped	not_on_path
d874b0dfe0e54ebeb4b0dfe0e54ebe55	404	skipped	not_on_path
3372415b4031464cb2415b4031564c10	404	skipped	not_on_path
24ea4e5ef9984a8faa4e5ef998da8f80	404	skipped	not_on_path
b4544a726a8b42d4944a726a8bd2d42f	404	skipped	not_on_path
2fbe5d8102c4442ebe5d8102c4342eff	404	skipped	not_on_path
b715eb2ca54345ef95eb2ca54305ef79	404	skipped	not_on_path
c79c9508902c4f029c9508902c7f023c	404	skipped	not_on_path
5e64afb9802f4be3a4afb9802fcbe3b4	404	skipped	not_on_path
7abbd61534c04fbebbd61534c09fbe10	404	skipped	not_on_path
a3142f3730c64012942f3730c6c012f8	404	skipped	not_on_path
4906f65379a943a686f65379a9d3a62e	404	skipped	not_on_path
2623f4da87774cf0a3f4da87775cf000	404	skipped	not_on_path
a93381a33fb44384b381a33fb44384ea	404	skipped	not_on_path
eaa0181e0e014194a0181e0e013194eb	404	skipped	not_on_path
64db61806de34d919b61806de31d91c8	404	skipped	not_on_path
463eb9679c9741e4beb9679c97a1e48c	404	skipped	not_on_path
5a10a93126fb447b90a93126fbf47b8b	404	skipped	not_on_path
2640e9fa5ca94d1b80e9fa5ca98d1b27	404	skipped	not_on_path
5b61e63ae3ce46eea1e63ae3ce76ee92	404	skipped	not_on_path
5e1d232701ae42839d232701aef283ab	404	skipped	not_on_path
ec68c38990284945a8c3899028094528	404	skipped	not_on_path
8035cdac51ac4b37b5cdac51acab3732	404	skipped	not_on_path
7b6d2e0c677441f0ad2e0c677451f038	404	skipped	not_on_path
e15aa7cd872a478f9aa7cd872a478fa0	404	skipped	not_on_path
a1f77c1b046c4c2ab77c1b046c9c2ad4	404	skipped	not_on_path
cbc49d2899f3406f849d2899f3206f96	404	skipped	not_on_path
1c5ccb26248744199ccb2624879419f3	404	skipped	not_on_path
1608b47e8c56494488b47e8c56d94483	404	skipped	not_on_path
ee888a2179b945c6888a2179b945c600	404	skipped	not_on_path
53016f2ebea945df816f2ebea9a5df71	404	skipped	not_on_path
650dc5f566b542a68dc5f566b5d2a6de	404	skipped	not_on_path
ec0b360757744dbb8b36075774ddbbdf	404	skipped	not_on_path
c95dcdfb7eea40ff9dcdfb7eea80ffd8	404	skipped	not_on_path
ce893411f7b54d0f893411f7b58d0f23	404	skipped	not_on_path
7d75e04fbe4b47eab5e04fbe4b17ea79	404	skipped	not_on_path
203600e0116942d7b600e01169d2d79e	404	skipped	not_on_path
5c36f3dd958049e9b6f3dd9580a9e901	404	skipped	not_on_path
0a5f2bd8f3a243129f2bd8f3a2d31234	404	skipped	not_on_path
1b27151b632747e4a7151b6327a7e499	404	skipped	not_on_path
0406147a1e59427c86147a1e59227c60	404	skipped	not_on_path
6eb8bea38f4046bab8bea38f4036ba80	404	skipped	not_on_path
e69901247ea540729901247ea5e072c0	404	skipped	not_on_path
540a19e0249940398a19e0249900394f	404	skipped	not_on_path
3a49e5fa27d649b389e5fa27d6b9b38d	404	skipped	not_on_path
bb6541b9c0004418a541b9c0005418c5	404	skipped	not_on_path
62a378cd18a84d7ca378cd18a8fd7c76	404	skipped	not_on_path
35437af2f9974479837af2f99714790f	404	skipped	not_on_path
908802fa5e8142b38802fa5e81d2b344	404	skipped	not_on_path
067493efc7734c3bb493efc773ec3b43	404	skipped	not_on_path
c7da6ded20ad4c4f9a6ded20addc4fff	404	skipped	not_on_path
5f66b98bdd4d4377a6b98bdd4d83770e	404	skipped	not_on_path
e83399bb11324cd4b399bb11328cd4e5	404	skipped	not_on_path
7ad26ef553f448a4926ef553f4d8a4cb	404	skipped	not_on_path
755a8e67f080457b9a8e67f080757bba	404	skipped	not_on_path
7eeb8da3723b4238ab8da3723b623851	404	skipped	not_on_path
9ffc4c87bb3a4096bc4c87bb3a70961a	404	skipped	not_on_path
17ea8d79f5174056aa8d79f5176056cc	404	skipped	not_on_path
78a0970837b14de3a0970837b11de3bb	404	skipped	not_on_path
0149ffcbdc17457d89ffcbdc17657d30	404	skipped	not_on_path
61574860760641129748607606e11265	404	skipped	not_on_path
c650ad3ea2244b0990ad3ea2245b092a	404	skipped	not_on_path
546172a75f3e4dcfa172a75f3efdcfff	404	skipped	not_on_path
8a8c5d9b0c3f429f8c5d9b0c3f629f06	404	skipped	not_on_path
f38ef62a911b4ee88ef62a911bdee8e1	404	skipped	not_on_path
e61e2af887114c379e2af887111c37e7	404	skipped	not_on_path
848930a3061743518930a30617d351e9	404	skipped	not_on_path
eff27fc5db154ac8b27fc5db15aac8f9	404	skipped	not_on_path
52853c977c0b4d9a853c977c0bcd9ab2	404	skipped	not_on_path
475d5b1ea58f4efb9d5b1ea58fbefb10	404	skipped	not_on_path
241fcc2c1f7448979fcc2c1f74f897e4	404	skipped	not_on_path
33ec20a12724473dac20a12724c73ddc	404	skipped	not_on_path
2c3111481ce141bbb111481ce181bb17	404	skipped	not_on_path
fa1b23c633cd47fa9b23c633cde7faca	404	skipped	not_on_path
fda75ce82fe24ac5a75ce82fe2bac5a8	404	skipped	not_on_path
6c88146376924e078814637692ce0711	404	skipped	not_on_path
98f033e0c5ec4f3db033e0c5eccf3d0b	404	skipped	not_on_path
4e10cc7dc30141ef90cc7dc30121ef8e	404	skipped	not_on_path
21b2840d76c948f3b2840d76c988f31f	404	skipped	not_on_path
b11feb9763db48209feb9763db882098	404	skipped	not_on_path
bdc07b236eb64da7807b236eb62da7c2	404	skipped	not_on_path
67eebdef6da54e38aebdef6da59e38e7	404	skipped	not_on_path
f801d3d5f2624f5b81d3d5f2622f5b43	404	skipped	not_on_path
41393aa87ad54d84b93aa87ad52d8402	404	skipped	not_on_path
ceefd9c2a40c43e7afd9c2a40cd3e7be	404	skipped	not_on_path
0cd6fcc856164f8d96fcc856165f8d78	404	skipped	not_on_path
646d254d8b4f4473ad254d8b4fa47337	404	skipped	not_on_path
92ef5e1fb97f4098af5e1fb97fb098d3	404	skipped	not_on_path
33043b8543464085843b85434650858e	404	skipped	not_on_path
f00eea3eb549483b8eea3eb549083bed	404	skipped	not_on_path
e6ae6d0090dd4532ae6d0090ddc5329e	404	skipped	not_on_path
4c2dd23a7cae4cd1add23a7cae0cd19f	404	skipped	not_on_path
06dd22ea9a4c4d849d22ea9a4cdd84e9	404	skipped	not_on_path
2f5695a396aa47d89695a396aad7d80d	404	skipped	not_on_path
103689c297b746d9b689c297b756d9d3	404	skipped	not_on_path
45089b8471ec4cb5889b8471ec3cb5aa	404	skipped	not_on_path
23b0ccfebe0341b4b0ccfebe03a1b4a8	404	skipped	not_on_path
af71af6c83084d9db1af6c83084d9d9b	404	skipped	not_on_path
30e3c98a42af4660a3c98a42af3660ed	404	skipped	not_on_path
04e466dc6a7e4784a466dc6a7e178491	404	skipped	not_on_path
4a17769808e8431d97769808e8531d10	404	skipped	not_on_path
ed234cfa91e54aa6a34cfa91e5daa6db	404	skipped	not_on_path
1aaae0b45b6543aaaae0b45b6523aa84	404	skipped	not_on_path
0292ce97dcd0479992ce97dcd0379921	404	skipped	not_on_path
74e5d5df8ca342c7a5d5df8ca3a2c7b1	404	skipped	not_on_path
5d2fd53201074730afd5320107f73038	404	skipped	not_on_path
c21feef23df245369feef23df23536bb	404	skipped	not_on_path
007b8a824a474dcdbb8a824a47adcd6d	404	skipped	not_on_path
abd4892efd11473a94892efd11373a06	404	skipped	not_on_path
237c13113c9f45b1bc13113c9f95b138	404	skipped	not_on_path
8d837b7d7ba14db2837b7d7ba1cdb26b	404	skipped	not_on_path
37a3a3cae1e54587a3a3cae1e505870a	404	skipped	not_on_path
29882d4141234305882d414123f305bd	404	skipped	not_on_path
36d9b7405a8a478499b7405a8a178452	404	skipped	not_on_path
a56f2f700b7d4d96af2f700b7d7d9609	404	skipped	not_on_path
79c96436c4dc4056896436c4dcf056d6	404	skipped	not_on_path
a963a0e7904c499da3a0e7904c299df4	404	skipped	not_on_path
b3565d83d0e946f1965d83d0e946f1bd	404	skipped	not_on_path
24f551a62343435bb551a62343635b6c	404	skipped	not_on_path
2c91e6cacac0492791e6cacac0d92714	404	skipped	not_on_path
169135b155f146b19135b155f106b162	404	skipped	not_on_path
32586c8c667549ba986c8c667569bace	404	skipped	not_on_path
9e851fbc88d849ad851fbc88d8f9adbf	404	skipped	not_on_path
ecde7aeb255147ed9e7aeb255137eda1	404	skipped	not_on_path
4090563fa90e4f8190563fa90ecf8174	404	skipped	not_on_path
e6584d0322cf44a0984d0322cfa4a096	404	skipped	not_on_path
3f71b68e47a847a5b1b68e47a807a5a1	404	skipped	not_on_path
b8deec654bc944e59eec654bc904e533	404	skipped	not_on_path
815c46f4aa554c7c9c46f4aa553c7c1f	404	skipped	not_on_path
e1b7e33bd572402eb7e33bd572102e90	404	skipped	not_on_path
43e63828ca7a4da1a63828ca7a8da18c	404	skipped	not_on_path
17cd02dcbfee42538d02dcbfee6253fa	404	skipped	not_on_path
25e5c00d268b402ba5c00d268b402b67	404	skipped	not_on_path
bcab0f153633439dab0f153633c39d72	404	skipped	not_on_path
f67067654b2f475eb067654b2f875ed7	404	skipped	not_on_path
bca9429609f24f70a9429609f2ff70c2	404	skipped	not_on_path
3d222f7a18ac4b72a22f7a18ac8b72f8	404	skipped	not_on_path
7ae4857fd6f447aea4857fd6f407ae33	404	skipped	not_on_path
45f577ca11524081b577ca1152908130	404	skipped	not_on_path
4963963475b04dbfa3963475b0adbf8d	404	skipped	not_on_path
4ce8177043be4a7ea8177043be1a7ea4	404	skipped	not_on_path
fac48abd85ae4d68848abd85aebd689b	404	skipped	not_on_path
3e245895e1f24203a45895e1f2620339	404	skipped	not_on_path
02e6be90f42f4590a6be90f42f659076	404	skipped	not_on_path
113378e462394954b378e4623939540a	404	skipped	not_on_path
6449185c8e21495989185c8e211959b0	404	skipped	not_on_path
f23f8b80a8264486bf8b80a82614860b	404	skipped	not_on_path
0b9b7745b4784ca49b7745b4784ca498	404	skipped	not_on_path
901ce76bf0d04b399ce76bf0d00b391d	404	skipped	not_on_path
60135bebcfea45d0935bebcfea95d0c5	404	skipped	not_on_path
33d0a3373310409590a33733106095c5	404	skipped	not_on_path
4c95ffd2a9994b0295ffd2a999cb0266	404	skipped	not_on_path
b46b479043be4a65ab479043be7a65b6	404	skipped	not_on_path
23571a5bf45f4705971a5bf45fe70514	404	skipped	not_on_path
fe4cee17bbb54bf58cee17bbb51bf55b	404	skipped	not_on_path
02807dc420d94e8d807dc420d94e8dd9	404	skipped	not_on_path
ba53e2f0580b44ab93e2f0580bb4abda	404	skipped	not_on_path
edfcf0390f694ef1bcf0390f695ef1f8	404	skipped	not_on_path
e594fdf128664e9a94fdf128660e9a05	404	skipped	not_on_path
2cbe8013a16346aebe8013a163e6aee7	404	skipped	not_on_path
1c89f1cc619b44ad89f1cc619ba4aded	404	skipped	not_on_path
12e21d6fafc042a4a21d6fafc092a4f5	404	skipped	not_on_path
9a7e0eebfbe84cabbe0eebfbe8acabc3	404	skipped	not_on_path
9497db309fe348cb97db309fe3c8cb5e	404	skipped	not_on_path
500610328eb04ddc8610328eb08ddc5e	404	skipped	not_on_path
b7a3ab57f5d24191a3ab57f5d2c19198	404	skipped	not_on_path
ed73a8307efa45a9b3a8307efaf5a999	404	skipped	not_on_path
88639c6a35da484aa39c6a35da984a60	404	skipped	not_on_path
d6c2db5d157242be82db5d157262befd	404	skipped	not_on_path
012e2dff02744db1ae2dff02741db16a	404	skipped	not_on_path
1b659e56d7764268a59e56d77612680a	404	skipped	not_on_path
2f67da5ab964439da7da5ab964339d57	404	skipped	not_on_path
65afd5fe2bd44870afd5fe2bd42870c5	404	skipped	not_on_path
ae67b74566754fe1a7b74566751fe192	404	skipped	not_on_path
c8858800d5ff4098858800d5ffd098f9	404	skipped	not_on_path
11078d22e315437c878d22e315b37c53	404	skipped	not_on_path
b6e954a31f2f41cca954a31f2fb1ccf8	404	skipped	not_on_path
be7e1bc78f554f11be1bc78f55bf1127	404	skipped	not_on_path
12c0b72ef429441080b72ef429341005	404	skipped	not_on_path
c7e57c84b4f64e7ba57c84b4f60e7b38	404	skipped	not_on_path
c548032f96e141c988032f96e101c955	404	skipped	not_on_path
ea6775c1f5784064a775c1f5787064dd	404	skipped	not_on_path
4b62162161ce416ea2162161ce016e7e	404	skipped	not_on_path
7ef7d44b2f51466db7d44b2f51866d35	404	skipped	not_on_path
a67c8c124adb41f8bc8c124adb31f8e8	404	skipped	not_on_path
124c9a4320a549e28c9a4320a5e9e2b6	404	skipped	not_on_path
290a4446c4ff4dc28a4446c4ff1dc277	404	skipped	not_on_path
82023e475ab246e8823e475ab2f6e82e	404	skipped	not_on_path
9295915d10af448a95915d10af048ad4	404	skipped	not_on_path
d65203305bca4f279203305bca2f270d	404	skipped	not_on_path
3a75d062d838448eb5d062d838648ea3	404	skipped	not_on_path
8b74c513e32a415fb4c513e32ae15fca	404	skipped	not_on_path
3c5a97b673af48c89a97b673afb8c89b	404	skipped	not_on_path
859171c368d247fa9171c368d297fa39	404	skipped	not_on_path
6025e939c65f4a19a5e939c65f6a191d	404	skipped	not_on_path
f1f65e5da19f4329b65e5da19fb329da	404	skipped	not_on_path
ba3f58d7c08b46c2bf58d7c08b76c2ec	404	skipped	not_on_path
99f4f50bcead4ad1b4f50bcead5ad1e2	404	skipped	not_on_path
391d856ded0d4fe39d856ded0d6fe309	404	skipped	not_on_path
8c21c0f9857b404ea1c0f9857b604e25	404	skipped	not_on_path
50ed5d1f735742e9ad5d1f7357d2e9fb	404	skipped	not_on_path
ce4e94edc61e468c8e94edc61e668c84	404	skipped	not_on_path
4c0d81fb11d045b88d81fb11d005b84b	404	skipped	not_on_path
838fa4862a5140438fa4862a51a0437b	404	skipped	not_on_path
05a4efb9d9f443c8a4efb9d9f4a3c821	404	skipped	not_on_path
9f92621aa8bb499f92621aa8bb699fdd	404	skipped	not_on_path
f76fa634aa2d43b0afa634aa2da3b0ed	404	skipped	not_on_path
458adf06abab45778adf06ababd57796	404	skipped	not_on_path
f1261c7d262a43d6a61c7d262ad3d6fd	404	skipped	not_on_path
db404bdb68dd4738804bdb68dd27389a	404	skipped	not_on_path
c582487a4dbd486a82487a4dbd686a0f	404	skipped	not_on_path
bbd1da902c6d4b6e91da902c6deb6ef0	404	skipped	not_on_path
57f5c600b92e49b4b5c600b92eb9b4e7	404	skipped	not_on_path
d08976296c6449568976296c642956b0	404	skipped	not_on_path
0e71c924870041b7b1c9248700d1b719	404	skipped	not_on_path
73bd6514b2cc412dbd6514b2cc112d12	404	skipped	not_on_path
e68fad7e935c404a8fad7e935ca04a38	404	skipped	not_on_path
6a3e14c65910479bbe14c65910679bda	404	skipped	not_on_path
900209ecc6a24a068209ecc6a24a0659	404	skipped	not_on_path
c583abfd2c2f432283abfd2c2f632221	404	skipped	not_on_path
eb1a681b411e4a809a681b411eca808b	404	skipped	not_on_path
c64442bedeca47e38442bedecaa7e3a9	404	skipped	not_on_path
1359be24b38f414999be24b38f114925	404	skipped	not_on_path
083df0a29a3d42a1bdf0a29a3d82a1b8	404	skipped	not_on_path
103237f088b945b9b237f088b955b9c4	404	skipped	not_on_path
3fe5a7e3814442c4a5a7e3814452c458	404	skipped	not_on_path
9e1e372c93654d2f9e372c93655d2f24	404	skipped	not_on_path
a60083e539984f408083e53998bf40a2	404	skipped	not_on_path
1ef2cdae01054588b2cdae0105b5889d	404	skipped	not_on_path
869ee0d3c5064f9b9ee0d3c5061f9bf2	404	skipped	not_on_path
a67e5b5a961743d6be5b5a961733d645	404	skipped	not_on_path
0c5fd5add4ca4ad39fd5add4ca2ad3c2	404	skipped	not_on_path
92238c2864244b4fa38c2864242b4f53	404	skipped	not_on_path
2584c378325d4ff684c378325dcff641	404	skipped	not_on_path
6cbc00c5b6d44a14bc00c5b6d48a14d8	404	skipped	not_on_path
ebb3eb91e39848d2b3eb91e39858d2f7	404	skipped	not_on_path
35f80db6abbc449db80db6abbcf49da6	404	skipped	not_on_path
46bb31cf4d5a4bf5bb31cf4d5afbf549	404	skipped	not_on_path
9f622396183d43c7a22396183df3c734	404	skipped	not_on_path
cf5d3bba998941cc9d3bba9989c1cc30	404	skipped	not_on_path
d051fda67a5b46d491fda67a5b96d42b	404	skipped	not_on_path
55c065c8b0584a5d8065c8b058ba5d44	404	skipped	not_on_path
6c89bb6b2e6b43d489bb6b2e6b33d4b5	404	skipped	not_on_path
669ec77b86524c919ec77b8652ec9167	404	skipped	not_on_path
3cfb58a1a9ea490fbb58a1a9eac90fb9	404	skipped	not_on_path
bae367455453435ba367455453935bcc	404	skipped	not_on_path
079b2013821340a69b2013821330a622	404	skipped	not_on_path
e56135aabc304e6ca135aabc300e6cd0	404	skipped	not_on_path
b2e10a3ff9d04e5fa10a3ff9d07e5fcb	404	skipped	not_on_path
dd2eb5f5137740a5aeb5f5137760a591	404	skipped	not_on_path
d193a9ab0bf541e993a9ab0bf581e9d1	404	skipped	not_on_path
32ddbfe9c68e44329dbfe9c68e643271	404	skipped	not_on_path
109ea399a23b41709ea399a23ba170a8	404	skipped	not_on_path
c49ba163c11e4b349ba163c11e9b3411	404	skipped	not_on_path
54cdc80890c24a118dc80890c2ea1143	404	skipped	not_on_path
499570c5f65b42cf9570c5f65b02cf2f	404	skipped	not_on_path
b12fab6f23944be6afab6f23944be6bc	404	skipped	not_on_path
7040ce8340b944bc80ce8340b994bc35	404	skipped	not_on_path
4af966b3b95d4126b966b3b95d1126f6	404	skipped	not_on_path
6d01e6cc4329495c81e6cc4329795c7d	404	skipped	not_on_path
33e543eafb9e4186a543eafb9e518601	404	skipped	not_on_path
498dba8b56dd49bd8dba8b56ddd9bd7f	404	skipped	not_on_path
647d9698dcd544edbd9698dcd5d4ed0f	404	skipped	not_on_path
474a796220144b548a796220149b5434	404	skipped	not_on_path
7b8c974de1f84f998c974de1f8cf99dd	404	skipped	not_on_path
aca4b9ba42404f96a4b9ba42403f96e9	404	skipped	not_on_path
dd33c7230e4b40c0b3c7230e4b20c075	404	skipped	not_on_path
7584d5a8f731420084d5a8f73102004b	404	skipped	not_on_path
fae1d4c766f74525a1d4c766f79525da	404	skipped	not_on_path
f0d03b2deb1b42ff903b2deb1ba2ffb6	404	skipped	not_on_path
fc60da9b0e7045a8a0da9b0e7005a877	404	skipped	not_on_path
dea7938d70254f68a7938d70253f684f	404	skipped	not_on_path
ea36f83e9efe4777b6f83e9efec777d1	404	skipped	not_on_path
0c4330e6c6724e358330e6c672ce355f	404	skipped	not_on_path
e18abc19678649df8abc196786a9df08	404	skipped	not_on_path
53f1e5dfab4a4834b1e5dfab4a4834e1	404	skipped	not_on_path
58471ad321034751871ad3210307510a	404	skipped	not_on_path
9766a8c15eb745aea6a8c15eb7b5ae85	404	skipped	not_on_path
4a4b96fa84534c7c8b96fa8453cc7cef	404	skipped	not_on_path
fc968b92cbc64019968b92cbc64019ab	404	skipped	not_on_path
262398a4ef80441aa398a4ef80241ae9	404	skipped	not_on_path
66075a074d1f47e9875a074d1fb7e940	404	skipped	not_on_path
e3e29f7deb1646f7a29f7deb1676f754	404	skipped	not_on_path
cfd4cd25a5a44ec894cd25a5a4fec82d	404	skipped	not_on_path
f742a6af67654cc782a6af6765bcc7a7	404	skipped	not_on_path
5d7c0c165c7d48c0bc0c165c7d98c0a8	404	skipped	not_on_path
b695603d5a33439395603d5a33239346	404	skipped	not_on_path
0484648c7ae3496a84648c7ae3296a94	404	skipped	not_on_path
6d0cde09df884c168cde09df88fc169a	404	skipped	not_on_path
98c6af5cae5e46ad86af5cae5ee6ad86	404	skipped	not_on_path
17215afb212d4ac2a15afb212d5ac2ee	404	skipped	not_on_path
222ef414cf2145afaef414cf21c5af68	404	skipped	not_on_path
35709b9d9f904b01b09b9d9f90db01e9	404	skipped	not_on_path
9db1b7d6f7604cc5b1b7d6f7606cc50d	404	skipped	not_on_path
23f3dedb390c4398b3dedb390cb3980b	404	skipped	not_on_path
4bb6544e091f4e93b6544e091f8e93ad	404	skipped	not_on_path
ca1ef6c413f7414b9ef6c413f7b14baa	404	skipped	not_on_path
85f801ac8d504272b801ac8d505272e3	404	skipped	not_on_path
91be7d76d6384862be7d76d638d86208	404	skipped	not_on_path
5cc87aa1d5194dc5887aa1d5190dc565	404	skipped	not_on_path
9e66004244f44208a6004244f4e20803	404	skipped	not_on_path
d68cab45a287451d8cab45a287a51d48	404	skipped	not_on_path
fff46fa743b84cf8b46fa743b80cf8f7	404	skipped	not_on_path
011dcbe5e2ea438a9dcbe5e2ea938a22	404	skipped	not_on_path
1e28abf5dfd0455ba8abf5dfd0a55b26	404	skipped	not_on_path
14657e77ce5f4622a57e77ce5fc622b3	404	skipped	not_on_path
3da2f11865b9454ca2f11865b9b54c1a	404	skipped	not_on_path
d9d7a8c5eab74af697a8c5eab75af662	404	skipped	not_on_path
f127e921bd824299a7e921bd82e29980	404	skipped	not_on_path
55f836b5944b47f6b836b5944bb7f6bb	404	skipped	not_on_path
852728438bda4589a728438bdad58990	404	skipped	not_on_path
2ceee1cd1eaa4d2caee1cd1eaaed2c8c	404	skipped	not_on_path
c2ffb43ff2ad4570bfb43ff2ad5570b9	404	skipped	not_on_path
e240c2fa916c4b1380c2fa916c3b1309	404	skipped	not_on_path
df03b5e11af9443c83b5e11af9643c34	404	skipped	not_on_path
963770c7669a4499b770c7669a949937	404	skipped	not_on_path
2d6e7813ff3647f3ae7813ff3637f35b	404	skipped	not_on_path
b1a866d10b4940b2a866d10b49c0b21f	404	skipped	not_on_path
538bcf6ebee34db08bcf6ebee3edb062	404	skipped	not_on_path
92e2192d649d4048a2192d649d9048c6	404	skipped	not_on_path
fb4c160969f645858c160969f63585bb	404	skipped	not_on_path
c2875646a57445e6875646a57485e6ca	404	skipped	not_on_path
839fcf51d1f3454d9fcf51d1f3654dcf	404	skipped	not_on_path
dd175e0cdf784983975e0cdf78798360	404	skipped	not_on_path
78a40606fcb249cca40606fcb2e9cca3	404	skipped	not_on_path
e80495a2cc8345048495a2cc837504a7	404	skipped	not_on_path
77c61883840b4c3c861883840bcc3cc1	404	skipped	not_on_path
81c26ae24ed545a4826ae24ed585a4e9	404	skipped	not_on_path
43fc03a7190a41a8bc03a7190ae1a871	404	skipped	not_on_path
bd105d9d92c44821905d9d92c408216d	404	skipped	not_on_path
5f7e6292974843bcbe62929748d3bcb7	404	skipped	not_on_path
4706bbd13560464186bbd13560264127	404	skipped	not_on_path
4a5f3dd969f042489f3dd969f052481a	404	skipped	not_on_path
fd137428a3564651937428a35616511f	404	skipped	not_on_path
02d51ab034c849ca951ab034c809caa7	404	skipped	not_on_path
9946d83a69d14d8f86d83a69d1bd8f4c	404	skipped	not_on_path
3ed75511b2bc4721975511b2bc672193	404	skipped	not_on_path
4389367c9b06476289367c9b06276204	404	skipped	not_on_path
0998a3c11504439298a3c11504a392f5	404	skipped	not_on_path
d80829f8635845fe8829f8635825fedd	404	skipped	not_on_path
719ad8279b0743179ad8279b07d317a4	404	skipped	not_on_path
65d034904345453c9034904345653cfa	404	skipped	not_on_path
487032d0e0894706b032d0e089a7068f	404	skipped	not_on_path
be8b7c9aea1144de8b7c9aea1134de69	404	skipped	not_on_path
ecdc143040ac445d9c143040acc45d37	404	skipped	not_on_path
c5810bc572b34dd5810bc572b3ddd566	404	skipped	not_on_path
e9b85a0170254a73b85a017025ea737c	404	skipped	not_on_path
00414d540bce484c814d540bce784c6f	404	skipped	not_on_path
650ab5c4d9964ef68ab5c4d9964ef669	404	skipped	not_on_path
4f47847204b14d7c87847204b1dd7c57	404	skipped	not_on_path
f6d78d78335441eb978d783354a1eb7f	404	skipped	not_on_path
1e3e243542be49b4be243542be39b45e	404	skipped	not_on_path
c4e1e97c659e4d68a1e97c659eed683b	404	skipped	not_on_path
78d49b07985a4da1949b07985acda1bb	404	skipped	not_on_path
26b0f4012508413bb0f4012508213b60	404	skipped	not_on_path
de25b34f42834751a5b34f42837751d5	404	skipped	not_on_path
ed39b0efb7bc4eb0b9b0efb7bc2eb0d4	404	skipped	not_on_path
40f5112a7e464164b5112a7e46416460	404	skipped	not_on_path
09df6624756e4af59f6624756e5af589	404	skipped	not_on_path
e8887371fc5742bf887371fc57b2bf93	404	skipped	not_on_path
327d2050426348bfbd2050426348bf7c	404	skipped	not_on_path
20db7980e80e4c129b7980e80ecc12f0	404	skipped	not_on_path
56872a551ff54566872a551ff5456658	404	skipped	not_on_path
daab618c61204bf7ab618c61205bf7f9	404	skipped	not_on_path
8083b964de174d0283b964de17ad0252	404	skipped	not_on_path
14799e2520c24771b99e2520c2e77151	404	skipped	not_on_path
a4cfec2c311446858fec2c3114a68551	404	skipped	not_on_path
65e336bd0c6b4cfda336bd0c6bdcfd12	404	skipped	not_on_path
bb52c7143bba4b5c92c7143bba0b5cf4	404	skipped	not_on_path
bb00879cd6de455980879cd6ded55934	404	skipped	not_on_path
41d8cc6b980c4a2598cc6b980c2a25c8	404	skipped	not_on_path
97d5b19fa48d445e95b19fa48d845ef0	404	skipped	not_on_path
a91ba68f19d64d739ba68f19d69d7316	404	skipped	not_on_path
2bf5a35855974779b5a3585597277917	404	skipped	not_on_path
78614ee9afa247a0a14ee9afa2a7a0d5	404	skipped	not_on_path
e59f76ee09e64a639f76ee09e6da63af	404	skipped	not_on_path
9f23499b300646c2a3499b300626c2ef	404	skipped	not_on_path
0ce957778ed64484a957778ed6648464	404	skipped	not_on_path
477b813c5b844a27bb813c5b842a2705	404	skipped	not_on_path
67e2830c0f8a4836a2830c0f8a683616	404	skipped	not_on_path
4e328bec4dd140a2b28bec4dd1c0a2ea	404	skipped	not_on_path
c2d150b8166747fc9150b8166787fcce	404	skipped	not_on_path
92c0e46b3ed248f280e46b3ed288f2f7	404	skipped	not_on_path
de86c4edd906418086c4edd906118054	404	skipped	not_on_path
4b8f772651bd4c1f8f772651bd1c1f60	404	skipped	not_on_path
49c25dd8c3d347a9825dd8c3d397a9b4	404	skipped	not_on_path
a4724b4e34314ca2b24b4e34317ca2c6	404	skipped	not_on_path
41dbe59e483e49269be59e483e8926ce	404	skipped	not_on_path
cab65ff0a7014153b65ff0a701515332	404	skipped	not_on_path
b7aaf9dcd4d74473aaf9dcd4d7f473c3	404	skipped	not_on_path
d09ee39be8e642a09ee39be8e662a05d	404	skipped	not_on_path
91a340e1ea78413da340e1ea78b13dd1	404	skipped	not_on_path
5de2a49e56fb452ca2a49e56fbb52c08	404	skipped	not_on_path
056473de4af644b5a473de4af6a4b5a0	404	skipped	not_on_path
b4d07cc4fd3842a9907cc4fd3852a974	404	skipped	not_on_path
a87da198eb3d42abbda198eb3df2abac	404	skipped	not_on_path
74bc84d2c3904c43bc84d2c3901c4308	404	skipped	not_on_path
2ce05601917c4a96a05601917c8a96cb	404	skipped	not_on_path
b04437b565cf45538437b565cfa553b7	404	skipped	not_on_path
ca528be178b046b3928be178b0e6b3f4	404	skipped	not_on_path
775dcc87bb9744e99dcc87bb9764e983	404	skipped	not_on_path
8ba3637e2f3445b7a3637e2f3435b700	404	skipped	not_on_path
78ba52257fc34128ba52257fc3d12806	404	skipped	not_on_path
184cdbba3d40435c8cdbba3d40935c8a	404	skipped	not_on_path
16ad18f90af64716ad18f90af6d71680	404	skipped	not_on_path
7c8b24cb25e145fd8b24cb25e105fd9c	404	skipped	not_on_path
a5b10b2c16b6431bb10b2c16b6c31bd5	404	skipped	not_on_path
2f6c3fd42c834a36ac3fd42c834a363a	404	skipped	not_on_path
0483ab68925344e283ab689253a4e234	404	skipped	not_on_path
f59d04829ea147c89d04829ea1e7c8a2	404	skipped	not_on_path
8aa9bfca0a7e4026a9bfca0a7e8026e6	404	skipped	not_on_path
aed459ae83c9445c9459ae83c9745cb7	404	skipped	not_on_path
d49b5d23197140cc9b5d231971f0cc0c	404	skipped	not_on_path
610a4c729fbc49748a4c729fbcf974e4	404	skipped	not_on_path
2d6aebd870c84812aaebd870c8081295	404	skipped	not_on_path
65469bc21a9a48df869bc21a9af8df53	404	skipped	not_on_path
c28b68c896e24d908b68c896e2cd9000	404	skipped	not_on_path
7e4fecac548948728fecac5489a8723f	404	skipped	not_on_path
c2283e4e0c804715a83e4e0c80471555	404	skipped	not_on_path
fc2c9ea80ca84da9ac9ea80ca83da921	404	skipped	not_on_path
171a7faaf20747ef9a7faaf20787ef30	404	skipped	not_on_path
df720c7ccc06486ab20c7ccc06c86ae7	404	skipped	not_on_path
e60f619f80fa49468f619f80fa09460b	404	skipped	not_on_path
537b3eb7050c4926bb3eb7050c992699	404	skipped	not_on_path
2014dd5986244f8394dd598624bf832a	404	skipped	not_on_path
1b71b1ace6004f0eb1b1ace600bf0ee8	404	skipped	not_on_path
121288ec01924a109288ec01928a10b8	404	skipped	not_on_path
9f476bc5dbb94880876bc5dbb9688015	404	skipped	not_on_path
05b0d1af59ee449fb0d1af59ee449fe8	404	skipped	not_on_path
ed449817b5534196849817b553e19628	404	skipped	not_on_path
1ad0c72e76dd426890c72e76dd326848	404	skipped	not_on_path
f002b48b5fd8456582b48b5fd85565dc	404	skipped	not_on_path
370dce129795444f8dce129795444f00	404	skipped	not_on_path
f0dd6b6da1714aab9d6b6da171aaabc6	404	skipped	not_on_path
a14b7bb9cf4048208b7bb9cf40182032	404	skipped	not_on_path
89c0abe70ee2410280abe70ee2810229	404	skipped	not_on_path
76e7ad3dc26b4297a7ad3dc26ba29727	404	skipped	not_on_path
eb2d8d5375974dddad8d5375977ddde6	404	skipped	not_on_path
34106549a6de418b906549a6de318ba1	404	skipped	not_on_path
3ccfff90d2314e548fff90d231de548f	404	skipped	not_on_path
07f7b30dcdec43dab7b30dcdecc3da18	404	skipped	not_on_path
e01ef45bfa1d43a89ef45bfa1de3a8ec	404	skipped	not_on_path
066a209d65624525aa209d65625525b5	404	skipped	not_on_path
213b38f29c7e4664bb38f29c7e666493	404	skipped	not_on_path
b411f3fbf1ae4f7891f3fbf1ae5f78c9	404	skipped	not_on_path
1b678949eed54e35a78949eed55e352a	404	skipped	not_on_path
9877a87a22ef43f7b7a87a22eff3f736	404	skipped	not_on_path
79403a74919e4a48803a74919e8a48af	404	skipped	not_on_path
15e750b9ad844900a750b9ad848900a3	404	skipped	not_on_path
495f9a7c71044cf89f9a7c71046cf8fb	404	skipped	not_on_path
6a68ffecbf9447d9a8ffecbf9467d9ff	404	skipped	not_on_path
5f4fad518035427d8fad518035227df9	404	skipped	not_on_path
1c8460a56d6e42928460a56d6e729262	404	skipped	not_on_path
a67a466b12df4a44ba466b12df5a447a	404	skipped	not_on_path
6b6dcf07f3144b9cadcf07f314cb9c6a	404	skipped	not_on_path
526051aef3a34d9da051aef3a3cd9d00	404	skipped	not_on_path
a32000d4cf624bf2a000d4cf623bf2f8	404	skipped	not_on_path
5ec820c260f547b18820c260f547b14a	404	skipped	not_on_path
6e16a9fefb1f4f0296a9fefb1f8f02b5	404	skipped	not_on_path
ff94dd82d79a4bdd94dd82d79a8bddb3	404	skipped	not_on_path
825d7b93a53c42e69d7b93a53ca2e6b9	404	skipped	not_on_path
7307ef537d2d404f87ef537d2dd04f55	404	skipped	not_on_path
1cb95b83f5234c9db95b83f5235c9d74	404	skipped	not_on_path
001397a11480475e9397a11480a75e9a	404	skipped	not_on_path
ee61e4ce72624a90a1e4ce72621a90fa	404	skipped	not_on_path
cb414711e2ab462a814711e2abb62aa0	404	skipped	not_on_path
30a836a444934f8ca836a44493df8cd9	404	skipped	not_on_path
e64477de5a914ca98477de5a91cca97f	404	skipped	not_on_path
5e184214a9a546b5984214a9a516b5ce	404	skipped	not_on_path
540f84c646624ae48f84c646622ae433	404	skipped	not_on_path
1d8256ee41b649168256ee41b6591637	404	skipped	not_on_path
e9c24c53f1744a78824c53f1745a7807	404	skipped	not_on_path
409404ebdcd74ccc9404ebdcd72ccc58	404	skipped	not_on_path
c21e2913a70f44749e2913a70f4474bd	404	skipped	not_on_path
d2cc0b0e8bf04adf8c0b0e8bf0badf2b	404	skipped	not_on_path
e07a1e908e974498ba1e908e971498b4	404	skipped	not_on_path
99b6bf0881d54f09b6bf0881d5cf0955	404	skipped	not_on_path
a95a9d07992442ab9a9d079924d2ab19	404	skipped	not_on_path
774f2697c48544388f2697c48554389a	404	skipped	not_on_path
c82be19a8a524381abe19a8a52438125	404	skipped	not_on_path
fb5fd99a0d844e3d9fd99a0d841e3d6c	404	skipped	not_on_path
f66956203fb348e7a956203fb3d8e70a	404	skipped	not_on_path
2f6c5a7084394d4eac5a708439bd4ebd	404	skipped	not_on_path
87960eeaa23f406f960eeaa23f106f4b	404	skipped	not_on_path
fc69f420e6814e44a9f420e681fe445c	404	skipped	not_on_path
d21ec5818d214dcd9ec5818d219dcd52	404	skipped	not_on_path
25ce14eea5634ae98e14eea5630ae96f	404	skipped	not_on_path
f93c86aadc8b41dcbc86aadc8b31dcaf	404	skipped	not_on_path
b9ed93aa5e674075ad93aa5e67f075cd	404	skipped	not_on_path
a5da1b895e9e482e9a1b895e9e782ec6	404	skipped	not_on_path
64566cf1da70463a966cf1da70e63a4f	404	skipped	not_on_path
6eb013c75e294849b013c75e292849dc	404	skipped	not_on_path
fd7f28deb76e422cbf28deb76e822cc7	404	skipped	not_on_path
cffa81269d83485eba81269d83185e37	404	skipped	not_on_path
404bac7f6f9142f48bac7f6f9152f45f	404	skipped	not_on_path
8cf550760a754ef1b550760a750ef1fe	404	skipped	not_on_path
51298023cf954507a98023cf95050708	404	skipped	not_on_path
5fdaf86c12f046589af86c12f08658fe	404	skipped	not_on_path
9ddadd324514412f9add324514212f1b	404	skipped	not_on_path
c4e2ce4701414e3ca2ce4701414e3c2f	404	skipped	not_on_path
ece792f4db584744a792f4db589744b5	404	skipped	not_on_path
ad6b39b7d10a46cfab39b7d10a56cf7f	404	skipped	not_on_path
75558a8d27b9456b958a8d27b9056baa	404	skipped	not_on_path
2d7c2b12e42542a9bc2b12e42562a98a	404	skipped	not_on_path
97a550af72224d5fa550af7222ad5fee	404	skipped	not_on_path
8a051a6329384ca8851a6329383ca8c0	404	skipped	not_on_path
b8d47fa64bef4ef0947fa64bef8ef0b6	404	skipped	not_on_path
d0ecff8a40194f22acff8a4019af2287	404	skipped	not_on_path
7fbd506da5284cc1bd506da5281cc117	404	skipped	not_on_path
7f198d4f45394198998d4f4539a1987e	404	skipped	not_on_path
8742207931a7430182207931a75301d8	404	skipped	not_on_path
9fb9b0b5dac44a82b9b0b5dac49a82d3	404	skipped	not_on_path
47e26bab52f04828a26bab52f0082871	404	skipped	not_on_path
3731b07ef7c74525b1b07ef7c7652508	404	skipped	not_on_path
f5f7d31c7614452cb7d31c7614552cd7	404	skipped	not_on_path
1d6e378927cf41d6ae378927cf21d621	404	skipped	not_on_path
a0174026b5ca4891974026b5ca289103	404	skipped	not_on_path
506b634139e04fe5ab634139e06fe5ef	404	skipped	not_on_path
093a5ded604b45ccba5ded604bc5cce8	404	skipped	not_on_path
56201b6d50f440dea01b6d50f4f0dee7	404	skipped	not_on_path
b33a610403f74dd0ba610403f79dd0b0	404	skipped	not_on_path
1f24d057798c476fa4d057798ce76f88	404	skipped	not_on_path
65b91752be3e4906b91752be3ec906bd	404	skipped	not_on_path
898b2d39c0144bcd8b2d39c0143bcde6	404	skipped	not_on_path
fe9c568a41e04ede9c568a41e09ede86	404	skipped	not_on_path
db6979d185424673a979d18542f673ae	404	skipped	not_on_path
d648c4f79d0447ef88c4f79d0497ef54	404	skipped	not_on_path
d0a7c95611aa4348a7c95611aa134828	404	skipped	not_on_path
828089031670441c8089031670141c95	404	skipped	not_on_path
2e6acf7562614d9aaacf7562617d9a22	404	skipped	not_on_path
e33b3640b6694748bb3640b669e7484f	404	skipped	not_on_path
65ca9962251e46538a9962251ed653fc	404	skipped	not_on_path
1a76cd640edb4e5cb6cd640edb2e5c50	404	skipped	not_on_path
13b466a660914f33b466a660911f33b9	404	skipped	not_on_path
7a04798ba1a24dc784798ba1a21dc7ce	404	skipped	not_on_path
7766dde7f66e42bda6dde7f66e52bdf0	404	skipped	not_on_path
f635336f5746429eb5336f5746f29ea5	404	skipped	not_on_path
63cec19b655c49858ec19b655cc9856d	404	skipped	not_on_path
726624e2c966470fa624e2c966b70f83	404	skipped	not_on_path
e3bf9dbf99674e87bf9dbf99673e8724	404	skipped	not_on_path
81b1242ff79a4217b1242ff79ad2176a	404	skipped	not_on_path
237856346e254fc0b856346e257fc054	404	skipped	not_on_path
025df746b8aa4f0a9df746b8aa2f0a84	404	skipped	not_on_path
282563ec1926478ca563ec1926b78ca4	404	skipped	not_on_path
d5236d1ea4944de1a36d1ea4943de17d	404	skipped	not_on_path
581274e2afb141e49274e2afb1c1e4fb	404	skipped	not_on_path
941be103a91547de9be103a91517deef	404	skipped	not_on_path
e7abdb25987f4ccaabdb25987f5ccab4	404	skipped	not_on_path
b5781204cbb14719b81204cbb1371947	404	skipped	not_on_path
289940c7901346899940c790135689c2	404	skipped	not_on_path
6021a9139f184999a1a9139f180999c2	404	skipped	not_on_path
3461b3300f794c8aa1b3300f795c8a63	404	skipped	not_on_path
d0c21ff7af104fb3821ff7af108fb3fa	404	skipped	not_on_path
5af3aac86ff34d42b3aac86ff36d427d	404	skipped	not_on_path
ca6383edb6184e74a383edb6182e749e	404	skipped	not_on_path
be5f485f7e8545819f485f7e855581d7	404	skipped	not_on_path
273c2e723cdf4dd4bc2e723cdf0dd4c6	404	skipped	not_on_path
0626cdae9d22484ca6cdae9d22f84cb5	404	skipped	not_on_path
6d159b8d919b4bdd959b8d919b9bddbe	404	skipped	not_on_path
646129ed67614465a129ed6761e4650a	404	skipped	not_on_path
3ff2161681c54ef2b2161681c5cef215	404	skipped	not_on_path
118d53f531634bba8d53f53163bbbafe	404	skipped	not_on_path
8804d8d49fd240b984d8d49fd200b9a1	404	skipped	not_on_path
d243ca75f2fc44d283ca75f2fcc4d26b	404	skipped	not_on_path
56d732634cff40349732634cff803473	404	skipped	not_on_path
079d973aa5b04fd99d973aa5b07fd945	404	skipped	not_on_path
a39b624211dc46f39b624211dc36f396	404	skipped	not_on_path
9b9de6e38e484d719de6e38e48dd714f	404	skipped	not_on_path
cb0051c91ff24abe8051c91ff22abea9	404	skipped	not_on_path
8b395de4df8242f0b95de4df8232f06e	404	skipped	not_on_path
0b93731d775e49c593731d775e99c513	404	skipped	not_on_path
ed569bf393574d96969bf39357dd96c4	404	skipped	not_on_path
8bc0e98c7483415480e98c7483c154e3	404	skipped	not_on_path
a6647d78b09f4a40a47d78b09f2a406b	404	skipped	not_on_path
9eded0cf411e4d0a9ed0cf411efd0a4d	404	skipped	not_on_path
2e26ee37b5bc4e95a6ee37b5bc3e95cb	404	skipped	not_on_path
9dbcc7b8a14147b5bcc7b8a14197b5fa	404	skipped	not_on_path
4d5bb87fb14444bb9bb87fb14424bb01	404	skipped	not_on_path
1a9ebef2b1f149399ebef2b1f139390d	404	skipped	not_on_path
8f3fd52684a64205bfd52684a632050a	404	skipped	not_on_path
cf937599258e40e3937599258eb0e31b	404	skipped	not_on_path
777e8c3cd89e4a74be8c3cd89eca749a	404	skipped	not_on_path
1f2aa64ae56d4583aaa64ae56d1583ff	404	skipped	not_on_path
7355e94b7d5340fc95e94b7d5330fce1	404	skipped	not_on_path
1a97b95f6a054d6097b95f6a053d6026	404	skipped	not_on_path
26fd4e95538c41d2bd4e95538c41d2ef	404	skipped	not_on_path
c64a0a7a55e2466e8a0a7a55e2966e86	404	skipped	not_on_path
9708939fbb3a441f88939fbb3af41fa2	404	skipped	not_on_path
56c556f83c214b378556f83c217b37e8	404	skipped	not_on_path
140bd5d7615c43a98bd5d7615c53a9ec	404	skipped	not_on_path
4ea5c2a7b2024f19a5c2a7b2025f19f5	404	skipped	not_on_path
d3d25b9d66b1497b925b9d66b1897b68	404	skipped	not_on_path
46475c8a5c3b48be875c8a5c3b78be83	404	skipped	not_on_path
79efe4653da2444dafe4653da2a44dc0	404	skipped	not_on_path
18d0287f851742bc90287f8517a2bc2a	404	skipped	not_on_path
8e164f9d49f84daa964f9d49f87daad8	404	skipped	not_on_path
a353259f5471421693259f5471921675	404	skipped	not_on_path
4cfc32d43d0b45c5bc32d43d0b65c5b5	404	skipped	not_on_path
a586ddcfae61455186ddcfae616551ec	404	skipped	not_on_path
9f90f0b1b6fd4bee90f0b1b6fd3bee4d	404	skipped	not_on_path
9cac8fa0e79b420fac8fa0e79b720f2b	404	skipped	not_on_path
049a15dd1f8646c69a15dd1f86d6c6ec	404	skipped	not_on_path
c728cb844cb34c20a8cb844cb36c2062	404	skipped	not_on_path
76c05de528864020805de5288680206b	404	skipped	not_on_path
edb1e5bd78274db9b1e5bd78277db9b5	404	skipped	not_on_path
5bb3a9cf8a474df5b3a9cf8a47bdf5ff	404	skipped	not_on_path
e21455940c0f44e09455940c0f84e01e	404	skipped	not_on_path
a46aa64ff58c4bb6aaa64ff58c6bb632	404	skipped	not_on_path
87a735581c894e29a735581c896e29f6	404	skipped	not_on_path
394b76d20a9148f88b76d20a9118f8d8	404	skipped	not_on_path
c40452bec55d43698452bec55d536951	404	skipped	not_on_path
ff4c08a9cb0f4d588c08a9cb0f4d5891	404	skipped	not_on_path
23c58195cbda43c6858195cbda13c6bb	404	skipped	not_on_path
5a50b7b4c0eb4d0a90b7b4c0ebbd0a75	404	skipped	not_on_path
1384523cfe1244da84523cfe1254daf8	404	skipped	not_on_path
f109c85da9f74dec89c85da9f73decf2	404	skipped	not_on_path
43d07154b2e34338907154b2e3c338c1	404	skipped	not_on_path
630a4666be2147ff8a4666be21b7ff6e	404	skipped	not_on_path
91df268ed01440d89f268ed014f0d80a	404	skipped	not_on_path
b4d2c2e8aac64a8e92c2e8aac6da8e46	404	skipped	not_on_path
2d7a89a0c12b4f04ba89a0c12bcf0481	404	skipped	not_on_path
50a0077aa6444ceda0077aa6446cedea	404	skipped	not_on_path
fc13e2f7d79a470093e2f7d79a67009f	404	skipped	not_on_path
be0ee0dc0aad49ea8ee0dc0aadf9ea2b	404	skipped	not_on_path
ff1dbed70f9044489dbed70f90c4484b	404	skipped	not_on_path
7af8f04572bc46c1b8f04572bcd6c11f	404	skipped	not_on_path
2174bd21f94043c6b4bd21f94043c696	404	skipped	not_on_path
d667b39428544185a7b3942854018519	404	skipped	not_on_path
f955ed703b7c4e0695ed703b7c3e06f4	404	skipped	not_on_path
9817eb1fcdd84ce897eb1fcdd89ce8b9	404	skipped	not_on_path
201b178e6a954c659b178e6a954c654f	404	skipped	not_on_path
67d3a1c958f2416c93a1c958f2216cb6	404	skipped	not_on_path
eb2d7ddf8a344a9cad7ddf8a347a9c4d	404	skipped	not_on_path
149701860f564a049701860f56ba04f2	404	skipped	not_on_path
b80ab9f7c843403c8ab9f7c843b03cf0	404	skipped	not_on_path
b612285de2884f5892285de288cf5871	404	skipped	not_on_path
7ba00704a91145aba00704a91155abe1	404	skipped	not_on_path
a3a60ab29cc84619a60ab29cc8b619e7	404	skipped	not_on_path
c3bd95791e124f2dbd95791e12bf2d54	404	skipped	not_on_path
889d4ce0c5fb48fe9d4ce0c5fb68fe8c	404	skipped	not_on_path
4087415706f247ca87415706f207caa3	404	skipped	not_on_path
d4b3479217f647b9b3479217f6b7b9b0	404	skipped	not_on_path
d4c56c17cd8e469c856c17cd8e869c81	404	skipped	not_on_path
f49555dd290d4f9e9555dd290ddf9ec8	404	skipped	not_on_path
0d6c805342004182ac80534200218272	404	skipped	not_on_path
58046eb67dae423a846eb67dae223a4b	404	skipped	not_on_path
4e896231b1d149a1896231b1d1b9a131	404	skipped	not_on_path
8c49fdad54814ce989fdad5481bce965	404	skipped	not_on_path
188715c6f6674cc98715c6f6675cc986	404	skipped	not_on_path
d9f04abae4c74b3ab04abae4c75b3a89	404	skipped	not_on_path
aba283d5d6164510a283d5d616b51000	404	skipped	not_on_path
8a86b568ca9b473686b568ca9bd73670	404	skipped	not_on_path
0792983d70f44d9692983d70f4dd96a8	404	skipped	not_on_path
3a3d661a2d914c28bd661a2d91cc280f	404	skipped	not_on_path
b9df67cbe60c408d9f67cbe60c508d74	404	skipped	not_on_path
be651b3f265a4afca51b3f265a9afc7f	404	skipped	not_on_path
f1bad71760a54fcabad71760a5cfcace	404	skipped	not_on_path
3774105ab1154b41b4105ab1158b4199	404	skipped	not_on_path
432119f4d5d04018a119f4d5d0f01802	404	skipped	not_on_path
94b931ffc3bf4cd6b931ffc3bffcd6d3	404	skipped	not_on_path
27b690c47cb1452bb690c47cb1152b72	404	skipped	not_on_path
8bfc2bac99294661bc2bac9929e6618c	404	skipped	not_on_path
df9fdc47e90e43989fdc47e90e93987f	404	skipped	not_on_path
dd2d022a35a844b3ad022a35a814b3e5	404	skipped	not_on_path
4ebc9a510d9b4153bc9a510d9b215365	404	skipped	not_on_path
a62cb9eaee83431bacb9eaee83731b4f	404	skipped	not_on_path
eb5ef1430bb440719ef1430bb47071c5	404	skipped	not_on_path
bd74c8ac00dd419db4c8ac00dd919dd9	404	skipped	not_on_path
041a5722ee304bf59a5722ee304bf507	404	skipped	not_on_path
8fdb93fc4dee4e359b93fc4dee8e35fb	404	skipped	not_on_path
c6c18c5015ca457c818c5015ca157cc0	404	skipped	not_on_path
46ce1aff14f340788e1aff14f3907841	404	skipped	not_on_path
51257c01a42b4e84a57c01a42bce84b3	404	skipped	not_on_path
891602f3dcaf42b19602f3dcafc2b1fb	404	skipped	not_on_path
01ac1b14637a440aac1b14637a140a6d	404	skipped	not_on_path
f1384364598e4f21b84364598e9f21d8	404	skipped	not_on_path
bdbb00075376481ebb00075376181e8d	404	skipped	not_on_path
aa455f6657c24725855f6657c2772561	404	skipped	not_on_path
c42c22efee7546a5ac22efee75b6a591	404	skipped	not_on_path
a5fda25c770e4a8bbda25c770eca8bae	404	skipped	not_on_path
eb245ed297374e87a45ed297378e874b	404	skipped	not_on_path
7f08bcc6d0fa420588bcc6d0fa9205fa	404	skipped	not_on_path
edf47d6123e348deb47d6123e3a8dec8	404	skipped	not_on_path
7d9f4b0239ce4c139f4b0239ce6c13b0	404	skipped	not_on_path
5281fce583984f9481fce58398ef943b	404	skipped	not_on_path
17bf763cfef34a7cbf763cfef34a7c2c	404	skipped	not_on_path
91fb37c37871412cbb37c37871f12c4d	404	skipped	not_on_path
a74cb88f9a484cd28cb88f9a485cd2fb	404	skipped	not_on_path
c273c058fb884410b3c058fb88f41053	404	skipped	not_on_path
24c0f2ce6ef541ff80f2ce6ef551ff59	404	skipped	not_on_path
9b0e6391f2ee4e0f8e6391f2eece0f39	404	skipped	not_on_path
3c7732eecd4b43e8b732eecd4b13e889	404	skipped	not_on_path
2c6b3c1eeb0649cfab3c1eeb0639cf75	404	skipped	not_on_path
ca0fc5137f5b491b8fc5137f5b191b7f	404	skipped	not_on_path
67d26940cad54503926940cad5950380	404	skipped	not_on_path
15f48a5eba5843f1b48a5eba5873f170	404	skipped	not_on_path
8b4a953c0962418a8a953c0962b18a27	404	skipped	not_on_path
1ee16284937743bca16284937783bcdf	404	skipped	not_on_path
6028ab173a314114a8ab173a317114bf	404	skipped	not_on_path
7699e83dca13455099e83dca135550ca	404	skipped	not_on_path
7aa57ab70a0e4018a57ab70a0e4018d3	404	skipped	not_on_path
1694d5e2f2b549ae94d5e2f2b529ae06	404	skipped	not_on_path
6b6a7aa907b44a12aa7aa907b4ea121b	404	skipped	not_on_path
efc97db9ee094847897db9ee09c847d3	404	skipped	not_on_path
ea4b5e2f53f1452e8b5e2f53f1352e54	404	skipped	not_on_path
0185ce28071a433385ce28071a2333fd	404	skipped	not_on_path
db51b6913c274ce491b6913c27ace41d	404	skipped	not_on_path
7084b700d39e473b84b700d39e673b60	404	skipped	not_on_path
5c1196ab2d0140d09196ab2d0190d021	404	skipped	not_on_path
12a27e9e5af840a4a27e9e5af8c0a47a	404	skipped	not_on_path
ceb8c94ae5ea4866b8c94ae5ea48665c	404	skipped	not_on_path
4290193e221c4e9f90193e221c1e9f7f	404	skipped	not_on_path
d3edace0532f493aadace0532f393a57	404	skipped	not_on_path
75ed5f87198f4033ad5f87198ff033f5	404	skipped	not_on_path
585a978c473243239a978c4732d323e0	404	skipped	not_on_path
cb6ea99113604018aea9911360c01835	404	skipped	not_on_path
fb630ebe6b254819a30ebe6b25b819b4	404	skipped	not_on_path
fc2e6526fcb5416cae6526fcb5216cfa	404	skipped	not_on_path
67c20f942dc3462a820f942dc3b62ade	404	skipped	not_on_path
cfffb0b88ae544c0bfb0b88ae584c096	404	skipped	not_on_path
34367ec4450d4706b67ec4450dd70671	404	skipped	not_on_path
6dc9765d0802413789765d0802b137d4	404	skipped	not_on_path
163d95aad4f14cfbbd95aad4f18cfb0f	404	skipped	not_on_path
d827a53a550c4c7ea7a53a550c0c7ec2	404	skipped	not_on_path
306ffd9191604e51affd9191609e5108	404	skipped	not_on_path
450a6134cb2f40e58a6134cb2fe0e5cd	404	skipped	not_on_path
a0d3f640f6f6432193f640f6f6e3213e	404	skipped	not_on_path
36a80fc3becb4701a80fc3becbb7012a	404	skipped	not_on_path
3315d5f0ae6a491695d5f0ae6aa91664	404	skipped	not_on_path
144b2230668149688b22306681696892	404	skipped	not_on_path
64771cd3f8af44bab71cd3f8afe4baa6	404	skipped	not_on_path
ef7e1a61d3b34db3be1a61d3b31db330	404	skipped	not_on_path
1a541585593f4a28941585593fca2808	404	skipped	not_on_path
b99970011c454b5d9970011c45ab5d5b	404	skipped	not_on_path
4c4969cb5b48480a8969cb5b48a80aa5	404	skipped	not_on_path
0cdfdc27c93b4bc39fdc27c93bcbc389	404	skipped	not_on_path
03ae3d6808d444c3ae3d6808d4c4c3e4	404	skipped	not_on_path
ae80c0a9523e4aa780c0a9523e7aa703	404	skipped	not_on_path
78b0d0a8e7b042f5b0d0a8e7b052f5ea	404	skipped	not_on_path
07f3327bed19480ab3327bed19480aa1	404	skipped	not_on_path
cf86daea65d344eb86daea65d394eb34	404	skipped	not_on_path
118a82aa584043f38a82aa584043f372	404	skipped	not_on_path
ffefc7cf95db43d4afc7cf95db93d4de	404	skipped	not_on_path
25ee66a1c11f433dae66a1c11fb33d0a	404	skipped	not_on_path
ddc302dc112642e18302dc112692e1db	404	skipped	not_on_path
3e275fac3c544c0da75fac3c54ac0d1c	404	skipped	not_on_path
1401bfaf008f43a981bfaf008f43a98c	404	skipped	not_on_path
fc2e784791e7411dae784791e7611d0c	404	skipped	not_on_path
aa8e28f7a8ff4b198e28f7a8fffb195a	404	skipped	not_on_path
32b633b4122b4e93b633b4122bbe93ea	404	skipped	not_on_path
0a2eef8e800540e2aeef8e800520e297	404	skipped	not_on_path
fbb0243955634272b024395563b272f2	404	skipped	not_on_path
1c05ad8320264e9b85ad832026be9b7f	404	skipped	not_on_path
76d68193ea2a4c83968193ea2aec83c1	404	skipped	not_on_path
1ec0cacb6ae6478680cacb6ae6e78644	404	skipped	not_on_path
6ef3f39ee7124cacb3f39ee712dcacc2	404	skipped	not_on_path
883de2e5b4b74c41bde2e5b4b7ac415c	404	skipped	not_on_path
561267d40a0c433a9267d40a0c133aeb	404	skipped	not_on_path
f7263cad3fa840ada63cad3fa820ade1	404	skipped	not_on_path
5509615155e74e0d89615155e7fe0d72	404	skipped	not_on_path
db7ebf8688254cd2bebf8688253cd205	404	skipped	not_on_path
0eb701cfff974062b701cfff97d0620f	404	skipped	not_on_path
2a04f2ad6722450184f2ad6722850160	404	skipped	not_on_path
eef1ce94c805474fb1ce94c805d74f43	404	skipped	not_on_path
acde337f2aaf43c79e337f2aaf73c77f	404	skipped	not_on_path
d761ec00d9bf4391a1ec00d9bf139193	404	skipped	not_on_path
bcd09994d6ca4768909994d6ca776810	404	skipped	not_on_path
b45caa3167fd44589caa3167fd545805	404	skipped	not_on_path
5b354b113a514da2b54b113a511da2fa	404	skipped	not_on_path
601666bf2a9d4dcd9666bf2a9dbdcdae	404	skipped	not_on_path
68dcd806061d408b9cd806061d808b16	404	skipped	not_on_path
56383916798b463db83916798b063d13	404	skipped	not_on_path
325fd2caa3e54f949fd2caa3e52f9456	404	skipped	not_on_path
387e70b0fac74a32be70b0fac7da3293	404	skipped	not_on_path
7c6af666d4764130aaf666d476413097	404	skipped	not_on_path
548e7aa7cb274c758e7aa7cb27bc75ab	404	skipped	not_on_path
29f26940ebcb4771b26940ebcb77716b	404	skipped	not_on_path
fc974d8183df46c1974d8183dfa6c1c2	404	skipped	not_on_path
fcbaf9464b654e73baf9464b65fe7393	404	skipped	not_on_path
7994796b7fe24b1894796b7fe2db18ed	404	skipped	not_on_path
3589a3fb91394ec689a3fb91394ec6ea	404	skipped	not_on_path
abe1358c53924f97a1358c5392cf9708	404	skipped	not_on_path
e5be3be652f1465cbe3be652f1265c48	404	skipped	not_on_path
1bf1d872bb974fe7b1d872bb979fe700	404	skipped	not_on_path
0cf41e8f833544f6b41e8f833524f631	404	skipped	not_on_path
0b6591791f344ccaa591791f344ccaee	404	skipped	not_on_path
b73e9d40a4af4d25be9d40a4afbd2596	404	skipped	not_on_path
191ed72d01024a9d9ed72d01021a9dd9	404	skipped	not_on_path
f7cb4a93f69c45ae8b4a93f69c25ae16	404	skipped	not_on_path
ee0fe2e2855f4d718fe2e2855fed7184	404	skipped	not_on_path
04a30c05f78c4905a30c05f78cc90521	404	skipped	not_on_path
30f28d61fee74938b28d61fee7e93826	404	skipped	not_on_path
11fa679f0a92477bba679f0a92577bfc	404	skipped	not_on_path
aaf017a32a674461b017a32a677461a0	404	skipped	not_on_path
248964f7588240ab8964f7588210ab83	404	skipped	not_on_path
276cb16fd04a4c90acb16fd04a9c902e	404	skipped	not_on_path
b8c57707f3304785857707f33057859e	404	skipped	not_on_path
e4eb134391d64a6bab134391d6fa6bfc	404	skipped	not_on_path
dbcf54373b0042998f54373b0062997f	404	skipped	not_on_path
3bb0d8281f0b49b5b0d8281f0b29b510	404	skipped	not_on_path
d2c911d3025046a98911d30250f6a908	404	skipped	not_on_path
dd679a3dfaee427da79a3dfaee227d60	404	skipped	not_on_path
479464b266a245869464b266a2258671	404	skipped	not_on_path
2654d740a537435994d740a5372359a8	404	skipped	not_on_path
ec67884c5e404bc5a7884c5e400bc5bf	404	skipped	not_on_path
61c0d5f5c69c430380d5f5c69cf3037f	404	skipped	not_on_path
1d537a348a77448c937a348a77148ca8	404	skipped	not_on_path
6302ab5b869f4e1882ab5b869f0e1865	404	skipped	not_on_path
9cade646fe6e4412ade646fe6ef4121e	404	skipped	not_on_path
d9c890a6d3d344468890a6d3d3a44666	404	skipped	not_on_path
63218ee9d5424262a18ee9d542a26256	404	skipped	not_on_path
789251925cd3410a9251925cd3510ab3	404	skipped	not_on_path
2f18841239674fdc9884123967bfdc5e	404	skipped	not_on_path
711db5477ff54ecb9db5477ff50ecb35	404	skipped	not_on_path
eedf607790754b899f607790750b89bd	404	skipped	not_on_path
c96b3037121c437eab3037121c837eca	404	skipped	not_on_path
269be9137172400c9be9137172a00ca0	404	skipped	not_on_path
b4ab3a058b2e4d7eab3a058b2e2d7ea5	404	skipped	not_on_path
ea9f4c83bdc444999f4c83bdc4749964	404	skipped	not_on_path
a4e96822159d45f6a96822159d95f640	404	skipped	not_on_path
97028683d1aa45e0828683d1aa45e043	404	skipped	not_on_path
f8c4b67369f94f4a84b67369f95f4aa9	404	skipped	not_on_path
bff0afe66502435cb0afe66502935c55	404	skipped	not_on_path
9a9fb3d3cdb1444c9fb3d3cdb1b44c63	404	skipped	not_on_path
f7569b4184e3476f969b4184e3f76f54	404	skipped	not_on_path
628f873a554042c38f873a554032c35e	404	skipped	not_on_path
b9d4360225e3406b94360225e3806b13	404	skipped	not_on_path
e016527febc9490796527febc9890795	404	skipped	not_on_path
ab3cbdb85624488bbcbdb85624388b0c	404	skipped	not_on_path
92f92bddc9d84024b92bddc9d88024eb	404	skipped	not_on_path
8b3a108c5d22478cba108c5d22e78cd6	404	skipped	not_on_path
acb77d62189540b7b77d621895c0b765	404	skipped	not_on_path
857993ad46d0444eb993ad46d0044e57	404	skipped	not_on_path
7bd8d58347b74ce998d58347b79ce951	404	skipped	not_on_path
73f2872a8bf54a36b2872a8bf54a36f2	404	skipped	not_on_path
660019afd1c64bbc8019afd1c69bbc73	404	skipped	not_on_path
7318520af7e2441498520af7e214149c	404	skipped	not_on_path
6d6f3bcf2b18484faf3bcf2b18584f78	404	skipped	not_on_path
e38062d1f528491c8062d1f528b91ca1	404	skipped	not_on_path
4edb6641db2e4f529b6641db2e8f52e6	404	skipped	not_on_path
dacca8e54b0d4e078ca8e54b0d4e07fc	404	skipped	not_on_path
c45b407cb4a84e7d9b407cb4a8de7ddd	404	skipped	not_on_path
ebe66fbd486f4b56a66fbd486f6b5615	404	skipped	not_on_path
5b5109a2e1a24f0e9109a2e1a25f0e14	404	skipped	not_on_path
b9cbe6efc2d14be18be6efc2d17be1ca	404	skipped	not_on_path
4548d945c6c74aec88d945c6c72aecb1	404	skipped	not_on_path
b1628434941b42d9a28434941b92d989	404	skipped	not_on_path
5058e04d458b4a8c98e04d458bda8caa	404	skipped	not_on_path
e0163af37aaf421e963af37aafe21e56	404	skipped	not_on_path
affaf496c50e45f0baf496c50e65f067	404	skipped	not_on_path
e943998421d14f7d83998421d12f7d9c	404	skipped	not_on_path
8e350712523b46a3b50712523b26a31b	404	skipped	not_on_path
6b9f0028d40146959f0028d401769565	404	skipped	not_on_path
6267cd11c9fe4527a7cd11c9fee52743	404	skipped	not_on_path
b1d14672402b42c2914672402b32c2cd	404	skipped	not_on_path
febb613f548d469abb613f548d669adf	404	skipped	not_on_path
13459ab434c1425d859ab434c1d25db3	404	skipped	not_on_path
ddf02416ad694d55b02416ad692d555c	404	skipped	not_on_path
631fe31bca40413f9fe31bca40f13f34	404	skipped	not_on_path
ee607c59786340afa07c597863c0afaa	404	skipped	not_on_path
b63e1160a6ff4d23be1160a6ffed2398	404	skipped	not_on_path
d1b30611982945ffb30611982935ffc9	404	skipped	not_on_path
b6113a9cffc540e6913a9cffc5a0e63c	404	skipped	not_on_path
c990f9e181f245bd90f9e181f255bdfa	404	skipped	not_on_path
36e3caf18c9f4c58a3caf18c9f4c585d	404	skipped	not_on_path
505be506430d40709be506430db0705d	404	skipped	not_on_path
9369d482d7dd481ba9d482d7dd281bbb	404	skipped	not_on_path
e2d9e1c66f6843e999e1c66f6893e97b	404	skipped	not_on_path
bab8667ef60a4896b8667ef60ae8967e	404	skipped	not_on_path
a94575d74ab8488a8575d74ab8b88ae3	404	skipped	not_on_path
1d26c4b5db5847a8a6c4b5db5807a870	404	skipped	not_on_path
0587d05b21c54e0e87d05b21c57e0e1e	404	skipped	not_on_path
6dc2c9b069e040ef82c9b069e030ef91	404	skipped	not_on_path
1b9f08379dc247f09f08379dc2a7f092	404	skipped	not_on_path
b64ab777de4647b08ab777de4647b01e	404	skipped	not_on_path
2b4d83c0b20a4dae8d83c0b20a9dae43	404	skipped	not_on_path
eee94bad07364010a94bad0736d01040	404	skipped	not_on_path
117a39327fd043d2ba39327fd013d2b2	404	skipped	not_on_path
b56d6ad51711495fad6ad51711095f43	404	skipped	not_on_path
1f5c7f4f297347099c7f4f2973270964	404	skipped	not_on_path
7117c91e300d4a5d97c91e300d9a5d13	404	skipped	not_on_path
c7dec336a54440fd9ec336a54470fd83	404	skipped	not_on_path
7defeda24d094203afeda24d0992035a	404	skipped	not_on_path
2418322a27434fc898322a27437fc8fa	404	skipped	not_on_path
bb606fb607944374a06fb60794c374ed	404	skipped	not_on_path
aad4cdf2df6b4a9a94cdf2df6bfa9ab3	404	skipped	not_on_path
be6c7d9aaacc4f22ac7d9aaacc3f2212	404	skipped	not_on_path
0492da06225f474692da06225fa7462a	404	skipped	not_on_path
70bd6ee107054fdfbd6ee107058fdfb6	404	skipped	not_on_path
eb2416788b0b46c9a416788b0b26c91a	404	skipped	not_on_path
252d7d7eeec9481fad7d7eeec9981f1c	404	skipped	not_on_path
e96b804ae2d84be9ab804ae2d8fbe91f	404	skipped	not_on_path
d1f20a659deb46a3b20a659deb66a384	404	skipped	not_on_path
fa4ff9abef9c47f78ff9abef9c57f7d0	404	skipped	not_on_path
ca2b61293e324108ab61293e32010870	404	skipped	not_on_path
32901f96ade9423d901f96ade9623d9b	404	skipped	not_on_path
a8fd3cfce799494dbd3cfce799894d27	404	skipped	not_on_path
f090455fe3d74b6290455fe3d75b62ae	404	skipped	not_on_path
a7f2dbbb1dc2408eb2dbbb1dc2508e3e	404	skipped	not_on_path
1cd9bac246f44cd499bac246f46cd468	404	skipped	not_on_path
02845b81ad42487f845b81ad42d87fd6	404	skipped	not_on_path
2988cda4127244ff88cda41272e4ff7c	404	skipped	not_on_path
061ac2a6f77c42fc9ac2a6f77c52fc54	404	skipped	not_on_path
111a16d3c8dc46979a16d3c8dc56977b	404	skipped	not_on_path
81291ed6a9f34be5a91ed6a9f3ebe5b0	404	skipped	not_on_path
236181f9d63643b3a181f9d63653b3b2	404	skipped	not_on_path
6aed6337f57749e4ad6337f577b9e4c3	404	skipped	not_on_path
af95fb5cdf254a0495fb5cdf25ea0457	404	skipped	not_on_path
ac7369e8d3f149fab369e8d3f139fa2f	404	skipped	not_on_path
bd976b1967ec4ffa976b1967ec8ffad4	404	skipped	not_on_path
3c0a8477a32545958a8477a325c5958a	404	skipped	not_on_path
cd60c26cd1494daca0c26cd1494dacbf	404	skipped	not_on_path
968e3f8c2a114ba68e3f8c2a11fba6cb	404	skipped	not_on_path
9fa9db2de6114d1ea9db2de6119d1ebe	404	skipped	not_on_path
a5cab21c8fa846c98ab21c8fa8d6c92c	404	skipped	not_on_path
8901956e2794487181956e2794a8716b	404	skipped	not_on_path
b71e2e24388240ec9e2e24388260ecfd	404	skipped	not_on_path
c03fce5700d046b6bfce5700d0b6b628	404	skipped	not_on_path
453d2ef00aea426fbd2ef00aea126fa6	404	skipped	not_on_path
71609c194e504ce6a09c194e50bce6e6	404	skipped	not_on_path
9ea3b4da59894732a3b4da5989d7327f	404	skipped	not_on_path
a9f5576851374457b5576851371457f7	404	skipped	not_on_path
496bd0747a454f71abd0747a45cf7188	404	skipped	not_on_path
300f01e1a3b74dec8f01e1a3b72decd4	404	skipped	not_on_path
574aa5c02f5340828aa5c02f53308247	404	skipped	not_on_path
a4d91341d0f24299991341d0f2c299d4	404	skipped	not_on_path
70d8394e7b504e6998394e7b50fe6944	404	skipped	not_on_path
071a857af00b4e549a857af00b2e54e7	404	skipped	not_on_path
abe9f2db58404c22a9f2db58407c2245	404	skipped	not_on_path
e03c972f99b84800bc972f99b82800e0	404	skipped	not_on_path
2a23d26d5d6d4136a3d26d5d6d5136d0	404	skipped	not_on_path
c1b0a786dec045aeb0a786dec035ae5b	404	skipped	not_on_path
9baca32b111249dfaca32b1112b9df94	404	skipped	not_on_path
fdccec5c46ec47d98cec5c46ecc7d979	404	skipped	not_on_path
e367d3a21a2e426ba7d3a21a2ec26bf2	404	skipped	not_on_path
2eba488d3e884da2ba488d3e88dda200	404	skipped	not_on_path
8b5a4b5d205f43fb9a4b5d205fd3fb66	404	skipped	not_on_path
390fbe5ed30f46838fbe5ed30f6683f0	404	skipped	not_on_path
fad381e22e66457a9381e22e66957a11	404	skipped	not_on_path
8341919496c948b881919496c9d8b846	404	skipped	not_on_path
cb00c8ca02fa40cd80c8ca02fa10cdd7	404	skipped	not_on_path
0fd3d877d7f94d9c93d877d7f9fd9c90	404	skipped	not_on_path
79f6d585a9a94c5fb6d585a9a91c5f69	404	skipped	not_on_path
cbe7a4de21cf4dd3a7a4de21cf4dd328	404	skipped	not_on_path
e9bb84d7d88e468ebb84d7d88e568ead	404	skipped	not_on_path
8eb2d01761044254b2d0176104f25498	404	skipped	not_on_path
f65fc33d5e6a49da9fc33d5e6ac9da2d	404	skipped	not_on_path
b9756a139aa14423b56a139aa1b42309	404	skipped	not_on_path
46123fdc456842d7923fdc456852d73a	404	skipped	not_on_path
32a6a9bd90814c64a6a9bd9081bc641e	404	skipped	not_on_path
2d412d2fec254c49812d2fec253c493d	404	skipped	not_on_path
356cfe8a192243ffacfe8a192253ffc3	404	skipped	not_on_path
e3f4f6af79ad44d2b4f6af79ad94d2e3	404	skipped	not_on_path
2c4bd80d38874b3c8bd80d3887db3c67	404	skipped	not_on_path
8beba37be308429baba37be308b29b11	404	skipped	not_on_path
84b1e3efe4dd4df7b1e3efe4dd6df7af	404	skipped	not_on_path
5311760d1f1142e091760d1f1132e048	404	skipped	not_on_path
3578bddcb847491eb8bddcb847391ef5	404	skipped	not_on_path
692ca7b67b9e4a71aca7b67b9e6a7159	404	skipped	not_on_path
619fd0fa47b54b969fd0fa47b5cb964f	404	skipped	not_on_path
a27c8bab85b145a8bc8bab85b1e5a8a9	404	skipped	not_on_path
fd648ae57f8f4bdba48ae57f8f0bdb9f	404	skipped	not_on_path
56eb98486cd748afab98486cd768af0e	404	skipped	not_on_path
616545c2526f4856a545c2526f08560c	404	skipped	not_on_path
52f2851808174334b2851808172334e3	404	skipped	not_on_path
d491299e71ce4dc791299e71ce2dc77b	404	skipped	not_on_path
8e1218db54ac4f969218db54ac9f9685	404	skipped	not_on_path
a2a88621e1cb401ea88621e1cbc01e05	404	skipped	not_on_path
55a4f302e6654a7aa4f302e665aa7a6a	404	skipped	not_on_path
ea6fd4410a964456afd4410a96e456f2	404	skipped	not_on_path
ca4308b3177e47888308b3177ec788d5	404	skipped	not_on_path
fcf4729544ba44e5b4729544ba04e565	404	skipped	not_on_path
32c9b8ee3cbe49d889b8ee3cbeb9d8ef	404	skipped	not_on_path
f4ce4b5eb023410b8e4b5eb023c10b90	404	skipped	not_on_path
957d6b67ff014316bd6b67ff01f316ed	404	skipped	not_on_path
08191e1a43f74c08991e1a43f7ac08ea	404	skipped	not_on_path
d7cbc19eac1944048bc19eac19e40448	404	skipped	not_on_path
4ac42f0f2c2048e5842f0f2c2058e5bc	404	skipped	not_on_path
8fa4fa6aadbe4a7ca4fa6aadbe4a7c6f	404	skipped	not_on_path
44211e9dcf96463ea11e9dcf96763e8b	404	skipped	not_on_path
b29d46483ccb49739d46483ccb297330	404	skipped	not_on_path
8153e586afe04dc893e586afe0adc873	404	skipped	not_on_path
22b8355e7f9f433eb8355e7f9fe33eb3	404	skipped	not_on_path
2baa3deba11a4954aa3deba11a19542a	404	skipped	not_on_path
41cd5825ce7540a48d5825ce7570a40e	404	skipped	not_on_path
891c7dd174ae45909c7dd174ae55903a	404	skipped	not_on_path
ae96ba9fa798449f96ba9fa798149fe9	404	skipped	not_on_path
e6dcdba55c564d349cdba55c56ed342e	404	skipped	not_on_path
1faaabfda92e4580aaabfda92eb58092	404	skipped	not_on_path
9986388661a2430f86388661a2530fe0	404	skipped	not_on_path
01f646668a4341d5b646668a43d1d5ba	404	skipped	not_on_path
aaaf7fd2732a42e7af7fd2732ae2e7e8	404	skipped	not_on_path
e208718991d144a988718991d104a973	404	skipped	not_on_path
d4c95dcb6e88489d895dcb6e88489dac	404	skipped	not_on_path
da0a409f2e0741a48a409f2e0781a4a5	404	skipped	not_on_path
89e21053361b4875a21053361b987558	404	skipped	not_on_path
d83ddc9f08f54857bddc9f08f538571f	404	skipped	not_on_path
2e36af499c604dc4b6af499c604dc4d4	404	skipped	not_on_path
be924779a2184fe2924779a218cfe228	404	skipped	not_on_path
218d5584362c44408d5584362c744061	404	skipped	not_on_path
4506d12fff7f44ef86d12fff7f34ef59	404	skipped	not_on_path
16c0e72e5cbd445180e72e5cbd9451dd	404	skipped	not_on_path
74087e19bc7c479b887e19bc7ce79b57	404	skipped	not_on_path
23f90c2c937f45b6b90c2c937ff5b6e1	404	skipped	not_on_path
6d1482ab8d0d44e79482ab8d0d24e70f	404	skipped	not_on_path
7c962d56d4444f90962d56d4446f90f6	404	skipped	not_on_path
181e854ced404d249e854ced400d24aa	404	skipped	not_on_path
830b2191f2dd468c8b2191f2dd268cad	404	skipped	not_on_path
153403d5462d4cf9b403d5462d5cf935	404	skipped	not_on_path
02adfc84ebbb45c2adfc84ebbbd5c2f7	404	skipped	not_on_path
9be9a78010b748e1a9a78010b788e12d	404	skipped	not_on_path
5fcac6777d5c4dd48ac6777d5cedd430	404	skipped	not_on_path
e943dd7916674e5b83dd7916674e5b34	404	skipped	not_on_path
e631b985f7344b6bb1b985f734fb6b5a	404	skipped	not_on_path
f68558deab904b748558deab905b74e7	404	skipped	not_on_path
1f9b093e7bef43299b093e7bef13298f	404	skipped	not_on_path
662f46b170c541f5af46b170c531f530	404	skipped	not_on_path
de02a4fd7b374e3a82a4fd7b371e3ab1	404	skipped	not_on_path
dc42fef93849472282fef93849772291	404	skipped	not_on_path
6dc5ab0922704e7a85ab092270ee7a60	404	skipped	not_on_path
d9d988a78b1f47809988a78b1f478017	404	skipped	not_on_path
5ecd2e1218fc4e548d2e1218fcae54e0	404	skipped	not_on_path
e06721736fbf437ba721736fbf037b8c	404	skipped	not_on_path
90910a6684b646fc910a6684b686fce0	404	skipped	not_on_path
3f23dc1b3a53466fa3dc1b3a53766fc2	404	skipped	not_on_path
362819c815fc416aa819c815fc816ad0	404	skipped	not_on_path
43bc23be05e94feabc23be05e98feac3	404	skipped	not_on_path
e072a07785c44981b2a07785c4a98138	404	skipped	not_on_path
e9dee7b15ae843719ee7b15ae8337148	404	skipped	not_on_path
04a4f9e95e6f484aa4f9e95e6f584a91	404	skipped	not_on_path
30320981490f484bb20981490f184b9d	404	skipped	not_on_path
2c135d000c0847df935d000c0867dfec	404	skipped	not_on_path
fe8674b9ba9d44d78674b9ba9db4d75b	404	skipped	not_on_path
7459f10c7930455699f10c7930c55669	404	skipped	not_on_path
dd13769dace74bf993769dace7cbf927	404	skipped	not_on_path
d89483825a8b44a79483825a8ba4a7c2	404	skipped	not_on_path
34e4231fe19d4322a4231fe19d63228c	404	skipped	not_on_path
3eb442ed3c614a56b442ed3c61ca56e4	404	skipped	not_on_path
a072f5a1b4394c8fb2f5a1b4398c8f9b	404	skipped	not_on_path
a6db5b5e209d4d7d9b5b5e209d1d7d6c	404	skipped	not_on_path
d55f4e93c93a4ab89f4e93c93aeab8ce	404	skipped	not_on_path
cf7bdb72d3c84d52bbdb72d3c86d521e	404	skipped	not_on_path
e1aa6e63dcdf4184aa6e63dcdf7184f1	404	skipped	not_on_path
407d1fb5938f4ea8bd1fb5938fdea8ab	404	skipped	not_on_path
ba9503b5d3504a6d9503b5d350fa6d0b	404	skipped	not_on_path
a9222a56004c46fba22a56004c36fb51	404	skipped	not_on_path
a7f59d3c3c334e1db59d3c3c339e1ded	404	skipped	not_on_path
a58af6f8652b42fd8af6f8652b62fd11	404	skipped	not_on_path
1e0b4e2f2ad1491c8b4e2f2ad1c91c87	404	skipped	not_on_path
27618aad71f44234a18aad71f42234c0	404	skipped	not_on_path
7a680bba167a4bbba80bba167acbbb47	404	skipped	not_on_path
a5483706d3744152883706d374515277	404	skipped	not_on_path
0b47d8f117aa495087d8f117aa395089	404	skipped	not_on_path
95ed336f7aa44e12ad336f7aa44e124b	404	skipped	not_on_path
334776e4b19441688776e4b194b16869	404	skipped	not_on_path
d9305d71083a4041b05d71083a804186	404	skipped	not_on_path
33080452939d47da880452939dd7dab0	404	skipped	not_on_path
c7d71b0fab3b4a7b971b0fab3b5a7b56	404	skipped	not_on_path
5e47a9f7a6b64ecc87a9f7a6b6eecca7	404	skipped	not_on_path
952473e3000a4478a473e3000af47897	404	skipped	not_on_path
cbb5b61e2b9742f9b5b61e2b9762f961	404	skipped	not_on_path
d70f52dd3f2d4d9c8f52dd3f2d9d9ceb	404	skipped	not_on_path
a30f4f058bb843708f4f058bb8237033	404	skipped	not_on_path
28e16a1b3c52427ba16a1b3c52127b2f	404	skipped	not_on_path
c1f875f3df9e4921b875f3df9e79212b	404	skipped	not_on_path
fde29109da9948afa29109da9938af1f	404	skipped	not_on_path
bdfd506f273046a5bd506f273096a579	404	skipped	not_on_path
7470bd6933f149deb0bd6933f179de42	404	skipped	not_on_path
8b362aa1aaa7481db62aa1aaa7581d61	404	skipped	not_on_path
4aad65028d37464cad65028d37e64caa	404	skipped	not_on_path
e60037e8cad44f238037e8cad40f23f4	404	skipped	not_on_path
36e5b767a79640bca5b767a796d0bc99	404	skipped	not_on_path
3607ba379bfe4ec387ba379bfe4ec3ec	404	skipped	not_on_path
39057d31fbe146bd857d31fbe196bd11	404	skipped	not_on_path
7c253f2766ec4611a53f2766ecc6112e	404	skipped	not_on_path
2d5d7dc76fd74c2d9d7dc76fd76c2d96	404	skipped	not_on_path
42c5be532d354a6085be532d35ca6087	404	skipped	not_on_path
93bd5b2dabef4d0fbd5b2dabef2d0fdd	404	skipped	not_on_path
cb574e67d09b42df974e67d09bb2df95	404	skipped	not_on_path
99e6972266a4488ca6972266a4c88c96	404	skipped	not_on_path
4d24abf5019343f7a4abf5019383f72c	404	skipped	not_on_path
46fc7f87789e48a3bc7f87789ef8a3ef	404	skipped	not_on_path
833216d90f1546dab216d90f1516dace	404	skipped	not_on_path
5cfd9af98fe44571bd9af98fe4e571ff	404	skipped	not_on_path
35b5ab4341514f2eb5ab434151ff2e16	404	skipped	not_on_path
07071a950ddc402c871a950ddc502c2f	404	skipped	not_on_path
81b11b6f1fc2454db11b6f1fc2654d05	404	skipped	not_on_path
f3ff30e3dfda42f9bf30e3dfda92f924	404	skipped	not_on_path
adcf224c614a4c2b8f224c614aac2b40	404	skipped	not_on_path
ce8a51964b304a4b8a51964b30aa4b93	404	skipped	not_on_path
4de76d90368b45dda76d90368bd5dd51	404	skipped	not_on_path
d7438330526642ff838330526602ff58	404	skipped	not_on_path
07fefd54031c47a8befd54031cf7a87d	404	skipped	not_on_path
90d2a86cae51481092a86cae51b81029	404	skipped	not_on_path
c048f8a6a47d4e7188f8a6a47d9e7104	404	skipped	not_on_path
c867717a34f24159a7717a34f2e159f7	404	skipped	not_on_path
275aecd028ac43329aecd028aca33242	404	skipped	not_on_path
c2df736998ba41489f736998ba9148a6	404	skipped	not_on_path
d3a7dd0963c34745a7dd0963c3574598	404	skipped	not_on_path
4b7b080905e84a91bb080905e8ba91e8	404	skipped	not_on_path
825cdeca400d4dd99cdeca400dbdd93b	404	skipped	not_on_path
36acf5e91fba43d1acf5e91fba43d1d9	404	skipped	not_on_path
fdb63f4135844e44b63f413584ce442b	404	skipped	not_on_path
4247e6a28a32435087e6a28a32635012	404	skipped	not_on_path
480bc392e08c4f848bc392e08c8f84a2	404	skipped	not_on_path
99e9f55238ba4ddfa9f55238ba5ddf0c	404	skipped	not_on_path
9498192a06654a1d98192a0665ea1d8d	404	skipped	not_on_path
864f2b31fe8d40108f2b31fe8d40105d	404	skipped	not_on_path
d9822ec4dab544be822ec4dab554be11	404	skipped	not_on_path
8ce46417d6b44775a46417d6b4977598	404	skipped	not_on_path
e3e527709cc44701a527709cc40701ca	404	skipped	not_on_path
1b142a017fae42d7942a017fae42d7f8	404	skipped	not_on_path
9f5f6f4c06ca444b9f6f4c06ca344b1f	404	skipped	not_on_path
d990cfa9142e4b7890cfa9142e1b7842	404	skipped	not_on_path
a28189068841459c8189068841159ce9	404	skipped	not_on_path
4ee8f88d60bf4acea8f88d60bffacefa	404	skipped	not_on_path
58a1805599564e0ca1805599563e0c73	404	skipped	not_on_path
436dcb8da47c4ed1adcb8da47c7ed120	404	skipped	not_on_path
ab3fec0a293d4564bfec0a293df56496	404	skipped	not_on_path
b6473785873745b8873785873755b8bf	404	skipped	not_on_path
ffeb7b5a57894823ab7b5a578988230e	404	skipped	not_on_path
f2d3a64583fe4c5493a64583fedc54cd	404	skipped	not_on_path
d10c02c9016945ee8c02c9016945eef9	404	skipped	not_on_path
0c8f11bb4fe54b9a8f11bb4fe52b9af9	404	skipped	not_on_path
7bbab4b0cb1d41eebab4b0cb1d11eea5	404	skipped	not_on_path
507b49a9c81c4b3fbb49a9c81c9b3f73	404	skipped	not_on_path
4b96c4f17e5d42b896c4f17e5db2b82d	404	skipped	not_on_path
66ada1ea79024636ada1ea790286369c	404	skipped	not_on_path
5a6dca917cbe441dadca917cbef41d46	404	skipped	not_on_path
d301447c784a472881447c784a1728d2	404	skipped	not_on_path
86f36725ea4b46c5b36725ea4b26c508	404	skipped	not_on_path
c0637f1be4094ca3a37f1be409cca3dd	404	skipped	not_on_path
4986136673d4414b86136673d4b14b60	404	skipped	not_on_path
a3d89402c4a64ee1989402c4a65ee15d	404	skipped	not_on_path
67127828688a4ef3927828688afef38f	404	skipped	not_on_path
1ee6c8b423fd4dc1a6c8b423fdedc129	404	skipped	not_on_path
2a99b29c1a80407099b29c1a80a0704c	404	skipped	not_on_path
d2ef86da7c12455eaf86da7c12955e77	404	skipped	not_on_path
c2099d3f13b94946899d3f13b9e94663	404	skipped	not_on_path
1e65d1dbde7742ada5d1dbde77a2ad4b	404	skipped	not_on_path
ae1e6b0489eb45739e6b0489eb0573da	404	skipped	not_on_path
cd06aabebaf54c0686aabebaf57c063e	404	skipped	not_on_path
bb6edba5c83d471daedba5c83d771d4f	404	skipped	not_on_path
167e7d60892f4c0bbe7d60892f0c0b3a	404	skipped	not_on_path
9b21858ff4a34d8fa1858ff4a3dd8f5b	404	skipped	not_on_path
32dc577b45514b1e9c577b4551fb1e11	404	skipped	not_on_path
9f6bbf9dc853475babbf9dc853975b3e	404	skipped	not_on_path
89ecf025e08948ebacf025e089f8eb29	404	skipped	not_on_path
08f34a50a1c74321b34a50a1c7f32155	404	skipped	not_on_path
5d1089cc07f347be9089cc07f3e7bef1	404	skipped	not_on_path
21b2a52cb02d41b8b2a52cb02de1b81f	404	skipped	not_on_path
31203cc471ed45dda03cc471eda5dd83	404	skipped	not_on_path
b277be20bf3a4c36b7be20bf3aec363f	404	skipped	not_on_path
4272373d93824122b2373d938271224e	404	skipped	not_on_path
de3bf33f72bb4fdfbbf33f72bb2fdfcc	404	skipped	not_on_path
c6445fc748264f43845fc74826ef43bb	404	skipped	not_on_path
eea24decf4f7463da24decf4f7463d9e	404	skipped	not_on_path
f01337c510ef4e459337c510ef4e4510	404	skipped	not_on_path
4401f24d6a044ab281f24d6a044ab299	404	skipped	not_on_path
e0a006084ac04b36a006084ac07b3698	404	skipped	not_on_path
7f9d45203e884c739d45203e883c73f9	404	skipped	not_on_path
d45677bc1dce451f9677bc1dcee51f26	404	skipped	not_on_path
85ee379dbdbe4e18ae379dbdbe8e18cf	404	skipped	not_on_path
cfa2d9e9392c44a1a2d9e9392c64a194	404	skipped	not_on_path
30a66616581a43f9a66616581ad3f9bf	404	skipped	not_on_path
144c7ae97bfc43b38c7ae97bfc63b37e	404	skipped	not_on_path
38683c82fa8d4ac4a83c82fa8ddac405	404	skipped	not_on_path
a53e4e9472e64ce4be4e9472e66ce405	404	skipped	not_on_path
9e14df022b454de694df022b45ade6d9	404	skipped	not_on_path
2ca294bbaa8d48b6a294bbaa8d38b6a5	404	skipped	not_on_path
275cebce5da447bc9cebce5da457bc39	404	skipped	not_on_path
502c7fdca6764a36ac7fdca6760a3697	404	skipped	not_on_path
8e20b890b24045e5a0b890b240b5e5be	404	skipped	not_on_path
93fd7c67e9454382bd7c67e9456382e1	404	skipped	not_on_path
1aba5acfa0d5467aba5acfa0d5a67a6a	404	skipped	not_on_path
90d346db9ef945119346db9ef91511c5	404	skipped	not_on_path
2a5af9a326904e359af9a32690ce353d	404	skipped	not_on_path
09842943767a4a93842943767aea93df	404	skipped	not_on_path
b8ff439003874f40bf43900387df4001	404	skipped	not_on_path
2bfd56e062e34b17bd56e062e34b1763	404	skipped	not_on_path
e0645c1aae7349b9a45c1aae7329b919	404	skipped	not_on_path
4cd7da5ffde646ac97da5ffde606ac42	404	skipped	not_on_path
55a50731546549eca507315465e9ec6f	404	skipped	not_on_path
8000b4c46f5e470580b4c46f5e9705f5	404	skipped	not_on_path
d02572d7ffeb416aa572d7ffeb716a41	404	skipped	not_on_path
afeb72b66ced4c29ab72b66ced1c29b6	404	skipped	not_on_path
79ef5e9e06fb47dfaf5e9e06fbd7df93	404	skipped	not_on_path
57aff2e588f94c1eaff2e588f96c1e03	404	skipped	not_on_path
45e455ba84194c0da455ba8419dc0d87	404	skipped	not_on_path
dee5e34696d647a4a5e34696d657a417	404	skipped	not_on_path
a5d44bfd01b24188944bfd01b2718853	404	skipped	not_on_path
d4e79443200b4b25a79443200b0b254b	404	skipped	not_on_path
3ab5a4dda8b3462ab5a4dda8b3462afe	404	skipped	not_on_path
63da304712b14bd69a304712b10bd693	404	skipped	not_on_path
b8e138a561dd448ca138a561dd048c2a	404	skipped	not_on_path
a23dcb830d014c27bdcb830d01dc27cd	404	skipped	not_on_path
ffede8c289bb4a82ade8c289bbaa8279	404	skipped	not_on_path
41d81ed74a1f413f981ed74a1f313fc7	404	skipped	not_on_path
505a01ea10eb4e359a01ea10ebfe3541	404	skipped	not_on_path
3aee883128ac43dfae883128ac03df69	404	skipped	not_on_path
0b6a1787075a48b3aa1787075ac8b381	404	skipped	not_on_path
e3ec143a444c4376ac143a444c6376e2	404	skipped	not_on_path
6ce1673a6e904636a1673a6e9036362c	404	skipped	not_on_path
9c6a8317428548b7aa8317428548b71c	404	skipped	not_on_path
f253f44ef927457193f44ef927b571d8	404	skipped	not_on_path
26795462977a4612b95462977aa612c1	404	skipped	not_on_path
cf8d4bd6696d4a218d4bd6696dda217b	404	skipped	not_on_path
dc739d7aa09d4158b39d7aa09d6158bb	404	skipped	not_on_path
ba435d77cb2e48c7835d77cb2ee8c7d9	404	skipped	not_on_path
bcd44582dd224cdd944582dd22ccdd40	404	skipped	not_on_path
0a52087e71f4409b92087e71f4809b5b	404	skipped	not_on_path
011dc321492d492b9dc321492dd92b83	404	skipped	not_on_path
443e9ae69b9b4ec5be9ae69b9bfec595	404	skipped	not_on_path
51c9cad3aa00413e89cad3aa00013e3d	404	skipped	not_on_path
b71bb8896b2844aa9bb8896b2864aa40	404	skipped	not_on_path
fd23defd3daa4e2aa3defd3daa8e2a79	404	skipped	not_on_path
3ab16c5e241942e0b16c5e241902e0a8	404	skipped	not_on_path
bd4440b7e1fa48cc8440b7e1fa08ccef	404	skipped	not_on_path
a505bd4d97fd4e2b85bd4d97fdee2bfa	404	skipped	not_on_path
52b4ef569f864624b4ef569f86162491	404	skipped	not_on_path
92510c7a95c947ba910c7a95c9d7ba89	404	skipped	not_on_path
57c31f2840084b73831f284008bb73ca	404	skipped	not_on_path
43b858f66fb84c9bb858f66fb8dc9baf	404	skipped	not_on_path
7db5311dc4894e6fb5311dc4892e6f3d	404	skipped	not_on_path
8975ae0aecbd4b75b5ae0aecbd9b7585	404	skipped	not_on_path
ddad48849ca547d0ad48849ca567d0a8	404	skipped	not_on_path
3d1ff2c3b68242169ff2c3b6821216c0	404	skipped	not_on_path
aff7725c990b44deb7725c990b44defe	404	skipped	not_on_path
ad8ac794e47f416f8ac794e47f716f56	404	skipped	not_on_path
e7ac7ab21f764499ac7ab21f7674990a	404	skipped	not_on_path
7604ee7723be4ccb84ee7723becccb79	404	skipped	not_on_path
01cb8661048d43668b8661048d436624	404	skipped	not_on_path
75d933ba2c2244499933ba2c22344961	404	skipped	not_on_path
48a7d5673b1e4bb9a7d5673b1e0bb918	404	skipped	not_on_path
f26a3fcf366b4a21aa3fcf366b4a213e	404	skipped	not_on_path
3a0e1cfc21a74dfc8e1cfc21a7ddfcfc	404	skipped	not_on_path
4f0625e6eb9542b28625e6eb9572b2c9	404	skipped	not_on_path
c4f8d1d824cf45b5b8d1d824cf95b5bc	404	skipped	not_on_path
0c1f779c24f94cee9f779c24f9fcee80	404	skipped	not_on_path
0a21368677444643a136867744964347	404	skipped	not_on_path
7c4ac3b2d54c45268ac3b2d54c65269b	404	skipped	not_on_path
83776930a2764abcb76930a2768abcaa	404	skipped	not_on_path
a866c29565954edea6c29565953ede38	404	skipped	not_on_path
5e6d9c69be394121ad9c69be39512108	404	skipped	not_on_path
13e0c31463024c29a0c3146302bc29dd	404	skipped	not_on_path
8f3c30b25eab4c91bc30b25eabbc9134	404	skipped	not_on_path
5e38b6aa94f94e06b8b6aa94f9de06c0	404	skipped	not_on_path
07252f70eca84be1a52f70eca87be1d8	404	skipped	not_on_path
690c079264cc47288c079264cc1728a0	404	skipped	not_on_path
ef20490aaad74787a0490aaad767871d	404	skipped	not_on_path
9e346020872545e8b46020872545e8af	404	skipped	not_on_path
54783b631cc04b14b83b631cc03b141d	404	skipped	not_on_path
acea9ae968e5478eaa9ae968e5378e47	404	skipped	not_on_path
f82daa17003b478fadaa17003ba78fd9	404	skipped	not_on_path
28cf5f13bf004ea28f5f13bf00eea2be	404	skipped	not_on_path
a7264fb0049046eba64fb0049096eb10	404	skipped	not_on_path
0203aab9bf2b44c983aab9bf2b74c9e0	404	skipped	not_on_path
5c66fa9366524009a6fa936652300932	404	skipped	not_on_path
c68a14e33cba46828a14e33cba868251	404	skipped	not_on_path
d4400a296bc34df5800a296bc3cdf507	404	skipped	not_on_path
0857da94998a47e697da94998aa7e656	404	skipped	not_on_path
a14ebebb3c43408a8ebebb3c43008a6d	404	skipped	not_on_path
e499a738be794b6b99a738be799b6bda	404	skipped	not_on_path
2d3b8bfd79bd4906bb8bfd79bdd906aa	404	skipped	not_on_path
fac0eb84e01c454880eb84e01cf54881	404	skipped	not_on_path
f6fac8f11c3c489abac8f11c3c789a5c	404	skipped	not_on_path
e922ce81ce4b4709a2ce81ce4ba7094a	404	skipped	not_on_path
52ee2d4daa2441fcae2d4daa24d1fce6	404	skipped	not_on_path
82565e06c4f745af965e06c4f715af63	404	skipped	not_on_path
da68dfba3a9b4416a8dfba3a9b441612	404	skipped	not_on_path
2bd84536405c4cd4984536405c9cd443	404	skipped	not_on_path
0187f920d7f54a6887f920d7f5da680e	404	skipped	not_on_path
c6d2714f5f4b48c592714f5f4bb8c521	404	skipped	not_on_path
fcf119dbfaab4619b119dbfaabd619a5	404	skipped	not_on_path
16e49dfd2a104e67a49dfd2a109e67ef	404	skipped	not_on_path
672a71d360634fbbaa71d36063cfbbda	404	skipped	not_on_path
7b46bc8fa65d4e5286bc8fa65dce52e2	404	skipped	not_on_path
f11b9c53da4746999b9c53da479699ae	404	skipped	not_on_path
6f0b14cf940c46d58b14cf940c56d5ad	404	skipped	not_on_path
b0297f78d8674146a97f78d867b146a9	404	skipped	not_on_path
3d88396efb63497c88396efb63797c80	404	skipped	not_on_path
109497f6adf1446f9497f6adf1a46f38	404	skipped	not_on_path
d6225221f17a4516a25221f17aa5166a	404	skipped	not_on_path
199e0d16e6e34a929e0d16e6e3fa9284	404	skipped	not_on_path
c67ab69ed63d467ebab69ed63d867ed8	404	skipped	not_on_path
f99fc606a7d94c379fc606a7d91c3724	404	skipped	not_on_path
fc54f6bcd1684a9f94f6bcd168ba9f8d	404	skipped	not_on_path
c3cb485dfc124c018b485dfc12ec011d	404	skipped	not_on_path
8e8e4a52245445a08e4a52245415a054	404	skipped	not_on_path
ab4ba658a12d41738ba658a12d41735e	404	skipped	not_on_path
3bf39118777142a6b39118777182a68d	404	skipped	not_on_path
55c4d54be04648c384d54be04658c3d2	404	skipped	not_on_path
d2115dbaa2fa4d37915dbaa2fa5d3767	404	skipped	not_on_path
9cf272c667004b93b272c667000b93c8	404	skipped	not_on_path
970046d32dea403c8046d32dead03ca9	404	skipped	not_on_path
4c43d61507b5451b83d61507b5751bfa	404	skipped	not_on_path
db7a867a850b4802ba867a850bb802f5	404	skipped	not_on_path
af50271aae03439690271aae03d39667	404	skipped	not_on_path
bc37a5ae9a7a4de1b7a5ae9a7afde199	404	skipped	not_on_path
aaa67fb961304f5da67fb961304f5db7	404	skipped	not_on_path
2e266f7f1a1f4060a66f7f1a1f706001	404	skipped	not_on_path
f9f4b75a25964bb8b4b75a25968bb860	404	skipped	not_on_path
88f229d2547643eeb229d25476e3ee82	404	skipped	not_on_path
565ae593e66a49469ae593e66a994653	404	skipped	not_on_path
cce87945f90c48f3a87945f90c68f3ed	404	skipped	not_on_path
a8fb1beba2a74429bb1beba2a7c4298b	404	skipped	not_on_path
99f5b497d5f24551b5b497d5f245512b	404	skipped	not_on_path
82795d1ed91746dbb95d1ed91766dbed	404	skipped	not_on_path
e133dfbb77024d95b3dfbb77027d9594	404	skipped	not_on_path
2297d52bc8c54a1197d52bc8c5ea11a7	404	skipped	not_on_path
f5cfd2b5dee542938fd2b5dee52293a7	404	skipped	not_on_path
f10094d43d6b4d368094d43d6b4d364e	404	skipped	not_on_path
902a191a46af4787aa191a46af8787da	404	skipped	not_on_path
f1f9abfc5fcc4b04b9abfc5fccdb048d	404	skipped	not_on_path
246c4cfe32934546ac4cfe3293954631	404	skipped	not_on_path
f867cb6ac22b4b6ba7cb6ac22b8b6b21	404	skipped	not_on_path
b0a76db7a95b4a02a76db7a95b0a028c	404	skipped	not_on_path
dd440c96755e47df840c96755e17dff2	404	skipped	not_on_path
b8b8150d78dc4db3b8150d78dccdb310	404	skipped	not_on_path
f5e6e9e9768343fda6e9e97683d3fd72	404	skipped	not_on_path
f9bc9d0cd3ca4262bc9d0cd3cae262b2	404	skipped	not_on_path
d692e06512984a7892e06512986a78a8	404	skipped	not_on_path
4d015b26c11447a3815b26c11467a398	404	skipped	not_on_path
e3ead85263224be4aad8526322ebe4a9	404	skipped	not_on_path
b791106f5e71467291106f5e719672f4	404	skipped	not_on_path
a7cb1373081a413e8b1373081a513ed0	404	skipped	not_on_path
64488d51b8d94024888d51b8d910244c	404	skipped	not_on_path
ae1cb5ab548b41cd9cb5ab548b41cd23	404	skipped	not_on_path
4bd029938fc749699029938fc7396933	404	skipped	not_on_path
d39c08c07873483e9c08c07873583e55	404	skipped	not_on_path
36519c10c64b4888919c10c64bb88854	404	skipped	not_on_path
a6a068808e6546aca068808e6586ac4c	404	skipped	not_on_path
8f24a470c1b044eda4a470c1b054ed45	404	skipped	not_on_path
ccae19a421684804ae19a42168580412	404	skipped	not_on_path
c0682d06b5fb4787a82d06b5fb57878b	404	skipped	not_on_path
daa757bae07f4fe8a757bae07f0fe848	404	skipped	not_on_path
dab2b788910c4280b2b788910ca28005	404	skipped	not_on_path
bc27391c55e14162a7391c55e14162a5	404	skipped	not_on_path
71aaa57f3a33439baaa57f3a33439bea	404	skipped	not_on_path
3ab170a6fc3f4ce3b170a6fc3f8ce3d2	404	skipped	not_on_path
e1d00626b50047a4900626b50057a46f	404	skipped	not_on_path
211d3bfb51a944659d3bfb51a964656c	404	skipped	not_on_path
3cf5c5c76ab045b8b5c5c76ab0a5b868	404	skipped	not_on_path
574906f181614dcf8906f18161bdcf2b	404	skipped	not_on_path
88a5a74ca8314eb8a5a74ca831deb8a2	404	skipped	not_on_path
cfe20334f88e4b58a20334f88ebb584f	404	skipped	not_on_path
4f95c502aee0478595c502aee0b785be	404	skipped	not_on_path
a33382b46ff544a9b382b46ff534a9c8	404	skipped	not_on_path
af10ee24a811412f90ee24a811e12fc5	404	skipped	not_on_path
27f9f470825840efb9f4708258c0efb6	404	skipped	not_on_path
968df1c4e8b24d808df1c4e8b28d80d7	404	skipped	not_on_path
e3ffa86c79be4cabbfa86c79beecabd8	404	skipped	not_on_path
