schema_version	experiment_id	profile	phase	size_bytes	logical_request_id	attempt_id	activation_id	event_code	clock_domain	timestamp_value	timestamp_unit
c5-timing-event-v1	C5	native	measured	1024	1	1	d0d94a8183344ae6994a8183348ae6e8	C010	unix_ns	1784742082873338947	ns
c5-timing-event-v1	C5	native	measured	1024	1	1	d0d94a8183344ae6994a8183348ae6e8	C800	unix_ns	1784742083161467608	ns
c5-timing-event-v1	C5	native	measured	1024	1	1	d0d94a8183344ae6994a8183348ae6e8	C900	unix_ns	1784742083193429561	ns
c5-timing-event-v1	C5	native	measured	1024	2	1	97b86a724d4d462bb86a724d4da62bf9	C010	unix_ns	1784742082875099520	ns
c5-timing-event-v1	C5	native	measured	1024	2	1	97b86a724d4d462bb86a724d4da62bf9	C800	unix_ns	1784742083065723311	ns
c5-timing-event-v1	C5	native	measured	1024	2	1	97b86a724d4d462bb86a724d4da62bf9	C900	unix_ns	1784742083112552332	ns
c5-timing-event-v1	C5	native	measured	1024	3	1	006c523936134fe8ac523936139fe8de	C010	unix_ns	1784742082878035816	ns
c5-timing-event-v1	C5	native	measured	1024	3	1	006c523936134fe8ac523936139fe8de	C800	unix_ns	1784742083129328393	ns
c5-timing-event-v1	C5	native	measured	1024	3	1	006c523936134fe8ac523936139fe8de	C900	unix_ns	1784742083171013874	ns
c5-timing-event-v1	C5	native	measured	1024	4	1	3d4068895e8644548068895e861454b0	C010	unix_ns	1784742083113464015	ns
c5-timing-event-v1	C5	native	measured	1024	4	1	3d4068895e8644548068895e861454b0	C800	unix_ns	1784742083198653422	ns
c5-timing-event-v1	C5	native	measured	1024	4	1	3d4068895e8644548068895e861454b0	C900	unix_ns	1784742083248772994	ns
c5-timing-event-v1	C5	native	measured	1024	5	1	88c7c030ca8844e387c030ca8874e3a0	C010	unix_ns	1784742083171293502	ns
c5-timing-event-v1	C5	native	measured	1024	5	1	88c7c030ca8844e387c030ca8874e3a0	C800	unix_ns	1784742083262906249	ns
c5-timing-event-v1	C5	native	measured	1024	5	1	88c7c030ca8844e387c030ca8874e3a0	C900	unix_ns	1784742083298111968	ns
c5-timing-event-v1	C5	native	measured	1024	6	1	57551074b5d64762951074b5d6b76258	C010	unix_ns	1784742083194597456	ns
c5-timing-event-v1	C5	native	measured	1024	6	1	57551074b5d64762951074b5d6b76258	C800	unix_ns	1784742083279877191	ns
c5-timing-event-v1	C5	native	measured	1024	6	1	57551074b5d64762951074b5d6b76258	C900	unix_ns	1784742083321180359	ns
c5-timing-event-v1	C5	native	measured	1024	7	1	86e8b720fbd84aaba8b720fbd8eaab0e	C010	unix_ns	1784742083250193624	ns
c5-timing-event-v1	C5	native	measured	1024	7	1	86e8b720fbd84aaba8b720fbd8eaab0e	C800	unix_ns	1784742083330408494	ns
c5-timing-event-v1	C5	native	measured	1024	7	1	86e8b720fbd84aaba8b720fbd8eaab0e	C900	unix_ns	1784742083361461019	ns
c5-timing-event-v1	C5	native	measured	1024	8	1	81a999fc72b44f05a999fc72b46f0524	C010	unix_ns	1784742083299678824	ns
c5-timing-event-v1	C5	native	measured	1024	8	1	81a999fc72b44f05a999fc72b46f0524	C800	unix_ns	1784742083357488524	ns
c5-timing-event-v1	C5	native	measured	1024	8	1	81a999fc72b44f05a999fc72b46f0524	C900	unix_ns	1784742083374407633	ns
c5-timing-event-v1	C5	native	measured	1024	9	1	efd6c2611e7e4e6596c2611e7e4e65f5	C010	unix_ns	1784742083322818873	ns
c5-timing-event-v1	C5	native	measured	1024	9	1	efd6c2611e7e4e6596c2611e7e4e65f5	C800	unix_ns	1784742083702934002	ns
c5-timing-event-v1	C5	native	measured	1024	9	1	efd6c2611e7e4e6596c2611e7e4e65f5	C900	unix_ns	1784742083754827644	ns
c5-timing-event-v1	C5	native	measured	1024	10	1	ce303cb69db34ca2b03cb69db3dca218	C010	unix_ns	1784742083363169409	ns
c5-timing-event-v1	C5	native	measured	1024	10	1	ce303cb69db34ca2b03cb69db3dca218	C800	unix_ns	1784742083423729370	ns
c5-timing-event-v1	C5	native	measured	1024	10	1	ce303cb69db34ca2b03cb69db3dca218	C900	unix_ns	1784742083445783061	ns
c5-timing-event-v1	C5	native	measured	1024	11	1	dcde312c5d6f432b9e312c5d6f732b32	C010	unix_ns	1784742083376217401	ns
c5-timing-event-v1	C5	native	measured	1024	11	1	dcde312c5d6f432b9e312c5d6f732b32	C800	unix_ns	1784742083447071666	ns
c5-timing-event-v1	C5	native	measured	1024	11	1	dcde312c5d6f432b9e312c5d6f732b32	C900	unix_ns	1784742083468588007	ns
c5-timing-event-v1	C5	native	measured	1024	12	1	f931d032ed3f4eb9b1d032ed3f2eb949	C010	unix_ns	1784742083448101421	ns
c5-timing-event-v1	C5	native	measured	1024	12	1	f931d032ed3f4eb9b1d032ed3f2eb949	C800	unix_ns	1784742083509084171	ns
c5-timing-event-v1	C5	native	measured	1024	12	1	f931d032ed3f4eb9b1d032ed3f2eb949	C900	unix_ns	1784742083547172753	ns
c5-timing-event-v1	C5	native	measured	1024	13	1	68f180a2df524b43b180a2df521b4375	C010	unix_ns	1784742083471077353	ns
c5-timing-event-v1	C5	native	measured	1024	13	1	68f180a2df524b43b180a2df521b4375	C800	unix_ns	1784742083532538979	ns
c5-timing-event-v1	C5	native	measured	1024	13	1	68f180a2df524b43b180a2df521b4375	C900	unix_ns	1784742083569319402	ns
c5-timing-event-v1	C5	native	measured	1024	14	1	1b0912d0497b4cd58912d0497b8cd5fa	C010	unix_ns	1784742083549644327	ns
c5-timing-event-v1	C5	native	measured	1024	14	1	1b0912d0497b4cd58912d0497b8cd5fa	C800	unix_ns	1784742083619226861	ns
c5-timing-event-v1	C5	native	measured	1024	14	1	1b0912d0497b4cd58912d0497b8cd5fa	C900	unix_ns	1784742083632095576	ns
c5-timing-event-v1	C5	native	measured	1024	15	1	cc2ff3b5a73447fdaff3b5a73447fd6d	C010	unix_ns	1784742083571897978	ns
c5-timing-event-v1	C5	native	measured	1024	15	1	cc2ff3b5a73447fdaff3b5a73447fd6d	C800	unix_ns	1784742083650051547	ns
c5-timing-event-v1	C5	native	measured	1024	15	1	cc2ff3b5a73447fdaff3b5a73447fd6d	C900	unix_ns	1784742083676675974	ns
c5-timing-event-v1	C5	native	measured	1024	16	1	1c4121af7ddb47f88121af7ddbf7f8c0	C010	unix_ns	1784742083633964319	ns
c5-timing-event-v1	C5	native	measured	1024	16	1	1c4121af7ddb47f88121af7ddbf7f8c0	C800	unix_ns	1784742083699638263	ns
c5-timing-event-v1	C5	native	measured	1024	16	1	1c4121af7ddb47f88121af7ddbf7f8c0	C900	unix_ns	1784742083721892379	ns
c5-timing-event-v1	C5	native	measured	1024	17	1	2dd7bad2a33c49b797bad2a33cd9b792	C010	unix_ns	1784742083677001605	ns
c5-timing-event-v1	C5	native	measured	1024	17	1	2dd7bad2a33c49b797bad2a33cd9b792	C800	unix_ns	1784742083735871117	ns
c5-timing-event-v1	C5	native	measured	1024	17	1	2dd7bad2a33c49b797bad2a33cd9b792	C900	unix_ns	1784742083767425522	ns
c5-timing-event-v1	C5	native	measured	1024	18	1	4f4cda50ed6b44af8cda50ed6b94af5e	C010	unix_ns	1784742083724270849	ns
c5-timing-event-v1	C5	native	measured	1024	18	1	4f4cda50ed6b44af8cda50ed6b94af5e	C800	unix_ns	1784742083805602735	ns
c5-timing-event-v1	C5	native	measured	1024	18	1	4f4cda50ed6b44af8cda50ed6b94af5e	C900	unix_ns	1784742083858471100	ns
c5-timing-event-v1	C5	native	measured	1024	19	1	bbc5b20a49734c2085b20a49735c2007	C010	unix_ns	1784742083755063547	ns
c5-timing-event-v1	C5	native	measured	1024	19	1	bbc5b20a49734c2085b20a49735c2007	C800	unix_ns	1784742083822555988	ns
c5-timing-event-v1	C5	native	measured	1024	19	1	bbc5b20a49734c2085b20a49735c2007	C900	unix_ns	1784742083879406258	ns
c5-timing-event-v1	C5	native	measured	1024	20	1	3a0e90b15df048988e90b15df0a898e7	C010	unix_ns	1784742083767661447	ns
c5-timing-event-v1	C5	native	measured	1024	20	1	3a0e90b15df048988e90b15df0a898e7	C800	unix_ns	1784742083877802478	ns
c5-timing-event-v1	C5	native	measured	1024	20	1	3a0e90b15df048988e90b15df0a898e7	C900	unix_ns	1784742083905507123	ns
c5-timing-event-v1	C5	native	measured	1024	21	1	c391400f345c42fb91400f345c12fbe3	C010	unix_ns	1784742083862016434	ns
c5-timing-event-v1	C5	native	measured	1024	21	1	c391400f345c42fb91400f345c12fbe3	C800	unix_ns	1784742083929053145	ns
c5-timing-event-v1	C5	native	measured	1024	21	1	c391400f345c42fb91400f345c12fbe3	C900	unix_ns	1784742083957802562	ns
c5-timing-event-v1	C5	native	measured	1024	22	1	6074d52a9448442eb4d52a9448f42e38	C010	unix_ns	1784742083879628616	ns
c5-timing-event-v1	C5	native	measured	1024	22	1	6074d52a9448442eb4d52a9448f42e38	C800	unix_ns	1784742083964287564	ns
c5-timing-event-v1	C5	native	measured	1024	22	1	6074d52a9448442eb4d52a9448f42e38	C900	unix_ns	1784742083991511695	ns
c5-timing-event-v1	C5	native	measured	1024	23	1	ccdc389b407d45ea9c389b407da5ea47	C010	unix_ns	1784742083905741428	ns
c5-timing-event-v1	C5	native	measured	1024	23	1	ccdc389b407d45ea9c389b407da5ea47	C800	unix_ns	1784742083974461828	ns
c5-timing-event-v1	C5	native	measured	1024	23	1	ccdc389b407d45ea9c389b407da5ea47	C900	unix_ns	1784742083995184751	ns
c5-timing-event-v1	C5	native	measured	1024	24	1	a80ca991d48a49f98ca991d48a79f997	C010	unix_ns	1784742083960748357	ns
c5-timing-event-v1	C5	native	measured	1024	24	1	a80ca991d48a49f98ca991d48a79f997	C800	unix_ns	1784742084027946174	ns
c5-timing-event-v1	C5	native	measured	1024	24	1	a80ca991d48a49f98ca991d48a79f997	C900	unix_ns	1784742084040332288	ns
c5-timing-event-v1	C5	native	measured	1024	25	1	8a1152ea2414492e9152ea2414e92ec8	C010	unix_ns	1784742083991735442	ns
c5-timing-event-v1	C5	native	measured	1024	25	1	8a1152ea2414492e9152ea2414e92ec8	C800	unix_ns	1784742084070083903	ns
c5-timing-event-v1	C5	native	measured	1024	25	1	8a1152ea2414492e9152ea2414e92ec8	C900	unix_ns	1784742084087372649	ns
c5-timing-event-v1	C5	native	measured	1024	26	1	f83aae18dd2c43c8baae18dd2c83c877	C010	unix_ns	1784742083995384297	ns
c5-timing-event-v1	C5	native	measured	1024	26	1	f83aae18dd2c43c8baae18dd2c83c877	C800	unix_ns	1784742084074438311	ns
c5-timing-event-v1	C5	native	measured	1024	26	1	f83aae18dd2c43c8baae18dd2c83c877	C900	unix_ns	1784742084117306959	ns
c5-timing-event-v1	C5	native	measured	1024	27	1	ae7e1a10b5fc4b7fbe1a10b5fceb7f95	C010	unix_ns	1784742084040637523	ns
c5-timing-event-v1	C5	native	measured	1024	27	1	ae7e1a10b5fc4b7fbe1a10b5fceb7f95	C800	unix_ns	1784742084112136864	ns
c5-timing-event-v1	C5	native	measured	1024	27	1	ae7e1a10b5fc4b7fbe1a10b5fceb7f95	C900	unix_ns	1784742084145379788	ns
c5-timing-event-v1	C5	native	measured	1024	28	1	c44799d333834cec8799d333838cec83	C010	unix_ns	1784742084087660706	ns
c5-timing-event-v1	C5	native	measured	1024	28	1	c44799d333834cec8799d333838cec83	C800	unix_ns	1784742084173918879	ns
c5-timing-event-v1	C5	native	measured	1024	28	1	c44799d333834cec8799d333838cec83	C900	unix_ns	1784742084209984978	ns
c5-timing-event-v1	C5	native	measured	1024	29	1	8356a2ba8343452096a2ba834305208f	C010	unix_ns	1784742084117544740	ns
c5-timing-event-v1	C5	native	measured	1024	29	1	8356a2ba8343452096a2ba834305208f	C800	unix_ns	1784742084188186434	ns
c5-timing-event-v1	C5	native	measured	1024	29	1	8356a2ba8343452096a2ba834305208f	C900	unix_ns	1784742084203134410	ns
c5-timing-event-v1	C5	native	measured	1024	30	1	f6bf780d32884fbfbf780d32886fbf3f	C010	unix_ns	1784742084145656407	ns
c5-timing-event-v1	C5	native	measured	1024	30	1	f6bf780d32884fbfbf780d32886fbf3f	C800	unix_ns	1784742084265704742	ns
c5-timing-event-v1	C5	native	measured	1024	30	1	f6bf780d32884fbfbf780d32886fbf3f	C900	unix_ns	1784742084323694127	ns
c5-timing-event-v1	C5	native	measured	1024	31	1	a0e9da4dbd33418fa9da4dbd33318f8e	C010	unix_ns	1784742084203423017	ns
c5-timing-event-v1	C5	native	measured	1024	31	1	a0e9da4dbd33418fa9da4dbd33318f8e	C800	unix_ns	1784742084268984322	ns
c5-timing-event-v1	C5	native	measured	1024	31	1	a0e9da4dbd33418fa9da4dbd33318f8e	C900	unix_ns	1784742084310234457	ns
c5-timing-event-v1	C5	native	measured	1024	32	1	a723d9cef22242b8a3d9cef22232b82d	C010	unix_ns	1784742084211135752	ns
c5-timing-event-v1	C5	native	measured	1024	32	1	a723d9cef22242b8a3d9cef22232b82d	C800	unix_ns	1784742084303136726	ns
c5-timing-event-v1	C5	native	measured	1024	32	1	a723d9cef22242b8a3d9cef22232b82d	C900	unix_ns	1784742084322374752	ns
c5-timing-event-v1	C5	native	measured	1024	33	1	cf13c76b482f4c2f93c76b482fdc2f0d	C010	unix_ns	1784742084310519296	ns
c5-timing-event-v1	C5	native	measured	1024	33	1	cf13c76b482f4c2f93c76b482fdc2f0d	C800	unix_ns	1784742084390434710	ns
c5-timing-event-v1	C5	native	measured	1024	33	1	cf13c76b482f4c2f93c76b482fdc2f0d	C900	unix_ns	1784742084416836464	ns
c5-timing-event-v1	C5	native	measured	1024	34	1	3556fbfa22e446bb96fbfa22e486bb14	C010	unix_ns	1784742084322599137	ns
c5-timing-event-v1	C5	native	measured	1024	34	1	3556fbfa22e446bb96fbfa22e486bb14	C800	unix_ns	1784742084410297174	ns
c5-timing-event-v1	C5	native	measured	1024	34	1	3556fbfa22e446bb96fbfa22e486bb14	C900	unix_ns	1784742084434701777	ns
c5-timing-event-v1	C5	native	measured	1024	35	1	17fad07fd4434b09bad07fd443fb0951	C010	unix_ns	1784742084327945550	ns
c5-timing-event-v1	C5	native	measured	1024	35	1	17fad07fd4434b09bad07fd443fb0951	C800	unix_ns	1784742084382151686	ns
c5-timing-event-v1	C5	native	measured	1024	35	1	17fad07fd4434b09bad07fd443fb0951	C900	unix_ns	1784742084429288803	ns
c5-timing-event-v1	C5	native	measured	1024	36	1	bba9280c63704b69a9280c6370fb691f	C010	unix_ns	1784742084417154844	ns
c5-timing-event-v1	C5	native	measured	1024	36	1	bba9280c63704b69a9280c6370fb691f	C800	unix_ns	1784742084490129449	ns
c5-timing-event-v1	C5	native	measured	1024	36	1	bba9280c63704b69a9280c6370fb691f	C900	unix_ns	1784742084506543433	ns
c5-timing-event-v1	C5	native	measured	1024	37	1	3bd0e215d7f14bef90e215d7f16bef41	C010	unix_ns	1784742084429523171	ns
c5-timing-event-v1	C5	native	measured	1024	37	1	3bd0e215d7f14bef90e215d7f16bef41	C800	unix_ns	1784742084488541992	ns
c5-timing-event-v1	C5	native	measured	1024	37	1	3bd0e215d7f14bef90e215d7f16bef41	C900	unix_ns	1784742084548273283	ns
c5-timing-event-v1	C5	native	measured	1024	38	1	27422d86cd9d4cac822d86cd9d4cacb0	C010	unix_ns	1784742084437905101	ns
c5-timing-event-v1	C5	native	measured	1024	38	1	27422d86cd9d4cac822d86cd9d4cacb0	C800	unix_ns	1784742084536611948	ns
c5-timing-event-v1	C5	native	measured	1024	38	1	27422d86cd9d4cac822d86cd9d4cacb0	C900	unix_ns	1784742084575910493	ns
c5-timing-event-v1	C5	native	measured	1024	39	1	1fb66350b8f74e6ab66350b8f77e6a55	C010	unix_ns	1784742084506773425	ns
c5-timing-event-v1	C5	native	measured	1024	39	1	1fb66350b8f74e6ab66350b8f77e6a55	C800	unix_ns	1784742084583010269	ns
c5-timing-event-v1	C5	native	measured	1024	39	1	1fb66350b8f74e6ab66350b8f77e6a55	C900	unix_ns	1784742084601091979	ns
c5-timing-event-v1	C5	native	measured	1024	40	1	b2c3c51d9aa0442283c51d9aa00422aa	C010	unix_ns	1784742084548617035	ns
c5-timing-event-v1	C5	native	measured	1024	40	1	b2c3c51d9aa0442283c51d9aa00422aa	C800	unix_ns	1784742084626730354	ns
c5-timing-event-v1	C5	native	measured	1024	40	1	b2c3c51d9aa0442283c51d9aa00422aa	C900	unix_ns	1784742084689183434	ns
c5-timing-event-v1	C5	native	measured	1024	41	1	4503454b4823482c83454b4823482cf0	C010	unix_ns	1784742084576162362	ns
c5-timing-event-v1	C5	native	measured	1024	41	1	4503454b4823482c83454b4823482cf0	C800	unix_ns	1784742084730342322	ns
c5-timing-event-v1	C5	native	measured	1024	41	1	4503454b4823482c83454b4823482cf0	C900	unix_ns	1784742084765583768	ns
c5-timing-event-v1	C5	native	measured	1024	42	1	2f72724e6f064e3ab2724e6f06de3a6e	C010	unix_ns	1784742084601341999	ns
c5-timing-event-v1	C5	native	measured	1024	42	1	2f72724e6f064e3ab2724e6f06de3a6e	C800	unix_ns	1784742084731875339	ns
c5-timing-event-v1	C5	native	measured	1024	42	1	2f72724e6f064e3ab2724e6f06de3a6e	C900	unix_ns	1784742084797024074	ns
c5-timing-event-v1	C5	native	measured	1024	43	1	fc679757a8f04a46a79757a8f08a467d	C010	unix_ns	1784742084689551515	ns
c5-timing-event-v1	C5	native	measured	1024	43	1	fc679757a8f04a46a79757a8f08a467d	C800	unix_ns	1784742084762140536	ns
c5-timing-event-v1	C5	native	measured	1024	43	1	fc679757a8f04a46a79757a8f08a467d	C900	unix_ns	1784742084809419630	ns
c5-timing-event-v1	C5	native	measured	1024	44	1	ecee89797abc41f3ae89797abc81f34c	C010	unix_ns	1784742084765881642	ns
c5-timing-event-v1	C5	native	measured	1024	44	1	ecee89797abc41f3ae89797abc81f34c	C800	unix_ns	1784742084833550792	ns
c5-timing-event-v1	C5	native	measured	1024	44	1	ecee89797abc41f3ae89797abc81f34c	C900	unix_ns	1784742084855154658	ns
c5-timing-event-v1	C5	native	measured	1024	45	1	be309f796d794fcfb09f796d797fcf10	C010	unix_ns	1784742084797283619	ns
c5-timing-event-v1	C5	native	measured	1024	45	1	be309f796d794fcfb09f796d797fcf10	C800	unix_ns	1784742084887100107	ns
c5-timing-event-v1	C5	native	measured	1024	45	1	be309f796d794fcfb09f796d797fcf10	C900	unix_ns	1784742084930759227	ns
c5-timing-event-v1	C5	native	measured	1024	46	1	a249e750b5d642e989e750b5d6b2e9e5	C010	unix_ns	1784742084809649716	ns
c5-timing-event-v1	C5	native	measured	1024	46	1	a249e750b5d642e989e750b5d6b2e9e5	C800	unix_ns	1784742084885267402	ns
c5-timing-event-v1	C5	native	measured	1024	46	1	a249e750b5d642e989e750b5d6b2e9e5	C900	unix_ns	1784742084923297350	ns
c5-timing-event-v1	C5	native	measured	1024	47	1	f35123cd66a34bab9123cd66a3fbab31	C010	unix_ns	1784742084855473466	ns
c5-timing-event-v1	C5	native	measured	1024	47	1	f35123cd66a34bab9123cd66a3fbab31	C800	unix_ns	1784742084974691229	ns
c5-timing-event-v1	C5	native	measured	1024	47	1	f35123cd66a34bab9123cd66a3fbab31	C900	unix_ns	1784742085024023088	ns
c5-timing-event-v1	C5	native	measured	1024	48	1	8028c1962ace499ca8c1962acee99ca0	C010	unix_ns	1784742084923599690	ns
c5-timing-event-v1	C5	native	measured	1024	48	1	8028c1962ace499ca8c1962acee99ca0	C800	unix_ns	1784742085032473962	ns
c5-timing-event-v1	C5	native	measured	1024	48	1	8028c1962ace499ca8c1962acee99ca0	C900	unix_ns	1784742085081983722	ns
c5-timing-event-v1	C5	native	measured	1024	49	1	cdf2b88ff2a949c8b2b88ff2a9c9c8b6	C010	unix_ns	1784742084934679136	ns
c5-timing-event-v1	C5	native	measured	1024	49	1	cdf2b88ff2a949c8b2b88ff2a9c9c8b6	C800	unix_ns	1784742085042333274	ns
c5-timing-event-v1	C5	native	measured	1024	49	1	cdf2b88ff2a949c8b2b88ff2a9c9c8b6	C900	unix_ns	1784742085058651327	ns
c5-timing-event-v1	C5	native	measured	1024	50	1	d531611e22b74fa0b1611e22b7ffa003	C010	unix_ns	1784742085024322619	ns
c5-timing-event-v1	C5	native	measured	1024	50	1	d531611e22b74fa0b1611e22b7ffa003	C800	unix_ns	1784742085178086462	ns
c5-timing-event-v1	C5	native	measured	1024	50	1	d531611e22b74fa0b1611e22b7ffa003	C900	unix_ns	1784742085202037030	ns
c5-timing-event-v1	C5	native	measured	1024	51	1	e7131995849944239319958499942322	C010	unix_ns	1784742085058920925	ns
c5-timing-event-v1	C5	native	measured	1024	51	1	e7131995849944239319958499942322	C800	unix_ns	1784742085134056635	ns
c5-timing-event-v1	C5	native	measured	1024	51	1	e7131995849944239319958499942322	C900	unix_ns	1784742085169729543	ns
c5-timing-event-v1	C5	native	measured	1024	52	1	d9d7d3ace30344bc97d3ace30344bc2b	C010	unix_ns	1784742085082227738	ns
c5-timing-event-v1	C5	native	measured	1024	52	1	d9d7d3ace30344bc97d3ace30344bc2b	C800	unix_ns	1784742085177094891	ns
c5-timing-event-v1	C5	native	measured	1024	52	1	d9d7d3ace30344bc97d3ace30344bc2b	C900	unix_ns	1784742085215807819	ns
c5-timing-event-v1	C5	native	measured	1024	53	1	5ca0936e63604a16a0936e63603a1669	C010	unix_ns	1784742085173518775	ns
c5-timing-event-v1	C5	native	measured	1024	53	1	5ca0936e63604a16a0936e63603a1669	C800	unix_ns	1784742085273382145	ns
c5-timing-event-v1	C5	native	measured	1024	53	1	5ca0936e63604a16a0936e63603a1669	C900	unix_ns	1784742085309772082	ns
c5-timing-event-v1	C5	native	measured	1024	54	1	b0eea81d6dd44d24aea81d6dd43d2413	C010	unix_ns	1784742085202305960	ns
c5-timing-event-v1	C5	native	measured	1024	54	1	b0eea81d6dd44d24aea81d6dd43d2413	C800	unix_ns	1784742085308474647	ns
c5-timing-event-v1	C5	native	measured	1024	54	1	b0eea81d6dd44d24aea81d6dd43d2413	C900	unix_ns	1784742085413891206	ns
c5-timing-event-v1	C5	native	measured	1024	55	1	96f18947e17244efb18947e172e4ef62	C010	unix_ns	1784742085216035999	ns
c5-timing-event-v1	C5	native	measured	1024	55	1	96f18947e17244efb18947e172e4ef62	C800	unix_ns	1784742085325896228	ns
c5-timing-event-v1	C5	native	measured	1024	55	1	96f18947e17244efb18947e172e4ef62	C900	unix_ns	1784742085357477671	ns
c5-timing-event-v1	C5	native	measured	1024	56	1	d9448fb5d772485d848fb5d772585d95	C010	unix_ns	1784742085310250414	ns
c5-timing-event-v1	C5	native	measured	1024	56	1	d9448fb5d772485d848fb5d772585d95	C800	unix_ns	1784742085408714329	ns
c5-timing-event-v1	C5	native	measured	1024	56	1	d9448fb5d772485d848fb5d772585d95	C900	unix_ns	1784742085443722432	ns
c5-timing-event-v1	C5	native	measured	1024	57	1	c14ccc94600f41238ccc94600f01233f	C010	unix_ns	1784742085357753632	ns
c5-timing-event-v1	C5	native	measured	1024	57	1	c14ccc94600f41238ccc94600f01233f	C800	unix_ns	1784742085488836694	ns
c5-timing-event-v1	C5	native	measured	1024	57	1	c14ccc94600f41238ccc94600f01233f	C900	unix_ns	1784742085560576572	ns
c5-timing-event-v1	C5	native	measured	1024	58	1	1a72601ee0fd4402b2601ee0fdd4029b	C010	unix_ns	1784742085414199542	ns
c5-timing-event-v1	C5	native	measured	1024	58	1	1a72601ee0fd4402b2601ee0fdd4029b	C800	unix_ns	1784742085500286457	ns
c5-timing-event-v1	C5	native	measured	1024	58	1	1a72601ee0fd4402b2601ee0fdd4029b	C900	unix_ns	1784742085515017156	ns
c5-timing-event-v1	C5	native	measured	1024	59	1	fbc065f98f294e288065f98f29ce28b2	C010	unix_ns	1784742085443978962	ns
c5-timing-event-v1	C5	native	measured	1024	59	1	fbc065f98f294e288065f98f29ce28b2	C800	unix_ns	1784742085537491573	ns
c5-timing-event-v1	C5	native	measured	1024	59	1	fbc065f98f294e288065f98f29ce28b2	C900	unix_ns	1784742085553549988	ns
c5-timing-event-v1	C5	native	measured	1024	60	1	16b5a44dd29847e8b5a44dd298c7e8ad	C010	unix_ns	1784742085515378914	ns
c5-timing-event-v1	C5	native	measured	1024	60	1	16b5a44dd29847e8b5a44dd298c7e8ad	C800	unix_ns	1784742085621276693	ns
c5-timing-event-v1	C5	native	measured	1024	60	1	16b5a44dd29847e8b5a44dd298c7e8ad	C900	unix_ns	1784742085665875024	ns
c5-timing-event-v1	C5	native	measured	1024	61	1	1a7ecf6dd9244b87becf6dd9246b87a7	C010	unix_ns	1784742085553848220	ns
c5-timing-event-v1	C5	native	measured	1024	61	1	1a7ecf6dd9244b87becf6dd9246b87a7	C800	unix_ns	1784742085629046650	ns
c5-timing-event-v1	C5	native	measured	1024	61	1	1a7ecf6dd9244b87becf6dd9246b87a7	C900	unix_ns	1784742085650937280	ns
c5-timing-event-v1	C5	native	measured	1024	62	1	33f233f490064d31b233f490061d312b	C010	unix_ns	1784742085568288936	ns
c5-timing-event-v1	C5	native	measured	1024	62	1	33f233f490064d31b233f490061d312b	C800	unix_ns	1784742085658296657	ns
c5-timing-event-v1	C5	native	measured	1024	62	1	33f233f490064d31b233f490061d312b	C900	unix_ns	1784742085680744155	ns
c5-timing-event-v1	C5	native	measured	1024	63	1	dcdf52168ac84fe39f52168ac8dfe3a3	C010	unix_ns	1784742085651290068	ns
c5-timing-event-v1	C5	native	measured	1024	63	1	dcdf52168ac84fe39f52168ac8dfe3a3	C800	unix_ns	1784742085725237962	ns
c5-timing-event-v1	C5	native	measured	1024	63	1	dcdf52168ac84fe39f52168ac8dfe3a3	C900	unix_ns	1784742085784234989	ns
c5-timing-event-v1	C5	native	measured	1024	64	1	5f555435f0864663955435f0861663b6	C010	unix_ns	1784742085668170253	ns
c5-timing-event-v1	C5	native	measured	1024	64	1	5f555435f0864663955435f0861663b6	C800	unix_ns	1784742085753593360	ns
c5-timing-event-v1	C5	native	measured	1024	64	1	5f555435f0864663955435f0861663b6	C900	unix_ns	1784742085786199945	ns
c5-timing-event-v1	C5	native	measured	1024	65	1	cf7e2397f592459cbe2397f592559cb2	C010	unix_ns	1784742085681623894	ns
c5-timing-event-v1	C5	native	measured	1024	65	1	cf7e2397f592459cbe2397f592559cb2	C800	unix_ns	1784742085756627992	ns
c5-timing-event-v1	C5	native	measured	1024	65	1	cf7e2397f592459cbe2397f592559cb2	C900	unix_ns	1784742085775726826	ns
c5-timing-event-v1	C5	native	measured	1024	66	1	0d91b4acdfc64f6b91b4acdfc69f6b1c	C010	unix_ns	1784742085775974243	ns
c5-timing-event-v1	C5	native	measured	1024	66	1	0d91b4acdfc64f6b91b4acdfc69f6b1c	C800	unix_ns	1784742085892925838	ns
c5-timing-event-v1	C5	native	measured	1024	66	1	0d91b4acdfc64f6b91b4acdfc69f6b1c	C900	unix_ns	1784742085915591043	ns
c5-timing-event-v1	C5	native	measured	1024	67	1	71ee5ec882eb465aae5ec882ebf65ab5	C010	unix_ns	1784742085787400618	ns
c5-timing-event-v1	C5	native	measured	1024	67	1	71ee5ec882eb465aae5ec882ebf65ab5	C800	unix_ns	1784742085869563519	ns
c5-timing-event-v1	C5	native	measured	1024	67	1	71ee5ec882eb465aae5ec882ebf65ab5	C900	unix_ns	1784742085915975652	ns
c5-timing-event-v1	C5	native	measured	1024	68	1	0a26fd8013804922a6fd8013801922b9	C010	unix_ns	1784742085788307244	ns
c5-timing-event-v1	C5	native	measured	1024	68	1	0a26fd8013804922a6fd8013801922b9	C800	unix_ns	1784742085911280573	ns
c5-timing-event-v1	C5	native	measured	1024	68	1	0a26fd8013804922a6fd8013801922b9	C900	unix_ns	1784742085950716799	ns
c5-timing-event-v1	C5	native	measured	1024	69	1	b2be390a6b974f54be390a6b97bf540a	C010	unix_ns	1784742085916253075	ns
c5-timing-event-v1	C5	native	measured	1024	69	1	b2be390a6b974f54be390a6b97bf540a	C800	unix_ns	1784742085983104651	ns
c5-timing-event-v1	C5	native	measured	1024	69	1	b2be390a6b974f54be390a6b97bf540a	C900	unix_ns	1784742086037902594	ns
c5-timing-event-v1	C5	native	measured	1024	70	1	b9286a099ebd4a44a86a099ebdaa44b0	C010	unix_ns	1784742085927446210	ns
c5-timing-event-v1	C5	native	measured	1024	70	1	b9286a099ebd4a44a86a099ebdaa44b0	C800	unix_ns	1784742086004284469	ns
c5-timing-event-v1	C5	native	measured	1024	70	1	b9286a099ebd4a44a86a099ebdaa44b0	C900	unix_ns	1784742086035048467	ns
c5-timing-event-v1	C5	native	measured	1024	71	1	bc75e8195ddd438cb5e8195dddc38c64	C010	unix_ns	1784742085950974085	ns
c5-timing-event-v1	C5	native	measured	1024	71	1	bc75e8195ddd438cb5e8195dddc38c64	C800	unix_ns	1784742086021894011	ns
c5-timing-event-v1	C5	native	measured	1024	71	1	bc75e8195ddd438cb5e8195dddc38c64	C900	unix_ns	1784742086067694073	ns
c5-timing-event-v1	C5	native	measured	1024	72	1	60b07d44eb8a476eb07d44eb8a176ee5	C010	unix_ns	1784742086035404290	ns
c5-timing-event-v1	C5	native	measured	1024	72	1	60b07d44eb8a476eb07d44eb8a176ee5	C800	unix_ns	1784742086088980623	ns
c5-timing-event-v1	C5	native	measured	1024	72	1	60b07d44eb8a476eb07d44eb8a176ee5	C900	unix_ns	1784742086129408861	ns
c5-timing-event-v1	C5	native	measured	1024	73	1	31c30caa205e49e8830caa205ea9e8d8	C010	unix_ns	1784742086052023782	ns
c5-timing-event-v1	C5	native	measured	1024	73	1	31c30caa205e49e8830caa205ea9e8d8	C800	unix_ns	1784742086154738028	ns
c5-timing-event-v1	C5	native	measured	1024	73	1	31c30caa205e49e8830caa205ea9e8d8	C900	unix_ns	1784742086177958672	ns
c5-timing-event-v1	C5	native	measured	1024	74	1	87b1a4be05194524b1a4be0519552410	C010	unix_ns	1784742086067946481	ns
c5-timing-event-v1	C5	native	measured	1024	74	1	87b1a4be05194524b1a4be0519552410	C800	unix_ns	1784742086151594529	ns
c5-timing-event-v1	C5	native	measured	1024	74	1	87b1a4be05194524b1a4be0519552410	C900	unix_ns	1784742086180098042	ns
c5-timing-event-v1	C5	native	measured	1024	75	1	6a8e5b52fab542a28e5b52fab532a28e	C010	unix_ns	1784742086129767613	ns
c5-timing-event-v1	C5	native	measured	1024	75	1	6a8e5b52fab542a28e5b52fab532a28e	C800	unix_ns	1784742086179173654	ns
c5-timing-event-v1	C5	native	measured	1024	75	1	6a8e5b52fab542a28e5b52fab532a28e	C900	unix_ns	1784742086243791680	ns
c5-timing-event-v1	C5	native	measured	1024	76	1	f878133b0a1d4a8fb8133b0a1dea8f8d	C010	unix_ns	1784742086180231363	ns
c5-timing-event-v1	C5	native	measured	1024	76	1	f878133b0a1d4a8fb8133b0a1dea8f8d	C800	unix_ns	1784742086225572430	ns
c5-timing-event-v1	C5	native	measured	1024	76	1	f878133b0a1d4a8fb8133b0a1dea8f8d	C900	unix_ns	1784742086472809707	ns
c5-timing-event-v1	C5	native	measured	1024	77	1	c234108d192041b3b4108d192021b3b0	C010	unix_ns	1784742086194512070	ns
c5-timing-event-v1	C5	native	measured	1024	77	1	c234108d192041b3b4108d192021b3b0	C800	unix_ns	1784742086286651344	ns
c5-timing-event-v1	C5	native	measured	1024	77	1	c234108d192041b3b4108d192021b3b0	C900	unix_ns	1784742086327272293	ns
c5-timing-event-v1	C5	native	measured	1024	78	1	5f626cc4b3d1416fa26cc4b3d1516f60	C010	unix_ns	1784742086244096446	ns
c5-timing-event-v1	C5	native	measured	1024	78	1	5f626cc4b3d1416fa26cc4b3d1516f60	C800	unix_ns	1784742086300707981	ns
c5-timing-event-v1	C5	native	measured	1024	78	1	5f626cc4b3d1416fa26cc4b3d1516f60	C900	unix_ns	1784742086331366885	ns
c5-timing-event-v1	C5	native	measured	1024	79	1	6b3671033cea42f7b671033cea42f7fb	C010	unix_ns	1784742086327624702	ns
c5-timing-event-v1	C5	native	measured	1024	79	1	6b3671033cea42f7b671033cea42f7fb	C800	unix_ns	1784742086373928940	ns
c5-timing-event-v1	C5	native	measured	1024	79	1	6b3671033cea42f7b671033cea42f7fb	C900	unix_ns	1784742086389436974	ns
c5-timing-event-v1	C5	native	measured	1024	80	1	585cca0954fd408f9cca0954fd308f4e	C010	unix_ns	1784742086342454470	ns
c5-timing-event-v1	C5	native	measured	1024	80	1	585cca0954fd408f9cca0954fd308f4e	C800	unix_ns	1784742086408501840	ns
c5-timing-event-v1	C5	native	measured	1024	80	1	585cca0954fd408f9cca0954fd308f4e	C900	unix_ns	1784742086432853886	ns
c5-timing-event-v1	C5	native	measured	1024	81	1	0e839fad15a3499f839fad15a3c99fc5	C010	unix_ns	1784742086389814116	ns
c5-timing-event-v1	C5	native	measured	1024	81	1	0e839fad15a3499f839fad15a3c99fc5	C800	unix_ns	1784742086474215571	ns
c5-timing-event-v1	C5	native	measured	1024	81	1	0e839fad15a3499f839fad15a3c99fc5	C900	unix_ns	1784742086505336285	ns
c5-timing-event-v1	C5	native	measured	1024	82	1	3690dd55dbe8463b90dd55dbe8663b01	C010	unix_ns	1784742086433148818	ns
c5-timing-event-v1	C5	native	measured	1024	82	1	3690dd55dbe8463b90dd55dbe8663b01	C800	unix_ns	1784742086505716277	ns
c5-timing-event-v1	C5	native	measured	1024	82	1	3690dd55dbe8463b90dd55dbe8663b01	C900	unix_ns	1784742086528288165	ns
c5-timing-event-v1	C5	native	measured	1024	83	1	c0455d4f49454b68855d4f49455b68dd	C010	unix_ns	1784742086473104162	ns
c5-timing-event-v1	C5	native	measured	1024	83	1	c0455d4f49454b68855d4f49455b68dd	C800	unix_ns	1784742086532191883	ns
c5-timing-event-v1	C5	native	measured	1024	83	1	c0455d4f49454b68855d4f49455b68dd	C900	unix_ns	1784742086547935869	ns
c5-timing-event-v1	C5	native	measured	1024	84	1	e351ed007124491491ed00712409146d	C010	unix_ns	1784742086506593658	ns
c5-timing-event-v1	C5	native	measured	1024	84	1	e351ed007124491491ed00712409146d	C800	unix_ns	1784742086582750897	ns
c5-timing-event-v1	C5	native	measured	1024	84	1	e351ed007124491491ed00712409146d	C900	unix_ns	1784742086847214822	ns
c5-timing-event-v1	C5	native	measured	1024	85	1	2cd04e7ee7d24fb3904e7ee7d24fb32b	C010	unix_ns	1784742086528561287	ns
c5-timing-event-v1	C5	native	measured	1024	85	1	2cd04e7ee7d24fb3904e7ee7d24fb32b	C800	unix_ns	1784742086629542703	ns
c5-timing-event-v1	C5	native	measured	1024	85	1	2cd04e7ee7d24fb3904e7ee7d24fb32b	C900	unix_ns	1784742086658223420	ns
c5-timing-event-v1	C5	native	measured	1024	86	1	f8854d27d6f44a95854d27d6f49a95cf	C010	unix_ns	1784742086549024869	ns
c5-timing-event-v1	C5	native	measured	1024	86	1	f8854d27d6f44a95854d27d6f49a95cf	C800	unix_ns	1784742086602165943	ns
c5-timing-event-v1	C5	native	measured	1024	86	1	f8854d27d6f44a95854d27d6f49a95cf	C900	unix_ns	1784742086634622314	ns
c5-timing-event-v1	C5	native	measured	1024	87	1	43529551842b4f34929551842bff34c7	C010	unix_ns	1784742086634984804	ns
c5-timing-event-v1	C5	native	measured	1024	87	1	43529551842b4f34929551842bff34c7	C800	unix_ns	1784742086695232661	ns
c5-timing-event-v1	C5	native	measured	1024	87	1	43529551842b4f34929551842bff34c7	C900	unix_ns	1784742086709235837	ns
c5-timing-event-v1	C5	native	measured	1024	88	1	c768fb5bc7444dbba8fb5bc744cdbbbf	C010	unix_ns	1784742086658431793	ns
c5-timing-event-v1	C5	native	measured	1024	88	1	c768fb5bc7444dbba8fb5bc744cdbbbf	C800	unix_ns	1784742086722386287	ns
c5-timing-event-v1	C5	native	measured	1024	88	1	c768fb5bc7444dbba8fb5bc744cdbbbf	C900	unix_ns	1784742086758584374	ns
c5-timing-event-v1	C5	native	measured	1024	89	1	6b72e66d11644115b2e66d1164a11502	C010	unix_ns	1784742086709591189	ns
c5-timing-event-v1	C5	native	measured	1024	89	1	6b72e66d11644115b2e66d1164a11502	C800	unix_ns	1784742086781161615	ns
c5-timing-event-v1	C5	native	measured	1024	89	1	6b72e66d11644115b2e66d1164a11502	C900	unix_ns	1784742086809803967	ns
c5-timing-event-v1	C5	native	measured	1024	90	1	be04ba7470e341ae84ba7470e391aec5	C010	unix_ns	1784742086758956241	ns
c5-timing-event-v1	C5	native	measured	1024	90	1	be04ba7470e341ae84ba7470e391aec5	C800	unix_ns	1784742086830992823	ns
c5-timing-event-v1	C5	native	measured	1024	90	1	be04ba7470e341ae84ba7470e391aec5	C900	unix_ns	1784742086878249250	ns
c5-timing-event-v1	C5	native	measured	1024	91	1	7f3d0291eeea499dbd0291eeeaf99d3b	C010	unix_ns	1784742086810134246	ns
c5-timing-event-v1	C5	native	measured	1024	91	1	7f3d0291eeea499dbd0291eeeaf99d3b	C800	unix_ns	1784742086878706757	ns
c5-timing-event-v1	C5	native	measured	1024	91	1	7f3d0291eeea499dbd0291eeeaf99d3b	C900	unix_ns	1784742086910922515	ns
c5-timing-event-v1	C5	native	measured	1024	92	1	0963ca91f8c147e2a3ca91f8c1e7e23b	C010	unix_ns	1784742086847483839	ns
c5-timing-event-v1	C5	native	measured	1024	92	1	0963ca91f8c147e2a3ca91f8c1e7e23b	C800	unix_ns	1784742086898414773	ns
c5-timing-event-v1	C5	native	measured	1024	92	1	0963ca91f8c147e2a3ca91f8c1e7e23b	C900	unix_ns	1784742086915586773	ns
c5-timing-event-v1	C5	native	measured	1024	93	1	b477615a02314114b7615a0231d11407	C010	unix_ns	1784742086879942439	ns
c5-timing-event-v1	C5	native	measured	1024	93	1	b477615a02314114b7615a0231d11407	C800	unix_ns	1784742086996558260	ns
c5-timing-event-v1	C5	native	measured	1024	93	1	b477615a02314114b7615a0231d11407	C900	unix_ns	1784742087044307914	ns
c5-timing-event-v1	C5	native	measured	1024	94	1	b9bc699ad07646e1bc699ad07616e168	C010	unix_ns	1784742086911203548	ns
c5-timing-event-v1	C5	native	measured	1024	94	1	b9bc699ad07646e1bc699ad07616e168	C800	unix_ns	1784742086965252776	ns
c5-timing-event-v1	C5	native	measured	1024	94	1	b9bc699ad07646e1bc699ad07616e168	C900	unix_ns	1784742086997487810	ns
c5-timing-event-v1	C5	native	measured	1024	95	1	35bb5cc3043c41a6bb5cc3043c31a636	C010	unix_ns	1784742086927980875	ns
c5-timing-event-v1	C5	native	measured	1024	95	1	35bb5cc3043c41a6bb5cc3043c31a636	C800	unix_ns	1784742086984592206	ns
c5-timing-event-v1	C5	native	measured	1024	95	1	35bb5cc3043c41a6bb5cc3043c31a636	C900	unix_ns	1784742087008442556	ns
c5-timing-event-v1	C5	native	measured	1024	96	1	cd9004c976d4421a9004c976d4e21ae0	C010	unix_ns	1784742086997805103	ns
c5-timing-event-v1	C5	native	measured	1024	96	1	cd9004c976d4421a9004c976d4e21ae0	C800	unix_ns	1784742087079953736	ns
c5-timing-event-v1	C5	native	measured	1024	96	1	cd9004c976d4421a9004c976d4e21ae0	C900	unix_ns	1784742087106822907	ns
c5-timing-event-v1	C5	native	measured	1024	97	1	fc160f332f214212960f332f216212b2	C010	unix_ns	1784742087021180465	ns
c5-timing-event-v1	C5	native	measured	1024	97	1	fc160f332f214212960f332f216212b2	C800	unix_ns	1784742087078417796	ns
c5-timing-event-v1	C5	native	measured	1024	97	1	fc160f332f214212960f332f216212b2	C900	unix_ns	1784742087112984835	ns
c5-timing-event-v1	C5	native	measured	1024	98	1	0a105c0bf8f646b2905c0bf8f606b275	C010	unix_ns	1784742087044526955	ns
c5-timing-event-v1	C5	native	measured	1024	98	1	0a105c0bf8f646b2905c0bf8f606b275	C800	unix_ns	1784742087098483013	ns
c5-timing-event-v1	C5	native	measured	1024	98	1	0a105c0bf8f646b2905c0bf8f606b275	C900	unix_ns	1784742087151875063	ns
c5-timing-event-v1	C5	native	measured	1024	99	1	6b5702636e6542c69702636e6562c664	C010	unix_ns	1784742087107159554	ns
c5-timing-event-v1	C5	native	measured	1024	99	1	6b5702636e6542c69702636e6562c664	C800	unix_ns	1784742087178084243	ns
c5-timing-event-v1	C5	native	measured	1024	99	1	6b5702636e6542c69702636e6562c664	C900	unix_ns	1784742087188686620	ns
c5-timing-event-v1	C5	native	measured	1024	100	1	da77e0cc9dea4792b7e0cc9dea279236	C010	unix_ns	1784742087123644474	ns
c5-timing-event-v1	C5	native	measured	1024	100	1	da77e0cc9dea4792b7e0cc9dea279236	C800	unix_ns	1784742087217860113	ns
c5-timing-event-v1	C5	native	measured	1024	100	1	da77e0cc9dea4792b7e0cc9dea279236	C900	unix_ns	1784742087248506367	ns
c5-timing-event-v1	C5	native	measured	1024	101	1	f263299b2b934c14a3299b2b937c1420	C010	unix_ns	1784742087152147455	ns
c5-timing-event-v1	C5	native	measured	1024	101	1	f263299b2b934c14a3299b2b937c1420	C800	unix_ns	1784742087214511905	ns
c5-timing-event-v1	C5	native	measured	1024	101	1	f263299b2b934c14a3299b2b937c1420	C900	unix_ns	1784742087232599404	ns
c5-timing-event-v1	C5	native	measured	1024	102	1	86acd596330c4e8eacd596330c1e8e64	C010	unix_ns	1784742087189028857	ns
c5-timing-event-v1	C5	native	measured	1024	102	1	86acd596330c4e8eacd596330c1e8e64	C800	unix_ns	1784742087312175971	ns
c5-timing-event-v1	C5	native	measured	1024	102	1	86acd596330c4e8eacd596330c1e8e64	C900	unix_ns	1784742087356473211	ns
c5-timing-event-v1	C5	native	measured	1024	103	1	f07ae2eafa2d43a6bae2eafa2da3a667	C010	unix_ns	1784742087232922385	ns
c5-timing-event-v1	C5	native	measured	1024	103	1	f07ae2eafa2d43a6bae2eafa2da3a667	C800	unix_ns	1784742087295828897	ns
c5-timing-event-v1	C5	native	measured	1024	103	1	f07ae2eafa2d43a6bae2eafa2da3a667	C900	unix_ns	1784742087322338961	ns
c5-timing-event-v1	C5	native	measured	1024	104	1	25a8ebc3e95b4b73a8ebc3e95b1b73cb	C010	unix_ns	1784742087250552314	ns
c5-timing-event-v1	C5	native	measured	1024	104	1	25a8ebc3e95b4b73a8ebc3e95b1b73cb	C800	unix_ns	1784742087329156101	ns
c5-timing-event-v1	C5	native	measured	1024	104	1	25a8ebc3e95b4b73a8ebc3e95b1b73cb	C900	unix_ns	1784742087356081775	ns
c5-timing-event-v1	C5	native	measured	1024	105	1	d5c507fefd5445ef8507fefd54c5ef73	C010	unix_ns	1784742087322703481	ns
c5-timing-event-v1	C5	native	measured	1024	105	1	d5c507fefd5445ef8507fefd54c5ef73	C800	unix_ns	1784742087382115941	ns
c5-timing-event-v1	C5	native	measured	1024	105	1	d5c507fefd5445ef8507fefd54c5ef73	C900	unix_ns	1784742087392617390	ns
c5-timing-event-v1	C5	native	measured	1024	106	1	24835d3559ac46ef835d3559ac16efc1	C010	unix_ns	1784742087356688168	ns
c5-timing-event-v1	C5	native	measured	1024	106	1	24835d3559ac46ef835d3559ac16efc1	C800	unix_ns	1784742087447086002	ns
c5-timing-event-v1	C5	native	measured	1024	106	1	24835d3559ac46ef835d3559ac16efc1	C900	unix_ns	1784742087490452891	ns
c5-timing-event-v1	C5	native	measured	1024	107	1	579946469c834a0c9946469c831a0c37	C010	unix_ns	1784742087357347241	ns
c5-timing-event-v1	C5	native	measured	1024	107	1	579946469c834a0c9946469c831a0c37	C800	unix_ns	1784742087451010936	ns
c5-timing-event-v1	C5	native	measured	1024	107	1	579946469c834a0c9946469c831a0c37	C900	unix_ns	1784742087477907736	ns
c5-timing-event-v1	C5	native	measured	1024	108	1	159919da227142ba9919da2271e2ba2b	C010	unix_ns	1784742087392907113	ns
c5-timing-event-v1	C5	native	measured	1024	108	1	159919da227142ba9919da2271e2ba2b	C800	unix_ns	1784742087468900497	ns
c5-timing-event-v1	C5	native	measured	1024	108	1	159919da227142ba9919da2271e2ba2b	C900	unix_ns	1784742087516667858	ns
c5-timing-event-v1	C5	native	measured	1024	109	1	27e8234c53284b54a8234c53280b546e	C010	unix_ns	1784742087478301265	ns
c5-timing-event-v1	C5	native	measured	1024	109	1	27e8234c53284b54a8234c53280b546e	C800	unix_ns	1784742087553189503	ns
c5-timing-event-v1	C5	native	measured	1024	109	1	27e8234c53284b54a8234c53280b546e	C900	unix_ns	1784742087593092917	ns
c5-timing-event-v1	C5	native	measured	1024	110	1	d8c9cd121b7c44e389cd121b7c94e381	C010	unix_ns	1784742087492757724	ns
c5-timing-event-v1	C5	native	measured	1024	110	1	d8c9cd121b7c44e389cd121b7c94e381	C800	unix_ns	1784742087579908896	ns
c5-timing-event-v1	C5	native	measured	1024	110	1	d8c9cd121b7c44e389cd121b7c94e381	C900	unix_ns	1784742087630371181	ns
c5-timing-event-v1	C5	native	measured	1024	111	1	a032c13daf15495eb2c13daf15495e61	C010	unix_ns	1784742087516958676	ns
c5-timing-event-v1	C5	native	measured	1024	111	1	a032c13daf15495eb2c13daf15495e61	C800	unix_ns	1784742087582979519	ns
c5-timing-event-v1	C5	native	measured	1024	111	1	a032c13daf15495eb2c13daf15495e61	C900	unix_ns	1784742087629918696	ns
c5-timing-event-v1	C5	native	measured	1024	112	1	89a58a4ce23546eca58a4ce235c6ecfc	C010	unix_ns	1784742087593486156	ns
c5-timing-event-v1	C5	native	measured	1024	112	1	89a58a4ce23546eca58a4ce235c6ecfc	C800	unix_ns	1784742087682134571	ns
c5-timing-event-v1	C5	native	measured	1024	112	1	89a58a4ce23546eca58a4ce235c6ecfc	C900	unix_ns	1784742087696820647	ns
c5-timing-event-v1	C5	native	measured	1024	113	1	4d4396a789af42b98396a789af22b902	C010	unix_ns	1784742087630680533	ns
c5-timing-event-v1	C5	native	measured	1024	113	1	4d4396a789af42b98396a789af22b902	C800	unix_ns	1784742087774374361	ns
c5-timing-event-v1	C5	native	measured	1024	113	1	4d4396a789af42b98396a789af22b902	C900	unix_ns	1784742087835870343	ns
c5-timing-event-v1	C5	native	measured	1024	114	1	87faf5707506469dbaf5707506369dd5	C010	unix_ns	1784742087631618599	ns
c5-timing-event-v1	C5	native	measured	1024	114	1	87faf5707506469dbaf5707506369dd5	C800	unix_ns	1784742087757368267	ns
c5-timing-event-v1	C5	native	measured	1024	114	1	87faf5707506469dbaf5707506369dd5	C900	unix_ns	1784742087786086239	ns
c5-timing-event-v1	C5	native	measured	1024	115	1	7312ce9696b9472092ce9696b93720ac	C010	unix_ns	1784742087697074026	ns
c5-timing-event-v1	C5	native	measured	1024	115	1	7312ce9696b9472092ce9696b93720ac	C800	unix_ns	1784742087822801771	ns
c5-timing-event-v1	C5	native	measured	1024	115	1	7312ce9696b9472092ce9696b93720ac	C900	unix_ns	1784742087888536502	ns
c5-timing-event-v1	C5	native	measured	1024	116	1	1da618bf90af4dc9a618bf90af0dc9ff	C010	unix_ns	1784742087786472754	ns
c5-timing-event-v1	C5	native	measured	1024	116	1	1da618bf90af4dc9a618bf90af0dc9ff	C800	unix_ns	1784742087863464895	ns
c5-timing-event-v1	C5	native	measured	1024	116	1	1da618bf90af4dc9a618bf90af0dc9ff	C900	unix_ns	1784742087885480887	ns
c5-timing-event-v1	C5	native	measured	1024	117	1	6c31f671a2a94abeb1f671a2a95abe60	C010	unix_ns	1784742087836219291	ns
c5-timing-event-v1	C5	native	measured	1024	117	1	6c31f671a2a94abeb1f671a2a95abe60	C800	unix_ns	1784742087902844891	ns
c5-timing-event-v1	C5	native	measured	1024	117	1	6c31f671a2a94abeb1f671a2a95abe60	C900	unix_ns	1784742087920837591	ns
c5-timing-event-v1	C5	native	measured	1024	118	1	6d788a4b788b4115b88a4b788b011587	C010	unix_ns	1784742087885799679	ns
c5-timing-event-v1	C5	native	measured	1024	118	1	6d788a4b788b4115b88a4b788b011587	C800	unix_ns	1784742087964904367	ns
c5-timing-event-v1	C5	native	measured	1024	118	1	6d788a4b788b4115b88a4b788b011587	C900	unix_ns	1784742088027618419	ns
c5-timing-event-v1	C5	native	measured	1024	119	1	52f03925660545f3b039256605b5f3f2	C010	unix_ns	1784742087912547006	ns
c5-timing-event-v1	C5	native	measured	1024	119	1	52f03925660545f3b039256605b5f3f2	C800	unix_ns	1784742087993188141	ns
c5-timing-event-v1	C5	native	measured	1024	119	1	52f03925660545f3b039256605b5f3f2	C900	unix_ns	1784742088014832379	ns
c5-timing-event-v1	C5	native	measured	1024	120	1	b2f9d0f3ae5d4e6ab9d0f3ae5d4e6a4f	C010	unix_ns	1784742087936443113	ns
c5-timing-event-v1	C5	native	measured	1024	120	1	b2f9d0f3ae5d4e6ab9d0f3ae5d4e6a4f	C800	unix_ns	1784742087994732353	ns
c5-timing-event-v1	C5	native	measured	1024	120	1	b2f9d0f3ae5d4e6ab9d0f3ae5d4e6a4f	C900	unix_ns	1784742088049736861	ns
c5-timing-event-v1	C5	native	measured	1024	121	1	527447a6ebda4abdb447a6ebda7abdff	C010	unix_ns	1784742088015239971	ns
c5-timing-event-v1	C5	native	measured	1024	121	1	527447a6ebda4abdb447a6ebda7abdff	C800	unix_ns	1784742088102474518	ns
c5-timing-event-v1	C5	native	measured	1024	121	1	527447a6ebda4abdb447a6ebda7abdff	C900	unix_ns	1784742088140424181	ns
c5-timing-event-v1	C5	native	measured	1024	122	1	aeccb5a7730f48768cb5a7730f5876ec	C010	unix_ns	1784742088038566552	ns
c5-timing-event-v1	C5	native	measured	1024	122	1	aeccb5a7730f48768cb5a7730f5876ec	C800	unix_ns	1784742088103942092	ns
c5-timing-event-v1	C5	native	measured	1024	122	1	aeccb5a7730f48768cb5a7730f5876ec	C900	unix_ns	1784742088118349426	ns
c5-timing-event-v1	C5	native	measured	1024	123	1	29ccfbea704e4b648cfbea704ecb641a	C010	unix_ns	1784742088065306717	ns
c5-timing-event-v1	C5	native	measured	1024	123	1	29ccfbea704e4b648cfbea704ecb641a	C800	unix_ns	1784742088164414750	ns
c5-timing-event-v1	C5	native	measured	1024	123	1	29ccfbea704e4b648cfbea704ecb641a	C900	unix_ns	1784742088182850210	ns
c5-timing-event-v1	C5	native	measured	1024	124	1	ac59fa12dd2c416d99fa12dd2ce16dbc	C010	unix_ns	1784742088118685057	ns
c5-timing-event-v1	C5	native	measured	1024	124	1	ac59fa12dd2c416d99fa12dd2ce16dbc	C800	unix_ns	1784742088256106814	ns
c5-timing-event-v1	C5	native	measured	1024	124	1	ac59fa12dd2c416d99fa12dd2ce16dbc	C900	unix_ns	1784742088305579907	ns
c5-timing-event-v1	C5	native	measured	1024	125	1	942501bb9ddc4679a501bb9ddc567978	C010	unix_ns	1784742088140733483	ns
c5-timing-event-v1	C5	native	measured	1024	125	1	942501bb9ddc4679a501bb9ddc567978	C800	unix_ns	1784742088269865342	ns
c5-timing-event-v1	C5	native	measured	1024	125	1	942501bb9ddc4679a501bb9ddc567978	C900	unix_ns	1784742088321016705	ns
c5-timing-event-v1	C5	native	measured	1024	126	1	68c3e3b4894b4d9183e3b4894b0d91b6	C010	unix_ns	1784742088183179513	ns
c5-timing-event-v1	C5	native	measured	1024	126	1	68c3e3b4894b4d9183e3b4894b0d91b6	C800	unix_ns	1784742088316799982	ns
c5-timing-event-v1	C5	native	measured	1024	126	1	68c3e3b4894b4d9183e3b4894b0d91b6	C900	unix_ns	1784742088341104210	ns
c5-timing-event-v1	C5	native	measured	1024	127	1	8f4942fc9c9d45ac8942fc9c9d35ac2b	C010	unix_ns	1784742088305989732	ns
c5-timing-event-v1	C5	native	measured	1024	127	1	8f4942fc9c9d45ac8942fc9c9d35ac2b	C800	unix_ns	1784742088394381126	ns
c5-timing-event-v1	C5	native	measured	1024	127	1	8f4942fc9c9d45ac8942fc9c9d35ac2b	C900	unix_ns	1784742088427171814	ns
c5-timing-event-v1	C5	native	measured	1024	128	1	c532757ecaf04bc7b2757ecaf0dbc704	C010	unix_ns	1784742088332894974	ns
c5-timing-event-v1	C5	native	measured	1024	128	1	c532757ecaf04bc7b2757ecaf0dbc704	C800	unix_ns	1784742088391552120	ns
c5-timing-event-v1	C5	native	measured	1024	128	1	c532757ecaf04bc7b2757ecaf0dbc704	C900	unix_ns	1784742088465553889	ns
c5-timing-event-v1	C5	native	measured	1024	129	1	52a8b8686dce4002a8b8686dce80028e	C010	unix_ns	1784742088360407250	ns
c5-timing-event-v1	C5	native	measured	1024	129	1	52a8b8686dce4002a8b8686dce80028e	C800	unix_ns	1784742088434613229	ns
c5-timing-event-v1	C5	native	measured	1024	129	1	52a8b8686dce4002a8b8686dce80028e	C900	unix_ns	1784742088495207540	ns
c5-timing-event-v1	C5	native	measured	1024	130	1	985924ab8cb5458a9924ab8cb5458a52	C010	unix_ns	1784742088427588347	ns
c5-timing-event-v1	C5	native	measured	1024	130	1	985924ab8cb5458a9924ab8cb5458a52	C800	unix_ns	1784742088496803586	ns
c5-timing-event-v1	C5	native	measured	1024	130	1	985924ab8cb5458a9924ab8cb5458a52	C900	unix_ns	1784742088536277555	ns
c5-timing-event-v1	C5	native	measured	1024	131	1	76f7bc55619b4a2fb7bc55619b6a2f72	C010	unix_ns	1784742088465900850	ns
c5-timing-event-v1	C5	native	measured	1024	131	1	76f7bc55619b4a2fb7bc55619b6a2f72	C800	unix_ns	1784742088519618377	ns
c5-timing-event-v1	C5	native	measured	1024	131	1	76f7bc55619b4a2fb7bc55619b6a2f72	C900	unix_ns	1784742088547343257	ns
c5-timing-event-v1	C5	native	measured	1024	132	1	5e02a709a79b421282a709a79bc2125e	C010	unix_ns	1784742088495509899	ns
c5-timing-event-v1	C5	native	measured	1024	132	1	5e02a709a79b421282a709a79bc2125e	C800	unix_ns	1784742088638543110	ns
c5-timing-event-v1	C5	native	measured	1024	132	1	5e02a709a79b421282a709a79bc2125e	C900	unix_ns	1784742088721006110	ns
c5-timing-event-v1	C5	native	measured	1024	133	1	f3344ebd66c34d62b44ebd66c32d62b9	C010	unix_ns	1784742088536598260	ns
c5-timing-event-v1	C5	native	measured	1024	133	1	f3344ebd66c34d62b44ebd66c32d62b9	C800	unix_ns	1784742088634931958	ns
c5-timing-event-v1	C5	native	measured	1024	133	1	f3344ebd66c34d62b44ebd66c32d62b9	C900	unix_ns	1784742088682043889	ns
c5-timing-event-v1	C5	native	measured	1024	134	1	c89c032b8832436a9c032b8832636a13	C010	unix_ns	1784742088563363237	ns
c5-timing-event-v1	C5	native	measured	1024	134	1	c89c032b8832436a9c032b8832636a13	C800	unix_ns	1784742088666915030	ns
c5-timing-event-v1	C5	native	measured	1024	134	1	c89c032b8832436a9c032b8832636a13	C900	unix_ns	1784742088678829426	ns
c5-timing-event-v1	C5	native	measured	1024	135	1	c21a2b3b6a734bba9a2b3b6a733bba62	C010	unix_ns	1784742088679259001	ns
c5-timing-event-v1	C5	native	measured	1024	135	1	c21a2b3b6a734bba9a2b3b6a733bba62	C800	unix_ns	1784742088761111586	ns
c5-timing-event-v1	C5	native	measured	1024	135	1	c21a2b3b6a734bba9a2b3b6a733bba62	C900	unix_ns	1784742088848962601	ns
c5-timing-event-v1	C5	native	measured	1024	136	1	cd507f990f934356907f990f9323565c	C010	unix_ns	1784742088704825855	ns
c5-timing-event-v1	C5	native	measured	1024	136	1	cd507f990f934356907f990f9323565c	C800	unix_ns	1784742088775373758	ns
c5-timing-event-v1	C5	native	measured	1024	136	1	cd507f990f934356907f990f9323565c	C900	unix_ns	1784742088808116114	ns
c5-timing-event-v1	C5	native	measured	1024	137	1	c968ead59db84f49a8ead59db8df4952	C010	unix_ns	1784742088731367818	ns
c5-timing-event-v1	C5	native	measured	1024	137	1	c968ead59db84f49a8ead59db8df4952	C800	unix_ns	1784742088797409378	ns
c5-timing-event-v1	C5	native	measured	1024	137	1	c968ead59db84f49a8ead59db8df4952	C900	unix_ns	1784742088856103471	ns
c5-timing-event-v1	C5	native	measured	1024	138	1	d16265a3483841c1a265a34838b1c1a8	C010	unix_ns	1784742088808590329	ns
c5-timing-event-v1	C5	native	measured	1024	138	1	d16265a3483841c1a265a34838b1c1a8	C800	unix_ns	1784742088858834717	ns
c5-timing-event-v1	C5	native	measured	1024	138	1	d16265a3483841c1a265a34838b1c1a8	C900	unix_ns	1784742088915318460	ns
c5-timing-event-v1	C5	native	measured	1024	139	1	cb3a58aac2f541f8ba58aac2f501f82b	C010	unix_ns	1784742088849320850	ns
c5-timing-event-v1	C5	native	measured	1024	139	1	cb3a58aac2f541f8ba58aac2f501f82b	C800	unix_ns	1784742088905780915	ns
c5-timing-event-v1	C5	native	measured	1024	139	1	cb3a58aac2f541f8ba58aac2f501f82b	C900	unix_ns	1784742088961144880	ns
c5-timing-event-v1	C5	native	measured	1024	140	1	8a48c4f6e049450088c4f6e049450066	C010	unix_ns	1784742088880107088	ns
c5-timing-event-v1	C5	native	measured	1024	140	1	8a48c4f6e049450088c4f6e049450066	C800	unix_ns	1784742088970712111	ns
c5-timing-event-v1	C5	native	measured	1024	140	1	8a48c4f6e049450088c4f6e049450066	C900	unix_ns	1784742089010004714	ns
c5-timing-event-v1	C5	native	measured	1024	141	1	b25b2ab55be542a49b2ab55be572a41a	C010	unix_ns	1784742088915610031	ns
c5-timing-event-v1	C5	native	measured	1024	141	1	b25b2ab55be542a49b2ab55be572a41a	C800	unix_ns	1784742089011826859	ns
c5-timing-event-v1	C5	native	measured	1024	141	1	b25b2ab55be542a49b2ab55be572a41a	C900	unix_ns	1784742089068868077	ns
c5-timing-event-v1	C5	native	measured	1024	142	1	746fa76793074644afa767930766442d	C010	unix_ns	1784742088961465859	ns
c5-timing-event-v1	C5	native	measured	1024	142	1	746fa76793074644afa767930766442d	C800	unix_ns	1784742089034836458	ns
c5-timing-event-v1	C5	native	measured	1024	142	1	746fa76793074644afa767930766442d	C900	unix_ns	1784742089058081568	ns
c5-timing-event-v1	C5	native	measured	1024	143	1	50f0d03590df4978b0d03590dfd97830	C010	unix_ns	1784742089010379726	ns
c5-timing-event-v1	C5	native	measured	1024	143	1	50f0d03590df4978b0d03590dfd97830	C800	unix_ns	1784742089081842069	ns
c5-timing-event-v1	C5	native	measured	1024	143	1	50f0d03590df4978b0d03590dfd97830	C900	unix_ns	1784742089098137779	ns
c5-timing-event-v1	C5	native	measured	1024	144	1	e27f836b8d254af8bf836b8d255af8da	C010	unix_ns	1784742089058410397	ns
c5-timing-event-v1	C5	native	measured	1024	144	1	e27f836b8d254af8bf836b8d255af8da	C800	unix_ns	1784742089145218388	ns
c5-timing-event-v1	C5	native	measured	1024	144	1	e27f836b8d254af8bf836b8d255af8da	C900	unix_ns	1784742089189172577	ns
c5-timing-event-v1	C5	native	measured	1024	145	1	402b8fad2dd94932ab8fad2dd9d93255	C010	unix_ns	1784742089088247317	ns
c5-timing-event-v1	C5	native	measured	1024	145	1	402b8fad2dd94932ab8fad2dd9d93255	C800	unix_ns	1784742089163265646	ns
c5-timing-event-v1	C5	native	measured	1024	145	1	402b8fad2dd94932ab8fad2dd9d93255	C900	unix_ns	1784742089205494425	ns
c5-timing-event-v1	C5	native	measured	1024	146	1	832ef0657b6d43edaef0657b6de3edd4	C010	unix_ns	1784742089114401605	ns
c5-timing-event-v1	C5	native	measured	1024	146	1	832ef0657b6d43edaef0657b6de3edd4	C800	unix_ns	1784742089183262302	ns
c5-timing-event-v1	C5	native	measured	1024	146	1	832ef0657b6d43edaef0657b6de3edd4	C900	unix_ns	1784742089209018114	ns
c5-timing-event-v1	C5	native	measured	1024	147	1	37f4d84e70224138b4d84e70227138c6	C010	unix_ns	1784742089189580277	ns
c5-timing-event-v1	C5	native	measured	1024	147	1	37f4d84e70224138b4d84e70227138c6	C800	unix_ns	1784742089294293058	ns
c5-timing-event-v1	C5	native	measured	1024	147	1	37f4d84e70224138b4d84e70227138c6	C900	unix_ns	1784742089340828506	ns
c5-timing-event-v1	C5	native	measured	1024	148	1	817db01659cf4ad0bdb01659cfdad0d7	C010	unix_ns	1784742089216078914	ns
c5-timing-event-v1	C5	native	measured	1024	148	1	817db01659cf4ad0bdb01659cfdad0d7	C800	unix_ns	1784742089313751548	ns
c5-timing-event-v1	C5	native	measured	1024	148	1	817db01659cf4ad0bdb01659cfdad0d7	C900	unix_ns	1784742089327522159	ns
c5-timing-event-v1	C5	native	measured	1024	149	1	a5e1d20f55994c72a1d20f55999c72ce	C010	unix_ns	1784742089217074637	ns
c5-timing-event-v1	C5	native	measured	1024	149	1	a5e1d20f55994c72a1d20f55999c72ce	C800	unix_ns	1784742089268385617	ns
c5-timing-event-v1	C5	native	measured	1024	149	1	a5e1d20f55994c72a1d20f55999c72ce	C900	unix_ns	1784742089284275522	ns
c5-timing-event-v1	C5	native	measured	1024	150	1	28d69d8374fd4d72969d8374fd6d7247	C010	unix_ns	1784742089284773154	ns
c5-timing-event-v1	C5	native	measured	1024	150	1	28d69d8374fd4d72969d8374fd6d7247	C800	unix_ns	1784742089399420140	ns
c5-timing-event-v1	C5	native	measured	1024	150	1	28d69d8374fd4d72969d8374fd6d7247	C900	unix_ns	1784742089454311946	ns
c5-timing-event-v1	C5	native	measured	1024	151	1	07462867b6234e2b862867b6236e2bc2	C010	unix_ns	1784742089327889893	ns
c5-timing-event-v1	C5	native	measured	1024	151	1	07462867b6234e2b862867b6236e2bc2	C800	unix_ns	1784742089404040055	ns
c5-timing-event-v1	C5	native	measured	1024	151	1	07462867b6234e2b862867b6236e2bc2	C900	unix_ns	1784742089424835353	ns
c5-timing-event-v1	C5	native	measured	1024	152	1	254b03a754384c888b03a75438ac8810	C010	unix_ns	1784742089357181348	ns
c5-timing-event-v1	C5	native	measured	1024	152	1	254b03a754384c888b03a75438ac8810	C800	unix_ns	1784742089419072801	ns
c5-timing-event-v1	C5	native	measured	1024	152	1	254b03a754384c888b03a75438ac8810	C900	unix_ns	1784742089476320613	ns
c5-timing-event-v1	C5	native	measured	1024	153	1	a90187bc91b8410a8187bc91b8610ac2	C010	unix_ns	1784742089425234987	ns
c5-timing-event-v1	C5	native	measured	1024	153	1	a90187bc91b8410a8187bc91b8610ac2	C800	unix_ns	1784742089517310981	ns
c5-timing-event-v1	C5	native	measured	1024	153	1	a90187bc91b8410a8187bc91b8610ac2	C900	unix_ns	1784742089588039146	ns
c5-timing-event-v1	C5	native	measured	1024	154	1	d49f84f793c146b59f84f793c156b566	C010	unix_ns	1784742089455256160	ns
c5-timing-event-v1	C5	native	measured	1024	154	1	d49f84f793c146b59f84f793c156b566	C800	unix_ns	1784742089544899191	ns
c5-timing-event-v1	C5	native	measured	1024	154	1	d49f84f793c146b59f84f793c156b566	C900	unix_ns	1784742089573033529	ns
c5-timing-event-v1	C5	native	measured	1024	155	1	f9d2d06e0423423d92d06e0423223d30	C010	unix_ns	1784742089485669692	ns
c5-timing-event-v1	C5	native	measured	1024	155	1	f9d2d06e0423423d92d06e0423223d30	C800	unix_ns	1784742089564018004	ns
c5-timing-event-v1	C5	native	measured	1024	155	1	f9d2d06e0423423d92d06e0423223d30	C900	unix_ns	1784742089591982418	ns
c5-timing-event-v1	C5	native	measured	1024	156	1	d9516fd107524c0b916fd107523c0b32	C010	unix_ns	1784742089573473051	ns
c5-timing-event-v1	C5	native	measured	1024	156	1	d9516fd107524c0b916fd107523c0b32	C800	unix_ns	1784742089648879244	ns
c5-timing-event-v1	C5	native	measured	1024	156	1	d9516fd107524c0b916fd107523c0b32	C900	unix_ns	1784742089713469236	ns
c5-timing-event-v1	C5	native	measured	1024	157	1	28c00e16e1f64858800e16e1f6485879	C010	unix_ns	1784742089606143389	ns
c5-timing-event-v1	C5	native	measured	1024	157	1	28c00e16e1f64858800e16e1f6485879	C800	unix_ns	1784742089716762188	ns
c5-timing-event-v1	C5	native	measured	1024	157	1	28c00e16e1f64858800e16e1f6485879	C900	unix_ns	1784742089732085596	ns
c5-timing-event-v1	C5	native	measured	1024	158	1	bccb9c29934b48678b9c29934bc86785	C010	unix_ns	1784742089607857921	ns
c5-timing-event-v1	C5	native	measured	1024	158	1	bccb9c29934b48678b9c29934bc86785	C800	unix_ns	1784742089671794622	ns
c5-timing-event-v1	C5	native	measured	1024	158	1	bccb9c29934b48678b9c29934bc86785	C900	unix_ns	1784742089720464202	ns
c5-timing-event-v1	C5	native	measured	1024	159	1	075001af437749fe9001af4377b9fe21	C010	unix_ns	1784742089713932993	ns
c5-timing-event-v1	C5	native	measured	1024	159	1	075001af437749fe9001af4377b9fe21	C800	unix_ns	1784742089844808507	ns
c5-timing-event-v1	C5	native	measured	1024	159	1	075001af437749fe9001af4377b9fe21	C900	unix_ns	1784742089878938504	ns
c5-timing-event-v1	C5	native	measured	1024	160	1	46083ef0f93e4982883ef0f93ed98284	C010	unix_ns	1784742089749691176	ns
c5-timing-event-v1	C5	native	measured	1024	160	1	46083ef0f93e4982883ef0f93ed98284	C800	unix_ns	1784742089832894468	ns
c5-timing-event-v1	C5	native	measured	1024	160	1	46083ef0f93e4982883ef0f93ed98284	C900	unix_ns	1784742090101420780	ns
c5-timing-event-v1	C5	native	measured	1024	161	1	dea555e8e6464efba555e8e646fefbbf	C010	unix_ns	1784742089750419591	ns
c5-timing-event-v1	C5	native	measured	1024	161	1	dea555e8e6464efba555e8e646fefbbf	C800	unix_ns	1784742089822573803	ns
c5-timing-event-v1	C5	native	measured	1024	161	1	dea555e8e6464efba555e8e646fefbbf	C900	unix_ns	1784742089864850500	ns
c5-timing-event-v1	C5	native	measured	1024	162	1	c154ca0360364b8794ca0360364b8760	C010	unix_ns	1784742089865296891	ns
c5-timing-event-v1	C5	native	measured	1024	162	1	c154ca0360364b8794ca0360364b8760	C800	unix_ns	1784742089937130199	ns
c5-timing-event-v1	C5	native	measured	1024	162	1	c154ca0360364b8794ca0360364b8760	C900	unix_ns	1784742089992712826	ns
c5-timing-event-v1	C5	native	measured	1024	163	1	97d5ac4bc8b5485a95ac4bc8b5e85a82	C010	unix_ns	1784742089898057836	ns
c5-timing-event-v1	C5	native	measured	1024	163	1	97d5ac4bc8b5485a95ac4bc8b5e85a82	C800	unix_ns	1784742089978517873	ns
c5-timing-event-v1	C5	native	measured	1024	163	1	97d5ac4bc8b5485a95ac4bc8b5e85a82	C900	unix_ns	1784742090018971529	ns
c5-timing-event-v1	C5	native	measured	1024	164	1	4af08f62e27040b5b08f62e270d0b55a	C010	unix_ns	1784742089993123436	ns
c5-timing-event-v1	C5	native	measured	1024	164	1	4af08f62e27040b5b08f62e270d0b55a	C800	unix_ns	1784742090061425678	ns
c5-timing-event-v1	C5	native	measured	1024	164	1	4af08f62e27040b5b08f62e270d0b55a	C900	unix_ns	1784742090089127621	ns
c5-timing-event-v1	C5	native	measured	1024	165	1	ebc8ded8ef1e4f1588ded8ef1e3f158b	C010	unix_ns	1784742090025741593	ns
c5-timing-event-v1	C5	native	measured	1024	165	1	ebc8ded8ef1e4f1588ded8ef1e3f158b	C800	unix_ns	1784742090101959531	ns
c5-timing-event-v1	C5	native	measured	1024	165	1	ebc8ded8ef1e4f1588ded8ef1e3f158b	C900	unix_ns	1784742090137372707	ns
c5-timing-event-v1	C5	native	measured	1024	166	1	0885d744af8d494b85d744af8d394b8a	C010	unix_ns	1784742090089585552	ns
c5-timing-event-v1	C5	native	measured	1024	166	1	0885d744af8d494b85d744af8d394b8a	C800	unix_ns	1784742090193863893	ns
c5-timing-event-v1	C5	native	measured	1024	166	1	0885d744af8d494b85d744af8d394b8a	C900	unix_ns	1784742090218401143	ns
c5-timing-event-v1	C5	native	measured	1024	167	1	c61b054d4951492a9b054d4951992a1a	C010	unix_ns	1784742090126021839	ns
c5-timing-event-v1	C5	native	measured	1024	167	1	c61b054d4951492a9b054d4951992a1a	C800	unix_ns	1784742090184718138	ns
c5-timing-event-v1	C5	native	measured	1024	167	1	c61b054d4951492a9b054d4951992a1a	C900	unix_ns	1784742090228046241	ns
c5-timing-event-v1	C5	native	measured	1024	168	1	f67ceaff29ba4387bceaff29ba5387ee	C010	unix_ns	1784742090158331386	ns
c5-timing-event-v1	C5	native	measured	1024	168	1	f67ceaff29ba4387bceaff29ba5387ee	C800	unix_ns	1784742090248300515	ns
c5-timing-event-v1	C5	native	measured	1024	168	1	f67ceaff29ba4387bceaff29ba5387ee	C900	unix_ns	1784742090283718368	ns
c5-timing-event-v1	C5	native	measured	1024	169	1	38c35312e15b40b9835312e15bf0b909	C010	unix_ns	1784742090218796549	ns
c5-timing-event-v1	C5	native	measured	1024	169	1	38c35312e15b40b9835312e15bf0b909	C800	unix_ns	1784742090320015249	ns
c5-timing-event-v1	C5	native	measured	1024	169	1	38c35312e15b40b9835312e15bf0b909	C900	unix_ns	1784742090384575566	ns
c5-timing-event-v1	C5	native	measured	1024	170	1	705d9014150348119d90141503a811d8	C010	unix_ns	1784742090253678937	ns
c5-timing-event-v1	C5	native	measured	1024	170	1	705d9014150348119d90141503a811d8	C800	unix_ns	1784742090337063094	ns
c5-timing-event-v1	C5	native	measured	1024	170	1	705d9014150348119d90141503a811d8	C900	unix_ns	1784742090347080520	ns
c5-timing-event-v1	C5	native	measured	1024	171	1	60f78029491e4050b78029491eb05027	C010	unix_ns	1784742090288584530	ns
c5-timing-event-v1	C5	native	measured	1024	171	1	60f78029491e4050b78029491eb05027	C800	unix_ns	1784742090378607967	ns
c5-timing-event-v1	C5	native	measured	1024	171	1	60f78029491e4050b78029491eb05027	C900	unix_ns	1784742090412612273	ns
c5-timing-event-v1	C5	native	measured	1024	172	1	adcd3ea6d49741638d3ea6d49721635b	C010	unix_ns	1784742090347526168	ns
c5-timing-event-v1	C5	native	measured	1024	172	1	adcd3ea6d49741638d3ea6d49721635b	C800	unix_ns	1784742090413173860	ns
c5-timing-event-v1	C5	native	measured	1024	172	1	adcd3ea6d49741638d3ea6d49721635b	C900	unix_ns	1784742090448192535	ns
c5-timing-event-v1	C5	native	measured	1024	173	1	afc43203f9984fcf843203f9988fcf57	C010	unix_ns	1784742090384976996	ns
c5-timing-event-v1	C5	native	measured	1024	173	1	afc43203f9984fcf843203f9988fcf57	C800	unix_ns	1784742090442950279	ns
c5-timing-event-v1	C5	native	measured	1024	173	1	afc43203f9984fcf843203f9988fcf57	C900	unix_ns	1784742090460993405	ns
c5-timing-event-v1	C5	native	measured	1024	174	1	c178fc706986455db8fc706986955db4	C010	unix_ns	1784742090418265375	ns
c5-timing-event-v1	C5	native	measured	1024	174	1	c178fc706986455db8fc706986955db4	C800	unix_ns	1784742090525292501	ns
c5-timing-event-v1	C5	native	measured	1024	174	1	c178fc706986455db8fc706986955db4	C900	unix_ns	1784742090583432050	ns
c5-timing-event-v1	C5	native	measured	1024	175	1	572321a71364425ba321a71364a25b3c	C010	unix_ns	1784742090450986540	ns
c5-timing-event-v1	C5	native	measured	1024	175	1	572321a71364425ba321a71364a25b3c	C800	unix_ns	1784742090507947479	ns
c5-timing-event-v1	C5	native	measured	1024	175	1	572321a71364425ba321a71364a25b3c	C900	unix_ns	1784742090537795752	ns
c5-timing-event-v1	C5	native	measured	1024	176	1	2f698f3da0ca4343a98f3da0cad343a5	C010	unix_ns	1784742090478608874	ns
c5-timing-event-v1	C5	native	measured	1024	176	1	2f698f3da0ca4343a98f3da0cad343a5	C800	unix_ns	1784742090567489788	ns
c5-timing-event-v1	C5	native	measured	1024	176	1	2f698f3da0ca4343a98f3da0cad343a5	C900	unix_ns	1784742090627154978	ns
c5-timing-event-v1	C5	native	measured	1024	177	1	a183b6b6132a457683b6b6132aa576e6	C010	unix_ns	1784742090538237745	ns
c5-timing-event-v1	C5	native	measured	1024	177	1	a183b6b6132a457683b6b6132aa576e6	C800	unix_ns	1784742090620301363	ns
c5-timing-event-v1	C5	native	measured	1024	177	1	a183b6b6132a457683b6b6132aa576e6	C900	unix_ns	1784742090666233710	ns
c5-timing-event-v1	C5	native	measured	1024	178	1	99bd049b293b4d67bd049b293b4d67fe	C010	unix_ns	1784742090583806479	ns
c5-timing-event-v1	C5	native	measured	1024	178	1	99bd049b293b4d67bd049b293b4d67fe	C800	unix_ns	1784742090695919665	ns
c5-timing-event-v1	C5	native	measured	1024	178	1	99bd049b293b4d67bd049b293b4d67fe	C900	unix_ns	1784742090796919479	ns
c5-timing-event-v1	C5	native	measured	1024	179	1	0b601797f7e64d77a01797f7e6dd77f6	C010	unix_ns	1784742090627511079	ns
c5-timing-event-v1	C5	native	measured	1024	179	1	0b601797f7e64d77a01797f7e6dd77f6	C800	unix_ns	1784742090723045236	ns
c5-timing-event-v1	C5	native	measured	1024	179	1	0b601797f7e64d77a01797f7e6dd77f6	C900	unix_ns	1784742090765116975	ns
c5-timing-event-v1	C5	native	measured	1024	180	1	a4f87539557244d9b875395572b4d943	C010	unix_ns	1784742090666568785	ns
c5-timing-event-v1	C5	native	measured	1024	180	1	a4f87539557244d9b875395572b4d943	C800	unix_ns	1784742090753570031	ns
c5-timing-event-v1	C5	native	measured	1024	180	1	a4f87539557244d9b875395572b4d943	C900	unix_ns	1784742090799370741	ns
c5-timing-event-v1	C5	native	measured	1024	181	1	6b2589605177404ca589605177204c60	C010	unix_ns	1784742090765608091	ns
c5-timing-event-v1	C5	native	measured	1024	181	1	6b2589605177404ca589605177204c60	C800	unix_ns	1784742090832161385	ns
c5-timing-event-v1	C5	native	measured	1024	181	1	6b2589605177404ca589605177204c60	C900	unix_ns	1784742090872213492	ns
c5-timing-event-v1	C5	native	measured	1024	182	1	1b2a0653eb79479aaa0653eb79e79ad1	C010	unix_ns	1784742090800265728	ns
c5-timing-event-v1	C5	native	measured	1024	182	1	1b2a0653eb79479aaa0653eb79e79ad1	C800	unix_ns	1784742090895585330	ns
c5-timing-event-v1	C5	native	measured	1024	182	1	1b2a0653eb79479aaa0653eb79e79ad1	C900	unix_ns	1784742090947541675	ns
c5-timing-event-v1	C5	native	measured	1024	183	1	6a2619bd47b54ad3a619bd47b58ad3fa	C010	unix_ns	1784742090802467539	ns
c5-timing-event-v1	C5	native	measured	1024	183	1	6a2619bd47b54ad3a619bd47b58ad3fa	C800	unix_ns	1784742090931945059	ns
c5-timing-event-v1	C5	native	measured	1024	183	1	6a2619bd47b54ad3a619bd47b58ad3fa	C900	unix_ns	1784742090981438186	ns
c5-timing-event-v1	C5	native	measured	1024	184	1	a3e8eb52b7454f6ca8eb52b7456f6c60	C010	unix_ns	1784742090872666198	ns
c5-timing-event-v1	C5	native	measured	1024	184	1	a3e8eb52b7454f6ca8eb52b7456f6c60	C800	unix_ns	1784742091007118877	ns
c5-timing-event-v1	C5	native	measured	1024	184	1	a3e8eb52b7454f6ca8eb52b7456f6c60	C900	unix_ns	1784742091025606550	ns
c5-timing-event-v1	C5	native	measured	1024	185	1	84f90bdee2b5474bb90bdee2b5b74b33	C010	unix_ns	1784742090947984793	ns
c5-timing-event-v1	C5	native	measured	1024	185	1	84f90bdee2b5474bb90bdee2b5b74b33	C800	unix_ns	1784742091068807394	ns
c5-timing-event-v1	C5	native	measured	1024	185	1	84f90bdee2b5474bb90bdee2b5b74b33	C900	unix_ns	1784742091112395155	ns
c5-timing-event-v1	C5	native	measured	1024	186	1	5d408c48c63d4d2f808c48c63d6d2f31	C010	unix_ns	1784742090988357378	ns
c5-timing-event-v1	C5	native	measured	1024	186	1	5d408c48c63d4d2f808c48c63d6d2f31	C800	unix_ns	1784742091087200369	ns
c5-timing-event-v1	C5	native	measured	1024	186	1	5d408c48c63d4d2f808c48c63d6d2f31	C900	unix_ns	1784742091104830404	ns
c5-timing-event-v1	C5	native	measured	1024	187	1	4556d0668d4d4a8996d0668d4d0a899f	C010	unix_ns	1784742091025897784	ns
c5-timing-event-v1	C5	native	measured	1024	187	1	4556d0668d4d4a8996d0668d4d0a899f	C800	unix_ns	1784742091109302217	ns
c5-timing-event-v1	C5	native	measured	1024	187	1	4556d0668d4d4a8996d0668d4d0a899f	C900	unix_ns	1784742091154592752	ns
c5-timing-event-v1	C5	native	measured	1024	188	1	a96abeaf441b4864aabeaf441b08649a	C010	unix_ns	1784742091105331168	ns
c5-timing-event-v1	C5	native	measured	1024	188	1	a96abeaf441b4864aabeaf441b08649a	C800	unix_ns	1784742091160983164	ns
c5-timing-event-v1	C5	native	measured	1024	188	1	a96abeaf441b4864aabeaf441b08649a	C900	unix_ns	1784742091179373372	ns
c5-timing-event-v1	C5	native	measured	1024	189	1	92ab244ac9f4473bab244ac9f4573bea	C010	unix_ns	1784742091145164036	ns
c5-timing-event-v1	C5	native	measured	1024	189	1	92ab244ac9f4473bab244ac9f4573bea	C800	unix_ns	1784742091225245917	ns
c5-timing-event-v1	C5	native	measured	1024	189	1	92ab244ac9f4473bab244ac9f4573bea	C900	unix_ns	1784742091240076906	ns
c5-timing-event-v1	C5	native	measured	1024	190	1	f0593f65055147a1993f65055117a1e3	C010	unix_ns	1784742091186556923	ns
c5-timing-event-v1	C5	native	measured	1024	190	1	f0593f65055147a1993f65055117a1e3	C800	unix_ns	1784742091280113905	ns
c5-timing-event-v1	C5	native	measured	1024	190	1	f0593f65055147a1993f65055117a1e3	C900	unix_ns	1784742091311566180	ns
c5-timing-event-v1	C5	native	measured	1024	191	1	0a49f4ec93f64f2e89f4ec93f66f2e97	C010	unix_ns	1784742091188329011	ns
c5-timing-event-v1	C5	native	measured	1024	191	1	0a49f4ec93f64f2e89f4ec93f66f2e97	C800	unix_ns	1784742091288257888	ns
c5-timing-event-v1	C5	native	measured	1024	191	1	0a49f4ec93f64f2e89f4ec93f66f2e97	C900	unix_ns	1784742091315178754	ns
c5-timing-event-v1	C5	native	measured	1024	192	1	064ace07f6e24afb8ace07f6e29afb4c	C010	unix_ns	1784742091240431134	ns
c5-timing-event-v1	C5	native	measured	1024	192	1	064ace07f6e24afb8ace07f6e29afb4c	C800	unix_ns	1784742091339932106	ns
c5-timing-event-v1	C5	native	measured	1024	192	1	064ace07f6e24afb8ace07f6e29afb4c	C900	unix_ns	1784742091369589058	ns
c5-timing-event-v1	C5	native	measured	1024	193	1	55cfc0a36a7649fc8fc0a36a76f9fc75	C010	unix_ns	1784742091312012128	ns
c5-timing-event-v1	C5	native	measured	1024	193	1	55cfc0a36a7649fc8fc0a36a76f9fc75	C800	unix_ns	1784742091380045425	ns
c5-timing-event-v1	C5	native	measured	1024	193	1	55cfc0a36a7649fc8fc0a36a76f9fc75	C900	unix_ns	1784742091638643486	ns
c5-timing-event-v1	C5	native	measured	1024	194	1	abbcc0b8ec724ca4bcc0b8ec725ca445	C010	unix_ns	1784742091358187841	ns
c5-timing-event-v1	C5	native	measured	1024	194	1	abbcc0b8ec724ca4bcc0b8ec725ca445	C800	unix_ns	1784742091427351670	ns
c5-timing-event-v1	C5	native	measured	1024	194	1	abbcc0b8ec724ca4bcc0b8ec725ca445	C900	unix_ns	1784742091447498147	ns
c5-timing-event-v1	C5	native	measured	1024	195	1	fefa94b55ea6414fba94b55ea6c14f5e	C010	unix_ns	1784742091399822075	ns
c5-timing-event-v1	C5	native	measured	1024	195	1	fefa94b55ea6414fba94b55ea6c14f5e	C800	unix_ns	1784742091471936617	ns
c5-timing-event-v1	C5	native	measured	1024	195	1	fefa94b55ea6414fba94b55ea6c14f5e	C900	unix_ns	1784742091734438445	ns
c5-timing-event-v1	C5	native	measured	1024	196	1	f5c29d8261bb45dd829d8261bb55dd27	C010	unix_ns	1784742091447896742	ns
c5-timing-event-v1	C5	native	measured	1024	196	1	f5c29d8261bb45dd829d8261bb55dd27	C800	unix_ns	1784742091504934085	ns
c5-timing-event-v1	C5	native	measured	1024	196	1	f5c29d8261bb45dd829d8261bb55dd27	C900	unix_ns	1784742091515168752	ns
c5-timing-event-v1	C5	native	measured	1024	197	1	ca4027203af448618027203af4886165	C010	unix_ns	1784742091515570533	ns
c5-timing-event-v1	C5	native	measured	1024	197	1	ca4027203af448618027203af4886165	C800	unix_ns	1784742091555448081	ns
c5-timing-event-v1	C5	native	measured	1024	197	1	ca4027203af448618027203af4886165	C900	unix_ns	1784742091569268529	ns
c5-timing-event-v1	C5	native	measured	1024	198	1	47fe8bbbb7c748f2be8bbbb7c768f201	C010	unix_ns	1784742091569660957	ns
c5-timing-event-v1	C5	native	measured	1024	198	1	47fe8bbbb7c748f2be8bbbb7c768f201	C800	unix_ns	1784742091602759368	ns
c5-timing-event-v1	C5	native	measured	1024	198	1	47fe8bbbb7c748f2be8bbbb7c768f201	C900	unix_ns	1784742091614175497	ns
c5-timing-event-v1	C5	native	measured	1024	199	1	e256ed427541487b96ed427541e87b77	C010	unix_ns	1784742091614509103	ns
c5-timing-event-v1	C5	native	measured	1024	199	1	e256ed427541487b96ed427541e87b77	C800	unix_ns	1784742091662056754	ns
c5-timing-event-v1	C5	native	measured	1024	199	1	e256ed427541487b96ed427541e87b77	C900	unix_ns	1784742091691184183	ns
c5-timing-event-v1	C5	native	measured	1024	200	1	e87224cf32334c49b224cf3233ac49b5	C010	unix_ns	1784742091646235140	ns
c5-timing-event-v1	C5	native	measured	1024	200	1	e87224cf32334c49b224cf3233ac49b5	C800	unix_ns	1784742091726329040	ns
c5-timing-event-v1	C5	native	measured	1024	200	1	e87224cf32334c49b224cf3233ac49b5	C900	unix_ns	1784742091773250018	ns
c5-timing-event-v1	C5	native	measured	1024	201	1	2db464b1715e47acb464b1715e07ac02	C010	unix_ns	1784742091691486922	ns
c5-timing-event-v1	C5	native	measured	1024	201	1	2db464b1715e47acb464b1715e07ac02	C800	unix_ns	1784742091828841279	ns
c5-timing-event-v1	C5	native	measured	1024	201	1	2db464b1715e47acb464b1715e07ac02	C900	unix_ns	1784742091850267470	ns
c5-timing-event-v1	C5	native	measured	1024	202	1	d404108cc49f43a984108cc49fb3a90e	C010	unix_ns	1784742091734806367	ns
c5-timing-event-v1	C5	native	measured	1024	202	1	d404108cc49f43a984108cc49fb3a90e	C800	unix_ns	1784742091806068482	ns
c5-timing-event-v1	C5	native	measured	1024	202	1	d404108cc49f43a984108cc49fb3a90e	C900	unix_ns	1784742091821701184	ns
c5-timing-event-v1	C5	native	measured	1024	203	1	67bb033e567a4a4cbb033e567a5a4c3e	C010	unix_ns	1784742091778648059	ns
c5-timing-event-v1	C5	native	measured	1024	203	1	67bb033e567a4a4cbb033e567a5a4c3e	C800	unix_ns	1784742091877183763	ns
c5-timing-event-v1	C5	native	measured	1024	203	1	67bb033e567a4a4cbb033e567a5a4c3e	C900	unix_ns	1784742091962231852	ns
c5-timing-event-v1	C5	native	measured	1024	204	1	47bcd37f5abe4b30bcd37f5abe1b30f8	C010	unix_ns	1784742091822068513	ns
c5-timing-event-v1	C5	native	measured	1024	204	1	47bcd37f5abe4b30bcd37f5abe1b30f8	C800	unix_ns	1784742091902466250	ns
c5-timing-event-v1	C5	native	measured	1024	204	1	47bcd37f5abe4b30bcd37f5abe1b30f8	C900	unix_ns	1784742091963410276	ns
c5-timing-event-v1	C5	native	measured	1024	205	1	73dc9dc956f449dc9c9dc956f4d9dc31	C010	unix_ns	1784742091862108463	ns
c5-timing-event-v1	C5	native	measured	1024	205	1	73dc9dc956f449dc9c9dc956f4d9dc31	C800	unix_ns	1784742091920737711	ns
c5-timing-event-v1	C5	native	measured	1024	205	1	73dc9dc956f449dc9c9dc956f4d9dc31	C900	unix_ns	1784742091941475329	ns
c5-timing-event-v1	C5	native	measured	1024	206	1	82599aefa9164f8a999aefa9165f8afa	C010	unix_ns	1784742091941958488	ns
c5-timing-event-v1	C5	native	measured	1024	206	1	82599aefa9164f8a999aefa9165f8afa	C800	unix_ns	1784742092003429655	ns
c5-timing-event-v1	C5	native	measured	1024	206	1	82599aefa9164f8a999aefa9165f8afa	C900	unix_ns	1784742092034855028	ns
c5-timing-event-v1	C5	native	measured	1024	207	1	c6c20b7686064c08820b768606ec08e1	C010	unix_ns	1784742091979735774	ns
c5-timing-event-v1	C5	native	measured	1024	207	1	c6c20b7686064c08820b768606ec08e1	C800	unix_ns	1784742092103766418	ns
c5-timing-event-v1	C5	native	measured	1024	207	1	c6c20b7686064c08820b768606ec08e1	C900	unix_ns	1784742092132390229	ns
c5-timing-event-v1	C5	native	measured	1024	208	1	44db77c788ce4d329b77c788cecd3238	C010	unix_ns	1784742091980708192	ns
c5-timing-event-v1	C5	native	measured	1024	208	1	44db77c788ce4d329b77c788cecd3238	C800	unix_ns	1784742092056395543	ns
c5-timing-event-v1	C5	native	measured	1024	208	1	44db77c788ce4d329b77c788cecd3238	C900	unix_ns	1784742092319842687	ns
c5-timing-event-v1	C5	native	measured	1024	209	1	08d32140de5445c5932140de54f5c54b	C010	unix_ns	1784742092035245092	ns
c5-timing-event-v1	C5	native	measured	1024	209	1	08d32140de5445c5932140de54f5c54b	C800	unix_ns	1784742092086409013	ns
c5-timing-event-v1	C5	native	measured	1024	209	1	08d32140de5445c5932140de54f5c54b	C900	unix_ns	1784742092115605427	ns
c5-timing-event-v1	C5	native	measured	1024	210	1	dcfe7afbe09c477dbe7afbe09c577d5d	C010	unix_ns	1784742092116096118	ns
c5-timing-event-v1	C5	native	measured	1024	210	1	dcfe7afbe09c477dbe7afbe09c577d5d	C800	unix_ns	1784742092181642528	ns
c5-timing-event-v1	C5	native	measured	1024	210	1	dcfe7afbe09c477dbe7afbe09c577d5d	C900	unix_ns	1784742092202617187	ns
c5-timing-event-v1	C5	native	measured	1024	211	1	05d3157ac08740d293157ac08770d291	C010	unix_ns	1784742092157332063	ns
c5-timing-event-v1	C5	native	measured	1024	211	1	05d3157ac08740d293157ac08770d291	C800	unix_ns	1784742092214292628	ns
c5-timing-event-v1	C5	native	measured	1024	211	1	05d3157ac08740d293157ac08770d291	C900	unix_ns	1784742092240743151	ns
c5-timing-event-v1	C5	native	measured	1024	212	1	1ee68209003b46d0a68209003b86d0da	C010	unix_ns	1784742092203843888	ns
c5-timing-event-v1	C5	native	measured	1024	212	1	1ee68209003b46d0a68209003b86d0da	C800	unix_ns	1784742092271637884	ns
c5-timing-event-v1	C5	native	measured	1024	212	1	1ee68209003b46d0a68209003b86d0da	C900	unix_ns	1784742092296820733	ns
c5-timing-event-v1	C5	native	measured	1024	213	1	495f8e4eb9944ac09f8e4eb9948ac0ca	C010	unix_ns	1784742092243378083	ns
c5-timing-event-v1	C5	native	measured	1024	213	1	495f8e4eb9944ac09f8e4eb9948ac0ca	C800	unix_ns	1784742092299838491	ns
c5-timing-event-v1	C5	native	measured	1024	213	1	495f8e4eb9944ac09f8e4eb9948ac0ca	C900	unix_ns	1784742092390138193	ns
c5-timing-event-v1	C5	native	measured	1024	214	1	d9596a96ed8f4b3b996a96ed8f3b3b74	C010	unix_ns	1784742092297203923	ns
c5-timing-event-v1	C5	native	measured	1024	214	1	d9596a96ed8f4b3b996a96ed8f3b3b74	C800	unix_ns	1784742092370050397	ns
c5-timing-event-v1	C5	native	measured	1024	214	1	d9596a96ed8f4b3b996a96ed8f3b3b74	C900	unix_ns	1784742092424385856	ns
c5-timing-event-v1	C5	native	measured	1024	215	1	e1cda5f6b40844e58da5f6b40884e51a	C010	unix_ns	1784742092345220126	ns
c5-timing-event-v1	C5	native	measured	1024	215	1	e1cda5f6b40844e58da5f6b40884e51a	C800	unix_ns	1784742092400432696	ns
c5-timing-event-v1	C5	native	measured	1024	215	1	e1cda5f6b40844e58da5f6b40884e51a	C900	unix_ns	1784742092455277183	ns
c5-timing-event-v1	C5	native	measured	1024	216	1	646a7e1cb6be41f1aa7e1cb6be91f1d4	C010	unix_ns	1784742092390462134	ns
c5-timing-event-v1	C5	native	measured	1024	216	1	646a7e1cb6be41f1aa7e1cb6be91f1d4	C800	unix_ns	1784742092493949021	ns
c5-timing-event-v1	C5	native	measured	1024	216	1	646a7e1cb6be41f1aa7e1cb6be91f1d4	C900	unix_ns	1784742092523665518	ns
c5-timing-event-v1	C5	native	measured	1024	217	1	c2f3a7fbe64641dab3a7fbe646d1da99	C010	unix_ns	1784742092431305277	ns
c5-timing-event-v1	C5	native	measured	1024	217	1	c2f3a7fbe64641dab3a7fbe646d1da99	C800	unix_ns	1784742092527137705	ns
c5-timing-event-v1	C5	native	measured	1024	217	1	c2f3a7fbe64641dab3a7fbe646d1da99	C900	unix_ns	1784742092593124893	ns
c5-timing-event-v1	C5	native	measured	1024	218	1	354d9e9976a642458d9e9976a67245f8	C010	unix_ns	1784742092468946516	ns
c5-timing-event-v1	C5	native	measured	1024	218	1	354d9e9976a642458d9e9976a67245f8	C800	unix_ns	1784742092565293777	ns
c5-timing-event-v1	C5	native	measured	1024	218	1	354d9e9976a642458d9e9976a67245f8	C900	unix_ns	1784742092595421497	ns
c5-timing-event-v1	C5	native	measured	1024	219	1	793132941c574ca3b132941c57cca340	C010	unix_ns	1784742092524095541	ns
c5-timing-event-v1	C5	native	measured	1024	219	1	793132941c574ca3b132941c57cca340	C800	unix_ns	1784742092624314850	ns
c5-timing-event-v1	C5	native	measured	1024	219	1	793132941c574ca3b132941c57cca340	C900	unix_ns	1784742092654794523	ns
c5-timing-event-v1	C5	native	measured	1024	220	1	0379660953f54b81b9660953f51b812d	C010	unix_ns	1784742092593579485	ns
c5-timing-event-v1	C5	native	measured	1024	220	1	0379660953f54b81b9660953f51b812d	C800	unix_ns	1784742092690989530	ns
c5-timing-event-v1	C5	native	measured	1024	220	1	0379660953f54b81b9660953f51b812d	C900	unix_ns	1784742092732730993	ns
c5-timing-event-v1	C5	native	measured	1024	221	1	5e8e40669abd4e518e40669abd1e514d	C010	unix_ns	1784742092637931100	ns
c5-timing-event-v1	C5	native	measured	1024	221	1	5e8e40669abd4e518e40669abd1e514d	C800	unix_ns	1784742092721481946	ns
c5-timing-event-v1	C5	native	measured	1024	221	1	5e8e40669abd4e518e40669abd1e514d	C900	unix_ns	1784742092754936764	ns
c5-timing-event-v1	C5	native	measured	1024	222	1	5d248c35aed749f7a48c35aed749f7f1	C010	unix_ns	1784742092683336712	ns
c5-timing-event-v1	C5	native	measured	1024	222	1	5d248c35aed749f7a48c35aed749f7f1	C800	unix_ns	1784742092800357386	ns
c5-timing-event-v1	C5	native	measured	1024	222	1	5d248c35aed749f7a48c35aed749f7f1	C900	unix_ns	1784742092832642182	ns
c5-timing-event-v1	C5	native	measured	1024	223	1	1c66bb264cf94c4da6bb264cf91c4d5b	C010	unix_ns	1784742092733178352	ns
c5-timing-event-v1	C5	native	measured	1024	223	1	1c66bb264cf94c4da6bb264cf91c4d5b	C800	unix_ns	1784742092827943549	ns
c5-timing-event-v1	C5	native	measured	1024	223	1	1c66bb264cf94c4da6bb264cf91c4d5b	C900	unix_ns	1784742092888452456	ns
c5-timing-event-v1	C5	native	measured	1024	224	1	e15d6d232ff744ae9d6d232ff7f4aedd	C010	unix_ns	1784742092775631968	ns
c5-timing-event-v1	C5	native	measured	1024	224	1	e15d6d232ff744ae9d6d232ff7f4aedd	C800	unix_ns	1784742092860807767	ns
c5-timing-event-v1	C5	native	measured	1024	224	1	e15d6d232ff744ae9d6d232ff7f4aedd	C900	unix_ns	1784742092900889442	ns
c5-timing-event-v1	C5	native	measured	1024	225	1	99f5211cbfb94aa0b5211cbfb90aa047	C010	unix_ns	1784742092833030624	ns
c5-timing-event-v1	C5	native	measured	1024	225	1	99f5211cbfb94aa0b5211cbfb90aa047	C800	unix_ns	1784742092902175671	ns
c5-timing-event-v1	C5	native	measured	1024	225	1	99f5211cbfb94aa0b5211cbfb90aa047	C900	unix_ns	1784742092917444743	ns
c5-timing-event-v1	C5	native	measured	1024	226	1	c79213e8bd4642e99213e8bd46a2e93f	C010	unix_ns	1784742092888889865	ns
c5-timing-event-v1	C5	native	measured	1024	226	1	c79213e8bd4642e99213e8bd46a2e93f	C800	unix_ns	1784742092952624887	ns
c5-timing-event-v1	C5	native	measured	1024	226	1	c79213e8bd4642e99213e8bd46a2e93f	C900	unix_ns	1784742093220329544	ns
c5-timing-event-v1	C5	native	measured	1024	227	1	6867d845f77242f2a7d845f77232f205	C010	unix_ns	1784742092926191375	ns
c5-timing-event-v1	C5	native	measured	1024	227	1	6867d845f77242f2a7d845f77232f205	C800	unix_ns	1784742093006624980	ns
c5-timing-event-v1	C5	native	measured	1024	227	1	6867d845f77242f2a7d845f77232f205	C900	unix_ns	1784742093027690528	ns
c5-timing-event-v1	C5	native	measured	1024	228	1	749b173073d542219b173073d5822171	C010	unix_ns	1784742092927124858	ns
c5-timing-event-v1	C5	native	measured	1024	228	1	749b173073d542219b173073d5822171	C800	unix_ns	1784742093010150714	ns
c5-timing-event-v1	C5	native	measured	1024	228	1	749b173073d542219b173073d5822171	C900	unix_ns	1784742093024364501	ns
c5-timing-event-v1	C5	native	measured	1024	229	1	23693ea928264d7ba93ea92826bd7b6e	C010	unix_ns	1784742093024914692	ns
c5-timing-event-v1	C5	native	measured	1024	229	1	23693ea928264d7ba93ea92826bd7b6e	C800	unix_ns	1784742093087416506	ns
c5-timing-event-v1	C5	native	measured	1024	229	1	23693ea928264d7ba93ea92826bd7b6e	C900	unix_ns	1784742093107721945	ns
c5-timing-event-v1	C5	native	measured	1024	230	1	ee3ef7dc705a4f4fbef7dc705acf4fa5	C010	unix_ns	1784742093058208772	ns
c5-timing-event-v1	C5	native	measured	1024	230	1	ee3ef7dc705a4f4fbef7dc705acf4fa5	C800	unix_ns	1784742093136271237	ns
c5-timing-event-v1	C5	native	measured	1024	230	1	ee3ef7dc705a4f4fbef7dc705acf4fa5	C900	unix_ns	1784742093165178690	ns
c5-timing-event-v1	C5	native	measured	1024	231	1	b6fae47ad1af4f13bae47ad1af5f131f	C010	unix_ns	1784742093108019532	ns
c5-timing-event-v1	C5	native	measured	1024	231	1	b6fae47ad1af4f13bae47ad1af5f131f	C800	unix_ns	1784742093198365831	ns
c5-timing-event-v1	C5	native	measured	1024	231	1	b6fae47ad1af4f13bae47ad1af5f131f	C900	unix_ns	1784742093275675538	ns
c5-timing-event-v1	C5	native	measured	1024	232	1	a179bcbdd2d54c32b9bcbdd2d56c32fe	C010	unix_ns	1784742093165589293	ns
c5-timing-event-v1	C5	native	measured	1024	232	1	a179bcbdd2d54c32b9bcbdd2d56c32fe	C800	unix_ns	1784742093252635416	ns
c5-timing-event-v1	C5	native	measured	1024	232	1	a179bcbdd2d54c32b9bcbdd2d56c32fe	C900	unix_ns	1784742093272206863	ns
c5-timing-event-v1	C5	native	measured	1024	233	1	b28a1fdcc590418c8a1fdcc590b18cbd	C010	unix_ns	1784742093220740303	ns
c5-timing-event-v1	C5	native	measured	1024	233	1	b28a1fdcc590418c8a1fdcc590b18cbd	C800	unix_ns	1784742093292077470	ns
c5-timing-event-v1	C5	native	measured	1024	233	1	b28a1fdcc590418c8a1fdcc590b18cbd	C900	unix_ns	1784742093326041628	ns
c5-timing-event-v1	C5	native	measured	1024	234	1	f4b6b4b7617546c8b6b4b7617566c892	C010	unix_ns	1784742093272611881	ns
c5-timing-event-v1	C5	native	measured	1024	234	1	f4b6b4b7617546c8b6b4b7617566c892	C800	unix_ns	1784742093343156420	ns
c5-timing-event-v1	C5	native	measured	1024	234	1	f4b6b4b7617546c8b6b4b7617566c892	C900	unix_ns	1784742093407963957	ns
c5-timing-event-v1	C5	native	measured	1024	235	1	30fa93e325b54337ba93e325b5b337e0	C010	unix_ns	1784742093319547788	ns
c5-timing-event-v1	C5	native	measured	1024	235	1	30fa93e325b54337ba93e325b5b337e0	C800	unix_ns	1784742093384973498	ns
c5-timing-event-v1	C5	native	measured	1024	235	1	30fa93e325b54337ba93e325b5b337e0	C900	unix_ns	1784742093436829049	ns
c5-timing-event-v1	C5	native	measured	1024	236	1	7129058534064411a90585340634117e	C010	unix_ns	1784742093365893076	ns
c5-timing-event-v1	C5	native	measured	1024	236	1	7129058534064411a90585340634117e	C800	unix_ns	1784742093442051998	ns
c5-timing-event-v1	C5	native	measured	1024	236	1	7129058534064411a90585340634117e	C900	unix_ns	1784742093519940268	ns
c5-timing-event-v1	C5	native	measured	1024	237	1	a81aadb33f9b43379aadb33f9b83371c	C010	unix_ns	1784742093409415502	ns
c5-timing-event-v1	C5	native	measured	1024	237	1	a81aadb33f9b43379aadb33f9b83371c	C800	unix_ns	1784742093505231151	ns
c5-timing-event-v1	C5	native	measured	1024	237	1	a81aadb33f9b43379aadb33f9b83371c	C900	unix_ns	1784742093570082343	ns
c5-timing-event-v1	C5	native	measured	1024	238	1	256ae89f882b4f07aae89f882baf07f1	C010	unix_ns	1784742093451631365	ns
c5-timing-event-v1	C5	native	measured	1024	238	1	256ae89f882b4f07aae89f882baf07f1	C800	unix_ns	1784742093514144096	ns
c5-timing-event-v1	C5	native	measured	1024	238	1	256ae89f882b4f07aae89f882baf07f1	C900	unix_ns	1784742093578164614	ns
c5-timing-event-v1	C5	native	measured	1024	239	1	7804694954ba4fcb84694954ba0fcbb3	C010	unix_ns	1784742093520422231	ns
c5-timing-event-v1	C5	native	measured	1024	239	1	7804694954ba4fcb84694954ba0fcbb3	C800	unix_ns	1784742093597454050	ns
c5-timing-event-v1	C5	native	measured	1024	239	1	7804694954ba4fcb84694954ba0fcbb3	C900	unix_ns	1784742093656337990	ns
c5-timing-event-v1	C5	native	measured	1024	240	1	86ac6e522d854608ac6e522d856608b6	C010	unix_ns	1784742093570472232	ns
c5-timing-event-v1	C5	native	measured	1024	240	1	86ac6e522d854608ac6e522d856608b6	C800	unix_ns	1784742093630332529	ns
c5-timing-event-v1	C5	native	measured	1024	240	1	86ac6e522d854608ac6e522d856608b6	C900	unix_ns	1784742093904468756	ns
c5-timing-event-v1	C5	native	measured	1024	241	1	08252b5ba7fb4465a52b5ba7fb646586	C010	unix_ns	1784742093616571889	ns
c5-timing-event-v1	C5	native	measured	1024	241	1	08252b5ba7fb4465a52b5ba7fb646586	C800	unix_ns	1784742093715060843	ns
c5-timing-event-v1	C5	native	measured	1024	241	1	08252b5ba7fb4465a52b5ba7fb646586	C900	unix_ns	1784742093734693852	ns
c5-timing-event-v1	C5	native	measured	1024	242	1	495b83aa596b49789b83aa596b9978a0	C010	unix_ns	1784742093663660154	ns
c5-timing-event-v1	C5	native	measured	1024	242	1	495b83aa596b49789b83aa596b9978a0	C800	unix_ns	1784742093756604469	ns
c5-timing-event-v1	C5	native	measured	1024	242	1	495b83aa596b49789b83aa596b9978a0	C900	unix_ns	1784742093785379398	ns
c5-timing-event-v1	C5	native	measured	1024	243	1	b12b5683510644cbab5683510614cba3	C010	unix_ns	1784742093735167074	ns
c5-timing-event-v1	C5	native	measured	1024	243	1	b12b5683510644cbab5683510614cba3	C800	unix_ns	1784742093815349024	ns
c5-timing-event-v1	C5	native	measured	1024	243	1	b12b5683510644cbab5683510614cba3	C900	unix_ns	1784742093850408200	ns
c5-timing-event-v1	C5	native	measured	1024	244	1	69e09a1ff0f24a64a09a1ff0f25a6475	C010	unix_ns	1784742093785797164	ns
c5-timing-event-v1	C5	native	measured	1024	244	1	69e09a1ff0f24a64a09a1ff0f25a6475	C800	unix_ns	1784742093869328805	ns
c5-timing-event-v1	C5	native	measured	1024	244	1	69e09a1ff0f24a64a09a1ff0f25a6475	C900	unix_ns	1784742093910282212	ns
c5-timing-event-v1	C5	native	measured	1024	245	1	c6ea96590b4440ffaa96590b4490ffa2	C010	unix_ns	1784742093850840189	ns
c5-timing-event-v1	C5	native	measured	1024	245	1	c6ea96590b4440ffaa96590b4490ffa2	C800	unix_ns	1784742093917693868	ns
c5-timing-event-v1	C5	native	measured	1024	245	1	c6ea96590b4440ffaa96590b4490ffa2	C900	unix_ns	1784742093959776739	ns
c5-timing-event-v1	C5	native	measured	1024	246	1	5ee2ac4bb18d4b3ca2ac4bb18d8b3c01	C010	unix_ns	1784742093904889972	ns
c5-timing-event-v1	C5	native	measured	1024	246	1	5ee2ac4bb18d4b3ca2ac4bb18d8b3c01	C800	unix_ns	1784742093969190674	ns
c5-timing-event-v1	C5	native	measured	1024	246	1	5ee2ac4bb18d4b3ca2ac4bb18d8b3c01	C900	unix_ns	1784742094263346556	ns
c5-timing-event-v1	C5	native	measured	1024	247	1	3c67d8d41d9845d5a7d8d41d9875d584	C010	unix_ns	1784742093945910272	ns
c5-timing-event-v1	C5	native	measured	1024	247	1	3c67d8d41d9845d5a7d8d41d9875d584	C800	unix_ns	1784742094026508858	ns
c5-timing-event-v1	C5	native	measured	1024	247	1	3c67d8d41d9845d5a7d8d41d9875d584	C900	unix_ns	1784742094073733069	ns
c5-timing-event-v1	C5	native	measured	1024	248	1	720a0af4e7c44b6d8a0af4e7c4cb6d3b	C010	unix_ns	1784742093985455391	ns
c5-timing-event-v1	C5	native	measured	1024	248	1	720a0af4e7c44b6d8a0af4e7c4cb6d3b	C800	unix_ns	1784742094069380774	ns
c5-timing-event-v1	C5	native	measured	1024	248	1	720a0af4e7c44b6d8a0af4e7c4cb6d3b	C900	unix_ns	1784742094112343288	ns
c5-timing-event-v1	C5	native	measured	1024	249	1	10a33ec0a804497aa33ec0a804b97af9	C010	unix_ns	1784742094074228489	ns
c5-timing-event-v1	C5	native	measured	1024	249	1	10a33ec0a804497aa33ec0a804b97af9	C800	unix_ns	1784742094151663367	ns
c5-timing-event-v1	C5	native	measured	1024	249	1	10a33ec0a804497aa33ec0a804b97af9	C900	unix_ns	1784742094174643574	ns
c5-timing-event-v1	C5	native	measured	1024	250	1	983584910ebc4761b584910ebc1761f6	C010	unix_ns	1784742094126591860	ns
c5-timing-event-v1	C5	native	measured	1024	250	1	983584910ebc4761b584910ebc1761f6	C800	unix_ns	1784742094190643866	ns
c5-timing-event-v1	C5	native	measured	1024	250	1	983584910ebc4761b584910ebc1761f6	C900	unix_ns	1784742094220423677	ns
c5-timing-event-v1	C5	native	measured	1024	251	1	92136a4ef45049b3936a4ef45009b35e	C010	unix_ns	1784742094175009485	ns
c5-timing-event-v1	C5	native	measured	1024	251	1	92136a4ef45049b3936a4ef45009b35e	C800	unix_ns	1784742094243466363	ns
c5-timing-event-v1	C5	native	measured	1024	251	1	92136a4ef45049b3936a4ef45009b35e	C900	unix_ns	1784742094274679356	ns
c5-timing-event-v1	C5	native	measured	1024	252	1	70f36d391bcc4277b36d391bcc4277a6	C010	unix_ns	1784742094220786708	ns
c5-timing-event-v1	C5	native	measured	1024	252	1	70f36d391bcc4277b36d391bcc4277a6	C800	unix_ns	1784742094316230143	ns
c5-timing-event-v1	C5	native	measured	1024	252	1	70f36d391bcc4277b36d391bcc4277a6	C900	unix_ns	1784742094351454719	ns
c5-timing-event-v1	C5	native	measured	1024	253	1	0410e1043fdd4fbe90e1043fddcfbe03	C010	unix_ns	1784742094265891656	ns
c5-timing-event-v1	C5	native	measured	1024	253	1	0410e1043fdd4fbe90e1043fddcfbe03	C800	unix_ns	1784742094336153391	ns
c5-timing-event-v1	C5	native	measured	1024	253	1	0410e1043fdd4fbe90e1043fddcfbe03	C900	unix_ns	1784742094364580408	ns
c5-timing-event-v1	C5	native	measured	1024	254	1	cfeff011096c41b9aff011096c11b90f	C010	unix_ns	1784742094318018356	ns
c5-timing-event-v1	C5	native	measured	1024	254	1	cfeff011096c41b9aff011096c11b90f	C800	unix_ns	1784742094403542363	ns
c5-timing-event-v1	C5	native	measured	1024	254	1	cfeff011096c41b9aff011096c11b90f	C900	unix_ns	1784742094441198478	ns
c5-timing-event-v1	C5	native	measured	1024	255	1	3eb8ef73299244f9b8ef73299244f969	C010	unix_ns	1784742094366998581	ns
c5-timing-event-v1	C5	native	measured	1024	255	1	3eb8ef73299244f9b8ef73299244f969	C800	unix_ns	1784742094429505522	ns
c5-timing-event-v1	C5	native	measured	1024	255	1	3eb8ef73299244f9b8ef73299244f969	C900	unix_ns	1784742094461994819	ns
c5-timing-event-v1	C5	native	measured	1024	256	1	0675c7017a234511b5c7017a2385114f	C010	unix_ns	1784742094367690669	ns
c5-timing-event-v1	C5	native	measured	1024	256	1	0675c7017a234511b5c7017a2385114f	C800	unix_ns	1784742094456532836	ns
c5-timing-event-v1	C5	native	measured	1024	256	1	0675c7017a234511b5c7017a2385114f	C900	unix_ns	1784742094520997953	ns
c5-timing-event-v1	C5	native	measured	1024	257	1	55541899c2f44879941899c2f4087955	C010	unix_ns	1784742094441759564	ns
c5-timing-event-v1	C5	native	measured	1024	257	1	55541899c2f44879941899c2f4087955	C800	unix_ns	1784742094521832507	ns
c5-timing-event-v1	C5	native	measured	1024	257	1	55541899c2f44879941899c2f4087955	C900	unix_ns	1784742094564293930	ns
c5-timing-event-v1	C5	native	measured	1024	258	1	7b023d2dd1a449f6823d2dd1a499f651	C010	unix_ns	1784742094486082476	ns
c5-timing-event-v1	C5	native	measured	1024	258	1	7b023d2dd1a449f6823d2dd1a499f651	C800	unix_ns	1784742094570691577	ns
c5-timing-event-v1	C5	native	measured	1024	258	1	7b023d2dd1a449f6823d2dd1a499f651	C900	unix_ns	1784742094592188780	ns
c5-timing-event-v1	C5	native	measured	1024	259	1	5c364d48e9924400b64d48e992d400ef	C010	unix_ns	1784742094530067970	ns
c5-timing-event-v1	C5	native	measured	1024	259	1	5c364d48e9924400b64d48e992d400ef	C800	unix_ns	1784742094603208302	ns
c5-timing-event-v1	C5	native	measured	1024	259	1	5c364d48e9924400b64d48e992d400ef	C900	unix_ns	1784742094623672627	ns
c5-timing-event-v1	C5	native	measured	1024	260	1	87025dc4d5094d89825dc4d5093d89db	C010	unix_ns	1784742094577044107	ns
c5-timing-event-v1	C5	native	measured	1024	260	1	87025dc4d5094d89825dc4d5093d89db	C800	unix_ns	1784742094648347254	ns
c5-timing-event-v1	C5	native	measured	1024	260	1	87025dc4d5094d89825dc4d5093d89db	C900	unix_ns	1784742094920941752	ns
c5-timing-event-v1	C5	native	measured	1024	261	1	273e9be1450b4f8ebe9be1450b9f8e24	C010	unix_ns	1784742094626472975	ns
c5-timing-event-v1	C5	native	measured	1024	261	1	273e9be1450b4f8ebe9be1450b9f8e24	C800	unix_ns	1784742094713115246	ns
c5-timing-event-v1	C5	native	measured	1024	261	1	273e9be1450b4f8ebe9be1450b9f8e24	C900	unix_ns	1784742094736508993	ns
c5-timing-event-v1	C5	native	measured	1024	262	1	e49211608f7749019211608f77490116	C010	unix_ns	1784742094626956412	ns
c5-timing-event-v1	C5	native	measured	1024	262	1	e49211608f7749019211608f77490116	C800	unix_ns	1784742094691970379	ns
c5-timing-event-v1	C5	native	measured	1024	262	1	e49211608f7749019211608f77490116	C900	unix_ns	1784742094720542722	ns
c5-timing-event-v1	C5	native	measured	1024	263	1	dbae85b2fb234670ae85b2fb23e67086	C010	unix_ns	1784742094721134396	ns
c5-timing-event-v1	C5	native	measured	1024	263	1	dbae85b2fb234670ae85b2fb23e67086	C800	unix_ns	1784742094768335815	ns
c5-timing-event-v1	C5	native	measured	1024	263	1	dbae85b2fb234670ae85b2fb23e67086	C900	unix_ns	1784742094790767586	ns
c5-timing-event-v1	C5	native	measured	1024	264	1	08ae22a077794b99ae22a07779db9940	C010	unix_ns	1784742094774957415	ns
c5-timing-event-v1	C5	native	measured	1024	264	1	08ae22a077794b99ae22a07779db9940	C800	unix_ns	1784742094825932268	ns
c5-timing-event-v1	C5	native	measured	1024	264	1	08ae22a077794b99ae22a07779db9940	C900	unix_ns	1784742094842731849	ns
c5-timing-event-v1	C5	native	measured	1024	265	1	e58d6e2a5370409e8d6e2a5370d09e12	C010	unix_ns	1784742094822540190	ns
c5-timing-event-v1	C5	native	measured	1024	265	1	e58d6e2a5370409e8d6e2a5370d09e12	C800	unix_ns	1784742094878570679	ns
c5-timing-event-v1	C5	native	measured	1024	265	1	e58d6e2a5370409e8d6e2a5370d09e12	C900	unix_ns	1784742094903898153	ns
c5-timing-event-v1	C5	native	measured	1024	266	1	c07b4d825e084de6bb4d825e083de65f	C010	unix_ns	1784742094868991566	ns
c5-timing-event-v1	C5	native	measured	1024	266	1	c07b4d825e084de6bb4d825e083de65f	C800	unix_ns	1784742094927739503	ns
c5-timing-event-v1	C5	native	measured	1024	266	1	c07b4d825e084de6bb4d825e083de65f	C900	unix_ns	1784742094954836883	ns
c5-timing-event-v1	C5	native	measured	1024	267	1	5df72df5263b4c44b72df5263bfc44f7	C010	unix_ns	1784742094922598243	ns
c5-timing-event-v1	C5	native	measured	1024	267	1	5df72df5263b4c44b72df5263bfc44f7	C800	unix_ns	1784742095062081261	ns
c5-timing-event-v1	C5	native	measured	1024	267	1	5df72df5263b4c44b72df5263bfc44f7	C900	unix_ns	1784742095117781105	ns
c5-timing-event-v1	C5	native	measured	1024	268	1	8a35ad5356144148b5ad53561441487a	C010	unix_ns	1784742094923184664	ns
c5-timing-event-v1	C5	native	measured	1024	268	1	8a35ad5356144148b5ad53561441487a	C800	unix_ns	1784742095007334650	ns
c5-timing-event-v1	C5	native	measured	1024	268	1	8a35ad5356144148b5ad53561441487a	C900	unix_ns	1784742095036868213	ns
c5-timing-event-v1	C5	native	measured	1024	269	1	ecf6500bf0044df7b6500bf0047df7ec	C010	unix_ns	1784742094968843305	ns
c5-timing-event-v1	C5	native	measured	1024	269	1	ecf6500bf0044df7b6500bf0047df7ec	C800	unix_ns	1784742095049930333	ns
c5-timing-event-v1	C5	native	measured	1024	269	1	ecf6500bf0044df7b6500bf0047df7ec	C900	unix_ns	1784742095074673764	ns
c5-timing-event-v1	C5	native	measured	1024	270	1	8ee113c5d6704b50a113c5d6702b5064	C010	unix_ns	1784742095037352546	ns
c5-timing-event-v1	C5	native	measured	1024	270	1	8ee113c5d6704b50a113c5d6702b5064	C800	unix_ns	1784742095122180438	ns
c5-timing-event-v1	C5	native	measured	1024	270	1	8ee113c5d6704b50a113c5d6702b5064	C900	unix_ns	1784742095140728626	ns
c5-timing-event-v1	C5	native	measured	1024	271	1	702c63a3182a480aac63a3182af80aba	C010	unix_ns	1784742095085979867	ns
c5-timing-event-v1	C5	native	measured	1024	271	1	702c63a3182a480aac63a3182af80aba	C800	unix_ns	1784742095154316277	ns
c5-timing-event-v1	C5	native	measured	1024	271	1	702c63a3182a480aac63a3182af80aba	C900	unix_ns	1784742095415079874	ns
c5-timing-event-v1	C5	native	measured	1024	272	1	be232d2cd7964019a32d2cd796b0193a	C010	unix_ns	1784742095142314895	ns
c5-timing-event-v1	C5	native	measured	1024	272	1	be232d2cd7964019a32d2cd796b0193a	C800	unix_ns	1784742095236162247	ns
c5-timing-event-v1	C5	native	measured	1024	272	1	be232d2cd7964019a32d2cd796b0193a	C900	unix_ns	1784742095272575796	ns
c5-timing-event-v1	C5	native	measured	1024	273	1	ea6812038c074c12a812038c072c12e3	C010	unix_ns	1784742095143422064	ns
c5-timing-event-v1	C5	native	measured	1024	273	1	ea6812038c074c12a812038c072c12e3	C800	unix_ns	1784742095212617344	ns
c5-timing-event-v1	C5	native	measured	1024	273	1	ea6812038c074c12a812038c072c12e3	C900	unix_ns	1784742095246065699	ns
c5-timing-event-v1	C5	native	measured	1024	274	1	cd7888d4d2914994b888d4d291f99414	C010	unix_ns	1784742095246608152	ns
c5-timing-event-v1	C5	native	measured	1024	274	1	cd7888d4d2914994b888d4d291f99414	C800	unix_ns	1784742095330088110	ns
c5-timing-event-v1	C5	native	measured	1024	274	1	cd7888d4d2914994b888d4d291f99414	C900	unix_ns	1784742095372854629	ns
c5-timing-event-v1	C5	native	measured	1024	275	1	a5a5f3fb18fd48b2a5f3fb18fd88b240	C010	unix_ns	1784742095314896989	ns
c5-timing-event-v1	C5	native	measured	1024	275	1	a5a5f3fb18fd48b2a5f3fb18fd88b240	C800	unix_ns	1784742095376633070	ns
c5-timing-event-v1	C5	native	measured	1024	275	1	a5a5f3fb18fd48b2a5f3fb18fd88b240	C900	unix_ns	1784742095405023716	ns
c5-timing-event-v1	C5	native	measured	1024	276	1	9c7a4251cab0415eba4251cab0415e1b	C010	unix_ns	1784742095375525818	ns
c5-timing-event-v1	C5	native	measured	1024	276	1	9c7a4251cab0415eba4251cab0415e1b	C800	unix_ns	1784742095435034426	ns
c5-timing-event-v1	C5	native	measured	1024	276	1	9c7a4251cab0415eba4251cab0415e1b	C900	unix_ns	1784742095491962703	ns
c5-timing-event-v1	C5	native	measured	1024	277	1	7be7f3fc4d714e4da7f3fc4d71ce4daf	C010	unix_ns	1784742095443425338	ns
c5-timing-event-v1	C5	native	measured	1024	277	1	7be7f3fc4d714e4da7f3fc4d71ce4daf	C800	unix_ns	1784742095506574475	ns
c5-timing-event-v1	C5	native	measured	1024	277	1	7be7f3fc4d714e4da7f3fc4d71ce4daf	C900	unix_ns	1784742095538808425	ns
c5-timing-event-v1	C5	native	measured	1024	278	1	bffb6f0b7c514c00bb6f0b7c515c001b	C010	unix_ns	1784742095444998157	ns
c5-timing-event-v1	C5	native	measured	1024	278	1	bffb6f0b7c514c00bb6f0b7c515c001b	C800	unix_ns	1784742095544009140	ns
c5-timing-event-v1	C5	native	measured	1024	278	1	bffb6f0b7c514c00bb6f0b7c515c001b	C900	unix_ns	1784742095579636966	ns
c5-timing-event-v1	C5	native	measured	1024	279	1	9d7af95103984ad3baf95103980ad382	C010	unix_ns	1784742095493905439	ns
c5-timing-event-v1	C5	native	measured	1024	279	1	9d7af95103984ad3baf95103980ad382	C800	unix_ns	1784742095570417418	ns
c5-timing-event-v1	C5	native	measured	1024	279	1	9d7af95103984ad3baf95103980ad382	C900	unix_ns	1784742095596670549	ns
c5-timing-event-v1	C5	native	measured	1024	280	1	00d612125d8a4d9e9612125d8a8d9e9d	C010	unix_ns	1784742095550338946	ns
c5-timing-event-v1	C5	native	measured	1024	280	1	00d612125d8a4d9e9612125d8a8d9e9d	C800	unix_ns	1784742095628108398	ns
c5-timing-event-v1	C5	native	measured	1024	280	1	00d612125d8a4d9e9612125d8a8d9e9d	C900	unix_ns	1784742095639391237	ns
c5-timing-event-v1	C5	native	measured	1024	281	1	893f7fdb52f84a35bf7fdb52f84a35c3	C010	unix_ns	1784742095605561365	ns
c5-timing-event-v1	C5	native	measured	1024	281	1	893f7fdb52f84a35bf7fdb52f84a35c3	C800	unix_ns	1784742095678502539	ns
c5-timing-event-v1	C5	native	measured	1024	281	1	893f7fdb52f84a35bf7fdb52f84a35c3	C900	unix_ns	1784742095736459143	ns
c5-timing-event-v1	C5	native	measured	1024	282	1	ae0b5b0492f146408b5b0492f1c6409c	C010	unix_ns	1784742095607730499	ns
c5-timing-event-v1	C5	native	measured	1024	282	1	ae0b5b0492f146408b5b0492f1c6409c	C800	unix_ns	1784742095705942823	ns
c5-timing-event-v1	C5	native	measured	1024	282	1	ae0b5b0492f146408b5b0492f1c6409c	C900	unix_ns	1784742095717380967	ns
c5-timing-event-v1	C5	native	measured	1024	283	1	15cdec03059e4eca8dec03059efeca19	C010	unix_ns	1784742095658178570	ns
c5-timing-event-v1	C5	native	measured	1024	283	1	15cdec03059e4eca8dec03059efeca19	C800	unix_ns	1784742095802770064	ns
c5-timing-event-v1	C5	native	measured	1024	283	1	15cdec03059e4eca8dec03059efeca19	C900	unix_ns	1784742095817331729	ns
c5-timing-event-v1	C5	native	measured	1024	284	1	c85ef326bf264f709ef326bf269f70e9	C010	unix_ns	1784742095717901809	ns
c5-timing-event-v1	C5	native	measured	1024	284	1	c85ef326bf264f709ef326bf269f70e9	C800	unix_ns	1784742095763211761	ns
c5-timing-event-v1	C5	native	measured	1024	284	1	c85ef326bf264f709ef326bf269f70e9	C900	unix_ns	1784742095793408087	ns
c5-timing-event-v1	C5	native	measured	1024	285	1	7ae9b38b3ced423da9b38b3ced323dba	C010	unix_ns	1784742095770202785	ns
c5-timing-event-v1	C5	native	measured	1024	285	1	7ae9b38b3ced423da9b38b3ced323dba	C800	unix_ns	1784742095886075844	ns
c5-timing-event-v1	C5	native	measured	1024	285	1	7ae9b38b3ced423da9b38b3ced323dba	C900	unix_ns	1784742095921804052	ns
c5-timing-event-v1	C5	native	measured	1024	286	1	a3b7406a2e534e54b7406a2e537e5490	C010	unix_ns	1784742095826472889	ns
c5-timing-event-v1	C5	native	measured	1024	286	1	a3b7406a2e534e54b7406a2e537e5490	C800	unix_ns	1784742095907128920	ns
c5-timing-event-v1	C5	native	measured	1024	286	1	a3b7406a2e534e54b7406a2e537e5490	C900	unix_ns	1784742095941231939	ns
c5-timing-event-v1	C5	native	measured	1024	287	1	1d339e22e9dd4d61b39e22e9dd5d6161	C010	unix_ns	1784742095827345106	ns
c5-timing-event-v1	C5	native	measured	1024	287	1	1d339e22e9dd4d61b39e22e9dd5d6161	C800	unix_ns	1784742095913106660	ns
c5-timing-event-v1	C5	native	measured	1024	287	1	1d339e22e9dd4d61b39e22e9dd5d6161	C900	unix_ns	1784742095957159644	ns
c5-timing-event-v1	C5	native	measured	1024	288	1	24f073e3e4ec43adb073e3e4eca3ad82	C010	unix_ns	1784742095922331812	ns
c5-timing-event-v1	C5	native	measured	1024	288	1	24f073e3e4ec43adb073e3e4eca3ad82	C800	unix_ns	1784742095992420036	ns
c5-timing-event-v1	C5	native	measured	1024	288	1	24f073e3e4ec43adb073e3e4eca3ad82	C900	unix_ns	1784742096110815295	ns
c5-timing-event-v1	C5	native	measured	1024	289	1	0adfa29f80c74e149fa29f80c70e147b	C010	unix_ns	1784742095968681591	ns
c5-timing-event-v1	C5	native	measured	1024	289	1	0adfa29f80c74e149fa29f80c70e147b	C800	unix_ns	1784742096058899505	ns
c5-timing-event-v1	C5	native	measured	1024	289	1	0adfa29f80c74e149fa29f80c70e147b	C900	unix_ns	1784742096114643949	ns
c5-timing-event-v1	C5	native	measured	1024	290	1	e662b31fead84474a2b31fead85474bc	C010	unix_ns	1784742095969698614	ns
c5-timing-event-v1	C5	native	measured	1024	290	1	e662b31fead84474a2b31fead85474bc	C800	unix_ns	1784742096032094461	ns
c5-timing-event-v1	C5	native	measured	1024	290	1	e662b31fead84474a2b31fead85474bc	C900	unix_ns	1784742096055370532	ns
c5-timing-event-v1	C5	native	measured	1024	291	1	4a0a0bab314146038a0bab3141c6031d	C010	unix_ns	1784742096056007765	ns
c5-timing-event-v1	C5	native	measured	1024	291	1	4a0a0bab314146038a0bab3141c6031d	C800	unix_ns	1784742096143756401	ns
c5-timing-event-v1	C5	native	measured	1024	291	1	4a0a0bab314146038a0bab3141c6031d	C900	unix_ns	1784742096189357037	ns
c5-timing-event-v1	C5	native	measured	1024	292	1	732b11e912464057ab11e91246e0570d	C010	unix_ns	1784742096111335682	ns
c5-timing-event-v1	C5	native	measured	1024	292	1	732b11e912464057ab11e91246e0570d	C800	unix_ns	1784742096177288248	ns
c5-timing-event-v1	C5	native	measured	1024	292	1	732b11e912464057ab11e91246e0570d	C900	unix_ns	1784742096210669091	ns
c5-timing-event-v1	C5	native	measured	1024	293	1	aaa6c4fdfbd74095a6c4fdfbd790953b	C010	unix_ns	1784742096161220892	ns
c5-timing-event-v1	C5	native	measured	1024	293	1	aaa6c4fdfbd74095a6c4fdfbd790953b	C800	unix_ns	1784742096233656902	ns
c5-timing-event-v1	C5	native	measured	1024	293	1	aaa6c4fdfbd74095a6c4fdfbd790953b	C900	unix_ns	1784742096286646171	ns
c5-timing-event-v1	C5	native	measured	1024	294	1	2c113acda97348e8913acda973e8e844	C010	unix_ns	1784742096207121083	ns
c5-timing-event-v1	C5	native	measured	1024	294	1	2c113acda97348e8913acda973e8e844	C800	unix_ns	1784742096296159163	ns
c5-timing-event-v1	C5	native	measured	1024	294	1	2c113acda97348e8913acda973e8e844	C900	unix_ns	1784742096333736278	ns
c5-timing-event-v1	C5	native	measured	1024	295	1	baf6dc52c7bc4cdab6dc52c7bcbcda11	C010	unix_ns	1784742096256525432	ns
c5-timing-event-v1	C5	native	measured	1024	295	1	baf6dc52c7bc4cdab6dc52c7bcbcda11	C800	unix_ns	1784742096343610547	ns
c5-timing-event-v1	C5	native	measured	1024	295	1	baf6dc52c7bc4cdab6dc52c7bcbcda11	C900	unix_ns	1784742096391531741	ns
c5-timing-event-v1	C5	native	measured	1024	296	1	e417fdb9b40c432d97fdb9b40c232d2b	C010	unix_ns	1784742096312143236	ns
c5-timing-event-v1	C5	native	measured	1024	296	1	e417fdb9b40c432d97fdb9b40c232d2b	C800	unix_ns	1784742096395009914	ns
c5-timing-event-v1	C5	native	measured	1024	296	1	e417fdb9b40c432d97fdb9b40c232d2b	C900	unix_ns	1784742096645905974	ns
c5-timing-event-v1	C5	native	measured	1024	297	1	c67c4e365d994a49bc4e365d99ca49e8	C010	unix_ns	1784742096373296982	ns
c5-timing-event-v1	C5	native	measured	1024	297	1	c67c4e365d994a49bc4e365d99ca49e8	C800	unix_ns	1784742096446590886	ns
c5-timing-event-v1	C5	native	measured	1024	297	1	c67c4e365d994a49bc4e365d99ca49e8	C900	unix_ns	1784742096460355680	ns
c5-timing-event-v1	C5	native	measured	1024	298	1	7181e716a638428781e716a6380287f1	C010	unix_ns	1784742096425452458	ns
c5-timing-event-v1	C5	native	measured	1024	298	1	7181e716a638428781e716a6380287f1	C800	unix_ns	1784742096493162760	ns
c5-timing-event-v1	C5	native	measured	1024	298	1	7181e716a638428781e716a6380287f1	C900	unix_ns	1784742096726831675	ns
c5-timing-event-v1	C5	native	measured	1024	299	1	a5f76010de77416eb76010de77c16eea	C010	unix_ns	1784742096475643069	ns
c5-timing-event-v1	C5	native	measured	1024	299	1	a5f76010de77416eb76010de77c16eea	C800	unix_ns	1784742096544160167	ns
c5-timing-event-v1	C5	native	measured	1024	299	1	a5f76010de77416eb76010de77c16eea	C900	unix_ns	1784742096554978026	ns
c5-timing-event-v1	C5	native	measured	1024	300	1	333c0bbd70fd4a29bc0bbd70fd3a2982	C010	unix_ns	1784742096555380237	ns
c5-timing-event-v1	C5	native	measured	1024	300	1	333c0bbd70fd4a29bc0bbd70fd3a2982	C800	unix_ns	1784742096602584845	ns
c5-timing-event-v1	C5	native	measured	1024	300	1	333c0bbd70fd4a29bc0bbd70fd3a2982	C900	unix_ns	1784742096817690247	ns
