schema_version	experiment_id	profile	phase	size_bytes	logical_request_id	attempt_id	activation_id	event_code	clock_domain	timestamp_value	timestamp_unit
c3-timing-event-v1	C3	asyncs	measured	1024	1	1	e6c92890f6d14415892890f6d1441527	C010	unix_ns	1784861173707716391	ns
c3-timing-event-v1	C3	asyncs	measured	1024	1	1	e6c92890f6d14415892890f6d1441527	C800	unix_ns	1784861175720238122	ns
c3-timing-event-v1	C3	asyncs	measured	1024	1	1	e6c92890f6d14415892890f6d1441527	C900	unix_ns	1784861175976367908	ns
c3-timing-event-v1	C3	asyncs	measured	4096	2	1	938b4e3478da44c98b4e3478da94c994	C010	unix_ns	1784861175978953383	ns
c3-timing-event-v1	C3	asyncs	measured	4096	2	1	938b4e3478da44c98b4e3478da94c994	C800	unix_ns	1784861176057208971	ns
c3-timing-event-v1	C3	asyncs	measured	4096	2	1	938b4e3478da44c98b4e3478da94c994	C900	unix_ns	1784861176298582264	ns
c3-timing-event-v1	C3	asyncs	measured	16384	3	1	5170b84249444863b0b8424944286361	C010	unix_ns	1784861176301437335	ns
c3-timing-event-v1	C3	asyncs	measured	16384	3	1	5170b84249444863b0b8424944286361	C800	unix_ns	1784861176407196655	ns
c3-timing-event-v1	C3	asyncs	measured	16384	3	1	5170b84249444863b0b8424944286361	C900	unix_ns	1784861176437704311	ns
c3-timing-event-v1	C3	asyncs	measured	65536	4	1	b989afe84e7943d689afe84e79c3d677	C010	unix_ns	1784861176442120682	ns
c3-timing-event-v1	C3	asyncs	measured	65536	4	1	b989afe84e7943d689afe84e79c3d677	C800	unix_ns	1784861176557612781	ns
c3-timing-event-v1	C3	asyncs	measured	65536	4	1	b989afe84e7943d689afe84e79c3d677	C900	unix_ns	1784861176810149059	ns
c3-timing-event-v1	C3	asyncs	measured	262144	5	1	308291f3804d41048291f3804df1043d	C010	unix_ns	1784861176816581155	ns
c3-timing-event-v1	C3	asyncs	measured	262144	5	1	308291f3804d41048291f3804df1043d	C800	unix_ns	1784861177149386912	ns
c3-timing-event-v1	C3	asyncs	measured	262144	5	1	308291f3804d41048291f3804df1043d	C900	unix_ns	1784861177199190146	ns
c3-timing-event-v1	C3	asyncs	measured	1048576	6	1	60a1447e10b24ee3a1447e10b23ee306	C010	unix_ns	1784861177216436145	ns
c3-timing-event-v1	C3	asyncs	measured	1048576	6	1	60a1447e10b24ee3a1447e10b23ee306	C800	unix_ns	1784861178347513569	ns
c3-timing-event-v1	C3	asyncs	measured	1048576	6	1	60a1447e10b24ee3a1447e10b23ee306	C900	unix_ns	1784861178430889214	ns
c3-timing-event-v1	C3	asyncs	measured	4194304	7	1	ee40ec265c2d43c280ec265c2d23c2be	C010	unix_ns	1784861178508748436	ns
c3-timing-event-v1	C3	asyncs	measured	4194304	7	1	ee40ec265c2d43c280ec265c2d23c2be	C800	unix_ns	1784861182622510624	ns
c3-timing-event-v1	C3	asyncs	measured	4194304	7	1	ee40ec265c2d43c280ec265c2d23c2be	C900	unix_ns	1784861182962713047	ns
c3-timing-event-v1	C3	asyncs	measured	1024	8	1	e4d817511bec418d9817511bec318d1e	C010	unix_ns	1784861183031946068	ns
c3-timing-event-v1	C3	asyncs	measured	1024	8	1	e4d817511bec418d9817511bec318d1e	C800	unix_ns	1784861183086838359	ns
c3-timing-event-v1	C3	asyncs	measured	1024	8	1	e4d817511bec418d9817511bec318d1e	C900	unix_ns	1784861183102391480	ns
c3-timing-event-v1	C3	asyncs	measured	4096	9	1	be9d9ccccd7c48549d9ccccd7c385441	C010	unix_ns	1784861183107014203	ns
c3-timing-event-v1	C3	asyncs	measured	4096	9	1	be9d9ccccd7c48549d9ccccd7c385441	C800	unix_ns	1784861183150705844	ns
c3-timing-event-v1	C3	asyncs	measured	4096	9	1	be9d9ccccd7c48549d9ccccd7c385441	C900	unix_ns	1784861183171052191	ns
c3-timing-event-v1	C3	asyncs	measured	16384	10	1	0bc97c0dd5df4040897c0dd5df804050	C010	unix_ns	1784861183173835861	ns
c3-timing-event-v1	C3	asyncs	measured	16384	10	1	0bc97c0dd5df4040897c0dd5df804050	C800	unix_ns	1784861183247884371	ns
c3-timing-event-v1	C3	asyncs	measured	16384	10	1	0bc97c0dd5df4040897c0dd5df804050	C900	unix_ns	1784861183265800152	ns
c3-timing-event-v1	C3	asyncs	measured	65536	11	1	07b774fa187c43e9b774fa187c93e917	C010	unix_ns	1784861183269399341	ns
c3-timing-event-v1	C3	asyncs	measured	65536	11	1	07b774fa187c43e9b774fa187c93e917	C800	unix_ns	1784861183371286520	ns
c3-timing-event-v1	C3	asyncs	measured	65536	11	1	07b774fa187c43e9b774fa187c93e917	C900	unix_ns	1784861183396332604	ns
c3-timing-event-v1	C3	asyncs	measured	262144	12	1	6c539bec2cc74dcc939bec2cc77dcc6e	C010	unix_ns	1784861183401951898	ns
c3-timing-event-v1	C3	asyncs	measured	262144	12	1	6c539bec2cc74dcc939bec2cc77dcc6e	C800	unix_ns	1784861183692332418	ns
c3-timing-event-v1	C3	asyncs	measured	262144	12	1	6c539bec2cc74dcc939bec2cc77dcc6e	C900	unix_ns	1784861183945381877	ns
c3-timing-event-v1	C3	asyncs	measured	1048576	13	1	e0e5e725589941c4a5e7255899f1c471	C010	unix_ns	1784861183970161558	ns
c3-timing-event-v1	C3	asyncs	measured	1048576	13	1	e0e5e725589941c4a5e7255899f1c471	C800	unix_ns	1784861185020528418	ns
c3-timing-event-v1	C3	asyncs	measured	1048576	13	1	e0e5e725589941c4a5e7255899f1c471	C900	unix_ns	1784861185128522193	ns
c3-timing-event-v1	C3	asyncs	measured	4194304	14	1	c9d3b2a8f70b4ca893b2a8f70b1ca851	C010	unix_ns	1784861185206938982	ns
c3-timing-event-v1	C3	asyncs	measured	4194304	14	1	c9d3b2a8f70b4ca893b2a8f70b1ca851	C800	unix_ns	1784861189300621661	ns
c3-timing-event-v1	C3	asyncs	measured	4194304	14	1	c9d3b2a8f70b4ca893b2a8f70b1ca851	C900	unix_ns	1784861189623661861	ns
c3-timing-event-v1	C3	asyncs	measured	1024	15	1	4a06d1150973436586d115097313653c	C010	unix_ns	1784861189689062432	ns
c3-timing-event-v1	C3	asyncs	measured	1024	15	1	4a06d1150973436586d115097313653c	C800	unix_ns	1784861189739601454	ns
c3-timing-event-v1	C3	asyncs	measured	1024	15	1	4a06d1150973436586d115097313653c	C900	unix_ns	1784861189757044767	ns
c3-timing-event-v1	C3	asyncs	measured	4096	16	1	ce1732959af648119732959af698110e	C010	unix_ns	1784861189765222491	ns
c3-timing-event-v1	C3	asyncs	measured	4096	16	1	ce1732959af648119732959af698110e	C800	unix_ns	1784861189820914652	ns
c3-timing-event-v1	C3	asyncs	measured	4096	16	1	ce1732959af648119732959af698110e	C900	unix_ns	1784861189836050225	ns
c3-timing-event-v1	C3	asyncs	measured	16384	17	1	9006a2e62cca4e2986a2e62cca0e29c6	C010	unix_ns	1784861189839422500	ns
c3-timing-event-v1	C3	asyncs	measured	16384	17	1	9006a2e62cca4e2986a2e62cca0e29c6	C800	unix_ns	1784861189882308862	ns
c3-timing-event-v1	C3	asyncs	measured	16384	17	1	9006a2e62cca4e2986a2e62cca0e29c6	C900	unix_ns	1784861189901071227	ns
c3-timing-event-v1	C3	asyncs	measured	65536	18	1	a78fa94e104846528fa94e1048e652fc	C010	unix_ns	1784861189905080979	ns
c3-timing-event-v1	C3	asyncs	measured	65536	18	1	a78fa94e104846528fa94e1048e652fc	C800	unix_ns	1784861190006563794	ns
c3-timing-event-v1	C3	asyncs	measured	65536	18	1	a78fa94e104846528fa94e1048e652fc	C900	unix_ns	1784861190026485890	ns
c3-timing-event-v1	C3	asyncs	measured	262144	19	1	eb31c7e1adf84304b1c7e1adf863046e	C010	unix_ns	1784861190032886136	ns
c3-timing-event-v1	C3	asyncs	measured	262144	19	1	eb31c7e1adf84304b1c7e1adf863046e	C800	unix_ns	1784861190351899583	ns
c3-timing-event-v1	C3	asyncs	measured	262144	19	1	eb31c7e1adf84304b1c7e1adf863046e	C900	unix_ns	1784861190386094073	ns
c3-timing-event-v1	C3	asyncs	measured	1048576	20	1	c2f7610f66bc4099b7610f66bc109942	C010	unix_ns	1784861190409065689	ns
c3-timing-event-v1	C3	asyncs	measured	1048576	20	1	c2f7610f66bc4099b7610f66bc109942	C800	unix_ns	1784861191399629341	ns
c3-timing-event-v1	C3	asyncs	measured	1048576	20	1	c2f7610f66bc4099b7610f66bc109942	C900	unix_ns	1784861191468782909	ns
c3-timing-event-v1	C3	asyncs	measured	4194304	21	1	1ffbbe1184774660bbbe118477b66048	C010	unix_ns	1784861191535519503	ns
c3-timing-event-v1	C3	asyncs	measured	4194304	21	1	1ffbbe1184774660bbbe118477b66048	C800	unix_ns	1784861195527177385	ns
c3-timing-event-v1	C3	asyncs	measured	4194304	21	1	1ffbbe1184774660bbbe118477b66048	C900	unix_ns	1784861195837260580	ns
c3-timing-event-v1	C3	asyncs	measured	1024	22	1	f2ec44efe8c74e73ac44efe8c77e731d	C010	unix_ns	1784861195935804742	ns
c3-timing-event-v1	C3	asyncs	measured	1024	22	1	f2ec44efe8c74e73ac44efe8c77e731d	C800	unix_ns	1784861195987148473	ns
c3-timing-event-v1	C3	asyncs	measured	1024	22	1	f2ec44efe8c74e73ac44efe8c77e731d	C900	unix_ns	1784861196000316854	ns
c3-timing-event-v1	C3	asyncs	measured	4096	23	1	11e04baa2d1b407da04baa2d1bc07ddc	C010	unix_ns	1784861196007884869	ns
c3-timing-event-v1	C3	asyncs	measured	4096	23	1	11e04baa2d1b407da04baa2d1bc07ddc	C800	unix_ns	1784861196047520464	ns
c3-timing-event-v1	C3	asyncs	measured	4096	23	1	11e04baa2d1b407da04baa2d1bc07ddc	C900	unix_ns	1784861196063139001	ns
c3-timing-event-v1	C3	asyncs	measured	16384	24	1	dbd6361303184e3296361303183e32c4	C010	unix_ns	1784861196066857153	ns
c3-timing-event-v1	C3	asyncs	measured	16384	24	1	dbd6361303184e3296361303183e32c4	C800	unix_ns	1784861196123051309	ns
c3-timing-event-v1	C3	asyncs	measured	16384	24	1	dbd6361303184e3296361303183e32c4	C900	unix_ns	1784861196135774231	ns
c3-timing-event-v1	C3	asyncs	measured	65536	25	1	33a39e0dddd0431aa39e0dddd0d31ad6	C010	unix_ns	1784861196140241925	ns
c3-timing-event-v1	C3	asyncs	measured	65536	25	1	33a39e0dddd0431aa39e0dddd0d31ad6	C800	unix_ns	1784861196242431270	ns
c3-timing-event-v1	C3	asyncs	measured	65536	25	1	33a39e0dddd0431aa39e0dddd0d31ad6	C900	unix_ns	1784861196263681924	ns
c3-timing-event-v1	C3	asyncs	measured	262144	26	1	91ff1d7813014b23bf1d7813018b23fa	C010	unix_ns	1784861196270201930	ns
c3-timing-event-v1	C3	asyncs	measured	262144	26	1	91ff1d7813014b23bf1d7813018b23fa	C800	unix_ns	1784861196604486704	ns
c3-timing-event-v1	C3	asyncs	measured	262144	26	1	91ff1d7813014b23bf1d7813018b23fa	C900	unix_ns	1784861196631488157	ns
c3-timing-event-v1	C3	asyncs	measured	1048576	27	1	12e07a1642ee419ca07a1642ee319c5e	C010	unix_ns	1784861196651048325	ns
c3-timing-event-v1	C3	asyncs	measured	1048576	27	1	12e07a1642ee419ca07a1642ee319c5e	C800	unix_ns	1784861197634694370	ns
c3-timing-event-v1	C3	asyncs	measured	1048576	27	1	12e07a1642ee419ca07a1642ee319c5e	C900	unix_ns	1784861197731707017	ns
c3-timing-event-v1	C3	asyncs	measured	4194304	28	1	0de8b86611b74009a8b86611b740091d	C010	unix_ns	1784861197805020262	ns
c3-timing-event-v1	C3	asyncs	measured	4194304	28	1	0de8b86611b74009a8b86611b740091d	C800	unix_ns	1784861201650224554	ns
c3-timing-event-v1	C3	asyncs	measured	4194304	28	1	0de8b86611b74009a8b86611b740091d	C900	unix_ns	1784861201935688000	ns
c3-timing-event-v1	C3	asyncs	measured	1024	29	1	b353251939f54fbe93251939f56fbecf	C010	unix_ns	1784861202011302929	ns
c3-timing-event-v1	C3	asyncs	measured	1024	29	1	b353251939f54fbe93251939f56fbecf	C800	unix_ns	1784861202055821684	ns
c3-timing-event-v1	C3	asyncs	measured	1024	29	1	b353251939f54fbe93251939f56fbecf	C900	unix_ns	1784861202074337488	ns
c3-timing-event-v1	C3	asyncs	measured	4096	30	1	dee0201c76214f07a0201c76218f07ee	C010	unix_ns	1784861202079846800	ns
c3-timing-event-v1	C3	asyncs	measured	4096	30	1	dee0201c76214f07a0201c76218f07ee	C800	unix_ns	1784861202127831790	ns
c3-timing-event-v1	C3	asyncs	measured	4096	30	1	dee0201c76214f07a0201c76218f07ee	C900	unix_ns	1784861202142526342	ns
c3-timing-event-v1	C3	asyncs	measured	16384	31	1	39d9407a1b79420699407a1b79e206e7	C010	unix_ns	1784861202146334434	ns
c3-timing-event-v1	C3	asyncs	measured	16384	31	1	39d9407a1b79420699407a1b79e206e7	C800	unix_ns	1784861202194310463	ns
c3-timing-event-v1	C3	asyncs	measured	16384	31	1	39d9407a1b79420699407a1b79e206e7	C900	unix_ns	1784861202212780462	ns
c3-timing-event-v1	C3	asyncs	measured	65536	32	1	8e0585c17a984c478585c17a985c47d8	C010	unix_ns	1784861202216132775	ns
c3-timing-event-v1	C3	asyncs	measured	65536	32	1	8e0585c17a984c478585c17a985c47d8	C800	unix_ns	1784861202311281086	ns
c3-timing-event-v1	C3	asyncs	measured	65536	32	1	8e0585c17a984c478585c17a985c47d8	C900	unix_ns	1784861202323624724	ns
c3-timing-event-v1	C3	asyncs	measured	262144	33	1	533b2f0c982b461ebb2f0c982b661e37	C010	unix_ns	1784861202329518238	ns
c3-timing-event-v1	C3	asyncs	measured	262144	33	1	533b2f0c982b461ebb2f0c982b661e37	C800	unix_ns	1784861202630245754	ns
c3-timing-event-v1	C3	asyncs	measured	262144	33	1	533b2f0c982b461ebb2f0c982b661e37	C900	unix_ns	1784861202662009647	ns
c3-timing-event-v1	C3	asyncs	measured	1048576	34	1	f3d9a43cc67c49d599a43cc67cd9d55b	C010	unix_ns	1784861202684988410	ns
c3-timing-event-v1	C3	asyncs	measured	1048576	34	1	f3d9a43cc67c49d599a43cc67cd9d55b	C800	unix_ns	1784861203660783737	ns
c3-timing-event-v1	C3	asyncs	measured	1048576	34	1	f3d9a43cc67c49d599a43cc67cd9d55b	C900	unix_ns	1784861203723166614	ns
c3-timing-event-v1	C3	asyncs	measured	4194304	35	1	3fcc8f346bc546238c8f346bc536237e	C010	unix_ns	1784861203786150156	ns
c3-timing-event-v1	C3	asyncs	measured	4194304	35	1	3fcc8f346bc546238c8f346bc536237e	C800	unix_ns	1784861207631424589	ns
c3-timing-event-v1	C3	asyncs	measured	4194304	35	1	3fcc8f346bc546238c8f346bc536237e	C900	unix_ns	1784861207930800185	ns
c3-timing-event-v1	C3	asyncs	measured	1024	36	1	1df21625ca7748c1b21625ca7798c149	C010	unix_ns	1784861208036975438	ns
c3-timing-event-v1	C3	asyncs	measured	1024	36	1	1df21625ca7748c1b21625ca7798c149	C800	unix_ns	1784861208083821617	ns
c3-timing-event-v1	C3	asyncs	measured	1024	36	1	1df21625ca7748c1b21625ca7798c149	C900	unix_ns	1784861208094501354	ns
c3-timing-event-v1	C3	asyncs	measured	4096	37	1	c1d953dd405c43f09953dd405c23f09d	C010	unix_ns	1784861208100002284	ns
c3-timing-event-v1	C3	asyncs	measured	4096	37	1	c1d953dd405c43f09953dd405c23f09d	C800	unix_ns	1784861208146327008	ns
c3-timing-event-v1	C3	asyncs	measured	4096	37	1	c1d953dd405c43f09953dd405c23f09d	C900	unix_ns	1784861208158780564	ns
c3-timing-event-v1	C3	asyncs	measured	16384	38	1	2090ce9e5611450a90ce9e5611c50a69	C010	unix_ns	1784861208161865090	ns
c3-timing-event-v1	C3	asyncs	measured	16384	38	1	2090ce9e5611450a90ce9e5611c50a69	C800	unix_ns	1784861208209372834	ns
c3-timing-event-v1	C3	asyncs	measured	16384	38	1	2090ce9e5611450a90ce9e5611c50a69	C900	unix_ns	1784861208223844679	ns
c3-timing-event-v1	C3	asyncs	measured	65536	39	1	7666e92ed8a94f8da6e92ed8a9ff8d80	C010	unix_ns	1784861208228592552	ns
c3-timing-event-v1	C3	asyncs	measured	65536	39	1	7666e92ed8a94f8da6e92ed8a9ff8d80	C800	unix_ns	1784861208324580861	ns
c3-timing-event-v1	C3	asyncs	measured	65536	39	1	7666e92ed8a94f8da6e92ed8a9ff8d80	C900	unix_ns	1784861208340476222	ns
c3-timing-event-v1	C3	asyncs	measured	262144	40	1	7f9a1b44b58040879a1b44b580708797	C010	unix_ns	1784861208350068238	ns
c3-timing-event-v1	C3	asyncs	measured	262144	40	1	7f9a1b44b58040879a1b44b580708797	C800	unix_ns	1784861208620344780	ns
c3-timing-event-v1	C3	asyncs	measured	262144	40	1	7f9a1b44b58040879a1b44b580708797	C900	unix_ns	1784861208651504227	ns
c3-timing-event-v1	C3	asyncs	measured	1048576	41	1	c95e15aa3b654f109e15aa3b656f10e3	C010	unix_ns	1784861208678777004	ns
c3-timing-event-v1	C3	asyncs	measured	1048576	41	1	c95e15aa3b654f109e15aa3b656f10e3	C800	unix_ns	1784861209657386561	ns
c3-timing-event-v1	C3	asyncs	measured	1048576	41	1	c95e15aa3b654f109e15aa3b656f10e3	C900	unix_ns	1784861209730307992	ns
c3-timing-event-v1	C3	asyncs	measured	4194304	42	1	c5d59b5921c9419b959b5921c9419b7a	C010	unix_ns	1784861209799937721	ns
c3-timing-event-v1	C3	asyncs	measured	4194304	42	1	c5d59b5921c9419b959b5921c9419b7a	C800	unix_ns	1784861213705725794	ns
c3-timing-event-v1	C3	asyncs	measured	4194304	42	1	c5d59b5921c9419b959b5921c9419b7a	C900	unix_ns	1784861214001783685	ns
c3-timing-event-v1	C3	asyncs	measured	1024	43	1	0a82f2b01998481d82f2b01998e81dd4	C010	unix_ns	1784861214081848790	ns
c3-timing-event-v1	C3	asyncs	measured	1024	43	1	0a82f2b01998481d82f2b01998e81dd4	C800	unix_ns	1784861214122727130	ns
c3-timing-event-v1	C3	asyncs	measured	1024	43	1	0a82f2b01998481d82f2b01998e81dd4	C900	unix_ns	1784861214134716574	ns
c3-timing-event-v1	C3	asyncs	measured	4096	44	1	7db8ba4fae934cd5b8ba4fae93acd5f7	C010	unix_ns	1784861214141384240	ns
c3-timing-event-v1	C3	asyncs	measured	4096	44	1	7db8ba4fae934cd5b8ba4fae93acd5f7	C800	unix_ns	1784861214190927667	ns
c3-timing-event-v1	C3	asyncs	measured	4096	44	1	7db8ba4fae934cd5b8ba4fae93acd5f7	C900	unix_ns	1784861214202683105	ns
c3-timing-event-v1	C3	asyncs	measured	16384	45	1	c9e75fbaa9a849a5a75fbaa9a869a5c4	C010	unix_ns	1784861214205815676	ns
c3-timing-event-v1	C3	asyncs	measured	16384	45	1	c9e75fbaa9a849a5a75fbaa9a869a5c4	C800	unix_ns	1784861214253943213	ns
c3-timing-event-v1	C3	asyncs	measured	16384	45	1	c9e75fbaa9a849a5a75fbaa9a869a5c4	C900	unix_ns	1784861214266082279	ns
c3-timing-event-v1	C3	asyncs	measured	65536	46	1	794a249cce7f4bb38a249cce7f7bb39b	C010	unix_ns	1784861214271281739	ns
c3-timing-event-v1	C3	asyncs	measured	65536	46	1	794a249cce7f4bb38a249cce7f7bb39b	C800	unix_ns	1784861214361040367	ns
c3-timing-event-v1	C3	asyncs	measured	65536	46	1	794a249cce7f4bb38a249cce7f7bb39b	C900	unix_ns	1784861214602328169	ns
c3-timing-event-v1	C3	asyncs	measured	262144	47	1	19d50caac1ec43e9950caac1ec63e944	C010	unix_ns	1784861214608929937	ns
c3-timing-event-v1	C3	asyncs	measured	262144	47	1	19d50caac1ec43e9950caac1ec63e944	C800	unix_ns	1784861214922251291	ns
c3-timing-event-v1	C3	asyncs	measured	262144	47	1	19d50caac1ec43e9950caac1ec63e944	C900	unix_ns	1784861214946745690	ns
c3-timing-event-v1	C3	asyncs	measured	1048576	48	1	a3485df4a90a4ed2885df4a90aced2b4	C010	unix_ns	1784861214965873233	ns
c3-timing-event-v1	C3	asyncs	measured	1048576	48	1	a3485df4a90a4ed2885df4a90aced2b4	C800	unix_ns	1784861215913410227	ns
c3-timing-event-v1	C3	asyncs	measured	1048576	48	1	a3485df4a90a4ed2885df4a90aced2b4	C900	unix_ns	1784861215983715117	ns
c3-timing-event-v1	C3	asyncs	measured	4194304	49	1	505167411865469f9167411865469f30	C010	unix_ns	1784861216048704788	ns
c3-timing-event-v1	C3	asyncs	measured	4194304	49	1	505167411865469f9167411865469f30	C800	unix_ns	1784861219835620302	ns
c3-timing-event-v1	C3	asyncs	measured	4194304	49	1	505167411865469f9167411865469f30	C900	unix_ns	1784861220086077196	ns
c3-timing-event-v1	C3	asyncs	measured	1024	50	1	1172808f6d524fd1b2808f6d52afd193	C010	unix_ns	1784861220151059086	ns
c3-timing-event-v1	C3	asyncs	measured	1024	50	1	1172808f6d524fd1b2808f6d52afd193	C800	unix_ns	1784861220199206001	ns
c3-timing-event-v1	C3	asyncs	measured	1024	50	1	1172808f6d524fd1b2808f6d52afd193	C900	unix_ns	1784861220209792411	ns
c3-timing-event-v1	C3	asyncs	measured	4096	51	1	f249469e2d68400a89469e2d68400ad8	C010	unix_ns	1784861220216354972	ns
c3-timing-event-v1	C3	asyncs	measured	4096	51	1	f249469e2d68400a89469e2d68400ad8	C800	unix_ns	1784861220257018552	ns
c3-timing-event-v1	C3	asyncs	measured	4096	51	1	f249469e2d68400a89469e2d68400ad8	C900	unix_ns	1784861220269632148	ns
c3-timing-event-v1	C3	asyncs	measured	16384	52	1	26dfd59b7a8345fa9fd59b7a8395fa57	C010	unix_ns	1784861220272873041	ns
c3-timing-event-v1	C3	asyncs	measured	16384	52	1	26dfd59b7a8345fa9fd59b7a8395fa57	C800	unix_ns	1784861220317011953	ns
c3-timing-event-v1	C3	asyncs	measured	16384	52	1	26dfd59b7a8345fa9fd59b7a8395fa57	C900	unix_ns	1784861220329363067	ns
c3-timing-event-v1	C3	asyncs	measured	65536	53	1	95b52d4015db41e9b52d4015db11e911	C010	unix_ns	1784861220333559272	ns
c3-timing-event-v1	C3	asyncs	measured	65536	53	1	95b52d4015db41e9b52d4015db11e911	C800	unix_ns	1784861220428452371	ns
c3-timing-event-v1	C3	asyncs	measured	65536	53	1	95b52d4015db41e9b52d4015db11e911	C900	unix_ns	1784861220441640313	ns
c3-timing-event-v1	C3	asyncs	measured	262144	54	1	a9609389d7f04fe2a09389d7f0bfe2f7	C010	unix_ns	1784861220448599798	ns
c3-timing-event-v1	C3	asyncs	measured	262144	54	1	a9609389d7f04fe2a09389d7f0bfe2f7	C800	unix_ns	1784861220869168900	ns
c3-timing-event-v1	C3	asyncs	measured	262144	54	1	a9609389d7f04fe2a09389d7f0bfe2f7	C900	unix_ns	1784861220900868700	ns
c3-timing-event-v1	C3	asyncs	measured	1048576	55	1	37830b99266a4698830b99266a669843	C010	unix_ns	1784861220919973846	ns
c3-timing-event-v1	C3	asyncs	measured	1048576	55	1	37830b99266a4698830b99266a669843	C800	unix_ns	1784861221879252014	ns
c3-timing-event-v1	C3	asyncs	measured	1048576	55	1	37830b99266a4698830b99266a669843	C900	unix_ns	1784861221943658897	ns
c3-timing-event-v1	C3	asyncs	measured	4194304	56	1	4478c2154f3b4c26b8c2154f3b5c2699	C010	unix_ns	1784861222009132728	ns
c3-timing-event-v1	C3	asyncs	measured	4194304	56	1	4478c2154f3b4c26b8c2154f3b5c2699	C800	unix_ns	1784861225785040663	ns
c3-timing-event-v1	C3	asyncs	measured	4194304	56	1	4478c2154f3b4c26b8c2154f3b5c2699	C900	unix_ns	1784861226060483244	ns
c3-timing-event-v1	C3	asyncs	measured	1024	57	1	f10933dceb3a44ad8933dceb3a24adec	C010	unix_ns	1784861226129367087	ns
c3-timing-event-v1	C3	asyncs	measured	1024	57	1	f10933dceb3a44ad8933dceb3a24adec	C800	unix_ns	1784861226173037977	ns
c3-timing-event-v1	C3	asyncs	measured	1024	57	1	f10933dceb3a44ad8933dceb3a24adec	C900	unix_ns	1784861226190614809	ns
c3-timing-event-v1	C3	asyncs	measured	4096	58	1	501eef18666c4b0e9eef18666c6b0e60	C010	unix_ns	1784861226197039697	ns
c3-timing-event-v1	C3	asyncs	measured	4096	58	1	501eef18666c4b0e9eef18666c6b0e60	C800	unix_ns	1784861226235856819	ns
c3-timing-event-v1	C3	asyncs	measured	4096	58	1	501eef18666c4b0e9eef18666c6b0e60	C900	unix_ns	1784861226246979127	ns
c3-timing-event-v1	C3	asyncs	measured	16384	59	1	87bf375a0b7b449cbf375a0b7bd49c5f	C010	unix_ns	1784861226250553497	ns
c3-timing-event-v1	C3	asyncs	measured	16384	59	1	87bf375a0b7b449cbf375a0b7bd49c5f	C800	unix_ns	1784861226293750459	ns
c3-timing-event-v1	C3	asyncs	measured	16384	59	1	87bf375a0b7b449cbf375a0b7bd49c5f	C900	unix_ns	1784861226312252472	ns
c3-timing-event-v1	C3	asyncs	measured	65536	60	1	0ec781ffe9b140ba8781ffe9b1d0ba4d	C010	unix_ns	1784861226316560741	ns
c3-timing-event-v1	C3	asyncs	measured	65536	60	1	0ec781ffe9b140ba8781ffe9b1d0ba4d	C800	unix_ns	1784861226413593776	ns
c3-timing-event-v1	C3	asyncs	measured	65536	60	1	0ec781ffe9b140ba8781ffe9b1d0ba4d	C900	unix_ns	1784861226426561236	ns
c3-timing-event-v1	C3	asyncs	measured	262144	61	1	24a63115637041f7a63115637061f770	C010	unix_ns	1784861226434698897	ns
c3-timing-event-v1	C3	asyncs	measured	262144	61	1	24a63115637041f7a63115637061f770	C800	unix_ns	1784861226706098289	ns
c3-timing-event-v1	C3	asyncs	measured	262144	61	1	24a63115637041f7a63115637061f770	C900	unix_ns	1784861226736624161	ns
c3-timing-event-v1	C3	asyncs	measured	1048576	62	1	ca01ca764cf64dc281ca764cf63dc21d	C010	unix_ns	1784861226754920570	ns
c3-timing-event-v1	C3	asyncs	measured	1048576	62	1	ca01ca764cf64dc281ca764cf63dc21d	C800	unix_ns	1784861227826316158	ns
c3-timing-event-v1	C3	asyncs	measured	1048576	62	1	ca01ca764cf64dc281ca764cf63dc21d	C900	unix_ns	1784861227896846104	ns
c3-timing-event-v1	C3	asyncs	measured	4194304	63	1	e4ee0e8d23cf458eae0e8d23cf958eae	C010	unix_ns	1784861227959318917	ns
c3-timing-event-v1	C3	asyncs	measured	4194304	63	1	e4ee0e8d23cf458eae0e8d23cf958eae	C800	unix_ns	1784861231749572942	ns
c3-timing-event-v1	C3	asyncs	measured	4194304	63	1	e4ee0e8d23cf458eae0e8d23cf958eae	C900	unix_ns	1784861232049070571	ns
c3-timing-event-v1	C3	asyncs	measured	1024	64	1	118f787c8b3641228f787c8b36212291	C010	unix_ns	1784861232121669285	ns
c3-timing-event-v1	C3	asyncs	measured	1024	64	1	118f787c8b3641228f787c8b36212291	C800	unix_ns	1784861232167452672	ns
c3-timing-event-v1	C3	asyncs	measured	1024	64	1	118f787c8b3641228f787c8b36212291	C900	unix_ns	1784861232195789075	ns
c3-timing-event-v1	C3	asyncs	measured	4096	65	1	f6fc687384f84f0dbc687384f81f0d1e	C010	unix_ns	1784861232205023749	ns
c3-timing-event-v1	C3	asyncs	measured	4096	65	1	f6fc687384f84f0dbc687384f81f0d1e	C800	unix_ns	1784861232237985372	ns
c3-timing-event-v1	C3	asyncs	measured	4096	65	1	f6fc687384f84f0dbc687384f81f0d1e	C900	unix_ns	1784861232251902959	ns
c3-timing-event-v1	C3	asyncs	measured	16384	66	1	3c4d98d44e0d4b768d98d44e0dab7680	C010	unix_ns	1784861232256054024	ns
c3-timing-event-v1	C3	asyncs	measured	16384	66	1	3c4d98d44e0d4b768d98d44e0dab7680	C800	unix_ns	1784861232308600415	ns
c3-timing-event-v1	C3	asyncs	measured	16384	66	1	3c4d98d44e0d4b768d98d44e0dab7680	C900	unix_ns	1784861232334606947	ns
c3-timing-event-v1	C3	asyncs	measured	65536	67	1	3fe1744f83e64139a1744f83e69139bf	C010	unix_ns	1784861232340240226	ns
c3-timing-event-v1	C3	asyncs	measured	65536	67	1	3fe1744f83e64139a1744f83e69139bf	C800	unix_ns	1784861232426982481	ns
c3-timing-event-v1	C3	asyncs	measured	65536	67	1	3fe1744f83e64139a1744f83e69139bf	C900	unix_ns	1784861232441015109	ns
c3-timing-event-v1	C3	asyncs	measured	262144	68	1	ad3bb705d1cc4538bbb705d1cc253805	C010	unix_ns	1784861232447885937	ns
c3-timing-event-v1	C3	asyncs	measured	262144	68	1	ad3bb705d1cc4538bbb705d1cc253805	C800	unix_ns	1784861232769093264	ns
c3-timing-event-v1	C3	asyncs	measured	262144	68	1	ad3bb705d1cc4538bbb705d1cc253805	C900	unix_ns	1784861233012131447	ns
c3-timing-event-v1	C3	asyncs	measured	1048576	69	1	d034e3c2532149cdb4e3c2532199cdf9	C010	unix_ns	1784861233030849349	ns
c3-timing-event-v1	C3	asyncs	measured	1048576	69	1	d034e3c2532149cdb4e3c2532199cdf9	C800	unix_ns	1784861233973815349	ns
c3-timing-event-v1	C3	asyncs	measured	1048576	69	1	d034e3c2532149cdb4e3c2532199cdf9	C900	unix_ns	1784861234034917711	ns
c3-timing-event-v1	C3	asyncs	measured	4194304	70	1	14628fff18954303a28fff18956303c7	C010	unix_ns	1784861234100202430	ns
c3-timing-event-v1	C3	asyncs	measured	4194304	70	1	14628fff18954303a28fff18956303c7	C800	unix_ns	1784861237872104874	ns
c3-timing-event-v1	C3	asyncs	measured	4194304	70	1	14628fff18954303a28fff18956303c7	C900	unix_ns	1784861238074483631	ns
c3-timing-event-v1	C3	asyncs	measured	1024	71	1	1ce634615d9e47cea634615d9ee7ce93	C010	unix_ns	1784861238138804636	ns
c3-timing-event-v1	C3	asyncs	measured	1024	71	1	1ce634615d9e47cea634615d9ee7ce93	C800	unix_ns	1784861238175424660	ns
c3-timing-event-v1	C3	asyncs	measured	1024	71	1	1ce634615d9e47cea634615d9ee7ce93	C900	unix_ns	1784861238188648904	ns
c3-timing-event-v1	C3	asyncs	measured	4096	72	1	bb49e61a5ec54f9489e61a5ec55f949d	C010	unix_ns	1784861238195957145	ns
c3-timing-event-v1	C3	asyncs	measured	4096	72	1	bb49e61a5ec54f9489e61a5ec55f949d	C800	unix_ns	1784861238233127087	ns
c3-timing-event-v1	C3	asyncs	measured	4096	72	1	bb49e61a5ec54f9489e61a5ec55f949d	C900	unix_ns	1784861238245368122	ns
c3-timing-event-v1	C3	asyncs	measured	16384	73	1	356c3bc1294548fcac3bc12945e8fcc6	C010	unix_ns	1784861238249459228	ns
c3-timing-event-v1	C3	asyncs	measured	16384	73	1	356c3bc1294548fcac3bc12945e8fcc6	C800	unix_ns	1784861238303604082	ns
c3-timing-event-v1	C3	asyncs	measured	16384	73	1	356c3bc1294548fcac3bc12945e8fcc6	C900	unix_ns	1784861238318602562	ns
c3-timing-event-v1	C3	asyncs	measured	65536	74	1	bb10cf50fbfb4e9890cf50fbfb4e981e	C010	unix_ns	1784861238324833494	ns
c3-timing-event-v1	C3	asyncs	measured	65536	74	1	bb10cf50fbfb4e9890cf50fbfb4e981e	C800	unix_ns	1784861238406593693	ns
c3-timing-event-v1	C3	asyncs	measured	65536	74	1	bb10cf50fbfb4e9890cf50fbfb4e981e	C900	unix_ns	1784861238639212300	ns
c3-timing-event-v1	C3	asyncs	measured	262144	75	1	c7e353db39364144a353db393601447b	C010	unix_ns	1784861238646606980	ns
c3-timing-event-v1	C3	asyncs	measured	262144	75	1	c7e353db39364144a353db393601447b	C800	unix_ns	1784861238918151076	ns
c3-timing-event-v1	C3	asyncs	measured	262144	75	1	c7e353db39364144a353db393601447b	C900	unix_ns	1784861238940763401	ns
c3-timing-event-v1	C3	asyncs	measured	1048576	76	1	5e00e73b45f546ef80e73b45f5b6ef30	C010	unix_ns	1784861238960017435	ns
c3-timing-event-v1	C3	asyncs	measured	1048576	76	1	5e00e73b45f546ef80e73b45f5b6ef30	C800	unix_ns	1784861239956533567	ns
c3-timing-event-v1	C3	asyncs	measured	1048576	76	1	5e00e73b45f546ef80e73b45f5b6ef30	C900	unix_ns	1784861240028920550	ns
c3-timing-event-v1	C3	asyncs	measured	4194304	77	1	ede955553a0d4654a955553a0d8654e1	C010	unix_ns	1784861240095572969	ns
c3-timing-event-v1	C3	asyncs	measured	4194304	77	1	ede955553a0d4654a955553a0d8654e1	C800	unix_ns	1784861243916441146	ns
c3-timing-event-v1	C3	asyncs	measured	4194304	77	1	ede955553a0d4654a955553a0d8654e1	C900	unix_ns	1784861244139482751	ns
c3-timing-event-v1	C3	asyncs	measured	1024	78	1	903a1e82d34e4871ba1e82d34ec87174	C010	unix_ns	1784861244203854056	ns
c3-timing-event-v1	C3	asyncs	measured	1024	78	1	903a1e82d34e4871ba1e82d34ec87174	C800	unix_ns	1784861244237908945	ns
c3-timing-event-v1	C3	asyncs	measured	1024	78	1	903a1e82d34e4871ba1e82d34ec87174	C900	unix_ns	1784861244258103549	ns
c3-timing-event-v1	C3	asyncs	measured	4096	79	1	9d63808e98924340a3808e9892c340b2	C010	unix_ns	1784861244265770270	ns
c3-timing-event-v1	C3	asyncs	measured	4096	79	1	9d63808e98924340a3808e9892c340b2	C800	unix_ns	1784861244322919144	ns
c3-timing-event-v1	C3	asyncs	measured	4096	79	1	9d63808e98924340a3808e9892c340b2	C900	unix_ns	1784861244334150319	ns
c3-timing-event-v1	C3	asyncs	measured	16384	80	1	9cfa2884e96d44d6ba2884e96dc4d605	C010	unix_ns	1784861244339172706	ns
c3-timing-event-v1	C3	asyncs	measured	16384	80	1	9cfa2884e96d44d6ba2884e96dc4d605	C800	unix_ns	1784861244395694375	ns
c3-timing-event-v1	C3	asyncs	measured	16384	80	1	9cfa2884e96d44d6ba2884e96dc4d605	C900	unix_ns	1784861244406579115	ns
c3-timing-event-v1	C3	asyncs	measured	65536	81	1	8a8c0981d0a7491b8c0981d0a7d91b3b	C010	unix_ns	1784861244412648647	ns
c3-timing-event-v1	C3	asyncs	measured	65536	81	1	8a8c0981d0a7491b8c0981d0a7d91b3b	C800	unix_ns	1784861244507269874	ns
c3-timing-event-v1	C3	asyncs	measured	65536	81	1	8a8c0981d0a7491b8c0981d0a7d91b3b	C900	unix_ns	1784861244524866108	ns
c3-timing-event-v1	C3	asyncs	measured	262144	82	1	22e3d4b128224c15a3d4b128223c15f9	C010	unix_ns	1784861244531800904	ns
c3-timing-event-v1	C3	asyncs	measured	262144	82	1	22e3d4b128224c15a3d4b128223c15f9	C800	unix_ns	1784861244818778371	ns
c3-timing-event-v1	C3	asyncs	measured	262144	82	1	22e3d4b128224c15a3d4b128223c15f9	C900	unix_ns	1784861244841983040	ns
c3-timing-event-v1	C3	asyncs	measured	1048576	83	1	ac0bfc12b9984bd48bfc12b9980bd484	C010	unix_ns	1784861244861038176	ns
c3-timing-event-v1	C3	asyncs	measured	1048576	83	1	ac0bfc12b9984bd48bfc12b9980bd484	C800	unix_ns	1784861245869040206	ns
c3-timing-event-v1	C3	asyncs	measured	1048576	83	1	ac0bfc12b9984bd48bfc12b9980bd484	C900	unix_ns	1784861245973644602	ns
c3-timing-event-v1	C3	asyncs	measured	4194304	84	1	15c9c11bb5fa449b89c11bb5fa449b05	C010	unix_ns	1784861246045669815	ns
c3-timing-event-v1	C3	asyncs	measured	4194304	84	1	15c9c11bb5fa449b89c11bb5fa449b05	C800	unix_ns	1784861249839505759	ns
c3-timing-event-v1	C3	asyncs	measured	4194304	84	1	15c9c11bb5fa449b89c11bb5fa449b05	C900	unix_ns	1784861250062629057	ns
c3-timing-event-v1	C3	asyncs	measured	1024	85	1	cf886d9c6c484257886d9c6c484257d6	C010	unix_ns	1784861250128988528	ns
c3-timing-event-v1	C3	asyncs	measured	1024	85	1	cf886d9c6c484257886d9c6c484257d6	C800	unix_ns	1784861250165600358	ns
c3-timing-event-v1	C3	asyncs	measured	1024	85	1	cf886d9c6c484257886d9c6c484257d6	C900	unix_ns	1784861250178928823	ns
c3-timing-event-v1	C3	asyncs	measured	4096	86	1	603fac8b26bd453bbfac8b26bd753b03	C010	unix_ns	1784861250188187780	ns
c3-timing-event-v1	C3	asyncs	measured	4096	86	1	603fac8b26bd453bbfac8b26bd753b03	C800	unix_ns	1784861250229535722	ns
c3-timing-event-v1	C3	asyncs	measured	4096	86	1	603fac8b26bd453bbfac8b26bd753b03	C900	unix_ns	1784861250458655765	ns
c3-timing-event-v1	C3	asyncs	measured	16384	87	1	2561658bf80142afa1658bf80182aff8	C010	unix_ns	1784861250463834025	ns
c3-timing-event-v1	C3	asyncs	measured	16384	87	1	2561658bf80142afa1658bf80182aff8	C800	unix_ns	1784861250506048654	ns
c3-timing-event-v1	C3	asyncs	measured	16384	87	1	2561658bf80142afa1658bf80182aff8	C900	unix_ns	1784861250727975261	ns
c3-timing-event-v1	C3	asyncs	measured	65536	88	1	6f8fd7a66b67449d8fd7a66b67f49df8	C010	unix_ns	1784861250732463486	ns
c3-timing-event-v1	C3	asyncs	measured	65536	88	1	6f8fd7a66b67449d8fd7a66b67f49df8	C800	unix_ns	1784861250836983380	ns
c3-timing-event-v1	C3	asyncs	measured	65536	88	1	6f8fd7a66b67449d8fd7a66b67f49df8	C900	unix_ns	1784861250851677981	ns
c3-timing-event-v1	C3	asyncs	measured	262144	89	1	6a6d62aac53844f5ad62aac538c4f549	C010	unix_ns	1784861250860283990	ns
c3-timing-event-v1	C3	asyncs	measured	262144	89	1	6a6d62aac53844f5ad62aac538c4f549	C800	unix_ns	1784861251191480021	ns
c3-timing-event-v1	C3	asyncs	measured	262144	89	1	6a6d62aac53844f5ad62aac538c4f549	C900	unix_ns	1784861251220324688	ns
c3-timing-event-v1	C3	asyncs	measured	1048576	90	1	d638d634bbc247e2b8d634bbc227e235	C010	unix_ns	1784861251239674710	ns
c3-timing-event-v1	C3	asyncs	measured	1048576	90	1	d638d634bbc247e2b8d634bbc227e235	C800	unix_ns	1784861252190403309	ns
c3-timing-event-v1	C3	asyncs	measured	1048576	90	1	d638d634bbc247e2b8d634bbc227e235	C900	unix_ns	1784861252252305820	ns
c3-timing-event-v1	C3	asyncs	measured	4194304	91	1	75bf0837ee144c64bf0837ee147c6493	C010	unix_ns	1784861252320765330	ns
c3-timing-event-v1	C3	asyncs	measured	4194304	91	1	75bf0837ee144c64bf0837ee147c6493	C800	unix_ns	1784861256127112195	ns
c3-timing-event-v1	C3	asyncs	measured	4194304	91	1	75bf0837ee144c64bf0837ee147c6493	C900	unix_ns	1784861256368591374	ns
c3-timing-event-v1	C3	asyncs	measured	1024	92	1	983002d8fc374ce7b002d8fc377ce73f	C010	unix_ns	1784861256441292116	ns
c3-timing-event-v1	C3	asyncs	measured	1024	92	1	983002d8fc374ce7b002d8fc377ce73f	C800	unix_ns	1784861256482063682	ns
c3-timing-event-v1	C3	asyncs	measured	1024	92	1	983002d8fc374ce7b002d8fc377ce73f	C900	unix_ns	1784861256497832038	ns
c3-timing-event-v1	C3	asyncs	measured	4096	93	1	e4d833faf8a44b219833faf8a4ab2165	C010	unix_ns	1784861256505068898	ns
c3-timing-event-v1	C3	asyncs	measured	4096	93	1	e4d833faf8a44b219833faf8a4ab2165	C800	unix_ns	1784861256537923576	ns
c3-timing-event-v1	C3	asyncs	measured	4096	93	1	e4d833faf8a44b219833faf8a4ab2165	C900	unix_ns	1784861256762176540	ns
c3-timing-event-v1	C3	asyncs	measured	16384	94	1	5abeff4c3d304fedbeff4c3d300fed47	C010	unix_ns	1784861256766444233	ns
c3-timing-event-v1	C3	asyncs	measured	16384	94	1	5abeff4c3d304fedbeff4c3d300fed47	C800	unix_ns	1784861256806615506	ns
c3-timing-event-v1	C3	asyncs	measured	16384	94	1	5abeff4c3d304fedbeff4c3d300fed47	C900	unix_ns	1784861257027635615	ns
c3-timing-event-v1	C3	asyncs	measured	65536	95	1	b4d6131308b747fa96131308b727fa69	C010	unix_ns	1784861257034732974	ns
c3-timing-event-v1	C3	asyncs	measured	65536	95	1	b4d6131308b747fa96131308b727fa69	C800	unix_ns	1784861257124542571	ns
c3-timing-event-v1	C3	asyncs	measured	65536	95	1	b4d6131308b747fa96131308b727fa69	C900	unix_ns	1784861257140370895	ns
c3-timing-event-v1	C3	asyncs	measured	262144	96	1	6f3e21f62e2f4cf7be21f62e2ffcf726	C010	unix_ns	1784861257147452617	ns
c3-timing-event-v1	C3	asyncs	measured	262144	96	1	6f3e21f62e2f4cf7be21f62e2ffcf726	C800	unix_ns	1784861257434661601	ns
c3-timing-event-v1	C3	asyncs	measured	262144	96	1	6f3e21f62e2f4cf7be21f62e2ffcf726	C900	unix_ns	1784861257471421045	ns
c3-timing-event-v1	C3	asyncs	measured	1048576	97	1	c94f5b24fc3949598f5b24fc39d959bd	C010	unix_ns	1784861257491124467	ns
c3-timing-event-v1	C3	asyncs	measured	1048576	97	1	c94f5b24fc3949598f5b24fc39d959bd	C800	unix_ns	1784861258493236461	ns
c3-timing-event-v1	C3	asyncs	measured	1048576	97	1	c94f5b24fc3949598f5b24fc39d959bd	C900	unix_ns	1784861258557869908	ns
c3-timing-event-v1	C3	asyncs	measured	4194304	98	1	99f56156cc0e4af5b56156cc0eaaf508	C010	unix_ns	1784861258621862939	ns
c3-timing-event-v1	C3	asyncs	measured	4194304	98	1	99f56156cc0e4af5b56156cc0eaaf508	C800	unix_ns	1784861262528959242	ns
c3-timing-event-v1	C3	asyncs	measured	4194304	98	1	99f56156cc0e4af5b56156cc0eaaf508	C900	unix_ns	1784861262744004961	ns
c3-timing-event-v1	C3	asyncs	measured	1024	99	1	1f26ee166298406fa6ee166298106f53	C010	unix_ns	1784861262813406189	ns
c3-timing-event-v1	C3	asyncs	measured	1024	99	1	1f26ee166298406fa6ee166298106f53	C800	unix_ns	1784861262859972760	ns
c3-timing-event-v1	C3	asyncs	measured	1024	99	1	1f26ee166298406fa6ee166298106f53	C900	unix_ns	1784861262875559630	ns
c3-timing-event-v1	C3	asyncs	measured	4096	100	1	406c76db04ad467fac76db04ade67fb0	C010	unix_ns	1784861262886168416	ns
c3-timing-event-v1	C3	asyncs	measured	4096	100	1	406c76db04ad467fac76db04ade67fb0	C800	unix_ns	1784861262922400891	ns
c3-timing-event-v1	C3	asyncs	measured	4096	100	1	406c76db04ad467fac76db04ade67fb0	C900	unix_ns	1784861262931756702	ns
c3-timing-event-v1	C3	asyncs	measured	16384	101	1	f4a4ef48283b466aa4ef48283be66ad8	C010	unix_ns	1784861262938385365	ns
c3-timing-event-v1	C3	asyncs	measured	16384	101	1	f4a4ef48283b466aa4ef48283be66ad8	C800	unix_ns	1784861262989488816	ns
c3-timing-event-v1	C3	asyncs	measured	16384	101	1	f4a4ef48283b466aa4ef48283be66ad8	C900	unix_ns	1784861263000654932	ns
c3-timing-event-v1	C3	asyncs	measured	65536	102	1	dbd09ac36a664117909ac36a66a117b8	C010	unix_ns	1784861263006977787	ns
c3-timing-event-v1	C3	asyncs	measured	65536	102	1	dbd09ac36a664117909ac36a66a117b8	C800	unix_ns	1784861263101058841	ns
c3-timing-event-v1	C3	asyncs	measured	65536	102	1	dbd09ac36a664117909ac36a66a117b8	C900	unix_ns	1784861263120787244	ns
c3-timing-event-v1	C3	asyncs	measured	262144	103	1	8c4601916f7f47a98601916f7f07a937	C010	unix_ns	1784861263128120684	ns
c3-timing-event-v1	C3	asyncs	measured	262144	103	1	8c4601916f7f47a98601916f7f07a937	C800	unix_ns	1784861263406673060	ns
c3-timing-event-v1	C3	asyncs	measured	262144	103	1	8c4601916f7f47a98601916f7f07a937	C900	unix_ns	1784861263430374936	ns
c3-timing-event-v1	C3	asyncs	measured	1048576	104	1	e4aca62b301c48b8aca62b301c38b8c2	C010	unix_ns	1784861263448294405	ns
c3-timing-event-v1	C3	asyncs	measured	1048576	104	1	e4aca62b301c48b8aca62b301c38b8c2	C800	unix_ns	1784861264414530700	ns
c3-timing-event-v1	C3	asyncs	measured	1048576	104	1	e4aca62b301c48b8aca62b301c38b8c2	C900	unix_ns	1784861264482230304	ns
c3-timing-event-v1	C3	asyncs	measured	4194304	105	1	1c272ccd74a74b31a72ccd74a7eb3187	C010	unix_ns	1784861264549025028	ns
c3-timing-event-v1	C3	asyncs	measured	4194304	105	1	1c272ccd74a74b31a72ccd74a7eb3187	C800	unix_ns	1784861268358287120	ns
c3-timing-event-v1	C3	asyncs	measured	4194304	105	1	1c272ccd74a74b31a72ccd74a7eb3187	C900	unix_ns	1784861268579968793	ns
c3-timing-event-v1	C3	asyncs	measured	1024	106	1	d18f3dc524c84a9a8f3dc524c85a9a7a	C010	unix_ns	1784861268650272260	ns
c3-timing-event-v1	C3	asyncs	measured	1024	106	1	d18f3dc524c84a9a8f3dc524c85a9a7a	C800	unix_ns	1784861268692299836	ns
c3-timing-event-v1	C3	asyncs	measured	1024	106	1	d18f3dc524c84a9a8f3dc524c85a9a7a	C900	unix_ns	1784861268701271611	ns
c3-timing-event-v1	C3	asyncs	measured	4096	107	1	d1bd79f0bb0c4bd7bd79f0bb0c2bd79e	C010	unix_ns	1784861268708392871	ns
c3-timing-event-v1	C3	asyncs	measured	4096	107	1	d1bd79f0bb0c4bd7bd79f0bb0c2bd79e	C800	unix_ns	1784861268736752700	ns
c3-timing-event-v1	C3	asyncs	measured	4096	107	1	d1bd79f0bb0c4bd7bd79f0bb0c2bd79e	C900	unix_ns	1784861268753664582	ns
c3-timing-event-v1	C3	asyncs	measured	16384	108	1	90550e3a8e204834950e3a8e20c83482	C010	unix_ns	1784861268760470284	ns
c3-timing-event-v1	C3	asyncs	measured	16384	108	1	90550e3a8e204834950e3a8e20c83482	C800	unix_ns	1784861268804677681	ns
c3-timing-event-v1	C3	asyncs	measured	16384	108	1	90550e3a8e204834950e3a8e20c83482	C900	unix_ns	1784861268818027369	ns
c3-timing-event-v1	C3	asyncs	measured	65536	109	1	b5f5efb59f0540a5b5efb59f0570a55e	C010	unix_ns	1784861268825610711	ns
c3-timing-event-v1	C3	asyncs	measured	65536	109	1	b5f5efb59f0540a5b5efb59f0570a55e	C800	unix_ns	1784861268912787481	ns
c3-timing-event-v1	C3	asyncs	measured	65536	109	1	b5f5efb59f0540a5b5efb59f0570a55e	C900	unix_ns	1784861268926336961	ns
c3-timing-event-v1	C3	asyncs	measured	262144	110	1	d33902d7db534365b902d7db53e3658e	C010	unix_ns	1784861268933820885	ns
c3-timing-event-v1	C3	asyncs	measured	262144	110	1	d33902d7db534365b902d7db53e3658e	C800	unix_ns	1784861269268975682	ns
c3-timing-event-v1	C3	asyncs	measured	262144	110	1	d33902d7db534365b902d7db53e3658e	C900	unix_ns	1784861269295902104	ns
c3-timing-event-v1	C3	asyncs	measured	1048576	111	1	994714384672491487143846726914c5	C010	unix_ns	1784861269317125594	ns
c3-timing-event-v1	C3	asyncs	measured	1048576	111	1	994714384672491487143846726914c5	C800	unix_ns	1784861270274027778	ns
c3-timing-event-v1	C3	asyncs	measured	1048576	111	1	994714384672491487143846726914c5	C900	unix_ns	1784861270387208550	ns
c3-timing-event-v1	C3	asyncs	measured	4194304	112	1	e1a5d0dd256d427ca5d0dd256df27c41	C010	unix_ns	1784861270465790522	ns
c3-timing-event-v1	C3	asyncs	measured	4194304	112	1	e1a5d0dd256d427ca5d0dd256df27c41	C800	unix_ns	1784861274326461413	ns
c3-timing-event-v1	C3	asyncs	measured	4194304	112	1	e1a5d0dd256d427ca5d0dd256df27c41	C900	unix_ns	1784861274537153001	ns
c3-timing-event-v1	C3	asyncs	measured	1024	113	1	be9e1c4e88374df19e1c4e88378df1a1	C010	unix_ns	1784861274606795304	ns
c3-timing-event-v1	C3	asyncs	measured	1024	113	1	be9e1c4e88374df19e1c4e88378df1a1	C800	unix_ns	1784861274642979300	ns
c3-timing-event-v1	C3	asyncs	measured	1024	113	1	be9e1c4e88374df19e1c4e88378df1a1	C900	unix_ns	1784861274658493153	ns
c3-timing-event-v1	C3	asyncs	measured	4096	114	1	2e28ff5c54e940e8a8ff5c54e910e822	C010	unix_ns	1784861274666123768	ns
c3-timing-event-v1	C3	asyncs	measured	4096	114	1	2e28ff5c54e940e8a8ff5c54e910e822	C800	unix_ns	1784861274693074204	ns
c3-timing-event-v1	C3	asyncs	measured	4096	114	1	2e28ff5c54e940e8a8ff5c54e910e822	C900	unix_ns	1784861274706176424	ns
c3-timing-event-v1	C3	asyncs	measured	16384	115	1	490900f2afb3498d8900f2afb3898dc0	C010	unix_ns	1784861274710665077	ns
c3-timing-event-v1	C3	asyncs	measured	16384	115	1	490900f2afb3498d8900f2afb3898dc0	C800	unix_ns	1784861274754943191	ns
c3-timing-event-v1	C3	asyncs	measured	16384	115	1	490900f2afb3498d8900f2afb3898dc0	C900	unix_ns	1784861274764876124	ns
c3-timing-event-v1	C3	asyncs	measured	65536	116	1	bbce46e84d354a958e46e84d35ba951f	C010	unix_ns	1784861274769762772	ns
c3-timing-event-v1	C3	asyncs	measured	65536	116	1	bbce46e84d354a958e46e84d35ba951f	C800	unix_ns	1784861274857656599	ns
c3-timing-event-v1	C3	asyncs	measured	65536	116	1	bbce46e84d354a958e46e84d35ba951f	C900	unix_ns	1784861274877181742	ns
c3-timing-event-v1	C3	asyncs	measured	262144	117	1	2168163495d6476ea8163495d6376e78	C010	unix_ns	1784861274887001193	ns
c3-timing-event-v1	C3	asyncs	measured	262144	117	1	2168163495d6476ea8163495d6376e78	C800	unix_ns	1784861275263544058	ns
c3-timing-event-v1	C3	asyncs	measured	262144	117	1	2168163495d6476ea8163495d6376e78	C900	unix_ns	1784861275289245825	ns
c3-timing-event-v1	C3	asyncs	measured	1048576	118	1	b962b2557bad4d46a2b2557bad5d461f	C010	unix_ns	1784861275413938813	ns
c3-timing-event-v1	C3	asyncs	measured	1048576	118	1	b962b2557bad4d46a2b2557bad5d461f	C800	unix_ns	1784861276418685812	ns
c3-timing-event-v1	C3	asyncs	measured	1048576	118	1	b962b2557bad4d46a2b2557bad5d461f	C900	unix_ns	1784861276494225071	ns
c3-timing-event-v1	C3	asyncs	measured	4194304	119	1	182f46a3e1724989af46a3e17259890d	C010	unix_ns	1784861276559462917	ns
c3-timing-event-v1	C3	asyncs	measured	4194304	119	1	182f46a3e1724989af46a3e17259890d	C800	unix_ns	1784861280330727215	ns
c3-timing-event-v1	C3	asyncs	measured	4194304	119	1	182f46a3e1724989af46a3e17259890d	C900	unix_ns	1784861280574952333	ns
c3-timing-event-v1	C3	asyncs	measured	1024	120	1	3aac90d10a254428ac90d10a25a42819	C010	unix_ns	1784861280643568780	ns
c3-timing-event-v1	C3	asyncs	measured	1024	120	1	3aac90d10a254428ac90d10a25a42819	C800	unix_ns	1784861280696997641	ns
c3-timing-event-v1	C3	asyncs	measured	1024	120	1	3aac90d10a254428ac90d10a25a42819	C900	unix_ns	1784861280708341415	ns
c3-timing-event-v1	C3	asyncs	measured	4096	121	1	6214efba8524432394efba8524a32322	C010	unix_ns	1784861280715257648	ns
c3-timing-event-v1	C3	asyncs	measured	4096	121	1	6214efba8524432394efba8524a32322	C800	unix_ns	1784861280743931809	ns
c3-timing-event-v1	C3	asyncs	measured	4096	121	1	6214efba8524432394efba8524a32322	C900	unix_ns	1784861280754275103	ns
c3-timing-event-v1	C3	asyncs	measured	16384	122	1	95e47fe09c6d4ad1a47fe09c6d0ad123	C010	unix_ns	1784861280759362118	ns
c3-timing-event-v1	C3	asyncs	measured	16384	122	1	95e47fe09c6d4ad1a47fe09c6d0ad123	C800	unix_ns	1784861280810874843	ns
c3-timing-event-v1	C3	asyncs	measured	16384	122	1	95e47fe09c6d4ad1a47fe09c6d0ad123	C900	unix_ns	1784861280821845446	ns
c3-timing-event-v1	C3	asyncs	measured	65536	123	1	d8bfb25101bd46d7bfb25101bd16d7aa	C010	unix_ns	1784861280827267203	ns
c3-timing-event-v1	C3	asyncs	measured	65536	123	1	d8bfb25101bd46d7bfb25101bd16d7aa	C800	unix_ns	1784861280930455263	ns
c3-timing-event-v1	C3	asyncs	measured	65536	123	1	d8bfb25101bd46d7bfb25101bd16d7aa	C900	unix_ns	1784861280945847840	ns
c3-timing-event-v1	C3	asyncs	measured	262144	124	1	30150568287c413e950568287ce13e37	C010	unix_ns	1784861280955118264	ns
c3-timing-event-v1	C3	asyncs	measured	262144	124	1	30150568287c413e950568287ce13e37	C800	unix_ns	1784861281234349071	ns
c3-timing-event-v1	C3	asyncs	measured	262144	124	1	30150568287c413e950568287ce13e37	C900	unix_ns	1784861281256061494	ns
c3-timing-event-v1	C3	asyncs	measured	1048576	125	1	9f979b630c634b65979b630c63cb6549	C010	unix_ns	1784861281274485980	ns
c3-timing-event-v1	C3	asyncs	measured	1048576	125	1	9f979b630c634b65979b630c63cb6549	C800	unix_ns	1784861282257763605	ns
c3-timing-event-v1	C3	asyncs	measured	1048576	125	1	9f979b630c634b65979b630c63cb6549	C900	unix_ns	1784861282317341530	ns
c3-timing-event-v1	C3	asyncs	measured	4194304	126	1	5cfd0e6f87094c76bd0e6f87093c76b4	C010	unix_ns	1784861282386552624	ns
c3-timing-event-v1	C3	asyncs	measured	4194304	126	1	5cfd0e6f87094c76bd0e6f87093c76b4	C800	unix_ns	1784861286182482896	ns
c3-timing-event-v1	C3	asyncs	measured	4194304	126	1	5cfd0e6f87094c76bd0e6f87093c76b4	C900	unix_ns	1784861286460869096	ns
c3-timing-event-v1	C3	asyncs	measured	1024	127	1	b8931c5371d04cfd931c5371d08cfd53	C010	unix_ns	1784861286534602190	ns
c3-timing-event-v1	C3	asyncs	measured	1024	127	1	b8931c5371d04cfd931c5371d08cfd53	C800	unix_ns	1784861286577283475	ns
c3-timing-event-v1	C3	asyncs	measured	1024	127	1	b8931c5371d04cfd931c5371d08cfd53	C900	unix_ns	1784861286592002343	ns
c3-timing-event-v1	C3	asyncs	measured	4096	128	1	6c89b2f9867b4ad989b2f9867bbad931	C010	unix_ns	1784861286603668115	ns
c3-timing-event-v1	C3	asyncs	measured	4096	128	1	6c89b2f9867b4ad989b2f9867bbad931	C800	unix_ns	1784861286672128986	ns
c3-timing-event-v1	C3	asyncs	measured	4096	128	1	6c89b2f9867b4ad989b2f9867bbad931	C900	unix_ns	1784861286892794564	ns
c3-timing-event-v1	C3	asyncs	measured	16384	129	1	39d1393f36a745e291393f36a7f5e229	C010	unix_ns	1784861286898326746	ns
c3-timing-event-v1	C3	asyncs	measured	16384	129	1	39d1393f36a745e291393f36a7f5e229	C800	unix_ns	1784861286976960580	ns
c3-timing-event-v1	C3	asyncs	measured	16384	129	1	39d1393f36a745e291393f36a7f5e229	C900	unix_ns	1784861286985993302	ns
c3-timing-event-v1	C3	asyncs	measured	65536	130	1	64b08e4a76854cacb08e4a76859cacf1	C010	unix_ns	1784861286991585413	ns
c3-timing-event-v1	C3	asyncs	measured	65536	130	1	64b08e4a76854cacb08e4a76859cacf1	C800	unix_ns	1784861287157864717	ns
c3-timing-event-v1	C3	asyncs	measured	65536	130	1	64b08e4a76854cacb08e4a76859cacf1	C900	unix_ns	1784861287175785505	ns
c3-timing-event-v1	C3	asyncs	measured	262144	131	1	88d61f227c704658961f227c70d65841	C010	unix_ns	1784861287183731753	ns
c3-timing-event-v1	C3	asyncs	measured	262144	131	1	88d61f227c704658961f227c70d65841	C800	unix_ns	1784861287511020503	ns
c3-timing-event-v1	C3	asyncs	measured	262144	131	1	88d61f227c704658961f227c70d65841	C900	unix_ns	1784861287541583330	ns
c3-timing-event-v1	C3	asyncs	measured	1048576	132	1	ed9f5ec02d634c309f5ec02d633c3047	C010	unix_ns	1784861287571714089	ns
c3-timing-event-v1	C3	asyncs	measured	1048576	132	1	ed9f5ec02d634c309f5ec02d633c3047	C800	unix_ns	1784861288561617700	ns
c3-timing-event-v1	C3	asyncs	measured	1048576	132	1	ed9f5ec02d634c309f5ec02d633c3047	C900	unix_ns	1784861288637702999	ns
c3-timing-event-v1	C3	asyncs	measured	4194304	133	1	25e3a690d64b404aa3a690d64bf04a9f	C010	unix_ns	1784861288709480672	ns
c3-timing-event-v1	C3	asyncs	measured	4194304	133	1	25e3a690d64b404aa3a690d64bf04a9f	C800	unix_ns	1784861292521808956	ns
c3-timing-event-v1	C3	asyncs	measured	4194304	133	1	25e3a690d64b404aa3a690d64bf04a9f	C900	unix_ns	1784861292763733338	ns
c3-timing-event-v1	C3	asyncs	measured	1024	134	1	70b21e04c53b4b6fb21e04c53b5b6fa0	C010	unix_ns	1784861292833611639	ns
c3-timing-event-v1	C3	asyncs	measured	1024	134	1	70b21e04c53b4b6fb21e04c53b5b6fa0	C800	unix_ns	1784861292865329232	ns
c3-timing-event-v1	C3	asyncs	measured	1024	134	1	70b21e04c53b4b6fb21e04c53b5b6fa0	C900	unix_ns	1784861292876147565	ns
c3-timing-event-v1	C3	asyncs	measured	4096	135	1	4418bc237788485d98bc237788185d49	C010	unix_ns	1784861292890126716	ns
c3-timing-event-v1	C3	asyncs	measured	4096	135	1	4418bc237788485d98bc237788185d49	C800	unix_ns	1784861292917212243	ns
c3-timing-event-v1	C3	asyncs	measured	4096	135	1	4418bc237788485d98bc237788185d49	C900	unix_ns	1784861292931459728	ns
c3-timing-event-v1	C3	asyncs	measured	16384	136	1	0b031e824d014c44831e824d01dc443d	C010	unix_ns	1784861292936432419	ns
c3-timing-event-v1	C3	asyncs	measured	16384	136	1	0b031e824d014c44831e824d01dc443d	C800	unix_ns	1784861292974825353	ns
c3-timing-event-v1	C3	asyncs	measured	16384	136	1	0b031e824d014c44831e824d01dc443d	C900	unix_ns	1784861292985556094	ns
c3-timing-event-v1	C3	asyncs	measured	65536	137	1	e03854ea3b7e430ab854ea3b7ec30a4e	C010	unix_ns	1784861292990858130	ns
c3-timing-event-v1	C3	asyncs	measured	65536	137	1	e03854ea3b7e430ab854ea3b7ec30a4e	C800	unix_ns	1784861293110150702	ns
c3-timing-event-v1	C3	asyncs	measured	65536	137	1	e03854ea3b7e430ab854ea3b7ec30a4e	C900	unix_ns	1784861293122857250	ns
c3-timing-event-v1	C3	asyncs	measured	262144	138	1	4c4a2c20913b406c8a2c20913b206c89	C010	unix_ns	1784861293131554673	ns
c3-timing-event-v1	C3	asyncs	measured	262144	138	1	4c4a2c20913b406c8a2c20913b206c89	C800	unix_ns	1784861293445958286	ns
c3-timing-event-v1	C3	asyncs	measured	262144	138	1	4c4a2c20913b406c8a2c20913b206c89	C900	unix_ns	1784861293470792191	ns
c3-timing-event-v1	C3	asyncs	measured	1048576	139	1	a785ef41c07f426385ef41c07fd263ec	C010	unix_ns	1784861293488298055	ns
c3-timing-event-v1	C3	asyncs	measured	1048576	139	1	a785ef41c07f426385ef41c07fd263ec	C800	unix_ns	1784861294474750152	ns
c3-timing-event-v1	C3	asyncs	measured	1048576	139	1	a785ef41c07f426385ef41c07fd263ec	C900	unix_ns	1784861294529021924	ns
c3-timing-event-v1	C3	asyncs	measured	4194304	140	1	d21ea0c1a44f4bd99ea0c1a44f2bd9c7	C010	unix_ns	1784861294594196379	ns
c3-timing-event-v1	C3	asyncs	measured	4194304	140	1	d21ea0c1a44f4bd99ea0c1a44f2bd9c7	C800	unix_ns	1784861298359589852	ns
c3-timing-event-v1	C3	asyncs	measured	4194304	140	1	d21ea0c1a44f4bd99ea0c1a44f2bd9c7	C900	unix_ns	1784861298615993305	ns
c3-timing-event-v1	C3	asyncs	measured	1024	141	1	c7d8a6c33f3c4de598a6c33f3cfde583	C010	unix_ns	1784861298681234528	ns
c3-timing-event-v1	C3	asyncs	measured	1024	141	1	c7d8a6c33f3c4de598a6c33f3cfde583	C800	unix_ns	1784861298717336284	ns
c3-timing-event-v1	C3	asyncs	measured	1024	141	1	c7d8a6c33f3c4de598a6c33f3cfde583	C900	unix_ns	1784861298735781431	ns
c3-timing-event-v1	C3	asyncs	measured	4096	142	1	7ddc1c03ac2548269c1c03ac25d826d9	C010	unix_ns	1784861298743561766	ns
c3-timing-event-v1	C3	asyncs	measured	4096	142	1	7ddc1c03ac2548269c1c03ac25d826d9	C800	unix_ns	1784861298770813587	ns
c3-timing-event-v1	C3	asyncs	measured	4096	142	1	7ddc1c03ac2548269c1c03ac25d826d9	C900	unix_ns	1784861298779821621	ns
c3-timing-event-v1	C3	asyncs	measured	16384	143	1	65e3143531b644b2a3143531b6b4b238	C010	unix_ns	1784861298784828786	ns
c3-timing-event-v1	C3	asyncs	measured	16384	143	1	65e3143531b644b2a3143531b6b4b238	C800	unix_ns	1784861298833286578	ns
c3-timing-event-v1	C3	asyncs	measured	16384	143	1	65e3143531b644b2a3143531b6b4b238	C900	unix_ns	1784861298844515338	ns
c3-timing-event-v1	C3	asyncs	measured	65536	144	1	6dc67f3fac01437e867f3fac01937e63	C010	unix_ns	1784861298850203529	ns
c3-timing-event-v1	C3	asyncs	measured	65536	144	1	6dc67f3fac01437e867f3fac01937e63	C800	unix_ns	1784861298937611579	ns
c3-timing-event-v1	C3	asyncs	measured	65536	144	1	6dc67f3fac01437e867f3fac01937e63	C900	unix_ns	1784861298950243005	ns
c3-timing-event-v1	C3	asyncs	measured	262144	145	1	3158ee423cfa409998ee423cfa509922	C010	unix_ns	1784861298958540977	ns
c3-timing-event-v1	C3	asyncs	measured	262144	145	1	3158ee423cfa409998ee423cfa509922	C800	unix_ns	1784861299225172655	ns
c3-timing-event-v1	C3	asyncs	measured	262144	145	1	3158ee423cfa409998ee423cfa509922	C900	unix_ns	1784861299250377389	ns
c3-timing-event-v1	C3	asyncs	measured	1048576	146	1	5b3c98c17ff148ffbc98c17ff188ff18	C010	unix_ns	1784861299270363035	ns
c3-timing-event-v1	C3	asyncs	measured	1048576	146	1	5b3c98c17ff148ffbc98c17ff188ff18	C800	unix_ns	1784861300243320338	ns
c3-timing-event-v1	C3	asyncs	measured	1048576	146	1	5b3c98c17ff148ffbc98c17ff188ff18	C900	unix_ns	1784861300311959586	ns
c3-timing-event-v1	C3	asyncs	measured	4194304	147	1	92971f4c4cd14ceb971f4c4cd1ccebda	C010	unix_ns	1784861300378545330	ns
c3-timing-event-v1	C3	asyncs	measured	4194304	147	1	92971f4c4cd14ceb971f4c4cd1ccebda	C800	unix_ns	1784861304126742484	ns
c3-timing-event-v1	C3	asyncs	measured	4194304	147	1	92971f4c4cd14ceb971f4c4cd1ccebda	C900	unix_ns	1784861304409345292	ns
c3-timing-event-v1	C3	asyncs	measured	1024	148	1	a2b362ce547f4654b362ce547f86546b	C010	unix_ns	1784861304481532059	ns
c3-timing-event-v1	C3	asyncs	measured	1024	148	1	a2b362ce547f4654b362ce547f86546b	C800	unix_ns	1784861304514246296	ns
c3-timing-event-v1	C3	asyncs	measured	1024	148	1	a2b362ce547f4654b362ce547f86546b	C900	unix_ns	1784861304524780919	ns
c3-timing-event-v1	C3	asyncs	measured	4096	149	1	b4c8d1dae881410388d1dae881c10308	C010	unix_ns	1784861304533388339	ns
c3-timing-event-v1	C3	asyncs	measured	4096	149	1	b4c8d1dae881410388d1dae881c10308	C800	unix_ns	1784861304559545486	ns
c3-timing-event-v1	C3	asyncs	measured	4096	149	1	b4c8d1dae881410388d1dae881c10308	C900	unix_ns	1784861304784595775	ns
c3-timing-event-v1	C3	asyncs	measured	16384	150	1	7b2cf10b887d4f69acf10b887d2f696b	C010	unix_ns	1784861304789893861	ns
c3-timing-event-v1	C3	asyncs	measured	16384	150	1	7b2cf10b887d4f69acf10b887d2f696b	C800	unix_ns	1784861304865133808	ns
c3-timing-event-v1	C3	asyncs	measured	16384	150	1	7b2cf10b887d4f69acf10b887d2f696b	C900	unix_ns	1784861304874737283	ns
c3-timing-event-v1	C3	asyncs	measured	65536	151	1	e837a2568d444d3db7a2568d44ad3db1	C010	unix_ns	1784861304881048343	ns
c3-timing-event-v1	C3	asyncs	measured	65536	151	1	e837a2568d444d3db7a2568d44ad3db1	C800	unix_ns	1784861304967632714	ns
c3-timing-event-v1	C3	asyncs	measured	65536	151	1	e837a2568d444d3db7a2568d44ad3db1	C900	unix_ns	1784861304987991189	ns
c3-timing-event-v1	C3	asyncs	measured	262144	152	1	1db9f1761ff94156b9f1761ff9a15650	C010	unix_ns	1784861305000381427	ns
c3-timing-event-v1	C3	asyncs	measured	262144	152	1	1db9f1761ff94156b9f1761ff9a15650	C800	unix_ns	1784861305310241331	ns
c3-timing-event-v1	C3	asyncs	measured	262144	152	1	1db9f1761ff94156b9f1761ff9a15650	C900	unix_ns	1784861305546427297	ns
c3-timing-event-v1	C3	asyncs	measured	1048576	153	1	c628b7776507476ea8b7776507676efc	C010	unix_ns	1784861305564627839	ns
c3-timing-event-v1	C3	asyncs	measured	1048576	153	1	c628b7776507476ea8b7776507676efc	C800	unix_ns	1784861306524487323	ns
c3-timing-event-v1	C3	asyncs	measured	1048576	153	1	c628b7776507476ea8b7776507676efc	C900	unix_ns	1784861306601400346	ns
c3-timing-event-v1	C3	asyncs	measured	4194304	154	1	f9818c1c93734fa5818c1c9373ffa57d	C010	unix_ns	1784861307018248191	ns
c3-timing-event-v1	C3	asyncs	measured	4194304	154	1	f9818c1c93734fa5818c1c9373ffa57d	C800	unix_ns	1784861310727423093	ns
c3-timing-event-v1	C3	asyncs	measured	4194304	154	1	f9818c1c93734fa5818c1c9373ffa57d	C900	unix_ns	1784861311013324328	ns
c3-timing-event-v1	C3	asyncs	measured	1024	155	1	fb3e3e2ddb3c4ca7be3e2ddb3c1ca723	C010	unix_ns	1784861311083359847	ns
c3-timing-event-v1	C3	asyncs	measured	1024	155	1	fb3e3e2ddb3c4ca7be3e2ddb3c1ca723	C800	unix_ns	1784861311112510201	ns
c3-timing-event-v1	C3	asyncs	measured	1024	155	1	fb3e3e2ddb3c4ca7be3e2ddb3c1ca723	C900	unix_ns	1784861311137489159	ns
c3-timing-event-v1	C3	asyncs	measured	4096	156	1	2668ac8ad0cc4f9fa8ac8ad0cc9f9f30	C010	unix_ns	1784861311145107022	ns
c3-timing-event-v1	C3	asyncs	measured	4096	156	1	2668ac8ad0cc4f9fa8ac8ad0cc9f9f30	C800	unix_ns	1784861311195693622	ns
c3-timing-event-v1	C3	asyncs	measured	4096	156	1	2668ac8ad0cc4f9fa8ac8ad0cc9f9f30	C900	unix_ns	1784861311205177230	ns
c3-timing-event-v1	C3	asyncs	measured	16384	157	1	f448aba3ee454be788aba3ee45fbe73a	C010	unix_ns	1784861311210897929	ns
c3-timing-event-v1	C3	asyncs	measured	16384	157	1	f448aba3ee454be788aba3ee45fbe73a	C800	unix_ns	1784861311252701549	ns
c3-timing-event-v1	C3	asyncs	measured	16384	157	1	f448aba3ee454be788aba3ee45fbe73a	C900	unix_ns	1784861311269443451	ns
c3-timing-event-v1	C3	asyncs	measured	65536	158	1	f68db08a39ec40268db08a39ece026cb	C010	unix_ns	1784861311275297426	ns
c3-timing-event-v1	C3	asyncs	measured	65536	158	1	f68db08a39ec40268db08a39ece026cb	C800	unix_ns	1784861311359827828	ns
c3-timing-event-v1	C3	asyncs	measured	65536	158	1	f68db08a39ec40268db08a39ece026cb	C900	unix_ns	1784861311376089705	ns
c3-timing-event-v1	C3	asyncs	measured	262144	159	1	f9f899e63ba0410db899e63ba0510de9	C010	unix_ns	1784861311389865300	ns
c3-timing-event-v1	C3	asyncs	measured	262144	159	1	f9f899e63ba0410db899e63ba0510de9	C800	unix_ns	1784861311673853433	ns
c3-timing-event-v1	C3	asyncs	measured	262144	159	1	f9f899e63ba0410db899e63ba0510de9	C900	unix_ns	1784861311694524328	ns
c3-timing-event-v1	C3	asyncs	measured	1048576	160	1	ce13556827834e8493556827833e8465	C010	unix_ns	1784861311713037983	ns
c3-timing-event-v1	C3	asyncs	measured	1048576	160	1	ce13556827834e8493556827833e8465	C800	unix_ns	1784861312682419190	ns
c3-timing-event-v1	C3	asyncs	measured	1048576	160	1	ce13556827834e8493556827833e8465	C900	unix_ns	1784861312747696278	ns
c3-timing-event-v1	C3	asyncs	measured	4194304	161	1	98682bd16e754dcda82bd16e753dcdcd	C010	unix_ns	1784861312816891385	ns
c3-timing-event-v1	C3	asyncs	measured	4194304	161	1	98682bd16e754dcda82bd16e753dcdcd	C800	unix_ns	1784861316550474460	ns
c3-timing-event-v1	C3	asyncs	measured	4194304	161	1	98682bd16e754dcda82bd16e753dcdcd	C900	unix_ns	1784861316783908846	ns
c3-timing-event-v1	C3	asyncs	measured	1024	162	1	1de96d9d080a433ca96d9d080a233ca6	C010	unix_ns	1784861316859372206	ns
c3-timing-event-v1	C3	asyncs	measured	1024	162	1	1de96d9d080a433ca96d9d080a233ca6	C800	unix_ns	1784861316895106594	ns
c3-timing-event-v1	C3	asyncs	measured	1024	162	1	1de96d9d080a433ca96d9d080a233ca6	C900	unix_ns	1784861316904208832	ns
c3-timing-event-v1	C3	asyncs	measured	4096	163	1	d6e39c93d8034f23a39c93d8030f2358	C010	unix_ns	1784861316912171008	ns
c3-timing-event-v1	C3	asyncs	measured	4096	163	1	d6e39c93d8034f23a39c93d8030f2358	C800	unix_ns	1784861316959739054	ns
c3-timing-event-v1	C3	asyncs	measured	4096	163	1	d6e39c93d8034f23a39c93d8030f2358	C900	unix_ns	1784861316969518112	ns
c3-timing-event-v1	C3	asyncs	measured	16384	164	1	26aa869e4e734b2faa869e4e731b2fb9	C010	unix_ns	1784861316975001206	ns
c3-timing-event-v1	C3	asyncs	measured	16384	164	1	26aa869e4e734b2faa869e4e731b2fb9	C800	unix_ns	1784861317022196071	ns
c3-timing-event-v1	C3	asyncs	measured	16384	164	1	26aa869e4e734b2faa869e4e731b2fb9	C900	unix_ns	1784861317030646226	ns
c3-timing-event-v1	C3	asyncs	measured	65536	165	1	1d7ee5015f0c4e85bee5015f0cee8543	C010	unix_ns	1784861317036586494	ns
c3-timing-event-v1	C3	asyncs	measured	65536	165	1	1d7ee5015f0c4e85bee5015f0cee8543	C800	unix_ns	1784861317123514408	ns
c3-timing-event-v1	C3	asyncs	measured	65536	165	1	1d7ee5015f0c4e85bee5015f0cee8543	C900	unix_ns	1784861317134632557	ns
c3-timing-event-v1	C3	asyncs	measured	262144	166	1	731a68bc419c45029a68bc419cb5022d	C010	unix_ns	1784861317142946996	ns
c3-timing-event-v1	C3	asyncs	measured	262144	166	1	731a68bc419c45029a68bc419cb5022d	C800	unix_ns	1784861317461179393	ns
c3-timing-event-v1	C3	asyncs	measured	262144	166	1	731a68bc419c45029a68bc419cb5022d	C900	unix_ns	1784861317485694940	ns
c3-timing-event-v1	C3	asyncs	measured	1048576	167	1	7dd7242d3e92495697242d3e92b9567d	C010	unix_ns	1784861317506144799	ns
c3-timing-event-v1	C3	asyncs	measured	1048576	167	1	7dd7242d3e92495697242d3e92b9567d	C800	unix_ns	1784861318453964463	ns
c3-timing-event-v1	C3	asyncs	measured	1048576	167	1	7dd7242d3e92495697242d3e92b9567d	C900	unix_ns	1784861318514322965	ns
c3-timing-event-v1	C3	asyncs	measured	4194304	168	1	e97e0868ce1c415fbe0868ce1c415f54	C010	unix_ns	1784861318580596828	ns
c3-timing-event-v1	C3	asyncs	measured	4194304	168	1	e97e0868ce1c415fbe0868ce1c415f54	C800	unix_ns	1784861322334657046	ns
c3-timing-event-v1	C3	asyncs	measured	4194304	168	1	e97e0868ce1c415fbe0868ce1c415f54	C900	unix_ns	1784861322597261183	ns
c3-timing-event-v1	C3	asyncs	measured	1024	169	1	b9734f00ebba4e85b34f00ebbafe8506	C010	unix_ns	1784861322669614267	ns
c3-timing-event-v1	C3	asyncs	measured	1024	169	1	b9734f00ebba4e85b34f00ebbafe8506	C800	unix_ns	1784861322710080044	ns
c3-timing-event-v1	C3	asyncs	measured	1024	169	1	b9734f00ebba4e85b34f00ebbafe8506	C900	unix_ns	1784861322721883714	ns
c3-timing-event-v1	C3	asyncs	measured	4096	170	1	e24ddf25c0dd4b828ddf25c0ddcb8264	C010	unix_ns	1784861322731637523	ns
c3-timing-event-v1	C3	asyncs	measured	4096	170	1	e24ddf25c0dd4b828ddf25c0ddcb8264	C800	unix_ns	1784861322763777444	ns
c3-timing-event-v1	C3	asyncs	measured	4096	170	1	e24ddf25c0dd4b828ddf25c0ddcb8264	C900	unix_ns	1784861322781207745	ns
c3-timing-event-v1	C3	asyncs	measured	16384	171	1	d710140fede9400290140fede9000218	C010	unix_ns	1784861322788642623	ns
c3-timing-event-v1	C3	asyncs	measured	16384	171	1	d710140fede9400290140fede9000218	C800	unix_ns	1784861322837847823	ns
c3-timing-event-v1	C3	asyncs	measured	16384	171	1	d710140fede9400290140fede9000218	C900	unix_ns	1784861322846292888	ns
c3-timing-event-v1	C3	asyncs	measured	65536	172	1	7e9f94430d70497e9f94430d70097e38	C010	unix_ns	1784861322852305259	ns
c3-timing-event-v1	C3	asyncs	measured	65536	172	1	7e9f94430d70497e9f94430d70097e38	C800	unix_ns	1784861322955360546	ns
c3-timing-event-v1	C3	asyncs	measured	65536	172	1	7e9f94430d70497e9f94430d70097e38	C900	unix_ns	1784861322966301522	ns
c3-timing-event-v1	C3	asyncs	measured	262144	173	1	56b3573b30b24ebbb3573b30b2aebb31	C010	unix_ns	1784861322974946410	ns
c3-timing-event-v1	C3	asyncs	measured	262144	173	1	56b3573b30b24ebbb3573b30b2aebb31	C800	unix_ns	1784861323287665524	ns
c3-timing-event-v1	C3	asyncs	measured	262144	173	1	56b3573b30b24ebbb3573b30b2aebb31	C900	unix_ns	1784861323316358639	ns
c3-timing-event-v1	C3	asyncs	measured	1048576	174	1	b86d6c63c4b74f07ad6c63c4b7cf0735	C010	unix_ns	1784861323335099938	ns
c3-timing-event-v1	C3	asyncs	measured	1048576	174	1	b86d6c63c4b74f07ad6c63c4b7cf0735	C800	unix_ns	1784861324354114353	ns
c3-timing-event-v1	C3	asyncs	measured	1048576	174	1	b86d6c63c4b74f07ad6c63c4b7cf0735	C900	unix_ns	1784861324436704216	ns
c3-timing-event-v1	C3	asyncs	measured	4194304	175	1	8f99be520fc1422099be520fc1b2208d	C010	unix_ns	1784861324507095297	ns
c3-timing-event-v1	C3	asyncs	measured	4194304	175	1	8f99be520fc1422099be520fc1b2208d	C800	unix_ns	1784861328235274511	ns
c3-timing-event-v1	C3	asyncs	measured	4194304	175	1	8f99be520fc1422099be520fc1b2208d	C900	unix_ns	1784861328484731680	ns
c3-timing-event-v1	C3	asyncs	measured	1024	176	1	1eb0f1f99edc4473b0f1f99edca4737e	C010	unix_ns	1784861328559699626	ns
c3-timing-event-v1	C3	asyncs	measured	1024	176	1	1eb0f1f99edc4473b0f1f99edca4737e	C800	unix_ns	1784861328602088283	ns
c3-timing-event-v1	C3	asyncs	measured	1024	176	1	1eb0f1f99edc4473b0f1f99edca4737e	C900	unix_ns	1784861328616574070	ns
c3-timing-event-v1	C3	asyncs	measured	4096	177	1	05c273080fa24cda8273080fa29cdac4	C010	unix_ns	1784861328625926902	ns
c3-timing-event-v1	C3	asyncs	measured	4096	177	1	05c273080fa24cda8273080fa29cdac4	C800	unix_ns	1784861328653104507	ns
c3-timing-event-v1	C3	asyncs	measured	4096	177	1	05c273080fa24cda8273080fa29cdac4	C900	unix_ns	1784861328664253414	ns
c3-timing-event-v1	C3	asyncs	measured	16384	178	1	dd6f5f16c32d4110af5f16c32d01107a	C010	unix_ns	1784861328669844536	ns
c3-timing-event-v1	C3	asyncs	measured	16384	178	1	dd6f5f16c32d4110af5f16c32d01107a	C800	unix_ns	1784861328709091347	ns
c3-timing-event-v1	C3	asyncs	measured	16384	178	1	dd6f5f16c32d4110af5f16c32d01107a	C900	unix_ns	1784861328717423487	ns
c3-timing-event-v1	C3	asyncs	measured	65536	179	1	ff3fb93af3d84ad5bfb93af3d81ad53c	C010	unix_ns	1784861328723575127	ns
c3-timing-event-v1	C3	asyncs	measured	65536	179	1	ff3fb93af3d84ad5bfb93af3d81ad53c	C800	unix_ns	1784861328809238040	ns
c3-timing-event-v1	C3	asyncs	measured	65536	179	1	ff3fb93af3d84ad5bfb93af3d81ad53c	C900	unix_ns	1784861329028663216	ns
c3-timing-event-v1	C3	asyncs	measured	262144	180	1	d318daea46804d2c98daea46807d2c4f	C010	unix_ns	1784861329037758512	ns
c3-timing-event-v1	C3	asyncs	measured	262144	180	1	d318daea46804d2c98daea46807d2c4f	C800	unix_ns	1784861329433605449	ns
c3-timing-event-v1	C3	asyncs	measured	262144	180	1	d318daea46804d2c98daea46807d2c4f	C900	unix_ns	1784861329457817425	ns
c3-timing-event-v1	C3	asyncs	measured	1048576	181	1	61ba982271cc47e2ba982271ccb7e25d	C010	unix_ns	1784861329478617244	ns
c3-timing-event-v1	C3	asyncs	measured	1048576	181	1	61ba982271cc47e2ba982271ccb7e25d	C800	unix_ns	1784861330484245310	ns
c3-timing-event-v1	C3	asyncs	measured	1048576	181	1	61ba982271cc47e2ba982271ccb7e25d	C900	unix_ns	1784861330542239465	ns
c3-timing-event-v1	C3	asyncs	measured	4194304	182	1	ce694bf76cf7410ca94bf76cf7f10cf6	C010	unix_ns	1784861330608236884	ns
c3-timing-event-v1	C3	asyncs	measured	4194304	182	1	ce694bf76cf7410ca94bf76cf7f10cf6	C800	unix_ns	1784861334283002053	ns
c3-timing-event-v1	C3	asyncs	measured	4194304	182	1	ce694bf76cf7410ca94bf76cf7f10cf6	C900	unix_ns	1784861334552492140	ns
c3-timing-event-v1	C3	asyncs	measured	1024	183	1	2e3161813a3d4288b161813a3de28898	C010	unix_ns	1784861334622847198	ns
c3-timing-event-v1	C3	asyncs	measured	1024	183	1	2e3161813a3d4288b161813a3de28898	C800	unix_ns	1784861334656496382	ns
c3-timing-event-v1	C3	asyncs	measured	1024	183	1	2e3161813a3d4288b161813a3de28898	C900	unix_ns	1784861334875230066	ns
c3-timing-event-v1	C3	asyncs	measured	4096	184	1	a5a6ad7316ea42f6a6ad7316eaa2f637	C010	unix_ns	1784861334886072441	ns
c3-timing-event-v1	C3	asyncs	measured	4096	184	1	a5a6ad7316ea42f6a6ad7316eaa2f637	C800	unix_ns	1784861334916896007	ns
c3-timing-event-v1	C3	asyncs	measured	4096	184	1	a5a6ad7316ea42f6a6ad7316eaa2f637	C900	unix_ns	1784861334929287149	ns
c3-timing-event-v1	C3	asyncs	measured	16384	185	1	2a7ce10d6f4a4854bce10d6f4a0854ce	C010	unix_ns	1784861334935176901	ns
c3-timing-event-v1	C3	asyncs	measured	16384	185	1	2a7ce10d6f4a4854bce10d6f4a0854ce	C800	unix_ns	1784861334990140578	ns
c3-timing-event-v1	C3	asyncs	measured	16384	185	1	2a7ce10d6f4a4854bce10d6f4a0854ce	C900	unix_ns	1784861334997444213	ns
c3-timing-event-v1	C3	asyncs	measured	65536	186	1	43489df7c05e41cb889df7c05e91cb14	C010	unix_ns	1784861335004461255	ns
c3-timing-event-v1	C3	asyncs	measured	65536	186	1	43489df7c05e41cb889df7c05e91cb14	C800	unix_ns	1784861335091027062	ns
c3-timing-event-v1	C3	asyncs	measured	65536	186	1	43489df7c05e41cb889df7c05e91cb14	C900	unix_ns	1784861335105323120	ns
c3-timing-event-v1	C3	asyncs	measured	262144	187	1	dae63572d57a4006a63572d57a500602	C010	unix_ns	1784861335114158689	ns
c3-timing-event-v1	C3	asyncs	measured	262144	187	1	dae63572d57a4006a63572d57a500602	C800	unix_ns	1784861335379338353	ns
c3-timing-event-v1	C3	asyncs	measured	262144	187	1	dae63572d57a4006a63572d57a500602	C900	unix_ns	1784861335399861504	ns
c3-timing-event-v1	C3	asyncs	measured	1048576	188	1	677236597c99451cb236597c99e51c3a	C010	unix_ns	1784861335418682895	ns
c3-timing-event-v1	C3	asyncs	measured	1048576	188	1	677236597c99451cb236597c99e51c3a	C800	unix_ns	1784861336362582777	ns
c3-timing-event-v1	C3	asyncs	measured	1048576	188	1	677236597c99451cb236597c99e51c3a	C900	unix_ns	1784861336426936858	ns
c3-timing-event-v1	C3	asyncs	measured	4194304	189	1	af96e087ca5345bf96e087ca53f5bfe8	C010	unix_ns	1784861336493782639	ns
c3-timing-event-v1	C3	asyncs	measured	4194304	189	1	af96e087ca5345bf96e087ca53f5bfe8	C800	unix_ns	1784861340246472737	ns
c3-timing-event-v1	C3	asyncs	measured	4194304	189	1	af96e087ca5345bf96e087ca53f5bfe8	C900	unix_ns	1784861340486872340	ns
c3-timing-event-v1	C3	asyncs	measured	1024	190	1	dd267c422ccf458ea67c422ccf258e0c	C010	unix_ns	1784861340565631811	ns
c3-timing-event-v1	C3	asyncs	measured	1024	190	1	dd267c422ccf458ea67c422ccf258e0c	C800	unix_ns	1784861340592037403	ns
c3-timing-event-v1	C3	asyncs	measured	1024	190	1	dd267c422ccf458ea67c422ccf258e0c	C900	unix_ns	1784861340606638424	ns
c3-timing-event-v1	C3	asyncs	measured	4096	191	1	644398d64f5d400e8398d64f5d200ebc	C010	unix_ns	1784861340614487068	ns
c3-timing-event-v1	C3	asyncs	measured	4096	191	1	644398d64f5d400e8398d64f5d200ebc	C800	unix_ns	1784861340643396272	ns
c3-timing-event-v1	C3	asyncs	measured	4096	191	1	644398d64f5d400e8398d64f5d200ebc	C900	unix_ns	1784861340653429493	ns
c3-timing-event-v1	C3	asyncs	measured	16384	192	1	b91cd63cf0e84a549cd63cf0e86a54da	C010	unix_ns	1784861340659421467	ns
c3-timing-event-v1	C3	asyncs	measured	16384	192	1	b91cd63cf0e84a549cd63cf0e86a54da	C800	unix_ns	1784861340694540620	ns
c3-timing-event-v1	C3	asyncs	measured	16384	192	1	b91cd63cf0e84a549cd63cf0e86a54da	C900	unix_ns	1784861340705454849	ns
c3-timing-event-v1	C3	asyncs	measured	65536	193	1	3dc79cbdd6544db7879cbdd654cdb748	C010	unix_ns	1784861340716310122	ns
c3-timing-event-v1	C3	asyncs	measured	65536	193	1	3dc79cbdd6544db7879cbdd654cdb748	C800	unix_ns	1784861340807397957	ns
c3-timing-event-v1	C3	asyncs	measured	65536	193	1	3dc79cbdd6544db7879cbdd654cdb748	C900	unix_ns	1784861340817180325	ns
c3-timing-event-v1	C3	asyncs	measured	262144	194	1	0f1e46c191c24dac9e46c191c27dac52	C010	unix_ns	1784861340826184573	ns
c3-timing-event-v1	C3	asyncs	measured	262144	194	1	0f1e46c191c24dac9e46c191c27dac52	C800	unix_ns	1784861341190644462	ns
c3-timing-event-v1	C3	asyncs	measured	262144	194	1	0f1e46c191c24dac9e46c191c27dac52	C900	unix_ns	1784861341219983726	ns
c3-timing-event-v1	C3	asyncs	measured	1048576	195	1	368abdb143cc4d268abdb143cc8d266b	C010	unix_ns	1784861341239097572	ns
c3-timing-event-v1	C3	asyncs	measured	1048576	195	1	368abdb143cc4d268abdb143cc8d266b	C800	unix_ns	1784861342212343684	ns
c3-timing-event-v1	C3	asyncs	measured	1048576	195	1	368abdb143cc4d268abdb143cc8d266b	C900	unix_ns	1784861342272542485	ns
c3-timing-event-v1	C3	asyncs	measured	4194304	196	1	7ec5a3236064477a85a3236064e77aaa	C010	unix_ns	1784861342339671212	ns
c3-timing-event-v1	C3	asyncs	measured	4194304	196	1	7ec5a3236064477a85a3236064e77aaa	C800	unix_ns	1784861346058935741	ns
c3-timing-event-v1	C3	asyncs	measured	4194304	196	1	7ec5a3236064477a85a3236064e77aaa	C900	unix_ns	1784861346357786173	ns
c3-timing-event-v1	C3	asyncs	measured	1024	197	1	b319125786784989991257867819897b	C010	unix_ns	1784861346430888820	ns
c3-timing-event-v1	C3	asyncs	measured	1024	197	1	b319125786784989991257867819897b	C800	unix_ns	1784861346474666469	ns
c3-timing-event-v1	C3	asyncs	measured	1024	197	1	b319125786784989991257867819897b	C900	unix_ns	1784861346486853072	ns
c3-timing-event-v1	C3	asyncs	measured	4096	198	1	f7b478006cef4da9b478006cef8da985	C010	unix_ns	1784861346503666766	ns
c3-timing-event-v1	C3	asyncs	measured	4096	198	1	f7b478006cef4da9b478006cef8da985	C800	unix_ns	1784861346536039925	ns
c3-timing-event-v1	C3	asyncs	measured	4096	198	1	f7b478006cef4da9b478006cef8da985	C900	unix_ns	1784861346754458352	ns
c3-timing-event-v1	C3	asyncs	measured	16384	199	1	0ad51040ce264004951040ce26500460	C010	unix_ns	1784861346761176224	ns
c3-timing-event-v1	C3	asyncs	measured	16384	199	1	0ad51040ce264004951040ce26500460	C800	unix_ns	1784861346800774964	ns
c3-timing-event-v1	C3	asyncs	measured	16384	199	1	0ad51040ce264004951040ce26500460	C900	unix_ns	1784861347027421255	ns
c3-timing-event-v1	C3	asyncs	measured	65536	200	1	75c4514414b54bc284514414b53bc236	C010	unix_ns	1784861347034476770	ns
c3-timing-event-v1	C3	asyncs	measured	65536	200	1	75c4514414b54bc284514414b53bc236	C800	unix_ns	1784861347123362357	ns
c3-timing-event-v1	C3	asyncs	measured	65536	200	1	75c4514414b54bc284514414b53bc236	C900	unix_ns	1784861347134903754	ns
c3-timing-event-v1	C3	asyncs	measured	262144	201	1	f9e40fbc069f41e9a40fbc069ff1e905	C010	unix_ns	1784861347144242278	ns
c3-timing-event-v1	C3	asyncs	measured	262144	201	1	f9e40fbc069f41e9a40fbc069ff1e905	C800	unix_ns	1784861347402103544	ns
c3-timing-event-v1	C3	asyncs	measured	262144	201	1	f9e40fbc069f41e9a40fbc069ff1e905	C900	unix_ns	1784861347422060112	ns
c3-timing-event-v1	C3	asyncs	measured	1048576	202	1	8a8e6a99a8544dcc8e6a99a8544dccee	C010	unix_ns	1784861347443959574	ns
c3-timing-event-v1	C3	asyncs	measured	1048576	202	1	8a8e6a99a8544dcc8e6a99a8544dccee	C800	unix_ns	1784861348375979413	ns
c3-timing-event-v1	C3	asyncs	measured	1048576	202	1	8a8e6a99a8544dcc8e6a99a8544dccee	C900	unix_ns	1784861348437808009	ns
c3-timing-event-v1	C3	asyncs	measured	4194304	203	1	86e628f9d24c405fa628f9d24c705f2d	C010	unix_ns	1784861348507872690	ns
c3-timing-event-v1	C3	asyncs	measured	4194304	203	1	86e628f9d24c405fa628f9d24c705f2d	C800	unix_ns	1784861352286463046	ns
c3-timing-event-v1	C3	asyncs	measured	4194304	203	1	86e628f9d24c405fa628f9d24c705f2d	C900	unix_ns	1784861352519239464	ns
c3-timing-event-v1	C3	asyncs	measured	1024	204	1	3452171b4d3e495292171b4d3ed95234	C010	unix_ns	1784861352590921621	ns
c3-timing-event-v1	C3	asyncs	measured	1024	204	1	3452171b4d3e495292171b4d3ed95234	C800	unix_ns	1784861352623884726	ns
c3-timing-event-v1	C3	asyncs	measured	1024	204	1	3452171b4d3e495292171b4d3ed95234	C900	unix_ns	1784861352845529786	ns
c3-timing-event-v1	C3	asyncs	measured	4096	205	1	58693e191c634a44a93e191c63ca44ec	C010	unix_ns	1784861352853973247	ns
c3-timing-event-v1	C3	asyncs	measured	4096	205	1	58693e191c634a44a93e191c63ca44ec	C800	unix_ns	1784861352890313021	ns
c3-timing-event-v1	C3	asyncs	measured	4096	205	1	58693e191c634a44a93e191c63ca44ec	C900	unix_ns	1784861352905615915	ns
c3-timing-event-v1	C3	asyncs	measured	16384	206	1	019028b448e847389028b448e8c738cf	C010	unix_ns	1784861352912383725	ns
c3-timing-event-v1	C3	asyncs	measured	16384	206	1	019028b448e847389028b448e8c738cf	C800	unix_ns	1784861352956865830	ns
c3-timing-event-v1	C3	asyncs	measured	16384	206	1	019028b448e847389028b448e8c738cf	C900	unix_ns	1784861352967723018	ns
c3-timing-event-v1	C3	asyncs	measured	65536	207	1	be1eeb4c408f4e0b9eeb4c408f1e0bee	C010	unix_ns	1784861352975818235	ns
c3-timing-event-v1	C3	asyncs	measured	65536	207	1	be1eeb4c408f4e0b9eeb4c408f1e0bee	C800	unix_ns	1784861353063963598	ns
c3-timing-event-v1	C3	asyncs	measured	65536	207	1	be1eeb4c408f4e0b9eeb4c408f1e0bee	C900	unix_ns	1784861353284178669	ns
c3-timing-event-v1	C3	asyncs	measured	262144	208	1	61f9fed1c34e4110b9fed1c34e51101a	C010	unix_ns	1784861353293846224	ns
c3-timing-event-v1	C3	asyncs	measured	262144	208	1	61f9fed1c34e4110b9fed1c34e51101a	C800	unix_ns	1784861353701958290	ns
c3-timing-event-v1	C3	asyncs	measured	262144	208	1	61f9fed1c34e4110b9fed1c34e51101a	C900	unix_ns	1784861353742835518	ns
c3-timing-event-v1	C3	asyncs	measured	1048576	209	1	945e7e064a5d49949e7e064a5de9944f	C010	unix_ns	1784861353774264998	ns
c3-timing-event-v1	C3	asyncs	measured	1048576	209	1	945e7e064a5d49949e7e064a5de9944f	C800	unix_ns	1784861354804011905	ns
c3-timing-event-v1	C3	asyncs	measured	1048576	209	1	945e7e064a5d49949e7e064a5de9944f	C900	unix_ns	1784861354860968540	ns
c3-timing-event-v1	C3	asyncs	measured	4194304	210	1	5e73ab4e46d246abb3ab4e46d276ab8a	C010	unix_ns	1784861354928862241	ns
c3-timing-event-v1	C3	asyncs	measured	4194304	210	1	5e73ab4e46d246abb3ab4e46d276ab8a	C800	unix_ns	1784861358691819910	ns
c3-timing-event-v1	C3	asyncs	measured	4194304	210	1	5e73ab4e46d246abb3ab4e46d276ab8a	C900	unix_ns	1784861358957551301	ns
c3-timing-event-v1	C3	asyncs	measured	1024	211	1	2b67a3342f1b420fa7a3342f1b120f7f	C010	unix_ns	1784861359028940333	ns
c3-timing-event-v1	C3	asyncs	measured	1024	211	1	2b67a3342f1b420fa7a3342f1b120f7f	C800	unix_ns	1784861359061232513	ns
c3-timing-event-v1	C3	asyncs	measured	1024	211	1	2b67a3342f1b420fa7a3342f1b120f7f	C900	unix_ns	1784861359074702072	ns
c3-timing-event-v1	C3	asyncs	measured	4096	212	1	519d7c320bbc4c2a9d7c320bbc1c2aa4	C010	unix_ns	1784861359084440736	ns
c3-timing-event-v1	C3	asyncs	measured	4096	212	1	519d7c320bbc4c2a9d7c320bbc1c2aa4	C800	unix_ns	1784861359110476769	ns
c3-timing-event-v1	C3	asyncs	measured	4096	212	1	519d7c320bbc4c2a9d7c320bbc1c2aa4	C900	unix_ns	1784861359121354444	ns
c3-timing-event-v1	C3	asyncs	measured	16384	213	1	5744fe38f26940e084fe38f26990e0bf	C010	unix_ns	1784861359130301586	ns
c3-timing-event-v1	C3	asyncs	measured	16384	213	1	5744fe38f26940e084fe38f26990e0bf	C800	unix_ns	1784861359171500283	ns
c3-timing-event-v1	C3	asyncs	measured	16384	213	1	5744fe38f26940e084fe38f26990e0bf	C900	unix_ns	1784861359179594878	ns
c3-timing-event-v1	C3	asyncs	measured	65536	214	1	221e999c315c4f6c9e999c315cbf6ccf	C010	unix_ns	1784861359186547734	ns
c3-timing-event-v1	C3	asyncs	measured	65536	214	1	221e999c315c4f6c9e999c315cbf6ccf	C800	unix_ns	1784861359267009069	ns
c3-timing-event-v1	C3	asyncs	measured	65536	214	1	221e999c315c4f6c9e999c315cbf6ccf	C900	unix_ns	1784861359282734991	ns
c3-timing-event-v1	C3	asyncs	measured	262144	215	1	584d4d1380674cdc8d4d138067ccdc31	C010	unix_ns	1784861359291930684	ns
c3-timing-event-v1	C3	asyncs	measured	262144	215	1	584d4d1380674cdc8d4d138067ccdc31	C800	unix_ns	1784861359573479059	ns
c3-timing-event-v1	C3	asyncs	measured	262144	215	1	584d4d1380674cdc8d4d138067ccdc31	C900	unix_ns	1784861359596856725	ns
c3-timing-event-v1	C3	asyncs	measured	1048576	216	1	9e7d29b39fc7441ebd29b39fc7441eb8	C010	unix_ns	1784861359618072450	ns
c3-timing-event-v1	C3	asyncs	measured	1048576	216	1	9e7d29b39fc7441ebd29b39fc7441eb8	C800	unix_ns	1784861360588478923	ns
c3-timing-event-v1	C3	asyncs	measured	1048576	216	1	9e7d29b39fc7441ebd29b39fc7441eb8	C900	unix_ns	1784861360653290873	ns
c3-timing-event-v1	C3	asyncs	measured	4194304	217	1	3009ccb5a83c44fd89ccb5a83c34fd04	C010	unix_ns	1784861360722874726	ns
c3-timing-event-v1	C3	asyncs	measured	4194304	217	1	3009ccb5a83c44fd89ccb5a83c34fd04	C800	unix_ns	1784861364469459264	ns
c3-timing-event-v1	C3	asyncs	measured	4194304	217	1	3009ccb5a83c44fd89ccb5a83c34fd04	C900	unix_ns	1784861364726739033	ns
c3-timing-event-v1	C3	asyncs	measured	1024	218	1	f05c8997ff814aa99c8997ff81daa9da	C010	unix_ns	1784861364804854533	ns
c3-timing-event-v1	C3	asyncs	measured	1024	218	1	f05c8997ff814aa99c8997ff81daa9da	C800	unix_ns	1784861364831452833	ns
c3-timing-event-v1	C3	asyncs	measured	1024	218	1	f05c8997ff814aa99c8997ff81daa9da	C900	unix_ns	1784861364843398591	ns
c3-timing-event-v1	C3	asyncs	measured	4096	219	1	f1694f662be74c92a94f662be76c9227	C010	unix_ns	1784861364851756019	ns
c3-timing-event-v1	C3	asyncs	measured	4096	219	1	f1694f662be74c92a94f662be76c9227	C800	unix_ns	1784861364883018735	ns
c3-timing-event-v1	C3	asyncs	measured	4096	219	1	f1694f662be74c92a94f662be76c9227	C900	unix_ns	1784861364893987419	ns
c3-timing-event-v1	C3	asyncs	measured	16384	220	1	92b34911cab1490ab34911cab1f90a62	C010	unix_ns	1784861364900488006	ns
c3-timing-event-v1	C3	asyncs	measured	16384	220	1	92b34911cab1490ab34911cab1f90a62	C800	unix_ns	1784861364940510902	ns
c3-timing-event-v1	C3	asyncs	measured	16384	220	1	92b34911cab1490ab34911cab1f90a62	C900	unix_ns	1784861364958647605	ns
c3-timing-event-v1	C3	asyncs	measured	65536	221	1	58788e22a6464e5db88e22a6464e5da5	C010	unix_ns	1784861364965667812	ns
c3-timing-event-v1	C3	asyncs	measured	65536	221	1	58788e22a6464e5db88e22a6464e5da5	C800	unix_ns	1784861365050481405	ns
c3-timing-event-v1	C3	asyncs	measured	65536	221	1	58788e22a6464e5db88e22a6464e5da5	C900	unix_ns	1784861365064358250	ns
c3-timing-event-v1	C3	asyncs	measured	262144	222	1	6acf107864054e778f10786405ce772f	C010	unix_ns	1784861365080313151	ns
c3-timing-event-v1	C3	asyncs	measured	262144	222	1	6acf107864054e778f10786405ce772f	C800	unix_ns	1784861365361749900	ns
c3-timing-event-v1	C3	asyncs	measured	262144	222	1	6acf107864054e778f10786405ce772f	C900	unix_ns	1784861365389759269	ns
c3-timing-event-v1	C3	asyncs	measured	1048576	223	1	05b86660b1074bd5b86660b1078bd53f	C010	unix_ns	1784861365411686636	ns
c3-timing-event-v1	C3	asyncs	measured	1048576	223	1	05b86660b1074bd5b86660b1078bd53f	C800	unix_ns	1784861366374663427	ns
c3-timing-event-v1	C3	asyncs	measured	1048576	223	1	05b86660b1074bd5b86660b1078bd53f	C900	unix_ns	1784861366439208690	ns
c3-timing-event-v1	C3	asyncs	measured	4194304	224	1	4637c89b9267408eb7c89b9267908eea	C010	unix_ns	1784861366508727192	ns
c3-timing-event-v1	C3	asyncs	measured	4194304	224	1	4637c89b9267408eb7c89b9267908eea	C800	unix_ns	1784861370272318896	ns
c3-timing-event-v1	C3	asyncs	measured	4194304	224	1	4637c89b9267408eb7c89b9267908eea	C900	unix_ns	1784861370554348724	ns
c3-timing-event-v1	C3	asyncs	measured	1024	225	1	88fd3dd57f7a4747bd3dd57f7ae7475e	C010	unix_ns	1784861370626081996	ns
c3-timing-event-v1	C3	asyncs	measured	1024	225	1	88fd3dd57f7a4747bd3dd57f7ae7475e	C800	unix_ns	1784861370659989336	ns
c3-timing-event-v1	C3	asyncs	measured	1024	225	1	88fd3dd57f7a4747bd3dd57f7ae7475e	C900	unix_ns	1784861370669239971	ns
c3-timing-event-v1	C3	asyncs	measured	4096	226	1	a2fc5536007b4624bc5536007be6246e	C010	unix_ns	1784861370680786825	ns
c3-timing-event-v1	C3	asyncs	measured	4096	226	1	a2fc5536007b4624bc5536007be6246e	C800	unix_ns	1784861370712084771	ns
c3-timing-event-v1	C3	asyncs	measured	4096	226	1	a2fc5536007b4624bc5536007be6246e	C900	unix_ns	1784861370720056598	ns
c3-timing-event-v1	C3	asyncs	measured	16384	227	1	66acbe44f0fb494facbe44f0fb494f0f	C010	unix_ns	1784861370726749396	ns
c3-timing-event-v1	C3	asyncs	measured	16384	227	1	66acbe44f0fb494facbe44f0fb494f0f	C800	unix_ns	1784861370764464551	ns
c3-timing-event-v1	C3	asyncs	measured	16384	227	1	66acbe44f0fb494facbe44f0fb494f0f	C900	unix_ns	1784861370779119050	ns
c3-timing-event-v1	C3	asyncs	measured	65536	228	1	d2ad0c84af88436aad0c84af88736ae9	C010	unix_ns	1784861370786401471	ns
c3-timing-event-v1	C3	asyncs	measured	65536	228	1	d2ad0c84af88436aad0c84af88736ae9	C800	unix_ns	1784861370889144150	ns
c3-timing-event-v1	C3	asyncs	measured	65536	228	1	d2ad0c84af88436aad0c84af88736ae9	C900	unix_ns	1784861370901141303	ns
c3-timing-event-v1	C3	asyncs	measured	262144	229	1	de0f453c6dba44ef8f453c6dba84ef1b	C010	unix_ns	1784861370911360886	ns
c3-timing-event-v1	C3	asyncs	measured	262144	229	1	de0f453c6dba44ef8f453c6dba84ef1b	C800	unix_ns	1784861371254057504	ns
c3-timing-event-v1	C3	asyncs	measured	262144	229	1	de0f453c6dba44ef8f453c6dba84ef1b	C900	unix_ns	1784861371277485486	ns
c3-timing-event-v1	C3	asyncs	measured	1048576	230	1	9999aabee518480999aabee518880927	C010	unix_ns	1784861371301605804	ns
c3-timing-event-v1	C3	asyncs	measured	1048576	230	1	9999aabee518480999aabee518880927	C800	unix_ns	1784861372240088334	ns
c3-timing-event-v1	C3	asyncs	measured	1048576	230	1	9999aabee518480999aabee518880927	C900	unix_ns	1784861372308240845	ns
c3-timing-event-v1	C3	asyncs	measured	4194304	231	1	22820e3e6ffc4d93820e3e6ffc9d9380	C010	unix_ns	1784861372375679653	ns
c3-timing-event-v1	C3	asyncs	measured	4194304	231	1	22820e3e6ffc4d93820e3e6ffc9d9380	C800	unix_ns	1784861376121177561	ns
c3-timing-event-v1	C3	asyncs	measured	4194304	231	1	22820e3e6ffc4d93820e3e6ffc9d9380	C900	unix_ns	1784861376377306836	ns
c3-timing-event-v1	C3	asyncs	measured	1024	232	1	f8db61837b444aa09b61837b440aa0e5	C010	unix_ns	1784861376456898484	ns
c3-timing-event-v1	C3	asyncs	measured	1024	232	1	f8db61837b444aa09b61837b440aa0e5	C800	unix_ns	1784861376494956830	ns
c3-timing-event-v1	C3	asyncs	measured	1024	232	1	f8db61837b444aa09b61837b440aa0e5	C900	unix_ns	1784861376520771578	ns
c3-timing-event-v1	C3	asyncs	measured	4096	233	1	e38f84f3f9584fe38f84f3f958dfe3f7	C010	unix_ns	1784861376530373483	ns
c3-timing-event-v1	C3	asyncs	measured	4096	233	1	e38f84f3f9584fe38f84f3f958dfe3f7	C800	unix_ns	1784861376563877922	ns
c3-timing-event-v1	C3	asyncs	measured	4096	233	1	e38f84f3f9584fe38f84f3f958dfe3f7	C900	unix_ns	1784861376572576664	ns
c3-timing-event-v1	C3	asyncs	measured	16384	234	1	e3c75a65b9e14b87875a65b9e13b8734	C010	unix_ns	1784861376579863736	ns
c3-timing-event-v1	C3	asyncs	measured	16384	234	1	e3c75a65b9e14b87875a65b9e13b8734	C800	unix_ns	1784861376625368999	ns
c3-timing-event-v1	C3	asyncs	measured	16384	234	1	e3c75a65b9e14b87875a65b9e13b8734	C900	unix_ns	1784861376635605913	ns
c3-timing-event-v1	C3	asyncs	measured	65536	235	1	532f04aa7c0246a8af04aa7c0296a816	C010	unix_ns	1784861376645116157	ns
c3-timing-event-v1	C3	asyncs	measured	65536	235	1	532f04aa7c0246a8af04aa7c0296a816	C800	unix_ns	1784861376729479672	ns
c3-timing-event-v1	C3	asyncs	measured	65536	235	1	532f04aa7c0246a8af04aa7c0296a816	C900	unix_ns	1784861376742757899	ns
c3-timing-event-v1	C3	asyncs	measured	262144	236	1	2deb0365ff934f03ab0365ff939f0327	C010	unix_ns	1784861376752599655	ns
c3-timing-event-v1	C3	asyncs	measured	262144	236	1	2deb0365ff934f03ab0365ff939f0327	C800	unix_ns	1784861377115706606	ns
c3-timing-event-v1	C3	asyncs	measured	262144	236	1	2deb0365ff934f03ab0365ff939f0327	C900	unix_ns	1784861377139564298	ns
c3-timing-event-v1	C3	asyncs	measured	1048576	237	1	7d6d5e65d8c1459fad5e65d8c1259f0a	C010	unix_ns	1784861377161982175	ns
c3-timing-event-v1	C3	asyncs	measured	1048576	237	1	7d6d5e65d8c1459fad5e65d8c1259f0a	C800	unix_ns	1784861378129723033	ns
c3-timing-event-v1	C3	asyncs	measured	1048576	237	1	7d6d5e65d8c1459fad5e65d8c1259f0a	C900	unix_ns	1784861378191019041	ns
c3-timing-event-v1	C3	asyncs	measured	4194304	238	1	38730b2a98ea43eab30b2a98ea03eaeb	C010	unix_ns	1784861378258617213	ns
c3-timing-event-v1	C3	asyncs	measured	4194304	238	1	38730b2a98ea43eab30b2a98ea03eaeb	C800	unix_ns	1784861382127096646	ns
c3-timing-event-v1	C3	asyncs	measured	4194304	238	1	38730b2a98ea43eab30b2a98ea03eaeb	C900	unix_ns	1784861382401089183	ns
c3-timing-event-v1	C3	asyncs	measured	1024	239	1	3dfcc07a06a34203bcc07a06a3c203ec	C010	unix_ns	1784861382473939907	ns
c3-timing-event-v1	C3	asyncs	measured	1024	239	1	3dfcc07a06a34203bcc07a06a3c203ec	C800	unix_ns	1784861382531487254	ns
c3-timing-event-v1	C3	asyncs	measured	1024	239	1	3dfcc07a06a34203bcc07a06a3c203ec	C900	unix_ns	1784861382760070256	ns
c3-timing-event-v1	C3	asyncs	measured	4096	240	1	9c37341b69b34832b7341b69b3583237	C010	unix_ns	1784861382769704199	ns
c3-timing-event-v1	C3	asyncs	measured	4096	240	1	9c37341b69b34832b7341b69b3583237	C800	unix_ns	1784861382803741409	ns
c3-timing-event-v1	C3	asyncs	measured	4096	240	1	9c37341b69b34832b7341b69b3583237	C900	unix_ns	1784861382811370125	ns
c3-timing-event-v1	C3	asyncs	measured	16384	241	1	6c0577a67b13488a8577a67b13f88aae	C010	unix_ns	1784861382819176966	ns
c3-timing-event-v1	C3	asyncs	measured	16384	241	1	6c0577a67b13488a8577a67b13f88aae	C800	unix_ns	1784861382856513003	ns
c3-timing-event-v1	C3	asyncs	measured	16384	241	1	6c0577a67b13488a8577a67b13f88aae	C900	unix_ns	1784861383073884175	ns
c3-timing-event-v1	C3	asyncs	measured	65536	242	1	f764eb95f30b4656a4eb95f30bc65670	C010	unix_ns	1784861383081777777	ns
c3-timing-event-v1	C3	asyncs	measured	65536	242	1	f764eb95f30b4656a4eb95f30bc65670	C800	unix_ns	1784861383167806972	ns
c3-timing-event-v1	C3	asyncs	measured	65536	242	1	f764eb95f30b4656a4eb95f30bc65670	C900	unix_ns	1784861383178918886	ns
c3-timing-event-v1	C3	asyncs	measured	262144	243	1	48fd0e8366a84327bd0e8366a8c3270e	C010	unix_ns	1784861383190008880	ns
c3-timing-event-v1	C3	asyncs	measured	262144	243	1	48fd0e8366a84327bd0e8366a8c3270e	C800	unix_ns	1784861383501393787	ns
c3-timing-event-v1	C3	asyncs	measured	262144	243	1	48fd0e8366a84327bd0e8366a8c3270e	C900	unix_ns	1784861383521715437	ns
c3-timing-event-v1	C3	asyncs	measured	1048576	244	1	5bf30c24766c4509b30c24766c550972	C010	unix_ns	1784861383542440248	ns
c3-timing-event-v1	C3	asyncs	measured	1048576	244	1	5bf30c24766c4509b30c24766c550972	C800	unix_ns	1784861384457507124	ns
c3-timing-event-v1	C3	asyncs	measured	1048576	244	1	5bf30c24766c4509b30c24766c550972	C900	unix_ns	1784861384527700219	ns
c3-timing-event-v1	C3	asyncs	measured	4194304	245	1	a069fb964aa14f3aa9fb964aa1df3a6b	C010	unix_ns	1784861384602248339	ns
c3-timing-event-v1	C3	asyncs	measured	4194304	245	1	a069fb964aa14f3aa9fb964aa1df3a6b	C800	unix_ns	1784861388494915777	ns
c3-timing-event-v1	C3	asyncs	measured	4194304	245	1	a069fb964aa14f3aa9fb964aa1df3a6b	C900	unix_ns	1784861388765290664	ns
c3-timing-event-v1	C3	asyncs	measured	1024	246	1	6ed18d3470f447d0918d3470f4f7d013	C010	unix_ns	1784861388841886146	ns
c3-timing-event-v1	C3	asyncs	measured	1024	246	1	6ed18d3470f447d0918d3470f4f7d013	C800	unix_ns	1784861388878625442	ns
c3-timing-event-v1	C3	asyncs	measured	1024	246	1	6ed18d3470f447d0918d3470f4f7d013	C900	unix_ns	1784861388892063932	ns
c3-timing-event-v1	C3	asyncs	measured	4096	247	1	155647f3468c438e9647f3468cb38ed9	C010	unix_ns	1784861388903163614	ns
c3-timing-event-v1	C3	asyncs	measured	4096	247	1	155647f3468c438e9647f3468cb38ed9	C800	unix_ns	1784861388931383539	ns
c3-timing-event-v1	C3	asyncs	measured	4096	247	1	155647f3468c438e9647f3468cb38ed9	C900	unix_ns	1784861388939864547	ns
c3-timing-event-v1	C3	asyncs	measured	16384	248	1	977a0c3ab41a47adba0c3ab41a57adc1	C010	unix_ns	1784861388948848956	ns
c3-timing-event-v1	C3	asyncs	measured	16384	248	1	977a0c3ab41a47adba0c3ab41a57adc1	C800	unix_ns	1784861388990734873	ns
c3-timing-event-v1	C3	asyncs	measured	16384	248	1	977a0c3ab41a47adba0c3ab41a57adc1	C900	unix_ns	1784861389004925184	ns
c3-timing-event-v1	C3	asyncs	measured	65536	249	1	1b9ddbb84cc349979ddbb84cc37997ff	C010	unix_ns	1784861389012823403	ns
c3-timing-event-v1	C3	asyncs	measured	65536	249	1	1b9ddbb84cc349979ddbb84cc37997ff	C800	unix_ns	1784861389103210887	ns
c3-timing-event-v1	C3	asyncs	measured	65536	249	1	1b9ddbb84cc349979ddbb84cc37997ff	C900	unix_ns	1784861389322543461	ns
c3-timing-event-v1	C3	asyncs	measured	262144	250	1	a3ded6e3da4143f09ed6e3da4193f057	C010	unix_ns	1784861389332738183	ns
c3-timing-event-v1	C3	asyncs	measured	262144	250	1	a3ded6e3da4143f09ed6e3da4193f057	C800	unix_ns	1784861389614315923	ns
c3-timing-event-v1	C3	asyncs	measured	262144	250	1	a3ded6e3da4143f09ed6e3da4193f057	C900	unix_ns	1784861389636200833	ns
c3-timing-event-v1	C3	asyncs	measured	1048576	251	1	c8b392c8706c44c8b392c8706c14c846	C010	unix_ns	1784861389658605774	ns
c3-timing-event-v1	C3	asyncs	measured	1048576	251	1	c8b392c8706c44c8b392c8706c14c846	C800	unix_ns	1784861390641197603	ns
c3-timing-event-v1	C3	asyncs	measured	1048576	251	1	c8b392c8706c44c8b392c8706c14c846	C900	unix_ns	1784861390705785336	ns
c3-timing-event-v1	C3	asyncs	measured	4194304	252	1	194ef604f9454f928ef604f945df9273	C010	unix_ns	1784861390774756169	ns
c3-timing-event-v1	C3	asyncs	measured	4194304	252	1	194ef604f9454f928ef604f945df9273	C800	unix_ns	1784861394510369863	ns
c3-timing-event-v1	C3	asyncs	measured	4194304	252	1	194ef604f9454f928ef604f945df9273	C900	unix_ns	1784861394755038594	ns
c3-timing-event-v1	C3	asyncs	measured	1024	253	1	fc7066701eff42ccb066701eff32cc67	C010	unix_ns	1784861394829964638	ns
c3-timing-event-v1	C3	asyncs	measured	1024	253	1	fc7066701eff42ccb066701eff32cc67	C800	unix_ns	1784861394861643688	ns
c3-timing-event-v1	C3	asyncs	measured	1024	253	1	fc7066701eff42ccb066701eff32cc67	C900	unix_ns	1784861395083079474	ns
c3-timing-event-v1	C3	asyncs	measured	4096	254	1	2071c8e9f06a4352b1c8e9f06a6352ae	C010	unix_ns	1784861395093224742	ns
c3-timing-event-v1	C3	asyncs	measured	4096	254	1	2071c8e9f06a4352b1c8e9f06a6352ae	C800	unix_ns	1784861395129484924	ns
c3-timing-event-v1	C3	asyncs	measured	4096	254	1	2071c8e9f06a4352b1c8e9f06a6352ae	C900	unix_ns	1784861395140758260	ns
c3-timing-event-v1	C3	asyncs	measured	16384	255	1	4263b9a4c851404ca3b9a4c851304c51	C010	unix_ns	1784861395148118509	ns
c3-timing-event-v1	C3	asyncs	measured	16384	255	1	4263b9a4c851404ca3b9a4c851304c51	C800	unix_ns	1784861395187119487	ns
c3-timing-event-v1	C3	asyncs	measured	16384	255	1	4263b9a4c851404ca3b9a4c851304c51	C900	unix_ns	1784861395201839110	ns
c3-timing-event-v1	C3	asyncs	measured	65536	256	1	cd78fdd96a8b41edb8fdd96a8bb1ed97	C010	unix_ns	1784861395213776188	ns
c3-timing-event-v1	C3	asyncs	measured	65536	256	1	cd78fdd96a8b41edb8fdd96a8bb1ed97	C800	unix_ns	1784861395304835604	ns
c3-timing-event-v1	C3	asyncs	measured	65536	256	1	cd78fdd96a8b41edb8fdd96a8bb1ed97	C900	unix_ns	1784861395327477131	ns
c3-timing-event-v1	C3	asyncs	measured	262144	257	1	2246130340ea4e7886130340eaee784b	C010	unix_ns	1784861395338973884	ns
c3-timing-event-v1	C3	asyncs	measured	262144	257	1	2246130340ea4e7886130340eaee784b	C800	unix_ns	1784861395629362094	ns
c3-timing-event-v1	C3	asyncs	measured	262144	257	1	2246130340ea4e7886130340eaee784b	C900	unix_ns	1784861395653128621	ns
c3-timing-event-v1	C3	asyncs	measured	1048576	258	1	45644fd8b1054b24a44fd8b1053b24a3	C010	unix_ns	1784861395674241038	ns
c3-timing-event-v1	C3	asyncs	measured	1048576	258	1	45644fd8b1054b24a44fd8b1053b24a3	C800	unix_ns	1784861396627569541	ns
c3-timing-event-v1	C3	asyncs	measured	1048576	258	1	45644fd8b1054b24a44fd8b1053b24a3	C900	unix_ns	1784861396688367502	ns
c3-timing-event-v1	C3	asyncs	measured	4194304	259	1	4fe12061eeb645efa12061eeb6f5ef61	C010	unix_ns	1784861396758522700	ns
c3-timing-event-v1	C3	asyncs	measured	4194304	259	1	4fe12061eeb645efa12061eeb6f5ef61	C800	unix_ns	1784861400527760988	ns
c3-timing-event-v1	C3	asyncs	measured	4194304	259	1	4fe12061eeb645efa12061eeb6f5ef61	C900	unix_ns	1784861400795007955	ns
c3-timing-event-v1	C3	asyncs	measured	1024	260	1	2572faf58d2740e6b2faf58d2760e6d7	C010	unix_ns	1784861400870520461	ns
c3-timing-event-v1	C3	asyncs	measured	1024	260	1	2572faf58d2740e6b2faf58d2760e6d7	C800	unix_ns	1784861400899981543	ns
c3-timing-event-v1	C3	asyncs	measured	1024	260	1	2572faf58d2740e6b2faf58d2760e6d7	C900	unix_ns	1784861400919304643	ns
c3-timing-event-v1	C3	asyncs	measured	4096	261	1	4920452c9df84049a0452c9df870495c	C010	unix_ns	1784861400932481281	ns
c3-timing-event-v1	C3	asyncs	measured	4096	261	1	4920452c9df84049a0452c9df870495c	C800	unix_ns	1784861400955861406	ns
c3-timing-event-v1	C3	asyncs	measured	4096	261	1	4920452c9df84049a0452c9df870495c	C900	unix_ns	1784861401177451191	ns
c3-timing-event-v1	C3	asyncs	measured	16384	262	1	64e2a66350814a5aa2a66350810a5a15	C010	unix_ns	1784861401184965219	ns
c3-timing-event-v1	C3	asyncs	measured	16384	262	1	64e2a66350814a5aa2a66350810a5a15	C800	unix_ns	1784861401218938670	ns
c3-timing-event-v1	C3	asyncs	measured	16384	262	1	64e2a66350814a5aa2a66350810a5a15	C900	unix_ns	1784861401233335411	ns
c3-timing-event-v1	C3	asyncs	measured	65536	263	1	be1d47c2d568429e9d47c2d568529e57	C010	unix_ns	1784861401241264105	ns
c3-timing-event-v1	C3	asyncs	measured	65536	263	1	be1d47c2d568429e9d47c2d568529e57	C800	unix_ns	1784861401327248995	ns
c3-timing-event-v1	C3	asyncs	measured	65536	263	1	be1d47c2d568429e9d47c2d568529e57	C900	unix_ns	1784861401340316343	ns
c3-timing-event-v1	C3	asyncs	measured	262144	264	1	8fca8379873848cd8a83798738e8cd71	C010	unix_ns	1784861401352381141	ns
c3-timing-event-v1	C3	asyncs	measured	262144	264	1	8fca8379873848cd8a83798738e8cd71	C800	unix_ns	1784861401679566702	ns
c3-timing-event-v1	C3	asyncs	measured	262144	264	1	8fca8379873848cd8a83798738e8cd71	C900	unix_ns	1784861401910872867	ns
c3-timing-event-v1	C3	asyncs	measured	1048576	265	1	870c29e4d9df4c148c29e4d9df2c14a4	C010	unix_ns	1784861401931658288	ns
c3-timing-event-v1	C3	asyncs	measured	1048576	265	1	870c29e4d9df4c148c29e4d9df2c14a4	C800	unix_ns	1784861402881506487	ns
c3-timing-event-v1	C3	asyncs	measured	1048576	265	1	870c29e4d9df4c148c29e4d9df2c14a4	C900	unix_ns	1784861402948330392	ns
c3-timing-event-v1	C3	asyncs	measured	4194304	266	1	fe8aeeb08edc4df18aeeb08edc7df1a6	C010	unix_ns	1784861403019988848	ns
c3-timing-event-v1	C3	asyncs	measured	4194304	266	1	fe8aeeb08edc4df18aeeb08edc7df1a6	C800	unix_ns	1784861406771432566	ns
c3-timing-event-v1	C3	asyncs	measured	4194304	266	1	fe8aeeb08edc4df18aeeb08edc7df1a6	C900	unix_ns	1784861407016750654	ns
c3-timing-event-v1	C3	asyncs	measured	1024	267	1	64197e5aefcc4c9b997e5aefcc1c9bb2	C010	unix_ns	1784861407093536829	ns
c3-timing-event-v1	C3	asyncs	measured	1024	267	1	64197e5aefcc4c9b997e5aefcc1c9bb2	C800	unix_ns	1784861407120887004	ns
c3-timing-event-v1	C3	asyncs	measured	1024	267	1	64197e5aefcc4c9b997e5aefcc1c9bb2	C900	unix_ns	1784861407130207833	ns
c3-timing-event-v1	C3	asyncs	measured	4096	268	1	90d749e73ab840e39749e73ab800e312	C010	unix_ns	1784861407139822811	ns
c3-timing-event-v1	C3	asyncs	measured	4096	268	1	90d749e73ab840e39749e73ab800e312	C800	unix_ns	1784861407175604666	ns
c3-timing-event-v1	C3	asyncs	measured	4096	268	1	90d749e73ab840e39749e73ab800e312	C900	unix_ns	1784861407402261515	ns
c3-timing-event-v1	C3	asyncs	measured	16384	269	1	8c45f4413297417185f44132972171c4	C010	unix_ns	1784861407411525140	ns
c3-timing-event-v1	C3	asyncs	measured	16384	269	1	8c45f4413297417185f44132972171c4	C800	unix_ns	1784861407454334114	ns
c3-timing-event-v1	C3	asyncs	measured	16384	269	1	8c45f4413297417185f44132972171c4	C900	unix_ns	1784861407461353475	ns
c3-timing-event-v1	C3	asyncs	measured	65536	270	1	ba82eeb25edb429982eeb25edb729968	C010	unix_ns	1784861407469427561	ns
c3-timing-event-v1	C3	asyncs	measured	65536	270	1	ba82eeb25edb429982eeb25edb729968	C800	unix_ns	1784861407548847800	ns
c3-timing-event-v1	C3	asyncs	measured	65536	270	1	ba82eeb25edb429982eeb25edb729968	C900	unix_ns	1784861407563654670	ns
c3-timing-event-v1	C3	asyncs	measured	262144	271	1	e6002f4da0434377802f4da043237721	C010	unix_ns	1784861407574115243	ns
c3-timing-event-v1	C3	asyncs	measured	262144	271	1	e6002f4da0434377802f4da043237721	C800	unix_ns	1784861407874109183	ns
c3-timing-event-v1	C3	asyncs	measured	262144	271	1	e6002f4da0434377802f4da043237721	C900	unix_ns	1784861407904290202	ns
c3-timing-event-v1	C3	asyncs	measured	1048576	272	1	a44c89bb230e4c078c89bb230eac0735	C010	unix_ns	1784861407936926487	ns
c3-timing-event-v1	C3	asyncs	measured	1048576	272	1	a44c89bb230e4c078c89bb230eac0735	C800	unix_ns	1784861408902915812	ns
c3-timing-event-v1	C3	asyncs	measured	1048576	272	1	a44c89bb230e4c078c89bb230eac0735	C900	unix_ns	1784861408958391408	ns
c3-timing-event-v1	C3	asyncs	measured	4194304	273	1	4fca67c7efb144798a67c7efb1147992	C010	unix_ns	1784861409026269638	ns
c3-timing-event-v1	C3	asyncs	measured	4194304	273	1	4fca67c7efb144798a67c7efb1147992	C800	unix_ns	1784861412787057152	ns
c3-timing-event-v1	C3	asyncs	measured	4194304	273	1	4fca67c7efb144798a67c7efb1147992	C900	unix_ns	1784861413065362182	ns
c3-timing-event-v1	C3	asyncs	measured	1024	274	1	1c244236be3b40f5a44236be3bb0f503	C010	unix_ns	1784861413147587029	ns
c3-timing-event-v1	C3	asyncs	measured	1024	274	1	1c244236be3b40f5a44236be3bb0f503	C800	unix_ns	1784861413186559271	ns
c3-timing-event-v1	C3	asyncs	measured	1024	274	1	1c244236be3b40f5a44236be3bb0f503	C900	unix_ns	1784861413198216033	ns
c3-timing-event-v1	C3	asyncs	measured	4096	275	1	ad2e234ec1d84c32ae234ec1d81c32e7	C010	unix_ns	1784861413208307432	ns
c3-timing-event-v1	C3	asyncs	measured	4096	275	1	ad2e234ec1d84c32ae234ec1d81c32e7	C800	unix_ns	1784861413235950358	ns
c3-timing-event-v1	C3	asyncs	measured	4096	275	1	ad2e234ec1d84c32ae234ec1d81c32e7	C900	unix_ns	1784861413250210110	ns
c3-timing-event-v1	C3	asyncs	measured	16384	276	1	9f1382ca10fa40ac9382ca10fa90ac2c	C010	unix_ns	1784861413258017077	ns
c3-timing-event-v1	C3	asyncs	measured	16384	276	1	9f1382ca10fa40ac9382ca10fa90ac2c	C800	unix_ns	1784861413293821217	ns
c3-timing-event-v1	C3	asyncs	measured	16384	276	1	9f1382ca10fa40ac9382ca10fa90ac2c	C900	unix_ns	1784861413513615523	ns
c3-timing-event-v1	C3	asyncs	measured	65536	277	1	78dac86489e046e79ac86489e036e713	C010	unix_ns	1784861413521843493	ns
c3-timing-event-v1	C3	asyncs	measured	65536	277	1	78dac86489e046e79ac86489e036e713	C800	unix_ns	1784861413605957735	ns
c3-timing-event-v1	C3	asyncs	measured	65536	277	1	78dac86489e046e79ac86489e036e713	C900	unix_ns	1784861413617606241	ns
c3-timing-event-v1	C3	asyncs	measured	262144	278	1	6bfb7dcbc2ca4716bb7dcbc2ca0716c0	C010	unix_ns	1784861413634840452	ns
c3-timing-event-v1	C3	asyncs	measured	262144	278	1	6bfb7dcbc2ca4716bb7dcbc2ca0716c0	C800	unix_ns	1784861413924942633	ns
c3-timing-event-v1	C3	asyncs	measured	262144	278	1	6bfb7dcbc2ca4716bb7dcbc2ca0716c0	C900	unix_ns	1784861414157178469	ns
c3-timing-event-v1	C3	asyncs	measured	1048576	279	1	3a2f004db74a487aaf004db74a187a71	C010	unix_ns	1784861414178279149	ns
c3-timing-event-v1	C3	asyncs	measured	1048576	279	1	3a2f004db74a487aaf004db74a187a71	C800	unix_ns	1784861415179022271	ns
c3-timing-event-v1	C3	asyncs	measured	1048576	279	1	3a2f004db74a487aaf004db74a187a71	C900	unix_ns	1784861415243122810	ns
c3-timing-event-v1	C3	asyncs	measured	4194304	280	1	6c33ca9532794400b3ca953279c4004e	C010	unix_ns	1784861415312541814	ns
c3-timing-event-v1	C3	asyncs	measured	4194304	280	1	6c33ca9532794400b3ca953279c4004e	C800	unix_ns	1784861419185231228	ns
c3-timing-event-v1	C3	asyncs	measured	4194304	280	1	6c33ca9532794400b3ca953279c4004e	C900	unix_ns	1784861419417536508	ns
c3-timing-event-v1	C3	asyncs	measured	1024	281	1	472f05b8f2ff4a6eaf05b8f2ff0a6e01	C010	unix_ns	1784861419497946217	ns
c3-timing-event-v1	C3	asyncs	measured	1024	281	1	472f05b8f2ff4a6eaf05b8f2ff0a6e01	C800	unix_ns	1784861419526326465	ns
c3-timing-event-v1	C3	asyncs	measured	1024	281	1	472f05b8f2ff4a6eaf05b8f2ff0a6e01	C900	unix_ns	1784861419542921006	ns
c3-timing-event-v1	C3	asyncs	measured	4096	282	1	c55cd138b8904c939cd138b890dc934b	C010	unix_ns	1784861419553062033	ns
c3-timing-event-v1	C3	asyncs	measured	4096	282	1	c55cd138b8904c939cd138b890dc934b	C800	unix_ns	1784861419579073120	ns
c3-timing-event-v1	C3	asyncs	measured	4096	282	1	c55cd138b8904c939cd138b890dc934b	C900	unix_ns	1784861419586708143	ns
c3-timing-event-v1	C3	asyncs	measured	16384	283	1	33282004add34776a82004add30776ba	C010	unix_ns	1784861419594471711	ns
c3-timing-event-v1	C3	asyncs	measured	16384	283	1	33282004add34776a82004add30776ba	C800	unix_ns	1784861419629032508	ns
c3-timing-event-v1	C3	asyncs	measured	16384	283	1	33282004add34776a82004add30776ba	C900	unix_ns	1784861419646365107	ns
c3-timing-event-v1	C3	asyncs	measured	65536	284	1	d658077f95414c6998077f9541dc6953	C010	unix_ns	1784861419656484114	ns
c3-timing-event-v1	C3	asyncs	measured	65536	284	1	d658077f95414c6998077f9541dc6953	C800	unix_ns	1784861419739656079	ns
c3-timing-event-v1	C3	asyncs	measured	65536	284	1	d658077f95414c6998077f9541dc6953	C900	unix_ns	1784861419749760905	ns
c3-timing-event-v1	C3	asyncs	measured	262144	285	1	6a59526e5b8f405c99526e5b8f905c3d	C010	unix_ns	1784861419760281661	ns
c3-timing-event-v1	C3	asyncs	measured	262144	285	1	6a59526e5b8f405c99526e5b8f905c3d	C800	unix_ns	1784861420105753952	ns
c3-timing-event-v1	C3	asyncs	measured	262144	285	1	6a59526e5b8f405c99526e5b8f905c3d	C900	unix_ns	1784861420129112920	ns
c3-timing-event-v1	C3	asyncs	measured	1048576	286	1	5c5a8de1e387490f9a8de1e387790f84	C010	unix_ns	1784861420152875890	ns
c3-timing-event-v1	C3	asyncs	measured	1048576	286	1	5c5a8de1e387490f9a8de1e387790f84	C800	unix_ns	1784861421080867520	ns
c3-timing-event-v1	C3	asyncs	measured	1048576	286	1	5c5a8de1e387490f9a8de1e387790f84	C900	unix_ns	1784861421141127639	ns
c3-timing-event-v1	C3	asyncs	measured	4194304	287	1	71a33b4b03b1451da33b4b03b1951d78	C010	unix_ns	1784861421210251363	ns
c3-timing-event-v1	C3	asyncs	measured	4194304	287	1	71a33b4b03b1451da33b4b03b1951d78	C800	unix_ns	1784861424911832604	ns
c3-timing-event-v1	C3	asyncs	measured	4194304	287	1	71a33b4b03b1451da33b4b03b1951d78	C900	unix_ns	1784861425177050644	ns
c3-timing-event-v1	C3	asyncs	measured	1024	288	1	8350058ac0924f8c90058ac0923f8cd2	C010	unix_ns	1784861425250192692	ns
c3-timing-event-v1	C3	asyncs	measured	1024	288	1	8350058ac0924f8c90058ac0923f8cd2	C800	unix_ns	1784861425280002677	ns
c3-timing-event-v1	C3	asyncs	measured	1024	288	1	8350058ac0924f8c90058ac0923f8cd2	C900	unix_ns	1784861425292531840	ns
c3-timing-event-v1	C3	asyncs	measured	4096	289	1	49de5e98908f4acb9e5e98908f5acb9c	C010	unix_ns	1784861425305481197	ns
c3-timing-event-v1	C3	asyncs	measured	4096	289	1	49de5e98908f4acb9e5e98908f5acb9c	C800	unix_ns	1784861425335508801	ns
c3-timing-event-v1	C3	asyncs	measured	4096	289	1	49de5e98908f4acb9e5e98908f5acb9c	C900	unix_ns	1784861425346994336	ns
c3-timing-event-v1	C3	asyncs	measured	16384	290	1	739886a086a343309886a086a3833074	C010	unix_ns	1784861425360795274	ns
c3-timing-event-v1	C3	asyncs	measured	16384	290	1	739886a086a343309886a086a3833074	C800	unix_ns	1784861425397954912	ns
c3-timing-event-v1	C3	asyncs	measured	16384	290	1	739886a086a343309886a086a3833074	C900	unix_ns	1784861425615856554	ns
c3-timing-event-v1	C3	asyncs	measured	65536	291	1	04e1b10fea264095a1b10fea2630956b	C010	unix_ns	1784861425624270234	ns
c3-timing-event-v1	C3	asyncs	measured	65536	291	1	04e1b10fea264095a1b10fea2630956b	C800	unix_ns	1784861425703748869	ns
c3-timing-event-v1	C3	asyncs	measured	65536	291	1	04e1b10fea264095a1b10fea2630956b	C900	unix_ns	1784861425923633899	ns
c3-timing-event-v1	C3	asyncs	measured	262144	292	1	70683003459e4727a83003459e5727a9	C010	unix_ns	1784861425934586477	ns
c3-timing-event-v1	C3	asyncs	measured	262144	292	1	70683003459e4727a83003459e5727a9	C800	unix_ns	1784861426205123497	ns
c3-timing-event-v1	C3	asyncs	measured	262144	292	1	70683003459e4727a83003459e5727a9	C900	unix_ns	1784861426226551600	ns
c3-timing-event-v1	C3	asyncs	measured	1048576	293	1	f37e437de35f4112be437de35f2112c5	C010	unix_ns	1784861426247561443	ns
c3-timing-event-v1	C3	asyncs	measured	1048576	293	1	f37e437de35f4112be437de35f2112c5	C800	unix_ns	1784861427228830165	ns
c3-timing-event-v1	C3	asyncs	measured	1048576	293	1	f37e437de35f4112be437de35f2112c5	C900	unix_ns	1784861427309329225	ns
c3-timing-event-v1	C3	asyncs	measured	4194304	294	1	e9345af98340466ab45af98340a66adb	C010	unix_ns	1784861427380751010	ns
c3-timing-event-v1	C3	asyncs	measured	4194304	294	1	e9345af98340466ab45af98340a66adb	C800	unix_ns	1784861431273737160	ns
c3-timing-event-v1	C3	asyncs	measured	4194304	294	1	e9345af98340466ab45af98340a66adb	C900	unix_ns	1784861431526539667	ns
c3-timing-event-v1	C3	asyncs	measured	1024	295	1	ff72b096a91e49e2b2b096a91e89e20f	C010	unix_ns	1784861431650668340	ns
c3-timing-event-v1	C3	asyncs	measured	1024	295	1	ff72b096a91e49e2b2b096a91e89e20f	C800	unix_ns	1784861431704872259	ns
c3-timing-event-v1	C3	asyncs	measured	1024	295	1	ff72b096a91e49e2b2b096a91e89e20f	C900	unix_ns	1784861431714630902	ns
c3-timing-event-v1	C3	asyncs	measured	4096	296	1	cd7f794a7c4b4acbbf794a7c4b9acbea	C010	unix_ns	1784861431728581186	ns
c3-timing-event-v1	C3	asyncs	measured	4096	296	1	cd7f794a7c4b4acbbf794a7c4b9acbea	C800	unix_ns	1784861431753242101	ns
c3-timing-event-v1	C3	asyncs	measured	4096	296	1	cd7f794a7c4b4acbbf794a7c4b9acbea	C900	unix_ns	1784861431976634443	ns
c3-timing-event-v1	C3	asyncs	measured	16384	297	1	6a1f674d5d27437b9f674d5d27f37ba2	C010	unix_ns	1784861431984936761	ns
c3-timing-event-v1	C3	asyncs	measured	16384	297	1	6a1f674d5d27437b9f674d5d27f37ba2	C800	unix_ns	1784861432032347081	ns
c3-timing-event-v1	C3	asyncs	measured	16384	297	1	6a1f674d5d27437b9f674d5d27f37ba2	C900	unix_ns	1784861432042517324	ns
c3-timing-event-v1	C3	asyncs	measured	65536	298	1	e2eb3c3dd41b4d1aab3c3dd41bdd1a83	C010	unix_ns	1784861432051109105	ns
c3-timing-event-v1	C3	asyncs	measured	65536	298	1	e2eb3c3dd41b4d1aab3c3dd41bdd1a83	C800	unix_ns	1784861432132573967	ns
c3-timing-event-v1	C3	asyncs	measured	65536	298	1	e2eb3c3dd41b4d1aab3c3dd41bdd1a83	C900	unix_ns	1784861432143698602	ns
c3-timing-event-v1	C3	asyncs	measured	262144	299	1	63736fd0f79e4435b36fd0f79e543501	C010	unix_ns	1784861432154605633	ns
c3-timing-event-v1	C3	asyncs	measured	262144	299	1	63736fd0f79e4435b36fd0f79e543501	C800	unix_ns	1784861432494313307	ns
c3-timing-event-v1	C3	asyncs	measured	262144	299	1	63736fd0f79e4435b36fd0f79e543501	C900	unix_ns	1784861432517352514	ns
c3-timing-event-v1	C3	asyncs	measured	1048576	300	1	ff744361324c4ec1b44361324c9ec142	C010	unix_ns	1784861432538636044	ns
c3-timing-event-v1	C3	asyncs	measured	1048576	300	1	ff744361324c4ec1b44361324c9ec142	C800	unix_ns	1784861433452129268	ns
c3-timing-event-v1	C3	asyncs	measured	1048576	300	1	ff744361324c4ec1b44361324c9ec142	C900	unix_ns	1784861433506307946	ns
c3-timing-event-v1	C3	asyncs	measured	4194304	301	1	e900e4fe47d2453e80e4fe47d2a53ede	C010	unix_ns	1784861433575030084	ns
c3-timing-event-v1	C3	asyncs	measured	4194304	301	1	e900e4fe47d2453e80e4fe47d2a53ede	C800	unix_ns	1784861437314739393	ns
c3-timing-event-v1	C3	asyncs	measured	4194304	301	1	e900e4fe47d2453e80e4fe47d2a53ede	C900	unix_ns	1784861437587246564	ns
c3-timing-event-v1	C3	asyncs	measured	1024	302	1	ff668c9019184d5aa68c9019181d5a2c	C010	unix_ns	1784861437660897263	ns
c3-timing-event-v1	C3	asyncs	measured	1024	302	1	ff668c9019184d5aa68c9019181d5a2c	C800	unix_ns	1784861437693795406	ns
c3-timing-event-v1	C3	asyncs	measured	1024	302	1	ff668c9019184d5aa68c9019181d5a2c	C900	unix_ns	1784861437705080748	ns
c3-timing-event-v1	C3	asyncs	measured	4096	303	1	72412de7e0b44937812de7e0b47937ea	C010	unix_ns	1784861437715448075	ns
c3-timing-event-v1	C3	asyncs	measured	4096	303	1	72412de7e0b44937812de7e0b47937ea	C800	unix_ns	1784861437743518630	ns
c3-timing-event-v1	C3	asyncs	measured	4096	303	1	72412de7e0b44937812de7e0b47937ea	C900	unix_ns	1784861437751655710	ns
c3-timing-event-v1	C3	asyncs	measured	16384	304	1	4da637c13bc74a1da637c13bc71a1d71	C010	unix_ns	1784861437761242297	ns
c3-timing-event-v1	C3	asyncs	measured	16384	304	1	4da637c13bc74a1da637c13bc71a1d71	C800	unix_ns	1784861437803224901	ns
c3-timing-event-v1	C3	asyncs	measured	16384	304	1	4da637c13bc74a1da637c13bc71a1d71	C900	unix_ns	1784861437810532128	ns
c3-timing-event-v1	C3	asyncs	measured	65536	305	1	1cb7a8be55d5443bb7a8be55d5c43bad	C010	unix_ns	1784861437819050136	ns
c3-timing-event-v1	C3	asyncs	measured	65536	305	1	1cb7a8be55d5443bb7a8be55d5c43bad	C800	unix_ns	1784861437908583722	ns
c3-timing-event-v1	C3	asyncs	measured	65536	305	1	1cb7a8be55d5443bb7a8be55d5c43bad	C900	unix_ns	1784861437918513270	ns
c3-timing-event-v1	C3	asyncs	measured	262144	306	1	3221ff377fb54eeba1ff377fb50eebac	C010	unix_ns	1784861437929629042	ns
c3-timing-event-v1	C3	asyncs	measured	262144	306	1	3221ff377fb54eeba1ff377fb50eebac	C800	unix_ns	1784861438216717014	ns
c3-timing-event-v1	C3	asyncs	measured	262144	306	1	3221ff377fb54eeba1ff377fb50eebac	C900	unix_ns	1784861438237374160	ns
c3-timing-event-v1	C3	asyncs	measured	1048576	307	1	ccfb5654b18e44cabb5654b18e44caca	C010	unix_ns	1784861438261029299	ns
c3-timing-event-v1	C3	asyncs	measured	1048576	307	1	ccfb5654b18e44cabb5654b18e44caca	C800	unix_ns	1784861439235467702	ns
c3-timing-event-v1	C3	asyncs	measured	1048576	307	1	ccfb5654b18e44cabb5654b18e44caca	C900	unix_ns	1784861439322189459	ns
c3-timing-event-v1	C3	asyncs	measured	4194304	308	1	14ea80482fbd484caa80482fbde84ca1	C010	unix_ns	1784861439390262596	ns
c3-timing-event-v1	C3	asyncs	measured	4194304	308	1	14ea80482fbd484caa80482fbde84ca1	C800	unix_ns	1784861443118576027	ns
c3-timing-event-v1	C3	asyncs	measured	4194304	308	1	14ea80482fbd484caa80482fbde84ca1	C900	unix_ns	1784861443396038398	ns
c3-timing-event-v1	C3	asyncs	measured	1024	309	1	5f2869d9c55c4d7ea869d9c55c1d7e20	C010	unix_ns	1784861443474151972	ns
c3-timing-event-v1	C3	asyncs	measured	1024	309	1	5f2869d9c55c4d7ea869d9c55c1d7e20	C800	unix_ns	1784861443502547954	ns
c3-timing-event-v1	C3	asyncs	measured	1024	309	1	5f2869d9c55c4d7ea869d9c55c1d7e20	C900	unix_ns	1784861443734189256	ns
c3-timing-event-v1	C3	asyncs	measured	4096	310	1	504d7b8c30d1485c8d7b8c30d1f85c18	C010	unix_ns	1784861443743818195	ns
c3-timing-event-v1	C3	asyncs	measured	4096	310	1	504d7b8c30d1485c8d7b8c30d1f85c18	C800	unix_ns	1784861443769253704	ns
c3-timing-event-v1	C3	asyncs	measured	4096	310	1	504d7b8c30d1485c8d7b8c30d1f85c18	C900	unix_ns	1784861443986321908	ns
c3-timing-event-v1	C3	asyncs	measured	16384	311	1	b1529d22da744841929d22da74b8416d	C010	unix_ns	1784861444003695175	ns
c3-timing-event-v1	C3	asyncs	measured	16384	311	1	b1529d22da744841929d22da74b8416d	C800	unix_ns	1784861444064687885	ns
c3-timing-event-v1	C3	asyncs	measured	16384	311	1	b1529d22da744841929d22da74b8416d	C900	unix_ns	1784861444078199710	ns
c3-timing-event-v1	C3	asyncs	measured	65536	312	1	2be52bd2c18c42b3a52bd2c18c32b387	C010	unix_ns	1784861444093580479	ns
c3-timing-event-v1	C3	asyncs	measured	65536	312	1	2be52bd2c18c42b3a52bd2c18c32b387	C800	unix_ns	1784861444189062761	ns
c3-timing-event-v1	C3	asyncs	measured	65536	312	1	2be52bd2c18c42b3a52bd2c18c32b387	C900	unix_ns	1784861444204867701	ns
c3-timing-event-v1	C3	asyncs	measured	262144	313	1	deb8882c678d4930b8882c678dc9306e	C010	unix_ns	1784861444224895615	ns
c3-timing-event-v1	C3	asyncs	measured	262144	313	1	deb8882c678d4930b8882c678dc9306e	C800	unix_ns	1784861444496104562	ns
c3-timing-event-v1	C3	asyncs	measured	262144	313	1	deb8882c678d4930b8882c678dc9306e	C900	unix_ns	1784861444515467556	ns
c3-timing-event-v1	C3	asyncs	measured	1048576	314	1	19b18bfd58f945dbb18bfd58f9d5db49	C010	unix_ns	1784861444537492190	ns
c3-timing-event-v1	C3	asyncs	measured	1048576	314	1	19b18bfd58f945dbb18bfd58f9d5db49	C800	unix_ns	1784861445443299206	ns
c3-timing-event-v1	C3	asyncs	measured	1048576	314	1	19b18bfd58f945dbb18bfd58f9d5db49	C900	unix_ns	1784861445512395268	ns
c3-timing-event-v1	C3	asyncs	measured	4194304	315	1	fe37ec0434cf47f3b7ec0434cfe7f3a7	C010	unix_ns	1784861445581215308	ns
c3-timing-event-v1	C3	asyncs	measured	4194304	315	1	fe37ec0434cf47f3b7ec0434cfe7f3a7	C800	unix_ns	1784861449339212161	ns
c3-timing-event-v1	C3	asyncs	measured	4194304	315	1	fe37ec0434cf47f3b7ec0434cfe7f3a7	C900	unix_ns	1784861449571661895	ns
c3-timing-event-v1	C3	asyncs	measured	1024	316	1	7983c6757d9e4bb083c6757d9efbb0f2	C010	unix_ns	1784861449645536084	ns
c3-timing-event-v1	C3	asyncs	measured	1024	316	1	7983c6757d9e4bb083c6757d9efbb0f2	C800	unix_ns	1784861449673325790	ns
c3-timing-event-v1	C3	asyncs	measured	1024	316	1	7983c6757d9e4bb083c6757d9efbb0f2	C900	unix_ns	1784861449687820927	ns
c3-timing-event-v1	C3	asyncs	measured	4096	317	1	45656e793aca4b55a56e793acadb5591	C010	unix_ns	1784861449698395797	ns
c3-timing-event-v1	C3	asyncs	measured	4096	317	1	45656e793aca4b55a56e793acadb5591	C800	unix_ns	1784861449723201144	ns
c3-timing-event-v1	C3	asyncs	measured	4096	317	1	45656e793aca4b55a56e793acadb5591	C900	unix_ns	1784861449941324222	ns
c3-timing-event-v1	C3	asyncs	measured	16384	318	1	903f61afe2074bb8bf61afe2072bb85f	C010	unix_ns	1784861449952619673	ns
c3-timing-event-v1	C3	asyncs	measured	16384	318	1	903f61afe2074bb8bf61afe2072bb85f	C800	unix_ns	1784861449997624939	ns
c3-timing-event-v1	C3	asyncs	measured	16384	318	1	903f61afe2074bb8bf61afe2072bb85f	C900	unix_ns	1784861450016216061	ns
c3-timing-event-v1	C3	asyncs	measured	65536	319	1	007237812231400fb237812231400fef	C010	unix_ns	1784861450025103569	ns
c3-timing-event-v1	C3	asyncs	measured	65536	319	1	007237812231400fb237812231400fef	C800	unix_ns	1784861450111347963	ns
c3-timing-event-v1	C3	asyncs	measured	65536	319	1	007237812231400fb237812231400fef	C900	unix_ns	1784861450122411946	ns
c3-timing-event-v1	C3	asyncs	measured	262144	320	1	76c23cd0b88246a8823cd0b88226a834	C010	unix_ns	1784861450139884314	ns
c3-timing-event-v1	C3	asyncs	measured	262144	320	1	76c23cd0b88246a8823cd0b88226a834	C800	unix_ns	1784861450514411802	ns
c3-timing-event-v1	C3	asyncs	measured	262144	320	1	76c23cd0b88246a8823cd0b88226a834	C900	unix_ns	1784861450544540903	ns
c3-timing-event-v1	C3	asyncs	measured	1048576	321	1	11492a474cd74e2e892a474cd7fe2ef8	C010	unix_ns	1784861450567770441	ns
c3-timing-event-v1	C3	asyncs	measured	1048576	321	1	11492a474cd74e2e892a474cd7fe2ef8	C800	unix_ns	1784861451517985232	ns
c3-timing-event-v1	C3	asyncs	measured	1048576	321	1	11492a474cd74e2e892a474cd7fe2ef8	C900	unix_ns	1784861451574748260	ns
c3-timing-event-v1	C3	asyncs	measured	4194304	322	1	2655176306504ab495176306505ab46e	C010	unix_ns	1784861451643068591	ns
c3-timing-event-v1	C3	asyncs	measured	4194304	322	1	2655176306504ab495176306505ab46e	C800	unix_ns	1784861455432891595	ns
c3-timing-event-v1	C3	asyncs	measured	4194304	322	1	2655176306504ab495176306505ab46e	C900	unix_ns	1784861455693485508	ns
c3-timing-event-v1	C3	asyncs	measured	1024	323	1	8b9b4f7151b54e919b4f7151b5de914b	C010	unix_ns	1784861455766404764	ns
c3-timing-event-v1	C3	asyncs	measured	1024	323	1	8b9b4f7151b54e919b4f7151b5de914b	C800	unix_ns	1784861455807963054	ns
c3-timing-event-v1	C3	asyncs	measured	1024	323	1	8b9b4f7151b54e919b4f7151b5de914b	C900	unix_ns	1784861455820448949	ns
c3-timing-event-v1	C3	asyncs	measured	4096	324	1	71d9f4c98e82489299f4c98e82e8921d	C010	unix_ns	1784861455831780974	ns
c3-timing-event-v1	C3	asyncs	measured	4096	324	1	71d9f4c98e82489299f4c98e82e8921d	C800	unix_ns	1784861455854360424	ns
c3-timing-event-v1	C3	asyncs	measured	4096	324	1	71d9f4c98e82489299f4c98e82e8921d	C900	unix_ns	1784861456070752052	ns
c3-timing-event-v1	C3	asyncs	measured	16384	325	1	378b98ecb1cc46bb8b98ecb1cc96bbbe	C010	unix_ns	1784861456079696696	ns
c3-timing-event-v1	C3	asyncs	measured	16384	325	1	378b98ecb1cc46bb8b98ecb1cc96bbbe	C800	unix_ns	1784861456118936914	ns
c3-timing-event-v1	C3	asyncs	measured	16384	325	1	378b98ecb1cc46bb8b98ecb1cc96bbbe	C900	unix_ns	1784861456126682267	ns
c3-timing-event-v1	C3	asyncs	measured	65536	326	1	b12e77b29fb742fbae77b29fb7b2fb92	C010	unix_ns	1784861456136089346	ns
c3-timing-event-v1	C3	asyncs	measured	65536	326	1	b12e77b29fb742fbae77b29fb7b2fb92	C800	unix_ns	1784861456221651305	ns
c3-timing-event-v1	C3	asyncs	measured	65536	326	1	b12e77b29fb742fbae77b29fb7b2fb92	C900	unix_ns	1784861456232443420	ns
c3-timing-event-v1	C3	asyncs	measured	262144	327	1	64953f57734f4fa4953f57734fafa41b	C010	unix_ns	1784861456244588330	ns
c3-timing-event-v1	C3	asyncs	measured	262144	327	1	64953f57734f4fa4953f57734fafa41b	C800	unix_ns	1784861456503200362	ns
c3-timing-event-v1	C3	asyncs	measured	262144	327	1	64953f57734f4fa4953f57734fafa41b	C900	unix_ns	1784861456529700310	ns
c3-timing-event-v1	C3	asyncs	measured	1048576	328	1	a0245b22a13d45d1a45b22a13dd5d19b	C010	unix_ns	1784861456551837488	ns
c3-timing-event-v1	C3	asyncs	measured	1048576	328	1	a0245b22a13d45d1a45b22a13dd5d19b	C800	unix_ns	1784861457547365286	ns
c3-timing-event-v1	C3	asyncs	measured	1048576	328	1	a0245b22a13d45d1a45b22a13dd5d19b	C900	unix_ns	1784861457609846773	ns
c3-timing-event-v1	C3	asyncs	measured	4194304	329	1	e42ea743cb43418aaea743cb43a18a9e	C010	unix_ns	1784861457679788388	ns
c3-timing-event-v1	C3	asyncs	measured	4194304	329	1	e42ea743cb43418aaea743cb43a18a9e	C800	unix_ns	1784861461385972793	ns
c3-timing-event-v1	C3	asyncs	measured	4194304	329	1	e42ea743cb43418aaea743cb43a18a9e	C900	unix_ns	1784861461617992496	ns
c3-timing-event-v1	C3	asyncs	measured	1024	330	1	6e671fffe1b34c95a71fffe1b3cc95f3	C010	unix_ns	1784861461694832365	ns
c3-timing-event-v1	C3	asyncs	measured	1024	330	1	6e671fffe1b34c95a71fffe1b3cc95f3	C800	unix_ns	1784861461731946380	ns
c3-timing-event-v1	C3	asyncs	measured	1024	330	1	6e671fffe1b34c95a71fffe1b3cc95f3	C900	unix_ns	1784861461740052581	ns
c3-timing-event-v1	C3	asyncs	measured	4096	331	1	ac65b39ddd794564a5b39ddd79056437	C010	unix_ns	1784861461751185411	ns
c3-timing-event-v1	C3	asyncs	measured	4096	331	1	ac65b39ddd794564a5b39ddd79056437	C800	unix_ns	1784861461772959507	ns
c3-timing-event-v1	C3	asyncs	measured	4096	331	1	ac65b39ddd794564a5b39ddd79056437	C900	unix_ns	1784861462000536245	ns
c3-timing-event-v1	C3	asyncs	measured	16384	332	1	d6a811038f464862a811038f46b862d2	C010	unix_ns	1784861462018745882	ns
c3-timing-event-v1	C3	asyncs	measured	16384	332	1	d6a811038f464862a811038f46b862d2	C800	unix_ns	1784861462061283385	ns
c3-timing-event-v1	C3	asyncs	measured	16384	332	1	d6a811038f464862a811038f46b862d2	C900	unix_ns	1784861462069367128	ns
c3-timing-event-v1	C3	asyncs	measured	65536	333	1	6f1202177e6849709202177e68f97016	C010	unix_ns	1784861462117753057	ns
c3-timing-event-v1	C3	asyncs	measured	65536	333	1	6f1202177e6849709202177e68f97016	C800	unix_ns	1784861462201807041	ns
c3-timing-event-v1	C3	asyncs	measured	65536	333	1	6f1202177e6849709202177e68f97016	C900	unix_ns	1784861462213026209	ns
c3-timing-event-v1	C3	asyncs	measured	262144	334	1	9dce4c7fddb545c08e4c7fddb5b5c0ba	C010	unix_ns	1784861462278355113	ns
c3-timing-event-v1	C3	asyncs	measured	262144	334	1	9dce4c7fddb545c08e4c7fddb5b5c0ba	C800	unix_ns	1784861462581616415	ns
c3-timing-event-v1	C3	asyncs	measured	262144	334	1	9dce4c7fddb545c08e4c7fddb5b5c0ba	C900	unix_ns	1784861462614125686	ns
c3-timing-event-v1	C3	asyncs	measured	1048576	335	1	b8961039ae254cac961039ae252cac50	C010	unix_ns	1784861462682623413	ns
c3-timing-event-v1	C3	asyncs	measured	1048576	335	1	b8961039ae254cac961039ae252cac50	C800	unix_ns	1784861463579709506	ns
c3-timing-event-v1	C3	asyncs	measured	1048576	335	1	b8961039ae254cac961039ae252cac50	C900	unix_ns	1784861463637875132	ns
c3-timing-event-v1	C3	asyncs	measured	4194304	336	1	558cf59fd566437b8cf59fd566437b79	C010	unix_ns	1784861464082818929	ns
c3-timing-event-v1	C3	asyncs	measured	4194304	336	1	558cf59fd566437b8cf59fd566437b79	C800	unix_ns	1784861467855862599	ns
c3-timing-event-v1	C3	asyncs	measured	4194304	336	1	558cf59fd566437b8cf59fd566437b79	C900	unix_ns	1784861468137746824	ns
c3-timing-event-v1	C3	asyncs	measured	1024	337	1	13a4f696da674eb5a4f696da67ceb56b	C010	unix_ns	1784861468213715649	ns
c3-timing-event-v1	C3	asyncs	measured	1024	337	1	13a4f696da674eb5a4f696da67ceb56b	C800	unix_ns	1784861468242023572	ns
c3-timing-event-v1	C3	asyncs	measured	1024	337	1	13a4f696da674eb5a4f696da67ceb56b	C900	unix_ns	1784861468469346146	ns
c3-timing-event-v1	C3	asyncs	measured	4096	338	1	1c37606b8ef142fcb7606b8ef182fc60	C010	unix_ns	1784861468480960644	ns
c3-timing-event-v1	C3	asyncs	measured	4096	338	1	1c37606b8ef142fcb7606b8ef182fc60	C800	unix_ns	1784861468508193801	ns
c3-timing-event-v1	C3	asyncs	measured	4096	338	1	1c37606b8ef142fcb7606b8ef182fc60	C900	unix_ns	1784861468729218726	ns
c3-timing-event-v1	C3	asyncs	measured	16384	339	1	65e49fc578e846cba49fc578e8c6cbae	C010	unix_ns	1784861468744776462	ns
c3-timing-event-v1	C3	asyncs	measured	16384	339	1	65e49fc578e846cba49fc578e8c6cbae	C800	unix_ns	1784861468784942393	ns
c3-timing-event-v1	C3	asyncs	measured	16384	339	1	65e49fc578e846cba49fc578e8c6cbae	C900	unix_ns	1784861469002890578	ns
c3-timing-event-v1	C3	asyncs	measured	65536	340	1	2f2c758281704c58ac75828170bc58bd	C010	unix_ns	1784861469012724580	ns
c3-timing-event-v1	C3	asyncs	measured	65536	340	1	2f2c758281704c58ac75828170bc58bd	C800	unix_ns	1784861469093267656	ns
c3-timing-event-v1	C3	asyncs	measured	65536	340	1	2f2c758281704c58ac75828170bc58bd	C900	unix_ns	1784861469105266125	ns
c3-timing-event-v1	C3	asyncs	measured	262144	341	1	9b41eab3bbbe4e0981eab3bbbe8e09e0	C010	unix_ns	1784861469117225321	ns
c3-timing-event-v1	C3	asyncs	measured	262144	341	1	9b41eab3bbbe4e0981eab3bbbe8e09e0	C800	unix_ns	1784861469422893562	ns
c3-timing-event-v1	C3	asyncs	measured	262144	341	1	9b41eab3bbbe4e0981eab3bbbe8e09e0	C900	unix_ns	1784861469442740455	ns
c3-timing-event-v1	C3	asyncs	measured	1048576	342	1	7254c532c27445b894c532c27485b8cb	C010	unix_ns	1784861469468944211	ns
c3-timing-event-v1	C3	asyncs	measured	1048576	342	1	7254c532c27445b894c532c27485b8cb	C800	unix_ns	1784861470389808011	ns
c3-timing-event-v1	C3	asyncs	measured	1048576	342	1	7254c532c27445b894c532c27485b8cb	C900	unix_ns	1784861470451341305	ns
c3-timing-event-v1	C3	asyncs	measured	4194304	343	1	feae1772e74b4475ae1772e74b947547	C010	unix_ns	1784861470521386776	ns
c3-timing-event-v1	C3	asyncs	measured	4194304	343	1	feae1772e74b4475ae1772e74b947547	C800	unix_ns	1784861474264550604	ns
c3-timing-event-v1	C3	asyncs	measured	4194304	343	1	feae1772e74b4475ae1772e74b947547	C900	unix_ns	1784861474535382783	ns
c3-timing-event-v1	C3	asyncs	measured	1024	344	1	4e564d7abd3d4063964d7abd3d4063ee	C010	unix_ns	1784861474613218829	ns
c3-timing-event-v1	C3	asyncs	measured	1024	344	1	4e564d7abd3d4063964d7abd3d4063ee	C800	unix_ns	1784861474639807651	ns
c3-timing-event-v1	C3	asyncs	measured	1024	344	1	4e564d7abd3d4063964d7abd3d4063ee	C900	unix_ns	1784861474650374117	ns
c3-timing-event-v1	C3	asyncs	measured	4096	345	1	288661817f24435d8661817f24535d83	C010	unix_ns	1784861474662990765	ns
c3-timing-event-v1	C3	asyncs	measured	4096	345	1	288661817f24435d8661817f24535d83	C800	unix_ns	1784861474688045354	ns
c3-timing-event-v1	C3	asyncs	measured	4096	345	1	288661817f24435d8661817f24535d83	C900	unix_ns	1784861474903024386	ns
c3-timing-event-v1	C3	asyncs	measured	16384	346	1	0788e9ce4b4b4ee688e9ce4b4beee6ef	C010	unix_ns	1784861474912343635	ns
c3-timing-event-v1	C3	asyncs	measured	16384	346	1	0788e9ce4b4b4ee688e9ce4b4beee6ef	C800	unix_ns	1784861474948133430	ns
c3-timing-event-v1	C3	asyncs	measured	16384	346	1	0788e9ce4b4b4ee688e9ce4b4beee6ef	C900	unix_ns	1784861474957486469	ns
c3-timing-event-v1	C3	asyncs	measured	65536	347	1	7284cb693e5f4f6184cb693e5f0f612c	C010	unix_ns	1784861474967259482	ns
c3-timing-event-v1	C3	asyncs	measured	65536	347	1	7284cb693e5f4f6184cb693e5f0f612c	C800	unix_ns	1784861475050586212	ns
c3-timing-event-v1	C3	asyncs	measured	65536	347	1	7284cb693e5f4f6184cb693e5f0f612c	C900	unix_ns	1784861475059680736	ns
c3-timing-event-v1	C3	asyncs	measured	262144	348	1	61be21e2e8e9460abe21e2e8e9f60a51	C010	unix_ns	1784861475071484021	ns
c3-timing-event-v1	C3	asyncs	measured	262144	348	1	61be21e2e8e9460abe21e2e8e9f60a51	C800	unix_ns	1784861475374864781	ns
c3-timing-event-v1	C3	asyncs	measured	262144	348	1	61be21e2e8e9460abe21e2e8e9f60a51	C900	unix_ns	1784861475397550023	ns
c3-timing-event-v1	C3	asyncs	measured	1048576	349	1	5989bf8895394ba589bf8895397ba570	C010	unix_ns	1784861475419503416	ns
c3-timing-event-v1	C3	asyncs	measured	1048576	349	1	5989bf8895394ba589bf8895397ba570	C800	unix_ns	1784861476443854395	ns
c3-timing-event-v1	C3	asyncs	measured	1048576	349	1	5989bf8895394ba589bf8895397ba570	C900	unix_ns	1784861476500112846	ns
c3-timing-event-v1	C3	asyncs	measured	4194304	350	1	a1d759e76ca84e249759e76ca87e243d	C010	unix_ns	1784861476575421811	ns
c3-timing-event-v1	C3	asyncs	measured	4194304	350	1	a1d759e76ca84e249759e76ca87e243d	C800	unix_ns	1784861480342623562	ns
c3-timing-event-v1	C3	asyncs	measured	4194304	350	1	a1d759e76ca84e249759e76ca87e243d	C900	unix_ns	1784861480597036142	ns
c3-timing-event-v1	C3	asyncs	measured	1024	351	1	43f9389a47cb4947b9389a47cb494777	C010	unix_ns	1784861480674195123	ns
c3-timing-event-v1	C3	asyncs	measured	1024	351	1	43f9389a47cb4947b9389a47cb494777	C800	unix_ns	1784861480708521450	ns
c3-timing-event-v1	C3	asyncs	measured	1024	351	1	43f9389a47cb4947b9389a47cb494777	C900	unix_ns	1784861480717721930	ns
c3-timing-event-v1	C3	asyncs	measured	4096	352	1	acb06a7a59784abcb06a7a59783abc03	C010	unix_ns	1784861480730743993	ns
c3-timing-event-v1	C3	asyncs	measured	4096	352	1	acb06a7a59784abcb06a7a59783abc03	C800	unix_ns	1784861480754279773	ns
c3-timing-event-v1	C3	asyncs	measured	4096	352	1	acb06a7a59784abcb06a7a59783abc03	C900	unix_ns	1784861480773112194	ns
c3-timing-event-v1	C3	asyncs	measured	16384	353	1	138f75a8c05f460e8f75a8c05fe60efa	C010	unix_ns	1784861480782381833	ns
c3-timing-event-v1	C3	asyncs	measured	16384	353	1	138f75a8c05f460e8f75a8c05fe60efa	C800	unix_ns	1784861480825411138	ns
c3-timing-event-v1	C3	asyncs	measured	16384	353	1	138f75a8c05f460e8f75a8c05fe60efa	C900	unix_ns	1784861480836299989	ns
c3-timing-event-v1	C3	asyncs	measured	65536	354	1	7c4420d4e870477e8420d4e870777ef9	C010	unix_ns	1784861480853483776	ns
c3-timing-event-v1	C3	asyncs	measured	65536	354	1	7c4420d4e870477e8420d4e870777ef9	C800	unix_ns	1784861480938832533	ns
c3-timing-event-v1	C3	asyncs	measured	65536	354	1	7c4420d4e870477e8420d4e870777ef9	C900	unix_ns	1784861480953319321	ns
c3-timing-event-v1	C3	asyncs	measured	262144	355	1	5672af60641e4a12b2af60641e2a12ae	C010	unix_ns	1784861480965734698	ns
c3-timing-event-v1	C3	asyncs	measured	262144	355	1	5672af60641e4a12b2af60641e2a12ae	C800	unix_ns	1784861481222937109	ns
c3-timing-event-v1	C3	asyncs	measured	262144	355	1	5672af60641e4a12b2af60641e2a12ae	C900	unix_ns	1784861481469464042	ns
c3-timing-event-v1	C3	asyncs	measured	1048576	356	1	6588b45082d144c488b45082d154c401	C010	unix_ns	1784861481494072409	ns
c3-timing-event-v1	C3	asyncs	measured	1048576	356	1	6588b45082d144c488b45082d154c401	C800	unix_ns	1784861482442978400	ns
c3-timing-event-v1	C3	asyncs	measured	1048576	356	1	6588b45082d144c488b45082d154c401	C900	unix_ns	1784861482510000535	ns
c3-timing-event-v1	C3	asyncs	measured	4194304	357	1	7833e60d9079447bb3e60d9079647bdb	C010	unix_ns	1784861482579125075	ns
c3-timing-event-v1	C3	asyncs	measured	4194304	357	1	7833e60d9079447bb3e60d9079647bdb	C800	unix_ns	1784861486286680421	ns
c3-timing-event-v1	C3	asyncs	measured	4194304	357	1	7833e60d9079447bb3e60d9079647bdb	C900	unix_ns	1784861486536871857	ns
c3-timing-event-v1	C3	asyncs	measured	1024	358	1	50b523a670ec49d3b523a670ec39d345	C010	unix_ns	1784861486613420470	ns
c3-timing-event-v1	C3	asyncs	measured	1024	358	1	50b523a670ec49d3b523a670ec39d345	C800	unix_ns	1784861486641883758	ns
c3-timing-event-v1	C3	asyncs	measured	1024	358	1	50b523a670ec49d3b523a670ec39d345	C900	unix_ns	1784861486650523585	ns
c3-timing-event-v1	C3	asyncs	measured	4096	359	1	b81b9441acfe493d9b9441acfe293d93	C010	unix_ns	1784861486661916240	ns
c3-timing-event-v1	C3	asyncs	measured	4096	359	1	b81b9441acfe493d9b9441acfe293d93	C800	unix_ns	1784861486688966653	ns
c3-timing-event-v1	C3	asyncs	measured	4096	359	1	b81b9441acfe493d9b9441acfe293d93	C900	unix_ns	1784861486698002570	ns
c3-timing-event-v1	C3	asyncs	measured	16384	360	1	bccc4b68fb84454a8c4b68fb84354aef	C010	unix_ns	1784861486707461356	ns
c3-timing-event-v1	C3	asyncs	measured	16384	360	1	bccc4b68fb84454a8c4b68fb84354aef	C800	unix_ns	1784861486744490235	ns
c3-timing-event-v1	C3	asyncs	measured	16384	360	1	bccc4b68fb84454a8c4b68fb84354aef	C900	unix_ns	1784861486753119738	ns
c3-timing-event-v1	C3	asyncs	measured	65536	361	1	b0566ddee9e4452e966ddee9e4952ea5	C010	unix_ns	1784861486763145590	ns
c3-timing-event-v1	C3	asyncs	measured	65536	361	1	b0566ddee9e4452e966ddee9e4952ea5	C800	unix_ns	1784861486861937780	ns
c3-timing-event-v1	C3	asyncs	measured	65536	361	1	b0566ddee9e4452e966ddee9e4952ea5	C900	unix_ns	1784861486873936019	ns
c3-timing-event-v1	C3	asyncs	measured	262144	362	1	5575a5d7a2fb4065b5a5d7a2fba0652a	C010	unix_ns	1784861486889407973	ns
c3-timing-event-v1	C3	asyncs	measured	262144	362	1	5575a5d7a2fb4065b5a5d7a2fba0652a	C800	unix_ns	1784861487256841074	ns
c3-timing-event-v1	C3	asyncs	measured	262144	362	1	5575a5d7a2fb4065b5a5d7a2fba0652a	C900	unix_ns	1784861487287441852	ns
c3-timing-event-v1	C3	asyncs	measured	1048576	363	1	4a4b4e7f70ea40928b4e7f70ead092eb	C010	unix_ns	1784861487310095588	ns
c3-timing-event-v1	C3	asyncs	measured	1048576	363	1	4a4b4e7f70ea40928b4e7f70ead092eb	C800	unix_ns	1784861488246066110	ns
c3-timing-event-v1	C3	asyncs	measured	1048576	363	1	4a4b4e7f70ea40928b4e7f70ead092eb	C900	unix_ns	1784861488300644213	ns
c3-timing-event-v1	C3	asyncs	measured	4194304	364	1	8211bfac3ea9419d91bfac3ea9419dc0	C010	unix_ns	1784861488374592147	ns
c3-timing-event-v1	C3	asyncs	measured	4194304	364	1	8211bfac3ea9419d91bfac3ea9419dc0	C800	unix_ns	1784861492118397032	ns
c3-timing-event-v1	C3	asyncs	measured	4194304	364	1	8211bfac3ea9419d91bfac3ea9419dc0	C900	unix_ns	1784861492386783786	ns
c3-timing-event-v1	C3	asyncs	measured	1024	365	1	338aa641e1c34a638aa641e1c3ca63f9	C010	unix_ns	1784861492460786041	ns
c3-timing-event-v1	C3	asyncs	measured	1024	365	1	338aa641e1c34a638aa641e1c3ca63f9	C800	unix_ns	1784861492493019822	ns
c3-timing-event-v1	C3	asyncs	measured	1024	365	1	338aa641e1c34a638aa641e1c3ca63f9	C900	unix_ns	1784861492502940159	ns
c3-timing-event-v1	C3	asyncs	measured	4096	366	1	370a08e0b3cc48148a08e0b3cc9814f1	C010	unix_ns	1784861492514671507	ns
c3-timing-event-v1	C3	asyncs	measured	4096	366	1	370a08e0b3cc48148a08e0b3cc9814f1	C800	unix_ns	1784861492547573140	ns
c3-timing-event-v1	C3	asyncs	measured	4096	366	1	370a08e0b3cc48148a08e0b3cc9814f1	C900	unix_ns	1784861492558266630	ns
c3-timing-event-v1	C3	asyncs	measured	16384	367	1	e02fd9aba98e4b14afd9aba98edb148c	C010	unix_ns	1784861492567976946	ns
c3-timing-event-v1	C3	asyncs	measured	16384	367	1	e02fd9aba98e4b14afd9aba98edb148c	C800	unix_ns	1784861492608098892	ns
c3-timing-event-v1	C3	asyncs	measured	16384	367	1	e02fd9aba98e4b14afd9aba98edb148c	C900	unix_ns	1784861492617523984	ns
c3-timing-event-v1	C3	asyncs	measured	65536	368	1	44bc03b950274fd5bc03b950276fd552	C010	unix_ns	1784861492627573003	ns
c3-timing-event-v1	C3	asyncs	measured	65536	368	1	44bc03b950274fd5bc03b950276fd552	C800	unix_ns	1784861492707154467	ns
c3-timing-event-v1	C3	asyncs	measured	65536	368	1	44bc03b950274fd5bc03b950276fd552	C900	unix_ns	1784861492720273360	ns
c3-timing-event-v1	C3	asyncs	measured	262144	369	1	484d4901d90e41888d4901d90ef188d5	C010	unix_ns	1784861492733482777	ns
c3-timing-event-v1	C3	asyncs	measured	262144	369	1	484d4901d90e41888d4901d90ef188d5	C800	unix_ns	1784861492990358973	ns
c3-timing-event-v1	C3	asyncs	measured	262144	369	1	484d4901d90e41888d4901d90ef188d5	C900	unix_ns	1784861493016960647	ns
c3-timing-event-v1	C3	asyncs	measured	1048576	370	1	812addbd33ee4a99aaddbd33ee9a9986	C010	unix_ns	1784861493039353613	ns
c3-timing-event-v1	C3	asyncs	measured	1048576	370	1	812addbd33ee4a99aaddbd33ee9a9986	C800	unix_ns	1784861494037814868	ns
c3-timing-event-v1	C3	asyncs	measured	1048576	370	1	812addbd33ee4a99aaddbd33ee9a9986	C900	unix_ns	1784861494098246712	ns
c3-timing-event-v1	C3	asyncs	measured	4194304	371	1	64918adf01084c84918adf01082c8404	C010	unix_ns	1784861494168648206	ns
c3-timing-event-v1	C3	asyncs	measured	4194304	371	1	64918adf01084c84918adf01082c8404	C800	unix_ns	1784861497889007647	ns
c3-timing-event-v1	C3	asyncs	measured	4194304	371	1	64918adf01084c84918adf01082c8404	C900	unix_ns	1784861498146196203	ns
c3-timing-event-v1	C3	asyncs	measured	1024	372	1	22d38ab460e94627938ab460e9862737	C010	unix_ns	1784861498231246494	ns
c3-timing-event-v1	C3	asyncs	measured	1024	372	1	22d38ab460e94627938ab460e9862737	C800	unix_ns	1784861498258768291	ns
c3-timing-event-v1	C3	asyncs	measured	1024	372	1	22d38ab460e94627938ab460e9862737	C900	unix_ns	1784861498269580214	ns
c3-timing-event-v1	C3	asyncs	measured	4096	373	1	4384bda1a3bd4d1e84bda1a3bd0d1e33	C010	unix_ns	1784861498281726911	ns
c3-timing-event-v1	C3	asyncs	measured	4096	373	1	4384bda1a3bd4d1e84bda1a3bd0d1e33	C800	unix_ns	1784861498307399313	ns
c3-timing-event-v1	C3	asyncs	measured	4096	373	1	4384bda1a3bd4d1e84bda1a3bd0d1e33	C900	unix_ns	1784861498317282480	ns
c3-timing-event-v1	C3	asyncs	measured	16384	374	1	2cc48c79b18e4d21848c79b18e8d2106	C010	unix_ns	1784861498327185939	ns
c3-timing-event-v1	C3	asyncs	measured	16384	374	1	2cc48c79b18e4d21848c79b18e8d2106	C800	unix_ns	1784861498381369690	ns
c3-timing-event-v1	C3	asyncs	measured	16384	374	1	2cc48c79b18e4d21848c79b18e8d2106	C900	unix_ns	1784861498609663618	ns
c3-timing-event-v1	C3	asyncs	measured	65536	375	1	9aee41bf485046caae41bf4850d6ca1e	C010	unix_ns	1784861498620554208	ns
c3-timing-event-v1	C3	asyncs	measured	65536	375	1	9aee41bf485046caae41bf4850d6ca1e	C800	unix_ns	1784861498704545762	ns
c3-timing-event-v1	C3	asyncs	measured	65536	375	1	9aee41bf485046caae41bf4850d6ca1e	C900	unix_ns	1784861498722080372	ns
c3-timing-event-v1	C3	asyncs	measured	262144	376	1	2cf9a1aea7734e3db9a1aea7736e3dcf	C010	unix_ns	1784861498735230680	ns
c3-timing-event-v1	C3	asyncs	measured	262144	376	1	2cf9a1aea7734e3db9a1aea7736e3dcf	C800	unix_ns	1784861499086242501	ns
c3-timing-event-v1	C3	asyncs	measured	262144	376	1	2cf9a1aea7734e3db9a1aea7736e3dcf	C900	unix_ns	1784861499116514798	ns
c3-timing-event-v1	C3	asyncs	measured	1048576	377	1	5ac3e344929b450083e344929b8500f4	C010	unix_ns	1784861499149285117	ns
c3-timing-event-v1	C3	asyncs	measured	1048576	377	1	5ac3e344929b450083e344929b8500f4	C800	unix_ns	1784861500084190340	ns
c3-timing-event-v1	C3	asyncs	measured	1048576	377	1	5ac3e344929b450083e344929b8500f4	C900	unix_ns	1784861500137797172	ns
c3-timing-event-v1	C3	asyncs	measured	4194304	378	1	c844ed243c50438e84ed243c50838e50	C010	unix_ns	1784861500207727278	ns
c3-timing-event-v1	C3	asyncs	measured	4194304	378	1	c844ed243c50438e84ed243c50838e50	C800	unix_ns	1784861503939436472	ns
c3-timing-event-v1	C3	asyncs	measured	4194304	378	1	c844ed243c50438e84ed243c50838e50	C900	unix_ns	1784861504244354550	ns
c3-timing-event-v1	C3	asyncs	measured	1024	379	1	7cbd5aab12524bc5bd5aab1252cbc59c	C010	unix_ns	1784861504322034913	ns
c3-timing-event-v1	C3	asyncs	measured	1024	379	1	7cbd5aab12524bc5bd5aab1252cbc59c	C800	unix_ns	1784861504354569049	ns
c3-timing-event-v1	C3	asyncs	measured	1024	379	1	7cbd5aab12524bc5bd5aab1252cbc59c	C900	unix_ns	1784861504365840582	ns
c3-timing-event-v1	C3	asyncs	measured	4096	380	1	598a4a07b11146538a4a07b11116538b	C010	unix_ns	1784861504378556918	ns
c3-timing-event-v1	C3	asyncs	measured	4096	380	1	598a4a07b11146538a4a07b11116538b	C800	unix_ns	1784861504406460068	ns
c3-timing-event-v1	C3	asyncs	measured	4096	380	1	598a4a07b11146538a4a07b11116538b	C900	unix_ns	1784861504415842498	ns
c3-timing-event-v1	C3	asyncs	measured	16384	381	1	c2fcbe03e4244242bcbe03e424d2426b	C010	unix_ns	1784861504425606706	ns
c3-timing-event-v1	C3	asyncs	measured	16384	381	1	c2fcbe03e4244242bcbe03e424d2426b	C800	unix_ns	1784861504465861349	ns
c3-timing-event-v1	C3	asyncs	measured	16384	381	1	c2fcbe03e4244242bcbe03e424d2426b	C900	unix_ns	1784861504473297362	ns
c3-timing-event-v1	C3	asyncs	measured	65536	382	1	5c9fd9f22225419f9fd9f22225e19f57	C010	unix_ns	1784861504483438362	ns
c3-timing-event-v1	C3	asyncs	measured	65536	382	1	5c9fd9f22225419f9fd9f22225e19f57	C800	unix_ns	1784861504580582255	ns
c3-timing-event-v1	C3	asyncs	measured	65536	382	1	5c9fd9f22225419f9fd9f22225e19f57	C900	unix_ns	1784861504591728500	ns
c3-timing-event-v1	C3	asyncs	measured	262144	383	1	d5cf8aeb53db40e38f8aeb53db30e3fd	C010	unix_ns	1784861504604708525	ns
c3-timing-event-v1	C3	asyncs	measured	262144	383	1	d5cf8aeb53db40e38f8aeb53db30e3fd	C800	unix_ns	1784861504932581871	ns
c3-timing-event-v1	C3	asyncs	measured	262144	383	1	d5cf8aeb53db40e38f8aeb53db30e3fd	C900	unix_ns	1784861504959551666	ns
c3-timing-event-v1	C3	asyncs	measured	1048576	384	1	83c2bee42ac64a3082bee42ac6fa3028	C010	unix_ns	1784861504982342611	ns
c3-timing-event-v1	C3	asyncs	measured	1048576	384	1	83c2bee42ac64a3082bee42ac6fa3028	C800	unix_ns	1784861505919492172	ns
c3-timing-event-v1	C3	asyncs	measured	1048576	384	1	83c2bee42ac64a3082bee42ac6fa3028	C900	unix_ns	1784861505976344225	ns
c3-timing-event-v1	C3	asyncs	measured	4194304	385	1	68a5e6a486da43f3a5e6a486da23f38e	C010	unix_ns	1784861506047724351	ns
c3-timing-event-v1	C3	asyncs	measured	4194304	385	1	68a5e6a486da43f3a5e6a486da23f38e	C800	unix_ns	1784861509854180058	ns
c3-timing-event-v1	C3	asyncs	measured	4194304	385	1	68a5e6a486da43f3a5e6a486da23f38e	C900	unix_ns	1784861510114451434	ns
c3-timing-event-v1	C3	asyncs	measured	1024	386	1	3e17887f2d6d49d397887f2d6d09d3a1	C010	unix_ns	1784861510190749406	ns
c3-timing-event-v1	C3	asyncs	measured	1024	386	1	3e17887f2d6d49d397887f2d6d09d3a1	C800	unix_ns	1784861510223811477	ns
c3-timing-event-v1	C3	asyncs	measured	1024	386	1	3e17887f2d6d49d397887f2d6d09d3a1	C900	unix_ns	1784861510233892824	ns
c3-timing-event-v1	C3	asyncs	measured	4096	387	1	f5fa48fa682c413dba48fa682c913dad	C010	unix_ns	1784861510247202879	ns
c3-timing-event-v1	C3	asyncs	measured	4096	387	1	f5fa48fa682c413dba48fa682c913dad	C800	unix_ns	1784861510270259785	ns
c3-timing-event-v1	C3	asyncs	measured	4096	387	1	f5fa48fa682c413dba48fa682c913dad	C900	unix_ns	1784861510487528179	ns
c3-timing-event-v1	C3	asyncs	measured	16384	388	1	e404c0fc8daa4dab84c0fc8daaddab61	C010	unix_ns	1784861510497594753	ns
c3-timing-event-v1	C3	asyncs	measured	16384	388	1	e404c0fc8daa4dab84c0fc8daaddab61	C800	unix_ns	1784861510532646902	ns
c3-timing-event-v1	C3	asyncs	measured	16384	388	1	e404c0fc8daa4dab84c0fc8daaddab61	C900	unix_ns	1784861510545020531	ns
c3-timing-event-v1	C3	asyncs	measured	65536	389	1	515e303575db4a129e303575dbba12c5	C010	unix_ns	1784861510557404008	ns
c3-timing-event-v1	C3	asyncs	measured	65536	389	1	515e303575db4a129e303575dbba12c5	C800	unix_ns	1784861510635689017	ns
c3-timing-event-v1	C3	asyncs	measured	65536	389	1	515e303575db4a129e303575dbba12c5	C900	unix_ns	1784861510851975269	ns
c3-timing-event-v1	C3	asyncs	measured	262144	390	1	e412096f3d7c43dc92096f3d7c83dcb0	C010	unix_ns	1784861510864909602	ns
c3-timing-event-v1	C3	asyncs	measured	262144	390	1	e412096f3d7c43dc92096f3d7c83dcb0	C800	unix_ns	1784861511136661624	ns
c3-timing-event-v1	C3	asyncs	measured	262144	390	1	e412096f3d7c43dc92096f3d7c83dcb0	C900	unix_ns	1784861511157676406	ns
c3-timing-event-v1	C3	asyncs	measured	1048576	391	1	62715458a9524340b15458a952d34040	C010	unix_ns	1784861511183709114	ns
c3-timing-event-v1	C3	asyncs	measured	1048576	391	1	62715458a9524340b15458a952d34040	C800	unix_ns	1784861512170082995	ns
c3-timing-event-v1	C3	asyncs	measured	1048576	391	1	62715458a9524340b15458a952d34040	C900	unix_ns	1784861512276513557	ns
c3-timing-event-v1	C3	asyncs	measured	4194304	392	1	a5476931a046409e876931a046409ec9	C010	unix_ns	1784861512365462889	ns
c3-timing-event-v1	C3	asyncs	measured	4194304	392	1	a5476931a046409e876931a046409ec9	C800	unix_ns	1784861516237201236	ns
c3-timing-event-v1	C3	asyncs	measured	4194304	392	1	a5476931a046409e876931a046409ec9	C900	unix_ns	1784861516480371832	ns
c3-timing-event-v1	C3	asyncs	measured	1024	393	1	623c120acf694f3dbc120acf697f3d87	C010	unix_ns	1784861516562500863	ns
c3-timing-event-v1	C3	asyncs	measured	1024	393	1	623c120acf694f3dbc120acf697f3d87	C800	unix_ns	1784861516591167151	ns
c3-timing-event-v1	C3	asyncs	measured	1024	393	1	623c120acf694f3dbc120acf697f3d87	C900	unix_ns	1784861516812581028	ns
c3-timing-event-v1	C3	asyncs	measured	4096	394	1	c53b670a534f46b5bb670a534f46b5f6	C010	unix_ns	1784861516824862464	ns
c3-timing-event-v1	C3	asyncs	measured	4096	394	1	c53b670a534f46b5bb670a534f46b5f6	C800	unix_ns	1784861516847676177	ns
c3-timing-event-v1	C3	asyncs	measured	4096	394	1	c53b670a534f46b5bb670a534f46b5f6	C900	unix_ns	1784861517068361334	ns
c3-timing-event-v1	C3	asyncs	measured	16384	395	1	5bbac8c6008d4b11bac8c6008ddb1137	C010	unix_ns	1784861517078935801	ns
c3-timing-event-v1	C3	asyncs	measured	16384	395	1	5bbac8c6008d4b11bac8c6008ddb1137	C800	unix_ns	1784861517120372968	ns
c3-timing-event-v1	C3	asyncs	measured	16384	395	1	5bbac8c6008d4b11bac8c6008ddb1137	C900	unix_ns	1784861517128674067	ns
c3-timing-event-v1	C3	asyncs	measured	65536	396	1	a8312bb2d7d64d22b12bb2d7d6ad2247	C010	unix_ns	1784861517139051683	ns
c3-timing-event-v1	C3	asyncs	measured	65536	396	1	a8312bb2d7d64d22b12bb2d7d6ad2247	C800	unix_ns	1784861517225057408	ns
c3-timing-event-v1	C3	asyncs	measured	65536	396	1	a8312bb2d7d64d22b12bb2d7d6ad2247	C900	unix_ns	1784861517234499137	ns
c3-timing-event-v1	C3	asyncs	measured	262144	397	1	f4c35cbe1eed4cbc835cbe1eed6cbc6f	C010	unix_ns	1784861517247515727	ns
c3-timing-event-v1	C3	asyncs	measured	262144	397	1	f4c35cbe1eed4cbc835cbe1eed6cbc6f	C800	unix_ns	1784861517584194362	ns
c3-timing-event-v1	C3	asyncs	measured	262144	397	1	f4c35cbe1eed4cbc835cbe1eed6cbc6f	C900	unix_ns	1784861517609405350	ns
c3-timing-event-v1	C3	asyncs	measured	1048576	398	1	3976869b607c4097b6869b607c8097c5	C010	unix_ns	1784861517632578601	ns
c3-timing-event-v1	C3	asyncs	measured	1048576	398	1	3976869b607c4097b6869b607c8097c5	C800	unix_ns	1784861518595225500	ns
c3-timing-event-v1	C3	asyncs	measured	1048576	398	1	3976869b607c4097b6869b607c8097c5	C900	unix_ns	1784861518681827367	ns
c3-timing-event-v1	C3	asyncs	measured	4194304	399	1	17fe79ce1deb4c5cbe79ce1deb9c5c64	C010	unix_ns	1784861518753283613	ns
c3-timing-event-v1	C3	asyncs	measured	4194304	399	1	17fe79ce1deb4c5cbe79ce1deb9c5c64	C800	unix_ns	1784861522507928138	ns
c3-timing-event-v1	C3	asyncs	measured	4194304	399	1	17fe79ce1deb4c5cbe79ce1deb9c5c64	C900	unix_ns	1784861522872200301	ns
c3-timing-event-v1	C3	asyncs	measured	1024	400	1	1106796a1cc5489586796a1cc588956f	C010	unix_ns	1784861522951501029	ns
c3-timing-event-v1	C3	asyncs	measured	1024	400	1	1106796a1cc5489586796a1cc588956f	C800	unix_ns	1784861522993104572	ns
c3-timing-event-v1	C3	asyncs	measured	1024	400	1	1106796a1cc5489586796a1cc588956f	C900	unix_ns	1784861523012917506	ns
c3-timing-event-v1	C3	asyncs	measured	4096	401	1	87279d6b338f4ce3a79d6b338f2ce3af	C010	unix_ns	1784861523025132623	ns
c3-timing-event-v1	C3	asyncs	measured	4096	401	1	87279d6b338f4ce3a79d6b338f2ce3af	C800	unix_ns	1784861523057213088	ns
c3-timing-event-v1	C3	asyncs	measured	4096	401	1	87279d6b338f4ce3a79d6b338f2ce3af	C900	unix_ns	1784861523065525516	ns
c3-timing-event-v1	C3	asyncs	measured	16384	402	1	7727142501bd42aba7142501bdb2aba8	C010	unix_ns	1784861523084543259	ns
c3-timing-event-v1	C3	asyncs	measured	16384	402	1	7727142501bd42aba7142501bdb2aba8	C800	unix_ns	1784861523117368372	ns
c3-timing-event-v1	C3	asyncs	measured	16384	402	1	7727142501bd42aba7142501bdb2aba8	C900	unix_ns	1784861523135974041	ns
c3-timing-event-v1	C3	asyncs	measured	65536	403	1	ca28f062c67b446ea8f062c67ba46e8d	C010	unix_ns	1784861523146502731	ns
c3-timing-event-v1	C3	asyncs	measured	65536	403	1	ca28f062c67b446ea8f062c67ba46e8d	C800	unix_ns	1784861523229693112	ns
c3-timing-event-v1	C3	asyncs	measured	65536	403	1	ca28f062c67b446ea8f062c67ba46e8d	C900	unix_ns	1784861523241813285	ns
c3-timing-event-v1	C3	asyncs	measured	262144	404	1	d240fcec975144e880fcec975104e888	C010	unix_ns	1784861523255637097	ns
c3-timing-event-v1	C3	asyncs	measured	262144	404	1	d240fcec975144e880fcec975104e888	C800	unix_ns	1784861523576030478	ns
c3-timing-event-v1	C3	asyncs	measured	262144	404	1	d240fcec975144e880fcec975104e888	C900	unix_ns	1784861523598954778	ns
c3-timing-event-v1	C3	asyncs	measured	1048576	405	1	54cbfba82a9a4e268bfba82a9a1e266e	C010	unix_ns	1784861523621994382	ns
c3-timing-event-v1	C3	asyncs	measured	1048576	405	1	54cbfba82a9a4e268bfba82a9a1e266e	C800	unix_ns	1784861524602913487	ns
c3-timing-event-v1	C3	asyncs	measured	1048576	405	1	54cbfba82a9a4e268bfba82a9a1e266e	C900	unix_ns	1784861524658239492	ns
c3-timing-event-v1	C3	asyncs	measured	4194304	406	1	e7068b009eb34b19868b009eb3fb19a3	C010	unix_ns	1784861524732170642	ns
c3-timing-event-v1	C3	asyncs	measured	4194304	406	1	e7068b009eb34b19868b009eb3fb19a3	C800	unix_ns	1784861528488806596	ns
c3-timing-event-v1	C3	asyncs	measured	4194304	406	1	e7068b009eb34b19868b009eb3fb19a3	C900	unix_ns	1784861528748549527	ns
c3-timing-event-v1	C3	asyncs	measured	1024	407	1	2d920a4e53554a59920a4e5355ca59bc	C010	unix_ns	1784861528828255462	ns
c3-timing-event-v1	C3	asyncs	measured	1024	407	1	2d920a4e53554a59920a4e5355ca59bc	C800	unix_ns	1784861528858700741	ns
c3-timing-event-v1	C3	asyncs	measured	1024	407	1	2d920a4e53554a59920a4e5355ca59bc	C900	unix_ns	1784861528870807503	ns
c3-timing-event-v1	C3	asyncs	measured	4096	408	1	ebd6371cc7464bd496371cc7468bd490	C010	unix_ns	1784861528886990288	ns
c3-timing-event-v1	C3	asyncs	measured	4096	408	1	ebd6371cc7464bd496371cc7468bd490	C800	unix_ns	1784861528909253475	ns
c3-timing-event-v1	C3	asyncs	measured	4096	408	1	ebd6371cc7464bd496371cc7468bd490	C900	unix_ns	1784861529128815653	ns
c3-timing-event-v1	C3	asyncs	measured	16384	409	1	881529e51ed24c459529e51ed2ec4550	C010	unix_ns	1784861529139157044	ns
c3-timing-event-v1	C3	asyncs	measured	16384	409	1	881529e51ed24c459529e51ed2ec4550	C800	unix_ns	1784861529176003602	ns
c3-timing-event-v1	C3	asyncs	measured	16384	409	1	881529e51ed24c459529e51ed2ec4550	C900	unix_ns	1784861529184868336	ns
c3-timing-event-v1	C3	asyncs	measured	65536	410	1	67eafe7895f040adaafe7895f090ad78	C010	unix_ns	1784861529195456552	ns
c3-timing-event-v1	C3	asyncs	measured	65536	410	1	67eafe7895f040adaafe7895f090ad78	C800	unix_ns	1784861529283731112	ns
c3-timing-event-v1	C3	asyncs	measured	65536	410	1	67eafe7895f040adaafe7895f090ad78	C900	unix_ns	1784861529300335294	ns
c3-timing-event-v1	C3	asyncs	measured	262144	411	1	e3028a5d729b452f828a5d729b452f56	C010	unix_ns	1784861529325329820	ns
c3-timing-event-v1	C3	asyncs	measured	262144	411	1	e3028a5d729b452f828a5d729b452f56	C800	unix_ns	1784861529602004014	ns
c3-timing-event-v1	C3	asyncs	measured	262144	411	1	e3028a5d729b452f828a5d729b452f56	C900	unix_ns	1784861529623662255	ns
c3-timing-event-v1	C3	asyncs	measured	1048576	412	1	7d8c71dad45b449e8c71dad45bf49e93	C010	unix_ns	1784861529649443084	ns
c3-timing-event-v1	C3	asyncs	measured	1048576	412	1	7d8c71dad45b449e8c71dad45bf49e93	C800	unix_ns	1784861530581690964	ns
c3-timing-event-v1	C3	asyncs	measured	1048576	412	1	7d8c71dad45b449e8c71dad45bf49e93	C900	unix_ns	1784861530641860241	ns
c3-timing-event-v1	C3	asyncs	measured	4194304	413	1	de2830d7084b42d4a830d7084b62d41e	C010	unix_ns	1784861530714920740	ns
c3-timing-event-v1	C3	asyncs	measured	4194304	413	1	de2830d7084b42d4a830d7084b62d41e	C800	unix_ns	1784861534391602785	ns
c3-timing-event-v1	C3	asyncs	measured	4194304	413	1	de2830d7084b42d4a830d7084b62d41e	C900	unix_ns	1784861534624997287	ns
c3-timing-event-v1	C3	asyncs	measured	1024	414	1	57b196847c214230b196847c216230d2	C010	unix_ns	1784861534703410990	ns
c3-timing-event-v1	C3	asyncs	measured	1024	414	1	57b196847c214230b196847c216230d2	C800	unix_ns	1784861534729561250	ns
c3-timing-event-v1	C3	asyncs	measured	1024	414	1	57b196847c214230b196847c216230d2	C900	unix_ns	1784861534738307454	ns
c3-timing-event-v1	C3	asyncs	measured	4096	415	1	7bfd50ed6ba34c95bd50ed6ba31c95fe	C010	unix_ns	1784861534751108090	ns
c3-timing-event-v1	C3	asyncs	measured	4096	415	1	7bfd50ed6ba34c95bd50ed6ba31c95fe	C800	unix_ns	1784861534773299958	ns
c3-timing-event-v1	C3	asyncs	measured	4096	415	1	7bfd50ed6ba34c95bd50ed6ba31c95fe	C900	unix_ns	1784861534996188763	ns
c3-timing-event-v1	C3	asyncs	measured	16384	416	1	3ab5e7831ffd4c84b5e7831ffd3c843e	C010	unix_ns	1784861535007829849	ns
c3-timing-event-v1	C3	asyncs	measured	16384	416	1	3ab5e7831ffd4c84b5e7831ffd3c843e	C800	unix_ns	1784861535042033883	ns
c3-timing-event-v1	C3	asyncs	measured	16384	416	1	3ab5e7831ffd4c84b5e7831ffd3c843e	C900	unix_ns	1784861535261797030	ns
c3-timing-event-v1	C3	asyncs	measured	65536	417	1	271fded59dfa47959fded59dfab795dc	C010	unix_ns	1784861535273105054	ns
c3-timing-event-v1	C3	asyncs	measured	65536	417	1	271fded59dfa47959fded59dfab795dc	C800	unix_ns	1784861535353440776	ns
c3-timing-event-v1	C3	asyncs	measured	65536	417	1	271fded59dfa47959fded59dfab795dc	C900	unix_ns	1784861535572882799	ns
c3-timing-event-v1	C3	asyncs	measured	262144	418	1	ba923ec5e053466a923ec5e053a66ab3	C010	unix_ns	1784861535586628052	ns
c3-timing-event-v1	C3	asyncs	measured	262144	418	1	ba923ec5e053466a923ec5e053a66ab3	C800	unix_ns	1784861535949810940	ns
c3-timing-event-v1	C3	asyncs	measured	262144	418	1	ba923ec5e053466a923ec5e053a66ab3	C900	unix_ns	1784861535973452785	ns
c3-timing-event-v1	C3	asyncs	measured	1048576	419	1	f697e14fabfb4a6597e14fabfb7a65da	C010	unix_ns	1784861535998745097	ns
c3-timing-event-v1	C3	asyncs	measured	1048576	419	1	f697e14fabfb4a6597e14fabfb7a65da	C800	unix_ns	1784861536946487706	ns
c3-timing-event-v1	C3	asyncs	measured	1048576	419	1	f697e14fabfb4a6597e14fabfb7a65da	C900	unix_ns	1784861537003355504	ns
c3-timing-event-v1	C3	asyncs	measured	4194304	420	1	4f0152e8296944988152e82969f49886	C010	unix_ns	1784861537074080985	ns
c3-timing-event-v1	C3	asyncs	measured	4194304	420	1	4f0152e8296944988152e82969f49886	C800	unix_ns	1784861540816959882	ns
c3-timing-event-v1	C3	asyncs	measured	4194304	420	1	4f0152e8296944988152e82969f49886	C900	unix_ns	1784861541089962456	ns
c3-timing-event-v1	C3	asyncs	measured	1024	421	1	86997c81ec0a4c31997c81ec0aac319e	C010	unix_ns	1784861541165667286	ns
c3-timing-event-v1	C3	asyncs	measured	1024	421	1	86997c81ec0a4c31997c81ec0aac319e	C800	unix_ns	1784861541203805108	ns
c3-timing-event-v1	C3	asyncs	measured	1024	421	1	86997c81ec0a4c31997c81ec0aac319e	C900	unix_ns	1784861541218638529	ns
c3-timing-event-v1	C3	asyncs	measured	4096	422	1	22b7eb9ada8a4006b7eb9ada8a0006ae	C010	unix_ns	1784861541240890955	ns
c3-timing-event-v1	C3	asyncs	measured	4096	422	1	22b7eb9ada8a4006b7eb9ada8a0006ae	C800	unix_ns	1784861541263841671	ns
c3-timing-event-v1	C3	asyncs	measured	4096	422	1	22b7eb9ada8a4006b7eb9ada8a0006ae	C900	unix_ns	1784861541490245924	ns
c3-timing-event-v1	C3	asyncs	measured	16384	423	1	fc4adda8fe3f46438adda8fe3ff64359	C010	unix_ns	1784861541510390999	ns
c3-timing-event-v1	C3	asyncs	measured	16384	423	1	fc4adda8fe3f46438adda8fe3ff64359	C800	unix_ns	1784861541558003313	ns
c3-timing-event-v1	C3	asyncs	measured	16384	423	1	fc4adda8fe3f46438adda8fe3ff64359	C900	unix_ns	1784861541565865693	ns
c3-timing-event-v1	C3	asyncs	measured	65536	424	1	32e704dc60dc40fba704dc60dc90fbe8	C010	unix_ns	1784861541576974956	ns
c3-timing-event-v1	C3	asyncs	measured	65536	424	1	32e704dc60dc40fba704dc60dc90fbe8	C800	unix_ns	1784861541657182878	ns
c3-timing-event-v1	C3	asyncs	measured	65536	424	1	32e704dc60dc40fba704dc60dc90fbe8	C900	unix_ns	1784861541878138029	ns
c3-timing-event-v1	C3	asyncs	measured	262144	425	1	ae377c3acdf54642b77c3acdf5664256	C010	unix_ns	1784861541895462889	ns
c3-timing-event-v1	C3	asyncs	measured	262144	425	1	ae377c3acdf54642b77c3acdf5664256	C800	unix_ns	1784861542162462051	ns
c3-timing-event-v1	C3	asyncs	measured	262144	425	1	ae377c3acdf54642b77c3acdf5664256	C900	unix_ns	1784861542184231828	ns
c3-timing-event-v1	C3	asyncs	measured	1048576	426	1	a38b6dff2f9f481b8b6dff2f9f381b21	C010	unix_ns	1784861542209011994	ns
c3-timing-event-v1	C3	asyncs	measured	1048576	426	1	a38b6dff2f9f481b8b6dff2f9f381b21	C800	unix_ns	1784861543175506462	ns
c3-timing-event-v1	C3	asyncs	measured	1048576	426	1	a38b6dff2f9f481b8b6dff2f9f381b21	C900	unix_ns	1784861543237605548	ns
c3-timing-event-v1	C3	asyncs	measured	4194304	427	1	5c48fee23bd6428288fee23bd6328242	C010	unix_ns	1784861543312790399	ns
c3-timing-event-v1	C3	asyncs	measured	4194304	427	1	5c48fee23bd6428288fee23bd6328242	C800	unix_ns	1784861547141120461	ns
c3-timing-event-v1	C3	asyncs	measured	4194304	427	1	5c48fee23bd6428288fee23bd6328242	C900	unix_ns	1784861547393505344	ns
c3-timing-event-v1	C3	asyncs	measured	1024	428	1	096a2418dbf84724aa2418dbf8d72459	C010	unix_ns	1784861547471020588	ns
c3-timing-event-v1	C3	asyncs	measured	1024	428	1	096a2418dbf84724aa2418dbf8d72459	C800	unix_ns	1784861547500798561	ns
c3-timing-event-v1	C3	asyncs	measured	1024	428	1	096a2418dbf84724aa2418dbf8d72459	C900	unix_ns	1784861547508811585	ns
c3-timing-event-v1	C3	asyncs	measured	4096	429	1	1c667697369d4b42a67697369deb4289	C010	unix_ns	1784861547522507100	ns
c3-timing-event-v1	C3	asyncs	measured	4096	429	1	1c667697369d4b42a67697369deb4289	C800	unix_ns	1784861547566427874	ns
c3-timing-event-v1	C3	asyncs	measured	4096	429	1	1c667697369d4b42a67697369deb4289	C900	unix_ns	1784861547781992092	ns
c3-timing-event-v1	C3	asyncs	measured	16384	430	1	f0b9fd572d8e4079b9fd572d8e507906	C010	unix_ns	1784861547793157203	ns
c3-timing-event-v1	C3	asyncs	measured	16384	430	1	f0b9fd572d8e4079b9fd572d8e507906	C800	unix_ns	1784861547836013975	ns
c3-timing-event-v1	C3	asyncs	measured	16384	430	1	f0b9fd572d8e4079b9fd572d8e507906	C900	unix_ns	1784861547845588679	ns
c3-timing-event-v1	C3	asyncs	measured	65536	431	1	e0f9154f96494e35b9154f96498e3571	C010	unix_ns	1784861547862648334	ns
c3-timing-event-v1	C3	asyncs	measured	65536	431	1	e0f9154f96494e35b9154f96498e3571	C800	unix_ns	1784861547945504981	ns
c3-timing-event-v1	C3	asyncs	measured	65536	431	1	e0f9154f96494e35b9154f96498e3571	C900	unix_ns	1784861547954622071	ns
c3-timing-event-v1	C3	asyncs	measured	262144	432	1	6e86e95c8c47440286e95c8c47840280	C010	unix_ns	1784861547968211358	ns
c3-timing-event-v1	C3	asyncs	measured	262144	432	1	6e86e95c8c47440286e95c8c47840280	C800	unix_ns	1784861548358333935	ns
c3-timing-event-v1	C3	asyncs	measured	262144	432	1	6e86e95c8c47440286e95c8c47840280	C900	unix_ns	1784861548392159489	ns
c3-timing-event-v1	C3	asyncs	measured	1048576	433	1	2f7a35b69e6640e3ba35b69e66b0e372	C010	unix_ns	1784861548432970615	ns
c3-timing-event-v1	C3	asyncs	measured	1048576	433	1	2f7a35b69e6640e3ba35b69e66b0e372	C800	unix_ns	1784861549457096856	ns
c3-timing-event-v1	C3	asyncs	measured	1048576	433	1	2f7a35b69e6640e3ba35b69e66b0e372	C900	unix_ns	1784861549643160574	ns
c3-timing-event-v1	C3	asyncs	measured	4194304	434	1	f02a37a5b9c74f03aa37a5b9c7bf0360	C010	unix_ns	1784861549753060647	ns
c3-timing-event-v1	C3	asyncs	measured	4194304	434	1	f02a37a5b9c74f03aa37a5b9c7bf0360	C800	unix_ns	1784861553706188897	ns
c3-timing-event-v1	C3	asyncs	measured	4194304	434	1	f02a37a5b9c74f03aa37a5b9c7bf0360	C900	unix_ns	1784861553995876059	ns
c3-timing-event-v1	C3	asyncs	measured	1024	435	1	d9a10bf33e184ceea10bf33e18fcee1b	C010	unix_ns	1784861554077158898	ns
c3-timing-event-v1	C3	asyncs	measured	1024	435	1	d9a10bf33e184ceea10bf33e18fcee1b	C800	unix_ns	1784861554106608699	ns
c3-timing-event-v1	C3	asyncs	measured	1024	435	1	d9a10bf33e184ceea10bf33e18fcee1b	C900	unix_ns	1784861554324502127	ns
c3-timing-event-v1	C3	asyncs	measured	4096	436	1	8f15d6ec68cb4f3b95d6ec68cb7f3b16	C010	unix_ns	1784861554338707599	ns
c3-timing-event-v1	C3	asyncs	measured	4096	436	1	8f15d6ec68cb4f3b95d6ec68cb7f3b16	C800	unix_ns	1784861554363544024	ns
c3-timing-event-v1	C3	asyncs	measured	4096	436	1	8f15d6ec68cb4f3b95d6ec68cb7f3b16	C900	unix_ns	1784861554370968340	ns
c3-timing-event-v1	C3	asyncs	measured	16384	437	1	cf77d27e3a354cf1b7d27e3a35fcf115	C010	unix_ns	1784861554381598101	ns
c3-timing-event-v1	C3	asyncs	measured	16384	437	1	cf77d27e3a354cf1b7d27e3a35fcf115	C800	unix_ns	1784861554413158797	ns
c3-timing-event-v1	C3	asyncs	measured	16384	437	1	cf77d27e3a354cf1b7d27e3a35fcf115	C900	unix_ns	1784861554636390438	ns
c3-timing-event-v1	C3	asyncs	measured	65536	438	1	7b429764eb3b4e4f829764eb3b2e4f86	C010	unix_ns	1784861554647719379	ns
c3-timing-event-v1	C3	asyncs	measured	65536	438	1	7b429764eb3b4e4f829764eb3b2e4f86	C800	unix_ns	1784861554729684438	ns
c3-timing-event-v1	C3	asyncs	measured	65536	438	1	7b429764eb3b4e4f829764eb3b2e4f86	C900	unix_ns	1784861554952033768	ns
c3-timing-event-v1	C3	asyncs	measured	262144	439	1	27a1b900359a4265a1b900359a826599	C010	unix_ns	1784861554967628321	ns
c3-timing-event-v1	C3	asyncs	measured	262144	439	1	27a1b900359a4265a1b900359a826599	C800	unix_ns	1784861555229176229	ns
c3-timing-event-v1	C3	asyncs	measured	262144	439	1	27a1b900359a4265a1b900359a826599	C900	unix_ns	1784861555252925467	ns
c3-timing-event-v1	C3	asyncs	measured	1048576	440	1	de5da811e3ed41919da811e3ed31918a	C010	unix_ns	1784861555278029344	ns
c3-timing-event-v1	C3	asyncs	measured	1048576	440	1	de5da811e3ed41919da811e3ed31918a	C800	unix_ns	1784861556248470259	ns
c3-timing-event-v1	C3	asyncs	measured	1048576	440	1	de5da811e3ed41919da811e3ed31918a	C900	unix_ns	1784861556310615536	ns
c3-timing-event-v1	C3	asyncs	measured	4194304	441	1	e8eb69656af94e3aab69656af97e3a5d	C010	unix_ns	1784861556384344009	ns
c3-timing-event-v1	C3	asyncs	measured	4194304	441	1	e8eb69656af94e3aab69656af97e3a5d	C800	unix_ns	1784861560286787987	ns
c3-timing-event-v1	C3	asyncs	measured	4194304	441	1	e8eb69656af94e3aab69656af97e3a5d	C900	unix_ns	1784861560495698168	ns
c3-timing-event-v1	C3	asyncs	measured	1024	442	1	b1bbb631010c44b0bbb631010c84b058	C010	unix_ns	1784861560739063376	ns
c3-timing-event-v1	C3	asyncs	measured	1024	442	1	b1bbb631010c44b0bbb631010c84b058	C800	unix_ns	1784861560766992609	ns
c3-timing-event-v1	C3	asyncs	measured	1024	442	1	b1bbb631010c44b0bbb631010c84b058	C900	unix_ns	1784861560987724873	ns
c3-timing-event-v1	C3	asyncs	measured	4096	443	1	b640fcac3a804e7b80fcac3a80ee7bbe	C010	unix_ns	1784861561029090596	ns
c3-timing-event-v1	C3	asyncs	measured	4096	443	1	b640fcac3a804e7b80fcac3a80ee7bbe	C800	unix_ns	1784861561051675567	ns
c3-timing-event-v1	C3	asyncs	measured	4096	443	1	b640fcac3a804e7b80fcac3a80ee7bbe	C900	unix_ns	1784861561064092479	ns
c3-timing-event-v1	C3	asyncs	measured	16384	444	1	cb5fa5440a66498c9fa5440a66398cd9	C010	unix_ns	1784861561099631521	ns
c3-timing-event-v1	C3	asyncs	measured	16384	444	1	cb5fa5440a66498c9fa5440a66398cd9	C800	unix_ns	1784861561132919663	ns
c3-timing-event-v1	C3	asyncs	measured	16384	444	1	cb5fa5440a66498c9fa5440a66398cd9	C900	unix_ns	1784861561141310355	ns
c3-timing-event-v1	C3	asyncs	measured	65536	445	1	0c2fa2a63dc04916afa2a63dc0691682	C010	unix_ns	1784861561198943033	ns
c3-timing-event-v1	C3	asyncs	measured	65536	445	1	0c2fa2a63dc04916afa2a63dc0691682	C800	unix_ns	1784861561283023660	ns
c3-timing-event-v1	C3	asyncs	measured	65536	445	1	0c2fa2a63dc04916afa2a63dc0691682	C900	unix_ns	1784861561295680708	ns
c3-timing-event-v1	C3	asyncs	measured	262144	446	1	77f4f1cd5bf34dbcb4f1cd5bf3bdbcd6	C010	unix_ns	1784861561370130766	ns
c3-timing-event-v1	C3	asyncs	measured	262144	446	1	77f4f1cd5bf34dbcb4f1cd5bf3bdbcd6	C800	unix_ns	1784861561697696139	ns
c3-timing-event-v1	C3	asyncs	measured	262144	446	1	77f4f1cd5bf34dbcb4f1cd5bf3bdbcd6	C900	unix_ns	1784861561718983485	ns
c3-timing-event-v1	C3	asyncs	measured	1048576	447	1	36581453133f4457981453133f745732	C010	unix_ns	1784861561866115447	ns
c3-timing-event-v1	C3	asyncs	measured	1048576	447	1	36581453133f4457981453133f745732	C800	unix_ns	1784861562809458947	ns
c3-timing-event-v1	C3	asyncs	measured	1048576	447	1	36581453133f4457981453133f745732	C900	unix_ns	1784861562864768124	ns
c3-timing-event-v1	C3	asyncs	measured	4194304	448	1	e168149823f04514a8149823f02514c5	C010	unix_ns	1784861562939434043	ns
c3-timing-event-v1	C3	asyncs	measured	4194304	448	1	e168149823f04514a8149823f02514c5	C800	unix_ns	1784861566704744294	ns
c3-timing-event-v1	C3	asyncs	measured	4194304	448	1	e168149823f04514a8149823f02514c5	C900	unix_ns	1784861566999299255	ns
c3-timing-event-v1	C3	asyncs	measured	1024	449	1	e97b89f453874da2bb89f453873da2a2	C010	unix_ns	1784861567079108787	ns
c3-timing-event-v1	C3	asyncs	measured	1024	449	1	e97b89f453874da2bb89f453873da2a2	C800	unix_ns	1784861567108216287	ns
c3-timing-event-v1	C3	asyncs	measured	1024	449	1	e97b89f453874da2bb89f453873da2a2	C900	unix_ns	1784861567327373107	ns
c3-timing-event-v1	C3	asyncs	measured	4096	450	1	83282feb7cc44517a82feb7cc4351780	C010	unix_ns	1784861567343504373	ns
c3-timing-event-v1	C3	asyncs	measured	4096	450	1	83282feb7cc44517a82feb7cc4351780	C800	unix_ns	1784861567372195122	ns
c3-timing-event-v1	C3	asyncs	measured	4096	450	1	83282feb7cc44517a82feb7cc4351780	C900	unix_ns	1784861567380795745	ns
c3-timing-event-v1	C3	asyncs	measured	16384	451	1	44d6501b2f80436d96501b2f80c36da9	C010	unix_ns	1784861567391890557	ns
c3-timing-event-v1	C3	asyncs	measured	16384	451	1	44d6501b2f80436d96501b2f80c36da9	C800	unix_ns	1784861567426659421	ns
c3-timing-event-v1	C3	asyncs	measured	16384	451	1	44d6501b2f80436d96501b2f80c36da9	C900	unix_ns	1784861567434102427	ns
c3-timing-event-v1	C3	asyncs	measured	65536	452	1	6232e06352ef4069b2e06352ef00696b	C010	unix_ns	1784861567445676489	ns
c3-timing-event-v1	C3	asyncs	measured	65536	452	1	6232e06352ef4069b2e06352ef00696b	C800	unix_ns	1784861567524714558	ns
c3-timing-event-v1	C3	asyncs	measured	65536	452	1	6232e06352ef4069b2e06352ef00696b	C900	unix_ns	1784861567542600025	ns
c3-timing-event-v1	C3	asyncs	measured	262144	453	1	e349511e8117446689511e8117346676	C010	unix_ns	1784861567563203727	ns
c3-timing-event-v1	C3	asyncs	measured	262144	453	1	e349511e8117446689511e8117346676	C800	unix_ns	1784861567805517327	ns
c3-timing-event-v1	C3	asyncs	measured	262144	453	1	e349511e8117446689511e8117346676	C900	unix_ns	1784861567832512385	ns
c3-timing-event-v1	C3	asyncs	measured	1048576	454	1	0ebe17e0d2e24109be17e0d2e28109bf	C010	unix_ns	1784861567857177333	ns
c3-timing-event-v1	C3	asyncs	measured	1048576	454	1	0ebe17e0d2e24109be17e0d2e28109bf	C800	unix_ns	1784861568856697932	ns
c3-timing-event-v1	C3	asyncs	measured	1048576	454	1	0ebe17e0d2e24109be17e0d2e28109bf	C900	unix_ns	1784861568920217137	ns
c3-timing-event-v1	C3	asyncs	measured	4194304	455	1	525cb3dc9ef244b89cb3dc9ef244b89a	C010	unix_ns	1784861568995999018	ns
c3-timing-event-v1	C3	asyncs	measured	4194304	455	1	525cb3dc9ef244b89cb3dc9ef244b89a	C800	unix_ns	1784861572769013498	ns
c3-timing-event-v1	C3	asyncs	measured	4194304	455	1	525cb3dc9ef244b89cb3dc9ef244b89a	C900	unix_ns	1784861572997686343	ns
c3-timing-event-v1	C3	asyncs	measured	1024	456	1	2d2eb631ee12409caeb631ee12b09caa	C010	unix_ns	1784861573080170852	ns
c3-timing-event-v1	C3	asyncs	measured	1024	456	1	2d2eb631ee12409caeb631ee12b09caa	C800	unix_ns	1784861573104529403	ns
c3-timing-event-v1	C3	asyncs	measured	1024	456	1	2d2eb631ee12409caeb631ee12b09caa	C900	unix_ns	1784861573319264768	ns
c3-timing-event-v1	C3	asyncs	measured	4096	457	1	36c5922fb1d1400a85922fb1d1c00a8d	C010	unix_ns	1784861573332429229	ns
c3-timing-event-v1	C3	asyncs	measured	4096	457	1	36c5922fb1d1400a85922fb1d1c00a8d	C800	unix_ns	1784861573365287960	ns
c3-timing-event-v1	C3	asyncs	measured	4096	457	1	36c5922fb1d1400a85922fb1d1c00a8d	C900	unix_ns	1784861573375619139	ns
c3-timing-event-v1	C3	asyncs	measured	16384	458	1	17c37b46057d493e837b46057d693ea3	C010	unix_ns	1784861573396556636	ns
c3-timing-event-v1	C3	asyncs	measured	16384	458	1	17c37b46057d493e837b46057d693ea3	C800	unix_ns	1784861573434244696	ns
c3-timing-event-v1	C3	asyncs	measured	16384	458	1	17c37b46057d493e837b46057d693ea3	C900	unix_ns	1784861573442891160	ns
c3-timing-event-v1	C3	asyncs	measured	65536	459	1	ae20e11e77c140a1a0e11e77c1a0a12e	C010	unix_ns	1784861573455384218	ns
c3-timing-event-v1	C3	asyncs	measured	65536	459	1	ae20e11e77c140a1a0e11e77c1a0a12e	C800	unix_ns	1784861573652854466	ns
c3-timing-event-v1	C3	asyncs	measured	65536	459	1	ae20e11e77c140a1a0e11e77c1a0a12e	C900	unix_ns	1784861573664713233	ns
c3-timing-event-v1	C3	asyncs	measured	262144	460	1	b8aad1e42ce84d6faad1e42ce82d6ffd	C010	unix_ns	1784861573679433412	ns
c3-timing-event-v1	C3	asyncs	measured	262144	460	1	b8aad1e42ce84d6faad1e42ce82d6ffd	C800	unix_ns	1784861573995370400	ns
c3-timing-event-v1	C3	asyncs	measured	262144	460	1	b8aad1e42ce84d6faad1e42ce82d6ffd	C900	unix_ns	1784861574024163491	ns
c3-timing-event-v1	C3	asyncs	measured	1048576	461	1	bef4bf008426433ab4bf008426133ad3	C010	unix_ns	1784861574048084231	ns
c3-timing-event-v1	C3	asyncs	measured	1048576	461	1	bef4bf008426433ab4bf008426133ad3	C800	unix_ns	1784861574968070297	ns
c3-timing-event-v1	C3	asyncs	measured	1048576	461	1	bef4bf008426433ab4bf008426133ad3	C900	unix_ns	1784861575025291761	ns
c3-timing-event-v1	C3	asyncs	measured	4194304	462	1	fa0412479927430c8412479927e30c41	C010	unix_ns	1784861575096902538	ns
c3-timing-event-v1	C3	asyncs	measured	4194304	462	1	fa0412479927430c8412479927e30c41	C800	unix_ns	1784861578833997228	ns
c3-timing-event-v1	C3	asyncs	measured	4194304	462	1	fa0412479927430c8412479927e30c41	C900	unix_ns	1784861579101194989	ns
c3-timing-event-v1	C3	asyncs	measured	1024	463	1	59a720c7b4ca4159a720c7b4ca815951	C010	unix_ns	1784861579178033069	ns
c3-timing-event-v1	C3	asyncs	measured	1024	463	1	59a720c7b4ca4159a720c7b4ca815951	C800	unix_ns	1784861579207987341	ns
c3-timing-event-v1	C3	asyncs	measured	1024	463	1	59a720c7b4ca4159a720c7b4ca815951	C900	unix_ns	1784861579219877338	ns
c3-timing-event-v1	C3	asyncs	measured	4096	464	1	f934b48d9a134ae7b4b48d9a139ae7b4	C010	unix_ns	1784861579234706045	ns
c3-timing-event-v1	C3	asyncs	measured	4096	464	1	f934b48d9a134ae7b4b48d9a139ae7b4	C800	unix_ns	1784861579256711929	ns
c3-timing-event-v1	C3	asyncs	measured	4096	464	1	f934b48d9a134ae7b4b48d9a139ae7b4	C900	unix_ns	1784861579476923882	ns
c3-timing-event-v1	C3	asyncs	measured	16384	465	1	59c5ab795be54c7d85ab795be52c7d26	C010	unix_ns	1784861579493293835	ns
c3-timing-event-v1	C3	asyncs	measured	16384	465	1	59c5ab795be54c7d85ab795be52c7d26	C800	unix_ns	1784861579529024965	ns
c3-timing-event-v1	C3	asyncs	measured	16384	465	1	59c5ab795be54c7d85ab795be52c7d26	C900	unix_ns	1784861579743509449	ns
c3-timing-event-v1	C3	asyncs	measured	65536	466	1	a2cc0014548343ad8c00145483d3adad	C010	unix_ns	1784861579762172606	ns
c3-timing-event-v1	C3	asyncs	measured	65536	466	1	a2cc0014548343ad8c00145483d3adad	C800	unix_ns	1784861579861224692	ns
c3-timing-event-v1	C3	asyncs	measured	65536	466	1	a2cc0014548343ad8c00145483d3adad	C900	unix_ns	1784861579883182908	ns
c3-timing-event-v1	C3	asyncs	measured	262144	467	1	20e3a271479e4bb7a3a271479e9bb7c8	C010	unix_ns	1784861579909288422	ns
c3-timing-event-v1	C3	asyncs	measured	262144	467	1	20e3a271479e4bb7a3a271479e9bb7c8	C800	unix_ns	1784861580240661277	ns
c3-timing-event-v1	C3	asyncs	measured	262144	467	1	20e3a271479e4bb7a3a271479e9bb7c8	C900	unix_ns	1784861580260182019	ns
c3-timing-event-v1	C3	asyncs	measured	1048576	468	1	58c0d5481f8a423f80d5481f8a823f32	C010	unix_ns	1784861580285355732	ns
c3-timing-event-v1	C3	asyncs	measured	1048576	468	1	58c0d5481f8a423f80d5481f8a823f32	C800	unix_ns	1784861581217607512	ns
c3-timing-event-v1	C3	asyncs	measured	1048576	468	1	58c0d5481f8a423f80d5481f8a823f32	C900	unix_ns	1784861581280021745	ns
c3-timing-event-v1	C3	asyncs	measured	4194304	469	1	8e14b4af0b2e470394b4af0b2e570341	C010	unix_ns	1784861581354912461	ns
c3-timing-event-v1	C3	asyncs	measured	4194304	469	1	8e14b4af0b2e470394b4af0b2e570341	C800	unix_ns	1784861585086125693	ns
c3-timing-event-v1	C3	asyncs	measured	4194304	469	1	8e14b4af0b2e470394b4af0b2e570341	C900	unix_ns	1784861585328444035	ns
c3-timing-event-v1	C3	asyncs	measured	1024	470	1	6e6c1ffc34d94f44ac1ffc34d97f447d	C010	unix_ns	1784861585408717981	ns
c3-timing-event-v1	C3	asyncs	measured	1024	470	1	6e6c1ffc34d94f44ac1ffc34d97f447d	C800	unix_ns	1784861585477775037	ns
c3-timing-event-v1	C3	asyncs	measured	1024	470	1	6e6c1ffc34d94f44ac1ffc34d97f447d	C900	unix_ns	1784861585489113129	ns
c3-timing-event-v1	C3	asyncs	measured	4096	471	1	924779189953499a8779189953599aaa	C010	unix_ns	1784861585502522645	ns
c3-timing-event-v1	C3	asyncs	measured	4096	471	1	924779189953499a8779189953599aaa	C800	unix_ns	1784861585526419100	ns
c3-timing-event-v1	C3	asyncs	measured	4096	471	1	924779189953499a8779189953599aaa	C900	unix_ns	1784861585741916928	ns
c3-timing-event-v1	C3	asyncs	measured	16384	472	1	de6556083e954dfda556083e952dfd71	C010	unix_ns	1784861585753743785	ns
c3-timing-event-v1	C3	asyncs	measured	16384	472	1	de6556083e954dfda556083e952dfd71	C800	unix_ns	1784861585788832036	ns
c3-timing-event-v1	C3	asyncs	measured	16384	472	1	de6556083e954dfda556083e952dfd71	C900	unix_ns	1784861585797586968	ns
c3-timing-event-v1	C3	asyncs	measured	65536	473	1	0c7225c61e2745cdb225c61e27e5cdc8	C010	unix_ns	1784861585809735612	ns
c3-timing-event-v1	C3	asyncs	measured	65536	473	1	0c7225c61e2745cdb225c61e27e5cdc8	C800	unix_ns	1784861585896929605	ns
c3-timing-event-v1	C3	asyncs	measured	65536	473	1	0c7225c61e2745cdb225c61e27e5cdc8	C900	unix_ns	1784861585907212862	ns
c3-timing-event-v1	C3	asyncs	measured	262144	474	1	5f0950bc02104f8a8950bc0210bf8a6d	C010	unix_ns	1784861585931653897	ns
c3-timing-event-v1	C3	asyncs	measured	262144	474	1	5f0950bc02104f8a8950bc0210bf8a6d	C800	unix_ns	1784861586268173183	ns
c3-timing-event-v1	C3	asyncs	measured	262144	474	1	5f0950bc02104f8a8950bc0210bf8a6d	C900	unix_ns	1784861586297253294	ns
c3-timing-event-v1	C3	asyncs	measured	1048576	475	1	d11c7258267f4b539c7258267f9b5333	C010	unix_ns	1784861586328968303	ns
c3-timing-event-v1	C3	asyncs	measured	1048576	475	1	d11c7258267f4b539c7258267f9b5333	C800	unix_ns	1784861587294098338	ns
c3-timing-event-v1	C3	asyncs	measured	1048576	475	1	d11c7258267f4b539c7258267f9b5333	C900	unix_ns	1784861587355773355	ns
c3-timing-event-v1	C3	asyncs	measured	4194304	476	1	0cd8bce95f464c6298bce95f46ec62ba	C010	unix_ns	1784861587427579786	ns
c3-timing-event-v1	C3	asyncs	measured	4194304	476	1	0cd8bce95f464c6298bce95f46ec62ba	C800	unix_ns	1784861591466615318	ns
c3-timing-event-v1	C3	asyncs	measured	4194304	476	1	0cd8bce95f464c6298bce95f46ec62ba	C900	unix_ns	1784861591733714578	ns
c3-timing-event-v1	C3	asyncs	measured	1024	477	1	5e63f32de37c406ea3f32de37c906e87	C010	unix_ns	1784861591819094355	ns
c3-timing-event-v1	C3	asyncs	measured	1024	477	1	5e63f32de37c406ea3f32de37c906e87	C800	unix_ns	1784861591853804652	ns
c3-timing-event-v1	C3	asyncs	measured	1024	477	1	5e63f32de37c406ea3f32de37c906e87	C900	unix_ns	1784861591861852903	ns
c3-timing-event-v1	C3	asyncs	measured	4096	478	1	37fd6b00a63147cebd6b00a63167ce04	C010	unix_ns	1784861591876468634	ns
c3-timing-event-v1	C3	asyncs	measured	4096	478	1	37fd6b00a63147cebd6b00a63167ce04	C800	unix_ns	1784861591903196298	ns
c3-timing-event-v1	C3	asyncs	measured	4096	478	1	37fd6b00a63147cebd6b00a63167ce04	C900	unix_ns	1784861591916375939	ns
c3-timing-event-v1	C3	asyncs	measured	16384	479	1	f01ea4d7d346495b9ea4d7d346795b80	C010	unix_ns	1784861591928160605	ns
c3-timing-event-v1	C3	asyncs	measured	16384	479	1	f01ea4d7d346495b9ea4d7d346795b80	C800	unix_ns	1784861591964742348	ns
c3-timing-event-v1	C3	asyncs	measured	16384	479	1	f01ea4d7d346495b9ea4d7d346795b80	C900	unix_ns	1784861591976350428	ns
c3-timing-event-v1	C3	asyncs	measured	65536	480	1	5a65fe97e98e4d67a5fe97e98eed67aa	C010	unix_ns	1784861591998703315	ns
c3-timing-event-v1	C3	asyncs	measured	65536	480	1	5a65fe97e98e4d67a5fe97e98eed67aa	C800	unix_ns	1784861592093283845	ns
c3-timing-event-v1	C3	asyncs	measured	65536	480	1	5a65fe97e98e4d67a5fe97e98eed67aa	C900	unix_ns	1784861592312898885	ns
c3-timing-event-v1	C3	asyncs	measured	262144	481	1	5ac7016b3dc943a887016b3dc993a827	C010	unix_ns	1784861592328062551	ns
c3-timing-event-v1	C3	asyncs	measured	262144	481	1	5ac7016b3dc943a887016b3dc993a827	C800	unix_ns	1784861592651386816	ns
c3-timing-event-v1	C3	asyncs	measured	262144	481	1	5ac7016b3dc943a887016b3dc993a827	C900	unix_ns	1784861592674447304	ns
c3-timing-event-v1	C3	asyncs	measured	1048576	482	1	f533d435fea74fccb3d435fea72fccc0	C010	unix_ns	1784861592709431126	ns
c3-timing-event-v1	C3	asyncs	measured	1048576	482	1	f533d435fea74fccb3d435fea72fccc0	C800	unix_ns	1784861593683677749	ns
c3-timing-event-v1	C3	asyncs	measured	1048576	482	1	f533d435fea74fccb3d435fea72fccc0	C900	unix_ns	1784861593760787540	ns
c3-timing-event-v1	C3	asyncs	measured	4194304	483	1	dcb5e9d968584218b5e9d96858121873	C010	unix_ns	1784861594141748434	ns
c3-timing-event-v1	C3	asyncs	measured	4194304	483	1	dcb5e9d968584218b5e9d96858121873	C800	unix_ns	1784861597860475326	ns
c3-timing-event-v1	C3	asyncs	measured	4194304	483	1	dcb5e9d968584218b5e9d96858121873	C900	unix_ns	1784861598105792296	ns
c3-timing-event-v1	C3	asyncs	measured	1024	484	1	3c6e1d0e71844b4bae1d0e7184fb4bef	C010	unix_ns	1784861598185182622	ns
c3-timing-event-v1	C3	asyncs	measured	1024	484	1	3c6e1d0e71844b4bae1d0e7184fb4bef	C800	unix_ns	1784861598215996547	ns
c3-timing-event-v1	C3	asyncs	measured	1024	484	1	3c6e1d0e71844b4bae1d0e7184fb4bef	C900	unix_ns	1784861598223221204	ns
c3-timing-event-v1	C3	asyncs	measured	4096	485	1	7418de3f95bc43a698de3f95bc33a680	C010	unix_ns	1784861598238163001	ns
c3-timing-event-v1	C3	asyncs	measured	4096	485	1	7418de3f95bc43a698de3f95bc33a680	C800	unix_ns	1784861598268307277	ns
c3-timing-event-v1	C3	asyncs	measured	4096	485	1	7418de3f95bc43a698de3f95bc33a680	C900	unix_ns	1784861598280671242	ns
c3-timing-event-v1	C3	asyncs	measured	16384	486	1	d05f7ff3cfea4ba39f7ff3cfeacba33c	C010	unix_ns	1784861598292681923	ns
c3-timing-event-v1	C3	asyncs	measured	16384	486	1	d05f7ff3cfea4ba39f7ff3cfeacba33c	C800	unix_ns	1784861598328786337	ns
c3-timing-event-v1	C3	asyncs	measured	16384	486	1	d05f7ff3cfea4ba39f7ff3cfeacba33c	C900	unix_ns	1784861598338166318	ns
c3-timing-event-v1	C3	asyncs	measured	65536	487	1	92da9f0227b74f299a9f0227b71f298d	C010	unix_ns	1784861598351039578	ns
c3-timing-event-v1	C3	asyncs	measured	65536	487	1	92da9f0227b74f299a9f0227b71f298d	C800	unix_ns	1784861598428781443	ns
c3-timing-event-v1	C3	asyncs	measured	65536	487	1	92da9f0227b74f299a9f0227b71f298d	C900	unix_ns	1784861598438453982	ns
c3-timing-event-v1	C3	asyncs	measured	262144	488	1	3cbea8fd6e6e4033bea8fd6e6e60337e	C010	unix_ns	1784861598453675669	ns
c3-timing-event-v1	C3	asyncs	measured	262144	488	1	3cbea8fd6e6e4033bea8fd6e6e60337e	C800	unix_ns	1784861598900769447	ns
c3-timing-event-v1	C3	asyncs	measured	262144	488	1	3cbea8fd6e6e4033bea8fd6e6e60337e	C900	unix_ns	1784861598928922062	ns
c3-timing-event-v1	C3	asyncs	measured	1048576	489	1	88fefb9b30fa422cbefb9b30fa922ca3	C010	unix_ns	1784861598967338338	ns
c3-timing-event-v1	C3	asyncs	measured	1048576	489	1	88fefb9b30fa422cbefb9b30fa922ca3	C800	unix_ns	1784861599975403365	ns
c3-timing-event-v1	C3	asyncs	measured	1048576	489	1	88fefb9b30fa422cbefb9b30fa922ca3	C900	unix_ns	1784861600086368747	ns
c3-timing-event-v1	C3	asyncs	measured	4194304	490	1	44713f374d4547f3b13f374d4597f393	C010	unix_ns	1784861600182864910	ns
c3-timing-event-v1	C3	asyncs	measured	4194304	490	1	44713f374d4547f3b13f374d4597f393	C800	unix_ns	1784861604052438603	ns
c3-timing-event-v1	C3	asyncs	measured	4194304	490	1	44713f374d4547f3b13f374d4597f393	C900	unix_ns	1784861604270876764	ns
c3-timing-event-v1	C3	asyncs	measured	1024	491	1	935b5ed3ae2d407a9b5ed3ae2d407a46	C010	unix_ns	1784861604376509717	ns
c3-timing-event-v1	C3	asyncs	measured	1024	491	1	935b5ed3ae2d407a9b5ed3ae2d407a46	C800	unix_ns	1784861604404507305	ns
c3-timing-event-v1	C3	asyncs	measured	1024	491	1	935b5ed3ae2d407a9b5ed3ae2d407a46	C900	unix_ns	1784861604415898009	ns
c3-timing-event-v1	C3	asyncs	measured	4096	492	1	36b8ea7bb6ce4dd7b8ea7bb6ceadd731	C010	unix_ns	1784861604429954275	ns
c3-timing-event-v1	C3	asyncs	measured	4096	492	1	36b8ea7bb6ce4dd7b8ea7bb6ceadd731	C800	unix_ns	1784861604452447918	ns
c3-timing-event-v1	C3	asyncs	measured	4096	492	1	36b8ea7bb6ce4dd7b8ea7bb6ceadd731	C900	unix_ns	1784861604671755755	ns
c3-timing-event-v1	C3	asyncs	measured	16384	493	1	c631de70fd954435b1de70fd95a43578	C010	unix_ns	1784861604687901093	ns
c3-timing-event-v1	C3	asyncs	measured	16384	493	1	c631de70fd954435b1de70fd95a43578	C800	unix_ns	1784861604723600136	ns
c3-timing-event-v1	C3	asyncs	measured	16384	493	1	c631de70fd954435b1de70fd95a43578	C900	unix_ns	1784861604937119194	ns
c3-timing-event-v1	C3	asyncs	measured	65536	494	1	cc7dd54400ec4439bdd54400ec243903	C010	unix_ns	1784861604950436868	ns
c3-timing-event-v1	C3	asyncs	measured	65536	494	1	cc7dd54400ec4439bdd54400ec243903	C800	unix_ns	1784861605024418919	ns
c3-timing-event-v1	C3	asyncs	measured	65536	494	1	cc7dd54400ec4439bdd54400ec243903	C900	unix_ns	1784861605247239640	ns
c3-timing-event-v1	C3	asyncs	measured	262144	495	1	a09f7170ff1b429e9f7170ff1bf29e5e	C010	unix_ns	1784861605262690829	ns
c3-timing-event-v1	C3	asyncs	measured	262144	495	1	a09f7170ff1b429e9f7170ff1bf29e5e	C800	unix_ns	1784861605508558739	ns
c3-timing-event-v1	C3	asyncs	measured	262144	495	1	a09f7170ff1b429e9f7170ff1bf29e5e	C900	unix_ns	1784861605534825733	ns
c3-timing-event-v1	C3	asyncs	measured	1048576	496	1	7a339f054a314a21b39f054a31ea217b	C010	unix_ns	1784861605566422448	ns
c3-timing-event-v1	C3	asyncs	measured	1048576	496	1	7a339f054a314a21b39f054a31ea217b	C800	unix_ns	1784861606574760052	ns
c3-timing-event-v1	C3	asyncs	measured	1048576	496	1	7a339f054a314a21b39f054a31ea217b	C900	unix_ns	1784861606657427996	ns
c3-timing-event-v1	C3	asyncs	measured	4194304	497	1	3236cb022c084c10b6cb022c08ac103f	C010	unix_ns	1784861606730316071	ns
c3-timing-event-v1	C3	asyncs	measured	4194304	497	1	3236cb022c084c10b6cb022c08ac103f	C800	unix_ns	1784861610604808438	ns
c3-timing-event-v1	C3	asyncs	measured	4194304	497	1	3236cb022c084c10b6cb022c08ac103f	C900	unix_ns	1784861610804523540	ns
c3-timing-event-v1	C3	asyncs	measured	1024	498	1	a172ded8ac7d4db4b2ded8ac7dadb4db	C010	unix_ns	1784861610884720744	ns
c3-timing-event-v1	C3	asyncs	measured	1024	498	1	a172ded8ac7d4db4b2ded8ac7dadb4db	C800	unix_ns	1784861610917133341	ns
c3-timing-event-v1	C3	asyncs	measured	1024	498	1	a172ded8ac7d4db4b2ded8ac7dadb4db	C900	unix_ns	1784861610927975354	ns
c3-timing-event-v1	C3	asyncs	measured	4096	499	1	4f5a2eb14b8045bf9a2eb14b8075bf9e	C010	unix_ns	1784861610942632056	ns
c3-timing-event-v1	C3	asyncs	measured	4096	499	1	4f5a2eb14b8045bf9a2eb14b8075bf9e	C800	unix_ns	1784861610968402169	ns
c3-timing-event-v1	C3	asyncs	measured	4096	499	1	4f5a2eb14b8045bf9a2eb14b8075bf9e	C900	unix_ns	1784861610975457610	ns
c3-timing-event-v1	C3	asyncs	measured	16384	500	1	92f1c8a894604ea3b1c8a89460cea38d	C010	unix_ns	1784861610987935674	ns
c3-timing-event-v1	C3	asyncs	measured	16384	500	1	92f1c8a894604ea3b1c8a89460cea38d	C800	unix_ns	1784861611019396152	ns
c3-timing-event-v1	C3	asyncs	measured	16384	500	1	92f1c8a894604ea3b1c8a89460cea38d	C900	unix_ns	1784861611238245436	ns
c3-timing-event-v1	C3	asyncs	measured	65536	501	1	44bcc8e96d7143f4bcc8e96d7183f4d9	C010	unix_ns	1784861611251067403	ns
c3-timing-event-v1	C3	asyncs	measured	65536	501	1	44bcc8e96d7143f4bcc8e96d7183f4d9	C800	unix_ns	1784861611336922404	ns
c3-timing-event-v1	C3	asyncs	measured	65536	501	1	44bcc8e96d7143f4bcc8e96d7183f4d9	C900	unix_ns	1784861611555654319	ns
c3-timing-event-v1	C3	asyncs	measured	262144	502	1	78f41111652042a2b411116520f2a23f	C010	unix_ns	1784861611571298318	ns
c3-timing-event-v1	C3	asyncs	measured	262144	502	1	78f41111652042a2b411116520f2a23f	C800	unix_ns	1784861611885750499	ns
c3-timing-event-v1	C3	asyncs	measured	262144	502	1	78f41111652042a2b411116520f2a23f	C900	unix_ns	1784861611909332647	ns
c3-timing-event-v1	C3	asyncs	measured	1048576	503	1	22ef7197fd904d0faf7197fd902d0fe5	C010	unix_ns	1784861611937554843	ns
c3-timing-event-v1	C3	asyncs	measured	1048576	503	1	22ef7197fd904d0faf7197fd902d0fe5	C800	unix_ns	1784861612883260420	ns
c3-timing-event-v1	C3	asyncs	measured	1048576	503	1	22ef7197fd904d0faf7197fd902d0fe5	C900	unix_ns	1784861612963667708	ns
c3-timing-event-v1	C3	asyncs	measured	4194304	504	1	ae3f500895e645e4bf500895e665e4a8	C010	unix_ns	1784861613071772297	ns
c3-timing-event-v1	C3	asyncs	measured	4194304	504	1	ae3f500895e645e4bf500895e665e4a8	C800	unix_ns	1784861616962287279	ns
c3-timing-event-v1	C3	asyncs	measured	4194304	504	1	ae3f500895e645e4bf500895e665e4a8	C900	unix_ns	1784861617189123076	ns
c3-timing-event-v1	C3	asyncs	measured	1024	505	1	8dec465d2e8f40dbac465d2e8f80db57	C010	unix_ns	1784861617280941489	ns
c3-timing-event-v1	C3	asyncs	measured	1024	505	1	8dec465d2e8f40dbac465d2e8f80db57	C800	unix_ns	1784861617312179951	ns
c3-timing-event-v1	C3	asyncs	measured	1024	505	1	8dec465d2e8f40dbac465d2e8f80db57	C900	unix_ns	1784861617323810369	ns
c3-timing-event-v1	C3	asyncs	measured	4096	506	1	4c76b0f0cf714197b6b0f0cf71219749	C010	unix_ns	1784861617348036637	ns
c3-timing-event-v1	C3	asyncs	measured	4096	506	1	4c76b0f0cf714197b6b0f0cf71219749	C800	unix_ns	1784861617374202015	ns
c3-timing-event-v1	C3	asyncs	measured	4096	506	1	4c76b0f0cf714197b6b0f0cf71219749	C900	unix_ns	1784861617381307458	ns
c3-timing-event-v1	C3	asyncs	measured	16384	507	1	dc87e532e839419987e532e839719976	C010	unix_ns	1784861617393868569	ns
c3-timing-event-v1	C3	asyncs	measured	16384	507	1	dc87e532e839419987e532e839719976	C800	unix_ns	1784861617437322137	ns
c3-timing-event-v1	C3	asyncs	measured	16384	507	1	dc87e532e839419987e532e839719976	C900	unix_ns	1784861617447873237	ns
c3-timing-event-v1	C3	asyncs	measured	65536	508	1	e27e1769548845e7be17695488c5e77c	C010	unix_ns	1784861617460846935	ns
c3-timing-event-v1	C3	asyncs	measured	65536	508	1	e27e1769548845e7be17695488c5e77c	C800	unix_ns	1784861617548267951	ns
c3-timing-event-v1	C3	asyncs	measured	65536	508	1	e27e1769548845e7be17695488c5e77c	C900	unix_ns	1784861617558320015	ns
c3-timing-event-v1	C3	asyncs	measured	262144	509	1	f5be195eff954a55be195eff95fa552b	C010	unix_ns	1784861617573380290	ns
c3-timing-event-v1	C3	asyncs	measured	262144	509	1	f5be195eff954a55be195eff95fa552b	C800	unix_ns	1784861617832675476	ns
c3-timing-event-v1	C3	asyncs	measured	262144	509	1	f5be195eff954a55be195eff95fa552b	C900	unix_ns	1784861617851873214	ns
c3-timing-event-v1	C3	asyncs	measured	1048576	510	1	4c3c38ac96964d30bc38ac96964d303a	C010	unix_ns	1784861617877105486	ns
c3-timing-event-v1	C3	asyncs	measured	1048576	510	1	4c3c38ac96964d30bc38ac96964d303a	C800	unix_ns	1784861618847383297	ns
c3-timing-event-v1	C3	asyncs	measured	1048576	510	1	4c3c38ac96964d30bc38ac96964d303a	C900	unix_ns	1784861618909699793	ns
c3-timing-event-v1	C3	asyncs	measured	4194304	511	1	3f653a69b1a14695a53a69b1a14695cc	C010	unix_ns	1784861618984558769	ns
c3-timing-event-v1	C3	asyncs	measured	4194304	511	1	3f653a69b1a14695a53a69b1a14695cc	C800	unix_ns	1784861622854491669	ns
c3-timing-event-v1	C3	asyncs	measured	4194304	511	1	3f653a69b1a14695a53a69b1a14695cc	C900	unix_ns	1784861623066374507	ns
c3-timing-event-v1	C3	asyncs	measured	1024	512	1	ec6e4562962945feae4562962965feef	C010	unix_ns	1784861623143859287	ns
c3-timing-event-v1	C3	asyncs	measured	1024	512	1	ec6e4562962945feae4562962965feef	C800	unix_ns	1784861623170670962	ns
c3-timing-event-v1	C3	asyncs	measured	1024	512	1	ec6e4562962945feae4562962965feef	C900	unix_ns	1784861623180511904	ns
c3-timing-event-v1	C3	asyncs	measured	4096	513	1	c6bad54c57d642c6bad54c57d6a2c641	C010	unix_ns	1784861623196545180	ns
c3-timing-event-v1	C3	asyncs	measured	4096	513	1	c6bad54c57d642c6bad54c57d6a2c641	C800	unix_ns	1784861623226032391	ns
c3-timing-event-v1	C3	asyncs	measured	4096	513	1	c6bad54c57d642c6bad54c57d6a2c641	C900	unix_ns	1784861623244064941	ns
c3-timing-event-v1	C3	asyncs	measured	16384	514	1	550e4e1a535f486e8e4e1a535fc86e5b	C010	unix_ns	1784861623256817132	ns
c3-timing-event-v1	C3	asyncs	measured	16384	514	1	550e4e1a535f486e8e4e1a535fc86e5b	C800	unix_ns	1784861623297460307	ns
c3-timing-event-v1	C3	asyncs	measured	16384	514	1	550e4e1a535f486e8e4e1a535fc86e5b	C900	unix_ns	1784861623308399396	ns
c3-timing-event-v1	C3	asyncs	measured	65536	515	1	01e874441cc54cf4a874441cc57cf4ea	C010	unix_ns	1784861623321935084	ns
c3-timing-event-v1	C3	asyncs	measured	65536	515	1	01e874441cc54cf4a874441cc57cf4ea	C800	unix_ns	1784861623401310227	ns
c3-timing-event-v1	C3	asyncs	measured	65536	515	1	01e874441cc54cf4a874441cc57cf4ea	C900	unix_ns	1784861623411576988	ns
c3-timing-event-v1	C3	asyncs	measured	262144	516	1	0e246aa28af54da4a46aa28af5eda46c	C010	unix_ns	1784861623427530969	ns
c3-timing-event-v1	C3	asyncs	measured	262144	516	1	0e246aa28af54da4a46aa28af5eda46c	C800	unix_ns	1784861623764307944	ns
c3-timing-event-v1	C3	asyncs	measured	262144	516	1	0e246aa28af54da4a46aa28af5eda46c	C900	unix_ns	1784861623794106105	ns
c3-timing-event-v1	C3	asyncs	measured	1048576	517	1	dd010b8ff33941c0810b8ff33911c037	C010	unix_ns	1784861623822553589	ns
c3-timing-event-v1	C3	asyncs	measured	1048576	517	1	dd010b8ff33941c0810b8ff33911c037	C800	unix_ns	1784861624787592161	ns
c3-timing-event-v1	C3	asyncs	measured	1048576	517	1	dd010b8ff33941c0810b8ff33911c037	C900	unix_ns	1784861624842084380	ns
c3-timing-event-v1	C3	asyncs	measured	4194304	518	1	6c75d2c39c984928b5d2c39c9859286c	C010	unix_ns	1784861624915312572	ns
c3-timing-event-v1	C3	asyncs	measured	4194304	518	1	6c75d2c39c984928b5d2c39c9859286c	C800	unix_ns	1784861628682019326	ns
c3-timing-event-v1	C3	asyncs	measured	4194304	518	1	6c75d2c39c984928b5d2c39c9859286c	C900	unix_ns	1784861629016277866	ns
c3-timing-event-v1	C3	asyncs	measured	1024	519	1	d22150cfd21e4101a150cfd21ec10195	C010	unix_ns	1784861629184634156	ns
c3-timing-event-v1	C3	asyncs	measured	1024	519	1	d22150cfd21e4101a150cfd21ec10195	C800	unix_ns	1784861629224342050	ns
c3-timing-event-v1	C3	asyncs	measured	1024	519	1	d22150cfd21e4101a150cfd21ec10195	C900	unix_ns	1784861629235667868	ns
c3-timing-event-v1	C3	asyncs	measured	4096	520	1	9c026f157e50432a826f157e50432a62	C010	unix_ns	1784861629292624080	ns
c3-timing-event-v1	C3	asyncs	measured	4096	520	1	9c026f157e50432a826f157e50432a62	C800	unix_ns	1784861629317843715	ns
c3-timing-event-v1	C3	asyncs	measured	4096	520	1	9c026f157e50432a826f157e50432a62	C900	unix_ns	1784861629536160998	ns
c3-timing-event-v1	C3	asyncs	measured	16384	521	1	168d2f54c944488c8d2f54c944988cd1	C010	unix_ns	1784861629592699747	ns
c3-timing-event-v1	C3	asyncs	measured	16384	521	1	168d2f54c944488c8d2f54c944988cd1	C800	unix_ns	1784861629627863957	ns
c3-timing-event-v1	C3	asyncs	measured	16384	521	1	168d2f54c944488c8d2f54c944988cd1	C900	unix_ns	1784861629636647360	ns
c3-timing-event-v1	C3	asyncs	measured	65536	522	1	ffd38d8cd6804f74938d8cd6805f7422	C010	unix_ns	1784861629691980411	ns
c3-timing-event-v1	C3	asyncs	measured	65536	522	1	ffd38d8cd6804f74938d8cd6805f7422	C800	unix_ns	1784861629777564033	ns
c3-timing-event-v1	C3	asyncs	measured	65536	522	1	ffd38d8cd6804f74938d8cd6805f7422	C900	unix_ns	1784861629790645803	ns
c3-timing-event-v1	C3	asyncs	measured	262144	523	1	820c4614905448968c46149054b896bd	C010	unix_ns	1784861629873647743	ns
c3-timing-event-v1	C3	asyncs	measured	262144	523	1	820c4614905448968c46149054b896bd	C800	unix_ns	1784861630135878376	ns
c3-timing-event-v1	C3	asyncs	measured	262144	523	1	820c4614905448968c46149054b896bd	C900	unix_ns	1784861630157857242	ns
c3-timing-event-v1	C3	asyncs	measured	1048576	524	1	83cd9a409a604ed28d9a409a605ed2fc	C010	unix_ns	1784861630218704366	ns
c3-timing-event-v1	C3	asyncs	measured	1048576	524	1	83cd9a409a604ed28d9a409a605ed2fc	C800	unix_ns	1784861631290777689	ns
c3-timing-event-v1	C3	asyncs	measured	1048576	524	1	83cd9a409a604ed28d9a409a605ed2fc	C900	unix_ns	1784861631366067202	ns
c3-timing-event-v1	C3	asyncs	measured	4194304	525	1	32e2734b777c4483a2734b777c5483c8	C010	unix_ns	1784861631523989212	ns
c3-timing-event-v1	C3	asyncs	measured	4194304	525	1	32e2734b777c4483a2734b777c5483c8	C800	unix_ns	1784861635409971850	ns
c3-timing-event-v1	C3	asyncs	measured	4194304	525	1	32e2734b777c4483a2734b777c5483c8	C900	unix_ns	1784861635664255573	ns
c3-timing-event-v1	C3	asyncs	measured	1024	526	1	7a7e6af3a63b4950be6af3a63b995061	C010	unix_ns	1784861635746403989	ns
c3-timing-event-v1	C3	asyncs	measured	1024	526	1	7a7e6af3a63b4950be6af3a63b995061	C800	unix_ns	1784861635777781933	ns
c3-timing-event-v1	C3	asyncs	measured	1024	526	1	7a7e6af3a63b4950be6af3a63b995061	C900	unix_ns	1784861635788933269	ns
c3-timing-event-v1	C3	asyncs	measured	4096	527	1	284faf629c884e2f8faf629c889e2f3c	C010	unix_ns	1784861635804598045	ns
c3-timing-event-v1	C3	asyncs	measured	4096	527	1	284faf629c884e2f8faf629c889e2f3c	C800	unix_ns	1784861635828278302	ns
c3-timing-event-v1	C3	asyncs	measured	4096	527	1	284faf629c884e2f8faf629c889e2f3c	C900	unix_ns	1784861635835755022	ns
c3-timing-event-v1	C3	asyncs	measured	16384	528	1	aa2b70f4bfc741e2ab70f4bfc701e232	C010	unix_ns	1784861635848294260	ns
c3-timing-event-v1	C3	asyncs	measured	16384	528	1	aa2b70f4bfc741e2ab70f4bfc701e232	C800	unix_ns	1784861635886282861	ns
c3-timing-event-v1	C3	asyncs	measured	16384	528	1	aa2b70f4bfc741e2ab70f4bfc701e232	C900	unix_ns	1784861635894288950	ns
c3-timing-event-v1	C3	asyncs	measured	65536	529	1	3b2f3fdbc14c4046af3fdbc14c4046c6	C010	unix_ns	1784861635907600867	ns
c3-timing-event-v1	C3	asyncs	measured	65536	529	1	3b2f3fdbc14c4046af3fdbc14c4046c6	C800	unix_ns	1784861635996180358	ns
c3-timing-event-v1	C3	asyncs	measured	65536	529	1	3b2f3fdbc14c4046af3fdbc14c4046c6	C900	unix_ns	1784861636015820612	ns
c3-timing-event-v1	C3	asyncs	measured	262144	530	1	d68b8a3b73c248c78b8a3b73c2e8c757	C010	unix_ns	1784861636032029663	ns
c3-timing-event-v1	C3	asyncs	measured	262144	530	1	d68b8a3b73c248c78b8a3b73c2e8c757	C800	unix_ns	1784861636368921884	ns
c3-timing-event-v1	C3	asyncs	measured	262144	530	1	d68b8a3b73c248c78b8a3b73c2e8c757	C900	unix_ns	1784861636391200979	ns
c3-timing-event-v1	C3	asyncs	measured	1048576	531	1	f68518d30bb644528518d30bb64452d6	C010	unix_ns	1784861636417621205	ns
c3-timing-event-v1	C3	asyncs	measured	1048576	531	1	f68518d30bb644528518d30bb64452d6	C800	unix_ns	1784861637374068639	ns
c3-timing-event-v1	C3	asyncs	measured	1048576	531	1	f68518d30bb644528518d30bb64452d6	C900	unix_ns	1784861637427984296	ns
c3-timing-event-v1	C3	asyncs	measured	4194304	532	1	83f9f154b473461ab9f154b473c61a9b	C010	unix_ns	1784861637502175006	ns
c3-timing-event-v1	C3	asyncs	measured	4194304	532	1	83f9f154b473461ab9f154b473c61a9b	C800	unix_ns	1784861641245983517	ns
c3-timing-event-v1	C3	asyncs	measured	4194304	532	1	83f9f154b473461ab9f154b473c61a9b	C900	unix_ns	1784861641526079467	ns
c3-timing-event-v1	C3	asyncs	measured	1024	533	1	ddae3a066cf848f6ae3a066cf8c8f6e0	C010	unix_ns	1784861641603550195	ns
c3-timing-event-v1	C3	asyncs	measured	1024	533	1	ddae3a066cf848f6ae3a066cf8c8f6e0	C800	unix_ns	1784861641637932450	ns
c3-timing-event-v1	C3	asyncs	measured	1024	533	1	ddae3a066cf848f6ae3a066cf8c8f6e0	C900	unix_ns	1784861641646137124	ns
c3-timing-event-v1	C3	asyncs	measured	4096	534	1	a51f0c51f8754e959f0c51f875de95d0	C010	unix_ns	1784861641661787449	ns
c3-timing-event-v1	C3	asyncs	measured	4096	534	1	a51f0c51f8754e959f0c51f875de95d0	C800	unix_ns	1784861641684396746	ns
c3-timing-event-v1	C3	asyncs	measured	4096	534	1	a51f0c51f8754e959f0c51f875de95d0	C900	unix_ns	1784861641696266041	ns
c3-timing-event-v1	C3	asyncs	measured	16384	535	1	df78e1f6056a4fb1b8e1f6056a2fb16e	C010	unix_ns	1784861641709613721	ns
c3-timing-event-v1	C3	asyncs	measured	16384	535	1	df78e1f6056a4fb1b8e1f6056a2fb16e	C800	unix_ns	1784861641743969402	ns
c3-timing-event-v1	C3	asyncs	measured	16384	535	1	df78e1f6056a4fb1b8e1f6056a2fb16e	C900	unix_ns	1784861641751395163	ns
c3-timing-event-v1	C3	asyncs	measured	65536	536	1	33d0c3f5b8b54dc890c3f5b8b55dc811	C010	unix_ns	1784861641764555959	ns
c3-timing-event-v1	C3	asyncs	measured	65536	536	1	33d0c3f5b8b54dc890c3f5b8b55dc811	C800	unix_ns	1784861641845388544	ns
c3-timing-event-v1	C3	asyncs	measured	65536	536	1	33d0c3f5b8b54dc890c3f5b8b55dc811	C900	unix_ns	1784861641853998049	ns
c3-timing-event-v1	C3	asyncs	measured	262144	537	1	2bce549a305943088e549a3059a308e8	C010	unix_ns	1784861641869631723	ns
c3-timing-event-v1	C3	asyncs	measured	262144	537	1	2bce549a305943088e549a3059a308e8	C800	unix_ns	1784861642126452148	ns
c3-timing-event-v1	C3	asyncs	measured	262144	537	1	2bce549a305943088e549a3059a308e8	C900	unix_ns	1784861642145018835	ns
c3-timing-event-v1	C3	asyncs	measured	1048576	538	1	65d0b3d8d77a4d7490b3d8d77aad74d0	C010	unix_ns	1784861642171677833	ns
c3-timing-event-v1	C3	asyncs	measured	1048576	538	1	65d0b3d8d77a4d7490b3d8d77aad74d0	C800	unix_ns	1784861643142738872	ns
c3-timing-event-v1	C3	asyncs	measured	1048576	538	1	65d0b3d8d77a4d7490b3d8d77aad74d0	C900	unix_ns	1784861643202792422	ns
c3-timing-event-v1	C3	asyncs	measured	4194304	539	1	3adf189a2ed4425c9f189a2ed4325c66	C010	unix_ns	1784861643279776432	ns
c3-timing-event-v1	C3	asyncs	measured	4194304	539	1	3adf189a2ed4425c9f189a2ed4325c66	C800	unix_ns	1784861647167015844	ns
c3-timing-event-v1	C3	asyncs	measured	4194304	539	1	3adf189a2ed4425c9f189a2ed4325c66	C900	unix_ns	1784861647403352352	ns
c3-timing-event-v1	C3	asyncs	measured	1024	540	1	1af10f9f9183408fb10f9f9183c08fb6	C010	unix_ns	1784861647482892854	ns
c3-timing-event-v1	C3	asyncs	measured	1024	540	1	1af10f9f9183408fb10f9f9183c08fb6	C800	unix_ns	1784861647514320153	ns
c3-timing-event-v1	C3	asyncs	measured	1024	540	1	1af10f9f9183408fb10f9f9183c08fb6	C900	unix_ns	1784861647524765051	ns
c3-timing-event-v1	C3	asyncs	measured	4096	541	1	49367d1f49444143b67d1f4944f1437d	C010	unix_ns	1784861647542719992	ns
c3-timing-event-v1	C3	asyncs	measured	4096	541	1	49367d1f49444143b67d1f4944f1437d	C800	unix_ns	1784861647567826070	ns
c3-timing-event-v1	C3	asyncs	measured	4096	541	1	49367d1f49444143b67d1f4944f1437d	C900	unix_ns	1784861647576996485	ns
c3-timing-event-v1	C3	asyncs	measured	16384	542	1	21a36d84355d4bb0a36d84355d1bb041	C010	unix_ns	1784861647600807517	ns
c3-timing-event-v1	C3	asyncs	measured	16384	542	1	21a36d84355d4bb0a36d84355d1bb041	C800	unix_ns	1784861647676152919	ns
c3-timing-event-v1	C3	asyncs	measured	16384	542	1	21a36d84355d4bb0a36d84355d1bb041	C900	unix_ns	1784861647686170335	ns
c3-timing-event-v1	C3	asyncs	measured	65536	543	1	70e24521fa4d446aa24521fa4d546ae6	C010	unix_ns	1784861647710901975	ns
c3-timing-event-v1	C3	asyncs	measured	65536	543	1	70e24521fa4d446aa24521fa4d546ae6	C800	unix_ns	1784861647796484066	ns
c3-timing-event-v1	C3	asyncs	measured	65536	543	1	70e24521fa4d446aa24521fa4d546ae6	C900	unix_ns	1784861647805396434	ns
c3-timing-event-v1	C3	asyncs	measured	262144	544	1	b3d5f93b49b649d495f93b49b639d433	C010	unix_ns	1784861647821542392	ns
c3-timing-event-v1	C3	asyncs	measured	262144	544	1	b3d5f93b49b649d495f93b49b639d433	C800	unix_ns	1784861648211442939	ns
c3-timing-event-v1	C3	asyncs	measured	262144	544	1	b3d5f93b49b649d495f93b49b639d433	C900	unix_ns	1784861648236194115	ns
c3-timing-event-v1	C3	asyncs	measured	1048576	545	1	06a4a060cb554ce0a4a060cb55ace06f	C010	unix_ns	1784861648262327351	ns
c3-timing-event-v1	C3	asyncs	measured	1048576	545	1	06a4a060cb554ce0a4a060cb55ace06f	C800	unix_ns	1784861649202222659	ns
c3-timing-event-v1	C3	asyncs	measured	1048576	545	1	06a4a060cb554ce0a4a060cb55ace06f	C900	unix_ns	1784861649257685883	ns
c3-timing-event-v1	C3	asyncs	measured	4194304	546	1	3d75e353cf7c4c26b5e353cf7c2c26f5	C010	unix_ns	1784861649332373923	ns
c3-timing-event-v1	C3	asyncs	measured	4194304	546	1	3d75e353cf7c4c26b5e353cf7c2c26f5	C800	unix_ns	1784861653104714252	ns
c3-timing-event-v1	C3	asyncs	measured	4194304	546	1	3d75e353cf7c4c26b5e353cf7c2c26f5	C900	unix_ns	1784861653356277475	ns
c3-timing-event-v1	C3	asyncs	measured	1024	547	1	48ee23fe6c3844c5ae23fe6c3824c5ba	C010	unix_ns	1784861653433362886	ns
c3-timing-event-v1	C3	asyncs	measured	1024	547	1	48ee23fe6c3844c5ae23fe6c3824c5ba	C800	unix_ns	1784861653465929141	ns
c3-timing-event-v1	C3	asyncs	measured	1024	547	1	48ee23fe6c3844c5ae23fe6c3824c5ba	C900	unix_ns	1784861653475212170	ns
c3-timing-event-v1	C3	asyncs	measured	4096	548	1	2a8ecb94f7e44e1e8ecb94f7e44e1e2d	C010	unix_ns	1784861653490400550	ns
c3-timing-event-v1	C3	asyncs	measured	4096	548	1	2a8ecb94f7e44e1e8ecb94f7e44e1e2d	C800	unix_ns	1784861653513042540	ns
c3-timing-event-v1	C3	asyncs	measured	4096	548	1	2a8ecb94f7e44e1e8ecb94f7e44e1e2d	C900	unix_ns	1784861653522012187	ns
c3-timing-event-v1	C3	asyncs	measured	16384	549	1	a1b549efa8c847d3b549efa8c877d387	C010	unix_ns	1784861653535479843	ns
c3-timing-event-v1	C3	asyncs	measured	16384	549	1	a1b549efa8c847d3b549efa8c877d387	C800	unix_ns	1784861653567545071	ns
c3-timing-event-v1	C3	asyncs	measured	16384	549	1	a1b549efa8c847d3b549efa8c877d387	C900	unix_ns	1784861653580132718	ns
c3-timing-event-v1	C3	asyncs	measured	65536	550	1	72d0c15a9db9402e90c15a9db9d02ea3	C010	unix_ns	1784861653593695004	ns
c3-timing-event-v1	C3	asyncs	measured	65536	550	1	72d0c15a9db9402e90c15a9db9d02ea3	C800	unix_ns	1784861653674004302	ns
c3-timing-event-v1	C3	asyncs	measured	65536	550	1	72d0c15a9db9402e90c15a9db9d02ea3	C900	unix_ns	1784861653687647707	ns
c3-timing-event-v1	C3	asyncs	measured	262144	551	1	3b0478f1857d4d6d8478f1857d6d6d77	C010	unix_ns	1784861653704720769	ns
c3-timing-event-v1	C3	asyncs	measured	262144	551	1	3b0478f1857d4d6d8478f1857d6d6d77	C800	unix_ns	1784861653953884767	ns
c3-timing-event-v1	C3	asyncs	measured	262144	551	1	3b0478f1857d4d6d8478f1857d6d6d77	C900	unix_ns	1784861653977079359	ns
c3-timing-event-v1	C3	asyncs	measured	1048576	552	1	bec81552edce4490881552edceb49040	C010	unix_ns	1784861654007432588	ns
c3-timing-event-v1	C3	asyncs	measured	1048576	552	1	bec81552edce4490881552edceb49040	C800	unix_ns	1784861654987340283	ns
c3-timing-event-v1	C3	asyncs	measured	1048576	552	1	bec81552edce4490881552edceb49040	C900	unix_ns	1784861655057679275	ns
c3-timing-event-v1	C3	asyncs	measured	4194304	553	1	0cd9875293804fb999875293806fb9be	C010	unix_ns	1784861655131115904	ns
c3-timing-event-v1	C3	asyncs	measured	4194304	553	1	0cd9875293804fb999875293806fb9be	C800	unix_ns	1784861658960836834	ns
c3-timing-event-v1	C3	asyncs	measured	4194304	553	1	0cd9875293804fb999875293806fb9be	C900	unix_ns	1784861659196192535	ns
c3-timing-event-v1	C3	asyncs	measured	1024	554	1	d6a4c57e90c04bfaa4c57e90c02bfad0	C010	unix_ns	1784861659273461163	ns
c3-timing-event-v1	C3	asyncs	measured	1024	554	1	d6a4c57e90c04bfaa4c57e90c02bfad0	C800	unix_ns	1784861659301545527	ns
c3-timing-event-v1	C3	asyncs	measured	1024	554	1	d6a4c57e90c04bfaa4c57e90c02bfad0	C900	unix_ns	1784861659310758555	ns
c3-timing-event-v1	C3	asyncs	measured	4096	555	1	fadd64df76af42dd9d64df76af32dd07	C010	unix_ns	1784861659326433074	ns
c3-timing-event-v1	C3	asyncs	measured	4096	555	1	fadd64df76af42dd9d64df76af32dd07	C800	unix_ns	1784861659351150840	ns
c3-timing-event-v1	C3	asyncs	measured	4096	555	1	fadd64df76af42dd9d64df76af32dd07	C900	unix_ns	1784861659359816381	ns
c3-timing-event-v1	C3	asyncs	measured	16384	556	1	894cff328e8d4af68cff328e8dbaf67f	C010	unix_ns	1784861659372918092	ns
c3-timing-event-v1	C3	asyncs	measured	16384	556	1	894cff328e8d4af68cff328e8dbaf67f	C800	unix_ns	1784861659405356184	ns
c3-timing-event-v1	C3	asyncs	measured	16384	556	1	894cff328e8d4af68cff328e8dbaf67f	C900	unix_ns	1784861659413327185	ns
c3-timing-event-v1	C3	asyncs	measured	65536	557	1	8bf70c291dbd44b6b70c291dbde4b612	C010	unix_ns	1784861659427109172	ns
c3-timing-event-v1	C3	asyncs	measured	65536	557	1	8bf70c291dbd44b6b70c291dbde4b612	C800	unix_ns	1784861659494978600	ns
c3-timing-event-v1	C3	asyncs	measured	65536	557	1	8bf70c291dbd44b6b70c291dbde4b612	C900	unix_ns	1784861659514402392	ns
c3-timing-event-v1	C3	asyncs	measured	262144	558	1	ff24dd97d4644c45a4dd97d464ac4531	C010	unix_ns	1784861659530804236	ns
c3-timing-event-v1	C3	asyncs	measured	262144	558	1	ff24dd97d4644c45a4dd97d464ac4531	C800	unix_ns	1784861659800482059	ns
c3-timing-event-v1	C3	asyncs	measured	262144	558	1	ff24dd97d4644c45a4dd97d464ac4531	C900	unix_ns	1784861659832227152	ns
c3-timing-event-v1	C3	asyncs	measured	1048576	559	1	f8b86c957efb4d35b86c957efb0d3522	C010	unix_ns	1784861659865295492	ns
c3-timing-event-v1	C3	asyncs	measured	1048576	559	1	f8b86c957efb4d35b86c957efb0d3522	C800	unix_ns	1784861660801022084	ns
c3-timing-event-v1	C3	asyncs	measured	1048576	559	1	f8b86c957efb4d35b86c957efb0d3522	C900	unix_ns	1784861660857849500	ns
c3-timing-event-v1	C3	asyncs	measured	4194304	560	1	e97f6fa73c3e406dbf6fa73c3e406d93	C010	unix_ns	1784861660934302570	ns
c3-timing-event-v1	C3	asyncs	measured	4194304	560	1	e97f6fa73c3e406dbf6fa73c3e406d93	C800	unix_ns	1784861664673465311	ns
c3-timing-event-v1	C3	asyncs	measured	4194304	560	1	e97f6fa73c3e406dbf6fa73c3e406d93	C900	unix_ns	1784861665018995562	ns
c3-timing-event-v1	C3	asyncs	measured	1024	561	1	fa87552d573349cb87552d5733f9cb3b	C010	unix_ns	1784861665249475373	ns
c3-timing-event-v1	C3	asyncs	measured	1024	561	1	fa87552d573349cb87552d5733f9cb3b	C800	unix_ns	1784861665277622784	ns
c3-timing-event-v1	C3	asyncs	measured	1024	561	1	fa87552d573349cb87552d5733f9cb3b	C900	unix_ns	1784861665287437408	ns
c3-timing-event-v1	C3	asyncs	measured	4096	562	1	b3f9261aebae4cb8b9261aebae2cb86e	C010	unix_ns	1784861665338018164	ns
c3-timing-event-v1	C3	asyncs	measured	4096	562	1	b3f9261aebae4cb8b9261aebae2cb86e	C800	unix_ns	1784861665362388682	ns
c3-timing-event-v1	C3	asyncs	measured	4096	562	1	b3f9261aebae4cb8b9261aebae2cb86e	C900	unix_ns	1784861665373032437	ns
c3-timing-event-v1	C3	asyncs	measured	16384	563	1	a578a0017bbf44f2b8a0017bbfc4f23b	C010	unix_ns	1784861665428094461	ns
c3-timing-event-v1	C3	asyncs	measured	16384	563	1	a578a0017bbf44f2b8a0017bbfc4f23b	C800	unix_ns	1784861665466594630	ns
c3-timing-event-v1	C3	asyncs	measured	16384	563	1	a578a0017bbf44f2b8a0017bbfc4f23b	C900	unix_ns	1784861665475811556	ns
c3-timing-event-v1	C3	asyncs	measured	65536	564	1	e3ca5d72f1ea4e8f8a5d72f1eade8f20	C010	unix_ns	1784861665528423874	ns
c3-timing-event-v1	C3	asyncs	measured	65536	564	1	e3ca5d72f1ea4e8f8a5d72f1eade8f20	C800	unix_ns	1784861665610330113	ns
c3-timing-event-v1	C3	asyncs	measured	65536	564	1	e3ca5d72f1ea4e8f8a5d72f1eade8f20	C900	unix_ns	1784861665619740789	ns
c3-timing-event-v1	C3	asyncs	measured	262144	565	1	57e301299d5c4014a301299d5c8014da	C010	unix_ns	1784861665689950687	ns
c3-timing-event-v1	C3	asyncs	measured	262144	565	1	57e301299d5c4014a301299d5c8014da	C800	unix_ns	1784861666036599810	ns
c3-timing-event-v1	C3	asyncs	measured	262144	565	1	57e301299d5c4014a301299d5c8014da	C900	unix_ns	1784861666059752300	ns
c3-timing-event-v1	C3	asyncs	measured	1048576	566	1	dd531255cd9645de931255cd96c5de86	C010	unix_ns	1784861666203593049	ns
c3-timing-event-v1	C3	asyncs	measured	1048576	566	1	dd531255cd9645de931255cd96c5de86	C800	unix_ns	1784861667111983437	ns
c3-timing-event-v1	C3	asyncs	measured	1048576	566	1	dd531255cd9645de931255cd96c5de86	C900	unix_ns	1784861667169936405	ns
c3-timing-event-v1	C3	asyncs	measured	4194304	567	1	72decc1682364e829ecc168236de8200	C010	unix_ns	1784861667623884804	ns
c3-timing-event-v1	C3	asyncs	measured	4194304	567	1	72decc1682364e829ecc168236de8200	C800	unix_ns	1784861671365920604	ns
c3-timing-event-v1	C3	asyncs	measured	4194304	567	1	72decc1682364e829ecc168236de8200	C900	unix_ns	1784861671644576331	ns
c3-timing-event-v1	C3	asyncs	measured	1024	568	1	d3797264d59b46a3b97264d59b46a3f4	C010	unix_ns	1784861671823919603	ns
c3-timing-event-v1	C3	asyncs	measured	1024	568	1	d3797264d59b46a3b97264d59b46a3f4	C800	unix_ns	1784861671862601654	ns
c3-timing-event-v1	C3	asyncs	measured	1024	568	1	d3797264d59b46a3b97264d59b46a3f4	C900	unix_ns	1784861671874327068	ns
c3-timing-event-v1	C3	asyncs	measured	4096	569	1	bcd22bc258724c6d922bc258725c6d64	C010	unix_ns	1784861671944101119	ns
c3-timing-event-v1	C3	asyncs	measured	4096	569	1	bcd22bc258724c6d922bc258725c6d64	C800	unix_ns	1784861671969621110	ns
c3-timing-event-v1	C3	asyncs	measured	4096	569	1	bcd22bc258724c6d922bc258725c6d64	C900	unix_ns	1784861671988301445	ns
c3-timing-event-v1	C3	asyncs	measured	16384	570	1	912f211d59fa4a39af211d59fa5a39e1	C010	unix_ns	1784861672054452697	ns
c3-timing-event-v1	C3	asyncs	measured	16384	570	1	912f211d59fa4a39af211d59fa5a39e1	C800	unix_ns	1784861672088228649	ns
c3-timing-event-v1	C3	asyncs	measured	16384	570	1	912f211d59fa4a39af211d59fa5a39e1	C900	unix_ns	1784861672103964158	ns
c3-timing-event-v1	C3	asyncs	measured	65536	571	1	3cf0013e19bb4fbfb0013e19bb8fbf31	C010	unix_ns	1784861672154402709	ns
c3-timing-event-v1	C3	asyncs	measured	65536	571	1	3cf0013e19bb4fbfb0013e19bb8fbf31	C800	unix_ns	1784861672244959924	ns
c3-timing-event-v1	C3	asyncs	measured	65536	571	1	3cf0013e19bb4fbfb0013e19bb8fbf31	C900	unix_ns	1784861672256483334	ns
c3-timing-event-v1	C3	asyncs	measured	262144	572	1	0df4dd4d64ab4fd9b4dd4d64ab5fd965	C010	unix_ns	1784861672325627717	ns
c3-timing-event-v1	C3	asyncs	measured	262144	572	1	0df4dd4d64ab4fd9b4dd4d64ab5fd965	C800	unix_ns	1784861672587449663	ns
c3-timing-event-v1	C3	asyncs	measured	262144	572	1	0df4dd4d64ab4fd9b4dd4d64ab5fd965	C900	unix_ns	1784861672605908887	ns
c3-timing-event-v1	C3	asyncs	measured	1048576	573	1	eacc82fa75aa48c68c82fa75aac8c6a9	C010	unix_ns	1784861672759742716	ns
c3-timing-event-v1	C3	asyncs	measured	1048576	573	1	eacc82fa75aa48c68c82fa75aac8c6a9	C800	unix_ns	1784861673758094967	ns
c3-timing-event-v1	C3	asyncs	measured	1048576	573	1	eacc82fa75aa48c68c82fa75aac8c6a9	C900	unix_ns	1784861673825582233	ns
c3-timing-event-v1	C3	asyncs	measured	4194304	574	1	c51e34ce68c147c09e34ce68c1b7c0db	C010	unix_ns	1784861674096117988	ns
c3-timing-event-v1	C3	asyncs	measured	4194304	574	1	c51e34ce68c147c09e34ce68c1b7c0db	C800	unix_ns	1784861677727420144	ns
c3-timing-event-v1	C3	asyncs	measured	4194304	574	1	c51e34ce68c147c09e34ce68c1b7c0db	C900	unix_ns	1784861677990674678	ns
c3-timing-event-v1	C3	asyncs	measured	1024	575	1	52f10f99a161499db10f99a161d99d09	C010	unix_ns	1784861678082689613	ns
c3-timing-event-v1	C3	asyncs	measured	1024	575	1	52f10f99a161499db10f99a161d99d09	C800	unix_ns	1784861678115450832	ns
c3-timing-event-v1	C3	asyncs	measured	1024	575	1	52f10f99a161499db10f99a161d99d09	C900	unix_ns	1784861678124071384	ns
c3-timing-event-v1	C3	asyncs	measured	4096	576	1	e482f9b895bd448282f9b895bdf48229	C010	unix_ns	1784861678140342568	ns
c3-timing-event-v1	C3	asyncs	measured	4096	576	1	e482f9b895bd448282f9b895bdf48229	C800	unix_ns	1784861678166033789	ns
c3-timing-event-v1	C3	asyncs	measured	4096	576	1	e482f9b895bd448282f9b895bdf48229	C900	unix_ns	1784861678385018520	ns
c3-timing-event-v1	C3	asyncs	measured	16384	577	1	9001a4cc7a4d4daa81a4cc7a4d8daad7	C010	unix_ns	1784861678402416887	ns
c3-timing-event-v1	C3	asyncs	measured	16384	577	1	9001a4cc7a4d4daa81a4cc7a4d8daad7	C800	unix_ns	1784861678435934523	ns
c3-timing-event-v1	C3	asyncs	measured	16384	577	1	9001a4cc7a4d4daa81a4cc7a4d8daad7	C900	unix_ns	1784861678653971555	ns
c3-timing-event-v1	C3	asyncs	measured	65536	578	1	5be597c1cab64277a597c1cab6027743	C010	unix_ns	1784861678668391403	ns
c3-timing-event-v1	C3	asyncs	measured	65536	578	1	5be597c1cab64277a597c1cab6027743	C800	unix_ns	1784861678747412562	ns
c3-timing-event-v1	C3	asyncs	measured	65536	578	1	5be597c1cab64277a597c1cab6027743	C900	unix_ns	1784861678972321713	ns
c3-timing-event-v1	C3	asyncs	measured	262144	579	1	79ac93e8f0c44554ac93e8f0c455546f	C010	unix_ns	1784861678989275890	ns
c3-timing-event-v1	C3	asyncs	measured	262144	579	1	79ac93e8f0c44554ac93e8f0c455546f	C800	unix_ns	1784861679254075447	ns
c3-timing-event-v1	C3	asyncs	measured	262144	579	1	79ac93e8f0c44554ac93e8f0c455546f	C900	unix_ns	1784861679278630217	ns
c3-timing-event-v1	C3	asyncs	measured	1048576	580	1	5d6e5fb9470546ddae5fb9470506dd61	C010	unix_ns	1784861679307380232	ns
c3-timing-event-v1	C3	asyncs	measured	1048576	580	1	5d6e5fb9470546ddae5fb9470506dd61	C800	unix_ns	1784861680228877263	ns
c3-timing-event-v1	C3	asyncs	measured	1048576	580	1	5d6e5fb9470546ddae5fb9470506dd61	C900	unix_ns	1784861680284919082	ns
c3-timing-event-v1	C3	asyncs	measured	4194304	581	1	387cef92cea344fbbcef92cea334fbe9	C010	unix_ns	1784861680362935217	ns
c3-timing-event-v1	C3	asyncs	measured	4194304	581	1	387cef92cea344fbbcef92cea334fbe9	C800	unix_ns	1784861684089631013	ns
c3-timing-event-v1	C3	asyncs	measured	4194304	581	1	387cef92cea344fbbcef92cea334fbe9	C900	unix_ns	1784861684351040553	ns
c3-timing-event-v1	C3	asyncs	measured	1024	582	1	3183a267397444ba83a267397424ba63	C010	unix_ns	1784861684430117145	ns
c3-timing-event-v1	C3	asyncs	measured	1024	582	1	3183a267397444ba83a267397424ba63	C800	unix_ns	1784861684457925697	ns
c3-timing-event-v1	C3	asyncs	measured	1024	582	1	3183a267397444ba83a267397424ba63	C900	unix_ns	1784861684468578079	ns
c3-timing-event-v1	C3	asyncs	measured	4096	583	1	ed94b53d40e24e9894b53d40e22e984c	C010	unix_ns	1784861684485112463	ns
c3-timing-event-v1	C3	asyncs	measured	4096	583	1	ed94b53d40e24e9894b53d40e22e984c	C800	unix_ns	1784861684511545526	ns
c3-timing-event-v1	C3	asyncs	measured	4096	583	1	ed94b53d40e24e9894b53d40e22e984c	C900	unix_ns	1784861684525462094	ns
c3-timing-event-v1	C3	asyncs	measured	16384	584	1	31942ffbdc6f4b08942ffbdc6ffb08d2	C010	unix_ns	1784861684540337781	ns
c3-timing-event-v1	C3	asyncs	measured	16384	584	1	31942ffbdc6f4b08942ffbdc6ffb08d2	C800	unix_ns	1784861684586326956	ns
c3-timing-event-v1	C3	asyncs	measured	16384	584	1	31942ffbdc6f4b08942ffbdc6ffb08d2	C900	unix_ns	1784861684803849837	ns
c3-timing-event-v1	C3	asyncs	measured	65536	585	1	eebdb1c5fa5147a5bdb1c5fa5187a505	C010	unix_ns	1784861684818775700	ns
c3-timing-event-v1	C3	asyncs	measured	65536	585	1	eebdb1c5fa5147a5bdb1c5fa5187a505	C800	unix_ns	1784861684900399467	ns
c3-timing-event-v1	C3	asyncs	measured	65536	585	1	eebdb1c5fa5147a5bdb1c5fa5187a505	C900	unix_ns	1784861684909478648	ns
c3-timing-event-v1	C3	asyncs	measured	262144	586	1	48adec5480234e37adec5480232e37de	C010	unix_ns	1784861684926550668	ns
c3-timing-event-v1	C3	asyncs	measured	262144	586	1	48adec5480234e37adec5480232e37de	C800	unix_ns	1784861685255633742	ns
c3-timing-event-v1	C3	asyncs	measured	262144	586	1	48adec5480234e37adec5480232e37de	C900	unix_ns	1784861685276584059	ns
c3-timing-event-v1	C3	asyncs	measured	1048576	587	1	c369900f2acf4da6a9900f2acf4da6cb	C010	unix_ns	1784861685308126009	ns
c3-timing-event-v1	C3	asyncs	measured	1048576	587	1	c369900f2acf4da6a9900f2acf4da6cb	C800	unix_ns	1784861686251669132	ns
c3-timing-event-v1	C3	asyncs	measured	1048576	587	1	c369900f2acf4da6a9900f2acf4da6cb	C900	unix_ns	1784861686317900488	ns
c3-timing-event-v1	C3	asyncs	measured	4194304	588	1	93f5451ba58a4422b5451ba58a34220a	C010	unix_ns	1784861686396401390	ns
c3-timing-event-v1	C3	asyncs	measured	4194304	588	1	93f5451ba58a4422b5451ba58a34220a	C800	unix_ns	1784861690087226485	ns
c3-timing-event-v1	C3	asyncs	measured	4194304	588	1	93f5451ba58a4422b5451ba58a34220a	C900	unix_ns	1784861690346920953	ns
c3-timing-event-v1	C3	asyncs	measured	1024	589	1	c54637fa7d8e4f148637fa7d8e2f146b	C010	unix_ns	1784861690427986929	ns
c3-timing-event-v1	C3	asyncs	measured	1024	589	1	c54637fa7d8e4f148637fa7d8e2f146b	C800	unix_ns	1784861690449935928	ns
c3-timing-event-v1	C3	asyncs	measured	1024	589	1	c54637fa7d8e4f148637fa7d8e2f146b	C900	unix_ns	1784861690462195755	ns
c3-timing-event-v1	C3	asyncs	measured	4096	590	1	870d859e696f42f18d859e696f32f156	C010	unix_ns	1784861690492198232	ns
c3-timing-event-v1	C3	asyncs	measured	4096	590	1	870d859e696f42f18d859e696f32f156	C800	unix_ns	1784861690515291253	ns
c3-timing-event-v1	C3	asyncs	measured	4096	590	1	870d859e696f42f18d859e696f32f156	C900	unix_ns	1784861690530167419	ns
c3-timing-event-v1	C3	asyncs	measured	16384	591	1	b85c5a56289745419c5a562897e54129	C010	unix_ns	1784861690552545329	ns
c3-timing-event-v1	C3	asyncs	measured	16384	591	1	b85c5a56289745419c5a562897e54129	C800	unix_ns	1784861690624634705	ns
c3-timing-event-v1	C3	asyncs	measured	16384	591	1	b85c5a56289745419c5a562897e54129	C900	unix_ns	1784861690638119436	ns
c3-timing-event-v1	C3	asyncs	measured	65536	592	1	d1d97a007c50464a997a007c50e64a00	C010	unix_ns	1784861690664667650	ns
c3-timing-event-v1	C3	asyncs	measured	65536	592	1	d1d97a007c50464a997a007c50e64a00	C800	unix_ns	1784861690748781469	ns
c3-timing-event-v1	C3	asyncs	measured	65536	592	1	d1d97a007c50464a997a007c50e64a00	C900	unix_ns	1784861690758446399	ns
c3-timing-event-v1	C3	asyncs	measured	262144	593	1	43e3773b0a6a4552a3773b0a6ac5522d	C010	unix_ns	1784861690776283714	ns
c3-timing-event-v1	C3	asyncs	measured	262144	593	1	43e3773b0a6a4552a3773b0a6ac5522d	C800	unix_ns	1784861691058264058	ns
c3-timing-event-v1	C3	asyncs	measured	262144	593	1	43e3773b0a6a4552a3773b0a6ac5522d	C900	unix_ns	1784861691080944797	ns
c3-timing-event-v1	C3	asyncs	measured	1048576	594	1	13aa750c1c89496eaa750c1c89796e00	C010	unix_ns	1784861691108211116	ns
c3-timing-event-v1	C3	asyncs	measured	1048576	594	1	13aa750c1c89496eaa750c1c89796e00	C800	unix_ns	1784861692095342700	ns
c3-timing-event-v1	C3	asyncs	measured	1048576	594	1	13aa750c1c89496eaa750c1c89796e00	C900	unix_ns	1784861692149799510	ns
c3-timing-event-v1	C3	asyncs	measured	4194304	595	1	cff62737dc854261b62737dc85326183	C010	unix_ns	1784861692226503918	ns
c3-timing-event-v1	C3	asyncs	measured	4194304	595	1	cff62737dc854261b62737dc85326183	C800	unix_ns	1784861696111201966	ns
c3-timing-event-v1	C3	asyncs	measured	4194304	595	1	cff62737dc854261b62737dc85326183	C900	unix_ns	1784861696395841227	ns
c3-timing-event-v1	C3	asyncs	measured	1024	596	1	5ecb824a502940458b824a502990455c	C010	unix_ns	1784861696475703418	ns
c3-timing-event-v1	C3	asyncs	measured	1024	596	1	5ecb824a502940458b824a502990455c	C800	unix_ns	1784861696509239265	ns
c3-timing-event-v1	C3	asyncs	measured	1024	596	1	5ecb824a502940458b824a502990455c	C900	unix_ns	1784861696733318650	ns
c3-timing-event-v1	C3	asyncs	measured	4096	597	1	cc303763529943c8b037635299b3c8f1	C010	unix_ns	1784861696749549242	ns
c3-timing-event-v1	C3	asyncs	measured	4096	597	1	cc303763529943c8b037635299b3c8f1	C800	unix_ns	1784861696772953592	ns
c3-timing-event-v1	C3	asyncs	measured	4096	597	1	cc303763529943c8b037635299b3c8f1	C900	unix_ns	1784861696985470869	ns
c3-timing-event-v1	C3	asyncs	measured	16384	598	1	db13be62d05546d093be62d05586d00a	C010	unix_ns	1784861696999642254	ns
c3-timing-event-v1	C3	asyncs	measured	16384	598	1	db13be62d05546d093be62d05586d00a	C800	unix_ns	1784861697034361363	ns
c3-timing-event-v1	C3	asyncs	measured	16384	598	1	db13be62d05546d093be62d05586d00a	C900	unix_ns	1784861697248816268	ns
c3-timing-event-v1	C3	asyncs	measured	65536	599	1	a27b8b1f53834a88bb8b1f53831a8892	C010	unix_ns	1784861697263611036	ns
c3-timing-event-v1	C3	asyncs	measured	65536	599	1	a27b8b1f53834a88bb8b1f53831a8892	C800	unix_ns	1784861697343761895	ns
c3-timing-event-v1	C3	asyncs	measured	65536	599	1	a27b8b1f53834a88bb8b1f53831a8892	C900	unix_ns	1784861697353226509	ns
c3-timing-event-v1	C3	asyncs	measured	262144	600	1	2c2f1d6fb4764f99af1d6fb476af9906	C010	unix_ns	1784861697370177924	ns
c3-timing-event-v1	C3	asyncs	measured	262144	600	1	2c2f1d6fb4764f99af1d6fb476af9906	C800	unix_ns	1784861697690782444	ns
c3-timing-event-v1	C3	asyncs	measured	262144	600	1	2c2f1d6fb4764f99af1d6fb476af9906	C900	unix_ns	1784861697709619423	ns
c3-timing-event-v1	C3	asyncs	measured	1048576	601	1	a7981baa0c2a436f981baa0c2ac36fcf	C010	unix_ns	1784861697737388834	ns
c3-timing-event-v1	C3	asyncs	measured	1048576	601	1	a7981baa0c2a436f981baa0c2ac36fcf	C800	unix_ns	1784861698662220122	ns
c3-timing-event-v1	C3	asyncs	measured	1048576	601	1	a7981baa0c2a436f981baa0c2ac36fcf	C900	unix_ns	1784861698726560958	ns
c3-timing-event-v1	C3	asyncs	measured	4194304	602	1	1a923551f4b44011923551f4b4f0112a	C010	unix_ns	1784861698801944914	ns
c3-timing-event-v1	C3	asyncs	measured	4194304	602	1	1a923551f4b44011923551f4b4f0112a	C800	unix_ns	1784861702518688725	ns
c3-timing-event-v1	C3	asyncs	measured	4194304	602	1	1a923551f4b44011923551f4b4f0112a	C900	unix_ns	1784861702758691830	ns
c3-timing-event-v1	C3	asyncs	measured	1024	603	1	0b267eb52e40448ea67eb52e40a48e56	C010	unix_ns	1784861702842514182	ns
c3-timing-event-v1	C3	asyncs	measured	1024	603	1	0b267eb52e40448ea67eb52e40a48e56	C800	unix_ns	1784861702870257351	ns
c3-timing-event-v1	C3	asyncs	measured	1024	603	1	0b267eb52e40448ea67eb52e40a48e56	C900	unix_ns	1784861702878211881	ns
c3-timing-event-v1	C3	asyncs	measured	4096	604	1	028207eb589f4e778207eb589f6e77da	C010	unix_ns	1784861702898257779	ns
c3-timing-event-v1	C3	asyncs	measured	4096	604	1	028207eb589f4e778207eb589f6e77da	C800	unix_ns	1784861702921616936	ns
c3-timing-event-v1	C3	asyncs	measured	4096	604	1	028207eb589f4e778207eb589f6e77da	C900	unix_ns	1784861702932030952	ns
c3-timing-event-v1	C3	asyncs	measured	16384	605	1	13931a6776374471931a677637747155	C010	unix_ns	1784861702946174620	ns
c3-timing-event-v1	C3	asyncs	measured	16384	605	1	13931a6776374471931a677637747155	C800	unix_ns	1784861702981803079	ns
c3-timing-event-v1	C3	asyncs	measured	16384	605	1	13931a6776374471931a677637747155	C900	unix_ns	1784861702988667513	ns
c3-timing-event-v1	C3	asyncs	measured	65536	606	1	d075c0222e1d4b5db5c0222e1d7b5db8	C010	unix_ns	1784861703004073523	ns
c3-timing-event-v1	C3	asyncs	measured	65536	606	1	d075c0222e1d4b5db5c0222e1d7b5db8	C800	unix_ns	1784861703081872293	ns
c3-timing-event-v1	C3	asyncs	measured	65536	606	1	d075c0222e1d4b5db5c0222e1d7b5db8	C900	unix_ns	1784861703091179099	ns
c3-timing-event-v1	C3	asyncs	measured	262144	607	1	dc2674d71dbb4124a674d71dbb3124b7	C010	unix_ns	1784861703108136911	ns
c3-timing-event-v1	C3	asyncs	measured	262144	607	1	dc2674d71dbb4124a674d71dbb3124b7	C800	unix_ns	1784861703388508431	ns
c3-timing-event-v1	C3	asyncs	measured	262144	607	1	dc2674d71dbb4124a674d71dbb3124b7	C900	unix_ns	1784861703411066417	ns
c3-timing-event-v1	C3	asyncs	measured	1048576	608	1	175339bb320a41dc9339bb320a51dcc8	C010	unix_ns	1784861703438719352	ns
c3-timing-event-v1	C3	asyncs	measured	1048576	608	1	175339bb320a41dc9339bb320a51dcc8	C800	unix_ns	1784861704361063661	ns
c3-timing-event-v1	C3	asyncs	measured	1048576	608	1	175339bb320a41dc9339bb320a51dcc8	C900	unix_ns	1784861704414333834	ns
c3-timing-event-v1	C3	asyncs	measured	4194304	609	1	ed72d771e85240deb2d771e852c0de03	C010	unix_ns	1784861704489650726	ns
c3-timing-event-v1	C3	asyncs	measured	4194304	609	1	ed72d771e85240deb2d771e852c0de03	C800	unix_ns	1784861708334586787	ns
c3-timing-event-v1	C3	asyncs	measured	4194304	609	1	ed72d771e85240deb2d771e852c0de03	C900	unix_ns	1784861708623238754	ns
c3-timing-event-v1	C3	asyncs	measured	1024	610	1	df57f5882fc34a0997f5882fc35a09af	C010	unix_ns	1784861708789763059	ns
c3-timing-event-v1	C3	asyncs	measured	1024	610	1	df57f5882fc34a0997f5882fc35a09af	C800	unix_ns	1784861708831432694	ns
c3-timing-event-v1	C3	asyncs	measured	1024	610	1	df57f5882fc34a0997f5882fc35a09af	C900	unix_ns	1784861708840841826	ns
c3-timing-event-v1	C3	asyncs	measured	4096	611	1	fb1a3aa885354e389a3aa885352e38ec	C010	unix_ns	1784861708879443894	ns
c3-timing-event-v1	C3	asyncs	measured	4096	611	1	fb1a3aa885354e389a3aa885352e38ec	C800	unix_ns	1784861708910166521	ns
c3-timing-event-v1	C3	asyncs	measured	4096	611	1	fb1a3aa885354e389a3aa885352e38ec	C900	unix_ns	1784861708916973489	ns
c3-timing-event-v1	C3	asyncs	measured	16384	612	1	506ecb72db6f4500aecb72db6f450089	C010	unix_ns	1784861708969544375	ns
c3-timing-event-v1	C3	asyncs	measured	16384	612	1	506ecb72db6f4500aecb72db6f450089	C800	unix_ns	1784861709007508946	ns
c3-timing-event-v1	C3	asyncs	measured	16384	612	1	506ecb72db6f4500aecb72db6f450089	C900	unix_ns	1784861709014909977	ns
c3-timing-event-v1	C3	asyncs	measured	65536	613	1	a77f9680a2494feabf9680a2490feac9	C010	unix_ns	1784861709039583643	ns
c3-timing-event-v1	C3	asyncs	measured	65536	613	1	a77f9680a2494feabf9680a2490feac9	C800	unix_ns	1784861709125142150	ns
c3-timing-event-v1	C3	asyncs	measured	65536	613	1	a77f9680a2494feabf9680a2490feac9	C900	unix_ns	1784861709341918657	ns
c3-timing-event-v1	C3	asyncs	measured	262144	614	1	34d569f54e6440919569f54e64e0919e	C010	unix_ns	1784861709401189571	ns
c3-timing-event-v1	C3	asyncs	measured	262144	614	1	34d569f54e6440919569f54e64e0919e	C800	unix_ns	1784861709727239824	ns
c3-timing-event-v1	C3	asyncs	measured	262144	614	1	34d569f54e6440919569f54e64e0919e	C900	unix_ns	1784861709746908963	ns
c3-timing-event-v1	C3	asyncs	measured	1048576	615	1	6e383f75db9145b9b83f75db9125b97a	C010	unix_ns	1784861709864911269	ns
c3-timing-event-v1	C3	asyncs	measured	1048576	615	1	6e383f75db9145b9b83f75db9125b97a	C800	unix_ns	1784861710806785895	ns
c3-timing-event-v1	C3	asyncs	measured	1048576	615	1	6e383f75db9145b9b83f75db9125b97a	C900	unix_ns	1784861710869107694	ns
c3-timing-event-v1	C3	asyncs	measured	4194304	616	1	8e020d1d91674667820d1d916776679d	C010	unix_ns	1784861711175270037	ns
c3-timing-event-v1	C3	asyncs	measured	4194304	616	1	8e020d1d91674667820d1d916776679d	C800	unix_ns	1784861714912488963	ns
c3-timing-event-v1	C3	asyncs	measured	4194304	616	1	8e020d1d91674667820d1d916776679d	C900	unix_ns	1784861715149276349	ns
c3-timing-event-v1	C3	asyncs	measured	1024	617	1	dab4eb439b82413eb4eb439b82213ef6	C010	unix_ns	1784861715370819234	ns
c3-timing-event-v1	C3	asyncs	measured	1024	617	1	dab4eb439b82413eb4eb439b82213ef6	C800	unix_ns	1784861715400335178	ns
c3-timing-event-v1	C3	asyncs	measured	1024	617	1	dab4eb439b82413eb4eb439b82213ef6	C900	unix_ns	1784861715412534133	ns
c3-timing-event-v1	C3	asyncs	measured	4096	618	1	01552b32b5bc46d3952b32b5bc96d336	C010	unix_ns	1784861715471049909	ns
c3-timing-event-v1	C3	asyncs	measured	4096	618	1	01552b32b5bc46d3952b32b5bc96d336	C800	unix_ns	1784861715492808467	ns
c3-timing-event-v1	C3	asyncs	measured	4096	618	1	01552b32b5bc46d3952b32b5bc96d336	C900	unix_ns	1784861715712490689	ns
c3-timing-event-v1	C3	asyncs	measured	16384	619	1	41c2124bb2ee474e82124bb2eef74e2b	C010	unix_ns	1784861715770946065	ns
c3-timing-event-v1	C3	asyncs	measured	16384	619	1	41c2124bb2ee474e82124bb2eef74e2b	C800	unix_ns	1784861715806840118	ns
c3-timing-event-v1	C3	asyncs	measured	16384	619	1	41c2124bb2ee474e82124bb2eef74e2b	C900	unix_ns	1784861716022230195	ns
c3-timing-event-v1	C3	asyncs	measured	65536	620	1	56646fa335eb4a10a46fa335eb9a10b8	C010	unix_ns	1784861716080819059	ns
c3-timing-event-v1	C3	asyncs	measured	65536	620	1	56646fa335eb4a10a46fa335eb9a10b8	C800	unix_ns	1784861716158842641	ns
c3-timing-event-v1	C3	asyncs	measured	65536	620	1	56646fa335eb4a10a46fa335eb9a10b8	C900	unix_ns	1784861716176607112	ns
c3-timing-event-v1	C3	asyncs	measured	262144	621	1	5000b79415784f4f80b7941578ef4f5c	C010	unix_ns	1784861716251765034	ns
c3-timing-event-v1	C3	asyncs	measured	262144	621	1	5000b79415784f4f80b7941578ef4f5c	C800	unix_ns	1784861716561804592	ns
c3-timing-event-v1	C3	asyncs	measured	262144	621	1	5000b79415784f4f80b7941578ef4f5c	C900	unix_ns	1784861716587093962	ns
c3-timing-event-v1	C3	asyncs	measured	1048576	622	1	94a2286d82d547cda2286d82d5c7cdbc	C010	unix_ns	1784861716728242061	ns
c3-timing-event-v1	C3	asyncs	measured	1048576	622	1	94a2286d82d547cda2286d82d5c7cdbc	C800	unix_ns	1784861717704361318	ns
c3-timing-event-v1	C3	asyncs	measured	1048576	622	1	94a2286d82d547cda2286d82d5c7cdbc	C900	unix_ns	1784861717758911028	ns
c3-timing-event-v1	C3	asyncs	measured	4194304	623	1	22596ea376764051996ea3767660514a	C010	unix_ns	1784861718097772883	ns
c3-timing-event-v1	C3	asyncs	measured	4194304	623	1	22596ea376764051996ea3767660514a	C800	unix_ns	1784861721967085191	ns
c3-timing-event-v1	C3	asyncs	measured	4194304	623	1	22596ea376764051996ea3767660514a	C900	unix_ns	1784861722242377910	ns
c3-timing-event-v1	C3	asyncs	measured	1024	624	1	48b928ef6eb54697b928ef6eb52697f9	C010	unix_ns	1784861722329770212	ns
c3-timing-event-v1	C3	asyncs	measured	1024	624	1	48b928ef6eb54697b928ef6eb52697f9	C800	unix_ns	1784861722360031678	ns
c3-timing-event-v1	C3	asyncs	measured	1024	624	1	48b928ef6eb54697b928ef6eb52697f9	C900	unix_ns	1784861722370018506	ns
c3-timing-event-v1	C3	asyncs	measured	4096	625	1	7a872dd959944d9f872dd95994cd9fac	C010	unix_ns	1784861722386860745	ns
c3-timing-event-v1	C3	asyncs	measured	4096	625	1	7a872dd959944d9f872dd95994cd9fac	C800	unix_ns	1784861722409651789	ns
c3-timing-event-v1	C3	asyncs	measured	4096	625	1	7a872dd959944d9f872dd95994cd9fac	C900	unix_ns	1784861722419365804	ns
c3-timing-event-v1	C3	asyncs	measured	16384	626	1	6a085f3d3ce149c1885f3d3ce1d9c162	C010	unix_ns	1784861722434344120	ns
c3-timing-event-v1	C3	asyncs	measured	16384	626	1	6a085f3d3ce149c1885f3d3ce1d9c162	C800	unix_ns	1784861722503896422	ns
c3-timing-event-v1	C3	asyncs	measured	16384	626	1	6a085f3d3ce149c1885f3d3ce1d9c162	C900	unix_ns	1784861722720251013	ns
c3-timing-event-v1	C3	asyncs	measured	65536	627	1	af3baea4e1bb4962bbaea4e1bba9625a	C010	unix_ns	1784861722740621123	ns
c3-timing-event-v1	C3	asyncs	measured	65536	627	1	af3baea4e1bb4962bbaea4e1bba9625a	C800	unix_ns	1784861722825175059	ns
c3-timing-event-v1	C3	asyncs	measured	65536	627	1	af3baea4e1bb4962bbaea4e1bba9625a	C900	unix_ns	1784861722840201313	ns
c3-timing-event-v1	C3	asyncs	measured	262144	628	1	08c8cdfee40c438b88cdfee40c338b5a	C010	unix_ns	1784861722857945453	ns
c3-timing-event-v1	C3	asyncs	measured	262144	628	1	08c8cdfee40c438b88cdfee40c338b5a	C800	unix_ns	1784861723187253529	ns
c3-timing-event-v1	C3	asyncs	measured	262144	628	1	08c8cdfee40c438b88cdfee40c338b5a	C900	unix_ns	1784861723206845000	ns
c3-timing-event-v1	C3	asyncs	measured	1048576	629	1	21818f1cdf1741c9818f1cdf17c1c9df	C010	unix_ns	1784861723235166057	ns
c3-timing-event-v1	C3	asyncs	measured	1048576	629	1	21818f1cdf1741c9818f1cdf17c1c9df	C800	unix_ns	1784861724159750048	ns
c3-timing-event-v1	C3	asyncs	measured	1048576	629	1	21818f1cdf1741c9818f1cdf17c1c9df	C900	unix_ns	1784861724228405946	ns
c3-timing-event-v1	C3	asyncs	measured	4194304	630	1	ee3938ed6d584ef6b938ed6d589ef689	C010	unix_ns	1784861724305955895	ns
c3-timing-event-v1	C3	asyncs	measured	4194304	630	1	ee3938ed6d584ef6b938ed6d589ef689	C800	unix_ns	1784861728046093433	ns
c3-timing-event-v1	C3	asyncs	measured	4194304	630	1	ee3938ed6d584ef6b938ed6d589ef689	C900	unix_ns	1784861728285051594	ns
c3-timing-event-v1	C3	asyncs	measured	1024	631	1	2b785a09047148bcb85a090471f8bca1	C010	unix_ns	1784861728373548348	ns
c3-timing-event-v1	C3	asyncs	measured	1024	631	1	2b785a09047148bcb85a090471f8bca1	C800	unix_ns	1784861728400601521	ns
c3-timing-event-v1	C3	asyncs	measured	1024	631	1	2b785a09047148bcb85a090471f8bca1	C900	unix_ns	1784861728617904931	ns
c3-timing-event-v1	C3	asyncs	measured	4096	632	1	d38e138bdb0149408e138bdb01e940c1	C010	unix_ns	1784861728636119853	ns
c3-timing-event-v1	C3	asyncs	measured	4096	632	1	d38e138bdb0149408e138bdb01e940c1	C800	unix_ns	1784861728666012679	ns
c3-timing-event-v1	C3	asyncs	measured	4096	632	1	d38e138bdb0149408e138bdb01e940c1	C900	unix_ns	1784861728672625178	ns
c3-timing-event-v1	C3	asyncs	measured	16384	633	1	51327586930c4601b27586930c460175	C010	unix_ns	1784861728687894901	ns
c3-timing-event-v1	C3	asyncs	measured	16384	633	1	51327586930c4601b27586930c460175	C800	unix_ns	1784861728725648076	ns
c3-timing-event-v1	C3	asyncs	measured	16384	633	1	51327586930c4601b27586930c460175	C900	unix_ns	1784861728735048667	ns
c3-timing-event-v1	C3	asyncs	measured	65536	634	1	5ff115374ee64595b115374ee6759523	C010	unix_ns	1784861728750757204	ns
c3-timing-event-v1	C3	asyncs	measured	65536	634	1	5ff115374ee64595b115374ee6759523	C800	unix_ns	1784861728830792212	ns
c3-timing-event-v1	C3	asyncs	measured	65536	634	1	5ff115374ee64595b115374ee6759523	C900	unix_ns	1784861728840466945	ns
c3-timing-event-v1	C3	asyncs	measured	262144	635	1	d61fe37e23af4f6d9fe37e23af2f6d70	C010	unix_ns	1784861728858598223	ns
c3-timing-event-v1	C3	asyncs	measured	262144	635	1	d61fe37e23af4f6d9fe37e23af2f6d70	C800	unix_ns	1784861729164206580	ns
c3-timing-event-v1	C3	asyncs	measured	262144	635	1	d61fe37e23af4f6d9fe37e23af2f6d70	C900	unix_ns	1784861729186052292	ns
c3-timing-event-v1	C3	asyncs	measured	1048576	636	1	14f2ebca8d80459bb2ebca8d80859ba0	C010	unix_ns	1784861729213806598	ns
c3-timing-event-v1	C3	asyncs	measured	1048576	636	1	14f2ebca8d80459bb2ebca8d80859ba0	C800	unix_ns	1784861730166652342	ns
c3-timing-event-v1	C3	asyncs	measured	1048576	636	1	14f2ebca8d80459bb2ebca8d80859ba0	C900	unix_ns	1784861730221583402	ns
c3-timing-event-v1	C3	asyncs	measured	4194304	637	1	19e899ecbee241aaa899ecbee271aa83	C010	unix_ns	1784861730303798233	ns
c3-timing-event-v1	C3	asyncs	measured	4194304	637	1	19e899ecbee241aaa899ecbee271aa83	C800	unix_ns	1784861734044062104	ns
c3-timing-event-v1	C3	asyncs	measured	4194304	637	1	19e899ecbee241aaa899ecbee271aa83	C900	unix_ns	1784861734307045704	ns
c3-timing-event-v1	C3	asyncs	measured	1024	638	1	816ad9ffa00f4977aad9ffa00f2977bd	C010	unix_ns	1784861734387570752	ns
c3-timing-event-v1	C3	asyncs	measured	1024	638	1	816ad9ffa00f4977aad9ffa00f2977bd	C800	unix_ns	1784861734421042279	ns
c3-timing-event-v1	C3	asyncs	measured	1024	638	1	816ad9ffa00f4977aad9ffa00f2977bd	C900	unix_ns	1784861734642061207	ns
c3-timing-event-v1	C3	asyncs	measured	4096	639	1	cf384957dc8e4887b84957dc8e68876e	C010	unix_ns	1784861734659871820	ns
c3-timing-event-v1	C3	asyncs	measured	4096	639	1	cf384957dc8e4887b84957dc8e68876e	C800	unix_ns	1784861734689149657	ns
c3-timing-event-v1	C3	asyncs	measured	4096	639	1	cf384957dc8e4887b84957dc8e68876e	C900	unix_ns	1784861734907433927	ns
c3-timing-event-v1	C3	asyncs	measured	16384	640	1	fb2aa41edf834b27aaa41edf838b2757	C010	unix_ns	1784861734922690371	ns
c3-timing-event-v1	C3	asyncs	measured	16384	640	1	fb2aa41edf834b27aaa41edf838b2757	C800	unix_ns	1784861734958191790	ns
c3-timing-event-v1	C3	asyncs	measured	16384	640	1	fb2aa41edf834b27aaa41edf838b2757	C900	unix_ns	1784861735174392053	ns
c3-timing-event-v1	C3	asyncs	measured	65536	641	1	aaa69f821fa94e13a69f821fa90e132c	C010	unix_ns	1784861735190572000	ns
c3-timing-event-v1	C3	asyncs	measured	65536	641	1	aaa69f821fa94e13a69f821fa90e132c	C800	unix_ns	1784861735270855822	ns
c3-timing-event-v1	C3	asyncs	measured	65536	641	1	aaa69f821fa94e13a69f821fa90e132c	C900	unix_ns	1784861735280794987	ns
c3-timing-event-v1	C3	asyncs	measured	262144	642	1	e003625530e34bbf83625530e38bbf89	C010	unix_ns	1784861735298711949	ns
c3-timing-event-v1	C3	asyncs	measured	262144	642	1	e003625530e34bbf83625530e38bbf89	C800	unix_ns	1784861735568654097	ns
c3-timing-event-v1	C3	asyncs	measured	262144	642	1	e003625530e34bbf83625530e38bbf89	C900	unix_ns	1784861735588901132	ns
c3-timing-event-v1	C3	asyncs	measured	1048576	643	1	00a818638f224174a818638f220174af	C010	unix_ns	1784861735617701453	ns
c3-timing-event-v1	C3	asyncs	measured	1048576	643	1	00a818638f224174a818638f220174af	C800	unix_ns	1784861736575970498	ns
c3-timing-event-v1	C3	asyncs	measured	1048576	643	1	00a818638f224174a818638f220174af	C900	unix_ns	1784861736647083071	ns
c3-timing-event-v1	C3	asyncs	measured	4194304	644	1	149e3f92cdd84cd09e3f92cdd80cd0ce	C010	unix_ns	1784861736725980299	ns
c3-timing-event-v1	C3	asyncs	measured	4194304	644	1	149e3f92cdd84cd09e3f92cdd80cd0ce	C800	unix_ns	1784861740482058885	ns
c3-timing-event-v1	C3	asyncs	measured	4194304	644	1	149e3f92cdd84cd09e3f92cdd80cd0ce	C900	unix_ns	1784861740779586677	ns
c3-timing-event-v1	C3	asyncs	measured	1024	645	1	d3de04df971e457f9e04df971e657fa5	C010	unix_ns	1784861740861031203	ns
c3-timing-event-v1	C3	asyncs	measured	1024	645	1	d3de04df971e457f9e04df971e657fa5	C800	unix_ns	1784861740893315666	ns
c3-timing-event-v1	C3	asyncs	measured	1024	645	1	d3de04df971e457f9e04df971e657fa5	C900	unix_ns	1784861740903182231	ns
c3-timing-event-v1	C3	asyncs	measured	4096	646	1	677ee7b44856400cbee7b44856500c76	C010	unix_ns	1784861740921074168	ns
c3-timing-event-v1	C3	asyncs	measured	4096	646	1	677ee7b44856400cbee7b44856500c76	C800	unix_ns	1784861740945950790	ns
c3-timing-event-v1	C3	asyncs	measured	4096	646	1	677ee7b44856400cbee7b44856500c76	C900	unix_ns	1784861741162194851	ns
c3-timing-event-v1	C3	asyncs	measured	16384	647	1	91a82d04aab64aa0a82d04aab60aa090	C010	unix_ns	1784861741177286560	ns
c3-timing-event-v1	C3	asyncs	measured	16384	647	1	91a82d04aab64aa0a82d04aab60aa090	C800	unix_ns	1784861741213620994	ns
c3-timing-event-v1	C3	asyncs	measured	16384	647	1	91a82d04aab64aa0a82d04aab60aa090	C900	unix_ns	1784861741431147789	ns
c3-timing-event-v1	C3	asyncs	measured	65536	648	1	ba5a4adb77dd43889a4adb77dd1388bc	C010	unix_ns	1784861741447301158	ns
c3-timing-event-v1	C3	asyncs	measured	65536	648	1	ba5a4adb77dd43889a4adb77dd1388bc	C800	unix_ns	1784861741539770492	ns
c3-timing-event-v1	C3	asyncs	measured	65536	648	1	ba5a4adb77dd43889a4adb77dd1388bc	C900	unix_ns	1784861741551757517	ns
c3-timing-event-v1	C3	asyncs	measured	262144	649	1	fefe4b7a8683429dbe4b7a8683529ddd	C010	unix_ns	1784861741570612365	ns
c3-timing-event-v1	C3	asyncs	measured	262144	649	1	fefe4b7a8683429dbe4b7a8683529ddd	C800	unix_ns	1784861741848046588	ns
c3-timing-event-v1	C3	asyncs	measured	262144	649	1	fefe4b7a8683429dbe4b7a8683529ddd	C900	unix_ns	1784861741870138689	ns
c3-timing-event-v1	C3	asyncs	measured	1048576	650	1	12232ebab4644643a32ebab464e6432d	C010	unix_ns	1784861741902879891	ns
c3-timing-event-v1	C3	asyncs	measured	1048576	650	1	12232ebab4644643a32ebab464e6432d	C800	unix_ns	1784861742846277057	ns
c3-timing-event-v1	C3	asyncs	measured	1048576	650	1	12232ebab4644643a32ebab464e6432d	C900	unix_ns	1784861742912603274	ns
c3-timing-event-v1	C3	asyncs	measured	4194304	651	1	8c06834f64f3491586834f64f3b915a1	C010	unix_ns	1784861742988541488	ns
c3-timing-event-v1	C3	asyncs	measured	4194304	651	1	8c06834f64f3491586834f64f3b915a1	C800	unix_ns	1784861746695237287	ns
c3-timing-event-v1	C3	asyncs	measured	4194304	651	1	8c06834f64f3491586834f64f3b915a1	C900	unix_ns	1784861746924887183	ns
c3-timing-event-v1	C3	asyncs	measured	1024	652	1	3dd51e819b264612951e819b267612d6	C010	unix_ns	1784861747008513749	ns
c3-timing-event-v1	C3	asyncs	measured	1024	652	1	3dd51e819b264612951e819b267612d6	C800	unix_ns	1784861747035569467	ns
c3-timing-event-v1	C3	asyncs	measured	1024	652	1	3dd51e819b264612951e819b267612d6	C900	unix_ns	1784861747045673501	ns
c3-timing-event-v1	C3	asyncs	measured	4096	653	1	12f4f141b57e4048b4f141b57e70489b	C010	unix_ns	1784861747064568263	ns
c3-timing-event-v1	C3	asyncs	measured	4096	653	1	12f4f141b57e4048b4f141b57e70489b	C800	unix_ns	1784861747086231999	ns
c3-timing-event-v1	C3	asyncs	measured	4096	653	1	12f4f141b57e4048b4f141b57e70489b	C900	unix_ns	1784861747306142894	ns
c3-timing-event-v1	C3	asyncs	measured	16384	654	1	6aee401600d14c5bae401600d10c5b34	C010	unix_ns	1784861747321356304	ns
c3-timing-event-v1	C3	asyncs	measured	16384	654	1	6aee401600d14c5bae401600d10c5b34	C800	unix_ns	1784861747357524000	ns
c3-timing-event-v1	C3	asyncs	measured	16384	654	1	6aee401600d14c5bae401600d10c5b34	C900	unix_ns	1784861747574870453	ns
c3-timing-event-v1	C3	asyncs	measured	65536	655	1	e58e892f033947688e892f0339a768f0	C010	unix_ns	1784861747591736967	ns
c3-timing-event-v1	C3	asyncs	measured	65536	655	1	e58e892f033947688e892f0339a768f0	C800	unix_ns	1784861747680209362	ns
c3-timing-event-v1	C3	asyncs	measured	65536	655	1	e58e892f033947688e892f0339a768f0	C900	unix_ns	1784861747691650420	ns
c3-timing-event-v1	C3	asyncs	measured	262144	656	1	526a68e5d1894e4baa68e5d1899e4b6f	C010	unix_ns	1784861747709708433	ns
c3-timing-event-v1	C3	asyncs	measured	262144	656	1	526a68e5d1894e4baa68e5d1899e4b6f	C800	unix_ns	1784861748011641922	ns
c3-timing-event-v1	C3	asyncs	measured	262144	656	1	526a68e5d1894e4baa68e5d1899e4b6f	C900	unix_ns	1784861748033896189	ns
c3-timing-event-v1	C3	asyncs	measured	1048576	657	1	064351f1f93f4a9e8351f1f93f9a9e4b	C010	unix_ns	1784861748065201037	ns
c3-timing-event-v1	C3	asyncs	measured	1048576	657	1	064351f1f93f4a9e8351f1f93f9a9e4b	C800	unix_ns	1784861749043702089	ns
c3-timing-event-v1	C3	asyncs	measured	1048576	657	1	064351f1f93f4a9e8351f1f93f9a9e4b	C900	unix_ns	1784861749101644434	ns
c3-timing-event-v1	C3	asyncs	measured	4194304	658	1	43ada28730b24bb2ada28730b21bb2d7	C010	unix_ns	1784861749190364400	ns
c3-timing-event-v1	C3	asyncs	measured	4194304	658	1	43ada28730b24bb2ada28730b21bb2d7	C800	unix_ns	1784861753020116795	ns
c3-timing-event-v1	C3	asyncs	measured	4194304	658	1	43ada28730b24bb2ada28730b21bb2d7	C900	unix_ns	1784861753343282529	ns
c3-timing-event-v1	C3	asyncs	measured	1024	659	1	b5fbbf596f3a40eabbbf596f3ae0ea86	C010	unix_ns	1784861753475375487	ns
c3-timing-event-v1	C3	asyncs	measured	1024	659	1	b5fbbf596f3a40eabbbf596f3ae0ea86	C800	unix_ns	1784861753517447735	ns
c3-timing-event-v1	C3	asyncs	measured	1024	659	1	b5fbbf596f3a40eabbbf596f3ae0ea86	C900	unix_ns	1784861753526706054	ns
c3-timing-event-v1	C3	asyncs	measured	4096	660	1	c86111e8b7c0408fa111e8b7c0308fb1	C010	unix_ns	1784861753555105316	ns
c3-timing-event-v1	C3	asyncs	measured	4096	660	1	c86111e8b7c0408fa111e8b7c0308fb1	C800	unix_ns	1784861753584620650	ns
c3-timing-event-v1	C3	asyncs	measured	4096	660	1	c86111e8b7c0408fa111e8b7c0308fb1	C900	unix_ns	1784861753591768474	ns
c3-timing-event-v1	C3	asyncs	measured	16384	661	1	e15dbb0ee7f9433e9dbb0ee7f9633ec4	C010	unix_ns	1784861753635197118	ns
c3-timing-event-v1	C3	asyncs	measured	16384	661	1	e15dbb0ee7f9433e9dbb0ee7f9633ec4	C800	unix_ns	1784861753668219207	ns
c3-timing-event-v1	C3	asyncs	measured	16384	661	1	e15dbb0ee7f9433e9dbb0ee7f9633ec4	C900	unix_ns	1784861753885226408	ns
c3-timing-event-v1	C3	asyncs	measured	65536	662	1	cd997dc997de4a6c997dc997de4a6cb5	C010	unix_ns	1784861753934281045	ns
c3-timing-event-v1	C3	asyncs	measured	65536	662	1	cd997dc997de4a6c997dc997de4a6cb5	C800	unix_ns	1784861754016271653	ns
c3-timing-event-v1	C3	asyncs	measured	65536	662	1	cd997dc997de4a6c997dc997de4a6cb5	C900	unix_ns	1784861754239947200	ns
c3-timing-event-v1	C3	asyncs	measured	262144	663	1	0cdbb666ba4e42d89bb666ba4e82d87f	C010	unix_ns	1784861754296542285	ns
c3-timing-event-v1	C3	asyncs	measured	262144	663	1	0cdbb666ba4e42d89bb666ba4e82d87f	C800	unix_ns	1784861754636363683	ns
c3-timing-event-v1	C3	asyncs	measured	262144	663	1	0cdbb666ba4e42d89bb666ba4e82d87f	C900	unix_ns	1784861754659515625	ns
c3-timing-event-v1	C3	asyncs	measured	1048576	664	1	a1ed53aa6f164d2dad53aa6f161d2deb	C010	unix_ns	1784861754819198809	ns
c3-timing-event-v1	C3	asyncs	measured	1048576	664	1	a1ed53aa6f164d2dad53aa6f161d2deb	C800	unix_ns	1784861755772520511	ns
c3-timing-event-v1	C3	asyncs	measured	1048576	664	1	a1ed53aa6f164d2dad53aa6f161d2deb	C900	unix_ns	1784861755825627487	ns
c3-timing-event-v1	C3	asyncs	measured	4194304	665	1	f9a2abda01ac4981a2abda01ac1981ec	C010	unix_ns	1784861756282688467	ns
c3-timing-event-v1	C3	asyncs	measured	4194304	665	1	f9a2abda01ac4981a2abda01ac1981ec	C800	unix_ns	1784861760059485610	ns
c3-timing-event-v1	C3	asyncs	measured	4194304	665	1	f9a2abda01ac4981a2abda01ac1981ec	C900	unix_ns	1784861760382541086	ns
c3-timing-event-v1	C3	asyncs	measured	1024	666	1	31593ebe47044601993ebe4704e601d1	C010	unix_ns	1784861760653484644	ns
c3-timing-event-v1	C3	asyncs	measured	1024	666	1	31593ebe47044601993ebe4704e601d1	C800	unix_ns	1784861760684738791	ns
c3-timing-event-v1	C3	asyncs	measured	1024	666	1	31593ebe47044601993ebe4704e601d1	C900	unix_ns	1784861760695708101	ns
c3-timing-event-v1	C3	asyncs	measured	4096	667	1	bc9266c7522a42949266c7522a82942f	C010	unix_ns	1784861760753073801	ns
c3-timing-event-v1	C3	asyncs	measured	4096	667	1	bc9266c7522a42949266c7522a82942f	C800	unix_ns	1784861760780207983	ns
c3-timing-event-v1	C3	asyncs	measured	4096	667	1	bc9266c7522a42949266c7522a82942f	C900	unix_ns	1784861760786360545	ns
c3-timing-event-v1	C3	asyncs	measured	16384	668	1	262ad9ff829a4d38aad9ff829a2d38c5	C010	unix_ns	1784861760833935407	ns
c3-timing-event-v1	C3	asyncs	measured	16384	668	1	262ad9ff829a4d38aad9ff829a2d38c5	C800	unix_ns	1784861760865702035	ns
c3-timing-event-v1	C3	asyncs	measured	16384	668	1	262ad9ff829a4d38aad9ff829a2d38c5	C900	unix_ns	1784861760873951327	ns
c3-timing-event-v1	C3	asyncs	measured	65536	669	1	fb41ed36be1d4cb781ed36be1d8cb7e8	C010	unix_ns	1784861760933426625	ns
c3-timing-event-v1	C3	asyncs	measured	65536	669	1	fb41ed36be1d4cb781ed36be1d8cb7e8	C800	unix_ns	1784861761010772817	ns
c3-timing-event-v1	C3	asyncs	measured	65536	669	1	fb41ed36be1d4cb781ed36be1d8cb7e8	C900	unix_ns	1784861761024208974	ns
c3-timing-event-v1	C3	asyncs	measured	262144	670	1	6a3e6909c47a4bffbe6909c47a9bffcb	C010	unix_ns	1784861761085430419	ns
c3-timing-event-v1	C3	asyncs	measured	262144	670	1	6a3e6909c47a4bffbe6909c47a9bffcb	C800	unix_ns	1784861761429705202	ns
c3-timing-event-v1	C3	asyncs	measured	262144	670	1	6a3e6909c47a4bffbe6909c47a9bffcb	C900	unix_ns	1784861761456034578	ns
c3-timing-event-v1	C3	asyncs	measured	1048576	671	1	b4bf9093801c4e6ebf9093801c7e6ed0	C010	unix_ns	1784861761598624934	ns
c3-timing-event-v1	C3	asyncs	measured	1048576	671	1	b4bf9093801c4e6ebf9093801c7e6ed0	C800	unix_ns	1784861762585701761	ns
c3-timing-event-v1	C3	asyncs	measured	1048576	671	1	b4bf9093801c4e6ebf9093801c7e6ed0	C900	unix_ns	1784861762643214615	ns
c3-timing-event-v1	C3	asyncs	measured	4194304	672	1	d220e37ae3314ad1a0e37ae3316ad195	C010	unix_ns	1784861763118763253	ns
c3-timing-event-v1	C3	asyncs	measured	4194304	672	1	d220e37ae3314ad1a0e37ae3316ad195	C800	unix_ns	1784861767042442041	ns
c3-timing-event-v1	C3	asyncs	measured	4194304	672	1	d220e37ae3314ad1a0e37ae3316ad195	C900	unix_ns	1784861767322913845	ns
c3-timing-event-v1	C3	asyncs	measured	1024	673	1	6f7060de9d224052b060de9d22f052c8	C010	unix_ns	1784861767522681304	ns
c3-timing-event-v1	C3	asyncs	measured	1024	673	1	6f7060de9d224052b060de9d22f052c8	C800	unix_ns	1784861767560815138	ns
c3-timing-event-v1	C3	asyncs	measured	1024	673	1	6f7060de9d224052b060de9d22f052c8	C900	unix_ns	1784861767573494381	ns
c3-timing-event-v1	C3	asyncs	measured	4096	674	1	6a9d61b1f45d474b9d61b1f45dc74b8f	C010	unix_ns	1784861767603560245	ns
c3-timing-event-v1	C3	asyncs	measured	4096	674	1	6a9d61b1f45d474b9d61b1f45dc74b8f	C800	unix_ns	1784861767631941153	ns
c3-timing-event-v1	C3	asyncs	measured	4096	674	1	6a9d61b1f45d474b9d61b1f45dc74b8f	C900	unix_ns	1784861767847367626	ns
c3-timing-event-v1	C3	asyncs	measured	16384	675	1	d644b65ed035454f84b65ed035954ffa	C010	unix_ns	1784861767874623926	ns
c3-timing-event-v1	C3	asyncs	measured	16384	675	1	d644b65ed035454f84b65ed035954ffa	C800	unix_ns	1784861767919667420	ns
c3-timing-event-v1	C3	asyncs	measured	16384	675	1	d644b65ed035454f84b65ed035954ffa	C900	unix_ns	1784861767936331226	ns
c3-timing-event-v1	C3	asyncs	measured	65536	676	1	58ba1bb8db0d439fba1bb8db0dd39f70	C010	unix_ns	1784861767974932524	ns
c3-timing-event-v1	C3	asyncs	measured	65536	676	1	58ba1bb8db0d439fba1bb8db0dd39f70	C800	unix_ns	1784861768059122748	ns
c3-timing-event-v1	C3	asyncs	measured	65536	676	1	58ba1bb8db0d439fba1bb8db0dd39f70	C900	unix_ns	1784861768072812630	ns
c3-timing-event-v1	C3	asyncs	measured	262144	677	1	cc34d8c22e9a4032b4d8c22e9ac03267	C010	unix_ns	1784861768107582030	ns
c3-timing-event-v1	C3	asyncs	measured	262144	677	1	cc34d8c22e9a4032b4d8c22e9ac03267	C800	unix_ns	1784861768427466145	ns
c3-timing-event-v1	C3	asyncs	measured	262144	677	1	cc34d8c22e9a4032b4d8c22e9ac03267	C900	unix_ns	1784861768449267944	ns
c3-timing-event-v1	C3	asyncs	measured	1048576	678	1	19ce700085e544a28e700085e5f4a236	C010	unix_ns	1784861768512600999	ns
c3-timing-event-v1	C3	asyncs	measured	1048576	678	1	19ce700085e544a28e700085e5f4a236	C800	unix_ns	1784861769443493142	ns
c3-timing-event-v1	C3	asyncs	measured	1048576	678	1	19ce700085e544a28e700085e5f4a236	C900	unix_ns	1784861769513602192	ns
c3-timing-event-v1	C3	asyncs	measured	4194304	679	1	afc2433fc7e9491d82433fc7e9291d1a	C010	unix_ns	1784861769593529960	ns
c3-timing-event-v1	C3	asyncs	measured	4194304	679	1	afc2433fc7e9491d82433fc7e9291d1a	C800	unix_ns	1784861773317579791	ns
c3-timing-event-v1	C3	asyncs	measured	4194304	679	1	afc2433fc7e9491d82433fc7e9291d1a	C900	unix_ns	1784861773552071726	ns
c3-timing-event-v1	C3	asyncs	measured	1024	680	1	e4c645ea58ad43b08645ea58adc3b079	C010	unix_ns	1784861773635922453	ns
c3-timing-event-v1	C3	asyncs	measured	1024	680	1	e4c645ea58ad43b08645ea58adc3b079	C800	unix_ns	1784861773668235429	ns
c3-timing-event-v1	C3	asyncs	measured	1024	680	1	e4c645ea58ad43b08645ea58adc3b079	C900	unix_ns	1784861773676158321	ns
c3-timing-event-v1	C3	asyncs	measured	4096	681	1	82cc32c3d20946c88c32c3d20946c821	C010	unix_ns	1784861773693893831	ns
c3-timing-event-v1	C3	asyncs	measured	4096	681	1	82cc32c3d20946c88c32c3d20946c821	C800	unix_ns	1784861773719445364	ns
c3-timing-event-v1	C3	asyncs	measured	4096	681	1	82cc32c3d20946c88c32c3d20946c821	C900	unix_ns	1784861773726330693	ns
c3-timing-event-v1	C3	asyncs	measured	16384	682	1	2eaf8c7d2cee416faf8c7d2cee916fc4	C010	unix_ns	1784861773742188325	ns
c3-timing-event-v1	C3	asyncs	measured	16384	682	1	2eaf8c7d2cee416faf8c7d2cee916fc4	C800	unix_ns	1784861773773830303	ns
c3-timing-event-v1	C3	asyncs	measured	16384	682	1	2eaf8c7d2cee416faf8c7d2cee916fc4	C900	unix_ns	1784861773989892158	ns
c3-timing-event-v1	C3	asyncs	measured	65536	683	1	6e9f18c2d0ef454f9f18c2d0ef454f24	C010	unix_ns	1784861774009746266	ns
c3-timing-event-v1	C3	asyncs	measured	65536	683	1	6e9f18c2d0ef454f9f18c2d0ef454f24	C800	unix_ns	1784861774098779346	ns
c3-timing-event-v1	C3	asyncs	measured	65536	683	1	6e9f18c2d0ef454f9f18c2d0ef454f24	C900	unix_ns	1784861774111828748	ns
c3-timing-event-v1	C3	asyncs	measured	262144	684	1	e6402eda262647e8802eda262617e8a0	C010	unix_ns	1784861774130748442	ns
c3-timing-event-v1	C3	asyncs	measured	262144	684	1	e6402eda262647e8802eda262617e8a0	C800	unix_ns	1784861774467839084	ns
c3-timing-event-v1	C3	asyncs	measured	262144	684	1	e6402eda262647e8802eda262617e8a0	C900	unix_ns	1784861774495936713	ns
c3-timing-event-v1	C3	asyncs	measured	1048576	685	1	f5e036e8e3074a56a036e8e307fa5607	C010	unix_ns	1784861774525940817	ns
c3-timing-event-v1	C3	asyncs	measured	1048576	685	1	f5e036e8e3074a56a036e8e307fa5607	C800	unix_ns	1784861775484842870	ns
c3-timing-event-v1	C3	asyncs	measured	1048576	685	1	f5e036e8e3074a56a036e8e307fa5607	C900	unix_ns	1784861775539335470	ns
c3-timing-event-v1	C3	asyncs	measured	4194304	686	1	6660db99d88a4b26a0db99d88a7b260f	C010	unix_ns	1784861775621459527	ns
c3-timing-event-v1	C3	asyncs	measured	4194304	686	1	6660db99d88a4b26a0db99d88a7b260f	C800	unix_ns	1784861779479666158	ns
c3-timing-event-v1	C3	asyncs	measured	4194304	686	1	6660db99d88a4b26a0db99d88a7b260f	C900	unix_ns	1784861779750930222	ns
c3-timing-event-v1	C3	asyncs	measured	1024	687	1	09b24fb9f95e4e43b24fb9f95eae431e	C010	unix_ns	1784861779832730773	ns
c3-timing-event-v1	C3	asyncs	measured	1024	687	1	09b24fb9f95e4e43b24fb9f95eae431e	C800	unix_ns	1784861779863439805	ns
c3-timing-event-v1	C3	asyncs	measured	1024	687	1	09b24fb9f95e4e43b24fb9f95eae431e	C900	unix_ns	1784861779876566727	ns
c3-timing-event-v1	C3	asyncs	measured	4096	688	1	ae0605838ac141288605838ac141289a	C010	unix_ns	1784861779898824282	ns
c3-timing-event-v1	C3	asyncs	measured	4096	688	1	ae0605838ac141288605838ac141289a	C800	unix_ns	1784861779925278448	ns
c3-timing-event-v1	C3	asyncs	measured	4096	688	1	ae0605838ac141288605838ac141289a	C900	unix_ns	1784861779936333490	ns
c3-timing-event-v1	C3	asyncs	measured	16384	689	1	fa15f80210de4da095f80210deeda0ac	C010	unix_ns	1784861779967027342	ns
c3-timing-event-v1	C3	asyncs	measured	16384	689	1	fa15f80210de4da095f80210deeda0ac	C800	unix_ns	1784861780001979275	ns
c3-timing-event-v1	C3	asyncs	measured	16384	689	1	fa15f80210de4da095f80210deeda0ac	C900	unix_ns	1784861780016244730	ns
c3-timing-event-v1	C3	asyncs	measured	65536	690	1	af9cbd760b6d402d9cbd760b6d802de9	C010	unix_ns	1784861780033069135	ns
c3-timing-event-v1	C3	asyncs	measured	65536	690	1	af9cbd760b6d402d9cbd760b6d802de9	C800	unix_ns	1784861780119751954	ns
c3-timing-event-v1	C3	asyncs	measured	65536	690	1	af9cbd760b6d402d9cbd760b6d802de9	C900	unix_ns	1784861780129665833	ns
c3-timing-event-v1	C3	asyncs	measured	262144	691	1	778a27b30eea48028a27b30eea6802af	C010	unix_ns	1784861780148643651	ns
c3-timing-event-v1	C3	asyncs	measured	262144	691	1	778a27b30eea48028a27b30eea6802af	C800	unix_ns	1784861780483881295	ns
c3-timing-event-v1	C3	asyncs	measured	262144	691	1	778a27b30eea48028a27b30eea6802af	C900	unix_ns	1784861780502081306	ns
c3-timing-event-v1	C3	asyncs	measured	1048576	692	1	10107ea46ffb476e907ea46ffbb76e0a	C010	unix_ns	1784861780533369567	ns
c3-timing-event-v1	C3	asyncs	measured	1048576	692	1	10107ea46ffb476e907ea46ffbb76e0a	C800	unix_ns	1784861781460426870	ns
c3-timing-event-v1	C3	asyncs	measured	1048576	692	1	10107ea46ffb476e907ea46ffbb76e0a	C900	unix_ns	1784861781521216699	ns
c3-timing-event-v1	C3	asyncs	measured	4194304	693	1	3809ca1b5755426689ca1b5755926679	C010	unix_ns	1784861781599191290	ns
c3-timing-event-v1	C3	asyncs	measured	4194304	693	1	3809ca1b5755426689ca1b5755926679	C800	unix_ns	1784861785331843815	ns
c3-timing-event-v1	C3	asyncs	measured	4194304	693	1	3809ca1b5755426689ca1b5755926679	C900	unix_ns	1784861785575107868	ns
c3-timing-event-v1	C3	asyncs	measured	1024	694	1	7b07a13d0e4b45a987a13d0e4ba5a93d	C010	unix_ns	1784861785658162407	ns
c3-timing-event-v1	C3	asyncs	measured	1024	694	1	7b07a13d0e4b45a987a13d0e4ba5a93d	C800	unix_ns	1784861785680723466	ns
c3-timing-event-v1	C3	asyncs	measured	1024	694	1	7b07a13d0e4b45a987a13d0e4ba5a93d	C900	unix_ns	1784861785689024076	ns
c3-timing-event-v1	C3	asyncs	measured	4096	695	1	f4b020563f1446fbb020563f14e6fb4f	C010	unix_ns	1784861785707747122	ns
c3-timing-event-v1	C3	asyncs	measured	4096	695	1	f4b020563f1446fbb020563f14e6fb4f	C800	unix_ns	1784861785729248052	ns
c3-timing-event-v1	C3	asyncs	measured	4096	695	1	f4b020563f1446fbb020563f14e6fb4f	C900	unix_ns	1784861785737465671	ns
c3-timing-event-v1	C3	asyncs	measured	16384	696	1	7a413c302ab24721813c302ab2f72152	C010	unix_ns	1784861785753596574	ns
c3-timing-event-v1	C3	asyncs	measured	16384	696	1	7a413c302ab24721813c302ab2f72152	C800	unix_ns	1784861785795078375	ns
c3-timing-event-v1	C3	asyncs	measured	16384	696	1	7a413c302ab24721813c302ab2f72152	C900	unix_ns	1784861785805126078	ns
c3-timing-event-v1	C3	asyncs	measured	65536	697	1	193f301a099e4b9ebf301a099edb9e8f	C010	unix_ns	1784861785821799492	ns
c3-timing-event-v1	C3	asyncs	measured	65536	697	1	193f301a099e4b9ebf301a099edb9e8f	C800	unix_ns	1784861785899613827	ns
c3-timing-event-v1	C3	asyncs	measured	65536	697	1	193f301a099e4b9ebf301a099edb9e8f	C900	unix_ns	1784861785914264458	ns
c3-timing-event-v1	C3	asyncs	measured	262144	698	1	0b28d045b9014baea8d045b901cbae04	C010	unix_ns	1784861785933756903	ns
c3-timing-event-v1	C3	asyncs	measured	262144	698	1	0b28d045b9014baea8d045b901cbae04	C800	unix_ns	1784861786261666901	ns
c3-timing-event-v1	C3	asyncs	measured	262144	698	1	0b28d045b9014baea8d045b901cbae04	C900	unix_ns	1784861786286374698	ns
c3-timing-event-v1	C3	asyncs	measured	1048576	699	1	a91518180611432f9518180611232f30	C010	unix_ns	1784861786318013242	ns
c3-timing-event-v1	C3	asyncs	measured	1048576	699	1	a91518180611432f9518180611232f30	C800	unix_ns	1784861787230927104	ns
c3-timing-event-v1	C3	asyncs	measured	1048576	699	1	a91518180611432f9518180611232f30	C900	unix_ns	1784861787292251506	ns
c3-timing-event-v1	C3	asyncs	measured	4194304	700	1	aa985ef8fdb34779985ef8fdb307795e	C010	unix_ns	1784861787374267750	ns
c3-timing-event-v1	C3	asyncs	measured	4194304	700	1	aa985ef8fdb34779985ef8fdb307795e	C800	unix_ns	1784861791281562247	ns
c3-timing-event-v1	C3	asyncs	measured	4194304	700	1	aa985ef8fdb34779985ef8fdb307795e	C900	unix_ns	1784861791542855361	ns
