schema_version	profile	artifact_size_bytes	fresh_group	lifecycle	warm_followup_index	logical_request_id	activation_id	action_fqen	action_revision	action_identity_sha256	measurement_sequence	terminal_success	store_evidence_status	rid_status	decrypt_status	workload_status	payload_evidence_status	analysis_eligible	quality_reason	container_hostname	container_identity	init_time_present	init_time_ms	fresh_placement_eligible	warm_reuse_eligible	client_start_unix_ns	client_end_unix_ns	activation_get_first_success_unix_ns	first_result_latency_ms	activation_duration_ms	upload_elapsed_ms	artifact_size_observed_bytes	action_zip_bytes	action_fetch_duration_ns	action_fetch_status	runtime_init_duration_ns	runtime_init_status	kms_key_release_duration_ns	kms_key_release_status	function_key_decap_duration_ns	function_key_decap_status	cfunc_aes_gcm_duration_ns	cfunc_aes_gcm_status	wasm_load_duration_ns	wasm_load_status	wasm_instantiate_duration_ns	wasm_instantiate_status	input_key_decap_duration_ns	input_key_decap_status	input_aes_gcm_duration_ns	input_aes_gcm_status	workload_core_duration_ns	output_kem_duration_ns	output_kem_status	output_aes_gcm_duration_ns	output_aes_gcm_status	outer_execution_duration_ns	phase_evidence_status
c2-native-attempt-v1	native	65536	1	fresh_first_use	0	s65536-g001-fresh	ef4ef46eb1f241898ef46eb1f2618989	/guest/c2_native_sleep50_r351_direct_events_s65536_g001	0.0.1@1784738954009	25bf67e3478d344d2606c07543654a5404252b135f0193657f63f29003b682ef	1	true	present	not_on_path_native	not_on_path_native	match	complete	true	ok	15fedb3e2956	15fedb3e2956:7	true	70	true	false	1784739050709056806	1784739051462736859	1784739051482308762	753.680427	130	267.764842	65536	65650		unavailable_no_direct_event	70000000	activation_annotation_initTime		not_on_path_native		not_on_path_native		not_on_path_native		not_on_path_native		not_on_path_native		not_on_path_native		not_on_path_native	50414784		not_on_path_native		not_on_path_native	50468344	complete
c2-native-attempt-v1	native	65536	1	warm_followup	1	s65536-g001-warm01	6160639b753b40dfa0639b753b60df65	/guest/c2_native_sleep50_r351_direct_events_s65536_g001	0.0.1@1784738954009	25bf67e3478d344d2606c07543654a5404252b135f0193657f63f29003b682ef	2	true	present	not_on_path_native	not_on_path_native	match	complete	true	ok	15fedb3e2956	15fedb3e2956:7	false		false	true	1784739051482453365	1784739051584558123	1784739051594100796	102.105267	56	267.764842	65536	65650		unavailable_no_direct_event		not_repeated_warm		not_on_path_native		not_on_path_native		not_on_path_native		not_on_path_native		not_on_path_native		not_on_path_native		not_on_path_native	50275521		not_on_path_native		not_on_path_native	50294590	complete
c2-native-attempt-v1	native	65536	1	warm_followup	2	s65536-g001-warm02	4ac23f71fb8e46d9823f71fb8e26d9f3	/guest/c2_native_sleep50_r351_direct_events_s65536_g001	0.0.1@1784738954009	25bf67e3478d344d2606c07543654a5404252b135f0193657f63f29003b682ef	3	true	present	not_on_path_native	not_on_path_native	match	complete	true	ok	15fedb3e2956	15fedb3e2956:7	false		false	true	1784739051594293614	1784739051675601154	1784739051688489966	81.307731	55	267.764842	65536	65650		unavailable_no_direct_event		not_repeated_warm		not_on_path_native		not_on_path_native		not_on_path_native		not_on_path_native		not_on_path_native		not_on_path_native		not_on_path_native	50318310		not_on_path_native		not_on_path_native	50342444	complete
c2-native-attempt-v1	native	65536	1	warm_followup	3	s65536-g001-warm03	1529cbb28e734945a9cbb28e732945da	/guest/c2_native_sleep50_r351_direct_events_s65536_g001	0.0.1@1784738954009	25bf67e3478d344d2606c07543654a5404252b135f0193657f63f29003b682ef	4	true	present	not_on_path_native	not_on_path_native	match	complete	true	ok	15fedb3e2956	15fedb3e2956:7	false		false	true	1784739051688702629	1784739051766726535	1784739051777942602	78.023637	52	267.764842	65536	65650		unavailable_no_direct_event		not_repeated_warm		not_on_path_native		not_on_path_native		not_on_path_native		not_on_path_native		not_on_path_native		not_on_path_native		not_on_path_native	49208433		not_on_path_native		not_on_path_native	49214261	complete
c2-native-attempt-v1	native	65536	1	warm_followup	4	s65536-g001-warm04	d3e11df569f74d54a11df569f76d54bf	/guest/c2_native_sleep50_r351_direct_events_s65536_g001	0.0.1@1784738954009	25bf67e3478d344d2606c07543654a5404252b135f0193657f63f29003b682ef	5	true	present	not_on_path_native	not_on_path_native	match	complete	true	ok	15fedb3e2956	15fedb3e2956:7	false		false	true	1784739051778103453	1784739051870082156	1784739051881814948	91.979134	57	267.764842	65536	65650		unavailable_no_direct_event		not_repeated_warm		not_on_path_native		not_on_path_native		not_on_path_native		not_on_path_native		not_on_path_native		not_on_path_native		not_on_path_native	49238508		not_on_path_native		not_on_path_native	49246552	complete
c2-native-attempt-v1	native	65536	1	warm_followup	5	s65536-g001-warm05	0ed3a1bd356f437f93a1bd356fd37fb8	/guest/c2_native_sleep50_r351_direct_events_s65536_g001	0.0.1@1784738954009	25bf67e3478d344d2606c07543654a5404252b135f0193657f63f29003b682ef	6	true	present	not_on_path_native	not_on_path_native	match	complete	true	ok	15fedb3e2956	15fedb3e2956:7	false		false	true	1784739051882009319	1784739051974841442	1784739052247132921	92.832796	55	267.764842	65536	65650		unavailable_no_direct_event		not_repeated_warm		not_on_path_native		not_on_path_native		not_on_path_native		not_on_path_native		not_on_path_native		not_on_path_native		not_on_path_native	50188890		not_on_path_native		not_on_path_native	50195353	complete
c2-native-attempt-v1	native	262144	1	fresh_first_use	0	s262144-g001-fresh	111a718f6f464ddc9a718f6f46addc4a	/guest/c2_native_sleep50_r351_direct_events_s262144_g001	0.0.1@1784738960120	e68bfce55c5c6bf82252961bdb7aad7b5792b09ea8d54bfbb042f33c984d5abb	7	true	present	not_on_path_native	not_on_path_native	match	complete	true	ok	db79b6e29b61	db79b6e29b61:8	true	124	true	false	1784739052247284187	1784739052595374291	1784739052604401382	348.090257	181	81.585011	262144	262258		unavailable_no_direct_event	124000000	activation_annotation_initTime		not_on_path_native		not_on_path_native		not_on_path_native		not_on_path_native		not_on_path_native		not_on_path_native		not_on_path_native	50388982		not_on_path_native		not_on_path_native	50433865	complete
c2-native-attempt-v1	native	262144	1	warm_followup	1	s262144-g001-warm01	1d47e1d1ee3d429787e1d1ee3d12977c	/guest/c2_native_sleep50_r351_direct_events_s262144_g001	0.0.1@1784738960120	e68bfce55c5c6bf82252961bdb7aad7b5792b09ea8d54bfbb042f33c984d5abb	8	true	present	not_on_path_native	not_on_path_native	match	complete	true	ok	db79b6e29b61	db79b6e29b61:8	false		false	true	1784739052604539704	1784739052695603706	1784739052709347783	91.064013	63	81.585011	262144	262258		unavailable_no_direct_event		not_repeated_warm		not_on_path_native		not_on_path_native		not_on_path_native		not_on_path_native		not_on_path_native		not_on_path_native		not_on_path_native	50338435		not_on_path_native		not_on_path_native	50365310	complete
c2-native-attempt-v1	native	262144	1	warm_followup	2	s262144-g001-warm02	282c7d183faa4f19ac7d183faabf19eb	/guest/c2_native_sleep50_r351_direct_events_s262144_g001	0.0.1@1784738960120	e68bfce55c5c6bf82252961bdb7aad7b5792b09ea8d54bfbb042f33c984d5abb	9	true	present	not_on_path_native	not_on_path_native	match	complete	true	ok	db79b6e29b61	db79b6e29b61:8	false		false	true	1784739052709540334	1784739052807109234	1784739052816086186	97.569393	55	81.585011	262144	262258		unavailable_no_direct_event		not_repeated_warm		not_on_path_native		not_on_path_native		not_on_path_native		not_on_path_native		not_on_path_native		not_on_path_native		not_on_path_native	50298072		not_on_path_native		not_on_path_native	50318780	complete
c2-native-attempt-v1	native	262144	1	warm_followup	3	s262144-g001-warm03	a4547ee202f54ad6947ee202f58ad6ee	/guest/c2_native_sleep50_r351_direct_events_s262144_g001	0.0.1@1784738960120	e68bfce55c5c6bf82252961bdb7aad7b5792b09ea8d54bfbb042f33c984d5abb	10	true	present	not_on_path_native	not_on_path_native	match	complete	true	ok	db79b6e29b61	db79b6e29b61:8	false		false	true	1784739052816217593	1784739052900320446	1784739052915424479	84.103466	54	81.585011	262144	262258		unavailable_no_direct_event		not_repeated_warm		not_on_path_native		not_on_path_native		not_on_path_native		not_on_path_native		not_on_path_native		not_on_path_native		not_on_path_native	50195049		not_on_path_native		not_on_path_native	50202048	complete
c2-native-attempt-v1	native	262144	1	warm_followup	4	s262144-g001-warm04	5ea88e0a25374cf6a88e0a25372cf614	/guest/c2_native_sleep50_r351_direct_events_s262144_g001	0.0.1@1784738960120	e68bfce55c5c6bf82252961bdb7aad7b5792b09ea8d54bfbb042f33c984d5abb	11	true	present	not_on_path_native	not_on_path_native	match	complete	true	ok	db79b6e29b61	db79b6e29b61:8	false		false	true	1784739052915580028	1784739052993485926	1784739053020730844	77.906384	54	81.585011	262144	262258		unavailable_no_direct_event		not_repeated_warm		not_on_path_native		not_on_path_native		not_on_path_native		not_on_path_native		not_on_path_native		not_on_path_native		not_on_path_native	50227839		not_on_path_native		not_on_path_native	50235553	complete
c2-native-attempt-v1	native	262144	1	warm_followup	5	s262144-g001-warm05	5c0e0536797b4d048e0536797b7d04a0	/guest/c2_native_sleep50_r351_direct_events_s262144_g001	0.0.1@1784738960120	e68bfce55c5c6bf82252961bdb7aad7b5792b09ea8d54bfbb042f33c984d5abb	12	true	present	not_on_path_native	not_on_path_native	match	complete	true	ok	db79b6e29b61	db79b6e29b61:8	false		false	true	1784739053020930963	1784739053098557025	1784739053373652736	77.626272	54	81.585011	262144	262258		unavailable_no_direct_event		not_repeated_warm		not_on_path_native		not_on_path_native		not_on_path_native		not_on_path_native		not_on_path_native		not_on_path_native		not_on_path_native	50218888		not_on_path_native		not_on_path_native	50227087	complete
c2-native-attempt-v1	native	1048576	1	fresh_first_use	0	s1048576-g001-fresh	cdd0b57de971405e90b57de971b05ee9	/guest/c2_native_sleep50_r351_direct_events_s1048576_g001	0.0.1@1784738966222	5c894eed3a1767b160189731c0548079d95ad96156151f0c2b3e77e06acd8ce2	13	true	present	not_on_path_native	not_on_path_native	match	complete	true	ok	7e3972f9ea07	7e3972f9ea07:8	true	138	true	false	1784739053373811990	1784739054060570150	1784739054071461500	686.759236	204	168.625023	1048576	1048690		unavailable_no_direct_event	138000000	activation_annotation_initTime		not_on_path_native		not_on_path_native		not_on_path_native		not_on_path_native		not_on_path_native		not_on_path_native		not_on_path_native	50800067		not_on_path_native		not_on_path_native	50854120	complete
c2-native-attempt-v1	native	1048576	1	warm_followup	1	s1048576-g001-warm01	29e666922ac2466da666922ac2266de5	/guest/c2_native_sleep50_r351_direct_events_s1048576_g001	0.0.1@1784738966222	5c894eed3a1767b160189731c0548079d95ad96156151f0c2b3e77e06acd8ce2	14	true	present	not_on_path_native	not_on_path_native	match	complete	true	ok	7e3972f9ea07	7e3972f9ea07:8	false		false	true	1784739054071677099	1784739054187786058	1784739054457946204	116.109786	58	168.625023	1048576	1048690		unavailable_no_direct_event		not_repeated_warm		not_on_path_native		not_on_path_native		not_on_path_native		not_on_path_native		not_on_path_native		not_on_path_native		not_on_path_native	51300729		not_on_path_native		not_on_path_native	51323434	complete
c2-native-attempt-v1	native	1048576	1	warm_followup	2	s1048576-g001-warm02	328ca23398544fa48ca2339854dfa431	/guest/c2_native_sleep50_r351_direct_events_s1048576_g001	0.0.1@1784738966222	5c894eed3a1767b160189731c0548079d95ad96156151f0c2b3e77e06acd8ce2	15	true	present	not_on_path_native	not_on_path_native	match	complete	true	ok	7e3972f9ea07	7e3972f9ea07:8	false		false	true	1784739054458082983	1784739054533554591	1784739054546332088	75.471327	54	168.625023	1048576	1048690		unavailable_no_direct_event		not_repeated_warm		not_on_path_native		not_on_path_native		not_on_path_native		not_on_path_native		not_on_path_native		not_on_path_native		not_on_path_native	50304069		not_on_path_native		not_on_path_native	50325098	complete
c2-native-attempt-v1	native	1048576	1	warm_followup	3	s1048576-g001-warm03	7d5a12fa931a4d9c9a12fa931a0d9c2b	/guest/c2_native_sleep50_r351_direct_events_s1048576_g001	0.0.1@1784738966222	5c894eed3a1767b160189731c0548079d95ad96156151f0c2b3e77e06acd8ce2	16	true	present	not_on_path_native	not_on_path_native	match	complete	true	ok	7e3972f9ea07	7e3972f9ea07:8	false		false	true	1784739054546462820	1784739054615481292	1784739054630186321	69.018676	54	168.625023	1048576	1048690		unavailable_no_direct_event		not_repeated_warm		not_on_path_native		not_on_path_native		not_on_path_native		not_on_path_native		not_on_path_native		not_on_path_native		not_on_path_native	50201303		not_on_path_native		not_on_path_native	50207123	complete
c2-native-attempt-v1	native	1048576	1	warm_followup	4	s1048576-g001-warm04	4a412cb8986e4732812cb8986e573230	/guest/c2_native_sleep50_r351_direct_events_s1048576_g001	0.0.1@1784738966222	5c894eed3a1767b160189731c0548079d95ad96156151f0c2b3e77e06acd8ce2	17	true	present	not_on_path_native	not_on_path_native	match	complete	true	ok	7e3972f9ea07	7e3972f9ea07:8	false		false	true	1784739054630354965	1784739054705033266	1784739054973003789	74.678315	53	168.625023	1048576	1048690		unavailable_no_direct_event		not_repeated_warm		not_on_path_native		not_on_path_native		not_on_path_native		not_on_path_native		not_on_path_native		not_on_path_native		not_on_path_native	50179050		not_on_path_native		not_on_path_native	50184186	complete
c2-native-attempt-v1	native	1048576	1	warm_followup	5	s1048576-g001-warm05	c5d48ef72bd44709948ef72bd4470984	/guest/c2_native_sleep50_r351_direct_events_s1048576_g001	0.0.1@1784738966222	5c894eed3a1767b160189731c0548079d95ad96156151f0c2b3e77e06acd8ce2	18	true	present	not_on_path_native	not_on_path_native	match	complete	true	ok	7e3972f9ea07	7e3972f9ea07:8	false		false	true	1784739054973195081	1784739055052006333	1784739055061287120	78.811376	52	168.625023	1048576	1048690		unavailable_no_direct_event		not_repeated_warm		not_on_path_native		not_on_path_native		not_on_path_native		not_on_path_native		not_on_path_native		not_on_path_native		not_on_path_native	49252955		not_on_path_native		not_on_path_native	49259141	complete
c2-native-attempt-v1	native	4194304	1	fresh_first_use	0	s4194304-g001-fresh	9a4a39cdbe6b42248a39cdbe6b2224d6	/guest/c2_native_sleep50_r351_direct_events_s4194304_g001	0.0.1@1784738977625	c318c21181db0bd851a5fa0cb2b219374d9ee17898d0ae3d070063106381ebb4	19	true	present	not_on_path_native	not_on_path_native	match	complete	true	ok	46004997019b	46004997019b:8	true	325	true	false	1784739055061406851	1784739055634835489	1784739055908391851	573.429233	383	516.349892	4194304	4194418		unavailable_no_direct_event	325000000	activation_annotation_initTime		not_on_path_native		not_on_path_native		not_on_path_native		not_on_path_native		not_on_path_native		not_on_path_native		not_on_path_native	51104750		not_on_path_native		not_on_path_native	51156657	complete
c2-native-attempt-v1	native	4194304	1	warm_followup	1	s4194304-g001-warm01	c066dd7c6e3748b6a6dd7c6e37a8b626	/guest/c2_native_sleep50_r351_direct_events_s4194304_g001	0.0.1@1784738977625	c318c21181db0bd851a5fa0cb2b219374d9ee17898d0ae3d070063106381ebb4	20	true	present	not_on_path_native	not_on_path_native	match	complete	true	ok	46004997019b	46004997019b:8	false		false	true	1784739055908574417	1784739055991438883	1784739055998802279	82.864437	54	516.349892	4194304	4194418		unavailable_no_direct_event		not_repeated_warm		not_on_path_native		not_on_path_native		not_on_path_native		not_on_path_native		not_on_path_native		not_on_path_native		not_on_path_native	50212063		not_on_path_native		not_on_path_native	50226702	complete
c2-native-attempt-v1	native	4194304	1	warm_followup	2	s4194304-g001-warm02	5c5a886869a049749a886869a0697476	/guest/c2_native_sleep50_r351_direct_events_s4194304_g001	0.0.1@1784738977625	c318c21181db0bd851a5fa0cb2b219374d9ee17898d0ae3d070063106381ebb4	21	true	present	not_on_path_native	not_on_path_native	match	complete	true	ok	46004997019b	46004997019b:8	false		false	true	1784739055998924255	1784739056077232043	1784739056085810080	78.308568	54	516.349892	4194304	4194418		unavailable_no_direct_event		not_repeated_warm		not_on_path_native		not_on_path_native		not_on_path_native		not_on_path_native		not_on_path_native		not_on_path_native		not_on_path_native	50261377		not_on_path_native		not_on_path_native	50279354	complete
c2-native-attempt-v1	native	4194304	1	warm_followup	3	s4194304-g001-warm03	efc29e2d3dea44f1829e2d3dea44f112	/guest/c2_native_sleep50_r351_direct_events_s4194304_g001	0.0.1@1784738977625	c318c21181db0bd851a5fa0cb2b219374d9ee17898d0ae3d070063106381ebb4	22	true	present	not_on_path_native	not_on_path_native	match	complete	true	ok	46004997019b	46004997019b:8	false		false	true	1784739056085969723	1784739056166746970	1784739056186081800	80.777634	53	516.349892	4194304	4194418		unavailable_no_direct_event		not_repeated_warm		not_on_path_native		not_on_path_native		not_on_path_native		not_on_path_native		not_on_path_native		not_on_path_native		not_on_path_native	50198228		not_on_path_native		not_on_path_native	50205702	complete
c2-native-attempt-v1	native	4194304	1	warm_followup	4	s4194304-g001-warm04	2116fc2e17fd4b3c96fc2e17fd6b3c4e	/guest/c2_native_sleep50_r351_direct_events_s4194304_g001	0.0.1@1784738977625	c318c21181db0bd851a5fa0cb2b219374d9ee17898d0ae3d070063106381ebb4	23	true	present	not_on_path_native	not_on_path_native	match	complete	true	ok	46004997019b	46004997019b:8	false		false	true	1784739056186205910	1784739056261718462	1784739056269608052	75.512781	53	516.349892	4194304	4194418		unavailable_no_direct_event		not_repeated_warm		not_on_path_native		not_on_path_native		not_on_path_native		not_on_path_native		not_on_path_native		not_on_path_native		not_on_path_native	50197352		not_on_path_native		not_on_path_native	50203513	complete
c2-native-attempt-v1	native	4194304	1	warm_followup	5	s4194304-g001-warm05	b537fa583e9342b5b7fa583e9302b57a	/guest/c2_native_sleep50_r351_direct_events_s4194304_g001	0.0.1@1784738977625	c318c21181db0bd851a5fa0cb2b219374d9ee17898d0ae3d070063106381ebb4	24	true	present	not_on_path_native	not_on_path_native	match	complete	true	ok	46004997019b	46004997019b:8	false		false	true	1784739056269733065	1784739056340907045	1784739056610827088	71.174383	53	516.349892	4194304	4194418		unavailable_no_direct_event		not_repeated_warm		not_on_path_native		not_on_path_native		not_on_path_native		not_on_path_native		not_on_path_native		not_on_path_native		not_on_path_native	50175357		not_on_path_native		not_on_path_native	50181954	complete
c2-native-attempt-v1	native	65536	2	fresh_first_use	0	s65536-g002-fresh	450254710f684da38254710f68dda316	/guest/c2_native_sleep50_r351_direct_events_s65536_g002	0.0.1@1784738954432	a07c5f0630d332864dca3ec5bb56ea83c646fd452b266b578ea93aa3978e2d9b	25	true	present	not_on_path_native	not_on_path_native	match	complete	true	ok	1e1351bc0666	1e1351bc0666:8	true	112	true	false	1784739056611013176	1784739056983671197	1784739057251691064	372.65875	175	97.573656	65536	65650		unavailable_no_direct_event	112000000	activation_annotation_initTime		not_on_path_native		not_on_path_native		not_on_path_native		not_on_path_native		not_on_path_native		not_on_path_native		not_on_path_native	51973533		not_on_path_native		not_on_path_native	52025609	complete
c2-native-attempt-v1	native	65536	2	warm_followup	1	s65536-g002-warm01	9009899fee4446c089899fee44c6c070	/guest/c2_native_sleep50_r351_direct_events_s65536_g002	0.0.1@1784738954432	a07c5f0630d332864dca3ec5bb56ea83c646fd452b266b578ea93aa3978e2d9b	26	true	present	not_on_path_native	not_on_path_native	match	complete	true	ok	1e1351bc0666	1e1351bc0666:8	false		false	true	1784739057251900684	1784739057337487946	1784739057347473840	85.587685	55	97.573656	65536	65650		unavailable_no_direct_event		not_repeated_warm		not_on_path_native		not_on_path_native		not_on_path_native		not_on_path_native		not_on_path_native		not_on_path_native		not_on_path_native	50289118		not_on_path_native		not_on_path_native	50312432	complete
c2-native-attempt-v1	native	65536	2	warm_followup	2	s65536-g002-warm02	f37eb740e9474960beb740e9474960eb	/guest/c2_native_sleep50_r351_direct_events_s65536_g002	0.0.1@1784738954432	a07c5f0630d332864dca3ec5bb56ea83c646fd452b266b578ea93aa3978e2d9b	27	true	present	not_on_path_native	not_on_path_native	match	complete	true	ok	1e1351bc0666	1e1351bc0666:8	false		false	true	1784739057347685314	1784739057429075695	1784739057437629232	81.390842	54	97.573656	65536	65650		unavailable_no_direct_event		not_repeated_warm		not_on_path_native		not_on_path_native		not_on_path_native		not_on_path_native		not_on_path_native		not_on_path_native		not_on_path_native	50482258		not_on_path_native		not_on_path_native	50506090	complete
c2-native-attempt-v1	native	65536	2	warm_followup	3	s65536-g002-warm03	bb64c06957084dfda4c06957087dfddf	/guest/c2_native_sleep50_r351_direct_events_s65536_g002	0.0.1@1784738954432	a07c5f0630d332864dca3ec5bb56ea83c646fd452b266b578ea93aa3978e2d9b	28	true	present	not_on_path_native	not_on_path_native	match	complete	true	ok	1e1351bc0666	1e1351bc0666:8	false		false	true	1784739057437756835	1784739057519864071	1784739057527004475	82.107231	55	97.573656	65536	65650		unavailable_no_direct_event		not_repeated_warm		not_on_path_native		not_on_path_native		not_on_path_native		not_on_path_native		not_on_path_native		not_on_path_native		not_on_path_native	50213905		not_on_path_native		not_on_path_native	50221547	complete
c2-native-attempt-v1	native	65536	2	warm_followup	4	s65536-g002-warm04	3b012ae499824e65812ae499826e6561	/guest/c2_native_sleep50_r351_direct_events_s65536_g002	0.0.1@1784738954432	a07c5f0630d332864dca3ec5bb56ea83c646fd452b266b578ea93aa3978e2d9b	29	true	present	not_on_path_native	not_on_path_native	match	complete	true	ok	1e1351bc0666	1e1351bc0666:8	false		false	true	1784739057527185635	1784739057605995890	1784739057612831073	78.810752	55	97.573656	65536	65650		unavailable_no_direct_event		not_repeated_warm		not_on_path_native		not_on_path_native		not_on_path_native		not_on_path_native		not_on_path_native		not_on_path_native		not_on_path_native	50223307		not_on_path_native		not_on_path_native	50229860	complete
c2-native-attempt-v1	native	65536	2	warm_followup	5	s65536-g002-warm05	a28f5c62ecc54f758f5c62ecc5af7593	/guest/c2_native_sleep50_r351_direct_events_s65536_g002	0.0.1@1784738954432	a07c5f0630d332864dca3ec5bb56ea83c646fd452b266b578ea93aa3978e2d9b	30	true	present	not_on_path_native	not_on_path_native	match	complete	true	ok	1e1351bc0666	1e1351bc0666:8	false		false	true	1784739057612963234	1784739057681696575	1784739057698143584	68.73346	53	97.573656	65536	65650		unavailable_no_direct_event		not_repeated_warm		not_on_path_native		not_on_path_native		not_on_path_native		not_on_path_native		not_on_path_native		not_on_path_native		not_on_path_native	50164375		not_on_path_native		not_on_path_native	50171293	complete
c2-native-attempt-v1	native	262144	2	fresh_first_use	0	s262144-g002-fresh	c11b18b3e71e47299b18b3e71ef72910	/guest/c2_native_sleep50_r351_direct_events_s262144_g002	0.0.1@1784738960271	3c9faf7d72350663dca34dec026118fa5a7f5783f7a2108ab25d1b34ae376ecd	31	true	present	not_on_path_native	not_on_path_native	match	complete	true	ok	e403fbae66fe	e403fbae66fe:8	true	124	true	false	1784739057698317637	1784739058031669089	1784739058040411954	333.352178	181	76.723208	262144	262258		unavailable_no_direct_event	124000000	activation_annotation_initTime		not_on_path_native		not_on_path_native		not_on_path_native		not_on_path_native		not_on_path_native		not_on_path_native		not_on_path_native	50668470		not_on_path_native		not_on_path_native	50749353	complete
c2-native-attempt-v1	native	262144	2	warm_followup	1	s262144-g002-warm01	05e896399c7b437ea896399c7b637e1e	/guest/c2_native_sleep50_r351_direct_events_s262144_g002	0.0.1@1784738960271	3c9faf7d72350663dca34dec026118fa5a7f5783f7a2108ab25d1b34ae376ecd	32	true	present	not_on_path_native	not_on_path_native	match	complete	true	ok	e403fbae66fe	e403fbae66fe:8	false		false	true	1784739058040535044	1784739058114541558	1784739058382675471	74.006308	55	76.723208	262144	262258		unavailable_no_direct_event		not_repeated_warm		not_on_path_native		not_on_path_native		not_on_path_native		not_on_path_native		not_on_path_native		not_on_path_native		not_on_path_native	50282150		not_on_path_native		not_on_path_native	50307274	complete
c2-native-attempt-v1	native	262144	2	warm_followup	2	s262144-g002-warm02	08ffe0d3504f450dbfe0d3504f250dde	/guest/c2_native_sleep50_r351_direct_events_s262144_g002	0.0.1@1784738960271	3c9faf7d72350663dca34dec026118fa5a7f5783f7a2108ab25d1b34ae376ecd	33	true	present	not_on_path_native	not_on_path_native	match	complete	true	ok	e403fbae66fe	e403fbae66fe:8	false		false	true	1784739058382816936	1784739058458315437	1784739058731834701	75.498716	56	76.723208	262144	262258		unavailable_no_direct_event		not_repeated_warm		not_on_path_native		not_on_path_native		not_on_path_native		not_on_path_native		not_on_path_native		not_on_path_native		not_on_path_native	50374644		not_on_path_native		not_on_path_native	50401071	complete
c2-native-attempt-v1	native	262144	2	warm_followup	3	s262144-g002-warm03	e6cc4fdaf3074b9f8c4fdaf307cb9fa3	/guest/c2_native_sleep50_r351_direct_events_s262144_g002	0.0.1@1784738960271	3c9faf7d72350663dca34dec026118fa5a7f5783f7a2108ab25d1b34ae376ecd	34	true	present	not_on_path_native	not_on_path_native	match	complete	true	ok	e403fbae66fe	e403fbae66fe:8	false		false	true	1784739058731959775	1784739058800600313	1784739059077900814	68.64038	53	76.723208	262144	262258		unavailable_no_direct_event		not_repeated_warm		not_on_path_native		not_on_path_native		not_on_path_native		not_on_path_native		not_on_path_native		not_on_path_native		not_on_path_native	50178766		not_on_path_native		not_on_path_native	50189395	complete
c2-native-attempt-v1	native	262144	2	warm_followup	4	s262144-g002-warm04	d8ebe542d33d4bffabe542d33d6bff50	/guest/c2_native_sleep50_r351_direct_events_s262144_g002	0.0.1@1784738960271	3c9faf7d72350663dca34dec026118fa5a7f5783f7a2108ab25d1b34ae376ecd	35	true	present	not_on_path_native	not_on_path_native	match	complete	true	ok	e403fbae66fe	e403fbae66fe:8	false		false	true	1784739059078093474	1784739059158422888	1784739059167854269	80.329497	53	76.723208	262144	262258		unavailable_no_direct_event		not_repeated_warm		not_on_path_native		not_on_path_native		not_on_path_native		not_on_path_native		not_on_path_native		not_on_path_native		not_on_path_native	50216624		not_on_path_native		not_on_path_native	50222840	complete
c2-native-attempt-v1	native	262144	2	warm_followup	5	s262144-g002-warm05	2d6591e3b1204bb6a591e3b120cbb6a1	/guest/c2_native_sleep50_r351_direct_events_s262144_g002	0.0.1@1784738960271	3c9faf7d72350663dca34dec026118fa5a7f5783f7a2108ab25d1b34ae376ecd	36	true	present	not_on_path_native	not_on_path_native	match	complete	true	ok	e403fbae66fe	e403fbae66fe:8	false		false	true	1784739059168037724	1784739059237249535	1784739059253130374	69.211964	53	76.723208	262144	262258		unavailable_no_direct_event		not_repeated_warm		not_on_path_native		not_on_path_native		not_on_path_native		not_on_path_native		not_on_path_native		not_on_path_native		not_on_path_native	50211073		not_on_path_native		not_on_path_native	50217572	complete
c2-native-attempt-v1	native	1048576	2	fresh_first_use	0	s1048576-g002-fresh	209979954f10412f9979954f10812fb1	/guest/c2_native_sleep50_r351_direct_events_s1048576_g002	0.0.1@1784738966539	b32246fa398d7276fad44a824d4564e09cfa45c913d557f89a71b62a320fa1ab	37	true	present	not_on_path_native	not_on_path_native	match	complete	true	ok	130276768a6e	130276768a6e:8	true	144	true	false	1784739059253286963	1784739059718707819	1784739059729458944	465.421952	201	216.708925	1048576	1048690		unavailable_no_direct_event	144000000	activation_annotation_initTime		not_on_path_native		not_on_path_native		not_on_path_native		not_on_path_native		not_on_path_native		not_on_path_native		not_on_path_native	50413624		not_on_path_native		not_on_path_native	50452998	complete
c2-native-attempt-v1	native	1048576	2	warm_followup	1	s1048576-g002-warm01	f855e158d2ad416595e158d2ad316523	/guest/c2_native_sleep50_r351_direct_events_s1048576_g002	0.0.1@1784738966539	b32246fa398d7276fad44a824d4564e09cfa45c913d557f89a71b62a320fa1ab	38	true	present	not_on_path_native	not_on_path_native	match	complete	true	ok	130276768a6e	130276768a6e:8	false		false	true	1784739059729599182	1784739059811457726	1784739059821351988	81.858551	55	216.708925	1048576	1048690		unavailable_no_direct_event		not_repeated_warm		not_on_path_native		not_on_path_native		not_on_path_native		not_on_path_native		not_on_path_native		not_on_path_native		not_on_path_native	50195777		not_on_path_native		not_on_path_native	50212964	complete
c2-native-attempt-v1	native	1048576	2	warm_followup	2	s1048576-g002-warm02	d499019efb8344cf99019efb8354cf8e	/guest/c2_native_sleep50_r351_direct_events_s1048576_g002	0.0.1@1784738966539	b32246fa398d7276fad44a824d4564e09cfa45c913d557f89a71b62a320fa1ab	39	true	present	not_on_path_native	not_on_path_native	match	complete	true	ok	130276768a6e	130276768a6e:8	false		false	true	1784739059821483500	1784739059897850276	1784739059916045793	76.3672	55	216.708925	1048576	1048690		unavailable_no_direct_event		not_repeated_warm		not_on_path_native		not_on_path_native		not_on_path_native		not_on_path_native		not_on_path_native		not_on_path_native		not_on_path_native	50905494		not_on_path_native		not_on_path_native	50930517	complete
c2-native-attempt-v1	native	1048576	2	warm_followup	3	s1048576-g002-warm03	8f201dd844e94dbaa01dd844e9fdba1c	/guest/c2_native_sleep50_r351_direct_events_s1048576_g002	0.0.1@1784738966539	b32246fa398d7276fad44a824d4564e09cfa45c913d557f89a71b62a320fa1ab	40	true	present	not_on_path_native	not_on_path_native	match	complete	true	ok	130276768a6e	130276768a6e:8	false		false	true	1784739059916213275	1784739059989663211	1784739060259934675	73.450178	52	216.708925	1048576	1048690		unavailable_no_direct_event		not_repeated_warm		not_on_path_native		not_on_path_native		not_on_path_native		not_on_path_native		not_on_path_native		not_on_path_native		not_on_path_native	50174019		not_on_path_native		not_on_path_native	50178947	complete
c2-native-attempt-v1	native	1048576	2	warm_followup	4	s1048576-g002-warm04	0669ee531c3e43cba9ee531c3e03cb30	/guest/c2_native_sleep50_r351_direct_events_s1048576_g002	0.0.1@1784738966539	b32246fa398d7276fad44a824d4564e09cfa45c913d557f89a71b62a320fa1ab	41	true	present	not_on_path_native	not_on_path_native	match	complete	true	ok	130276768a6e	130276768a6e:8	false		false	true	1784739060260071059	1784739060331426376	1784739060602310920	71.355182	51	216.708925	1048576	1048690		unavailable_no_direct_event		not_repeated_warm		not_on_path_native		not_on_path_native		not_on_path_native		not_on_path_native		not_on_path_native		not_on_path_native		not_on_path_native	49194345		not_on_path_native		not_on_path_native	49199615	complete
c2-native-attempt-v1	native	1048576	2	warm_followup	5	s1048576-g002-warm05	205a75031708405e9a75031708f05e8a	/guest/c2_native_sleep50_r351_direct_events_s1048576_g002	0.0.1@1784738966539	b32246fa398d7276fad44a824d4564e09cfa45c913d557f89a71b62a320fa1ab	42	true	present	not_on_path_native	not_on_path_native	match	complete	true	ok	130276768a6e	130276768a6e:8	false		false	true	1784739060602453453	1784739060678568403	1784739060690163231	76.115402	53	216.708925	1048576	1048690		unavailable_no_direct_event		not_repeated_warm		not_on_path_native		not_on_path_native		not_on_path_native		not_on_path_native		not_on_path_native		not_on_path_native		not_on_path_native	50174943		not_on_path_native		not_on_path_native	50180419	complete
c2-native-attempt-v1	native	4194304	2	fresh_first_use	0	s4194304-g002-fresh	7252fbc6da544ce892fbc6da54fce8ef	/guest/c2_native_sleep50_r351_direct_events_s4194304_g002	0.0.1@1784738978293	d76b45eb024c00ae2666f9fde4f7e00e11e7fb1b114cc2f2f9d1eb184c0512fe	43	true	present	not_on_path_native	not_on_path_native	match	complete	true	ok	7bd724dcab5b	7bd724dcab5b:8	true	310	true	false	1784739060690366486	1784739061488322489	1784739061496445656	797.95652	368	536.669598	4194304	4194418		unavailable_no_direct_event	310000000	activation_annotation_initTime		not_on_path_native		not_on_path_native		not_on_path_native		not_on_path_native		not_on_path_native		not_on_path_native		not_on_path_native	50431140		not_on_path_native		not_on_path_native	50479410	complete
c2-native-attempt-v1	native	4194304	2	warm_followup	1	s4194304-g002-warm01	855f231bbd3d49419f231bbd3d5941d2	/guest/c2_native_sleep50_r351_direct_events_s4194304_g002	0.0.1@1784738978293	d76b45eb024c00ae2666f9fde4f7e00e11e7fb1b114cc2f2f9d1eb184c0512fe	44	true	present	not_on_path_native	not_on_path_native	match	complete	true	ok	7bd724dcab5b	7bd724dcab5b:8	false		false	true	1784739061496647946	1784739061573649370	1784739061586629016	77.001618	53	536.669598	4194304	4194418		unavailable_no_direct_event		not_repeated_warm		not_on_path_native		not_on_path_native		not_on_path_native		not_on_path_native		not_on_path_native		not_on_path_native		not_on_path_native	50295362		not_on_path_native		not_on_path_native	50314945	complete
c2-native-attempt-v1	native	4194304	2	warm_followup	2	s4194304-g002-warm02	b20c9cbe399540458c9cbe399540450f	/guest/c2_native_sleep50_r351_direct_events_s4194304_g002	0.0.1@1784738978293	d76b45eb024c00ae2666f9fde4f7e00e11e7fb1b114cc2f2f9d1eb184c0512fe	45	true	present	not_on_path_native	not_on_path_native	match	complete	true	ok	7bd724dcab5b	7bd724dcab5b:8	false		false	true	1784739061586815608	1784739061669788554	1784739061683425869	82.972976	53	536.669598	4194304	4194418		unavailable_no_direct_event		not_repeated_warm		not_on_path_native		not_on_path_native		not_on_path_native		not_on_path_native		not_on_path_native		not_on_path_native		not_on_path_native	50268633		not_on_path_native		not_on_path_native	50287558	complete
c2-native-attempt-v1	native	4194304	2	warm_followup	3	s4194304-g002-warm03	e1126dd755a0462c926dd755a0f62c26	/guest/c2_native_sleep50_r351_direct_events_s4194304_g002	0.0.1@1784738978293	d76b45eb024c00ae2666f9fde4f7e00e11e7fb1b114cc2f2f9d1eb184c0512fe	46	true	present	not_on_path_native	not_on_path_native	match	complete	true	ok	7bd724dcab5b	7bd724dcab5b:8	false		false	true	1784739061683585350	1784739061753662904	1784739062023274227	70.077623	53	536.669598	4194304	4194418		unavailable_no_direct_event		not_repeated_warm		not_on_path_native		not_on_path_native		not_on_path_native		not_on_path_native		not_on_path_native		not_on_path_native		not_on_path_native	50159785		not_on_path_native		not_on_path_native	50164837	complete
c2-native-attempt-v1	native	4194304	2	warm_followup	4	s4194304-g002-warm04	a03c6b0b2d764af9bc6b0b2d767af93a	/guest/c2_native_sleep50_r351_direct_events_s4194304_g002	0.0.1@1784738978293	d76b45eb024c00ae2666f9fde4f7e00e11e7fb1b114cc2f2f9d1eb184c0512fe	47	true	present	not_on_path_native	not_on_path_native	match	complete	true	ok	7bd724dcab5b	7bd724dcab5b:8	false		false	true	1784739062023408535	1784739062094820303	1784739062371059522	71.411697	53	536.669598	4194304	4194418		unavailable_no_direct_event		not_repeated_warm		not_on_path_native		not_on_path_native		not_on_path_native		not_on_path_native		not_on_path_native		not_on_path_native		not_on_path_native	50200357		not_on_path_native		not_on_path_native	50206077	complete
c2-native-attempt-v1	native	4194304	2	warm_followup	5	s4194304-g002-warm05	881b4e4573a74b049b4e4573a74b04f3	/guest/c2_native_sleep50_r351_direct_events_s4194304_g002	0.0.1@1784738978293	d76b45eb024c00ae2666f9fde4f7e00e11e7fb1b114cc2f2f9d1eb184c0512fe	48	true	present	not_on_path_native	not_on_path_native	match	complete	true	ok	7bd724dcab5b	7bd724dcab5b:8	false		false	true	1784739062371205119	1784739062455783626	1784739062462886734	84.578625	55	536.669598	4194304	4194418		unavailable_no_direct_event		not_repeated_warm		not_on_path_native		not_on_path_native		not_on_path_native		not_on_path_native		not_on_path_native		not_on_path_native		not_on_path_native	50228920		not_on_path_native		not_on_path_native	50236351	complete
c2-native-attempt-v1	native	65536	3	fresh_first_use	0	s65536-g003-fresh	0727f44c6f7e43dea7f44c6f7e43deff	/guest/c2_native_sleep50_r351_direct_events_s65536_g003	0.0.1@1784738954722	1b5df132ddcec9e1396775f0f482a4051515f19b390d6929bbf4dc448c74b59d	49	true	present	not_on_path_native	not_on_path_native	match	complete	true	ok	10dec9cd8015	10dec9cd8015:8	true	115	true	false	1784739062463014872	1784739062752231269	1784739063023669725	289.217052	175	86.375753	65536	65650		unavailable_no_direct_event	115000000	activation_annotation_initTime		not_on_path_native		not_on_path_native		not_on_path_native		not_on_path_native		not_on_path_native		not_on_path_native		not_on_path_native	51452569		not_on_path_native		not_on_path_native	51526629	complete
c2-native-attempt-v1	native	65536	3	warm_followup	1	s65536-g003-warm01	2c02ee2723574ab582ee2723572ab522	/guest/c2_native_sleep50_r351_direct_events_s65536_g003	0.0.1@1784738954722	1b5df132ddcec9e1396775f0f482a4051515f19b390d6929bbf4dc448c74b59d	50	true	present	not_on_path_native	not_on_path_native	match	complete	true	ok	10dec9cd8015	10dec9cd8015:8	false		false	true	1784739063023900364	1784739063102695131	1784739063114862516	78.794808	55	86.375753	65536	65650		unavailable_no_direct_event		not_repeated_warm		not_on_path_native		not_on_path_native		not_on_path_native		not_on_path_native		not_on_path_native		not_on_path_native		not_on_path_native	50285741		not_on_path_native		not_on_path_native	50305701	complete
c2-native-attempt-v1	native	65536	3	warm_followup	2	s65536-g003-warm02	b1b44c4d458a4cabb44c4d458a4cabb2	/guest/c2_native_sleep50_r351_direct_events_s65536_g003	0.0.1@1784738954722	1b5df132ddcec9e1396775f0f482a4051515f19b390d6929bbf4dc448c74b59d	51	true	present	not_on_path_native	not_on_path_native	match	complete	true	ok	10dec9cd8015	10dec9cd8015:8	false		false	true	1784739063114991059	1784739063184840629	1784739063199727847	69.849741	53	86.375753	65536	65650		unavailable_no_direct_event		not_repeated_warm		not_on_path_native		not_on_path_native		not_on_path_native		not_on_path_native		not_on_path_native		not_on_path_native		not_on_path_native	50254905		not_on_path_native		not_on_path_native	50280029	complete
c2-native-attempt-v1	native	65536	3	warm_followup	3	s65536-g003-warm03	a817a53894d74e2897a53894d7be28f6	/guest/c2_native_sleep50_r351_direct_events_s65536_g003	0.0.1@1784738954722	1b5df132ddcec9e1396775f0f482a4051515f19b390d6929bbf4dc448c74b59d	52	true	present	not_on_path_native	not_on_path_native	match	complete	true	ok	10dec9cd8015	10dec9cd8015:8	false		false	true	1784739063199849124	1784739063274003415	1784739063289942227	74.154347	52	86.375753	65536	65650		unavailable_no_direct_event		not_repeated_warm		not_on_path_native		not_on_path_native		not_on_path_native		not_on_path_native		not_on_path_native		not_on_path_native		not_on_path_native	50165497		not_on_path_native		not_on_path_native	50170393	complete
c2-native-attempt-v1	native	65536	3	warm_followup	4	s65536-g003-warm04	ba70114ce4cc466cb0114ce4cc366c81	/guest/c2_native_sleep50_r351_direct_events_s65536_g003	0.0.1@1784738954722	1b5df132ddcec9e1396775f0f482a4051515f19b390d6929bbf4dc448c74b59d	53	true	present	not_on_path_native	not_on_path_native	match	complete	true	ok	10dec9cd8015	10dec9cd8015:8	false		false	true	1784739063290124274	1784739063371288472	1784739063378866631	81.164607	55	86.375753	65536	65650		unavailable_no_direct_event		not_repeated_warm		not_on_path_native		not_on_path_native		not_on_path_native		not_on_path_native		not_on_path_native		not_on_path_native		not_on_path_native	50171160		not_on_path_native		not_on_path_native	50176216	complete
c2-native-attempt-v1	native	65536	3	warm_followup	5	s65536-g003-warm05	264fd95500e04a688fd95500e02a6813	/guest/c2_native_sleep50_r351_direct_events_s65536_g003	0.0.1@1784738954722	1b5df132ddcec9e1396775f0f482a4051515f19b390d6929bbf4dc448c74b59d	54	true	present	not_on_path_native	not_on_path_native	match	complete	true	ok	10dec9cd8015	10dec9cd8015:8	false		false	true	1784739063378990460	1784739063450480449	1784739063463899437	71.490507	53	86.375753	65536	65650		unavailable_no_direct_event		not_repeated_warm		not_on_path_native		not_on_path_native		not_on_path_native		not_on_path_native		not_on_path_native		not_on_path_native		not_on_path_native	50193812		not_on_path_native		not_on_path_native	50199738	complete
c2-native-attempt-v1	native	262144	3	fresh_first_use	0	s262144-g003-fresh	6784f7f730f1491184f7f730f11911a3	/guest/c2_native_sleep50_r351_direct_events_s262144_g003	0.0.1@1784738960429	dd2a6731bf95bf686f72478f3d318080eafbc8abd580e6a3ff122eea33147e3b	55	true	present	not_on_path_native	not_on_path_native	match	complete	true	ok	81d89079370e	81d89079370e:8	true	160	true	false	1784739063464050664	1784739063825756877	1784739063837909277	361.706777	220	87.057535	262144	262258		unavailable_no_direct_event	160000000	activation_annotation_initTime		not_on_path_native		not_on_path_native		not_on_path_native		not_on_path_native		not_on_path_native		not_on_path_native		not_on_path_native	51401039		not_on_path_native		not_on_path_native	51457814	complete
c2-native-attempt-v1	native	262144	3	warm_followup	1	s262144-g003-warm01	c7d6b723da06472696b723da06a72622	/guest/c2_native_sleep50_r351_direct_events_s262144_g003	0.0.1@1784738960429	dd2a6731bf95bf686f72478f3d318080eafbc8abd580e6a3ff122eea33147e3b	56	true	present	not_on_path_native	not_on_path_native	match	complete	true	ok	81d89079370e	81d89079370e:8	false		false	true	1784739063838119978	1784739063936688041	1784739063950155609	98.568151	61	87.057535	262144	262258		unavailable_no_direct_event		not_repeated_warm		not_on_path_native		not_on_path_native		not_on_path_native		not_on_path_native		not_on_path_native		not_on_path_native		not_on_path_native	53338919		not_on_path_native		not_on_path_native	53363247	complete
c2-native-attempt-v1	native	262144	3	warm_followup	2	s262144-g003-warm02	64546e8868f243ef946e8868f243eff6	/guest/c2_native_sleep50_r351_direct_events_s262144_g003	0.0.1@1784738960429	dd2a6731bf95bf686f72478f3d318080eafbc8abd580e6a3ff122eea33147e3b	57	true	present	not_on_path_native	not_on_path_native	match	complete	true	ok	81d89079370e	81d89079370e:8	false		false	true	1784739063950294096	1784739064034787328	1784739064044091149	84.493203	58	87.057535	262144	262258		unavailable_no_direct_event		not_repeated_warm		not_on_path_native		not_on_path_native		not_on_path_native		not_on_path_native		not_on_path_native		not_on_path_native		not_on_path_native	50517716		not_on_path_native		not_on_path_native	50544151	complete
c2-native-attempt-v1	native	262144	3	warm_followup	3	s262144-g003-warm03	0bb7eb84a6654ed6b7eb84a6656ed6b2	/guest/c2_native_sleep50_r351_direct_events_s262144_g003	0.0.1@1784738960429	dd2a6731bf95bf686f72478f3d318080eafbc8abd580e6a3ff122eea33147e3b	58	true	present	not_on_path_native	not_on_path_native	match	complete	true	ok	81d89079370e	81d89079370e:8	false		false	true	1784739064044301916	1784739064163856780	1784739064437506402	119.555046	87	87.057535	262144	262258		unavailable_no_direct_event		not_repeated_warm		not_on_path_native		not_on_path_native		not_on_path_native		not_on_path_native		not_on_path_native		not_on_path_native		not_on_path_native	61653362		not_on_path_native		not_on_path_native	61666918	complete
c2-native-attempt-v1	native	262144	3	warm_followup	4	s262144-g003-warm04	71f9eb629a97436bb9eb629a97736bc2	/guest/c2_native_sleep50_r351_direct_events_s262144_g003	0.0.1@1784738960429	dd2a6731bf95bf686f72478f3d318080eafbc8abd580e6a3ff122eea33147e3b	59	true	present	not_on_path_native	not_on_path_native	match	complete	true	ok	81d89079370e	81d89079370e:8	false		false	true	1784739064437642832	1784739064512074669	1784739064528066874	74.432153	54	87.057535	262144	262258		unavailable_no_direct_event		not_repeated_warm		not_on_path_native		not_on_path_native		not_on_path_native		not_on_path_native		not_on_path_native		not_on_path_native		not_on_path_native	50233315		not_on_path_native		not_on_path_native	50241289	complete
c2-native-attempt-v1	native	262144	3	warm_followup	5	s262144-g003-warm05	a42691f55fd042dea691f55fd0c2dee5	/guest/c2_native_sleep50_r351_direct_events_s262144_g003	0.0.1@1784738960429	dd2a6731bf95bf686f72478f3d318080eafbc8abd580e6a3ff122eea33147e3b	60	true	present	not_on_path_native	not_on_path_native	match	complete	true	ok	81d89079370e	81d89079370e:8	false		false	true	1784739064528252035	1784739064612921286	1784739064622016474	84.66934	60	87.057535	262144	262258		unavailable_no_direct_event		not_repeated_warm		not_on_path_native		not_on_path_native		not_on_path_native		not_on_path_native		not_on_path_native		not_on_path_native		not_on_path_native	50226642		not_on_path_native		not_on_path_native	50235546	complete
c2-native-attempt-v1	native	1048576	3	fresh_first_use	0	s1048576-g003-fresh	cd667599d6c24a17a67599d6c2fa174f	/guest/c2_native_sleep50_r351_direct_events_s1048576_g003	0.0.1@1784738966859	662295f0ac1b5b55993a63365eeab2f6a8d93a8360c6167dfa677587cea4a383	61	true	present	not_on_path_native	not_on_path_native	match	complete	true	ok	8273c149f655	8273c149f655:8	true	138	true	false	1784739064622200833	1784739064939696986	1784739065205274925	317.496326	198	183.066606	1048576	1048690		unavailable_no_direct_event	138000000	activation_annotation_initTime		not_on_path_native		not_on_path_native		not_on_path_native		not_on_path_native		not_on_path_native		not_on_path_native		not_on_path_native	50497565		not_on_path_native		not_on_path_native	50542561	complete
c2-native-attempt-v1	native	1048576	3	warm_followup	1	s1048576-g003-warm01	3b884442bfa64b90884442bfa67b90da	/guest/c2_native_sleep50_r351_direct_events_s1048576_g003	0.0.1@1784738966859	662295f0ac1b5b55993a63365eeab2f6a8d93a8360c6167dfa677587cea4a383	62	true	present	not_on_path_native	not_on_path_native	match	complete	true	ok	8273c149f655	8273c149f655:8	false		false	true	1784739065205404936	1784739065276894324	1784739065549188488	71.480279	54	183.066606	1048576	1048690		unavailable_no_direct_event		not_repeated_warm		not_on_path_native		not_on_path_native		not_on_path_native		not_on_path_native		not_on_path_native		not_on_path_native		not_on_path_native	50222951		not_on_path_native		not_on_path_native	50244652	complete
c2-native-attempt-v1	native	1048576	3	warm_followup	2	s1048576-g003-warm02	869483bcdb914a079483bcdb912a0745	/guest/c2_native_sleep50_r351_direct_events_s1048576_g003	0.0.1@1784738966859	662295f0ac1b5b55993a63365eeab2f6a8d93a8360c6167dfa677587cea4a383	63	true	present	not_on_path_native	not_on_path_native	match	complete	true	ok	8273c149f655	8273c149f655:8	false		false	true	1784739065549335507	1784739065623102568	1784739065898849415	73.767479	55	183.066606	1048576	1048690		unavailable_no_direct_event		not_repeated_warm		not_on_path_native		not_on_path_native		not_on_path_native		not_on_path_native		not_on_path_native		not_on_path_native		not_on_path_native	50371227		not_on_path_native		not_on_path_native	50395610	complete
c2-native-attempt-v1	native	1048576	3	warm_followup	3	s1048576-g003-warm03	6ec9d0adb47543e989d0adb47503e9c6	/guest/c2_native_sleep50_r351_direct_events_s1048576_g003	0.0.1@1784738966859	662295f0ac1b5b55993a63365eeab2f6a8d93a8360c6167dfa677587cea4a383	64	true	present	not_on_path_native	not_on_path_native	match	complete	true	ok	8273c149f655	8273c149f655:8	false		false	true	1784739065898997813	1784739065976446485	1784739065984116441	77.449015	53	183.066606	1048576	1048690		unavailable_no_direct_event		not_repeated_warm		not_on_path_native		not_on_path_native		not_on_path_native		not_on_path_native		not_on_path_native		not_on_path_native		not_on_path_native	50147372		not_on_path_native		not_on_path_native	50153136	complete
c2-native-attempt-v1	native	1048576	3	warm_followup	4	s1048576-g003-warm04	05fc52aac1d946a3bc52aac1d9c6a371	/guest/c2_native_sleep50_r351_direct_events_s1048576_g003	0.0.1@1784738966859	662295f0ac1b5b55993a63365eeab2f6a8d93a8360c6167dfa677587cea4a383	65	true	present	not_on_path_native	not_on_path_native	match	complete	true	ok	8273c149f655	8273c149f655:8	false		false	true	1784739065984294679	1784739066061307966	1784739066071907494	77.013297	53	183.066606	1048576	1048690		unavailable_no_direct_event		not_repeated_warm		not_on_path_native		not_on_path_native		not_on_path_native		not_on_path_native		not_on_path_native		not_on_path_native		not_on_path_native	50276144		not_on_path_native		not_on_path_native	50282306	complete
c2-native-attempt-v1	native	1048576	3	warm_followup	5	s1048576-g003-warm05	fc2f7e17e32f453baf7e17e32f053bb5	/guest/c2_native_sleep50_r351_direct_events_s1048576_g003	0.0.1@1784738966859	662295f0ac1b5b55993a63365eeab2f6a8d93a8360c6167dfa677587cea4a383	66	true	present	not_on_path_native	not_on_path_native	match	complete	true	ok	8273c149f655	8273c149f655:8	false		false	true	1784739066072083184	1784739066144082137	1784739066154043951	71.99908	53	183.066606	1048576	1048690		unavailable_no_direct_event		not_repeated_warm		not_on_path_native		not_on_path_native		not_on_path_native		not_on_path_native		not_on_path_native		not_on_path_native		not_on_path_native	49196481		not_on_path_native		not_on_path_native	49201885	complete
c2-native-attempt-v1	native	4194304	3	fresh_first_use	0	s4194304-g003-fresh	c0f4dee5e0d94436b4dee5e0d9143674	/guest/c2_native_sleep50_r351_direct_events_s4194304_g003	0.0.1@1784738978953	feeac57fd11eebbde05fa3665209421b5ec26b94a453761a6b1b60ac4e2dd453	67	true	present	not_on_path_native	not_on_path_native	match	complete	true	ok	e862faa1205b	e862faa1205b:7	true	228	true	false	1784739066154158505	1784739066699620546	1784739066967478868	545.46282	285	499.519103	4194304	4194418		unavailable_no_direct_event	228000000	activation_annotation_initTime		not_on_path_native		not_on_path_native		not_on_path_native		not_on_path_native		not_on_path_native		not_on_path_native		not_on_path_native	49402372		not_on_path_native		not_on_path_native	49452909	complete
c2-native-attempt-v1	native	4194304	3	warm_followup	1	s4194304-g003-warm01	2d39a6d21bff4d4cb9a6d21bff6d4ce7	/guest/c2_native_sleep50_r351_direct_events_s4194304_g003	0.0.1@1784738978953	feeac57fd11eebbde05fa3665209421b5ec26b94a453761a6b1b60ac4e2dd453	68	true	present	not_on_path_native	not_on_path_native	match	complete	true	ok	e862faa1205b	e862faa1205b:7	false		false	true	1784739066967624209	1784739067046741123	1784739067318458962	79.117033	55	499.519103	4194304	4194418		unavailable_no_direct_event		not_repeated_warm		not_on_path_native		not_on_path_native		not_on_path_native		not_on_path_native		not_on_path_native		not_on_path_native		not_on_path_native	50337957		not_on_path_native		not_on_path_native	50353220	complete
c2-native-attempt-v1	native	4194304	3	warm_followup	2	s4194304-g003-warm02	4841519c843a4d0381519c843aad03bd	/guest/c2_native_sleep50_r351_direct_events_s4194304_g003	0.0.1@1784738978953	feeac57fd11eebbde05fa3665209421b5ec26b94a453761a6b1b60ac4e2dd453	69	true	present	not_on_path_native	not_on_path_native	match	complete	true	ok	e862faa1205b	e862faa1205b:7	false		false	true	1784739067318663152	1784739067397345711	1784739067676559975	78.682807	54	499.519103	4194304	4194418		unavailable_no_direct_event		not_repeated_warm		not_on_path_native		not_on_path_native		not_on_path_native		not_on_path_native		not_on_path_native		not_on_path_native		not_on_path_native	49303521		not_on_path_native		not_on_path_native	49323945	complete
c2-native-attempt-v1	native	4194304	3	warm_followup	3	s4194304-g003-warm03	f9e581a7b6cf4965a581a7b6cff9658e	/guest/c2_native_sleep50_r351_direct_events_s4194304_g003	0.0.1@1784738978953	feeac57fd11eebbde05fa3665209421b5ec26b94a453761a6b1b60ac4e2dd453	70	true	present	not_on_path_native	not_on_path_native	match	complete	true	ok	e862faa1205b	e862faa1205b:7	false		false	true	1784739067676762550	1784739067758922101	1784739067773125850	82.159432	53	499.519103	4194304	4194418		unavailable_no_direct_event		not_repeated_warm		not_on_path_native		not_on_path_native		not_on_path_native		not_on_path_native		not_on_path_native		not_on_path_native		not_on_path_native	50173743		not_on_path_native		not_on_path_native	50179507	complete
c2-native-attempt-v1	native	4194304	3	warm_followup	4	s4194304-g003-warm04	56e7ca38b4174e8ca7ca38b4170e8cd2	/guest/c2_native_sleep50_r351_direct_events_s4194304_g003	0.0.1@1784738978953	feeac57fd11eebbde05fa3665209421b5ec26b94a453761a6b1b60ac4e2dd453	71	true	present	not_on_path_native	not_on_path_native	match	complete	true	ok	e862faa1205b	e862faa1205b:7	false		false	true	1784739067773308524	1784739067852505194	1784739067861940447	79.197088	53	499.519103	4194304	4194418		unavailable_no_direct_event		not_repeated_warm		not_on_path_native		not_on_path_native		not_on_path_native		not_on_path_native		not_on_path_native		not_on_path_native		not_on_path_native	50174178		not_on_path_native		not_on_path_native	50179164	complete
c2-native-attempt-v1	native	4194304	3	warm_followup	5	s4194304-g003-warm05	9dc8611b7355460788611b7355d6078d	/guest/c2_native_sleep50_r351_direct_events_s4194304_g003	0.0.1@1784738978953	feeac57fd11eebbde05fa3665209421b5ec26b94a453761a6b1b60ac4e2dd453	72	true	present	not_on_path_native	not_on_path_native	match	complete	true	ok	e862faa1205b	e862faa1205b:7	false		false	true	1784739067862140088	1784739067930552470	1784739068198922293	68.412599	52	499.519103	4194304	4194418		unavailable_no_direct_event		not_repeated_warm		not_on_path_native		not_on_path_native		not_on_path_native		not_on_path_native		not_on_path_native		not_on_path_native		not_on_path_native	50156060		not_on_path_native		not_on_path_native	50161288	complete
c2-native-attempt-v1	native	65536	4	fresh_first_use	0	s65536-g004-fresh	b3ffefd8fd3c4ea8bfefd8fd3c2ea884	/guest/c2_native_sleep50_r351_direct_events_s65536_g004	0.0.1@1784738954907	03c30ff29e958617f03e4f57d73d5c4d8c20cfac94fb577458930f52a30ccdf2	73	true	present	not_on_path_native	not_on_path_native	match	complete	true	ok	70e0590df74d	70e0590df74d:8	true	123	true	false	1784739068199057338	1784739068613095322	1784739068620761979	414.038432	183	59.931232	65536	65650		unavailable_no_direct_event	123000000	activation_annotation_initTime		not_on_path_native		not_on_path_native		not_on_path_native		not_on_path_native		not_on_path_native		not_on_path_native		not_on_path_native	49768527		not_on_path_native		not_on_path_native	49826820	complete
c2-native-attempt-v1	native	65536	4	warm_followup	1	s65536-g004-warm01	48e8180484f0427ba8180484f0527b28	/guest/c2_native_sleep50_r351_direct_events_s65536_g004	0.0.1@1784738954907	03c30ff29e958617f03e4f57d73d5c4d8c20cfac94fb577458930f52a30ccdf2	74	true	present	not_on_path_native	not_on_path_native	match	complete	true	ok	70e0590df74d	70e0590df74d:8	false		false	true	1784739068620889137	1784739068701785203	1784739068717641179	80.896195	53	59.931232	65536	65650		unavailable_no_direct_event		not_repeated_warm		not_on_path_native		not_on_path_native		not_on_path_native		not_on_path_native		not_on_path_native		not_on_path_native		not_on_path_native	49333862		not_on_path_native		not_on_path_native	49363485	complete
c2-native-attempt-v1	native	65536	4	warm_followup	2	s65536-g004-warm02	44baa9ba6c2b4bbbbaa9ba6c2bdbbb2f	/guest/c2_native_sleep50_r351_direct_events_s65536_g004	0.0.1@1784738954907	03c30ff29e958617f03e4f57d73d5c4d8c20cfac94fb577458930f52a30ccdf2	75	true	present	not_on_path_native	not_on_path_native	match	complete	true	ok	70e0590df74d	70e0590df74d:8	false		false	true	1784739068717795317	1784739068801604130	1784739068815519137	83.809576	55	59.931232	65536	65650		unavailable_no_direct_event		not_repeated_warm		not_on_path_native		not_on_path_native		not_on_path_native		not_on_path_native		not_on_path_native		not_on_path_native		not_on_path_native	50510080		not_on_path_native		not_on_path_native	50553248	complete
c2-native-attempt-v1	native	65536	4	warm_followup	3	s65536-g004-warm03	eeb489177c2b497cb489177c2be97cdf	/guest/c2_native_sleep50_r351_direct_events_s65536_g004	0.0.1@1784738954907	03c30ff29e958617f03e4f57d73d5c4d8c20cfac94fb577458930f52a30ccdf2	76	true	present	not_on_path_native	not_on_path_native	match	complete	true	ok	70e0590df74d	70e0590df74d:8	false		false	true	1784739068815703913	1784739068888235974	1784739069157567886	72.53305	54	59.931232	65536	65650		unavailable_no_direct_event		not_repeated_warm		not_on_path_native		not_on_path_native		not_on_path_native		not_on_path_native		not_on_path_native		not_on_path_native		not_on_path_native	50229240		not_on_path_native		not_on_path_native	50237652	complete
c2-native-attempt-v1	native	65536	4	warm_followup	4	s65536-g004-warm04	33c07520e4de4fc6807520e4de9fc621	/guest/c2_native_sleep50_r351_direct_events_s65536_g004	0.0.1@1784738954907	03c30ff29e958617f03e4f57d73d5c4d8c20cfac94fb577458930f52a30ccdf2	77	true	present	not_on_path_native	not_on_path_native	match	complete	true	ok	70e0590df74d	70e0590df74d:8	false		false	true	1784739069157699206	1784739069226832521	1784739069237174587	69.133334	53	59.931232	65536	65650		unavailable_no_direct_event		not_repeated_warm		not_on_path_native		not_on_path_native		not_on_path_native		not_on_path_native		not_on_path_native		not_on_path_native		not_on_path_native	50209947		not_on_path_native		not_on_path_native	50217332	complete
c2-native-attempt-v1	native	65536	4	warm_followup	5	s65536-g004-warm05	c96fb3ea574a4c34afb3ea574adc3432	/guest/c2_native_sleep50_r351_direct_events_s65536_g004	0.0.1@1784738954907	03c30ff29e958617f03e4f57d73d5c4d8c20cfac94fb577458930f52a30ccdf2	78	true	present	not_on_path_native	not_on_path_native	match	complete	true	ok	70e0590df74d	70e0590df74d:8	false		false	true	1784739069237297897	1784739069314445484	1784739069323297125	77.147516	53	59.931232	65536	65650		unavailable_no_direct_event		not_repeated_warm		not_on_path_native		not_on_path_native		not_on_path_native		not_on_path_native		not_on_path_native		not_on_path_native		not_on_path_native	50205231		not_on_path_native		not_on_path_native	50221657	complete
c2-native-attempt-v1	native	262144	4	fresh_first_use	0	s262144-g004-fresh	00f712585d724b57b712585d72ab57da	/guest/c2_native_sleep50_r351_direct_events_s262144_g004	0.0.1@1784738960587	ea7c37b9906c6bb98f81070fca8c2cd85f196d8159bc181855a1afa583de560c	79	true	present	not_on_path_native	not_on_path_native	match	complete	true	ok	70429aa54366	70429aa54366:9	true	177	true	false	1784739069323436869	1784739069875853879	1784739069884723265	552.417845	235	71.977331	262144	262258		unavailable_no_direct_event	177000000	activation_annotation_initTime		not_on_path_native		not_on_path_native		not_on_path_native		not_on_path_native		not_on_path_native		not_on_path_native		not_on_path_native	50707024		not_on_path_native		not_on_path_native	50758543	complete
c2-native-attempt-v1	native	262144	4	warm_followup	1	s262144-g004-warm01	b38eeb1f06454b5e8eeb1f06450b5eff	/guest/c2_native_sleep50_r351_direct_events_s262144_g004	0.0.1@1784738960587	ea7c37b9906c6bb98f81070fca8c2cd85f196d8159bc181855a1afa583de560c	80	true	present	not_on_path_native	not_on_path_native	match	complete	true	ok	70429aa54366	70429aa54366:9	false		false	true	1784739069884856437	1784739069962039534	1784739070232488087	77.182761	58	71.977331	262144	262258		unavailable_no_direct_event		not_repeated_warm		not_on_path_native		not_on_path_native		not_on_path_native		not_on_path_native		not_on_path_native		not_on_path_native		not_on_path_native	51350638		not_on_path_native		not_on_path_native	51376793	complete
c2-native-attempt-v1	native	262144	4	warm_followup	2	s262144-g004-warm02	e70d57d5847047c68d57d5847017c615	/guest/c2_native_sleep50_r351_direct_events_s262144_g004	0.0.1@1784738960587	ea7c37b9906c6bb98f81070fca8c2cd85f196d8159bc181855a1afa583de560c	81	true	present	not_on_path_native	not_on_path_native	match	complete	true	ok	70429aa54366	70429aa54366:9	false		false	true	1784739070232628484	1784739070310230336	1784739070575833566	77.601991	55	71.977331	262144	262258		unavailable_no_direct_event		not_repeated_warm		not_on_path_native		not_on_path_native		not_on_path_native		not_on_path_native		not_on_path_native		not_on_path_native		not_on_path_native	50390937		not_on_path_native		not_on_path_native	50421351	complete
c2-native-attempt-v1	native	262144	4	warm_followup	3	s262144-g004-warm03	fadce7b0b20c4cf59ce7b0b20cecf531	/guest/c2_native_sleep50_r351_direct_events_s262144_g004	0.0.1@1784738960587	ea7c37b9906c6bb98f81070fca8c2cd85f196d8159bc181855a1afa583de560c	82	true	present	not_on_path_native	not_on_path_native	match	complete	true	ok	70429aa54366	70429aa54366:9	false		false	true	1784739070575960592	1784739070652347628	1784739070919856618	76.387239	54	71.977331	262144	262258		unavailable_no_direct_event		not_repeated_warm		not_on_path_native		not_on_path_native		not_on_path_native		not_on_path_native		not_on_path_native		not_on_path_native		not_on_path_native	50207857		not_on_path_native		not_on_path_native	50214206	complete
c2-native-attempt-v1	native	262144	4	warm_followup	4	s262144-g004-warm04	955b4586e74043689b4586e7404368fe	/guest/c2_native_sleep50_r351_direct_events_s262144_g004	0.0.1@1784738960587	ea7c37b9906c6bb98f81070fca8c2cd85f196d8159bc181855a1afa583de560c	83	true	present	not_on_path_native	not_on_path_native	match	complete	true	ok	70429aa54366	70429aa54366:9	false		false	true	1784739070919990857	1784739071004114785	1784739071280729796	84.124073	54	71.977331	262144	262258		unavailable_no_direct_event		not_repeated_warm		not_on_path_native		not_on_path_native		not_on_path_native		not_on_path_native		not_on_path_native		not_on_path_native		not_on_path_native	50227891		not_on_path_native		not_on_path_native	50235333	complete
c2-native-attempt-v1	native	262144	4	warm_followup	5	s262144-g004-warm05	1da32589371f494fa32589371fc94f14	/guest/c2_native_sleep50_r351_direct_events_s262144_g004	0.0.1@1784738960587	ea7c37b9906c6bb98f81070fca8c2cd85f196d8159bc181855a1afa583de560c	84	true	present	not_on_path_native	not_on_path_native	match	complete	true	ok	70429aa54366	70429aa54366:9	false		false	true	1784739071280938307	1784739071359297371	1784739071629254213	78.359171	54	71.977331	262144	262258		unavailable_no_direct_event		not_repeated_warm		not_on_path_native		not_on_path_native		not_on_path_native		not_on_path_native		not_on_path_native		not_on_path_native		not_on_path_native	50191769		not_on_path_native		not_on_path_native	50198799	complete
c2-native-attempt-v1	native	1048576	4	fresh_first_use	0	s1048576-g004-fresh	153abd667274457ebabd667274557e91	/guest/c2_native_sleep50_r351_direct_events_s1048576_g004	0.0.1@1784738967132	84acc8b94a4346d5d26ca5652c2be37d5cf99690113cf2b10e5a82c394629c7a	85	true	present	not_on_path_native	not_on_path_native	match	complete	true	ok	8cf909460e06	8cf909460e06:8	true	262	true	false	1784739071629410269	1784739072204655169	1784739072479031062	575.245384	340	176.837849	1048576	1048690		unavailable_no_direct_event	262000000	activation_annotation_initTime		not_on_path_native		not_on_path_native		not_on_path_native		not_on_path_native		not_on_path_native		not_on_path_native		not_on_path_native	55242986		not_on_path_native		not_on_path_native	55307749	complete
c2-native-attempt-v1	native	1048576	4	warm_followup	1	s1048576-g004-warm01	103243670ca243ecb243670ca223ec9f	/guest/c2_native_sleep50_r351_direct_events_s1048576_g004	0.0.1@1784738967132	84acc8b94a4346d5d26ca5652c2be37d5cf99690113cf2b10e5a82c394629c7a	86	true	present	not_on_path_native	not_on_path_native	match	complete	true	ok	8cf909460e06	8cf909460e06:8	false		false	true	1784739072479259067	1784739072585938923	1784739072859334476	106.679812	75	176.837849	1048576	1048690		unavailable_no_direct_event		not_repeated_warm		not_on_path_native		not_on_path_native		not_on_path_native		not_on_path_native		not_on_path_native		not_on_path_native		not_on_path_native	50281664		not_on_path_native		not_on_path_native	50305522	complete
c2-native-attempt-v1	native	1048576	4	warm_followup	2	s1048576-g004-warm02	e63c3c133f1b4525bc3c133f1bf52577	/guest/c2_native_sleep50_r351_direct_events_s1048576_g004	0.0.1@1784738967132	84acc8b94a4346d5d26ca5652c2be37d5cf99690113cf2b10e5a82c394629c7a	87	true	present	not_on_path_native	not_on_path_native	match	complete	true	ok	8cf909460e06	8cf909460e06:8	false		false	true	1784739072859497150	1784739072940722125	1784739073209030806	81.225242	55	176.837849	1048576	1048690		unavailable_no_direct_event		not_repeated_warm		not_on_path_native		not_on_path_native		not_on_path_native		not_on_path_native		not_on_path_native		not_on_path_native		not_on_path_native	49396907		not_on_path_native		not_on_path_native	49424308	complete
c2-native-attempt-v1	native	1048576	4	warm_followup	3	s1048576-g004-warm03	614a7254767742388a72547677023863	/guest/c2_native_sleep50_r351_direct_events_s1048576_g004	0.0.1@1784738967132	84acc8b94a4346d5d26ca5652c2be37d5cf99690113cf2b10e5a82c394629c7a	88	true	present	not_on_path_native	not_on_path_native	match	complete	true	ok	8cf909460e06	8cf909460e06:8	false		false	true	1784739073209173032	1784739073283080886	1784739073293258476	73.908295	54	176.837849	1048576	1048690		unavailable_no_direct_event		not_repeated_warm		not_on_path_native		not_on_path_native		not_on_path_native		not_on_path_native		not_on_path_native		not_on_path_native		not_on_path_native	50258363		not_on_path_native		not_on_path_native	50265916	complete
c2-native-attempt-v1	native	1048576	4	warm_followup	4	s1048576-g004-warm04	17db85ed98b443529b85ed98b40352ba	/guest/c2_native_sleep50_r351_direct_events_s1048576_g004	0.0.1@1784738967132	84acc8b94a4346d5d26ca5652c2be37d5cf99690113cf2b10e5a82c394629c7a	89	true	present	not_on_path_native	not_on_path_native	match	complete	true	ok	8cf909460e06	8cf909460e06:8	false		false	true	1784739073293387214	1784739073367198196	1784739073375577426	73.811214	54	176.837849	1048576	1048690		unavailable_no_direct_event		not_repeated_warm		not_on_path_native		not_on_path_native		not_on_path_native		not_on_path_native		not_on_path_native		not_on_path_native		not_on_path_native	50205582		not_on_path_native		not_on_path_native	50212458	complete
c2-native-attempt-v1	native	1048576	4	warm_followup	5	s1048576-g004-warm05	c964d28445b44e0ba4d28445b42e0bfd	/guest/c2_native_sleep50_r351_direct_events_s1048576_g004	0.0.1@1784738967132	84acc8b94a4346d5d26ca5652c2be37d5cf99690113cf2b10e5a82c394629c7a	90	true	present	not_on_path_native	not_on_path_native	match	complete	true	ok	8cf909460e06	8cf909460e06:8	false		false	true	1784739073375732087	1784739073448739132	1784739073460848373	73.007461	56	176.837849	1048576	1048690		unavailable_no_direct_event		not_repeated_warm		not_on_path_native		not_on_path_native		not_on_path_native		not_on_path_native		not_on_path_native		not_on_path_native		not_on_path_native	50202237		not_on_path_native		not_on_path_native	50208819	complete
c2-native-attempt-v1	native	4194304	4	fresh_first_use	0	s4194304-g004-fresh	7ec3ee761a6149c483ee761a6139c4fa	/guest/c2_native_sleep50_r351_direct_events_s4194304_g004	0.0.1@1784738979580	10da61bbe8cdb1d6aac8245b3a390b344b57d5467ac89fab57effc73a4ef33ab	91	true	present	not_on_path_native	not_on_path_native	match	complete	true	ok	0ea90a78b887	0ea90a78b887:8	true	346	true	false	1784739073460978164	1784739074030721613	1784739074048709948	569.744037	406	528.882454	4194304	4194418		unavailable_no_direct_event	346000000	activation_annotation_initTime		not_on_path_native		not_on_path_native		not_on_path_native		not_on_path_native		not_on_path_native		not_on_path_native		not_on_path_native	49757671		not_on_path_native		not_on_path_native	49811006	complete
c2-native-attempt-v1	native	4194304	4	warm_followup	1	s4194304-g004-warm01	6bef1a5f96db45cfaf1a5f96dbe5cf41	/guest/c2_native_sleep50_r351_direct_events_s4194304_g004	0.0.1@1784738979580	10da61bbe8cdb1d6aac8245b3a390b344b57d5467ac89fab57effc73a4ef33ab	92	true	present	not_on_path_native	not_on_path_native	match	complete	true	ok	0ea90a78b887	0ea90a78b887:8	false		false	true	1784739074048907895	1784739074138832559	1784739074148103611	89.9246	55	528.882454	4194304	4194418		unavailable_no_direct_event		not_repeated_warm		not_on_path_native		not_on_path_native		not_on_path_native		not_on_path_native		not_on_path_native		not_on_path_native		not_on_path_native	50336223		not_on_path_native		not_on_path_native	50357178	complete
c2-native-attempt-v1	native	4194304	4	warm_followup	2	s4194304-g004-warm02	3dac5fca4b72475dac5fca4b72a75d10	/guest/c2_native_sleep50_r351_direct_events_s4194304_g004	0.0.1@1784738979580	10da61bbe8cdb1d6aac8245b3a390b344b57d5467ac89fab57effc73a4ef33ab	93	true	present	not_on_path_native	not_on_path_native	match	complete	true	ok	0ea90a78b887	0ea90a78b887:8	false		false	true	1784739074148312374	1784739074223448620	1784739074232059870	75.136261	53	528.882454	4194304	4194418		unavailable_no_direct_event		not_repeated_warm		not_on_path_native		not_on_path_native		not_on_path_native		not_on_path_native		not_on_path_native		not_on_path_native		not_on_path_native	49658524		not_on_path_native		not_on_path_native	49679714	complete
c2-native-attempt-v1	native	4194304	4	warm_followup	3	s4194304-g004-warm03	353575846f1f49bbb575846f1f19bbe1	/guest/c2_native_sleep50_r351_direct_events_s4194304_g004	0.0.1@1784738979580	10da61bbe8cdb1d6aac8245b3a390b344b57d5467ac89fab57effc73a4ef33ab	94	true	present	not_on_path_native	not_on_path_native	match	complete	true	ok	0ea90a78b887	0ea90a78b887:8	false		false	true	1784739074232186737	1784739074301567682	1784739074317865768	69.381047	55	528.882454	4194304	4194418		unavailable_no_direct_event		not_repeated_warm		not_on_path_native		not_on_path_native		not_on_path_native		not_on_path_native		not_on_path_native		not_on_path_native		not_on_path_native	50228418		not_on_path_native		not_on_path_native	50234614	complete
c2-native-attempt-v1	native	4194304	4	warm_followup	4	s4194304-g004-warm04	370323ebe8c242768323ebe8c24276fa	/guest/c2_native_sleep50_r351_direct_events_s4194304_g004	0.0.1@1784738979580	10da61bbe8cdb1d6aac8245b3a390b344b57d5467ac89fab57effc73a4ef33ab	95	true	present	not_on_path_native	not_on_path_native	match	complete	true	ok	0ea90a78b887	0ea90a78b887:8	false		false	true	1784739074317994428	1784739074395119061	1784739074402371403	77.124673	51	528.882454	4194304	4194418		unavailable_no_direct_event		not_repeated_warm		not_on_path_native		not_on_path_native		not_on_path_native		not_on_path_native		not_on_path_native		not_on_path_native		not_on_path_native	49227288		not_on_path_native		not_on_path_native	49232163	complete
c2-native-attempt-v1	native	4194304	4	warm_followup	5	s4194304-g004-warm05	d07b77c91d9d4062bb77c91d9df0626d	/guest/c2_native_sleep50_r351_direct_events_s4194304_g004	0.0.1@1784738979580	10da61bbe8cdb1d6aac8245b3a390b344b57d5467ac89fab57effc73a4ef33ab	96	true	present	not_on_path_native	not_on_path_native	match	complete	true	ok	0ea90a78b887	0ea90a78b887:8	false		false	true	1784739074402489721	1784739074476538877	1784739074484951354	74.049622	52	528.882454	4194304	4194418		unavailable_no_direct_event		not_repeated_warm		not_on_path_native		not_on_path_native		not_on_path_native		not_on_path_native		not_on_path_native		not_on_path_native		not_on_path_native	50181401		not_on_path_native		not_on_path_native	50186645	complete
c2-native-attempt-v1	native	65536	5	fresh_first_use	0	s65536-g005-fresh	2a78c3eb42de4c25b8c3eb42decc2593	/guest/c2_native_sleep50_r351_direct_events_s65536_g005	0.0.1@1784738955055	e49bcbc296e2090e26e5fabf9961fd6072a600eb7281d7a3f18aa5518fb0dc5f	97	true	present	not_on_path_native	not_on_path_native	match	complete	true	ok	7ce3862e267a	7ce3862e267a:8	true	136	true	false	1784739074485072149	1784739074816642044	1784739074825650353	331.570373	200	60.914037	65536	65650		unavailable_no_direct_event	136000000	activation_annotation_initTime		not_on_path_native		not_on_path_native		not_on_path_native		not_on_path_native		not_on_path_native		not_on_path_native		not_on_path_native	50979726		not_on_path_native		not_on_path_native	51040107	complete
c2-native-attempt-v1	native	65536	5	warm_followup	1	s65536-g005-warm01	49ce915b0c8e41bf8e915b0c8e21bf5c	/guest/c2_native_sleep50_r351_direct_events_s65536_g005	0.0.1@1784738955055	e49bcbc296e2090e26e5fabf9961fd6072a600eb7281d7a3f18aa5518fb0dc5f	98	true	present	not_on_path_native	not_on_path_native	match	complete	true	ok	7ce3862e267a	7ce3862e267a:8	false		false	true	1784739074825774370	1784739074912258657	1784739074919869554	86.484846	62	60.914037	65536	65650		unavailable_no_direct_event		not_repeated_warm		not_on_path_native		not_on_path_native		not_on_path_native		not_on_path_native		not_on_path_native		not_on_path_native		not_on_path_native	50412970		not_on_path_native		not_on_path_native	50445764	complete
c2-native-attempt-v1	native	65536	5	warm_followup	2	s65536-g005-warm02	016aec702a334dfcaaec702a33edfc94	/guest/c2_native_sleep50_r351_direct_events_s65536_g005	0.0.1@1784738955055	e49bcbc296e2090e26e5fabf9961fd6072a600eb7281d7a3f18aa5518fb0dc5f	99	true	present	not_on_path_native	not_on_path_native	match	complete	true	ok	7ce3862e267a	7ce3862e267a:8	false		false	true	1784739074920069459	1784739074999161832	1784739075269329108	79.092161	55	60.914037	65536	65650		unavailable_no_direct_event		not_repeated_warm		not_on_path_native		not_on_path_native		not_on_path_native		not_on_path_native		not_on_path_native		not_on_path_native		not_on_path_native	50346750		not_on_path_native		not_on_path_native	50370197	complete
c2-native-attempt-v1	native	65536	5	warm_followup	3	s65536-g005-warm03	e74e639d6f464f318e639d6f46ff31c7	/guest/c2_native_sleep50_r351_direct_events_s65536_g005	0.0.1@1784738955055	e49bcbc296e2090e26e5fabf9961fd6072a600eb7281d7a3f18aa5518fb0dc5f	100	true	present	not_on_path_native	not_on_path_native	match	complete	true	ok	7ce3862e267a	7ce3862e267a:8	false		false	true	1784739075269462882	1784739075343714383	1784739075609253816	74.251723	54	60.914037	65536	65650		unavailable_no_direct_event		not_repeated_warm		not_on_path_native		not_on_path_native		not_on_path_native		not_on_path_native		not_on_path_native		not_on_path_native		not_on_path_native	50204332		not_on_path_native		not_on_path_native	50211929	complete
c2-native-attempt-v1	native	65536	5	warm_followup	4	s65536-g005-warm04	dea545ae5e9e478da545ae5e9e678d8b	/guest/c2_native_sleep50_r351_direct_events_s65536_g005	0.0.1@1784738955055	e49bcbc296e2090e26e5fabf9961fd6072a600eb7281d7a3f18aa5518fb0dc5f	101	true	present	not_on_path_native	not_on_path_native	match	complete	true	ok	7ce3862e267a	7ce3862e267a:8	false		false	true	1784739075609388579	1784739075697600598	1784739075705251702	88.211969	56	60.914037	65536	65650		unavailable_no_direct_event		not_repeated_warm		not_on_path_native		not_on_path_native		not_on_path_native		not_on_path_native		not_on_path_native		not_on_path_native		not_on_path_native	50254346		not_on_path_native		not_on_path_native	50263444	complete
c2-native-attempt-v1	native	65536	5	warm_followup	5	s65536-g005-warm05	299fd726cdfc4db09fd726cdfc9db090	/guest/c2_native_sleep50_r351_direct_events_s65536_g005	0.0.1@1784738955055	e49bcbc296e2090e26e5fabf9961fd6072a600eb7281d7a3f18aa5518fb0dc5f	102	true	present	not_on_path_native	not_on_path_native	match	complete	true	ok	7ce3862e267a	7ce3862e267a:8	false		false	true	1784739075705387625	1784739075777850866	1784739076045005483	72.463322	54	60.914037	65536	65650		unavailable_no_direct_event		not_repeated_warm		not_on_path_native		not_on_path_native		not_on_path_native		not_on_path_native		not_on_path_native		not_on_path_native		not_on_path_native	50215458		not_on_path_native		not_on_path_native	50223220	complete
c2-native-attempt-v1	native	262144	5	fresh_first_use	0	s262144-g005-fresh	65bef2771b284448bef2771b288448e0	/guest/c2_native_sleep50_r351_direct_events_s262144_g005	0.0.1@1784738960787	f876a159176f63ec5cbfb3373201f169e6e26c519b1ec0550f333591496e399d	103	true	present	not_on_path_native	not_on_path_native	match	complete	true	ok	e88cac333125	e88cac333125:8	true	114	true	false	1784739076045134788	1784739076465789507	1784739076739503553	420.655381	196	126.742471	262144	262258		unavailable_no_direct_event	114000000	activation_annotation_initTime		not_on_path_native		not_on_path_native		not_on_path_native		not_on_path_native		not_on_path_native		not_on_path_native		not_on_path_native	53403182		not_on_path_native		not_on_path_native	53685388	complete
c2-native-attempt-v1	native	262144	5	warm_followup	1	s262144-g005-warm01	f01f5c26de24448d9f5c26de24048d4c	/guest/c2_native_sleep50_r351_direct_events_s262144_g005	0.0.1@1784738960787	f876a159176f63ec5cbfb3373201f169e6e26c519b1ec0550f333591496e399d	104	true	present	not_on_path_native	not_on_path_native	match	complete	true	ok	e88cac333125	e88cac333125:8	false		false	true	1784739076739685397	1784739076821690612	1784739076830755096	82.00525	54	126.742471	262144	262258		unavailable_no_direct_event		not_repeated_warm		not_on_path_native		not_on_path_native		not_on_path_native		not_on_path_native		not_on_path_native		not_on_path_native		not_on_path_native	50286366		not_on_path_native		not_on_path_native	50306646	complete
c2-native-attempt-v1	native	262144	5	warm_followup	2	s262144-g005-warm02	01e1c55dc5d041dca1c55dc5d001dc28	/guest/c2_native_sleep50_r351_direct_events_s262144_g005	0.0.1@1784738960787	f876a159176f63ec5cbfb3373201f169e6e26c519b1ec0550f333591496e399d	105	true	present	not_on_path_native	not_on_path_native	match	complete	true	ok	e88cac333125	e88cac333125:8	false		false	true	1784739076830882976	1784739076897462835	1784739077167739465	66.579814	53	126.742471	262144	262258		unavailable_no_direct_event		not_repeated_warm		not_on_path_native		not_on_path_native		not_on_path_native		not_on_path_native		not_on_path_native		not_on_path_native		not_on_path_native	50311419		not_on_path_native		not_on_path_native	50333650	complete
c2-native-attempt-v1	native	262144	5	warm_followup	3	s262144-g005-warm03	313ded201bd34461bded201bd3046162	/guest/c2_native_sleep50_r351_direct_events_s262144_g005	0.0.1@1784738960787	f876a159176f63ec5cbfb3373201f169e6e26c519b1ec0550f333591496e399d	106	true	present	not_on_path_native	not_on_path_native	match	complete	true	ok	e88cac333125	e88cac333125:8	false		false	true	1784739077167875002	1784739077243476161	1784739077251733376	75.601376	54	126.742471	262144	262258		unavailable_no_direct_event		not_repeated_warm		not_on_path_native		not_on_path_native		not_on_path_native		not_on_path_native		not_on_path_native		not_on_path_native		not_on_path_native	50214128		not_on_path_native		not_on_path_native	50220481	complete
c2-native-attempt-v1	native	262144	5	warm_followup	4	s262144-g005-warm04	7dd8888d6b4e48c798888d6b4e18c736	/guest/c2_native_sleep50_r351_direct_events_s262144_g005	0.0.1@1784738960787	f876a159176f63ec5cbfb3373201f169e6e26c519b1ec0550f333591496e399d	107	true	present	not_on_path_native	not_on_path_native	match	complete	true	ok	e88cac333125	e88cac333125:8	false		false	true	1784739077251854645	1784739077325854113	1784739077335866756	73.999614	52	126.742471	262144	262258		unavailable_no_direct_event		not_repeated_warm		not_on_path_native		not_on_path_native		not_on_path_native		not_on_path_native		not_on_path_native		not_on_path_native		not_on_path_native	50179533		not_on_path_native		not_on_path_native	50186141	complete
c2-native-attempt-v1	native	262144	5	warm_followup	5	s262144-g005-warm05	db7e9dca83b14b8cbe9dca83b14b8c98	/guest/c2_native_sleep50_r351_direct_events_s262144_g005	0.0.1@1784738960787	f876a159176f63ec5cbfb3373201f169e6e26c519b1ec0550f333591496e399d	108	true	present	not_on_path_native	not_on_path_native	match	complete	true	ok	e88cac333125	e88cac333125:8	false		false	true	1784739077336051644	1784739077406024452	1784739077418221302	69.972949	52	126.742471	262144	262258		unavailable_no_direct_event		not_repeated_warm		not_on_path_native		not_on_path_native		not_on_path_native		not_on_path_native		not_on_path_native		not_on_path_native		not_on_path_native	50194071		not_on_path_native		not_on_path_native	50199968	complete
c2-native-attempt-v1	native	1048576	5	fresh_first_use	0	s1048576-g005-fresh	fd5731415506438e9731415506738e1d	/guest/c2_native_sleep50_r351_direct_events_s1048576_g005	0.0.1@1784738967405	058c58c88484d0e7e042c5135fe7e3ba52281db9f08b532b03e5162d10bd47fe	109	true	present	not_on_path_native	not_on_path_native	match	complete	true	ok	99dacbcbc7d0	99dacbcbc7d0:8	true	201	true	false	1784739077418405947	1784739077949629325	1784739077958461262	531.224282	258	181.515622	1048576	1048690		unavailable_no_direct_event	201000000	activation_annotation_initTime		not_on_path_native		not_on_path_native		not_on_path_native		not_on_path_native		not_on_path_native		not_on_path_native		not_on_path_native	50103407		not_on_path_native		not_on_path_native	50161539	complete
c2-native-attempt-v1	native	1048576	5	warm_followup	1	s1048576-g005-warm01	83df4826295e42ca9f4826295ec2cada	/guest/c2_native_sleep50_r351_direct_events_s1048576_g005	0.0.1@1784738967405	058c58c88484d0e7e042c5135fe7e3ba52281db9f08b532b03e5162d10bd47fe	110	true	present	not_on_path_native	not_on_path_native	match	complete	true	ok	99dacbcbc7d0	99dacbcbc7d0:8	false		false	true	1784739077958596463	1784739078064842554	1784739078073500153	106.246604	66	181.515622	1048576	1048690		unavailable_no_direct_event		not_repeated_warm		not_on_path_native		not_on_path_native		not_on_path_native		not_on_path_native		not_on_path_native		not_on_path_native		not_on_path_native	50212498		not_on_path_native		not_on_path_native	50235108	complete
c2-native-attempt-v1	native	1048576	5	warm_followup	2	s1048576-g005-warm02	16b40100de6f400eb40100de6fd00ec8	/guest/c2_native_sleep50_r351_direct_events_s1048576_g005	0.0.1@1784738967405	058c58c88484d0e7e042c5135fe7e3ba52281db9f08b532b03e5162d10bd47fe	111	true	present	not_on_path_native	not_on_path_native	match	complete	true	ok	99dacbcbc7d0	99dacbcbc7d0:8	false		false	true	1784739078073683644	1784739078157009263	1784739078424519198	83.325969	54	181.515622	1048576	1048690		unavailable_no_direct_event		not_repeated_warm		not_on_path_native		not_on_path_native		not_on_path_native		not_on_path_native		not_on_path_native		not_on_path_native		not_on_path_native	49512172		not_on_path_native		not_on_path_native	49537880	complete
c2-native-attempt-v1	native	1048576	5	warm_followup	3	s1048576-g005-warm03	cad4c03cb6a6453594c03cb6a6353517	/guest/c2_native_sleep50_r351_direct_events_s1048576_g005	0.0.1@1784738967405	058c58c88484d0e7e042c5135fe7e3ba52281db9f08b532b03e5162d10bd47fe	112	true	present	not_on_path_native	not_on_path_native	match	complete	true	ok	99dacbcbc7d0	99dacbcbc7d0:8	false		false	true	1784739078424664564	1784739078497574665	1784739078509794738	72.910141	54	181.515622	1048576	1048690		unavailable_no_direct_event		not_repeated_warm		not_on_path_native		not_on_path_native		not_on_path_native		not_on_path_native		not_on_path_native		not_on_path_native		not_on_path_native	50274072		not_on_path_native		not_on_path_native	50281046	complete
c2-native-attempt-v1	native	1048576	5	warm_followup	4	s1048576-g005-warm04	9d0bc02ddab849de8bc02ddab809dee5	/guest/c2_native_sleep50_r351_direct_events_s1048576_g005	0.0.1@1784738967405	058c58c88484d0e7e042c5135fe7e3ba52281db9f08b532b03e5162d10bd47fe	113	true	present	not_on_path_native	not_on_path_native	match	complete	true	ok	99dacbcbc7d0	99dacbcbc7d0:8	false		false	true	1784739078509987246	1784739078592189955	1784739078861324553	82.202725	56	181.515622	1048576	1048690		unavailable_no_direct_event		not_repeated_warm		not_on_path_native		not_on_path_native		not_on_path_native		not_on_path_native		not_on_path_native		not_on_path_native		not_on_path_native	49333412		not_on_path_native		not_on_path_native	49341642	complete
c2-native-attempt-v1	native	1048576	5	warm_followup	5	s1048576-g005-warm05	7581ba23fd014fb581ba23fd01afb594	/guest/c2_native_sleep50_r351_direct_events_s1048576_g005	0.0.1@1784738967405	058c58c88484d0e7e042c5135fe7e3ba52281db9f08b532b03e5162d10bd47fe	114	true	present	not_on_path_native	not_on_path_native	match	complete	true	ok	99dacbcbc7d0	99dacbcbc7d0:8	false		false	true	1784739078861466787	1784739078933228925	1784739079198761585	71.762316	53	181.515622	1048576	1048690		unavailable_no_direct_event		not_repeated_warm		not_on_path_native		not_on_path_native		not_on_path_native		not_on_path_native		not_on_path_native		not_on_path_native		not_on_path_native	50229176		not_on_path_native		not_on_path_native	50236870	complete
c2-native-attempt-v1	native	4194304	5	fresh_first_use	0	s4194304-g005-fresh	5fb66caaa1304b73b66caaa130ab737f	/guest/c2_native_sleep50_r351_direct_events_s4194304_g005	0.0.1@1784738980358	18aae783a36b1ee3747d07fab6a7da9fc32d2fcc1ca5392d318466db7c0a653d	115	true	present	not_on_path_native	not_on_path_native	match	complete	true	ok	c018516ccd11	c018516ccd11:8	true	338	true	false	1784739079198901025	1784739079739975869	1784739080007627572	541.075358	396	510.557189	4194304	4194418		unavailable_no_direct_event	338000000	activation_annotation_initTime		not_on_path_native		not_on_path_native		not_on_path_native		not_on_path_native		not_on_path_native		not_on_path_native		not_on_path_native	50905961		not_on_path_native		not_on_path_native	50963168	complete
c2-native-attempt-v1	native	4194304	5	warm_followup	1	s4194304-g005-warm01	cc8d679ff7db43718d679ff7db937197	/guest/c2_native_sleep50_r351_direct_events_s4194304_g005	0.0.1@1784738980358	18aae783a36b1ee3747d07fab6a7da9fc32d2fcc1ca5392d318466db7c0a653d	116	true	present	not_on_path_native	not_on_path_native	match	complete	true	ok	c018516ccd11	c018516ccd11:8	false		false	true	1784739080007765196	1784739080080010898	1784739080349741187	72.245785	53	510.557189	4194304	4194418		unavailable_no_direct_event		not_repeated_warm		not_on_path_native		not_on_path_native		not_on_path_native		not_on_path_native		not_on_path_native		not_on_path_native		not_on_path_native	50185754		not_on_path_native		not_on_path_native	50200684	complete
c2-native-attempt-v1	native	4194304	5	warm_followup	2	s4194304-g005-warm02	21038d2713644158838d271364a15875	/guest/c2_native_sleep50_r351_direct_events_s4194304_g005	0.0.1@1784738980358	18aae783a36b1ee3747d07fab6a7da9fc32d2fcc1ca5392d318466db7c0a653d	117	true	present	not_on_path_native	not_on_path_native	match	complete	true	ok	c018516ccd11	c018516ccd11:8	false		false	true	1784739080349884076	1784739080419316539	1784739080427498647	69.43241	53	510.557189	4194304	4194418		unavailable_no_direct_event		not_repeated_warm		not_on_path_native		not_on_path_native		not_on_path_native		not_on_path_native		not_on_path_native		not_on_path_native		not_on_path_native	50222857		not_on_path_native		not_on_path_native	50238218	complete
c2-native-attempt-v1	native	4194304	5	warm_followup	3	s4194304-g005-warm03	9267f4830da2482ca7f4830da2a82cad	/guest/c2_native_sleep50_r351_direct_events_s4194304_g005	0.0.1@1784738980358	18aae783a36b1ee3747d07fab6a7da9fc32d2fcc1ca5392d318466db7c0a653d	118	true	present	not_on_path_native	not_on_path_native	match	complete	true	ok	c018516ccd11	c018516ccd11:8	false		false	true	1784739080427691258	1784739080496783028	1784739080766499499	69.09173	52	510.557189	4194304	4194418		unavailable_no_direct_event		not_repeated_warm		not_on_path_native		not_on_path_native		not_on_path_native		not_on_path_native		not_on_path_native		not_on_path_native		not_on_path_native	50196413		not_on_path_native		not_on_path_native	50201403	complete
c2-native-attempt-v1	native	4194304	5	warm_followup	4	s4194304-g005-warm04	0cd849c8709a4da39849c8709a1da3b7	/guest/c2_native_sleep50_r351_direct_events_s4194304_g005	0.0.1@1784738980358	18aae783a36b1ee3747d07fab6a7da9fc32d2fcc1ca5392d318466db7c0a653d	119	true	present	not_on_path_native	not_on_path_native	match	complete	true	ok	c018516ccd11	c018516ccd11:8	false		false	true	1784739080766640186	1784739080837497900	1784739080859395046	70.857758	54	510.557189	4194304	4194418		unavailable_no_direct_event		not_repeated_warm		not_on_path_native		not_on_path_native		not_on_path_native		not_on_path_native		not_on_path_native		not_on_path_native		not_on_path_native	50238216		not_on_path_native		not_on_path_native	50242799	complete
c2-native-attempt-v1	native	4194304	5	warm_followup	5	s4194304-g005-warm05	db915c18c61e4bdb915c18c61e6bdbb7	/guest/c2_native_sleep50_r351_direct_events_s4194304_g005	0.0.1@1784738980358	18aae783a36b1ee3747d07fab6a7da9fc32d2fcc1ca5392d318466db7c0a653d	120	true	present	not_on_path_native	not_on_path_native	match	complete	true	ok	c018516ccd11	c018516ccd11:8	false		false	true	1784739080859522979	1784739080928612302	1784739080936142989	69.089368	55	510.557189	4194304	4194418		unavailable_no_direct_event		not_repeated_warm		not_on_path_native		not_on_path_native		not_on_path_native		not_on_path_native		not_on_path_native		not_on_path_native		not_on_path_native	50193709		not_on_path_native		not_on_path_native	50199324	complete
c2-native-attempt-v1	native	65536	6	fresh_first_use	0	s65536-g006-fresh	534e16d3b5f14e198e16d3b5f19e19cf	/guest/c2_native_sleep50_r351_direct_events_s65536_g006	0.0.1@1784738955219	18aa38fc39f3b5c57e3c0cd71416e148f71a3e60275bbef5b0723c966d5e5943	121	true	present	not_on_path_native	not_on_path_native	match	complete	true	ok	bdb1637b1515	bdb1637b1515:8	true	132	true	false	1784739080936261060	1784739081227084125	1784739081498875168	290.823779	191	56.210278	65536	65650		unavailable_no_direct_event	132000000	activation_annotation_initTime		not_on_path_native		not_on_path_native		not_on_path_native		not_on_path_native		not_on_path_native		not_on_path_native		not_on_path_native	51763607		not_on_path_native		not_on_path_native	51813560	complete
c2-native-attempt-v1	native	65536	6	warm_followup	1	s65536-g006-warm01	a46da74a995f4749ada74a995f67492c	/guest/c2_native_sleep50_r351_direct_events_s65536_g006	0.0.1@1784738955219	18aa38fc39f3b5c57e3c0cd71416e148f71a3e60275bbef5b0723c966d5e5943	122	true	present	not_on_path_native	not_on_path_native	match	complete	true	ok	bdb1637b1515	bdb1637b1515:8	false		false	true	1784739081499014715	1784739081578638532	1784739081852067584	79.623831	54	56.210278	65536	65650		unavailable_no_direct_event		not_repeated_warm		not_on_path_native		not_on_path_native		not_on_path_native		not_on_path_native		not_on_path_native		not_on_path_native		not_on_path_native	50331264		not_on_path_native		not_on_path_native	50350555	complete
c2-native-attempt-v1	native	65536	6	warm_followup	2	s65536-g006-warm02	3c39e89445ef4a94b9e89445ef5a9479	/guest/c2_native_sleep50_r351_direct_events_s65536_g006	0.0.1@1784738955219	18aa38fc39f3b5c57e3c0cd71416e148f71a3e60275bbef5b0723c966d5e5943	123	true	present	not_on_path_native	not_on_path_native	match	complete	true	ok	bdb1637b1515	bdb1637b1515:8	false		false	true	1784739081852249982	1784739081922091771	1784739082193315507	69.841593	54	56.210278	65536	65650		unavailable_no_direct_event		not_repeated_warm		not_on_path_native		not_on_path_native		not_on_path_native		not_on_path_native		not_on_path_native		not_on_path_native		not_on_path_native	50271340		not_on_path_native		not_on_path_native	50290503	complete
c2-native-attempt-v1	native	65536	6	warm_followup	3	s65536-g006-warm03	23d83af2eacb4f82983af2eacb1f82ee	/guest/c2_native_sleep50_r351_direct_events_s65536_g006	0.0.1@1784738955219	18aa38fc39f3b5c57e3c0cd71416e148f71a3e60275bbef5b0723c966d5e5943	124	true	present	not_on_path_native	not_on_path_native	match	complete	true	ok	bdb1637b1515	bdb1637b1515:8	false		false	true	1784739082193511757	1784739082268100345	1784739082277682844	74.589313	53	56.210278	65536	65650		unavailable_no_direct_event		not_repeated_warm		not_on_path_native		not_on_path_native		not_on_path_native		not_on_path_native		not_on_path_native		not_on_path_native		not_on_path_native	50203392		not_on_path_native		not_on_path_native	50210174	complete
c2-native-attempt-v1	native	65536	6	warm_followup	4	s65536-g006-warm04	4804c45067654d8d84c45067657d8d4f	/guest/c2_native_sleep50_r351_direct_events_s65536_g006	0.0.1@1784738955219	18aa38fc39f3b5c57e3c0cd71416e148f71a3e60275bbef5b0723c966d5e5943	125	true	present	not_on_path_native	not_on_path_native	match	complete	true	ok	bdb1637b1515	bdb1637b1515:8	false		false	true	1784739082277813501	1784739082359020856	1784739082366305805	81.207411	52	56.210278	65536	65650		unavailable_no_direct_event		not_repeated_warm		not_on_path_native		not_on_path_native		not_on_path_native		not_on_path_native		not_on_path_native		not_on_path_native		not_on_path_native	50180636		not_on_path_native		not_on_path_native	50185962	complete
c2-native-attempt-v1	native	65536	6	warm_followup	5	s65536-g006-warm05	358bf84af9c741598bf84af9c7e159d6	/guest/c2_native_sleep50_r351_direct_events_s65536_g006	0.0.1@1784738955219	18aa38fc39f3b5c57e3c0cd71416e148f71a3e60275bbef5b0723c966d5e5943	126	true	present	not_on_path_native	not_on_path_native	match	complete	true	ok	bdb1637b1515	bdb1637b1515:8	false		false	true	1784739082366496356	1784739082437864815	1784739082452978177	71.368678	53	56.210278	65536	65650		unavailable_no_direct_event		not_repeated_warm		not_on_path_native		not_on_path_native		not_on_path_native		not_on_path_native		not_on_path_native		not_on_path_native		not_on_path_native	50134335		not_on_path_native		not_on_path_native	50139720	complete
c2-native-attempt-v1	native	262144	6	fresh_first_use	0	s262144-g006-fresh	49ea731c48eb4281aa731c48eb92810e	/guest/c2_native_sleep50_r351_direct_events_s262144_g006	0.0.1@1784738961030	b282e92a6cc41c612d1e0b839ac9a337bc17d538265cdfa911c4007751c1f702	127	true	present	not_on_path_native	not_on_path_native	match	complete	true	ok	bbe9c6ba9f97	bbe9c6ba9f97:8	true	76	true	false	1784739082453182371	1784739082701816198	1784739082711378646	248.634816	132	149.510384	262144	262258		unavailable_no_direct_event	76000000	activation_annotation_initTime		not_on_path_native		not_on_path_native		not_on_path_native		not_on_path_native		not_on_path_native		not_on_path_native		not_on_path_native	50762802		not_on_path_native		not_on_path_native	50813980	complete
c2-native-attempt-v1	native	262144	6	warm_followup	1	s262144-g006-warm01	05ead160b8194f23aad160b819ff2317	/guest/c2_native_sleep50_r351_direct_events_s262144_g006	0.0.1@1784738961030	b282e92a6cc41c612d1e0b839ac9a337bc17d538265cdfa911c4007751c1f702	128	true	present	not_on_path_native	not_on_path_native	match	complete	true	ok	bbe9c6ba9f97	bbe9c6ba9f97:8	false		false	true	1784739082711512895	1784739082787638364	1784739083054856936	76.126209	54	149.510384	262144	262258		unavailable_no_direct_event		not_repeated_warm		not_on_path_native		not_on_path_native		not_on_path_native		not_on_path_native		not_on_path_native		not_on_path_native		not_on_path_native	50880223		not_on_path_native		not_on_path_native	50909963	complete
c2-native-attempt-v1	native	262144	6	warm_followup	2	s262144-g006-warm02	3db4299989dd46acb4299989dd26ac98	/guest/c2_native_sleep50_r351_direct_events_s262144_g006	0.0.1@1784738961030	b282e92a6cc41c612d1e0b839ac9a337bc17d538265cdfa911c4007751c1f702	129	true	present	not_on_path_native	not_on_path_native	match	complete	true	ok	bbe9c6ba9f97	bbe9c6ba9f97:8	false		false	true	1784739083054985212	1784739083126459966	1784739083394320329	71.475105	53	149.510384	262144	262258		unavailable_no_direct_event		not_repeated_warm		not_on_path_native		not_on_path_native		not_on_path_native		not_on_path_native		not_on_path_native		not_on_path_native		not_on_path_native	49395795		not_on_path_native		not_on_path_native	49419649	complete
c2-native-attempt-v1	native	262144	6	warm_followup	3	s262144-g006-warm03	31ee42d1ca6a4216ae42d1ca6aa21639	/guest/c2_native_sleep50_r351_direct_events_s262144_g006	0.0.1@1784738961030	b282e92a6cc41c612d1e0b839ac9a337bc17d538265cdfa911c4007751c1f702	130	true	present	not_on_path_native	not_on_path_native	match	complete	true	ok	bbe9c6ba9f97	bbe9c6ba9f97:8	false		false	true	1784739083394452745	1784739083469790591	1784739083478815845	75.338085	55	149.510384	262144	262258		unavailable_no_direct_event		not_repeated_warm		not_on_path_native		not_on_path_native		not_on_path_native		not_on_path_native		not_on_path_native		not_on_path_native		not_on_path_native	50230674		not_on_path_native		not_on_path_native	50238532	complete
c2-native-attempt-v1	native	262144	6	warm_followup	4	s262144-g006-warm04	17bbfe89a3f04c75bbfe89a3f0ac754b	/guest/c2_native_sleep50_r351_direct_events_s262144_g006	0.0.1@1784738961030	b282e92a6cc41c612d1e0b839ac9a337bc17d538265cdfa911c4007751c1f702	131	true	present	not_on_path_native	not_on_path_native	match	complete	true	ok	bbe9c6ba9f97	bbe9c6ba9f97:8	false		false	true	1784739083478948179	1784739083552166419	1784739083564376351	73.21851	53	149.510384	262144	262258		unavailable_no_direct_event		not_repeated_warm		not_on_path_native		not_on_path_native		not_on_path_native		not_on_path_native		not_on_path_native		not_on_path_native		not_on_path_native	50207657		not_on_path_native		not_on_path_native	50214352	complete
c2-native-attempt-v1	native	262144	6	warm_followup	5	s262144-g006-warm05	1a77fe5590ec4799b7fe5590ec6799e0	/guest/c2_native_sleep50_r351_direct_events_s262144_g006	0.0.1@1784738961030	b282e92a6cc41c612d1e0b839ac9a337bc17d538265cdfa911c4007751c1f702	132	true	present	not_on_path_native	not_on_path_native	match	complete	true	ok	bbe9c6ba9f97	bbe9c6ba9f97:8	false		false	true	1784739083564512820	1784739083633941819	1784739083646848136	69.429303	53	149.510384	262144	262258		unavailable_no_direct_event		not_repeated_warm		not_on_path_native		not_on_path_native		not_on_path_native		not_on_path_native		not_on_path_native		not_on_path_native		not_on_path_native	50184558		not_on_path_native		not_on_path_native	50191307	complete
c2-native-attempt-v1	native	1048576	6	fresh_first_use	0	s1048576-g006-fresh	ce76a5e92d30413db6a5e92d30713df9	/guest/c2_native_sleep50_r351_direct_events_s1048576_g006	0.0.1@1784738967683	ab424b9e880872c69aa8b355745e5acad2f67ef7424242e0b67cc68aee5713d1	133	true	present	not_on_path_native	not_on_path_native	match	complete	true	ok	eb2ff53629ea	eb2ff53629ea:8	true	154	true	false	1784739083647041013	1784739084009946072	1784739084278858078	362.905549	218	181.647835	1048576	1048690		unavailable_no_direct_event	154000000	activation_annotation_initTime		not_on_path_native		not_on_path_native		not_on_path_native		not_on_path_native		not_on_path_native		not_on_path_native		not_on_path_native	51347822		not_on_path_native		not_on_path_native	51397234	complete
c2-native-attempt-v1	native	1048576	6	warm_followup	1	s1048576-g006-warm01	81fbb47378924333bbb4737892033384	/guest/c2_native_sleep50_r351_direct_events_s1048576_g006	0.0.1@1784738967683	ab424b9e880872c69aa8b355745e5acad2f67ef7424242e0b67cc68aee5713d1	134	true	present	not_on_path_native	not_on_path_native	match	complete	true	ok	eb2ff53629ea	eb2ff53629ea:8	false		false	true	1784739084279020257	1784739084348428671	1784739084615223251	69.409369	53	181.647835	1048576	1048690		unavailable_no_direct_event		not_repeated_warm		not_on_path_native		not_on_path_native		not_on_path_native		not_on_path_native		not_on_path_native		not_on_path_native		not_on_path_native	49281921		not_on_path_native		not_on_path_native	49299358	complete
c2-native-attempt-v1	native	1048576	6	warm_followup	2	s1048576-g006-warm02	3f713f5328154b87b13f532815cb87b2	/guest/c2_native_sleep50_r351_direct_events_s1048576_g006	0.0.1@1784738967683	ab424b9e880872c69aa8b355745e5acad2f67ef7424242e0b67cc68aee5713d1	135	true	present	not_on_path_native	not_on_path_native	match	complete	true	ok	eb2ff53629ea	eb2ff53629ea:8	false		false	true	1784739084615353607	1784739084692095161	1784739084701485087	76.741791	54	181.647835	1048576	1048690		unavailable_no_direct_event		not_repeated_warm		not_on_path_native		not_on_path_native		not_on_path_native		not_on_path_native		not_on_path_native		not_on_path_native		not_on_path_native	50322713		not_on_path_native		not_on_path_native	50343085	complete
c2-native-attempt-v1	native	1048576	6	warm_followup	3	s1048576-g006-warm03	c2ce226639f945fc8e226639f9f5fcc3	/guest/c2_native_sleep50_r351_direct_events_s1048576_g006	0.0.1@1784738967683	ab424b9e880872c69aa8b355745e5acad2f67ef7424242e0b67cc68aee5713d1	136	true	present	not_on_path_native	not_on_path_native	match	complete	true	ok	eb2ff53629ea	eb2ff53629ea:8	false		false	true	1784739084701695618	1784739084775773985	1784739085047304760	74.078662	53	181.647835	1048576	1048690		unavailable_no_direct_event		not_repeated_warm		not_on_path_native		not_on_path_native		not_on_path_native		not_on_path_native		not_on_path_native		not_on_path_native		not_on_path_native	50240532		not_on_path_native		not_on_path_native	50250666	complete
c2-native-attempt-v1	native	1048576	6	warm_followup	4	s1048576-g006-warm04	5f39767776e94644b9767776e9464454	/guest/c2_native_sleep50_r351_direct_events_s1048576_g006	0.0.1@1784738967683	ab424b9e880872c69aa8b355745e5acad2f67ef7424242e0b67cc68aee5713d1	137	true	present	not_on_path_native	not_on_path_native	match	complete	true	ok	eb2ff53629ea	eb2ff53629ea:8	false		false	true	1784739085047496661	1784739085122635596	1784739085134629294	75.138689	54	181.647835	1048576	1048690		unavailable_no_direct_event		not_repeated_warm		not_on_path_native		not_on_path_native		not_on_path_native		not_on_path_native		not_on_path_native		not_on_path_native		not_on_path_native	50230278		not_on_path_native		not_on_path_native	50237845	complete
c2-native-attempt-v1	native	1048576	6	warm_followup	5	s1048576-g006-warm05	d1426fd6f4664595826fd6f466b595d4	/guest/c2_native_sleep50_r351_direct_events_s1048576_g006	0.0.1@1784738967683	ab424b9e880872c69aa8b355745e5acad2f67ef7424242e0b67cc68aee5713d1	138	true	present	not_on_path_native	not_on_path_native	match	complete	true	ok	eb2ff53629ea	eb2ff53629ea:8	false		false	true	1784739085134817900	1784739085210799205	1784739085476708233	75.981478	55	181.647835	1048576	1048690		unavailable_no_direct_event		not_repeated_warm		not_on_path_native		not_on_path_native		not_on_path_native		not_on_path_native		not_on_path_native		not_on_path_native		not_on_path_native	50319754		not_on_path_native		not_on_path_native	50328264	complete
c2-native-attempt-v1	native	4194304	6	fresh_first_use	0	s4194304-g006-fresh	db4721a61b9745c68721a61b9735c622	/guest/c2_native_sleep50_r351_direct_events_s4194304_g006	0.0.1@1784738981022	6e91f7765b8a3e11da745b8045c4f2a323ef827e9b0504a98ce17a77604c3962	139	true	present	not_on_path_native	not_on_path_native	match	complete	true	ok	c4873d064a27	c4873d064a27:8	true	451	true	false	1784739085476902773	1784739086149951336	1784739086416825901	673.049478	510	523.474392	4194304	4194418		unavailable_no_direct_event	451000000	activation_annotation_initTime		not_on_path_native		not_on_path_native		not_on_path_native		not_on_path_native		not_on_path_native		not_on_path_native		not_on_path_native	50949199		not_on_path_native		not_on_path_native	51002785	complete
c2-native-attempt-v1	native	4194304	6	warm_followup	1	s4194304-g006-warm01	30b967bde6f646f6b967bde6f6d6f6d5	/guest/c2_native_sleep50_r351_direct_events_s4194304_g006	0.0.1@1784738981022	6e91f7765b8a3e11da745b8045c4f2a323ef827e9b0504a98ce17a77604c3962	140	true	present	not_on_path_native	not_on_path_native	match	complete	true	ok	c4873d064a27	c4873d064a27:8	false		false	true	1784739086416970220	1784739086493947844	1784739086761576026	76.977666	53	523.474392	4194304	4194418		unavailable_no_direct_event		not_repeated_warm		not_on_path_native		not_on_path_native		not_on_path_native		not_on_path_native		not_on_path_native		not_on_path_native		not_on_path_native	49373003		not_on_path_native		not_on_path_native	49390625	complete
c2-native-attempt-v1	native	4194304	6	warm_followup	2	s4194304-g006-warm02	882bacc8e8914846abacc8e8911846c8	/guest/c2_native_sleep50_r351_direct_events_s4194304_g006	0.0.1@1784738981022	6e91f7765b8a3e11da745b8045c4f2a323ef827e9b0504a98ce17a77604c3962	141	true	present	not_on_path_native	not_on_path_native	match	complete	true	ok	c4873d064a27	c4873d064a27:8	false		false	true	1784739086761704079	1784739086830725678	1784739087102921443	69.021817	52	523.474392	4194304	4194418		unavailable_no_direct_event		not_repeated_warm		not_on_path_native		not_on_path_native		not_on_path_native		not_on_path_native		not_on_path_native		not_on_path_native		not_on_path_native	49243996		not_on_path_native		not_on_path_native	49259940	complete
c2-native-attempt-v1	native	4194304	6	warm_followup	3	s4194304-g006-warm03	52933f2a5ee34d60933f2a5ee30d604c	/guest/c2_native_sleep50_r351_direct_events_s4194304_g006	0.0.1@1784738981022	6e91f7765b8a3e11da745b8045c4f2a323ef827e9b0504a98ce17a77604c3962	142	true	present	not_on_path_native	not_on_path_native	match	complete	true	ok	c4873d064a27	c4873d064a27:8	false		false	true	1784739087103147230	1784739087171184523	1784739087437919413	68.037385	52	523.474392	4194304	4194418		unavailable_no_direct_event		not_repeated_warm		not_on_path_native		not_on_path_native		not_on_path_native		not_on_path_native		not_on_path_native		not_on_path_native		not_on_path_native	50192683		not_on_path_native		not_on_path_native	50198042	complete
c2-native-attempt-v1	native	4194304	6	warm_followup	4	s4194304-g006-warm04	1dcda449cc0b43fd8da449cc0bd3fdad	/guest/c2_native_sleep50_r351_direct_events_s4194304_g006	0.0.1@1784738981022	6e91f7765b8a3e11da745b8045c4f2a323ef827e9b0504a98ce17a77604c3962	143	true	present	not_on_path_native	not_on_path_native	match	complete	true	ok	c4873d064a27	c4873d064a27:8	false		false	true	1784739087438152677	1784739087527285613	1784739087538999938	89.132761	53	523.474392	4194304	4194418		unavailable_no_direct_event		not_repeated_warm		not_on_path_native		not_on_path_native		not_on_path_native		not_on_path_native		not_on_path_native		not_on_path_native		not_on_path_native	50188306		not_on_path_native		not_on_path_native	50193911	complete
c2-native-attempt-v1	native	4194304	6	warm_followup	5	s4194304-g006-warm05	b9adf997e258497cadf997e258097ceb	/guest/c2_native_sleep50_r351_direct_events_s4194304_g006	0.0.1@1784738981022	6e91f7765b8a3e11da745b8045c4f2a323ef827e9b0504a98ce17a77604c3962	144	true	present	not_on_path_native	not_on_path_native	match	complete	true	ok	c4873d064a27	c4873d064a27:8	false		false	true	1784739087539191363	1784739087607381068	1784739087877141493	68.190069	52	523.474392	4194304	4194418		unavailable_no_direct_event		not_repeated_warm		not_on_path_native		not_on_path_native		not_on_path_native		not_on_path_native		not_on_path_native		not_on_path_native		not_on_path_native	50203916		not_on_path_native		not_on_path_native	50210307	complete
c2-native-attempt-v1	native	65536	7	fresh_first_use	0	s65536-g007-fresh	e97b716f4a484456bb716f4a48d456b5	/guest/c2_native_sleep50_r351_direct_events_s65536_g007	0.0.1@1784738955369	558f2b335f519bac14ab3f4b2350c7a10daaa957cbf36f67d575053c9a9bf9fe	145	true	present	not_on_path_native	not_on_path_native	match	complete	true	ok	0802ce9d1aa1	0802ce9d1aa1:8	true	157	true	false	1784739087877266217	1784739088317498438	1784739088593148146	440.233066	223	58.698559	65536	65650		unavailable_no_direct_event	157000000	activation_annotation_initTime		not_on_path_native		not_on_path_native		not_on_path_native		not_on_path_native		not_on_path_native		not_on_path_native		not_on_path_native	51865787		not_on_path_native		not_on_path_native	51928126	complete
c2-native-attempt-v1	native	65536	7	warm_followup	1	s65536-g007-warm01	21eb88f751b94b38ab88f751b95b38fb	/guest/c2_native_sleep50_r351_direct_events_s65536_g007	0.0.1@1784738955369	558f2b335f519bac14ab3f4b2350c7a10daaa957cbf36f67d575053c9a9bf9fe	146	true	present	not_on_path_native	not_on_path_native	match	complete	true	ok	0802ce9d1aa1	0802ce9d1aa1:8	false		false	true	1784739088593291018	1784739088670464006	1784739088679848684	77.17316	53	58.698559	65536	65650		unavailable_no_direct_event		not_repeated_warm		not_on_path_native		not_on_path_native		not_on_path_native		not_on_path_native		not_on_path_native		not_on_path_native		not_on_path_native	50268714		not_on_path_native		not_on_path_native	50287067	complete
c2-native-attempt-v1	native	65536	7	warm_followup	2	s65536-g007-warm02	60ed933b85d44f76ad933b85d4cf7627	/guest/c2_native_sleep50_r351_direct_events_s65536_g007	0.0.1@1784738955369	558f2b335f519bac14ab3f4b2350c7a10daaa957cbf36f67d575053c9a9bf9fe	147	true	present	not_on_path_native	not_on_path_native	match	complete	true	ok	0802ce9d1aa1	0802ce9d1aa1:8	false		false	true	1784739088680062159	1784739088753374660	1784739088771745887	73.312662	54	58.698559	65536	65650		unavailable_no_direct_event		not_repeated_warm		not_on_path_native		not_on_path_native		not_on_path_native		not_on_path_native		not_on_path_native		not_on_path_native		not_on_path_native	50263210		not_on_path_native		not_on_path_native	50286524	complete
c2-native-attempt-v1	native	65536	7	warm_followup	3	s65536-g007-warm03	1948cb4ac91e4faf88cb4ac91effaf9a	/guest/c2_native_sleep50_r351_direct_events_s65536_g007	0.0.1@1784738955369	558f2b335f519bac14ab3f4b2350c7a10daaa957cbf36f67d575053c9a9bf9fe	148	true	present	not_on_path_native	not_on_path_native	match	complete	true	ok	0802ce9d1aa1	0802ce9d1aa1:8	false		false	true	1784739088771955148	1784739088845132015	1784739088852976350	73.176884	53	58.698559	65536	65650		unavailable_no_direct_event		not_repeated_warm		not_on_path_native		not_on_path_native		not_on_path_native		not_on_path_native		not_on_path_native		not_on_path_native		not_on_path_native	50197615		not_on_path_native		not_on_path_native	50205145	complete
c2-native-attempt-v1	native	65536	7	warm_followup	4	s65536-g007-warm04	2e912e13fc9c4914912e13fc9cc91445	/guest/c2_native_sleep50_r351_direct_events_s65536_g007	0.0.1@1784738955369	558f2b335f519bac14ab3f4b2350c7a10daaa957cbf36f67d575053c9a9bf9fe	149	true	present	not_on_path_native	not_on_path_native	match	complete	true	ok	0802ce9d1aa1	0802ce9d1aa1:8	false		false	true	1784739088853152467	1784739088928277695	1784739089195266565	75.125607	55	58.698559	65536	65650		unavailable_no_direct_event		not_repeated_warm		not_on_path_native		not_on_path_native		not_on_path_native		not_on_path_native		not_on_path_native		not_on_path_native		not_on_path_native	49267291		not_on_path_native		not_on_path_native	49275349	complete
c2-native-attempt-v1	native	65536	7	warm_followup	5	s65536-g007-warm05	82f9661fd5af4543b9661fd5af454380	/guest/c2_native_sleep50_r351_direct_events_s65536_g007	0.0.1@1784738955369	558f2b335f519bac14ab3f4b2350c7a10daaa957cbf36f67d575053c9a9bf9fe	150	true	present	not_on_path_native	not_on_path_native	match	complete	true	ok	0802ce9d1aa1	0802ce9d1aa1:8	false		false	true	1784739089195399333	1784739089266557507	1784739089535341418	71.158267	53	58.698559	65536	65650		unavailable_no_direct_event		not_repeated_warm		not_on_path_native		not_on_path_native		not_on_path_native		not_on_path_native		not_on_path_native		not_on_path_native		not_on_path_native	50195771		not_on_path_native		not_on_path_native	50202684	complete
c2-native-attempt-v1	native	262144	7	fresh_first_use	0	s262144-g007-fresh	801bd2b1312e45689bd2b1312e25688c	/guest/c2_native_sleep50_r351_direct_events_s262144_g007	0.0.1@1784738961215	167c0dc65a619916ac0cc69476bc8f244b461b389392ad31716ec1bc32b632c1	151	true	present	not_on_path_native	not_on_path_native	match	complete	true	ok	8523235bffd7	8523235bffd7:8	true	217	true	false	1784739089535474874	1784739089922099509	1784739090192959580	386.625449	279	81.265246	262144	262258		unavailable_no_direct_event	217000000	activation_annotation_initTime		not_on_path_native		not_on_path_native		not_on_path_native		not_on_path_native		not_on_path_native		not_on_path_native		not_on_path_native	49883077		not_on_path_native		not_on_path_native	49942431	complete
c2-native-attempt-v1	native	262144	7	warm_followup	1	s262144-g007-warm01	1a430d1d4312430a830d1d4312630a6d	/guest/c2_native_sleep50_r351_direct_events_s262144_g007	0.0.1@1784738961215	167c0dc65a619916ac0cc69476bc8f244b461b389392ad31716ec1bc32b632c1	152	true	present	not_on_path_native	not_on_path_native	match	complete	true	ok	8523235bffd7	8523235bffd7:8	false		false	true	1784739090193092464	1784739090266255224	1784739090533121381	73.162933	54	81.265246	262144	262258		unavailable_no_direct_event		not_repeated_warm		not_on_path_native		not_on_path_native		not_on_path_native		not_on_path_native		not_on_path_native		not_on_path_native		not_on_path_native	50256004		not_on_path_native		not_on_path_native	50270687	complete
c2-native-attempt-v1	native	262144	7	warm_followup	2	s262144-g007-warm02	de47a6ea674447de87a6ea674437dea3	/guest/c2_native_sleep50_r351_direct_events_s262144_g007	0.0.1@1784738961215	167c0dc65a619916ac0cc69476bc8f244b461b389392ad31716ec1bc32b632c1	153	true	present	not_on_path_native	not_on_path_native	match	complete	true	ok	8523235bffd7	8523235bffd7:8	false		false	true	1784739090533291580	1784739090603976689	1784739090870821638	70.685015	54	81.265246	262144	262258		unavailable_no_direct_event		not_repeated_warm		not_on_path_native		not_on_path_native		not_on_path_native		not_on_path_native		not_on_path_native		not_on_path_native		not_on_path_native	50298011		not_on_path_native		not_on_path_native	50320146	complete
c2-native-attempt-v1	native	262144	7	warm_followup	3	s262144-g007-warm03	815cf2290b5942c59cf2290b5912c530	/guest/c2_native_sleep50_r351_direct_events_s262144_g007	0.0.1@1784738961215	167c0dc65a619916ac0cc69476bc8f244b461b389392ad31716ec1bc32b632c1	154	true	present	not_on_path_native	not_on_path_native	match	complete	true	ok	8523235bffd7	8523235bffd7:8	false		false	true	1784739090870974372	1784739090940334498	1784739091212238527	69.360261	54	81.265246	262144	262258		unavailable_no_direct_event		not_repeated_warm		not_on_path_native		not_on_path_native		not_on_path_native		not_on_path_native		not_on_path_native		not_on_path_native		not_on_path_native	50264091		not_on_path_native		not_on_path_native	50276982	complete
c2-native-attempt-v1	native	262144	7	warm_followup	4	s262144-g007-warm04	975ea79d38c849129ea79d38c8791222	/guest/c2_native_sleep50_r351_direct_events_s262144_g007	0.0.1@1784738961215	167c0dc65a619916ac0cc69476bc8f244b461b389392ad31716ec1bc32b632c1	155	true	present	not_on_path_native	not_on_path_native	match	complete	true	ok	8523235bffd7	8523235bffd7:8	false		false	true	1784739091212416767	1784739091283954577	1784739091549720249	71.537625	57	81.265246	262144	262258		unavailable_no_direct_event		not_repeated_warm		not_on_path_native		not_on_path_native		not_on_path_native		not_on_path_native		not_on_path_native		not_on_path_native		not_on_path_native	50231397		not_on_path_native		not_on_path_native	50239093	complete
c2-native-attempt-v1	native	262144	7	warm_followup	5	s262144-g007-warm05	7cc1f36ced6e4cf681f36ced6edcf6a9	/guest/c2_native_sleep50_r351_direct_events_s262144_g007	0.0.1@1784738961215	167c0dc65a619916ac0cc69476bc8f244b461b389392ad31716ec1bc32b632c1	156	true	present	not_on_path_native	not_on_path_native	match	complete	true	ok	8523235bffd7	8523235bffd7:8	false		false	true	1784739091549863673	1784739091631816976	1784739091905143265	81.953578	54	81.265246	262144	262258		unavailable_no_direct_event		not_repeated_warm		not_on_path_native		not_on_path_native		not_on_path_native		not_on_path_native		not_on_path_native		not_on_path_native		not_on_path_native	50789560		not_on_path_native		not_on_path_native	50799601	complete
c2-native-attempt-v1	native	1048576	7	fresh_first_use	0	s1048576-g007-fresh	fa77b631f3874433b7b631f3877433e7	/guest/c2_native_sleep50_r351_direct_events_s1048576_g007	0.0.1@1784738968008	23f03c3fce8724a8f89128a8b7f9512c169e422851dc45a408d2543579102e79	157	true	present	not_on_path_native	not_on_path_native	match	complete	true	ok	83d6726fd4cb	83d6726fd4cb:8	true	239	true	false	1784739091905279209	1784739092341317218	1784739092608367900	436.039082	297	183.078324	1048576	1048690		unavailable_no_direct_event	239000000	activation_annotation_initTime		not_on_path_native		not_on_path_native		not_on_path_native		not_on_path_native		not_on_path_native		not_on_path_native		not_on_path_native	50132082		not_on_path_native		not_on_path_native	50185549	complete
c2-native-attempt-v1	native	1048576	7	warm_followup	1	s1048576-g007-warm01	f0b78d6ad55144e5b78d6ad55114e5a4	/guest/c2_native_sleep50_r351_direct_events_s1048576_g007	0.0.1@1784738968008	23f03c3fce8724a8f89128a8b7f9512c169e422851dc45a408d2543579102e79	158	true	present	not_on_path_native	not_on_path_native	match	complete	true	ok	83d6726fd4cb	83d6726fd4cb:8	false		false	true	1784739092608508315	1784739092686399877	1784739092954948402	77.891528	56	183.078324	1048576	1048690		unavailable_no_direct_event		not_repeated_warm		not_on_path_native		not_on_path_native		not_on_path_native		not_on_path_native		not_on_path_native		not_on_path_native		not_on_path_native	50925836		not_on_path_native		not_on_path_native	50947813	complete
c2-native-attempt-v1	native	1048576	7	warm_followup	2	s1048576-g007-warm02	08145a57c36940c3945a57c369c0c352	/guest/c2_native_sleep50_r351_direct_events_s1048576_g007	0.0.1@1784738968008	23f03c3fce8724a8f89128a8b7f9512c169e422851dc45a408d2543579102e79	159	true	present	not_on_path_native	not_on_path_native	match	complete	true	ok	83d6726fd4cb	83d6726fd4cb:8	false		false	true	1784739092955161851	1784739093031298744	1784739093039191639	76.137075	54	183.078324	1048576	1048690		unavailable_no_direct_event		not_repeated_warm		not_on_path_native		not_on_path_native		not_on_path_native		not_on_path_native		not_on_path_native		not_on_path_native		not_on_path_native	49429031		not_on_path_native		not_on_path_native	49446224	complete
c2-native-attempt-v1	native	1048576	7	warm_followup	3	s1048576-g007-warm03	e0e4f9bda88742dca4f9bda88752dcfa	/guest/c2_native_sleep50_r351_direct_events_s1048576_g007	0.0.1@1784738968008	23f03c3fce8724a8f89128a8b7f9512c169e422851dc45a408d2543579102e79	160	true	present	not_on_path_native	not_on_path_native	match	complete	true	ok	83d6726fd4cb	83d6726fd4cb:8	false		false	true	1784739093039321060	1784739093104587193	1784739093368473678	65.266229	53	183.078324	1048576	1048690		unavailable_no_direct_event		not_repeated_warm		not_on_path_native		not_on_path_native		not_on_path_native		not_on_path_native		not_on_path_native		not_on_path_native		not_on_path_native	50233231		not_on_path_native		not_on_path_native	50238902	complete
c2-native-attempt-v1	native	1048576	7	warm_followup	4	s1048576-g007-warm04	0ad22b2f433c4c6d922b2f433c7c6dbf	/guest/c2_native_sleep50_r351_direct_events_s1048576_g007	0.0.1@1784738968008	23f03c3fce8724a8f89128a8b7f9512c169e422851dc45a408d2543579102e79	161	true	present	not_on_path_native	not_on_path_native	match	complete	true	ok	83d6726fd4cb	83d6726fd4cb:8	false		false	true	1784739093368598101	1784739093435051505	1784739093701971471	66.453674	53	183.078324	1048576	1048690		unavailable_no_direct_event		not_repeated_warm		not_on_path_native		not_on_path_native		not_on_path_native		not_on_path_native		not_on_path_native		not_on_path_native		not_on_path_native	50195524		not_on_path_native		not_on_path_native	50201464	complete
c2-native-attempt-v1	native	1048576	7	warm_followup	5	s1048576-g007-warm05	59a674b3c09d4414a674b3c09d441454	/guest/c2_native_sleep50_r351_direct_events_s1048576_g007	0.0.1@1784738968008	23f03c3fce8724a8f89128a8b7f9512c169e422851dc45a408d2543579102e79	162	true	present	not_on_path_native	not_on_path_native	match	complete	true	ok	83d6726fd4cb	83d6726fd4cb:8	false		false	true	1784739093702162843	1784739093776155152	1784739093784728625	73.992292	53	183.078324	1048576	1048690		unavailable_no_direct_event		not_repeated_warm		not_on_path_native		not_on_path_native		not_on_path_native		not_on_path_native		not_on_path_native		not_on_path_native		not_on_path_native	50172651		not_on_path_native		not_on_path_native	50178460	complete
c2-native-attempt-v1	native	4194304	7	fresh_first_use	0	s4194304-g007-fresh	7e93e6b07cc345ba93e6b07cc3c5ba50	/guest/c2_native_sleep50_r351_direct_events_s4194304_g007	0.0.1@1784738981673	369c821bf15972016f5e97f9c6888567e4eda0da8c2ca426571b8c24723521cc	163	true	present	not_on_path_native	not_on_path_native	match	complete	true	ok	8ef422433c5b	8ef422433c5b:8	true	569	true	false	1784739093784859947	1784739094646069704	1784739094913021576	861.210498	633	504.584248	4194304	4194418		unavailable_no_direct_event	569000000	activation_annotation_initTime		not_on_path_native		not_on_path_native		not_on_path_native		not_on_path_native		not_on_path_native		not_on_path_native		not_on_path_native	50701876		not_on_path_native		not_on_path_native	50758541	complete
c2-native-attempt-v1	native	4194304	7	warm_followup	1	s4194304-g007-warm01	4ffaf3efe1fd460fbaf3efe1fdd60f71	/guest/c2_native_sleep50_r351_direct_events_s4194304_g007	0.0.1@1784738981673	369c821bf15972016f5e97f9c6888567e4eda0da8c2ca426571b8c24723521cc	164	true	present	not_on_path_native	not_on_path_native	match	complete	true	ok	8ef422433c5b	8ef422433c5b:8	false		false	true	1784739094913172594	1784739094982107359	1784739094989902967	68.934503	53	504.584248	4194304	4194418		unavailable_no_direct_event		not_repeated_warm		not_on_path_native		not_on_path_native		not_on_path_native		not_on_path_native		not_on_path_native		not_on_path_native		not_on_path_native	50192351		not_on_path_native		not_on_path_native	50207862	complete
c2-native-attempt-v1	native	4194304	7	warm_followup	2	s4194304-g007-warm02	4ea7a3e4dd68437ea7a3e4dd68e37ed7	/guest/c2_native_sleep50_r351_direct_events_s4194304_g007	0.0.1@1784738981673	369c821bf15972016f5e97f9c6888567e4eda0da8c2ca426571b8c24723521cc	165	true	present	not_on_path_native	not_on_path_native	match	complete	true	ok	8ef422433c5b	8ef422433c5b:8	false		false	true	1784739094990075702	1784739095063609539	1784739095072789885	73.533957	54	504.584248	4194304	4194418		unavailable_no_direct_event		not_repeated_warm		not_on_path_native		not_on_path_native		not_on_path_native		not_on_path_native		not_on_path_native		not_on_path_native		not_on_path_native	50212951		not_on_path_native		not_on_path_native	50228155	complete
c2-native-attempt-v1	native	4194304	7	warm_followup	3	s4194304-g007-warm03	5bd1584d4ea94cce91584d4ea90cce1a	/guest/c2_native_sleep50_r351_direct_events_s4194304_g007	0.0.1@1784738981673	369c821bf15972016f5e97f9c6888567e4eda0da8c2ca426571b8c24723521cc	166	true	present	not_on_path_native	not_on_path_native	match	complete	true	ok	8ef422433c5b	8ef422433c5b:8	false		false	true	1784739095072903015	1784739095140425371	1784739095146820902	67.522424	53	504.584248	4194304	4194418		unavailable_no_direct_event		not_repeated_warm		not_on_path_native		not_on_path_native		not_on_path_native		not_on_path_native		not_on_path_native		not_on_path_native		not_on_path_native	50177395		not_on_path_native		not_on_path_native	50182808	complete
c2-native-attempt-v1	native	4194304	7	warm_followup	4	s4194304-g007-warm04	258f6a35e6634eae8f6a35e663deae89	/guest/c2_native_sleep50_r351_direct_events_s4194304_g007	0.0.1@1784738981673	369c821bf15972016f5e97f9c6888567e4eda0da8c2ca426571b8c24723521cc	167	true	present	not_on_path_native	not_on_path_native	match	complete	true	ok	8ef422433c5b	8ef422433c5b:8	false		false	true	1784739095146944123	1784739095213289463	1784739095484208865	66.345472	52	504.584248	4194304	4194418		unavailable_no_direct_event		not_repeated_warm		not_on_path_native		not_on_path_native		not_on_path_native		not_on_path_native		not_on_path_native		not_on_path_native		not_on_path_native	50179968		not_on_path_native		not_on_path_native	50185036	complete
c2-native-attempt-v1	native	4194304	7	warm_followup	5	s4194304-g007-warm05	79e71ea74e2f49aba71ea74e2fe9ab63	/guest/c2_native_sleep50_r351_direct_events_s4194304_g007	0.0.1@1784738981673	369c821bf15972016f5e97f9c6888567e4eda0da8c2ca426571b8c24723521cc	168	true	present	not_on_path_native	not_on_path_native	match	complete	true	ok	8ef422433c5b	8ef422433c5b:8	false		false	true	1784739095484345765	1784739095558206572	1784739095564339701	73.860624	53	504.584248	4194304	4194418		unavailable_no_direct_event		not_repeated_warm		not_on_path_native		not_on_path_native		not_on_path_native		not_on_path_native		not_on_path_native		not_on_path_native		not_on_path_native	50175601		not_on_path_native		not_on_path_native	50182682	complete
c2-native-attempt-v1	native	65536	8	fresh_first_use	0	s65536-g008-fresh	a9e52cb709bb4138a52cb709bb7138a3	/guest/c2_native_sleep50_r351_direct_events_s65536_g008	0.0.1@1784738955508	349544bfe63ea51560f09300e6055b7d85a6306a63dc1131299abf13abd6a364	169	true	present	not_on_path_native	not_on_path_native	match	complete	true	ok	d4fcc03a750b	d4fcc03a750b:8	true	123	true	false	1784739095564469922	1784739095835474157	1784739096108052109	271.004929	182	55.820651	65536	65650		unavailable_no_direct_event	123000000	activation_annotation_initTime		not_on_path_native		not_on_path_native		not_on_path_native		not_on_path_native		not_on_path_native		not_on_path_native		not_on_path_native	51713924		not_on_path_native		not_on_path_native	51769799	complete
c2-native-attempt-v1	native	65536	8	warm_followup	1	s65536-g008-warm01	7126c66bfdd54be2a6c66bfdd56be2c3	/guest/c2_native_sleep50_r351_direct_events_s65536_g008	0.0.1@1784738955508	349544bfe63ea51560f09300e6055b7d85a6306a63dc1131299abf13abd6a364	170	true	present	not_on_path_native	not_on_path_native	match	complete	true	ok	d4fcc03a750b	d4fcc03a750b:8	false		false	true	1784739096108184513	1784739096181815188	1784739096458366218	73.63067	55	55.820651	65536	65650		unavailable_no_direct_event		not_repeated_warm		not_on_path_native		not_on_path_native		not_on_path_native		not_on_path_native		not_on_path_native		not_on_path_native		not_on_path_native	50267977		not_on_path_native		not_on_path_native	50285076	complete
c2-native-attempt-v1	native	65536	8	warm_followup	2	s65536-g008-warm02	83e83d78e93b40a3a83d78e93bb0a340	/guest/c2_native_sleep50_r351_direct_events_s65536_g008	0.0.1@1784738955508	349544bfe63ea51560f09300e6055b7d85a6306a63dc1131299abf13abd6a364	171	true	present	not_on_path_native	not_on_path_native	match	complete	true	ok	d4fcc03a750b	d4fcc03a750b:8	false		false	true	1784739096458562046	1784739096526487856	1784739096796149835	67.925736	53	55.820651	65536	65650		unavailable_no_direct_event		not_repeated_warm		not_on_path_native		not_on_path_native		not_on_path_native		not_on_path_native		not_on_path_native		not_on_path_native		not_on_path_native	50274989		not_on_path_native		not_on_path_native	50290852	complete
c2-native-attempt-v1	native	65536	8	warm_followup	3	s65536-g008-warm03	ff454bc786a44e97854bc786a42e97de	/guest/c2_native_sleep50_r351_direct_events_s65536_g008	0.0.1@1784738955508	349544bfe63ea51560f09300e6055b7d85a6306a63dc1131299abf13abd6a364	172	true	present	not_on_path_native	not_on_path_native	match	complete	true	ok	d4fcc03a750b	d4fcc03a750b:8	false		false	true	1784739096796315277	1784739096862619048	1784739097127467917	66.303848	53	55.820651	65536	65650		unavailable_no_direct_event		not_repeated_warm		not_on_path_native		not_on_path_native		not_on_path_native		not_on_path_native		not_on_path_native		not_on_path_native		not_on_path_native	50200564		not_on_path_native		not_on_path_native	50209279	complete
c2-native-attempt-v1	native	65536	8	warm_followup	4	s65536-g008-warm04	39ba1617a16f4ce1ba1617a16f5ce127	/guest/c2_native_sleep50_r351_direct_events_s65536_g008	0.0.1@1784738955508	349544bfe63ea51560f09300e6055b7d85a6306a63dc1131299abf13abd6a364	173	true	present	not_on_path_native	not_on_path_native	match	complete	true	ok	d4fcc03a750b	d4fcc03a750b:8	false		false	true	1784739097127611359	1784739097201238668	1784739097207359058	73.627308	53	55.820651	65536	65650		unavailable_no_direct_event		not_repeated_warm		not_on_path_native		not_on_path_native		not_on_path_native		not_on_path_native		not_on_path_native		not_on_path_native		not_on_path_native	50191908		not_on_path_native		not_on_path_native	50197065	complete
c2-native-attempt-v1	native	65536	8	warm_followup	5	s65536-g008-warm05	1c033d7003a94d25833d7003a9ed2534	/guest/c2_native_sleep50_r351_direct_events_s65536_g008	0.0.1@1784738955508	349544bfe63ea51560f09300e6055b7d85a6306a63dc1131299abf13abd6a364	174	true	present	not_on_path_native	not_on_path_native	match	complete	true	ok	d4fcc03a750b	d4fcc03a750b:8	false		false	true	1784739097207474596	1784739097280853584	1784739097287035976	73.379046	55	55.820651	65536	65650		unavailable_no_direct_event		not_repeated_warm		not_on_path_native		not_on_path_native		not_on_path_native		not_on_path_native		not_on_path_native		not_on_path_native		not_on_path_native	50211932		not_on_path_native		not_on_path_native	50217807	complete
c2-native-attempt-v1	native	262144	8	fresh_first_use	0	s262144-g008-fresh	1e8c0f90fe084c338c0f90fe080c33be	/guest/c2_native_sleep50_r351_direct_events_s262144_g008	0.0.1@1784738961388	dd75d9a99d63cfa3b2ac35408794b44547326ac8eba1beb72da63014b4d98799	175	true	present	not_on_path_native	not_on_path_native	match	complete	true	ok	ae612fb0bdb7	ae612fb0bdb7:7	true	84	true	false	1784739097287147610	1784739097639653051	1784739097908621112	352.506596	144	60.953863	262144	262258		unavailable_no_direct_event	84000000	activation_annotation_initTime		not_on_path_native		not_on_path_native		not_on_path_native		not_on_path_native		not_on_path_native		not_on_path_native		not_on_path_native	49850213		not_on_path_native		not_on_path_native	49906029	complete
c2-native-attempt-v1	native	262144	8	warm_followup	1	s262144-g008-warm01	9bc23dfbdf1c47d0823dfbdf1c97d026	/guest/c2_native_sleep50_r351_direct_events_s262144_g008	0.0.1@1784738961388	dd75d9a99d63cfa3b2ac35408794b44547326ac8eba1beb72da63014b4d98799	176	true	present	not_on_path_native	not_on_path_native	match	complete	true	ok	ae612fb0bdb7	ae612fb0bdb7:7	false		false	true	1784739097908758897	1784739097988774276	1784739098003640915	80.015566	54	60.953863	262144	262258		unavailable_no_direct_event		not_repeated_warm		not_on_path_native		not_on_path_native		not_on_path_native		not_on_path_native		not_on_path_native		not_on_path_native		not_on_path_native	49315208		not_on_path_native		not_on_path_native	49336001	complete
c2-native-attempt-v1	native	262144	8	warm_followup	2	s262144-g008-warm02	d464271122d940d7a4271122d9e0d7f4	/guest/c2_native_sleep50_r351_direct_events_s262144_g008	0.0.1@1784738961388	dd75d9a99d63cfa3b2ac35408794b44547326ac8eba1beb72da63014b4d98799	177	true	present	not_on_path_native	not_on_path_native	match	complete	true	ok	ae612fb0bdb7	ae612fb0bdb7:7	false		false	true	1784739098003846100	1784739098075683907	1784739098083304809	71.837756	53	60.953863	262144	262258		unavailable_no_direct_event		not_repeated_warm		not_on_path_native		not_on_path_native		not_on_path_native		not_on_path_native		not_on_path_native		not_on_path_native		not_on_path_native	50289925		not_on_path_native		not_on_path_native	50309051	complete
c2-native-attempt-v1	native	262144	8	warm_followup	3	s262144-g008-warm03	10f756cc7add4981b756cc7add898170	/guest/c2_native_sleep50_r351_direct_events_s262144_g008	0.0.1@1784738961388	dd75d9a99d63cfa3b2ac35408794b44547326ac8eba1beb72da63014b4d98799	178	true	present	not_on_path_native	not_on_path_native	match	complete	true	ok	ae612fb0bdb7	ae612fb0bdb7:7	false		false	true	1784739098083428555	1784739098147465451	1784739098159741573	64.03686	52	60.953863	262144	262258		unavailable_no_direct_event		not_repeated_warm		not_on_path_native		not_on_path_native		not_on_path_native		not_on_path_native		not_on_path_native		not_on_path_native		not_on_path_native	50189491		not_on_path_native		not_on_path_native	50194473	complete
c2-native-attempt-v1	native	262144	8	warm_followup	4	s262144-g008-warm04	630d58277aad431e8d58277aad631e5b	/guest/c2_native_sleep50_r351_direct_events_s262144_g008	0.0.1@1784738961388	dd75d9a99d63cfa3b2ac35408794b44547326ac8eba1beb72da63014b4d98799	179	true	present	not_on_path_native	not_on_path_native	match	complete	true	ok	ae612fb0bdb7	ae612fb0bdb7:7	false		false	true	1784739098159858951	1784739098227037707	1784739098505131557	67.17891	54	60.953863	262144	262258		unavailable_no_direct_event		not_repeated_warm		not_on_path_native		not_on_path_native		not_on_path_native		not_on_path_native		not_on_path_native		not_on_path_native		not_on_path_native	50178248		not_on_path_native		not_on_path_native	50183019	complete
c2-native-attempt-v1	native	262144	8	warm_followup	5	s262144-g008-warm05	1278a81d5cee449eb8a81d5cee649e70	/guest/c2_native_sleep50_r351_direct_events_s262144_g008	0.0.1@1784738961388	dd75d9a99d63cfa3b2ac35408794b44547326ac8eba1beb72da63014b4d98799	180	true	present	not_on_path_native	not_on_path_native	match	complete	true	ok	ae612fb0bdb7	ae612fb0bdb7:7	false		false	true	1784739098505273430	1784739098574843046	1784739098845186875	69.56975	52	60.953863	262144	262258		unavailable_no_direct_event		not_repeated_warm		not_on_path_native		not_on_path_native		not_on_path_native		not_on_path_native		not_on_path_native		not_on_path_native		not_on_path_native	50182498		not_on_path_native		not_on_path_native	50187359	complete
c2-native-attempt-v1	native	1048576	8	fresh_first_use	0	s1048576-g008-fresh	18a86282154942a6a862821549d2a6a1	/guest/c2_native_sleep50_r351_direct_events_s1048576_g008	0.0.1@1784738968345	fdc66b49cb0ae9eb1d9bdff063b76fdccc6d351003f6c33a39d07bf532356b81	181	true	present	not_on_path_native	not_on_path_native	match	complete	true	ok	2394f6b502a2	2394f6b502a2:9	true	166	true	false	1784739098845315350	1784739099249848825	1784739099513664445	404.534099	223	215.790998	1048576	1048690		unavailable_no_direct_event	166000000	activation_annotation_initTime		not_on_path_native		not_on_path_native		not_on_path_native		not_on_path_native		not_on_path_native		not_on_path_native		not_on_path_native	50693972		not_on_path_native		not_on_path_native	50746912	complete
c2-native-attempt-v1	native	1048576	8	warm_followup	1	s1048576-g008-warm01	4953729d77384b9a93729d77386b9a5a	/guest/c2_native_sleep50_r351_direct_events_s1048576_g008	0.0.1@1784738968345	fdc66b49cb0ae9eb1d9bdff063b76fdccc6d351003f6c33a39d07bf532356b81	182	true	present	not_on_path_native	not_on_path_native	match	complete	true	ok	2394f6b502a2	2394f6b502a2:9	false		false	true	1784739099513804996	1784739099581987060	1784739099598314129	68.182257	53	215.790998	1048576	1048690		unavailable_no_direct_event		not_repeated_warm		not_on_path_native		not_on_path_native		not_on_path_native		not_on_path_native		not_on_path_native		not_on_path_native		not_on_path_native	50194799		not_on_path_native		not_on_path_native	50216306	complete
c2-native-attempt-v1	native	1048576	8	warm_followup	2	s1048576-g008-warm02	cd350c375a4943ecb50c375a4973ec8f	/guest/c2_native_sleep50_r351_direct_events_s1048576_g008	0.0.1@1784738968345	fdc66b49cb0ae9eb1d9bdff063b76fdccc6d351003f6c33a39d07bf532356b81	183	true	present	not_on_path_native	not_on_path_native	match	complete	true	ok	2394f6b502a2	2394f6b502a2:9	false		false	true	1784739099598438347	1784739099663634956	1784739099928748721	65.196802	53	215.790998	1048576	1048690		unavailable_no_direct_event		not_repeated_warm		not_on_path_native		not_on_path_native		not_on_path_native		not_on_path_native		not_on_path_native		not_on_path_native		not_on_path_native	50319411		not_on_path_native		not_on_path_native	50344627	complete
c2-native-attempt-v1	native	1048576	8	warm_followup	3	s1048576-g008-warm03	13270ea0f9a645d3a70ea0f9a695d3c0	/guest/c2_native_sleep50_r351_direct_events_s1048576_g008	0.0.1@1784738968345	fdc66b49cb0ae9eb1d9bdff063b76fdccc6d351003f6c33a39d07bf532356b81	184	true	present	not_on_path_native	not_on_path_native	match	complete	true	ok	2394f6b502a2	2394f6b502a2:9	false		false	true	1784739099928884726	1784739099999131495	1784739100009397135	70.246725	53	215.790998	1048576	1048690		unavailable_no_direct_event		not_repeated_warm		not_on_path_native		not_on_path_native		not_on_path_native		not_on_path_native		not_on_path_native		not_on_path_native		not_on_path_native	50182890		not_on_path_native		not_on_path_native	50190194	complete
c2-native-attempt-v1	native	1048576	8	warm_followup	4	s1048576-g008-warm04	54767bb716ba4364b67bb716ba9364b1	/guest/c2_native_sleep50_r351_direct_events_s1048576_g008	0.0.1@1784738968345	fdc66b49cb0ae9eb1d9bdff063b76fdccc6d351003f6c33a39d07bf532356b81	185	true	present	not_on_path_native	not_on_path_native	match	complete	true	ok	2394f6b502a2	2394f6b502a2:9	false		false	true	1784739100009577899	1784739100077679423	1784739100342816713	68.10149	53	215.790998	1048576	1048690		unavailable_no_direct_event		not_repeated_warm		not_on_path_native		not_on_path_native		not_on_path_native		not_on_path_native		not_on_path_native		not_on_path_native		not_on_path_native	50183544		not_on_path_native		not_on_path_native	50188509	complete
c2-native-attempt-v1	native	1048576	8	warm_followup	5	s1048576-g008-warm05	abe8a6e3cdc8418ea8a6e3cdc8118e03	/guest/c2_native_sleep50_r351_direct_events_s1048576_g008	0.0.1@1784738968345	fdc66b49cb0ae9eb1d9bdff063b76fdccc6d351003f6c33a39d07bf532356b81	186	true	present	not_on_path_native	not_on_path_native	match	complete	true	ok	2394f6b502a2	2394f6b502a2:9	false		false	true	1784739100342993521	1784739100410056598	1784739100674917719	67.062954	52	215.790998	1048576	1048690		unavailable_no_direct_event		not_repeated_warm		not_on_path_native		not_on_path_native		not_on_path_native		not_on_path_native		not_on_path_native		not_on_path_native		not_on_path_native	50248263		not_on_path_native		not_on_path_native	50254173	complete
c2-native-attempt-v1	native	4194304	8	fresh_first_use	0	s4194304-g008-fresh	6235fc6707334945b5fc670733194566	/guest/c2_native_sleep50_r351_direct_events_s4194304_g008	0.0.1@1784738982334	aabcefbae39869d96838bee70facb7d66a084050eecec082d1fff24103cff731	187	true	present	not_on_path_native	not_on_path_native	match	complete	true	ok	7cf844211b13	7cf844211b13:7	true	390	true	false	1784739100675078112	1784739101337725898	1784739101344581602	662.648212	453	509.572669	4194304	4194418		unavailable_no_direct_event	390000000	activation_annotation_initTime		not_on_path_native		not_on_path_native		not_on_path_native		not_on_path_native		not_on_path_native		not_on_path_native		not_on_path_native	50630671		not_on_path_native		not_on_path_native	50686661	complete
c2-native-attempt-v1	native	4194304	8	warm_followup	1	s4194304-g008-warm01	7d4f1ce45791473b8f1ce45791773b35	/guest/c2_native_sleep50_r351_direct_events_s4194304_g008	0.0.1@1784738982334	aabcefbae39869d96838bee70facb7d66a084050eecec082d1fff24103cff731	188	true	present	not_on_path_native	not_on_path_native	match	complete	true	ok	7cf844211b13	7cf844211b13:7	false		false	true	1784739101344797515	1784739101915475597	1784739102180523118	570.678235	53	509.572669	4194304	4194418		unavailable_no_direct_event		not_repeated_warm		not_on_path_native		not_on_path_native		not_on_path_native		not_on_path_native		not_on_path_native		not_on_path_native		not_on_path_native	50270256		not_on_path_native		not_on_path_native	50286027	complete
c2-native-attempt-v1	native	4194304	8	warm_followup	2	s4194304-g008-warm02	6d28f138dadb47eda8f138dadb07ed77	/guest/c2_native_sleep50_r351_direct_events_s4194304_g008	0.0.1@1784738982334	aabcefbae39869d96838bee70facb7d66a084050eecec082d1fff24103cff731	189	true	present	not_on_path_native	not_on_path_native	match	complete	true	ok	7cf844211b13	7cf844211b13:7	false		false	true	1784739102180669421	1784739102247606868	1784739102517123504	66.937169	54	509.572669	4194304	4194418		unavailable_no_direct_event		not_repeated_warm		not_on_path_native		not_on_path_native		not_on_path_native		not_on_path_native		not_on_path_native		not_on_path_native		not_on_path_native	49321757		not_on_path_native		not_on_path_native	49342912	complete
c2-native-attempt-v1	native	4194304	8	warm_followup	3	s4194304-g008-warm03	85d76a2bc2414a39976a2bc241ba39d4	/guest/c2_native_sleep50_r351_direct_events_s4194304_g008	0.0.1@1784738982334	aabcefbae39869d96838bee70facb7d66a084050eecec082d1fff24103cff731	190	true	present	not_on_path_native	not_on_path_native	match	complete	true	ok	7cf844211b13	7cf844211b13:7	false		false	true	1784739102517251408	1784739102582913798	1784739102848958644	65.662649	52	509.572669	4194304	4194418		unavailable_no_direct_event		not_repeated_warm		not_on_path_native		not_on_path_native		not_on_path_native		not_on_path_native		not_on_path_native		not_on_path_native		not_on_path_native	50207991		not_on_path_native		not_on_path_native	50214050	complete
c2-native-attempt-v1	native	4194304	8	warm_followup	4	s4194304-g008-warm04	a6debe61676f47769ebe61676f2776a7	/guest/c2_native_sleep50_r351_direct_events_s4194304_g008	0.0.1@1784738982334	aabcefbae39869d96838bee70facb7d66a084050eecec082d1fff24103cff731	191	true	present	not_on_path_native	not_on_path_native	match	complete	true	ok	7cf844211b13	7cf844211b13:7	false		false	true	1784739102849137286	1784739102933521873	1784739102940810671	84.384521	52	509.572669	4194304	4194418		unavailable_no_direct_event		not_repeated_warm		not_on_path_native		not_on_path_native		not_on_path_native		not_on_path_native		not_on_path_native		not_on_path_native		not_on_path_native	50196591		not_on_path_native		not_on_path_native	50202447	complete
c2-native-attempt-v1	native	4194304	8	warm_followup	5	s4194304-g008-warm05	46cd3ed786f749c08d3ed786f739c0ec	/guest/c2_native_sleep50_r351_direct_events_s4194304_g008	0.0.1@1784738982334	aabcefbae39869d96838bee70facb7d66a084050eecec082d1fff24103cff731	192	true	present	not_on_path_native	not_on_path_native	match	complete	true	ok	7cf844211b13	7cf844211b13:7	false		false	true	1784739102940993817	1784739103014944613	1784739103022365004	73.950601	53	509.572669	4194304	4194418		unavailable_no_direct_event		not_repeated_warm		not_on_path_native		not_on_path_native		not_on_path_native		not_on_path_native		not_on_path_native		not_on_path_native		not_on_path_native	50272857		not_on_path_native		not_on_path_native	50277952	complete
c2-native-attempt-v1	native	65536	9	fresh_first_use	0	s65536-g009-fresh	23e7fc85dd0948d2a7fc85dd0938d297	/guest/c2_native_sleep50_r351_direct_events_s65536_g009	0.0.1@1784738955680	51c6b1584521d4c1baf7c0d3c4b731d386869851e9371da7bfa7c680f20f2c9b	193	true	present	not_on_path_native	not_on_path_native	match	complete	true	ok	2abff0d68b45	2abff0d68b45:8	true	122	true	false	1784739103022543839	1784739103446095088	1784739103714468291	423.551806	187	74.836209	65536	65650		unavailable_no_direct_event	122000000	activation_annotation_initTime		not_on_path_native		not_on_path_native		not_on_path_native		not_on_path_native		not_on_path_native		not_on_path_native		not_on_path_native	50746934		not_on_path_native		not_on_path_native	50814824	complete
c2-native-attempt-v1	native	65536	9	warm_followup	1	s65536-g009-warm01	44a810e4570b4223a810e4570bb2234a	/guest/c2_native_sleep50_r351_direct_events_s65536_g009	0.0.1@1784738955680	51c6b1584521d4c1baf7c0d3c4b731d386869851e9371da7bfa7c680f20f2c9b	194	true	present	not_on_path_native	not_on_path_native	match	complete	true	ok	2abff0d68b45	2abff0d68b45:8	false		false	true	1784739103714615546	1784739103782210061	1784739104046941416	67.594641	54	74.836209	65536	65650		unavailable_no_direct_event		not_repeated_warm		not_on_path_native		not_on_path_native		not_on_path_native		not_on_path_native		not_on_path_native		not_on_path_native		not_on_path_native	50248877		not_on_path_native		not_on_path_native	50264260	complete
c2-native-attempt-v1	native	65536	9	warm_followup	2	s65536-g009-warm02	a7207f8535a9421ca07f8535a9021c82	/guest/c2_native_sleep50_r351_direct_events_s65536_g009	0.0.1@1784738955680	51c6b1584521d4c1baf7c0d3c4b731d386869851e9371da7bfa7c680f20f2c9b	195	true	present	not_on_path_native	not_on_path_native	match	complete	true	ok	2abff0d68b45	2abff0d68b45:8	false		false	true	1784739104047063351	1784739104115342147	1784739104380193466	68.278723	53	74.836209	65536	65650		unavailable_no_direct_event		not_repeated_warm		not_on_path_native		not_on_path_native		not_on_path_native		not_on_path_native		not_on_path_native		not_on_path_native		not_on_path_native	50253693		not_on_path_native		not_on_path_native	50272135	complete
c2-native-attempt-v1	native	65536	9	warm_followup	3	s65536-g009-warm03	e0dbde46b0c6416b9bde46b0c6d16be9	/guest/c2_native_sleep50_r351_direct_events_s65536_g009	0.0.1@1784738955680	51c6b1584521d4c1baf7c0d3c4b731d386869851e9371da7bfa7c680f20f2c9b	196	true	present	not_on_path_native	not_on_path_native	match	complete	true	ok	2abff0d68b45	2abff0d68b45:8	false		false	true	1784739104380316780	1784739104451072163	1784739104461806347	70.755894	53	74.836209	65536	65650		unavailable_no_direct_event		not_repeated_warm		not_on_path_native		not_on_path_native		not_on_path_native		not_on_path_native		not_on_path_native		not_on_path_native		not_on_path_native	50227131		not_on_path_native		not_on_path_native	50233912	complete
c2-native-attempt-v1	native	65536	9	warm_followup	4	s65536-g009-warm04	eb598fec74304c8c998fec74301c8cca	/guest/c2_native_sleep50_r351_direct_events_s65536_g009	0.0.1@1784738955680	51c6b1584521d4c1baf7c0d3c4b731d386869851e9371da7bfa7c680f20f2c9b	197	true	present	not_on_path_native	not_on_path_native	match	complete	true	ok	2abff0d68b45	2abff0d68b45:8	false		false	true	1784739104461922403	1784739104525375624	1784739104791107341	63.453224	52	74.836209	65536	65650		unavailable_no_direct_event		not_repeated_warm		not_on_path_native		not_on_path_native		not_on_path_native		not_on_path_native		not_on_path_native		not_on_path_native		not_on_path_native	50183815		not_on_path_native		not_on_path_native	50189459	complete
c2-native-attempt-v1	native	65536	9	warm_followup	5	s65536-g009-warm05	38f2919f5ef84e27b2919f5ef8fe279e	/guest/c2_native_sleep50_r351_direct_events_s65536_g009	0.0.1@1784738955680	51c6b1584521d4c1baf7c0d3c4b731d386869851e9371da7bfa7c680f20f2c9b	198	true	present	not_on_path_native	not_on_path_native	match	complete	true	ok	2abff0d68b45	2abff0d68b45:8	false		false	true	1784739104791299433	1784739104861696059	1784739105126890773	70.396692	55	74.836209	65536	65650		unavailable_no_direct_event		not_repeated_warm		not_on_path_native		not_on_path_native		not_on_path_native		not_on_path_native		not_on_path_native		not_on_path_native		not_on_path_native	51216375		not_on_path_native		not_on_path_native	51222809	complete
c2-native-attempt-v1	native	262144	9	fresh_first_use	0	s262144-g009-fresh	96feffa320d14ffdbeffa320d17ffded	/guest/c2_native_sleep50_r351_direct_events_s262144_g009	0.0.1@1784738961572	a0984af85f956db7ce3f125d5405e3892a3c480cb06962982edea61c1681da9d	199	true	present	not_on_path_native	not_on_path_native	match	complete	true	ok	42bf39854fcb	42bf39854fcb:8	true	87	true	false	1784739105127014917	1784739105487880330	1784739105495417479	360.866349	148	90.055357	262144	262258		unavailable_no_direct_event	87000000	activation_annotation_initTime		not_on_path_native		not_on_path_native		not_on_path_native		not_on_path_native		not_on_path_native		not_on_path_native		not_on_path_native	50961327		not_on_path_native		not_on_path_native	51020242	complete
c2-native-attempt-v1	native	262144	9	warm_followup	1	s262144-g009-warm01	ccaa24d5568e4235aa24d5568e72354c	/guest/c2_native_sleep50_r351_direct_events_s262144_g009	0.0.1@1784738961572	a0984af85f956db7ce3f125d5405e3892a3c480cb06962982edea61c1681da9d	200	true	present	not_on_path_native	not_on_path_native	match	complete	true	ok	42bf39854fcb	42bf39854fcb:8	false		false	true	1784739105495542876	1784739105567043875	1784739105829054266	71.475764	54	90.055357	262144	262258		unavailable_no_direct_event		not_repeated_warm		not_on_path_native		not_on_path_native		not_on_path_native		not_on_path_native		not_on_path_native		not_on_path_native		not_on_path_native	51108921		not_on_path_native		not_on_path_native	51130550	complete
c2-native-attempt-v1	native	262144	9	warm_followup	2	s262144-g009-warm02	fcc8f9b3c3c74e7688f9b3c3c7be76d3	/guest/c2_native_sleep50_r351_direct_events_s262144_g009	0.0.1@1784738961572	a0984af85f956db7ce3f125d5405e3892a3c480cb06962982edea61c1681da9d	201	true	present	not_on_path_native	not_on_path_native	match	complete	true	ok	42bf39854fcb	42bf39854fcb:8	false		false	true	1784739105829236145	1784739105901911755	1784739105907387275	72.675425	54	90.055357	262144	262258		unavailable_no_direct_event		not_repeated_warm		not_on_path_native		not_on_path_native		not_on_path_native		not_on_path_native		not_on_path_native		not_on_path_native		not_on_path_native	50367428		not_on_path_native		not_on_path_native	50389370	complete
c2-native-attempt-v1	native	262144	9	warm_followup	3	s262144-g009-warm03	a29a3e46e4b9452e9a3e46e4b9052e1f	/guest/c2_native_sleep50_r351_direct_events_s262144_g009	0.0.1@1784738961572	a0984af85f956db7ce3f125d5405e3892a3c480cb06962982edea61c1681da9d	202	true	present	not_on_path_native	not_on_path_native	match	complete	true	ok	42bf39854fcb	42bf39854fcb:8	false		false	true	1784739105907503146	1784739105971250110	1784739106235007737	63.747231	53	90.055357	262144	262258		unavailable_no_direct_event		not_repeated_warm		not_on_path_native		not_on_path_native		not_on_path_native		not_on_path_native		not_on_path_native		not_on_path_native		not_on_path_native	50147709		not_on_path_native		not_on_path_native	50152822	complete
c2-native-attempt-v1	native	262144	9	warm_followup	4	s262144-g009-warm04	eb01a9c998ce431c81a9c998ce631cfb	/guest/c2_native_sleep50_r351_direct_events_s262144_g009	0.0.1@1784738961572	a0984af85f956db7ce3f125d5405e3892a3c480cb06962982edea61c1681da9d	203	true	present	not_on_path_native	not_on_path_native	match	complete	true	ok	42bf39854fcb	42bf39854fcb:8	false		false	true	1784739106235127697	1784739106301308055	1784739106310197211	66.180224	52	90.055357	262144	262258		unavailable_no_direct_event		not_repeated_warm		not_on_path_native		not_on_path_native		not_on_path_native		not_on_path_native		not_on_path_native		not_on_path_native		not_on_path_native	49205885		not_on_path_native		not_on_path_native	49215446	complete
c2-native-attempt-v1	native	262144	9	warm_followup	5	s262144-g009-warm05	d9ae348e0efc4870ae348e0efc687093	/guest/c2_native_sleep50_r351_direct_events_s262144_g009	0.0.1@1784738961572	a0984af85f956db7ce3f125d5405e3892a3c480cb06962982edea61c1681da9d	204	true	present	not_on_path_native	not_on_path_native	match	complete	true	ok	42bf39854fcb	42bf39854fcb:8	false		false	true	1784739106310364368	1784739106382051217	1784739106387644017	71.686866	52	90.055357	262144	262258		unavailable_no_direct_event		not_repeated_warm		not_on_path_native		not_on_path_native		not_on_path_native		not_on_path_native		not_on_path_native		not_on_path_native		not_on_path_native	50173953		not_on_path_native		not_on_path_native	50178771	complete
c2-native-attempt-v1	native	1048576	9	fresh_first_use	0	s1048576-g009-fresh	f22675c2282449dca675c2282499dc89	/guest/c2_native_sleep50_r351_direct_events_s1048576_g009	0.0.1@1784738968628	bf792e9be8b12de2618c086f6b2fffa164b702afa180529b7e9b21525458cb38	205	true	present	not_on_path_native	not_on_path_native	match	complete	true	ok	f9146be5e46f	f9146be5e46f:8	true	179	true	false	1784739106387759139	1784739106851338038	1784739106860199052	463.579333	248	184.152355	1048576	1048690		unavailable_no_direct_event	179000000	activation_annotation_initTime		not_on_path_native		not_on_path_native		not_on_path_native		not_on_path_native		not_on_path_native		not_on_path_native		not_on_path_native	49727353		not_on_path_native		not_on_path_native	49786040	complete
c2-native-attempt-v1	native	1048576	9	warm_followup	1	s1048576-g009-warm01	3bf267fa0c20490cb267fa0c20690c52	/guest/c2_native_sleep50_r351_direct_events_s1048576_g009	0.0.1@1784738968628	bf792e9be8b12de2618c086f6b2fffa164b702afa180529b7e9b21525458cb38	206	true	present	not_on_path_native	not_on_path_native	match	complete	true	ok	f9146be5e46f	f9146be5e46f:8	false		false	true	1784739106860333019	1784739106943431705	1784739106949742023	83.098718	58	184.152355	1048576	1048690		unavailable_no_direct_event		not_repeated_warm		not_on_path_native		not_on_path_native		not_on_path_native		not_on_path_native		not_on_path_native		not_on_path_native		not_on_path_native	50800188		not_on_path_native		not_on_path_native	50822675	complete
c2-native-attempt-v1	native	1048576	9	warm_followup	2	s1048576-g009-warm02	122b244e03514a0fab244e0351fa0fc5	/guest/c2_native_sleep50_r351_direct_events_s1048576_g009	0.0.1@1784738968628	bf792e9be8b12de2618c086f6b2fffa164b702afa180529b7e9b21525458cb38	207	true	present	not_on_path_native	not_on_path_native	match	complete	true	ok	f9146be5e46f	f9146be5e46f:8	false		false	true	1784739106949867594	1784739107024918197	1784739107031104537	75.050749	53	184.152355	1048576	1048690		unavailable_no_direct_event		not_repeated_warm		not_on_path_native		not_on_path_native		not_on_path_native		not_on_path_native		not_on_path_native		not_on_path_native		not_on_path_native	49653764		not_on_path_native		not_on_path_native	49676924	complete
c2-native-attempt-v1	native	1048576	9	warm_followup	3	s1048576-g009-warm03	d4f6588182534016b658818253901695	/guest/c2_native_sleep50_r351_direct_events_s1048576_g009	0.0.1@1784738968628	bf792e9be8b12de2618c086f6b2fffa164b702afa180529b7e9b21525458cb38	208	true	present	not_on_path_native	not_on_path_native	match	complete	true	ok	f9146be5e46f	f9146be5e46f:8	false		false	true	1784739107031222239	1784739107100084574	1784739107366735578	68.862049	54	184.152355	1048576	1048690		unavailable_no_direct_event		not_repeated_warm		not_on_path_native		not_on_path_native		not_on_path_native		not_on_path_native		not_on_path_native		not_on_path_native		not_on_path_native	50298003		not_on_path_native		not_on_path_native	50305940	complete
c2-native-attempt-v1	native	1048576	9	warm_followup	4	s1048576-g009-warm04	e55022f6c5fc43869022f6c5fca3868c	/guest/c2_native_sleep50_r351_direct_events_s1048576_g009	0.0.1@1784738968628	bf792e9be8b12de2618c086f6b2fffa164b702afa180529b7e9b21525458cb38	209	true	present	not_on_path_native	not_on_path_native	match	complete	true	ok	f9146be5e46f	f9146be5e46f:8	false		false	true	1784739107366924210	1784739107435263302	1784739107713674547	68.33883	53	184.152355	1048576	1048690		unavailable_no_direct_event		not_repeated_warm		not_on_path_native		not_on_path_native		not_on_path_native		not_on_path_native		not_on_path_native		not_on_path_native		not_on_path_native	50250369		not_on_path_native		not_on_path_native	50257850	complete
c2-native-attempt-v1	native	1048576	9	warm_followup	5	s1048576-g009-warm05	f228bb866eb24382a8bb866eb2838264	/guest/c2_native_sleep50_r351_direct_events_s1048576_g009	0.0.1@1784738968628	bf792e9be8b12de2618c086f6b2fffa164b702afa180529b7e9b21525458cb38	210	true	present	not_on_path_native	not_on_path_native	match	complete	true	ok	f9146be5e46f	f9146be5e46f:8	false		false	true	1784739107713891084	1784739107784614013	1784739108052797824	70.722945	54	184.152355	1048576	1048690		unavailable_no_direct_event		not_repeated_warm		not_on_path_native		not_on_path_native		not_on_path_native		not_on_path_native		not_on_path_native		not_on_path_native		not_on_path_native	50233670		not_on_path_native		not_on_path_native	50241750	complete
c2-native-attempt-v1	native	4194304	9	fresh_first_use	0	s4194304-g009-fresh	fe8478e6d464457d8478e6d464e57d1b	/guest/c2_native_sleep50_r351_direct_events_s4194304_g009	0.0.1@1784738982989	c1859a0baf77bf33157e49da5edcefca04dfb0461489b573833ad1eca47e3c92	211	true	present	not_on_path_native	not_on_path_native	match	complete	true	ok	0e0a21e9291e	0e0a21e9291e:7	true	360	true	false	1784739108052935623	1784739108606942633	1784739108873229106	554.007132	421	598.041045	4194304	4194418		unavailable_no_direct_event	360000000	activation_annotation_initTime		not_on_path_native		not_on_path_native		not_on_path_native		not_on_path_native		not_on_path_native		not_on_path_native		not_on_path_native	51954727		not_on_path_native		not_on_path_native	52007902	complete
c2-native-attempt-v1	native	4194304	9	warm_followup	1	s4194304-g009-warm01	514559732eb447d68559732eb4b7d6f2	/guest/c2_native_sleep50_r351_direct_events_s4194304_g009	0.0.1@1784738982989	c1859a0baf77bf33157e49da5edcefca04dfb0461489b573833ad1eca47e3c92	212	true	present	not_on_path_native	not_on_path_native	match	complete	true	ok	0e0a21e9291e	0e0a21e9291e:7	false		false	true	1784739108873389436	1784739108944505957	1784739109077743742	71.116368	54	598.041045	4194304	4194418		unavailable_no_direct_event		not_repeated_warm		not_on_path_native		not_on_path_native		not_on_path_native		not_on_path_native		not_on_path_native		not_on_path_native		not_on_path_native	50334610		not_on_path_native		not_on_path_native	50352820	complete
c2-native-attempt-v1	native	4194304	9	warm_followup	2	s4194304-g009-warm02	cd531115117e43ab931115117e33ab30	/guest/c2_native_sleep50_r351_direct_events_s4194304_g009	0.0.1@1784738982989	c1859a0baf77bf33157e49da5edcefca04dfb0461489b573833ad1eca47e3c92	213	true	present	not_on_path_native	not_on_path_native	match	complete	true	ok	0e0a21e9291e	0e0a21e9291e:7	false		false	true	1784739109077928766	1784739109159783155	1784739109425139956	81.854094	54	598.041045	4194304	4194418		unavailable_no_direct_event		not_repeated_warm		not_on_path_native		not_on_path_native		not_on_path_native		not_on_path_native		not_on_path_native		not_on_path_native		not_on_path_native	50288672		not_on_path_native		not_on_path_native	50310858	complete
c2-native-attempt-v1	native	4194304	9	warm_followup	3	s4194304-g009-warm03	29f7cd2427b44d89b7cd2427b47d8972	/guest/c2_native_sleep50_r351_direct_events_s4194304_g009	0.0.1@1784738982989	c1859a0baf77bf33157e49da5edcefca04dfb0461489b573833ad1eca47e3c92	214	true	present	not_on_path_native	not_on_path_native	match	complete	true	ok	0e0a21e9291e	0e0a21e9291e:7	false		false	true	1784739109425302299	1784739109492309923	1784739109506641383	67.007543	53	598.041045	4194304	4194418		unavailable_no_direct_event		not_repeated_warm		not_on_path_native		not_on_path_native		not_on_path_native		not_on_path_native		not_on_path_native		not_on_path_native		not_on_path_native	50449669		not_on_path_native		not_on_path_native	50456828	complete
c2-native-attempt-v1	native	4194304	9	warm_followup	4	s4194304-g009-warm04	a1e95208f54e47eaa95208f54e87ead8	/guest/c2_native_sleep50_r351_direct_events_s4194304_g009	0.0.1@1784738982989	c1859a0baf77bf33157e49da5edcefca04dfb0461489b573833ad1eca47e3c92	215	true	present	not_on_path_native	not_on_path_native	match	complete	true	ok	0e0a21e9291e	0e0a21e9291e:7	false		false	true	1784739109506806005	1784739109575655394	1784739109844601491	68.8494	54	598.041045	4194304	4194418		unavailable_no_direct_event		not_repeated_warm		not_on_path_native		not_on_path_native		not_on_path_native		not_on_path_native		not_on_path_native		not_on_path_native		not_on_path_native	50202932		not_on_path_native		not_on_path_native	50208135	complete
c2-native-attempt-v1	native	4194304	9	warm_followup	5	s4194304-g009-warm05	79aec24fe53341d4aec24fe533d1d485	/guest/c2_native_sleep50_r351_direct_events_s4194304_g009	0.0.1@1784738982989	c1859a0baf77bf33157e49da5edcefca04dfb0461489b573833ad1eca47e3c92	216	true	present	not_on_path_native	not_on_path_native	match	complete	true	ok	0e0a21e9291e	0e0a21e9291e:7	false		false	true	1784739109844725288	1784739109910891615	1784739110177277517	66.166525	53	598.041045	4194304	4194418		unavailable_no_direct_event		not_repeated_warm		not_on_path_native		not_on_path_native		not_on_path_native		not_on_path_native		not_on_path_native		not_on_path_native		not_on_path_native	50179668		not_on_path_native		not_on_path_native	50186035	complete
c2-native-attempt-v1	native	65536	10	fresh_first_use	0	s65536-g010-fresh	4992788620ab41a592788620abf1a5c8	/guest/c2_native_sleep50_r351_direct_events_s65536_g010	0.0.1@1784738955852	c4392846270bdf75def6acb6942088cf226c808d176e13d8630b357d3f4a94b7	217	true	present	not_on_path_native	not_on_path_native	match	complete	true	ok	d4d2273693a8	d4d2273693a8:9	true	120	true	false	1784739110177492709	1784739110575615874	1784739110842005109	398.123575	183	66.998594	65536	65650		unavailable_no_direct_event	120000000	activation_annotation_initTime		not_on_path_native		not_on_path_native		not_on_path_native		not_on_path_native		not_on_path_native		not_on_path_native		not_on_path_native	51467258		not_on_path_native		not_on_path_native	51550743	complete
c2-native-attempt-v1	native	65536	10	warm_followup	1	s65536-g010-warm01	1a56e01ab3dc467d96e01ab3dc767d28	/guest/c2_native_sleep50_r351_direct_events_s65536_g010	0.0.1@1784738955852	c4392846270bdf75def6acb6942088cf226c808d176e13d8630b357d3f4a94b7	218	true	present	not_on_path_native	not_on_path_native	match	complete	true	ok	d4d2273693a8	d4d2273693a8:9	false		false	true	1784739110842185144	1784739110913362680	1784739111187432118	71.177534	53	66.998594	65536	65650		unavailable_no_direct_event		not_repeated_warm		not_on_path_native		not_on_path_native		not_on_path_native		not_on_path_native		not_on_path_native		not_on_path_native		not_on_path_native	50302159		not_on_path_native		not_on_path_native	50320954	complete
c2-native-attempt-v1	native	65536	10	warm_followup	2	s65536-g010-warm02	e63524ca44524daeb524ca4452cdae52	/guest/c2_native_sleep50_r351_direct_events_s65536_g010	0.0.1@1784738955852	c4392846270bdf75def6acb6942088cf226c808d176e13d8630b357d3f4a94b7	219	true	present	not_on_path_native	not_on_path_native	match	complete	true	ok	d4d2273693a8	d4d2273693a8:9	false		false	true	1784739111187653710	1784739111258413059	1784739111275137712	70.759344	53	66.998594	65536	65650		unavailable_no_direct_event		not_repeated_warm		not_on_path_native		not_on_path_native		not_on_path_native		not_on_path_native		not_on_path_native		not_on_path_native		not_on_path_native	50262036		not_on_path_native		not_on_path_native	50281482	complete
c2-native-attempt-v1	native	65536	10	warm_followup	3	s65536-g010-warm03	edd12ca069de4a12912ca069de5a1268	/guest/c2_native_sleep50_r351_direct_events_s65536_g010	0.0.1@1784738955852	c4392846270bdf75def6acb6942088cf226c808d176e13d8630b357d3f4a94b7	220	true	present	not_on_path_native	not_on_path_native	match	complete	true	ok	d4d2273693a8	d4d2273693a8:9	false		false	true	1784739111275328271	1784739111355181440	1784739111364859718	79.853428	53	66.998594	65536	65650		unavailable_no_direct_event		not_repeated_warm		not_on_path_native		not_on_path_native		not_on_path_native		not_on_path_native		not_on_path_native		not_on_path_native		not_on_path_native	50703983		not_on_path_native		not_on_path_native	50708985	complete
c2-native-attempt-v1	native	65536	10	warm_followup	4	s65536-g010-warm04	655f49e15d7643099f49e15d76230966	/guest/c2_native_sleep50_r351_direct_events_s65536_g010	0.0.1@1784738955852	c4392846270bdf75def6acb6942088cf226c808d176e13d8630b357d3f4a94b7	221	true	present	not_on_path_native	not_on_path_native	match	complete	true	ok	d4d2273693a8	d4d2273693a8:9	false		false	true	1784739111365048480	1784739111435590370	1784739111445121089	70.542188	52	66.998594	65536	65650		unavailable_no_direct_event		not_repeated_warm		not_on_path_native		not_on_path_native		not_on_path_native		not_on_path_native		not_on_path_native		not_on_path_native		not_on_path_native	50170305		not_on_path_native		not_on_path_native	50177498	complete
c2-native-attempt-v1	native	65536	10	warm_followup	5	s65536-g010-warm05	05ea879f9b4b40e2aa879f9b4b90e22c	/guest/c2_native_sleep50_r351_direct_events_s65536_g010	0.0.1@1784738955852	c4392846270bdf75def6acb6942088cf226c808d176e13d8630b357d3f4a94b7	222	true	present	not_on_path_native	not_on_path_native	match	complete	true	ok	d4d2273693a8	d4d2273693a8:9	false		false	true	1784739111445241117	1784739111515186203	1784739111522390010	69.945001	53	66.998594	65536	65650		unavailable_no_direct_event		not_repeated_warm		not_on_path_native		not_on_path_native		not_on_path_native		not_on_path_native		not_on_path_native		not_on_path_native		not_on_path_native	50156466		not_on_path_native		not_on_path_native	50161283	complete
c2-native-attempt-v1	native	262144	10	fresh_first_use	0	s262144-g010-fresh	9db3d1f656444a4fb3d1f656441a4f4c	/guest/c2_native_sleep50_r351_direct_events_s262144_g010	0.0.1@1784738961758	58234cdf7b6300c6334702a2c2a86dc19e0f3169c20b8e2f5c91e593bb7d74ff	223	true	present	not_on_path_native	not_on_path_native	match	complete	true	ok	ce6d6f98ad42	ce6d6f98ad42:8	true	190	true	false	1784739111522575097	1784739112024090426	1784739112032221799	501.516565	260	95.438136	262144	262258		unavailable_no_direct_event	190000000	activation_annotation_initTime		not_on_path_native		not_on_path_native		not_on_path_native		not_on_path_native		not_on_path_native		not_on_path_native		not_on_path_native	50736454		not_on_path_native		not_on_path_native	50791280	complete
c2-native-attempt-v1	native	262144	10	warm_followup	1	s262144-g010-warm01	6d83aff0085f463383aff0085f5633ee	/guest/c2_native_sleep50_r351_direct_events_s262144_g010	0.0.1@1784738961758	58234cdf7b6300c6334702a2c2a86dc19e0f3169c20b8e2f5c91e593bb7d74ff	224	true	present	not_on_path_native	not_on_path_native	match	complete	true	ok	ce6d6f98ad42	ce6d6f98ad42:8	false		false	true	1784739112032413240	1784739112130479713	1784739112139358984	98.066446	58	95.438136	262144	262258		unavailable_no_direct_event		not_repeated_warm		not_on_path_native		not_on_path_native		not_on_path_native		not_on_path_native		not_on_path_native		not_on_path_native		not_on_path_native	49413264		not_on_path_native		not_on_path_native	49470638	complete
c2-native-attempt-v1	native	262144	10	warm_followup	2	s262144-g010-warm02	0cd7ab4fbd8c490197ab4fbd8ca9010d	/guest/c2_native_sleep50_r351_direct_events_s262144_g010	0.0.1@1784738961758	58234cdf7b6300c6334702a2c2a86dc19e0f3169c20b8e2f5c91e593bb7d74ff	225	true	present	not_on_path_native	not_on_path_native	match	complete	true	ok	ce6d6f98ad42	ce6d6f98ad42:8	false		false	true	1784739112139540458	1784739112218780194	1784739112482713839	79.239844	64	95.438136	262144	262258		unavailable_no_direct_event		not_repeated_warm		not_on_path_native		not_on_path_native		not_on_path_native		not_on_path_native		not_on_path_native		not_on_path_native		not_on_path_native	49353172		not_on_path_native		not_on_path_native	49376733	complete
c2-native-attempt-v1	native	262144	10	warm_followup	3	s262144-g010-warm03	d47710956dfe4d4ab710956dfedd4a4e	/guest/c2_native_sleep50_r351_direct_events_s262144_g010	0.0.1@1784738961758	58234cdf7b6300c6334702a2c2a86dc19e0f3169c20b8e2f5c91e593bb7d74ff	226	true	present	not_on_path_native	not_on_path_native	match	complete	true	ok	ce6d6f98ad42	ce6d6f98ad42:8	false		false	true	1784739112482846554	1784739112550801555	1784739112563177843	67.955148	54	95.438136	262144	262258		unavailable_no_direct_event		not_repeated_warm		not_on_path_native		not_on_path_native		not_on_path_native		not_on_path_native		not_on_path_native		not_on_path_native		not_on_path_native	50270324		not_on_path_native		not_on_path_native	50277542	complete
c2-native-attempt-v1	native	262144	10	warm_followup	4	s262144-g010-warm04	2d32a074ad5a4064b2a074ad5ad064b5	/guest/c2_native_sleep50_r351_direct_events_s262144_g010	0.0.1@1784738961758	58234cdf7b6300c6334702a2c2a86dc19e0f3169c20b8e2f5c91e593bb7d74ff	227	true	present	not_on_path_native	not_on_path_native	match	complete	true	ok	ce6d6f98ad42	ce6d6f98ad42:8	false		false	true	1784739112563363146	1784739112630564828	1784739112645901190	67.201585	52	95.438136	262144	262258		unavailable_no_direct_event		not_repeated_warm		not_on_path_native		not_on_path_native		not_on_path_native		not_on_path_native		not_on_path_native		not_on_path_native		not_on_path_native	50192757		not_on_path_native		not_on_path_native	50199823	complete
c2-native-attempt-v1	native	262144	10	warm_followup	5	s262144-g010-warm05	f345f38ee51e404985f38ee51e4049cf	/guest/c2_native_sleep50_r351_direct_events_s262144_g010	0.0.1@1784738961758	58234cdf7b6300c6334702a2c2a86dc19e0f3169c20b8e2f5c91e593bb7d74ff	228	true	present	not_on_path_native	not_on_path_native	match	complete	true	ok	ce6d6f98ad42	ce6d6f98ad42:8	false		false	true	1784739112646073044	1784739112716049904	1784739112731193057	69.976915	53	95.438136	262144	262258		unavailable_no_direct_event		not_repeated_warm		not_on_path_native		not_on_path_native		not_on_path_native		not_on_path_native		not_on_path_native		not_on_path_native		not_on_path_native	50162444		not_on_path_native		not_on_path_native	50172313	complete
c2-native-attempt-v1	native	1048576	10	fresh_first_use	0	s1048576-g010-fresh	e9591e5268f8419a991e5268f8319a90	/guest/c2_native_sleep50_r351_direct_events_s1048576_g010	0.0.1@1784738968902	ddb5d2e3206244fc10259e0214856804a27116d8ce5eb09707d652ba9af9960c	229	true	present	not_on_path_native	not_on_path_native	match	complete	true	ok	8d85fd35bc17	8d85fd35bc17:8	true	171	true	false	1784739112731314426	1784739113210383644	1784739113218111588	479.069751	237	162.026470	1048576	1048690		unavailable_no_direct_event	171000000	activation_annotation_initTime		not_on_path_native		not_on_path_native		not_on_path_native		not_on_path_native		not_on_path_native		not_on_path_native		not_on_path_native	50657411		not_on_path_native		not_on_path_native	50717556	complete
c2-native-attempt-v1	native	1048576	10	warm_followup	1	s1048576-g010-warm01	3195d4fd783e49df95d4fd783e99df2c	/guest/c2_native_sleep50_r351_direct_events_s1048576_g010	0.0.1@1784738968902	ddb5d2e3206244fc10259e0214856804a27116d8ce5eb09707d652ba9af9960c	230	true	present	not_on_path_native	not_on_path_native	match	complete	true	ok	8d85fd35bc17	8d85fd35bc17:8	false		false	true	1784739113218244943	1784739113293975466	1784739113568259996	75.731179	56	162.026470	1048576	1048690		unavailable_no_direct_event		not_repeated_warm		not_on_path_native		not_on_path_native		not_on_path_native		not_on_path_native		not_on_path_native		not_on_path_native		not_on_path_native	50278491		not_on_path_native		not_on_path_native	50301641	complete
c2-native-attempt-v1	native	1048576	10	warm_followup	2	s1048576-g010-warm02	295345d9e3f44ac09345d9e3f46ac0e1	/guest/c2_native_sleep50_r351_direct_events_s1048576_g010	0.0.1@1784738968902	ddb5d2e3206244fc10259e0214856804a27116d8ce5eb09707d652ba9af9960c	231	true	present	not_on_path_native	not_on_path_native	match	complete	true	ok	8d85fd35bc17	8d85fd35bc17:8	false		false	true	1784739113568457059	1784739113651508912	1784739113659648368	83.052042	53	162.026470	1048576	1048690		unavailable_no_direct_event		not_repeated_warm		not_on_path_native		not_on_path_native		not_on_path_native		not_on_path_native		not_on_path_native		not_on_path_native		not_on_path_native	50298304		not_on_path_native		not_on_path_native	50318154	complete
c2-native-attempt-v1	native	1048576	10	warm_followup	3	s1048576-g010-warm03	11ff4005790b46f7bf4005790bf6f755	/guest/c2_native_sleep50_r351_direct_events_s1048576_g010	0.0.1@1784738968902	ddb5d2e3206244fc10259e0214856804a27116d8ce5eb09707d652ba9af9960c	232	true	present	not_on_path_native	not_on_path_native	match	complete	true	ok	8d85fd35bc17	8d85fd35bc17:8	false		false	true	1784739113659853548	1784739113734680187	1784739113744488813	74.826813	54	162.026470	1048576	1048690		unavailable_no_direct_event		not_repeated_warm		not_on_path_native		not_on_path_native		not_on_path_native		not_on_path_native		not_on_path_native		not_on_path_native		not_on_path_native	50243869		not_on_path_native		not_on_path_native	50250593	complete
c2-native-attempt-v1	native	1048576	10	warm_followup	4	s1048576-g010-warm04	de418bca619a4729818bca619a6729c0	/guest/c2_native_sleep50_r351_direct_events_s1048576_g010	0.0.1@1784738968902	ddb5d2e3206244fc10259e0214856804a27116d8ce5eb09707d652ba9af9960c	233	true	present	not_on_path_native	not_on_path_native	match	complete	true	ok	8d85fd35bc17	8d85fd35bc17:8	false		false	true	1784739113744695630	1784739113817059382	1784739113824555838	72.364184	53	162.026470	1048576	1048690		unavailable_no_direct_event		not_repeated_warm		not_on_path_native		not_on_path_native		not_on_path_native		not_on_path_native		not_on_path_native		not_on_path_native		not_on_path_native	50199606		not_on_path_native		not_on_path_native	50205614	complete
c2-native-attempt-v1	native	1048576	10	warm_followup	5	s1048576-g010-warm05	0ae23367403449b5a233674034e9b552	/guest/c2_native_sleep50_r351_direct_events_s1048576_g010	0.0.1@1784738968902	ddb5d2e3206244fc10259e0214856804a27116d8ce5eb09707d652ba9af9960c	234	true	present	not_on_path_native	not_on_path_native	match	complete	true	ok	8d85fd35bc17	8d85fd35bc17:8	false		false	true	1784739113824686163	1784739113897154005	1784739113905026412	72.468277	52	162.026470	1048576	1048690		unavailable_no_direct_event		not_repeated_warm		not_on_path_native		not_on_path_native		not_on_path_native		not_on_path_native		not_on_path_native		not_on_path_native		not_on_path_native	50181120		not_on_path_native		not_on_path_native	50187200	complete
c2-native-attempt-v1	native	4194304	10	fresh_first_use	0	s4194304-g010-fresh	e1ad238426274cafad23842627fcaf71	/guest/c2_native_sleep50_r351_direct_events_s4194304_g010	0.0.1@1784738983725	e85465eb27ca9697a08ff3334874238aa1c0ba0205ffcf7222f137f2226c87b7	235	true	present	not_on_path_native	not_on_path_native	match	complete	true	ok	dfec05078598	dfec05078598:8	true	375	true	false	1784739113905216764	1784739114630462156	1784739114896176593	725.246124	441	520.684962	4194304	4194418		unavailable_no_direct_event	375000000	activation_annotation_initTime		not_on_path_native		not_on_path_native		not_on_path_native		not_on_path_native		not_on_path_native		not_on_path_native		not_on_path_native	50412863		not_on_path_native		not_on_path_native	50465847	complete
c2-native-attempt-v1	native	4194304	10	warm_followup	1	s4194304-g010-warm01	0333f648a29c4d7fb3f648a29c1d7f74	/guest/c2_native_sleep50_r351_direct_events_s4194304_g010	0.0.1@1784738983725	e85465eb27ca9697a08ff3334874238aa1c0ba0205ffcf7222f137f2226c87b7	236	true	present	not_on_path_native	not_on_path_native	match	complete	true	ok	dfec05078598	dfec05078598:8	false		false	true	1784739114896325390	1784739114969945294	1784739114980341779	73.619778	54	520.684962	4194304	4194418		unavailable_no_direct_event		not_repeated_warm		not_on_path_native		not_on_path_native		not_on_path_native		not_on_path_native		not_on_path_native		not_on_path_native		not_on_path_native	50284857		not_on_path_native		not_on_path_native	50302371	complete
c2-native-attempt-v1	native	4194304	10	warm_followup	2	s4194304-g010-warm02	92ce8e4a3d264fd88e8e4a3d266fd8aa	/guest/c2_native_sleep50_r351_direct_events_s4194304_g010	0.0.1@1784738983725	e85465eb27ca9697a08ff3334874238aa1c0ba0205ffcf7222f137f2226c87b7	237	true	present	not_on_path_native	not_on_path_native	match	complete	true	ok	dfec05078598	dfec05078598:8	false		false	true	1784739114980535186	1784739115051582702	1784739115060037780	71.047986	52	520.684962	4194304	4194418		unavailable_no_direct_event		not_repeated_warm		not_on_path_native		not_on_path_native		not_on_path_native		not_on_path_native		not_on_path_native		not_on_path_native		not_on_path_native	49403603		not_on_path_native		not_on_path_native	49421511	complete
c2-native-attempt-v1	native	4194304	10	warm_followup	3	s4194304-g010-warm03	08fe2bd610ba487fbe2bd610baf87f31	/guest/c2_native_sleep50_r351_direct_events_s4194304_g010	0.0.1@1784738983725	e85465eb27ca9697a08ff3334874238aa1c0ba0205ffcf7222f137f2226c87b7	238	true	present	not_on_path_native	not_on_path_native	match	complete	true	ok	dfec05078598	dfec05078598:8	false		false	true	1784739115060164859	1784739115130621877	1784739115147903309	70.457304	55	520.684962	4194304	4194418		unavailable_no_direct_event		not_repeated_warm		not_on_path_native		not_on_path_native		not_on_path_native		not_on_path_native		not_on_path_native		not_on_path_native		not_on_path_native	49295873		not_on_path_native		not_on_path_native	49304272	complete
c2-native-attempt-v1	native	4194304	10	warm_followup	4	s4194304-g010-warm04	c5fe001348464520be00134846e5206b	/guest/c2_native_sleep50_r351_direct_events_s4194304_g010	0.0.1@1784738983725	e85465eb27ca9697a08ff3334874238aa1c0ba0205ffcf7222f137f2226c87b7	239	true	present	not_on_path_native	not_on_path_native	match	complete	true	ok	dfec05078598	dfec05078598:8	false		false	true	1784739115148084647	1784739115213336068	1784739115224011080	65.25143	53	520.684962	4194304	4194418		unavailable_no_direct_event		not_repeated_warm		not_on_path_native		not_on_path_native		not_on_path_native		not_on_path_native		not_on_path_native		not_on_path_native		not_on_path_native	50243477		not_on_path_native		not_on_path_native	50250891	complete
c2-native-attempt-v1	native	4194304	10	warm_followup	5	s4194304-g010-warm05	73027075ca3a4da6827075ca3a7da61c	/guest/c2_native_sleep50_r351_direct_events_s4194304_g010	0.0.1@1784738983725	e85465eb27ca9697a08ff3334874238aa1c0ba0205ffcf7222f137f2226c87b7	240	true	present	not_on_path_native	not_on_path_native	match	complete	true	ok	dfec05078598	dfec05078598:8	false		false	true	1784739115224196507	1784739115294050956	1784739115300215219	69.854198	53	520.684962	4194304	4194418		unavailable_no_direct_event		not_repeated_warm		not_on_path_native		not_on_path_native		not_on_path_native		not_on_path_native		not_on_path_native		not_on_path_native		not_on_path_native	50193520		not_on_path_native		not_on_path_native	50200118	complete
c2-native-attempt-v1	native	65536	11	fresh_first_use	0	s65536-g011-fresh	c90a491a0256486f8a491a0256986f49	/guest/c2_native_sleep50_r351_direct_events_s65536_g011	0.0.1@1784738956018	22a4095b495ef0c5e141fdf1d7435265833d9ae4e4fc957fb9a04a6cf57d61e5	241	true	present	not_on_path_native	not_on_path_native	match	complete	true	ok	87ce4550c2d3	87ce4550c2d3:8	true	130	true	false	1784739115300335541	1784739115710550507	1784739115977799257	410.215411	192	60.604475	65536	65650		unavailable_no_direct_event	130000000	activation_annotation_initTime		not_on_path_native		not_on_path_native		not_on_path_native		not_on_path_native		not_on_path_native		not_on_path_native		not_on_path_native	54358180		not_on_path_native		not_on_path_native	54421702	complete
c2-native-attempt-v1	native	65536	11	warm_followup	1	s65536-g011-warm01	2062c2524ed04a56a2c2524ed09a569d	/guest/c2_native_sleep50_r351_direct_events_s65536_g011	0.0.1@1784738956018	22a4095b495ef0c5e141fdf1d7435265833d9ae4e4fc957fb9a04a6cf57d61e5	242	true	present	not_on_path_native	not_on_path_native	match	complete	true	ok	87ce4550c2d3	87ce4550c2d3:8	false		false	true	1784739115977947995	1784739116045381644	1784739116317626165	67.433575	54	60.604475	65536	65650		unavailable_no_direct_event		not_repeated_warm		not_on_path_native		not_on_path_native		not_on_path_native		not_on_path_native		not_on_path_native		not_on_path_native		not_on_path_native	50374218		not_on_path_native		not_on_path_native	50391495	complete
c2-native-attempt-v1	native	65536	11	warm_followup	2	s65536-g011-warm02	6e0dd0501bf84fc88dd0501bf8bfc877	/guest/c2_native_sleep50_r351_direct_events_s65536_g011	0.0.1@1784738956018	22a4095b495ef0c5e141fdf1d7435265833d9ae4e4fc957fb9a04a6cf57d61e5	243	true	present	not_on_path_native	not_on_path_native	match	complete	true	ok	87ce4550c2d3	87ce4550c2d3:8	false		false	true	1784739116317814230	1784739116392494453	1784739116403009187	74.679939	53	60.604475	65536	65650		unavailable_no_direct_event		not_repeated_warm		not_on_path_native		not_on_path_native		not_on_path_native		not_on_path_native		not_on_path_native		not_on_path_native		not_on_path_native	50285274		not_on_path_native		not_on_path_native	50308963	complete
c2-native-attempt-v1	native	65536	11	warm_followup	3	s65536-g011-warm03	903acf338ebb4030bacf338ebbe030c1	/guest/c2_native_sleep50_r351_direct_events_s65536_g011	0.0.1@1784738956018	22a4095b495ef0c5e141fdf1d7435265833d9ae4e4fc957fb9a04a6cf57d61e5	244	true	present	not_on_path_native	not_on_path_native	match	complete	true	ok	87ce4550c2d3	87ce4550c2d3:8	false		false	true	1784739116403130191	1784739116470748789	1784739116746342534	67.618748	53	60.604475	65536	65650		unavailable_no_direct_event		not_repeated_warm		not_on_path_native		not_on_path_native		not_on_path_native		not_on_path_native		not_on_path_native		not_on_path_native		not_on_path_native	50236124		not_on_path_native		not_on_path_native	50242893	complete
c2-native-attempt-v1	native	65536	11	warm_followup	4	s65536-g011-warm04	94b99477f9b54939b99477f9b5e93983	/guest/c2_native_sleep50_r351_direct_events_s65536_g011	0.0.1@1784738956018	22a4095b495ef0c5e141fdf1d7435265833d9ae4e4fc957fb9a04a6cf57d61e5	245	true	present	not_on_path_native	not_on_path_native	match	complete	true	ok	87ce4550c2d3	87ce4550c2d3:8	false		false	true	1784739116746477363	1784739116812034558	1784739117077531989	65.557075	53	60.604475	65536	65650		unavailable_no_direct_event		not_repeated_warm		not_on_path_native		not_on_path_native		not_on_path_native		not_on_path_native		not_on_path_native		not_on_path_native		not_on_path_native	50223507		not_on_path_native		not_on_path_native	50232279	complete
c2-native-attempt-v1	native	65536	11	warm_followup	5	s65536-g011-warm05	242d3e82715e482cad3e82715ea82cc3	/guest/c2_native_sleep50_r351_direct_events_s65536_g011	0.0.1@1784738956018	22a4095b495ef0c5e141fdf1d7435265833d9ae4e4fc957fb9a04a6cf57d61e5	246	true	present	not_on_path_native	not_on_path_native	match	complete	true	ok	87ce4550c2d3	87ce4550c2d3:8	false		false	true	1784739117077665389	1784739117153537415	1784739117160716024	75.872099	53	60.604475	65536	65650		unavailable_no_direct_event		not_repeated_warm		not_on_path_native		not_on_path_native		not_on_path_native		not_on_path_native		not_on_path_native		not_on_path_native		not_on_path_native	50194032		not_on_path_native		not_on_path_native	50201522	complete
c2-native-attempt-v1	native	262144	11	fresh_first_use	0	s262144-g011-fresh	78547a5701dd4200947a5701dda2009e	/guest/c2_native_sleep50_r351_direct_events_s262144_g011	0.0.1@1784738961906	c5a0c2962e116503928433028535e933f1b18546811a2ec7b436e77446df1c33	247	true	present	not_on_path_native	not_on_path_native	match	complete	true	ok	a1e8663605f5	a1e8663605f5:9	true	137	true	false	1784739117160838528	1784739117555638410	1784739117821620808	394.800393	194	78.748841	262144	262258		unavailable_no_direct_event	137000000	activation_annotation_initTime		not_on_path_native		not_on_path_native		not_on_path_native		not_on_path_native		not_on_path_native		not_on_path_native		not_on_path_native	51767788		not_on_path_native		not_on_path_native	51826463	complete
c2-native-attempt-v1	native	262144	11	warm_followup	1	s262144-g011-warm01	83b710fed5874105b710fed587e10528	/guest/c2_native_sleep50_r351_direct_events_s262144_g011	0.0.1@1784738961906	c5a0c2962e116503928433028535e933f1b18546811a2ec7b436e77446df1c33	248	true	present	not_on_path_native	not_on_path_native	match	complete	true	ok	a1e8663605f5	a1e8663605f5:9	false		false	true	1784739117821756461	1784739117888515279	1784739118158855466	66.758864	53	78.748841	262144	262258		unavailable_no_direct_event		not_repeated_warm		not_on_path_native		not_on_path_native		not_on_path_native		not_on_path_native		not_on_path_native		not_on_path_native		not_on_path_native	50248680		not_on_path_native		not_on_path_native	50264250	complete
c2-native-attempt-v1	native	262144	11	warm_followup	2	s262144-g011-warm02	4869634c05044915a9634c0504291527	/guest/c2_native_sleep50_r351_direct_events_s262144_g011	0.0.1@1784738961906	c5a0c2962e116503928433028535e933f1b18546811a2ec7b436e77446df1c33	249	true	present	not_on_path_native	not_on_path_native	match	complete	true	ok	a1e8663605f5	a1e8663605f5:9	false		false	true	1784739118158986447	1784739118226319356	1784739118494205551	67.332975	54	78.748841	262144	262258		unavailable_no_direct_event		not_repeated_warm		not_on_path_native		not_on_path_native		not_on_path_native		not_on_path_native		not_on_path_native		not_on_path_native		not_on_path_native	50245671		not_on_path_native		not_on_path_native	50263678	complete
c2-native-attempt-v1	native	262144	11	warm_followup	3	s262144-g011-warm03	ca56d1bd547942a596d1bd547992a513	/guest/c2_native_sleep50_r351_direct_events_s262144_g011	0.0.1@1784738961906	c5a0c2962e116503928433028535e933f1b18546811a2ec7b436e77446df1c33	250	true	present	not_on_path_native	not_on_path_native	match	complete	true	ok	a1e8663605f5	a1e8663605f5:9	false		false	true	1784739118494405017	1784739118561184018	1784739118825288463	66.778807	53	78.748841	262144	262258		unavailable_no_direct_event		not_repeated_warm		not_on_path_native		not_on_path_native		not_on_path_native		not_on_path_native		not_on_path_native		not_on_path_native		not_on_path_native	50199614		not_on_path_native		not_on_path_native	50205799	complete
c2-native-attempt-v1	native	262144	11	warm_followup	4	s262144-g011-warm04	1a4afd27a53d474f8afd27a53d074f16	/guest/c2_native_sleep50_r351_direct_events_s262144_g011	0.0.1@1784738961906	c5a0c2962e116503928433028535e933f1b18546811a2ec7b436e77446df1c33	251	true	present	not_on_path_native	not_on_path_native	match	complete	true	ok	a1e8663605f5	a1e8663605f5:9	false		false	true	1784739118825434658	1784739118894319099	1784739118902988210	68.884463	54	78.748841	262144	262258		unavailable_no_direct_event		not_repeated_warm		not_on_path_native		not_on_path_native		not_on_path_native		not_on_path_native		not_on_path_native		not_on_path_native		not_on_path_native	50190625		not_on_path_native		not_on_path_native	50196645	complete
c2-native-attempt-v1	native	262144	11	warm_followup	5	s262144-g011-warm05	4e11b61373514ba491b61373516ba471	/guest/c2_native_sleep50_r351_direct_events_s262144_g011	0.0.1@1784738961906	c5a0c2962e116503928433028535e933f1b18546811a2ec7b436e77446df1c33	252	true	present	not_on_path_native	not_on_path_native	match	complete	true	ok	a1e8663605f5	a1e8663605f5:9	false		false	true	1784739118903111079	1784739118967060662	1784739119238882158	63.949695	52	78.748841	262144	262258		unavailable_no_direct_event		not_repeated_warm		not_on_path_native		not_on_path_native		not_on_path_native		not_on_path_native		not_on_path_native		not_on_path_native		not_on_path_native	50164321		not_on_path_native		not_on_path_native	50169706	complete
c2-native-attempt-v1	native	1048576	11	fresh_first_use	0	s1048576-g011-fresh	8df7f10149c94d4eb7f10149c94d4e88	/guest/c2_native_sleep50_r351_direct_events_s1048576_g011	0.0.1@1784738969221	daad25794257dc0fd1fd682aacfa7cd051eed78a11b8d7c210ea011f214b70c8	253	true	present	not_on_path_native	not_on_path_native	match	complete	true	ok	a9aa51d21eb5	a9aa51d21eb5:8	true	175	true	false	1784739119239005935	1784739119698131753	1784739119967309830	459.12632	234	193.436399	1048576	1048690		unavailable_no_direct_event	175000000	activation_annotation_initTime		not_on_path_native		not_on_path_native		not_on_path_native		not_on_path_native		not_on_path_native		not_on_path_native		not_on_path_native	51241297		not_on_path_native		not_on_path_native	51308271	complete
c2-native-attempt-v1	native	1048576	11	warm_followup	1	s1048576-g011-warm01	cb7d1381ebae4246bd1381ebaea24688	/guest/c2_native_sleep50_r351_direct_events_s1048576_g011	0.0.1@1784738969221	daad25794257dc0fd1fd682aacfa7cd051eed78a11b8d7c210ea011f214b70c8	254	true	present	not_on_path_native	not_on_path_native	match	complete	true	ok	a9aa51d21eb5	a9aa51d21eb5:8	false		false	true	1784739119967446282	1784739120042103076	1784739120051443019	74.656661	53	193.436399	1048576	1048690		unavailable_no_direct_event		not_repeated_warm		not_on_path_native		not_on_path_native		not_on_path_native		not_on_path_native		not_on_path_native		not_on_path_native		not_on_path_native	50362210		not_on_path_native		not_on_path_native	50380268	complete
c2-native-attempt-v1	native	1048576	11	warm_followup	2	s1048576-g011-warm02	a4ba1fcece0f4ffdba1fcece0f2ffd50	/guest/c2_native_sleep50_r351_direct_events_s1048576_g011	0.0.1@1784738969221	daad25794257dc0fd1fd682aacfa7cd051eed78a11b8d7c210ea011f214b70c8	255	true	present	not_on_path_native	not_on_path_native	match	complete	true	ok	a9aa51d21eb5	a9aa51d21eb5:8	false		false	true	1784739120051590054	1784739120120401109	1784739120129445332	68.811494	52	193.436399	1048576	1048690		unavailable_no_direct_event		not_repeated_warm		not_on_path_native		not_on_path_native		not_on_path_native		not_on_path_native		not_on_path_native		not_on_path_native		not_on_path_native	50298036		not_on_path_native		not_on_path_native	50319421	complete
c2-native-attempt-v1	native	1048576	11	warm_followup	3	s1048576-g011-warm03	1ee0b80a076d4b6ca0b80a076dbb6cb2	/guest/c2_native_sleep50_r351_direct_events_s1048576_g011	0.0.1@1784738969221	daad25794257dc0fd1fd682aacfa7cd051eed78a11b8d7c210ea011f214b70c8	256	true	present	not_on_path_native	not_on_path_native	match	complete	true	ok	a9aa51d21eb5	a9aa51d21eb5:8	false		false	true	1784739120129569606	1784739120200540364	1784739120209563292	70.971256	53	193.436399	1048576	1048690		unavailable_no_direct_event		not_repeated_warm		not_on_path_native		not_on_path_native		not_on_path_native		not_on_path_native		not_on_path_native		not_on_path_native		not_on_path_native	50199729		not_on_path_native		not_on_path_native	50206077	complete
c2-native-attempt-v1	native	1048576	11	warm_followup	4	s1048576-g011-warm04	911257e3f86d4ee69257e3f86dbee68f	/guest/c2_native_sleep50_r351_direct_events_s1048576_g011	0.0.1@1784738969221	daad25794257dc0fd1fd682aacfa7cd051eed78a11b8d7c210ea011f214b70c8	257	true	present	not_on_path_native	not_on_path_native	match	complete	true	ok	a9aa51d21eb5	a9aa51d21eb5:8	false		false	true	1784739120209738486	1784739120280135300	1784739120286821537	70.396758	53	193.436399	1048576	1048690		unavailable_no_direct_event		not_repeated_warm		not_on_path_native		not_on_path_native		not_on_path_native		not_on_path_native		not_on_path_native		not_on_path_native		not_on_path_native	50198826		not_on_path_native		not_on_path_native	50204536	complete
c2-native-attempt-v1	native	1048576	11	warm_followup	5	s1048576-g011-warm05	ba6efbfbee8c43d0aefbfbee8cb3d0f2	/guest/c2_native_sleep50_r351_direct_events_s1048576_g011	0.0.1@1784738969221	daad25794257dc0fd1fd682aacfa7cd051eed78a11b8d7c210ea011f214b70c8	258	true	present	not_on_path_native	not_on_path_native	match	complete	true	ok	a9aa51d21eb5	a9aa51d21eb5:8	false		false	true	1784739120286972877	1784739120352496809	1784739120618318912	65.523872	52	193.436399	1048576	1048690		unavailable_no_direct_event		not_repeated_warm		not_on_path_native		not_on_path_native		not_on_path_native		not_on_path_native		not_on_path_native		not_on_path_native		not_on_path_native	49199798		not_on_path_native		not_on_path_native	49206007	complete
c2-native-attempt-v1	native	4194304	11	fresh_first_use	0	s4194304-g011-fresh	bca4792315344a16a4792315343a1628	/guest/c2_native_sleep50_r351_direct_events_s4194304_g011	0.0.1@1784738984400	2224eaa373d9d1b3aabbc7b0660b68fa2bde3f23a50697291f67e19595efa2f8	259	true	present	not_on_path_native	not_on_path_native	match	complete	true	ok	59f33dedc41d	59f33dedc41d:9	true	408	true	false	1784739120618474191	1784739121247101576	1784739121517384043	628.62793	467	508.360661	4194304	4194418		unavailable_no_direct_event	408000000	activation_annotation_initTime		not_on_path_native		not_on_path_native		not_on_path_native		not_on_path_native		not_on_path_native		not_on_path_native		not_on_path_native	50404336		not_on_path_native		not_on_path_native	50461651	complete
c2-native-attempt-v1	native	4194304	11	warm_followup	1	s4194304-g011-warm01	3fddf421577f4d399df421577f3d3929	/guest/c2_native_sleep50_r351_direct_events_s4194304_g011	0.0.1@1784738984400	2224eaa373d9d1b3aabbc7b0660b68fa2bde3f23a50697291f67e19595efa2f8	260	true	present	not_on_path_native	not_on_path_native	match	complete	true	ok	59f33dedc41d	59f33dedc41d:9	false		false	true	1784739121517523177	1784739121590394009	1784739121600590414	72.870804	53	508.360661	4194304	4194418		unavailable_no_direct_event		not_repeated_warm		not_on_path_native		not_on_path_native		not_on_path_native		not_on_path_native		not_on_path_native		not_on_path_native		not_on_path_native	50251206		not_on_path_native		not_on_path_native	50268092	complete
c2-native-attempt-v1	native	4194304	11	warm_followup	2	s4194304-g011-warm02	87658ab55b354811a58ab55b35a8114f	/guest/c2_native_sleep50_r351_direct_events_s4194304_g011	0.0.1@1784738984400	2224eaa373d9d1b3aabbc7b0660b68fa2bde3f23a50697291f67e19595efa2f8	261	true	present	not_on_path_native	not_on_path_native	match	complete	true	ok	59f33dedc41d	59f33dedc41d:9	false		false	true	1784739121600719336	1784739121666764766	1784739121936081452	66.045614	53	508.360661	4194304	4194418		unavailable_no_direct_event		not_repeated_warm		not_on_path_native		not_on_path_native		not_on_path_native		not_on_path_native		not_on_path_native		not_on_path_native		not_on_path_native	50256871		not_on_path_native		not_on_path_native	50275371	complete
c2-native-attempt-v1	native	4194304	11	warm_followup	3	s4194304-g011-warm03	31ca2c55552a495d8a2c55552a895d3e	/guest/c2_native_sleep50_r351_direct_events_s4194304_g011	0.0.1@1784738984400	2224eaa373d9d1b3aabbc7b0660b68fa2bde3f23a50697291f67e19595efa2f8	262	true	present	not_on_path_native	not_on_path_native	match	complete	true	ok	59f33dedc41d	59f33dedc41d:9	false		false	true	1784739121936288266	1784739122013192270	1784739122019584086	76.904027	58	508.360661	4194304	4194418		unavailable_no_direct_event		not_repeated_warm		not_on_path_native		not_on_path_native		not_on_path_native		not_on_path_native		not_on_path_native		not_on_path_native		not_on_path_native	50391344		not_on_path_native		not_on_path_native	50400758	complete
c2-native-attempt-v1	native	4194304	11	warm_followup	4	s4194304-g011-warm04	55c773ef6d6443da8773ef6d64a3dabe	/guest/c2_native_sleep50_r351_direct_events_s4194304_g011	0.0.1@1784738984400	2224eaa373d9d1b3aabbc7b0660b68fa2bde3f23a50697291f67e19595efa2f8	263	true	present	not_on_path_native	not_on_path_native	match	complete	true	ok	59f33dedc41d	59f33dedc41d:9	false		false	true	1784739122019754444	1784739122092201704	1784739122103533480	72.447243	53	508.360661	4194304	4194418		unavailable_no_direct_event		not_repeated_warm		not_on_path_native		not_on_path_native		not_on_path_native		not_on_path_native		not_on_path_native		not_on_path_native		not_on_path_native	50245970		not_on_path_native		not_on_path_native	50252766	complete
c2-native-attempt-v1	native	4194304	11	warm_followup	5	s4194304-g011-warm05	e05b2f20625e43889b2f20625ec38811	/guest/c2_native_sleep50_r351_direct_events_s4194304_g011	0.0.1@1784738984400	2224eaa373d9d1b3aabbc7b0660b68fa2bde3f23a50697291f67e19595efa2f8	264	true	present	not_on_path_native	not_on_path_native	match	complete	true	ok	59f33dedc41d	59f33dedc41d:9	false		false	true	1784739122103738512	1784739122186383020	1784739122198544506	82.644981	53	508.360661	4194304	4194418		unavailable_no_direct_event		not_repeated_warm		not_on_path_native		not_on_path_native		not_on_path_native		not_on_path_native		not_on_path_native		not_on_path_native		not_on_path_native	50188417		not_on_path_native		not_on_path_native	50195078	complete
c2-native-attempt-v1	native	65536	12	fresh_first_use	0	s65536-g012-fresh	8dc5098975164d2a8509897516ed2aaa	/guest/c2_native_sleep50_r351_direct_events_s65536_g012	0.0.1@1784738956181	4cd267a8a9317e1b69a0cfb5d43e42f0b931c91c9e96ea07841a91290dd5769c	265	true	present	not_on_path_native	not_on_path_native	match	complete	true	ok	b5b329fac365	b5b329fac365:8	true	137	true	false	1784739122198672080	1784739122484101409	1784739122752662931	285.43043	196	60.279418	65536	65650		unavailable_no_direct_event	137000000	activation_annotation_initTime		not_on_path_native		not_on_path_native		not_on_path_native		not_on_path_native		not_on_path_native		not_on_path_native		not_on_path_native	50380940		not_on_path_native		not_on_path_native	50443714	complete
c2-native-attempt-v1	native	65536	12	warm_followup	1	s65536-g012-warm01	7424f25b2e934f38a4f25b2e93cf38c9	/guest/c2_native_sleep50_r351_direct_events_s65536_g012	0.0.1@1784738956181	4cd267a8a9317e1b69a0cfb5d43e42f0b931c91c9e96ea07841a91290dd5769c	266	true	present	not_on_path_native	not_on_path_native	match	complete	true	ok	b5b329fac365	b5b329fac365:8	false		false	true	1784739122752795980	1784739122827563222	1784739122834000790	74.767448	53	60.279418	65536	65650		unavailable_no_direct_event		not_repeated_warm		not_on_path_native		not_on_path_native		not_on_path_native		not_on_path_native		not_on_path_native		not_on_path_native		not_on_path_native	50292805		not_on_path_native		not_on_path_native	50311824	complete
c2-native-attempt-v1	native	65536	12	warm_followup	2	s65536-g012-warm02	72dd3e97970f45249d3e97970f0524c1	/guest/c2_native_sleep50_r351_direct_events_s65536_g012	0.0.1@1784738956181	4cd267a8a9317e1b69a0cfb5d43e42f0b931c91c9e96ea07841a91290dd5769c	267	true	present	not_on_path_native	not_on_path_native	match	complete	true	ok	b5b329fac365	b5b329fac365:8	false		false	true	1784739122834128926	1784739122899723193	1784739123165568325	65.594451	52	60.279418	65536	65650		unavailable_no_direct_event		not_repeated_warm		not_on_path_native		not_on_path_native		not_on_path_native		not_on_path_native		not_on_path_native		not_on_path_native		not_on_path_native	50221421		not_on_path_native		not_on_path_native	50236526	complete
c2-native-attempt-v1	native	65536	12	warm_followup	3	s65536-g012-warm03	d3ee3e18336f4139ae3e18336f2139dc	/guest/c2_native_sleep50_r351_direct_events_s65536_g012	0.0.1@1784738956181	4cd267a8a9317e1b69a0cfb5d43e42f0b931c91c9e96ea07841a91290dd5769c	268	true	present	not_on_path_native	not_on_path_native	match	complete	true	ok	b5b329fac365	b5b329fac365:8	false		false	true	1784739123165745697	1784739123243615821	1784739123252991807	77.869906	53	60.279418	65536	65650		unavailable_no_direct_event		not_repeated_warm		not_on_path_native		not_on_path_native		not_on_path_native		not_on_path_native		not_on_path_native		not_on_path_native		not_on_path_native	50192531		not_on_path_native		not_on_path_native	50199531	complete
c2-native-attempt-v1	native	65536	12	warm_followup	4	s65536-g012-warm04	d161fa90944a4ea7a1fa90944adea7b3	/guest/c2_native_sleep50_r351_direct_events_s65536_g012	0.0.1@1784738956181	4cd267a8a9317e1b69a0cfb5d43e42f0b931c91c9e96ea07841a91290dd5769c	269	true	present	not_on_path_native	not_on_path_native	match	complete	true	ok	b5b329fac365	b5b329fac365:8	false		false	true	1784739123253167212	1784739123332257074	1784739123338432040	79.09013	53	60.279418	65536	65650		unavailable_no_direct_event		not_repeated_warm		not_on_path_native		not_on_path_native		not_on_path_native		not_on_path_native		not_on_path_native		not_on_path_native		not_on_path_native	50179574		not_on_path_native		not_on_path_native	50184773	complete
c2-native-attempt-v1	native	65536	12	warm_followup	5	s65536-g012-warm05	2081201f72fb4d8681201f72fbed86c0	/guest/c2_native_sleep50_r351_direct_events_s65536_g012	0.0.1@1784738956181	4cd267a8a9317e1b69a0cfb5d43e42f0b931c91c9e96ea07841a91290dd5769c	270	true	present	not_on_path_native	not_on_path_native	match	complete	true	ok	b5b329fac365	b5b329fac365:8	false		false	true	1784739123338556393	1784739123409165624	1784739123418444399	70.610009	56	60.279418	65536	65650		unavailable_no_direct_event		not_repeated_warm		not_on_path_native		not_on_path_native		not_on_path_native		not_on_path_native		not_on_path_native		not_on_path_native		not_on_path_native	50207802		not_on_path_native		not_on_path_native	50214199	complete
c2-native-attempt-v1	native	262144	12	fresh_first_use	0	s262144-g012-fresh	43a6be21d93f4d5da6be21d93ffd5d4d	/guest/c2_native_sleep50_r351_direct_events_s262144_g012	0.0.1@1784738962055	e38cb5d0c285fd4a9f236aba710b4c5fb47464a1f87c4f9a55c8a183e44bb4a3	271	true	present	not_on_path_native	not_on_path_native	match	complete	true	ok	bb00c86baaf2	bb00c86baaf2:8	true	126	true	false	1784739123418639535	1784739123712893310	1784739123981459120	294.254121	196	62.343823	262144	262258		unavailable_no_direct_event	126000000	activation_annotation_initTime		not_on_path_native		not_on_path_native		not_on_path_native		not_on_path_native		not_on_path_native		not_on_path_native		not_on_path_native	55617777		not_on_path_native		not_on_path_native	55689138	complete
c2-native-attempt-v1	native	262144	12	warm_followup	1	s262144-g012-warm01	382bd13cc9d74460abd13cc9d76460bf	/guest/c2_native_sleep50_r351_direct_events_s262144_g012	0.0.1@1784738962055	e38cb5d0c285fd4a9f236aba710b4c5fb47464a1f87c4f9a55c8a183e44bb4a3	272	true	present	not_on_path_native	not_on_path_native	match	complete	true	ok	bb00c86baaf2	bb00c86baaf2:8	false		false	true	1784739123981601651	1784739124048579992	1784739124056451532	66.97822	53	62.343823	262144	262258		unavailable_no_direct_event		not_repeated_warm		not_on_path_native		not_on_path_native		not_on_path_native		not_on_path_native		not_on_path_native		not_on_path_native		not_on_path_native	50382638		not_on_path_native		not_on_path_native	50411069	complete
c2-native-attempt-v1	native	262144	12	warm_followup	2	s262144-g012-warm02	3a24c000b66045e1a4c000b66005e118	/guest/c2_native_sleep50_r351_direct_events_s262144_g012	0.0.1@1784738962055	e38cb5d0c285fd4a9f236aba710b4c5fb47464a1f87c4f9a55c8a183e44bb4a3	273	true	present	not_on_path_native	not_on_path_native	match	complete	true	ok	bb00c86baaf2	bb00c86baaf2:8	false		false	true	1784739124056618574	1784739124121004795	1784739124386129656	64.386139	52	62.343823	262144	262258		unavailable_no_direct_event		not_repeated_warm		not_on_path_native		not_on_path_native		not_on_path_native		not_on_path_native		not_on_path_native		not_on_path_native		not_on_path_native	50241930		not_on_path_native		not_on_path_native	50262731	complete
c2-native-attempt-v1	native	262144	12	warm_followup	3	s262144-g012-warm03	88558a1324cc48ef958a1324cc58eff9	/guest/c2_native_sleep50_r351_direct_events_s262144_g012	0.0.1@1784738962055	e38cb5d0c285fd4a9f236aba710b4c5fb47464a1f87c4f9a55c8a183e44bb4a3	274	true	present	not_on_path_native	not_on_path_native	match	complete	true	ok	bb00c86baaf2	bb00c86baaf2:8	false		false	true	1784739124386279882	1784739124452229853	1784739124468851296	65.950639	53	62.343823	262144	262258		unavailable_no_direct_event		not_repeated_warm		not_on_path_native		not_on_path_native		not_on_path_native		not_on_path_native		not_on_path_native		not_on_path_native		not_on_path_native	50215560		not_on_path_native		not_on_path_native	50221423	complete
c2-native-attempt-v1	native	262144	12	warm_followup	4	s262144-g012-warm04	f63ad11ea6ec4b5abad11ea6ecab5a06	/guest/c2_native_sleep50_r351_direct_events_s262144_g012	0.0.1@1784738962055	e38cb5d0c285fd4a9f236aba710b4c5fb47464a1f87c4f9a55c8a183e44bb4a3	275	true	present	not_on_path_native	not_on_path_native	match	complete	true	ok	bb00c86baaf2	bb00c86baaf2:8	false		false	true	1784739124469032589	1784739124535949680	1784739124544748744	66.916182	52	62.343823	262144	262258		unavailable_no_direct_event		not_repeated_warm		not_on_path_native		not_on_path_native		not_on_path_native		not_on_path_native		not_on_path_native		not_on_path_native		not_on_path_native	50190606		not_on_path_native		not_on_path_native	50195497	complete
c2-native-attempt-v1	native	262144	12	warm_followup	5	s262144-g012-warm05	1b3d915b02e24e53bd915b02e28e5349	/guest/c2_native_sleep50_r351_direct_events_s262144_g012	0.0.1@1784738962055	e38cb5d0c285fd4a9f236aba710b4c5fb47464a1f87c4f9a55c8a183e44bb4a3	276	true	present	not_on_path_native	not_on_path_native	match	complete	true	ok	bb00c86baaf2	bb00c86baaf2:8	false		false	true	1784739124544869214	1784739124609214356	1784739124617689449	64.345308	52	62.343823	262144	262258		unavailable_no_direct_event		not_repeated_warm		not_on_path_native		not_on_path_native		not_on_path_native		not_on_path_native		not_on_path_native		not_on_path_native		not_on_path_native	50120901		not_on_path_native		not_on_path_native	50126218	complete
c2-native-attempt-v1	native	1048576	12	fresh_first_use	0	s1048576-g012-fresh	f8faeba7d6dc47dfbaeba7d6dc77df8b	/guest/c2_native_sleep50_r351_direct_events_s1048576_g012	0.0.1@1784738969546	230f1bd640466e4caf83f8ba8f8024e4954c2fd6e5690b78da2454ada88695a7	277	true	present	not_on_path_native	not_on_path_native	match	complete	true	ok	83e9d774ccca	83e9d774ccca:8	true	193	true	false	1784739124617855359	1784739125090274941	1784739125357030004	472.420162	259	225.228705	1048576	1048690		unavailable_no_direct_event	193000000	activation_annotation_initTime		not_on_path_native		not_on_path_native		not_on_path_native		not_on_path_native		not_on_path_native		not_on_path_native		not_on_path_native	58130973		not_on_path_native		not_on_path_native	58189164	complete
c2-native-attempt-v1	native	1048576	12	warm_followup	1	s1048576-g012-warm01	8708d462b58449b888d462b58439b866	/guest/c2_native_sleep50_r351_direct_events_s1048576_g012	0.0.1@1784738969546	230f1bd640466e4caf83f8ba8f8024e4954c2fd6e5690b78da2454ada88695a7	278	true	present	not_on_path_native	not_on_path_native	match	complete	true	ok	83e9d774ccca	83e9d774ccca:8	false		false	true	1784739125357170835	1784739125425115905	1784739125693750117	67.945085	53	225.228705	1048576	1048690		unavailable_no_direct_event		not_repeated_warm		not_on_path_native		not_on_path_native		not_on_path_native		not_on_path_native		not_on_path_native		not_on_path_native		not_on_path_native	50251658		not_on_path_native		not_on_path_native	50271271	complete
c2-native-attempt-v1	native	1048576	12	warm_followup	2	s1048576-g012-warm02	3fd6905e52bd431f96905e52bd731fe6	/guest/c2_native_sleep50_r351_direct_events_s1048576_g012	0.0.1@1784738969546	230f1bd640466e4caf83f8ba8f8024e4954c2fd6e5690b78da2454ada88695a7	279	true	present	not_on_path_native	not_on_path_native	match	complete	true	ok	83e9d774ccca	83e9d774ccca:8	false		false	true	1784739125693895369	1784739125780301422	1784739126043583060	86.406443	54	225.228705	1048576	1048690		unavailable_no_direct_event		not_repeated_warm		not_on_path_native		not_on_path_native		not_on_path_native		not_on_path_native		not_on_path_native		not_on_path_native		not_on_path_native	50451861		not_on_path_native		not_on_path_native	50485058	complete
c2-native-attempt-v1	native	1048576	12	warm_followup	3	s1048576-g012-warm03	dc00fd117a114a8480fd117a11ca843f	/guest/c2_native_sleep50_r351_direct_events_s1048576_g012	0.0.1@1784738969546	230f1bd640466e4caf83f8ba8f8024e4954c2fd6e5690b78da2454ada88695a7	280	true	present	not_on_path_native	not_on_path_native	match	complete	true	ok	83e9d774ccca	83e9d774ccca:8	false		false	true	1784739126043725301	1784739126119461666	1784739126389262349	75.736291	54	225.228705	1048576	1048690		unavailable_no_direct_event		not_repeated_warm		not_on_path_native		not_on_path_native		not_on_path_native		not_on_path_native		not_on_path_native		not_on_path_native		not_on_path_native	50251366		not_on_path_native		not_on_path_native	50259810	complete
c2-native-attempt-v1	native	1048576	12	warm_followup	4	s1048576-g012-warm04	4faf816337e54f42af816337e58f42b9	/guest/c2_native_sleep50_r351_direct_events_s1048576_g012	0.0.1@1784738969546	230f1bd640466e4caf83f8ba8f8024e4954c2fd6e5690b78da2454ada88695a7	281	true	present	not_on_path_native	not_on_path_native	match	complete	true	ok	83e9d774ccca	83e9d774ccca:8	false		false	true	1784739126389469330	1784739126459667468	1784739126724850747	70.198764	53	225.228705	1048576	1048690		unavailable_no_direct_event		not_repeated_warm		not_on_path_native		not_on_path_native		not_on_path_native		not_on_path_native		not_on_path_native		not_on_path_native		not_on_path_native	50289289		not_on_path_native		not_on_path_native	50298297	complete
c2-native-attempt-v1	native	1048576	12	warm_followup	5	s1048576-g012-warm05	b2b11492dd1f4ee8b11492dd1f3ee868	/guest/c2_native_sleep50_r351_direct_events_s1048576_g012	0.0.1@1784738969546	230f1bd640466e4caf83f8ba8f8024e4954c2fd6e5690b78da2454ada88695a7	282	true	present	not_on_path_native	not_on_path_native	match	complete	true	ok	83e9d774ccca	83e9d774ccca:8	false		false	true	1784739126724978128	1784739126795528685	1784739126802008571	70.550881	53	225.228705	1048576	1048690		unavailable_no_direct_event		not_repeated_warm		not_on_path_native		not_on_path_native		not_on_path_native		not_on_path_native		not_on_path_native		not_on_path_native		not_on_path_native	50222276		not_on_path_native		not_on_path_native	50229749	complete
c2-native-attempt-v1	native	4194304	12	fresh_first_use	0	s4194304-g012-fresh	8fd1c931ea0f461191c931ea0f961150	/guest/c2_native_sleep50_r351_direct_events_s4194304_g012	0.0.1@1784738985040	8f33133ec33582f96730379e5c1cc8d8a30664a2929c710bb31be509aec65cd1	283	true	present	not_on_path_native	not_on_path_native	match	complete	true	ok	99e9d4c68926	99e9d4c68926:7	true	379	true	false	1784739126802145448	1784739127410728064	1784739127421882936	608.58349	444	497.725371	4194304	4194418		unavailable_no_direct_event	379000000	activation_annotation_initTime		not_on_path_native		not_on_path_native		not_on_path_native		not_on_path_native		not_on_path_native		not_on_path_native		not_on_path_native	50845142		not_on_path_native		not_on_path_native	50898960	complete
c2-native-attempt-v1	native	4194304	12	warm_followup	1	s4194304-g012-warm01	37ba94fb5aca4e0aba94fb5acaee0a75	/guest/c2_native_sleep50_r351_direct_events_s4194304_g012	0.0.1@1784738985040	8f33133ec33582f96730379e5c1cc8d8a30664a2929c710bb31be509aec65cd1	284	true	present	not_on_path_native	not_on_path_native	match	complete	true	ok	99e9d4c68926	99e9d4c68926:7	false		false	true	1784739127422058852	1784739127496975664	1784739127764094070	74.917186	53	497.725371	4194304	4194418		unavailable_no_direct_event		not_repeated_warm		not_on_path_native		not_on_path_native		not_on_path_native		not_on_path_native		not_on_path_native		not_on_path_native		not_on_path_native	50293807		not_on_path_native		not_on_path_native	50310805	complete
c2-native-attempt-v1	native	4194304	12	warm_followup	2	s4194304-g012-warm02	69928d318812491d928d318812691d19	/guest/c2_native_sleep50_r351_direct_events_s4194304_g012	0.0.1@1784738985040	8f33133ec33582f96730379e5c1cc8d8a30664a2929c710bb31be509aec65cd1	285	true	present	not_on_path_native	not_on_path_native	match	complete	true	ok	99e9d4c68926	99e9d4c68926:7	false		false	true	1784739127764224348	1784739127840446962	1784739127853727638	76.222974	54	497.725371	4194304	4194418		unavailable_no_direct_event		not_repeated_warm		not_on_path_native		not_on_path_native		not_on_path_native		not_on_path_native		not_on_path_native		not_on_path_native		not_on_path_native	50256530		not_on_path_native		not_on_path_native	50276656	complete
c2-native-attempt-v1	native	4194304	12	warm_followup	3	s4194304-g012-warm03	666b83878ff94c3fab83878ff97c3f96	/guest/c2_native_sleep50_r351_direct_events_s4194304_g012	0.0.1@1784738985040	8f33133ec33582f96730379e5c1cc8d8a30664a2929c710bb31be509aec65cd1	286	true	present	not_on_path_native	not_on_path_native	match	complete	true	ok	99e9d4c68926	99e9d4c68926:7	false		false	true	1784739127853866021	1784739127919869259	1784739128190751669	66.003523	53	497.725371	4194304	4194418		unavailable_no_direct_event		not_repeated_warm		not_on_path_native		not_on_path_native		not_on_path_native		not_on_path_native		not_on_path_native		not_on_path_native		not_on_path_native	50205092		not_on_path_native		not_on_path_native	50212145	complete
c2-native-attempt-v1	native	4194304	12	warm_followup	4	s4194304-g012-warm04	f954f4bf394e47e294f4bf394e17e2f3	/guest/c2_native_sleep50_r351_direct_events_s4194304_g012	0.0.1@1784738985040	8f33133ec33582f96730379e5c1cc8d8a30664a2929c710bb31be509aec65cd1	287	true	present	not_on_path_native	not_on_path_native	match	complete	true	ok	99e9d4c68926	99e9d4c68926:7	false		false	true	1784739128190883709	1784739128264010277	1784739128275253820	73.126585	53	497.725371	4194304	4194418		unavailable_no_direct_event		not_repeated_warm		not_on_path_native		not_on_path_native		not_on_path_native		not_on_path_native		not_on_path_native		not_on_path_native		not_on_path_native	50348774		not_on_path_native		not_on_path_native	50357138	complete
c2-native-attempt-v1	native	4194304	12	warm_followup	5	s4194304-g012-warm05	83216dde4c4840c0a16dde4c48b0c039	/guest/c2_native_sleep50_r351_direct_events_s4194304_g012	0.0.1@1784738985040	8f33133ec33582f96730379e5c1cc8d8a30664a2929c710bb31be509aec65cd1	288	true	present	not_on_path_native	not_on_path_native	match	complete	true	ok	99e9d4c68926	99e9d4c68926:7	false		false	true	1784739128275382435	1784739128343560723	1784739128351613816	68.178306	52	497.725371	4194304	4194418		unavailable_no_direct_event		not_repeated_warm		not_on_path_native		not_on_path_native		not_on_path_native		not_on_path_native		not_on_path_native		not_on_path_native		not_on_path_native	50200121		not_on_path_native		not_on_path_native	50206399	complete
c2-native-attempt-v1	native	65536	13	fresh_first_use	0	s65536-g013-fresh	5d3fc15a6b3a42b0bfc15a6b3aa2b0fd	/guest/c2_native_sleep50_r351_direct_events_s65536_g013	0.0.1@1784738956308	1d838a281971ce746c459eedef5da8769d21a59a68ec129a00e99066c79c7f22	289	true	present	not_on_path_native	not_on_path_native	match	complete	true	ok	6296e7229b36	6296e7229b36:8	true	130	true	false	1784739128351799648	1784739128648679569	1784739128917608982	296.880551	194	51.388810	65536	65650		unavailable_no_direct_event	130000000	activation_annotation_initTime		not_on_path_native		not_on_path_native		not_on_path_native		not_on_path_native		not_on_path_native		not_on_path_native		not_on_path_native	51928783		not_on_path_native		not_on_path_native	52237527	complete
c2-native-attempt-v1	native	65536	13	warm_followup	1	s65536-g013-warm01	ff12d038df0b4b3692d038df0bdb3669	/guest/c2_native_sleep50_r351_direct_events_s65536_g013	0.0.1@1784738956308	1d838a281971ce746c459eedef5da8769d21a59a68ec129a00e99066c79c7f22	290	true	present	not_on_path_native	not_on_path_native	match	complete	true	ok	6296e7229b36	6296e7229b36:8	false		false	true	1784739128917753674	1784739128986390207	1784739129251956786	68.636516	53	51.388810	65536	65650		unavailable_no_direct_event		not_repeated_warm		not_on_path_native		not_on_path_native		not_on_path_native		not_on_path_native		not_on_path_native		not_on_path_native		not_on_path_native	50246684		not_on_path_native		not_on_path_native	50266303	complete
c2-native-attempt-v1	native	65536	13	warm_followup	2	s65536-g013-warm02	3e22fdee15194efea2fdee15192efef2	/guest/c2_native_sleep50_r351_direct_events_s65536_g013	0.0.1@1784738956308	1d838a281971ce746c459eedef5da8769d21a59a68ec129a00e99066c79c7f22	291	true	present	not_on_path_native	not_on_path_native	match	complete	true	ok	6296e7229b36	6296e7229b36:8	false		false	true	1784739129252091958	1784739129318939360	1784739129589733572	66.847191	54	51.388810	65536	65650		unavailable_no_direct_event		not_repeated_warm		not_on_path_native		not_on_path_native		not_on_path_native		not_on_path_native		not_on_path_native		not_on_path_native		not_on_path_native	50270038		not_on_path_native		not_on_path_native	50292990	complete
c2-native-attempt-v1	native	65536	13	warm_followup	3	s65536-g013-warm03	aaa080b815f740d7a080b815f7d0d789	/guest/c2_native_sleep50_r351_direct_events_s65536_g013	0.0.1@1784738956308	1d838a281971ce746c459eedef5da8769d21a59a68ec129a00e99066c79c7f22	292	true	present	not_on_path_native	not_on_path_native	match	complete	true	ok	6296e7229b36	6296e7229b36:8	false		false	true	1784739129589864640	1784739129656963151	1784739129924223495	67.09863	53	51.388810	65536	65650		unavailable_no_direct_event		not_repeated_warm		not_on_path_native		not_on_path_native		not_on_path_native		not_on_path_native		not_on_path_native		not_on_path_native		not_on_path_native	50202382		not_on_path_native		not_on_path_native	50207785	complete
c2-native-attempt-v1	native	65536	13	warm_followup	4	s65536-g013-warm04	6001715cd9af4e5681715cd9af0e566c	/guest/c2_native_sleep50_r351_direct_events_s65536_g013	0.0.1@1784738956308	1d838a281971ce746c459eedef5da8769d21a59a68ec129a00e99066c79c7f22	293	true	present	not_on_path_native	not_on_path_native	match	complete	true	ok	6296e7229b36	6296e7229b36:8	false		false	true	1784739129924354722	1784739130000488487	1784739130010147476	76.134089	53	51.388810	65536	65650		unavailable_no_direct_event		not_repeated_warm		not_on_path_native		not_on_path_native		not_on_path_native		not_on_path_native		not_on_path_native		not_on_path_native		not_on_path_native	50192844		not_on_path_native		not_on_path_native	50197868	complete
c2-native-attempt-v1	native	65536	13	warm_followup	5	s65536-g013-warm05	4dd8f94a99ba45af98f94a99ba95afce	/guest/c2_native_sleep50_r351_direct_events_s65536_g013	0.0.1@1784738956308	1d838a281971ce746c459eedef5da8769d21a59a68ec129a00e99066c79c7f22	294	true	present	not_on_path_native	not_on_path_native	match	complete	true	ok	6296e7229b36	6296e7229b36:8	false		false	true	1784739130010269431	1784739130074663534	1784739130086477582	64.394434	53	51.388810	65536	65650		unavailable_no_direct_event		not_repeated_warm		not_on_path_native		not_on_path_native		not_on_path_native		not_on_path_native		not_on_path_native		not_on_path_native		not_on_path_native	50171183		not_on_path_native		not_on_path_native	50175711	complete
c2-native-attempt-v1	native	262144	13	fresh_first_use	0	s262144-g013-fresh	6f521b481a7e481b921b481a7ef81ba1	/guest/c2_native_sleep50_r351_direct_events_s262144_g013	0.0.1@1784738962193	e678c6c2bd61920144903c8e777f51befbfcb4c1cfbf077d32a6609f37bad802	295	true	present	not_on_path_native	not_on_path_native	match	complete	true	ok	349e34442d21	349e34442d21:8	true	96	true	false	1784739130086597189	1784739130441375971	1784739130707528205	354.779314	160	66.751445	262144	262258		unavailable_no_direct_event	96000000	activation_annotation_initTime		not_on_path_native		not_on_path_native		not_on_path_native		not_on_path_native		not_on_path_native		not_on_path_native		not_on_path_native	55883930		not_on_path_native		not_on_path_native	55936821	complete
c2-native-attempt-v1	native	262144	13	warm_followup	1	s262144-g013-warm01	a0158506f98b44d3958506f98b04d38e	/guest/c2_native_sleep50_r351_direct_events_s262144_g013	0.0.1@1784738962193	e678c6c2bd61920144903c8e777f51befbfcb4c1cfbf077d32a6609f37bad802	296	true	present	not_on_path_native	not_on_path_native	match	complete	true	ok	349e34442d21	349e34442d21:8	false		false	true	1784739130707678625	1784739130788453349	1784739131053981502	80.774469	61	66.751445	262144	262258		unavailable_no_direct_event		not_repeated_warm		not_on_path_native		not_on_path_native		not_on_path_native		not_on_path_native		not_on_path_native		not_on_path_native		not_on_path_native	50315396		not_on_path_native		not_on_path_native	50337441	complete
c2-native-attempt-v1	native	262144	13	warm_followup	2	s262144-g013-warm02	8165a1cad75544cea5a1cad75514ce2e	/guest/c2_native_sleep50_r351_direct_events_s262144_g013	0.0.1@1784738962193	e678c6c2bd61920144903c8e777f51befbfcb4c1cfbf077d32a6609f37bad802	297	true	present	not_on_path_native	not_on_path_native	match	complete	true	ok	349e34442d21	349e34442d21:8	false		false	true	1784739131054147409	1784739131125844609	1784739131391656433	71.697246	53	66.751445	262144	262258		unavailable_no_direct_event		not_repeated_warm		not_on_path_native		not_on_path_native		not_on_path_native		not_on_path_native		not_on_path_native		not_on_path_native		not_on_path_native	50275777		not_on_path_native		not_on_path_native	50298002	complete
c2-native-attempt-v1	native	262144	13	warm_followup	3	s262144-g013-warm03	f54d2847ffb84bf48d2847ffb84bf49b	/guest/c2_native_sleep50_r351_direct_events_s262144_g013	0.0.1@1784738962193	e678c6c2bd61920144903c8e777f51befbfcb4c1cfbf077d32a6609f37bad802	298	true	present	not_on_path_native	not_on_path_native	match	complete	true	ok	349e34442d21	349e34442d21:8	false		false	true	1784739131391819072	1784739131492150909	1784739131499658600	100.332403	58	66.751445	262144	262258		unavailable_no_direct_event		not_repeated_warm		not_on_path_native		not_on_path_native		not_on_path_native		not_on_path_native		not_on_path_native		not_on_path_native		not_on_path_native	50209534		not_on_path_native		not_on_path_native	50215645	complete
c2-native-attempt-v1	native	262144	13	warm_followup	4	s262144-g013-warm04	b142c2d49cea48e282c2d49cea68e2c6	/guest/c2_native_sleep50_r351_direct_events_s262144_g013	0.0.1@1784738962193	e678c6c2bd61920144903c8e777f51befbfcb4c1cfbf077d32a6609f37bad802	299	true	present	not_on_path_native	not_on_path_native	match	complete	true	ok	349e34442d21	349e34442d21:8	false		false	true	1784739131499788872	1784739131574254298	1784739131580118571	74.465667	54	66.751445	262144	262258		unavailable_no_direct_event		not_repeated_warm		not_on_path_native		not_on_path_native		not_on_path_native		not_on_path_native		not_on_path_native		not_on_path_native		not_on_path_native	50185859		not_on_path_native		not_on_path_native	50191188	complete
c2-native-attempt-v1	native	262144	13	warm_followup	5	s262144-g013-warm05	c3689eb831314600a89eb8313166001b	/guest/c2_native_sleep50_r351_direct_events_s262144_g013	0.0.1@1784738962193	e678c6c2bd61920144903c8e777f51befbfcb4c1cfbf077d32a6609f37bad802	300	true	present	not_on_path_native	not_on_path_native	match	complete	true	ok	349e34442d21	349e34442d21:8	false		false	true	1784739131580245905	1784739131644343170	1784739131652632956	64.097265	53	66.751445	262144	262258		unavailable_no_direct_event		not_repeated_warm		not_on_path_native		not_on_path_native		not_on_path_native		not_on_path_native		not_on_path_native		not_on_path_native		not_on_path_native	50162229		not_on_path_native		not_on_path_native	50166857	complete
c2-native-attempt-v1	native	1048576	13	fresh_first_use	0	s1048576-g013-fresh	7da4a35ae017405ba4a35ae017305be4	/guest/c2_native_sleep50_r351_direct_events_s1048576_g013	0.0.1@1784738969820	432015f52c1ab0666197e5efb88b52d45f17a12ab7d3b31ab97b91db33e5c894	301	true	present	not_on_path_native	not_on_path_native	match	complete	true	ok	2640a2ddb9c2	2640a2ddb9c2:8	true	254	true	false	1784739131652755990	1784739132085080263	1784739132352926032	432.324988	326	168.720861	1048576	1048690		unavailable_no_direct_event	254000000	activation_annotation_initTime		not_on_path_native		not_on_path_native		not_on_path_native		not_on_path_native		not_on_path_native		not_on_path_native		not_on_path_native	57827306		not_on_path_native		not_on_path_native	57891712	complete
c2-native-attempt-v1	native	1048576	13	warm_followup	1	s1048576-g013-warm01	8fa266afed154d19a266afed158d19ee	/guest/c2_native_sleep50_r351_direct_events_s1048576_g013	0.0.1@1784738969820	432015f52c1ab0666197e5efb88b52d45f17a12ab7d3b31ab97b91db33e5c894	302	true	present	not_on_path_native	not_on_path_native	match	complete	true	ok	2640a2ddb9c2	2640a2ddb9c2:8	false		false	true	1784739132353072178	1784739132423590701	1784739132689704768	70.518319	54	168.720861	1048576	1048690		unavailable_no_direct_event		not_repeated_warm		not_on_path_native		not_on_path_native		not_on_path_native		not_on_path_native		not_on_path_native		not_on_path_native		not_on_path_native	51012922		not_on_path_native		not_on_path_native	51034324	complete
c2-native-attempt-v1	native	1048576	13	warm_followup	2	s1048576-g013-warm02	0c11d2596e644c5991d2596e64bc5992	/guest/c2_native_sleep50_r351_direct_events_s1048576_g013	0.0.1@1784738969820	432015f52c1ab0666197e5efb88b52d45f17a12ab7d3b31ab97b91db33e5c894	303	true	present	not_on_path_native	not_on_path_native	match	complete	true	ok	2640a2ddb9c2	2640a2ddb9c2:8	false		false	true	1784739132689839314	1784739132761378183	1784739133033052941	71.538954	53	168.720861	1048576	1048690		unavailable_no_direct_event		not_repeated_warm		not_on_path_native		not_on_path_native		not_on_path_native		not_on_path_native		not_on_path_native		not_on_path_native		not_on_path_native	50314076		not_on_path_native		not_on_path_native	50349744	complete
c2-native-attempt-v1	native	1048576	13	warm_followup	3	s1048576-g013-warm03	b2701866d77a4acfb01866d77a9acf7a	/guest/c2_native_sleep50_r351_direct_events_s1048576_g013	0.0.1@1784738969820	432015f52c1ab0666197e5efb88b52d45f17a12ab7d3b31ab97b91db33e5c894	304	true	present	not_on_path_native	not_on_path_native	match	complete	true	ok	2640a2ddb9c2	2640a2ddb9c2:8	false		false	true	1784739133033184515	1784739133100877806	1784739133109795967	67.692812	53	168.720861	1048576	1048690		unavailable_no_direct_event		not_repeated_warm		not_on_path_native		not_on_path_native		not_on_path_native		not_on_path_native		not_on_path_native		not_on_path_native		not_on_path_native	50217259		not_on_path_native		not_on_path_native	50224980	complete
c2-native-attempt-v1	native	1048576	13	warm_followup	4	s1048576-g013-warm04	09fdd51b6a7b495cbdd51b6a7b195c75	/guest/c2_native_sleep50_r351_direct_events_s1048576_g013	0.0.1@1784738969820	432015f52c1ab0666197e5efb88b52d45f17a12ab7d3b31ab97b91db33e5c894	305	true	present	not_on_path_native	not_on_path_native	match	complete	true	ok	2640a2ddb9c2	2640a2ddb9c2:8	false		false	true	1784739133109916922	1784739133178761313	1784739133191069122	68.844387	54	168.720861	1048576	1048690		unavailable_no_direct_event		not_repeated_warm		not_on_path_native		not_on_path_native		not_on_path_native		not_on_path_native		not_on_path_native		not_on_path_native		not_on_path_native	50214634		not_on_path_native		not_on_path_native	50220582	complete
c2-native-attempt-v1	native	1048576	13	warm_followup	5	s1048576-g013-warm05	79c458f39fda4a0d8458f39fdafa0df5	/guest/c2_native_sleep50_r351_direct_events_s1048576_g013	0.0.1@1784738969820	432015f52c1ab0666197e5efb88b52d45f17a12ab7d3b31ab97b91db33e5c894	306	true	present	not_on_path_native	not_on_path_native	match	complete	true	ok	2640a2ddb9c2	2640a2ddb9c2:8	false		false	true	1784739133191243053	1784739133258629764	1784739133523460584	67.386839	53	168.720861	1048576	1048690		unavailable_no_direct_event		not_repeated_warm		not_on_path_native		not_on_path_native		not_on_path_native		not_on_path_native		not_on_path_native		not_on_path_native		not_on_path_native	50194512		not_on_path_native		not_on_path_native	50201797	complete
c2-native-attempt-v1	native	4194304	13	fresh_first_use	0	s4194304-g013-fresh	12766aa5d0e4443cb66aa5d0e4643cc9	/guest/c2_native_sleep50_r351_direct_events_s4194304_g013	0.0.1@1784738985667	7583a8fa971b35d6dcfd572ead7894f5531340cc16eae3dea5093951ebdd89cc	307	true	present	not_on_path_native	not_on_path_native	match	complete	true	ok	08372fc14296	08372fc14296:8	true	452	true	false	1784739133523612561	1784739134329497928	1784739134344061941	805.885858	517	490.593127	4194304	4194418		unavailable_no_direct_event	452000000	activation_annotation_initTime		not_on_path_native		not_on_path_native		not_on_path_native		not_on_path_native		not_on_path_native		not_on_path_native		not_on_path_native	50893403		not_on_path_native		not_on_path_native	50960145	complete
c2-native-attempt-v1	native	4194304	13	warm_followup	1	s4194304-g013-warm01	07ec814c74e94305ac814c74e9a305be	/guest/c2_native_sleep50_r351_direct_events_s4194304_g013	0.0.1@1784738985667	7583a8fa971b35d6dcfd572ead7894f5531340cc16eae3dea5093951ebdd89cc	308	true	present	not_on_path_native	not_on_path_native	match	complete	true	ok	08372fc14296	08372fc14296:8	false		false	true	1784739134344268788	1784739134415146603	1784739134685847107	70.877885	53	490.593127	4194304	4194418		unavailable_no_direct_event		not_repeated_warm		not_on_path_native		not_on_path_native		not_on_path_native		not_on_path_native		not_on_path_native		not_on_path_native		not_on_path_native	50348883		not_on_path_native		not_on_path_native	50369701	complete
c2-native-attempt-v1	native	4194304	13	warm_followup	2	s4194304-g013-warm02	6e0bbaf19d2c4c228bbaf19d2c8c2213	/guest/c2_native_sleep50_r351_direct_events_s4194304_g013	0.0.1@1784738985667	7583a8fa971b35d6dcfd572ead7894f5531340cc16eae3dea5093951ebdd89cc	309	true	present	not_on_path_native	not_on_path_native	match	complete	true	ok	08372fc14296	08372fc14296:8	false		false	true	1784739134685993188	1784739134751577915	1784739134760667232	65.584795	52	490.593127	4194304	4194418		unavailable_no_direct_event		not_repeated_warm		not_on_path_native		not_on_path_native		not_on_path_native		not_on_path_native		not_on_path_native		not_on_path_native		not_on_path_native	50258713		not_on_path_native		not_on_path_native	50276366	complete
c2-native-attempt-v1	native	4194304	13	warm_followup	3	s4194304-g013-warm03	f81c607bfa7c4fb79c607bfa7c0fb7c7	/guest/c2_native_sleep50_r351_direct_events_s4194304_g013	0.0.1@1784738985667	7583a8fa971b35d6dcfd572ead7894f5531340cc16eae3dea5093951ebdd89cc	310	true	present	not_on_path_native	not_on_path_native	match	complete	true	ok	08372fc14296	08372fc14296:8	false		false	true	1784739134760822994	1784739134829170198	1784739134841106296	68.347305	53	490.593127	4194304	4194418		unavailable_no_direct_event		not_repeated_warm		not_on_path_native		not_on_path_native		not_on_path_native		not_on_path_native		not_on_path_native		not_on_path_native		not_on_path_native	50183261		not_on_path_native		not_on_path_native	50189713	complete
c2-native-attempt-v1	native	4194304	13	warm_followup	4	s4194304-g013-warm04	fe4858df7e5644998858df7e56c49962	/guest/c2_native_sleep50_r351_direct_events_s4194304_g013	0.0.1@1784738985667	7583a8fa971b35d6dcfd572ead7894f5531340cc16eae3dea5093951ebdd89cc	311	true	present	not_on_path_native	not_on_path_native	match	complete	true	ok	08372fc14296	08372fc14296:8	false		false	true	1784739134841305466	1784739134909368085	1784739135178664899	68.062579	53	490.593127	4194304	4194418		unavailable_no_direct_event		not_repeated_warm		not_on_path_native		not_on_path_native		not_on_path_native		not_on_path_native		not_on_path_native		not_on_path_native		not_on_path_native	50219727		not_on_path_native		not_on_path_native	50226781	complete
c2-native-attempt-v1	native	4194304	13	warm_followup	5	s4194304-g013-warm05	0a167dd580214793967dd58021079317	/guest/c2_native_sleep50_r351_direct_events_s4194304_g013	0.0.1@1784738985667	7583a8fa971b35d6dcfd572ead7894f5531340cc16eae3dea5093951ebdd89cc	312	true	present	not_on_path_native	not_on_path_native	match	complete	true	ok	08372fc14296	08372fc14296:8	false		false	true	1784739135178795728	1784739135249175365	1784739135255703762	70.379739	53	490.593127	4194304	4194418		unavailable_no_direct_event		not_repeated_warm		not_on_path_native		not_on_path_native		not_on_path_native		not_on_path_native		not_on_path_native		not_on_path_native		not_on_path_native	50161752		not_on_path_native		not_on_path_native	50168572	complete
c2-native-attempt-v1	native	65536	14	fresh_first_use	0	s65536-g014-fresh	e54bebabf6e94d258bebabf6e9fd2540	/guest/c2_native_sleep50_r351_direct_events_s65536_g014	0.0.1@1784738956456	b0c04f04159ed98d7a25c575a2175090120ac1c426dc2d6eadd7b6c9e8ae8e1f	313	true	present	not_on_path_native	not_on_path_native	match	complete	true	ok	83b0172f2d2e	83b0172f2d2e:7	true	110	true	false	1784739135255825970	1784739135517221648	1784739135783845661	261.396598	176	58.558109	65536	65650		unavailable_no_direct_event	110000000	activation_annotation_initTime		not_on_path_native		not_on_path_native		not_on_path_native		not_on_path_native		not_on_path_native		not_on_path_native		not_on_path_native	50661771		not_on_path_native		not_on_path_native	50725327	complete
c2-native-attempt-v1	native	65536	14	warm_followup	1	s65536-g014-warm01	36858a94ac524c53858a94ac52ec5371	/guest/c2_native_sleep50_r351_direct_events_s65536_g014	0.0.1@1784738956456	b0c04f04159ed98d7a25c575a2175090120ac1c426dc2d6eadd7b6c9e8ae8e1f	314	true	present	not_on_path_native	not_on_path_native	match	complete	true	ok	83b0172f2d2e	83b0172f2d2e:7	false		false	true	1784739135783986957	1784739135850042974	1784739135859830731	66.056046	53	58.558109	65536	65650		unavailable_no_direct_event		not_repeated_warm		not_on_path_native		not_on_path_native		not_on_path_native		not_on_path_native		not_on_path_native		not_on_path_native		not_on_path_native	50296017		not_on_path_native		not_on_path_native	50313866	complete
c2-native-attempt-v1	native	65536	14	warm_followup	2	s65536-g014-warm02	e18ebc605e5440878ebc605e54d087a2	/guest/c2_native_sleep50_r351_direct_events_s65536_g014	0.0.1@1784738956456	b0c04f04159ed98d7a25c575a2175090120ac1c426dc2d6eadd7b6c9e8ae8e1f	315	true	present	not_on_path_native	not_on_path_native	match	complete	true	ok	83b0172f2d2e	83b0172f2d2e:7	false		false	true	1784739135859952069	1784739135923916862	1784739136192356950	63.964981	52	58.558109	65536	65650		unavailable_no_direct_event		not_repeated_warm		not_on_path_native		not_on_path_native		not_on_path_native		not_on_path_native		not_on_path_native		not_on_path_native		not_on_path_native	50239533		not_on_path_native		not_on_path_native	50258673	complete
c2-native-attempt-v1	native	65536	14	warm_followup	3	s65536-g014-warm03	5ae8b8aad3c04bbca8b8aad3c02bbcef	/guest/c2_native_sleep50_r351_direct_events_s65536_g014	0.0.1@1784738956456	b0c04f04159ed98d7a25c575a2175090120ac1c426dc2d6eadd7b6c9e8ae8e1f	316	true	present	not_on_path_native	not_on_path_native	match	complete	true	ok	83b0172f2d2e	83b0172f2d2e:7	false		false	true	1784739136192520188	1784739136260759157	1784739136526377407	68.238777	52	58.558109	65536	65650		unavailable_no_direct_event		not_repeated_warm		not_on_path_native		not_on_path_native		not_on_path_native		not_on_path_native		not_on_path_native		not_on_path_native		not_on_path_native	50197843		not_on_path_native		not_on_path_native	50206102	complete
c2-native-attempt-v1	native	65536	14	warm_followup	4	s65536-g014-warm04	d0ebcfb70311428babcfb70311228b35	/guest/c2_native_sleep50_r351_direct_events_s65536_g014	0.0.1@1784738956456	b0c04f04159ed98d7a25c575a2175090120ac1c426dc2d6eadd7b6c9e8ae8e1f	317	true	present	not_on_path_native	not_on_path_native	match	complete	true	ok	83b0172f2d2e	83b0172f2d2e:7	false		false	true	1784739136526517331	1784739136591129569	1784739136858999600	64.612335	53	58.558109	65536	65650		unavailable_no_direct_event		not_repeated_warm		not_on_path_native		not_on_path_native		not_on_path_native		not_on_path_native		not_on_path_native		not_on_path_native		not_on_path_native	50238806		not_on_path_native		not_on_path_native	50245866	complete
c2-native-attempt-v1	native	65536	14	warm_followup	5	s65536-g014-warm05	6abb54fcc5884dc3bb54fcc5887dc310	/guest/c2_native_sleep50_r351_direct_events_s65536_g014	0.0.1@1784738956456	b0c04f04159ed98d7a25c575a2175090120ac1c426dc2d6eadd7b6c9e8ae8e1f	318	true	present	not_on_path_native	not_on_path_native	match	complete	true	ok	83b0172f2d2e	83b0172f2d2e:7	false		false	true	1784739136859125315	1784739136926100699	1784739136936284366	66.975595	52	58.558109	65536	65650		unavailable_no_direct_event		not_repeated_warm		not_on_path_native		not_on_path_native		not_on_path_native		not_on_path_native		not_on_path_native		not_on_path_native		not_on_path_native	50172250		not_on_path_native		not_on_path_native	50177984	complete
c2-native-attempt-v1	native	262144	14	fresh_first_use	0	s262144-g014-fresh	ef5aa36b775d45bd9aa36b775d05bd26	/guest/c2_native_sleep50_r351_direct_events_s262144_g014	0.0.1@1784738962332	959bbb278c5b647926782916985ae68e3313d442b16d70a54e4a84a20e1fa3a5	319	true	present	not_on_path_native	not_on_path_native	match	complete	true	ok	07dfd0eea90e	07dfd0eea90e:8	true	115	true	false	1784739136936433520	1784739137719773960	1784739137728590352	783.341226	174	64.699743	262144	262258		unavailable_no_direct_event	115000000	activation_annotation_initTime		not_on_path_native		not_on_path_native		not_on_path_native		not_on_path_native		not_on_path_native		not_on_path_native		not_on_path_native	51582880		not_on_path_native		not_on_path_native	51630126	complete
c2-native-attempt-v1	native	262144	14	warm_followup	1	s262144-g014-warm01	fb127e97aa5f4a36927e97aa5fba36e4	/guest/c2_native_sleep50_r351_direct_events_s262144_g014	0.0.1@1784738962332	959bbb278c5b647926782916985ae68e3313d442b16d70a54e4a84a20e1fa3a5	320	true	present	not_on_path_native	not_on_path_native	match	complete	true	ok	07dfd0eea90e	07dfd0eea90e:8	false		false	true	1784739137728725155	1784739137800405370	1784739138071429729	71.680152	55	64.699743	262144	262258		unavailable_no_direct_event		not_repeated_warm		not_on_path_native		not_on_path_native		not_on_path_native		not_on_path_native		not_on_path_native		not_on_path_native		not_on_path_native	50610053		not_on_path_native		not_on_path_native	50633917	complete
c2-native-attempt-v1	native	262144	14	warm_followup	2	s262144-g014-warm02	67c6521c84624d6186521c84623d6192	/guest/c2_native_sleep50_r351_direct_events_s262144_g014	0.0.1@1784738962332	959bbb278c5b647926782916985ae68e3313d442b16d70a54e4a84a20e1fa3a5	321	true	present	not_on_path_native	not_on_path_native	match	complete	true	ok	07dfd0eea90e	07dfd0eea90e:8	false		false	true	1784739138071591876	1784739138150688165	1784739138167245042	79.095894	53	64.699743	262144	262258		unavailable_no_direct_event		not_repeated_warm		not_on_path_native		not_on_path_native		not_on_path_native		not_on_path_native		not_on_path_native		not_on_path_native		not_on_path_native	50260893		not_on_path_native		not_on_path_native	50277703	complete
c2-native-attempt-v1	native	262144	14	warm_followup	3	s262144-g014-warm03	b0961915896e4b07961915896e7b07ec	/guest/c2_native_sleep50_r351_direct_events_s262144_g014	0.0.1@1784738962332	959bbb278c5b647926782916985ae68e3313d442b16d70a54e4a84a20e1fa3a5	322	true	present	not_on_path_native	not_on_path_native	match	complete	true	ok	07dfd0eea90e	07dfd0eea90e:8	false		false	true	1784739138167414661	1784739138237115559	1784739138502099699	69.700942	52	64.699743	262144	262258		unavailable_no_direct_event		not_repeated_warm		not_on_path_native		not_on_path_native		not_on_path_native		not_on_path_native		not_on_path_native		not_on_path_native		not_on_path_native	50205840		not_on_path_native		not_on_path_native	50210586	complete
c2-native-attempt-v1	native	262144	14	warm_followup	4	s262144-g014-warm04	792cb6bf0eb949baacb6bf0eb969bad9	/guest/c2_native_sleep50_r351_direct_events_s262144_g014	0.0.1@1784738962332	959bbb278c5b647926782916985ae68e3313d442b16d70a54e4a84a20e1fa3a5	323	true	present	not_on_path_native	not_on_path_native	match	complete	true	ok	07dfd0eea90e	07dfd0eea90e:8	false		false	true	1784739138502286683	1784739138567877116	1784739138840084135	65.590581	53	64.699743	262144	262258		unavailable_no_direct_event		not_repeated_warm		not_on_path_native		not_on_path_native		not_on_path_native		not_on_path_native		not_on_path_native		not_on_path_native		not_on_path_native	50257446		not_on_path_native		not_on_path_native	50265263	complete
c2-native-attempt-v1	native	262144	14	warm_followup	5	s262144-g014-warm05	60b1f9745e834586b1f9745e833586ec	/guest/c2_native_sleep50_r351_direct_events_s262144_g014	0.0.1@1784738962332	959bbb278c5b647926782916985ae68e3313d442b16d70a54e4a84a20e1fa3a5	324	true	present	not_on_path_native	not_on_path_native	match	complete	true	ok	07dfd0eea90e	07dfd0eea90e:8	false		false	true	1784739138840266490	1784739138913113589	1784739138920788408	72.847015	52	64.699743	262144	262258		unavailable_no_direct_event		not_repeated_warm		not_on_path_native		not_on_path_native		not_on_path_native		not_on_path_native		not_on_path_native		not_on_path_native		not_on_path_native	50171150		not_on_path_native		not_on_path_native	50176806	complete
c2-native-attempt-v1	native	1048576	14	fresh_first_use	0	s1048576-g014-fresh	09939a77894a4fc0939a77894a7fc0f3	/guest/c2_native_sleep50_r351_direct_events_s1048576_g014	0.0.1@1784738970165	05215dcf69a6a9d795b32c666e04e0d30ff4ac5067632194dbcbc9346a6751df	325	true	present	not_on_path_native	not_on_path_native	match	complete	true	ok	c25c8e370b3d	c25c8e370b3d:7	true	187	true	false	1784739138920921321	1784739139276295011	1784739139555317628	355.374772	270	231.484472	1048576	1048690		unavailable_no_direct_event	187000000	activation_annotation_initTime		not_on_path_native		not_on_path_native		not_on_path_native		not_on_path_native		not_on_path_native		not_on_path_native		not_on_path_native	51128348		not_on_path_native		not_on_path_native	51194300	complete
c2-native-attempt-v1	native	1048576	14	warm_followup	1	s1048576-g014-warm01	0e24f1a1d7334bd7a4f1a1d7333bd75b	/guest/c2_native_sleep50_r351_direct_events_s1048576_g014	0.0.1@1784738970165	05215dcf69a6a9d795b32c666e04e0d30ff4ac5067632194dbcbc9346a6751df	326	true	present	not_on_path_native	not_on_path_native	match	complete	true	ok	c25c8e370b3d	c25c8e370b3d:7	false		false	true	1784739139555461329	1784739139623822027	1784739139889085003	68.360992	53	231.484472	1048576	1048690		unavailable_no_direct_event		not_repeated_warm		not_on_path_native		not_on_path_native		not_on_path_native		not_on_path_native		not_on_path_native		not_on_path_native		not_on_path_native	50210246		not_on_path_native		not_on_path_native	50226236	complete
c2-native-attempt-v1	native	1048576	14	warm_followup	2	s1048576-g014-warm02	02495daeee8647f6895daeee8637f6eb	/guest/c2_native_sleep50_r351_direct_events_s1048576_g014	0.0.1@1784738970165	05215dcf69a6a9d795b32c666e04e0d30ff4ac5067632194dbcbc9346a6751df	327	true	present	not_on_path_native	not_on_path_native	match	complete	true	ok	c25c8e370b3d	c25c8e370b3d:7	false		false	true	1784739139889209741	1784739139956885268	1784739139964112162	67.675679	52	231.484472	1048576	1048690		unavailable_no_direct_event		not_repeated_warm		not_on_path_native		not_on_path_native		not_on_path_native		not_on_path_native		not_on_path_native		not_on_path_native		not_on_path_native	50272290		not_on_path_native		not_on_path_native	50292184	complete
c2-native-attempt-v1	native	1048576	14	warm_followup	3	s1048576-g014-warm03	ef285245112945f4a852451129b5f479	/guest/c2_native_sleep50_r351_direct_events_s1048576_g014	0.0.1@1784738970165	05215dcf69a6a9d795b32c666e04e0d30ff4ac5067632194dbcbc9346a6751df	328	true	present	not_on_path_native	not_on_path_native	match	complete	true	ok	c25c8e370b3d	c25c8e370b3d:7	false		false	true	1784739139964236820	1784739140032116938	1784739140038686880	67.880154	53	231.484472	1048576	1048690		unavailable_no_direct_event		not_repeated_warm		not_on_path_native		not_on_path_native		not_on_path_native		not_on_path_native		not_on_path_native		not_on_path_native		not_on_path_native	50344750		not_on_path_native		not_on_path_native	50350907	complete
c2-native-attempt-v1	native	1048576	14	warm_followup	4	s1048576-g014-warm04	f3a72865bfda4672a72865bfdae672b4	/guest/c2_native_sleep50_r351_direct_events_s1048576_g014	0.0.1@1784738970165	05215dcf69a6a9d795b32c666e04e0d30ff4ac5067632194dbcbc9346a6751df	329	true	present	not_on_path_native	not_on_path_native	match	complete	true	ok	c25c8e370b3d	c25c8e370b3d:7	false		false	true	1784739140038864080	1784739140104812440	1784739140110668594	65.948325	53	231.484472	1048576	1048690		unavailable_no_direct_event		not_repeated_warm		not_on_path_native		not_on_path_native		not_on_path_native		not_on_path_native		not_on_path_native		not_on_path_native		not_on_path_native	50176936		not_on_path_native		not_on_path_native	50181623	complete
c2-native-attempt-v1	native	1048576	14	warm_followup	5	s1048576-g014-warm05	15e6570791b34630a6570791b386302a	/guest/c2_native_sleep50_r351_direct_events_s1048576_g014	0.0.1@1784738970165	05215dcf69a6a9d795b32c666e04e0d30ff4ac5067632194dbcbc9346a6751df	330	true	present	not_on_path_native	not_on_path_native	match	complete	true	ok	c25c8e370b3d	c25c8e370b3d:7	false		false	true	1784739140110809319	1784739140174999145	1784739140438080086	64.189969	53	231.484472	1048576	1048690		unavailable_no_direct_event		not_repeated_warm		not_on_path_native		not_on_path_native		not_on_path_native		not_on_path_native		not_on_path_native		not_on_path_native		not_on_path_native	50113331		not_on_path_native		not_on_path_native	50117891	complete
c2-native-attempt-v1	native	4194304	14	fresh_first_use	0	s4194304-g014-fresh	95bb6cd659db4574bb6cd659db3574dd	/guest/c2_native_sleep50_r351_direct_events_s4194304_g014	0.0.1@1784738986305	f20aedb41a4a12ad5ed3bb0043cf8c79498d56c8cdd7d04665b4427fe24b3224	331	true	present	not_on_path_native	not_on_path_native	match	complete	true	ok	44317fc3e988	44317fc3e988:8	true	508	true	false	1784739140438238508	1784739141262237437	1784739141527689611	823.99984	565	539.123866	4194304	4194418		unavailable_no_direct_event	508000000	activation_annotation_initTime		not_on_path_native		not_on_path_native		not_on_path_native		not_on_path_native		not_on_path_native		not_on_path_native		not_on_path_native	50442609		not_on_path_native		not_on_path_native	50501233	complete
c2-native-attempt-v1	native	4194304	14	warm_followup	1	s4194304-g014-warm01	5fe96ed7ca364439a96ed7ca36843945	/guest/c2_native_sleep50_r351_direct_events_s4194304_g014	0.0.1@1784738986305	f20aedb41a4a12ad5ed3bb0043cf8c79498d56c8cdd7d04665b4427fe24b3224	332	true	present	not_on_path_native	not_on_path_native	match	complete	true	ok	44317fc3e988	44317fc3e988:8	false		false	true	1784739141527816512	1784739141599625249	1784739141873050691	71.808668	53	539.123866	4194304	4194418		unavailable_no_direct_event		not_repeated_warm		not_on_path_native		not_on_path_native		not_on_path_native		not_on_path_native		not_on_path_native		not_on_path_native		not_on_path_native	50338451		not_on_path_native		not_on_path_native	50356909	complete
c2-native-attempt-v1	native	4194304	14	warm_followup	2	s4194304-g014-warm02	0ec49e048b4842c0849e048b4832c02c	/guest/c2_native_sleep50_r351_direct_events_s4194304_g014	0.0.1@1784738986305	f20aedb41a4a12ad5ed3bb0043cf8c79498d56c8cdd7d04665b4427fe24b3224	333	true	present	not_on_path_native	not_on_path_native	match	complete	true	ok	44317fc3e988	44317fc3e988:8	false		false	true	1784739141873183378	1784739141940659767	1784739142211648104	67.476508	54	539.123866	4194304	4194418		unavailable_no_direct_event		not_repeated_warm		not_on_path_native		not_on_path_native		not_on_path_native		not_on_path_native		not_on_path_native		not_on_path_native		not_on_path_native	50326414		not_on_path_native		not_on_path_native	50347085	complete
c2-native-attempt-v1	native	4194304	14	warm_followup	3	s4194304-g014-warm03	ba5bd13d73d845469bd13d73d8e546ab	/guest/c2_native_sleep50_r351_direct_events_s4194304_g014	0.0.1@1784738986305	f20aedb41a4a12ad5ed3bb0043cf8c79498d56c8cdd7d04665b4427fe24b3224	334	true	present	not_on_path_native	not_on_path_native	match	complete	true	ok	44317fc3e988	44317fc3e988:8	false		false	true	1784739142211780654	1784739142281428833	1784739142291857952	69.648129	51	539.123866	4194304	4194418		unavailable_no_direct_event		not_repeated_warm		not_on_path_native		not_on_path_native		not_on_path_native		not_on_path_native		not_on_path_native		not_on_path_native		not_on_path_native	49167293		not_on_path_native		not_on_path_native	49173145	complete
c2-native-attempt-v1	native	4194304	14	warm_followup	4	s4194304-g014-warm04	889166cde113406e9166cde113506e47	/guest/c2_native_sleep50_r351_direct_events_s4194304_g014	0.0.1@1784738986305	f20aedb41a4a12ad5ed3bb0043cf8c79498d56c8cdd7d04665b4427fe24b3224	335	true	present	not_on_path_native	not_on_path_native	match	complete	true	ok	44317fc3e988	44317fc3e988:8	false		false	true	1784739142291976409	1784739142358646630	1784739142366325647	66.670309	52	539.123866	4194304	4194418		unavailable_no_direct_event		not_repeated_warm		not_on_path_native		not_on_path_native		not_on_path_native		not_on_path_native		not_on_path_native		not_on_path_native		not_on_path_native	50170959		not_on_path_native		not_on_path_native	50176569	complete
c2-native-attempt-v1	native	4194304	14	warm_followup	5	s4194304-g014-warm05	00cdaa2c70e1435f8daa2c70e1d35f76	/guest/c2_native_sleep50_r351_direct_events_s4194304_g014	0.0.1@1784738986305	f20aedb41a4a12ad5ed3bb0043cf8c79498d56c8cdd7d04665b4427fe24b3224	336	true	present	not_on_path_native	not_on_path_native	match	complete	true	ok	44317fc3e988	44317fc3e988:8	false		false	true	1784739142366441089	1784739142429894280	1784739142697305870	63.453444	52	539.123866	4194304	4194418		unavailable_no_direct_event		not_repeated_warm		not_on_path_native		not_on_path_native		not_on_path_native		not_on_path_native		not_on_path_native		not_on_path_native		not_on_path_native	50172516		not_on_path_native		not_on_path_native	50177148	complete
c2-native-attempt-v1	native	65536	15	fresh_first_use	0	s65536-g015-fresh	3dffe819b67947e7bfe819b67967e7af	/guest/c2_native_sleep50_r351_direct_events_s65536_g015	0.0.1@1784738956622	96b4bd472207dae7b8a34cb212e04f3e8cd720d6bb5122f83e05e4ea5ee527d2	337	true	present	not_on_path_native	not_on_path_native	match	complete	true	ok	8322b3edbe17	8322b3edbe17:9	true	130	true	false	1784739142697444803	1784739142978615808	1784739143249363886	281.17156	190	63.280874	65536	65650		unavailable_no_direct_event	130000000	activation_annotation_initTime		not_on_path_native		not_on_path_native		not_on_path_native		not_on_path_native		not_on_path_native		not_on_path_native		not_on_path_native	54257084		not_on_path_native		not_on_path_native	54325438	complete
c2-native-attempt-v1	native	65536	15	warm_followup	1	s65536-g015-warm01	0f66fdf48bdb4057a6fdf48bdb9057f1	/guest/c2_native_sleep50_r351_direct_events_s65536_g015	0.0.1@1784738956622	96b4bd472207dae7b8a34cb212e04f3e8cd720d6bb5122f83e05e4ea5ee527d2	338	true	present	not_on_path_native	not_on_path_native	match	complete	true	ok	8322b3edbe17	8322b3edbe17:9	false		false	true	1784739143249564737	1784739143317017856	1784739143589934578	67.452566	53	63.280874	65536	65650		unavailable_no_direct_event		not_repeated_warm		not_on_path_native		not_on_path_native		not_on_path_native		not_on_path_native		not_on_path_native		not_on_path_native		not_on_path_native	50266487		not_on_path_native		not_on_path_native	50285238	complete
c2-native-attempt-v1	native	65536	15	warm_followup	2	s65536-g015-warm02	2570f73607034a5db0f73607039a5df5	/guest/c2_native_sleep50_r351_direct_events_s65536_g015	0.0.1@1784738956622	96b4bd472207dae7b8a34cb212e04f3e8cd720d6bb5122f83e05e4ea5ee527d2	339	true	present	not_on_path_native	not_on_path_native	match	complete	true	ok	8322b3edbe17	8322b3edbe17:9	false		false	true	1784739143590063666	1784739143657878496	1784739143923971830	67.814976	53	63.280874	65536	65650		unavailable_no_direct_event		not_repeated_warm		not_on_path_native		not_on_path_native		not_on_path_native		not_on_path_native		not_on_path_native		not_on_path_native		not_on_path_native	50301024		not_on_path_native		not_on_path_native	50322902	complete
c2-native-attempt-v1	native	65536	15	warm_followup	3	s65536-g015-warm03	2a3071d9362641bab071d93626a1ba2f	/guest/c2_native_sleep50_r351_direct_events_s65536_g015	0.0.1@1784738956622	96b4bd472207dae7b8a34cb212e04f3e8cd720d6bb5122f83e05e4ea5ee527d2	340	true	present	not_on_path_native	not_on_path_native	match	complete	true	ok	8322b3edbe17	8322b3edbe17:9	false		false	true	1784739143924157551	1784739143991752784	1784739144260574774	67.595042	52	63.280874	65536	65650		unavailable_no_direct_event		not_repeated_warm		not_on_path_native		not_on_path_native		not_on_path_native		not_on_path_native		not_on_path_native		not_on_path_native		not_on_path_native	50201888		not_on_path_native		not_on_path_native	50208109	complete
c2-native-attempt-v1	native	65536	15	warm_followup	4	s65536-g015-warm04	0068a576fb7f4bafa8a576fb7fabaf55	/guest/c2_native_sleep50_r351_direct_events_s65536_g015	0.0.1@1784738956622	96b4bd472207dae7b8a34cb212e04f3e8cd720d6bb5122f83e05e4ea5ee527d2	341	true	present	not_on_path_native	not_on_path_native	match	complete	true	ok	8322b3edbe17	8322b3edbe17:9	false		false	true	1784739144260706598	1784739144328593463	1784739144590839642	67.887029	52	63.280874	65536	65650		unavailable_no_direct_event		not_repeated_warm		not_on_path_native		not_on_path_native		not_on_path_native		not_on_path_native		not_on_path_native		not_on_path_native		not_on_path_native	50238001		not_on_path_native		not_on_path_native	50254818	complete
c2-native-attempt-v1	native	65536	15	warm_followup	5	s65536-g015-warm05	fd25802fa32b4dd9a5802fa32b8dd937	/guest/c2_native_sleep50_r351_direct_events_s65536_g015	0.0.1@1784738956622	96b4bd472207dae7b8a34cb212e04f3e8cd720d6bb5122f83e05e4ea5ee527d2	342	true	present	not_on_path_native	not_on_path_native	match	complete	true	ok	8322b3edbe17	8322b3edbe17:9	false		false	true	1784739144591031378	1784739144659406707	1784739144666692892	68.375318	52	63.280874	65536	65650		unavailable_no_direct_event		not_repeated_warm		not_on_path_native		not_on_path_native		not_on_path_native		not_on_path_native		not_on_path_native		not_on_path_native		not_on_path_native	50225851		not_on_path_native		not_on_path_native	50232873	complete
c2-native-attempt-v1	native	262144	15	fresh_first_use	0	s262144-g015-fresh	677d2e1788094e3fbd2e178809fe3fe1	/guest/c2_native_sleep50_r351_direct_events_s262144_g015	0.0.1@1784738962486	49f415145335823a328bd6224e9071cb2f7785d8e0997d565c0e50de9dbddc34	343	true	present	not_on_path_native	not_on_path_native	match	complete	true	ok	d64f8a0df81a	d64f8a0df81a:8	true	143	true	false	1784739144666838600	1784739144962213014	1784739145225011959	295.374685	207	63.614361	262144	262258		unavailable_no_direct_event	143000000	activation_annotation_initTime		not_on_path_native		not_on_path_native		not_on_path_native		not_on_path_native		not_on_path_native		not_on_path_native		not_on_path_native	50726215		not_on_path_native		not_on_path_native	50785395	complete
c2-native-attempt-v1	native	262144	15	warm_followup	1	s262144-g015-warm01	6c922966a60b44ad922966a60b84ad84	/guest/c2_native_sleep50_r351_direct_events_s262144_g015	0.0.1@1784738962486	49f415145335823a328bd6224e9071cb2f7785d8e0997d565c0e50de9dbddc34	344	true	present	not_on_path_native	not_on_path_native	match	complete	true	ok	d64f8a0df81a	d64f8a0df81a:8	false		false	true	1784739145225162439	1784739145293071019	1784739145555596715	67.90836	51	63.614361	262144	262258		unavailable_no_direct_event		not_repeated_warm		not_on_path_native		not_on_path_native		not_on_path_native		not_on_path_native		not_on_path_native		not_on_path_native		not_on_path_native	49240192		not_on_path_native		not_on_path_native	49254882	complete
c2-native-attempt-v1	native	262144	15	warm_followup	2	s262144-g015-warm02	2fb805c1358349bfb805c1358319bfe4	/guest/c2_native_sleep50_r351_direct_events_s262144_g015	0.0.1@1784738962486	49f415145335823a328bd6224e9071cb2f7785d8e0997d565c0e50de9dbddc34	345	true	present	not_on_path_native	not_on_path_native	match	complete	true	ok	d64f8a0df81a	d64f8a0df81a:8	false		false	true	1784739145555735892	1784739145620011652	1784739145632601492	64.27584	53	63.614361	262144	262258		unavailable_no_direct_event		not_repeated_warm		not_on_path_native		not_on_path_native		not_on_path_native		not_on_path_native		not_on_path_native		not_on_path_native		not_on_path_native	50240304		not_on_path_native		not_on_path_native	50255396	complete
c2-native-attempt-v1	native	262144	15	warm_followup	3	s262144-g015-warm03	f9f54ecd4ff547c3b54ecd4ff5a7c383	/guest/c2_native_sleep50_r351_direct_events_s262144_g015	0.0.1@1784738962486	49f415145335823a328bd6224e9071cb2f7785d8e0997d565c0e50de9dbddc34	346	true	present	not_on_path_native	not_on_path_native	match	complete	true	ok	d64f8a0df81a	d64f8a0df81a:8	false		false	true	1784739145632717536	1784739145697430268	1784739145961400801	64.712794	54	63.614361	262144	262258		unavailable_no_direct_event		not_repeated_warm		not_on_path_native		not_on_path_native		not_on_path_native		not_on_path_native		not_on_path_native		not_on_path_native		not_on_path_native	50190848		not_on_path_native		not_on_path_native	50195832	complete
c2-native-attempt-v1	native	262144	15	warm_followup	4	s262144-g015-warm04	280d4158354241f18d4158354241f12c	/guest/c2_native_sleep50_r351_direct_events_s262144_g015	0.0.1@1784738962486	49f415145335823a328bd6224e9071cb2f7785d8e0997d565c0e50de9dbddc34	347	true	present	not_on_path_native	not_on_path_native	match	complete	true	ok	d64f8a0df81a	d64f8a0df81a:8	false		false	true	1784739145961532260	1784739146024294688	1784739146289657780	62.762644	51	63.614361	262144	262258		unavailable_no_direct_event		not_repeated_warm		not_on_path_native		not_on_path_native		not_on_path_native		not_on_path_native		not_on_path_native		not_on_path_native		not_on_path_native	49293611		not_on_path_native		not_on_path_native	49298287	complete
c2-native-attempt-v1	native	262144	15	warm_followup	5	s262144-g015-warm05	f5f3de12a43f4887b3de12a43fd887c0	/guest/c2_native_sleep50_r351_direct_events_s262144_g015	0.0.1@1784738962486	49f415145335823a328bd6224e9071cb2f7785d8e0997d565c0e50de9dbddc34	348	true	present	not_on_path_native	not_on_path_native	match	complete	true	ok	d64f8a0df81a	d64f8a0df81a:8	false		false	true	1784739146289787612	1784739146355892427	1784739146619668093	66.105018	53	63.614361	262144	262258		unavailable_no_direct_event		not_repeated_warm		not_on_path_native		not_on_path_native		not_on_path_native		not_on_path_native		not_on_path_native		not_on_path_native		not_on_path_native	50192324		not_on_path_native		not_on_path_native	50198662	complete
c2-native-attempt-v1	native	1048576	15	fresh_first_use	0	s1048576-g015-fresh	9bf896fe2be745e9b896fe2be755e943	/guest/c2_native_sleep50_r351_direct_events_s1048576_g015	0.0.1@1784738970428	7afa2fb3f91b1c487788a18ca97b4c4077bf2978cbefcd4a49444f5a6c8fe600	349	true	present	not_on_path_native	not_on_path_native	match	complete	true	ok	6acaa67af590	6acaa67af590:8	true	186	true	false	1784739146619800998	1784739146977714030	1784739147243214992	357.913975	246	171.519302	1048576	1048690		unavailable_no_direct_event	186000000	activation_annotation_initTime		not_on_path_native		not_on_path_native		not_on_path_native		not_on_path_native		not_on_path_native		not_on_path_native		not_on_path_native	50897148		not_on_path_native		not_on_path_native	50955312	complete
c2-native-attempt-v1	native	1048576	15	warm_followup	1	s1048576-g015-warm01	71e232809df54868a232809df5c8683f	/guest/c2_native_sleep50_r351_direct_events_s1048576_g015	0.0.1@1784738970428	7afa2fb3f91b1c487788a18ca97b4c4077bf2978cbefcd4a49444f5a6c8fe600	350	true	present	not_on_path_native	not_on_path_native	match	complete	true	ok	6acaa67af590	6acaa67af590:8	false		false	true	1784739147243357937	1784739147319369663	1784739147332224660	76.011718	53	171.519302	1048576	1048690		unavailable_no_direct_event		not_repeated_warm		not_on_path_native		not_on_path_native		not_on_path_native		not_on_path_native		not_on_path_native		not_on_path_native		not_on_path_native	50209632		not_on_path_native		not_on_path_native	50224748	complete
c2-native-attempt-v1	native	1048576	15	warm_followup	2	s1048576-g015-warm02	130cbe2d00024be98cbe2d0002ebe95b	/guest/c2_native_sleep50_r351_direct_events_s1048576_g015	0.0.1@1784738970428	7afa2fb3f91b1c487788a18ca97b4c4077bf2978cbefcd4a49444f5a6c8fe600	351	true	present	not_on_path_native	not_on_path_native	match	complete	true	ok	6acaa67af590	6acaa67af590:8	false		false	true	1784739147332398407	1784739147398892683	1784739147405719943	66.494312	51	171.519302	1048576	1048690		unavailable_no_direct_event		not_repeated_warm		not_on_path_native		not_on_path_native		not_on_path_native		not_on_path_native		not_on_path_native		not_on_path_native		not_on_path_native	49251082		not_on_path_native		not_on_path_native	49269760	complete
c2-native-attempt-v1	native	1048576	15	warm_followup	3	s1048576-g015-warm03	e34492b490c14c718492b490c18c7132	/guest/c2_native_sleep50_r351_direct_events_s1048576_g015	0.0.1@1784738970428	7afa2fb3f91b1c487788a18ca97b4c4077bf2978cbefcd4a49444f5a6c8fe600	352	true	present	not_on_path_native	not_on_path_native	match	complete	true	ok	6acaa67af590	6acaa67af590:8	false		false	true	1784739147405842954	1784739147474960241	1784739147738097350	69.117476	52	171.519302	1048576	1048690		unavailable_no_direct_event		not_repeated_warm		not_on_path_native		not_on_path_native		not_on_path_native		not_on_path_native		not_on_path_native		not_on_path_native		not_on_path_native	49199292		not_on_path_native		not_on_path_native	49205162	complete
c2-native-attempt-v1	native	1048576	15	warm_followup	4	s1048576-g015-warm04	94f5ca8b7bf04f6bb5ca8b7bf0df6b6a	/guest/c2_native_sleep50_r351_direct_events_s1048576_g015	0.0.1@1784738970428	7afa2fb3f91b1c487788a18ca97b4c4077bf2978cbefcd4a49444f5a6c8fe600	353	true	present	not_on_path_native	not_on_path_native	match	complete	true	ok	6acaa67af590	6acaa67af590:8	false		false	true	1784739147738259714	1784739147806614618	1784739147813353505	68.354631	52	171.519302	1048576	1048690		unavailable_no_direct_event		not_repeated_warm		not_on_path_native		not_on_path_native		not_on_path_native		not_on_path_native		not_on_path_native		not_on_path_native		not_on_path_native	50187299		not_on_path_native		not_on_path_native	50193469	complete
c2-native-attempt-v1	native	1048576	15	warm_followup	5	s1048576-g015-warm05	ea3bf4bd09e24587bbf4bd09e2f587c1	/guest/c2_native_sleep50_r351_direct_events_s1048576_g015	0.0.1@1784738970428	7afa2fb3f91b1c487788a18ca97b4c4077bf2978cbefcd4a49444f5a6c8fe600	354	true	present	not_on_path_native	not_on_path_native	match	complete	true	ok	6acaa67af590	6acaa67af590:8	false		false	true	1784739147813476673	1784739147878517731	1784739148140712609	65.04102	52	171.519302	1048576	1048690		unavailable_no_direct_event		not_repeated_warm		not_on_path_native		not_on_path_native		not_on_path_native		not_on_path_native		not_on_path_native		not_on_path_native		not_on_path_native	50192572		not_on_path_native		not_on_path_native	50198548	complete
c2-native-attempt-v1	native	4194304	15	fresh_first_use	0	s4194304-g015-fresh	9337ceffc8e84425b7ceffc8e8442525	/guest/c2_native_sleep50_r351_direct_events_s4194304_g015	0.0.1@1784738987054	7b3a7a749b10ca332d9503e6474e5c53d79624c21ba49b9992dd19b0e02fb3d9	355	true	present	not_on_path_native	not_on_path_native	match	complete	true	ok	fb96903a82d1	fb96903a82d1:8	true	363	true	false	1784739148140843554	1784739148677744240	1784739148942140880	536.901176	420	586.921023	4194304	4194418		unavailable_no_direct_event	363000000	activation_annotation_initTime		not_on_path_native		not_on_path_native		not_on_path_native		not_on_path_native		not_on_path_native		not_on_path_native		not_on_path_native	50671708		not_on_path_native		not_on_path_native	50723212	complete
c2-native-attempt-v1	native	4194304	15	warm_followup	1	s4194304-g015-warm01	098dd82389d040fa8dd82389d020fac3	/guest/c2_native_sleep50_r351_direct_events_s4194304_g015	0.0.1@1784738987054	7b3a7a749b10ca332d9503e6474e5c53d79624c21ba49b9992dd19b0e02fb3d9	356	true	present	not_on_path_native	not_on_path_native	match	complete	true	ok	fb96903a82d1	fb96903a82d1:8	false		false	true	1784739148942272163	1784739149012216527	1784739149019348325	69.944808	54	586.921023	4194304	4194418		unavailable_no_direct_event		not_repeated_warm		not_on_path_native		not_on_path_native		not_on_path_native		not_on_path_native		not_on_path_native		not_on_path_native		not_on_path_native	50439835		not_on_path_native		not_on_path_native	50457844	complete
c2-native-attempt-v1	native	4194304	15	warm_followup	2	s4194304-g015-warm02	137a3404f1074155ba3404f107b155a3	/guest/c2_native_sleep50_r351_direct_events_s4194304_g015	0.0.1@1784738987054	7b3a7a749b10ca332d9503e6474e5c53d79624c21ba49b9992dd19b0e02fb3d9	357	true	present	not_on_path_native	not_on_path_native	match	complete	true	ok	fb96903a82d1	fb96903a82d1:8	false		false	true	1784739149019473961	1784739149085863168	1784739149349425723	66.389229	53	586.921023	4194304	4194418		unavailable_no_direct_event		not_repeated_warm		not_on_path_native		not_on_path_native		not_on_path_native		not_on_path_native		not_on_path_native		not_on_path_native		not_on_path_native	50257184		not_on_path_native		not_on_path_native	50287741	complete
c2-native-attempt-v1	native	4194304	15	warm_followup	3	s4194304-g015-warm03	538a4fd896c8415a8a4fd896c8315a2c	/guest/c2_native_sleep50_r351_direct_events_s4194304_g015	0.0.1@1784738987054	7b3a7a749b10ca332d9503e6474e5c53d79624c21ba49b9992dd19b0e02fb3d9	358	true	present	not_on_path_native	not_on_path_native	match	complete	true	ok	fb96903a82d1	fb96903a82d1:8	false		false	true	1784739149349606762	1784739149416702664	1784739149426879051	67.096052	53	586.921023	4194304	4194418		unavailable_no_direct_event		not_repeated_warm		not_on_path_native		not_on_path_native		not_on_path_native		not_on_path_native		not_on_path_native		not_on_path_native		not_on_path_native	50217950		not_on_path_native		not_on_path_native	50226010	complete
c2-native-attempt-v1	native	4194304	15	warm_followup	4	s4194304-g015-warm04	439c995fdc8d49539c995fdc8d3953db	/guest/c2_native_sleep50_r351_direct_events_s4194304_g015	0.0.1@1784738987054	7b3a7a749b10ca332d9503e6474e5c53d79624c21ba49b9992dd19b0e02fb3d9	359	true	present	not_on_path_native	not_on_path_native	match	complete	true	ok	fb96903a82d1	fb96903a82d1:8	false		false	true	1784739149426996911	1784739149495612050	1784739149759999923	68.615284	53	586.921023	4194304	4194418		unavailable_no_direct_event		not_repeated_warm		not_on_path_native		not_on_path_native		not_on_path_native		not_on_path_native		not_on_path_native		not_on_path_native		not_on_path_native	50182075		not_on_path_native		not_on_path_native	50187516	complete
c2-native-attempt-v1	native	4194304	15	warm_followup	5	s4194304-g015-warm05	e08e20dbc5d44eca8e20dbc5d42eca93	/guest/c2_native_sleep50_r351_direct_events_s4194304_g015	0.0.1@1784738987054	7b3a7a749b10ca332d9503e6474e5c53d79624c21ba49b9992dd19b0e02fb3d9	360	true	present	not_on_path_native	not_on_path_native	match	complete	true	ok	fb96903a82d1	fb96903a82d1:8	false		false	true	1784739149760186757	1784739149830883673	1784739149837130578	70.696873	51	586.921023	4194304	4194418		unavailable_no_direct_event		not_repeated_warm		not_on_path_native		not_on_path_native		not_on_path_native		not_on_path_native		not_on_path_native		not_on_path_native		not_on_path_native	49214190		not_on_path_native		not_on_path_native	49221441	complete
c2-native-attempt-v1	native	65536	16	fresh_first_use	0	s65536-g016-fresh	39cd7a69336f41d48d7a69336f31d450	/guest/c2_native_sleep50_r351_direct_events_s65536_g016	0.0.1@1784738956793	df575dfd331a3e86185a61966923986cb7bb5b689561256af6bb8bf8f949676e	361	true	present	not_on_path_native	not_on_path_native	match	complete	true	ok	e74b1be08342	e74b1be08342:8	true	125	true	false	1784739149837241109	1784739150218733409	1784739150488525938	381.492972	184	81.846084	65536	65650		unavailable_no_direct_event	125000000	activation_annotation_initTime		not_on_path_native		not_on_path_native		not_on_path_native		not_on_path_native		not_on_path_native		not_on_path_native		not_on_path_native	51409637		not_on_path_native		not_on_path_native	51467175	complete
c2-native-attempt-v1	native	65536	16	warm_followup	1	s65536-g016-warm01	e878bbf595844bc2b8bbf595849bc28b	/guest/c2_native_sleep50_r351_direct_events_s65536_g016	0.0.1@1784738956793	df575dfd331a3e86185a61966923986cb7bb5b689561256af6bb8bf8f949676e	362	true	present	not_on_path_native	not_on_path_native	match	complete	true	ok	e74b1be08342	e74b1be08342:8	false		false	true	1784739150488680972	1784739150560449951	1784739150569302417	71.76904	53	81.846084	65536	65650		unavailable_no_direct_event		not_repeated_warm		not_on_path_native		not_on_path_native		not_on_path_native		not_on_path_native		not_on_path_native		not_on_path_native		not_on_path_native	50260431		not_on_path_native		not_on_path_native	50277332	complete
c2-native-attempt-v1	native	65536	16	warm_followup	2	s65536-g016-warm02	2478efa264704008b8efa26470500819	/guest/c2_native_sleep50_r351_direct_events_s65536_g016	0.0.1@1784738956793	df575dfd331a3e86185a61966923986cb7bb5b689561256af6bb8bf8f949676e	363	true	present	not_on_path_native	not_on_path_native	match	complete	true	ok	e74b1be08342	e74b1be08342:8	false		false	true	1784739150569463970	1784739150650515777	1784739150657819610	81.051911	54	81.846084	65536	65650		unavailable_no_direct_event		not_repeated_warm		not_on_path_native		not_on_path_native		not_on_path_native		not_on_path_native		not_on_path_native		not_on_path_native		not_on_path_native	50395175		not_on_path_native		not_on_path_native	50417584	complete
c2-native-attempt-v1	native	65536	16	warm_followup	3	s65536-g016-warm03	73ff02c18c3e4a0ebf02c18c3e8a0ed4	/guest/c2_native_sleep50_r351_direct_events_s65536_g016	0.0.1@1784738956793	df575dfd331a3e86185a61966923986cb7bb5b689561256af6bb8bf8f949676e	364	true	present	not_on_path_native	not_on_path_native	match	complete	true	ok	e74b1be08342	e74b1be08342:8	false		false	true	1784739150657965126	1784739150722485819	1784739150988064976	64.520678	53	81.846084	65536	65650		unavailable_no_direct_event		not_repeated_warm		not_on_path_native		not_on_path_native		not_on_path_native		not_on_path_native		not_on_path_native		not_on_path_native		not_on_path_native	50228538		not_on_path_native		not_on_path_native	50237319	complete
c2-native-attempt-v1	native	65536	16	warm_followup	4	s65536-g016-warm04	2c60c1baa9634618a0c1baa963661826	/guest/c2_native_sleep50_r351_direct_events_s65536_g016	0.0.1@1784738956793	df575dfd331a3e86185a61966923986cb7bb5b689561256af6bb8bf8f949676e	365	true	present	not_on_path_native	not_on_path_native	match	complete	true	ok	e74b1be08342	e74b1be08342:8	false		false	true	1784739150988235310	1784739151056416219	1784739151323360351	68.181431	54	81.846084	65536	65650		unavailable_no_direct_event		not_repeated_warm		not_on_path_native		not_on_path_native		not_on_path_native		not_on_path_native		not_on_path_native		not_on_path_native		not_on_path_native	50374319		not_on_path_native		not_on_path_native	50383000	complete
c2-native-attempt-v1	native	65536	16	warm_followup	5	s65536-g016-warm05	b6b379ab2c3f4beab379ab2c3fdbea94	/guest/c2_native_sleep50_r351_direct_events_s65536_g016	0.0.1@1784738956793	df575dfd331a3e86185a61966923986cb7bb5b689561256af6bb8bf8f949676e	366	true	present	not_on_path_native	not_on_path_native	match	complete	true	ok	e74b1be08342	e74b1be08342:8	false		false	true	1784739151323531607	1784739151388724622	1784739151653839866	65.193186	53	81.846084	65536	65650		unavailable_no_direct_event		not_repeated_warm		not_on_path_native		not_on_path_native		not_on_path_native		not_on_path_native		not_on_path_native		not_on_path_native		not_on_path_native	50220762		not_on_path_native		not_on_path_native	50231957	complete
c2-native-attempt-v1	native	262144	16	fresh_first_use	0	s262144-g016-fresh	5fad29b79bae420dad29b79bae620d54	/guest/c2_native_sleep50_r351_direct_events_s262144_g016	0.0.1@1784738962615	c810d65df361efa2d25c4bb2113d1bfe31c4af0aff8a7ce06ab593518496323c	367	true	present	not_on_path_native	not_on_path_native	match	complete	true	ok	6a2a6c0210ec	6a2a6c0210ec:8	true	67	true	false	1784739151653987806	1784739151868310414	1784739151877438374	214.323312	124	64.923977	262144	262258		unavailable_no_direct_event	67000000	activation_annotation_initTime		not_on_path_native		not_on_path_native		not_on_path_native		not_on_path_native		not_on_path_native		not_on_path_native		not_on_path_native	52129179		not_on_path_native		not_on_path_native	52177188	complete
c2-native-attempt-v1	native	262144	16	warm_followup	1	s262144-g016-warm01	7c952311732c4807952311732c7807cb	/guest/c2_native_sleep50_r351_direct_events_s262144_g016	0.0.1@1784738962615	c810d65df361efa2d25c4bb2113d1bfe31c4af0aff8a7ce06ab593518496323c	368	true	present	not_on_path_native	not_on_path_native	match	complete	true	ok	6a2a6c0210ec	6a2a6c0210ec:8	false		false	true	1784739151877575258	1784739151952246569	1784739152220647283	74.671471	56	64.923977	262144	262258		unavailable_no_direct_event		not_repeated_warm		not_on_path_native		not_on_path_native		not_on_path_native		not_on_path_native		not_on_path_native		not_on_path_native		not_on_path_native	50369676		not_on_path_native		not_on_path_native	50391814	complete
c2-native-attempt-v1	native	262144	16	warm_followup	2	s262144-g016-warm02	f68a9a69d31044bd8a9a69d310b4bdae	/guest/c2_native_sleep50_r351_direct_events_s262144_g016	0.0.1@1784738962615	c810d65df361efa2d25c4bb2113d1bfe31c4af0aff8a7ce06ab593518496323c	369	true	present	not_on_path_native	not_on_path_native	match	complete	true	ok	6a2a6c0210ec	6a2a6c0210ec:8	false		false	true	1784739152220788271	1784739152288087246	1784739152555304789	67.299133	53	64.923977	262144	262258		unavailable_no_direct_event		not_repeated_warm		not_on_path_native		not_on_path_native		not_on_path_native		not_on_path_native		not_on_path_native		not_on_path_native		not_on_path_native	50276335		not_on_path_native		not_on_path_native	50296798	complete
c2-native-attempt-v1	native	262144	16	warm_followup	3	s262144-g016-warm03	64b30bfcade64137b30bfcade6113720	/guest/c2_native_sleep50_r351_direct_events_s262144_g016	0.0.1@1784738962615	c810d65df361efa2d25c4bb2113d1bfe31c4af0aff8a7ce06ab593518496323c	370	true	present	not_on_path_native	not_on_path_native	match	complete	true	ok	6a2a6c0210ec	6a2a6c0210ec:8	false		false	true	1784739152555432351	1784739152621278608	1784739152886012682	65.846547	53	64.923977	262144	262258		unavailable_no_direct_event		not_repeated_warm		not_on_path_native		not_on_path_native		not_on_path_native		not_on_path_native		not_on_path_native		not_on_path_native		not_on_path_native	50228003		not_on_path_native		not_on_path_native	50235316	complete
c2-native-attempt-v1	native	262144	16	warm_followup	4	s262144-g016-warm04	d6a862f8fce2451ba862f8fce2051bc3	/guest/c2_native_sleep50_r351_direct_events_s262144_g016	0.0.1@1784738962615	c810d65df361efa2d25c4bb2113d1bfe31c4af0aff8a7ce06ab593518496323c	371	true	present	not_on_path_native	not_on_path_native	match	complete	true	ok	6a2a6c0210ec	6a2a6c0210ec:8	false		false	true	1784739152886196438	1784739152953721145	1784739153221791105	67.524833	53	64.923977	262144	262258		unavailable_no_direct_event		not_repeated_warm		not_on_path_native		not_on_path_native		not_on_path_native		not_on_path_native		not_on_path_native		not_on_path_native		not_on_path_native	50225795		not_on_path_native		not_on_path_native	50235148	complete
c2-native-attempt-v1	native	262144	16	warm_followup	5	s262144-g016-warm05	10da13e63ec84a149a13e63ec89a1433	/guest/c2_native_sleep50_r351_direct_events_s262144_g016	0.0.1@1784738962615	c810d65df361efa2d25c4bb2113d1bfe31c4af0aff8a7ce06ab593518496323c	372	true	present	not_on_path_native	not_on_path_native	match	complete	true	ok	6a2a6c0210ec	6a2a6c0210ec:8	false		false	true	1784739153221924702	1784739153288758634	1784739153552293541	66.833701	53	64.923977	262144	262258		unavailable_no_direct_event		not_repeated_warm		not_on_path_native		not_on_path_native		not_on_path_native		not_on_path_native		not_on_path_native		not_on_path_native		not_on_path_native	50202201		not_on_path_native		not_on_path_native	50210489	complete
c2-native-attempt-v1	native	1048576	16	fresh_first_use	0	s1048576-g016-fresh	91cc1380119d4ca18c1380119daca196	/guest/c2_native_sleep50_r351_direct_events_s1048576_g016	0.0.1@1784738970696	719bbb8abdb19158c510d3e8ce5aa42fee0396339c21035896879a417b0c0233	373	true	present	not_on_path_native	not_on_path_native	match	complete	true	ok	196987ba95a8	196987ba95a8:8	true	169	true	false	1784739153552433804	1784739154010387090	1784739154278420910	457.953367	237	182.107929	1048576	1048690		unavailable_no_direct_event	169000000	activation_annotation_initTime		not_on_path_native		not_on_path_native		not_on_path_native		not_on_path_native		not_on_path_native		not_on_path_native		not_on_path_native	50744626		not_on_path_native		not_on_path_native	50793765	complete
c2-native-attempt-v1	native	1048576	16	warm_followup	1	s1048576-g016-warm01	a6954c56c5fa44e6954c56c5fad4e6b2	/guest/c2_native_sleep50_r351_direct_events_s1048576_g016	0.0.1@1784738970696	719bbb8abdb19158c510d3e8ce5aa42fee0396339c21035896879a417b0c0233	374	true	present	not_on_path_native	not_on_path_native	match	complete	true	ok	196987ba95a8	196987ba95a8:8	false		false	true	1784739154278589619	1784739154345933100	1784739154618110503	67.344303	54	182.107929	1048576	1048690		unavailable_no_direct_event		not_repeated_warm		not_on_path_native		not_on_path_native		not_on_path_native		not_on_path_native		not_on_path_native		not_on_path_native		not_on_path_native	50236415		not_on_path_native		not_on_path_native	50254861	complete
c2-native-attempt-v1	native	1048576	16	warm_followup	2	s1048576-g016-warm02	4a4004a7ddfe459f8004a7ddfec59f4a	/guest/c2_native_sleep50_r351_direct_events_s1048576_g016	0.0.1@1784738970696	719bbb8abdb19158c510d3e8ce5aa42fee0396339c21035896879a417b0c0233	375	true	present	not_on_path_native	not_on_path_native	match	complete	true	ok	196987ba95a8	196987ba95a8:8	false		false	true	1784739154618252696	1784739154689291743	1784739154695878489	71.039033	53	182.107929	1048576	1048690		unavailable_no_direct_event		not_repeated_warm		not_on_path_native		not_on_path_native		not_on_path_native		not_on_path_native		not_on_path_native		not_on_path_native		not_on_path_native	49313370		not_on_path_native		not_on_path_native	49338789	complete
c2-native-attempt-v1	native	1048576	16	warm_followup	3	s1048576-g016-warm03	461530ac2d1f4cb99530ac2d1f5cb9c7	/guest/c2_native_sleep50_r351_direct_events_s1048576_g016	0.0.1@1784738970696	719bbb8abdb19158c510d3e8ce5aa42fee0396339c21035896879a417b0c0233	376	true	present	not_on_path_native	not_on_path_native	match	complete	true	ok	196987ba95a8	196987ba95a8:8	false		false	true	1784739154696004396	1784739154762946892	1784739155028568206	66.942725	52	182.107929	1048576	1048690		unavailable_no_direct_event		not_repeated_warm		not_on_path_native		not_on_path_native		not_on_path_native		not_on_path_native		not_on_path_native		not_on_path_native		not_on_path_native	49221388		not_on_path_native		not_on_path_native	49227666	complete
c2-native-attempt-v1	native	1048576	16	warm_followup	4	s1048576-g016-warm04	1cd6b3851c6c488a96b3851c6c988aad	/guest/c2_native_sleep50_r351_direct_events_s1048576_g016	0.0.1@1784738970696	719bbb8abdb19158c510d3e8ce5aa42fee0396339c21035896879a417b0c0233	377	true	present	not_on_path_native	not_on_path_native	match	complete	true	ok	196987ba95a8	196987ba95a8:8	false		false	true	1784739155028709469	1784739155096372597	1784739155102444268	67.663222	53	182.107929	1048576	1048690		unavailable_no_direct_event		not_repeated_warm		not_on_path_native		not_on_path_native		not_on_path_native		not_on_path_native		not_on_path_native		not_on_path_native		not_on_path_native	50212932		not_on_path_native		not_on_path_native	50219085	complete
c2-native-attempt-v1	native	1048576	16	warm_followup	5	s1048576-g016-warm05	2e4032a3cf184e288032a3cf186e2850	/guest/c2_native_sleep50_r351_direct_events_s1048576_g016	0.0.1@1784738970696	719bbb8abdb19158c510d3e8ce5aa42fee0396339c21035896879a417b0c0233	378	true	present	not_on_path_native	not_on_path_native	match	complete	true	ok	196987ba95a8	196987ba95a8:8	false		false	true	1784739155102566194	1784739155176958919	1784739155444766403	74.393084	53	182.107929	1048576	1048690		unavailable_no_direct_event		not_repeated_warm		not_on_path_native		not_on_path_native		not_on_path_native		not_on_path_native		not_on_path_native		not_on_path_native		not_on_path_native	50233539		not_on_path_native		not_on_path_native	50239191	complete
c2-native-attempt-v1	native	4194304	16	fresh_first_use	0	s4194304-g016-fresh	aa17120d6cd54d6a97120d6cd5dd6afd	/guest/c2_native_sleep50_r351_direct_events_s4194304_g016	0.0.1@1784738987798	6cbaaa6cf95903d8aabb7e38b83b32b7e9705d061d9b20ca32f36c6daf64a50d	379	true	present	not_on_path_native	not_on_path_native	match	complete	true	ok	54f0425bb676	54f0425bb676:7	true	422	true	false	1784739155444970099	1784739156066937662	1784739156335250581	621.967764	481	502.962074	4194304	4194418		unavailable_no_direct_event	422000000	activation_annotation_initTime		not_on_path_native		not_on_path_native		not_on_path_native		not_on_path_native		not_on_path_native		not_on_path_native		not_on_path_native	50378336		not_on_path_native		not_on_path_native	50435531	complete
c2-native-attempt-v1	native	4194304	16	warm_followup	1	s4194304-g016-warm01	d00791eb2b8f4e5b8791eb2b8f0e5b99	/guest/c2_native_sleep50_r351_direct_events_s4194304_g016	0.0.1@1784738987798	6cbaaa6cf95903d8aabb7e38b83b32b7e9705d061d9b20ca32f36c6daf64a50d	380	true	present	not_on_path_native	not_on_path_native	match	complete	true	ok	54f0425bb676	54f0425bb676:7	false		false	true	1784739156335467647	1784739156406473440	1784739156675301246	71.005832	53	502.962074	4194304	4194418		unavailable_no_direct_event		not_repeated_warm		not_on_path_native		not_on_path_native		not_on_path_native		not_on_path_native		not_on_path_native		not_on_path_native		not_on_path_native	50244095		not_on_path_native		not_on_path_native	50260353	complete
c2-native-attempt-v1	native	4194304	16	warm_followup	2	s4194304-g016-warm02	94bf7b447c12478bbf7b447c12278b06	/guest/c2_native_sleep50_r351_direct_events_s4194304_g016	0.0.1@1784738987798	6cbaaa6cf95903d8aabb7e38b83b32b7e9705d061d9b20ca32f36c6daf64a50d	381	true	present	not_on_path_native	not_on_path_native	match	complete	true	ok	54f0425bb676	54f0425bb676:7	false		false	true	1784739156675491634	1784739156749985406	1784739157013390697	74.49358	54	502.962074	4194304	4194418		unavailable_no_direct_event		not_repeated_warm		not_on_path_native		not_on_path_native		not_on_path_native		not_on_path_native		not_on_path_native		not_on_path_native		not_on_path_native	50276286		not_on_path_native		not_on_path_native	50300957	complete
c2-native-attempt-v1	native	4194304	16	warm_followup	3	s4194304-g016-warm03	b56432cb98204407a432cb982004079a	/guest/c2_native_sleep50_r351_direct_events_s4194304_g016	0.0.1@1784738987798	6cbaaa6cf95903d8aabb7e38b83b32b7e9705d061d9b20ca32f36c6daf64a50d	382	true	present	not_on_path_native	not_on_path_native	match	complete	true	ok	54f0425bb676	54f0425bb676:7	false		false	true	1784739157013520050	1784739157080685915	1784739157346584304	67.166161	53	502.962074	4194304	4194418		unavailable_no_direct_event		not_repeated_warm		not_on_path_native		not_on_path_native		not_on_path_native		not_on_path_native		not_on_path_native		not_on_path_native		not_on_path_native	50218620		not_on_path_native		not_on_path_native	50226758	complete
c2-native-attempt-v1	native	4194304	16	warm_followup	4	s4194304-g016-warm04	cfcb055f4d0c49708b055f4d0cc970f8	/guest/c2_native_sleep50_r351_direct_events_s4194304_g016	0.0.1@1784738987798	6cbaaa6cf95903d8aabb7e38b83b32b7e9705d061d9b20ca32f36c6daf64a50d	383	true	present	not_on_path_native	not_on_path_native	match	complete	true	ok	54f0425bb676	54f0425bb676:7	false		false	true	1784739157346761619	1784739157419419126	1784739157428874345	72.657723	53	502.962074	4194304	4194418		unavailable_no_direct_event		not_repeated_warm		not_on_path_native		not_on_path_native		not_on_path_native		not_on_path_native		not_on_path_native		not_on_path_native		not_on_path_native	50303946		not_on_path_native		not_on_path_native	50312042	complete
c2-native-attempt-v1	native	4194304	16	warm_followup	5	s4194304-g016-warm05	a6f431adba344102b431adba34f10212	/guest/c2_native_sleep50_r351_direct_events_s4194304_g016	0.0.1@1784738987798	6cbaaa6cf95903d8aabb7e38b83b32b7e9705d061d9b20ca32f36c6daf64a50d	384	true	present	not_on_path_native	not_on_path_native	match	complete	true	ok	54f0425bb676	54f0425bb676:7	false		false	true	1784739157429013114	1784739157494074836	1784739157506079189	65.061876	52	502.962074	4194304	4194418		unavailable_no_direct_event		not_repeated_warm		not_on_path_native		not_on_path_native		not_on_path_native		not_on_path_native		not_on_path_native		not_on_path_native		not_on_path_native	50200216		not_on_path_native		not_on_path_native	50205981	complete
c2-native-attempt-v1	native	65536	17	fresh_first_use	0	s65536-g017-fresh	de926389f91f4cd5926389f91f9cd5a8	/guest/c2_native_sleep50_r351_direct_events_s65536_g017	0.0.1@1784738956978	9276df20b0072afcdc5d21bf4120c970da1396b34899a8d36b214db519993e8a	385	true	present	not_on_path_native	not_on_path_native	match	complete	true	ok	9ac3178a620a	9ac3178a620a:7	true	106	true	false	1784739157506215062	1784739157763847580	1784739158030072901	257.633031	167	75.124609	65536	65650		unavailable_no_direct_event	106000000	activation_annotation_initTime		not_on_path_native		not_on_path_native		not_on_path_native		not_on_path_native		not_on_path_native		not_on_path_native		not_on_path_native	51955862		not_on_path_native		not_on_path_native	52006156	complete
c2-native-attempt-v1	native	65536	17	warm_followup	1	s65536-g017-warm01	7546351d3554453c86351d3554c53cb1	/guest/c2_native_sleep50_r351_direct_events_s65536_g017	0.0.1@1784738956978	9276df20b0072afcdc5d21bf4120c970da1396b34899a8d36b214db519993e8a	386	true	present	not_on_path_native	not_on_path_native	match	complete	true	ok	9ac3178a620a	9ac3178a620a:7	false		false	true	1784739158030235014	1784739158103971144	1784739158368586560	73.736269	54	75.124609	65536	65650		unavailable_no_direct_event		not_repeated_warm		not_on_path_native		not_on_path_native		not_on_path_native		not_on_path_native		not_on_path_native		not_on_path_native		not_on_path_native	50336763		not_on_path_native		not_on_path_native	50355475	complete
c2-native-attempt-v1	native	65536	17	warm_followup	2	s65536-g017-warm02	0de61e64026a4057a61e64026a1057cd	/guest/c2_native_sleep50_r351_direct_events_s65536_g017	0.0.1@1784738956978	9276df20b0072afcdc5d21bf4120c970da1396b34899a8d36b214db519993e8a	387	true	present	not_on_path_native	not_on_path_native	match	complete	true	ok	9ac3178a620a	9ac3178a620a:7	false		false	true	1784739158368748824	1784739158436127759	1784739158700118239	67.379065	53	75.124609	65536	65650		unavailable_no_direct_event		not_repeated_warm		not_on_path_native		not_on_path_native		not_on_path_native		not_on_path_native		not_on_path_native		not_on_path_native		not_on_path_native	50260797		not_on_path_native		not_on_path_native	50280531	complete
c2-native-attempt-v1	native	65536	17	warm_followup	3	s65536-g017-warm03	51857fc36bd849a0857fc36bd8f9a0e4	/guest/c2_native_sleep50_r351_direct_events_s65536_g017	0.0.1@1784738956978	9276df20b0072afcdc5d21bf4120c970da1396b34899a8d36b214db519993e8a	388	true	present	not_on_path_native	not_on_path_native	match	complete	true	ok	9ac3178a620a	9ac3178a620a:7	false		false	true	1784739158700251410	1784739158779784964	1784739158790199791	79.53361	53	75.124609	65536	65650		unavailable_no_direct_event		not_repeated_warm		not_on_path_native		not_on_path_native		not_on_path_native		not_on_path_native		not_on_path_native		not_on_path_native		not_on_path_native	50192949		not_on_path_native		not_on_path_native	50199929	complete
c2-native-attempt-v1	native	65536	17	warm_followup	4	s65536-g017-warm04	eca432762f394105a432762f393105eb	/guest/c2_native_sleep50_r351_direct_events_s65536_g017	0.0.1@1784738956978	9276df20b0072afcdc5d21bf4120c970da1396b34899a8d36b214db519993e8a	389	true	present	not_on_path_native	not_on_path_native	match	complete	true	ok	9ac3178a620a	9ac3178a620a:7	false		false	true	1784739158790332373	1784739158852852075	1784739158861597372	62.519767	52	75.124609	65536	65650		unavailable_no_direct_event		not_repeated_warm		not_on_path_native		not_on_path_native		not_on_path_native		not_on_path_native		not_on_path_native		not_on_path_native		not_on_path_native	50179326		not_on_path_native		not_on_path_native	50184476	complete
c2-native-attempt-v1	native	65536	17	warm_followup	5	s65536-g017-warm05	85fcc14518374292bcc1451837d292fc	/guest/c2_native_sleep50_r351_direct_events_s65536_g017	0.0.1@1784738956978	9276df20b0072afcdc5d21bf4120c970da1396b34899a8d36b214db519993e8a	390	true	present	not_on_path_native	not_on_path_native	match	complete	true	ok	9ac3178a620a	9ac3178a620a:7	false		false	true	1784739158861715712	1784739158929700666	1784739158941305085	67.984951	52	75.124609	65536	65650		unavailable_no_direct_event		not_repeated_warm		not_on_path_native		not_on_path_native		not_on_path_native		not_on_path_native		not_on_path_native		not_on_path_native		not_on_path_native	50162935		not_on_path_native		not_on_path_native	50168073	complete
c2-native-attempt-v1	native	262144	17	fresh_first_use	0	s262144-g017-fresh	c54965cf689a492a8965cf689af92a23	/guest/c2_native_sleep50_r351_direct_events_s262144_g017	0.0.1@1784738962774	e1e7ce3e7485fcfc88eec084aebef059dfc6c29e0881a25cab966b7dd8549e18	391	true	present	not_on_path_native	not_on_path_native	match	complete	true	ok	e95b37af5fd9	e95b37af5fd9:8	true	113	true	false	1784739158941423280	1784739159217988509	1784739159486549562	276.565905	172	74.225255	262144	262258		unavailable_no_direct_event	113000000	activation_annotation_initTime		not_on_path_native		not_on_path_native		not_on_path_native		not_on_path_native		not_on_path_native		not_on_path_native		not_on_path_native	50415773		not_on_path_native		not_on_path_native	50475160	complete
c2-native-attempt-v1	native	262144	17	warm_followup	1	s262144-g017-warm01	32d4b7a118494b2f94b7a118497b2f2f	/guest/c2_native_sleep50_r351_direct_events_s262144_g017	0.0.1@1784738962774	e1e7ce3e7485fcfc88eec084aebef059dfc6c29e0881a25cab966b7dd8549e18	392	true	present	not_on_path_native	not_on_path_native	match	complete	true	ok	e95b37af5fd9	e95b37af5fd9:8	false		false	true	1784739159486687022	1784739159553234596	1784739159818425979	66.547419	54	74.225255	262144	262258		unavailable_no_direct_event		not_repeated_warm		not_on_path_native		not_on_path_native		not_on_path_native		not_on_path_native		not_on_path_native		not_on_path_native		not_on_path_native	50261935		not_on_path_native		not_on_path_native	50278319	complete
c2-native-attempt-v1	native	262144	17	warm_followup	2	s262144-g017-warm02	b44fbd4a93124fc08fbd4a93120fc054	/guest/c2_native_sleep50_r351_direct_events_s262144_g017	0.0.1@1784738962774	e1e7ce3e7485fcfc88eec084aebef059dfc6c29e0881a25cab966b7dd8549e18	393	true	present	not_on_path_native	not_on_path_native	match	complete	true	ok	e95b37af5fd9	e95b37af5fd9:8	false		false	true	1784739159818562945	1784739159883301711	1784739160150179503	64.739025	53	74.225255	262144	262258		unavailable_no_direct_event		not_repeated_warm		not_on_path_native		not_on_path_native		not_on_path_native		not_on_path_native		not_on_path_native		not_on_path_native		not_on_path_native	50251337		not_on_path_native		not_on_path_native	50267194	complete
c2-native-attempt-v1	native	262144	17	warm_followup	3	s262144-g017-warm03	3474662b2058456db4662b2058556dee	/guest/c2_native_sleep50_r351_direct_events_s262144_g017	0.0.1@1784738962774	e1e7ce3e7485fcfc88eec084aebef059dfc6c29e0881a25cab966b7dd8549e18	394	true	present	not_on_path_native	not_on_path_native	match	complete	true	ok	e95b37af5fd9	e95b37af5fd9:8	false		false	true	1784739160150370656	1784739160220271985	1784739160483185968	69.901358	53	74.225255	262144	262258		unavailable_no_direct_event		not_repeated_warm		not_on_path_native		not_on_path_native		not_on_path_native		not_on_path_native		not_on_path_native		not_on_path_native		not_on_path_native	50211121		not_on_path_native		not_on_path_native	50218358	complete
c2-native-attempt-v1	native	262144	17	warm_followup	4	s262144-g017-warm04	2ce7532470254950a75324702599505e	/guest/c2_native_sleep50_r351_direct_events_s262144_g017	0.0.1@1784738962774	e1e7ce3e7485fcfc88eec084aebef059dfc6c29e0881a25cab966b7dd8549e18	395	true	present	not_on_path_native	not_on_path_native	match	complete	true	ok	e95b37af5fd9	e95b37af5fd9:8	false		false	true	1784739160483327475	1784739160546961428	1784739160810805949	63.633861	52	74.225255	262144	262258		unavailable_no_direct_event		not_repeated_warm		not_on_path_native		not_on_path_native		not_on_path_native		not_on_path_native		not_on_path_native		not_on_path_native		not_on_path_native	50187279		not_on_path_native		not_on_path_native	50196327	complete
c2-native-attempt-v1	native	262144	17	warm_followup	5	s262144-g017-warm05	56e21df109f74859a21df109f7585964	/guest/c2_native_sleep50_r351_direct_events_s262144_g017	0.0.1@1784738962774	e1e7ce3e7485fcfc88eec084aebef059dfc6c29e0881a25cab966b7dd8549e18	396	true	present	not_on_path_native	not_on_path_native	match	complete	true	ok	e95b37af5fd9	e95b37af5fd9:8	false		false	true	1784739160810930508	1784739160877577214	1784739161149692787	66.646801	52	74.225255	262144	262258		unavailable_no_direct_event		not_repeated_warm		not_on_path_native		not_on_path_native		not_on_path_native		not_on_path_native		not_on_path_native		not_on_path_native		not_on_path_native	50164180		not_on_path_native		not_on_path_native	50169788	complete
c2-native-attempt-v1	native	1048576	17	fresh_first_use	0	s1048576-g017-fresh	35e6eb782abf484ba6eb782abf784bbc	/guest/c2_native_sleep50_r351_direct_events_s1048576_g017	0.0.1@1784738970994	c270543882e979563a62e9177279259053d0ffa94366c1145f11bba52de50916	397	true	present	not_on_path_native	not_on_path_native	match	complete	true	ok	f5e11212aac3	f5e11212aac3:8	true	189	true	false	1784739161149860317	1784739161489825519	1784739161755682796	339.965898	249	199.793948	1048576	1048690		unavailable_no_direct_event	189000000	activation_annotation_initTime		not_on_path_native		not_on_path_native		not_on_path_native		not_on_path_native		not_on_path_native		not_on_path_native		not_on_path_native	51340471		not_on_path_native		not_on_path_native	51398727	complete
c2-native-attempt-v1	native	1048576	17	warm_followup	1	s1048576-g017-warm01	0fdb1cec7dce4e449b1cec7dce6e44ac	/guest/c2_native_sleep50_r351_direct_events_s1048576_g017	0.0.1@1784738970994	c270543882e979563a62e9177279259053d0ffa94366c1145f11bba52de50916	398	true	present	not_on_path_native	not_on_path_native	match	complete	true	ok	f5e11212aac3	f5e11212aac3:8	false		false	true	1784739161755820050	1784739162324117370	1784739162589958162	568.297511	53	199.793948	1048576	1048690		unavailable_no_direct_event		not_repeated_warm		not_on_path_native		not_on_path_native		not_on_path_native		not_on_path_native		not_on_path_native		not_on_path_native		not_on_path_native	50205199		not_on_path_native		not_on_path_native	50221237	complete
c2-native-attempt-v1	native	1048576	17	warm_followup	2	s1048576-g017-warm02	2616809391ca419296809391ca519277	/guest/c2_native_sleep50_r351_direct_events_s1048576_g017	0.0.1@1784738970994	c270543882e979563a62e9177279259053d0ffa94366c1145f11bba52de50916	399	true	present	not_on_path_native	not_on_path_native	match	complete	true	ok	f5e11212aac3	f5e11212aac3:8	false		false	true	1784739162590097627	1784739162664771119	1784739162671409919	74.673153	54	199.793948	1048576	1048690		unavailable_no_direct_event		not_repeated_warm		not_on_path_native		not_on_path_native		not_on_path_native		not_on_path_native		not_on_path_native		not_on_path_native		not_on_path_native	50343482		not_on_path_native		not_on_path_native	50365033	complete
c2-native-attempt-v1	native	1048576	17	warm_followup	3	s1048576-g017-warm03	b6c0c24beda2488380c24beda2c8830f	/guest/c2_native_sleep50_r351_direct_events_s1048576_g017	0.0.1@1784738970994	c270543882e979563a62e9177279259053d0ffa94366c1145f11bba52de50916	400	true	present	not_on_path_native	not_on_path_native	match	complete	true	ok	f5e11212aac3	f5e11212aac3:8	false		false	true	1784739162671558128	1784739162734773799	1784739163000841160	63.215552	52	199.793948	1048576	1048690		unavailable_no_direct_event		not_repeated_warm		not_on_path_native		not_on_path_native		not_on_path_native		not_on_path_native		not_on_path_native		not_on_path_native		not_on_path_native	50185153		not_on_path_native		not_on_path_native	50189768	complete
c2-native-attempt-v1	native	1048576	17	warm_followup	4	s1048576-g017-warm04	698ee7653e8c4f7e8ee7653e8cff7e8e	/guest/c2_native_sleep50_r351_direct_events_s1048576_g017	0.0.1@1784738970994	c270543882e979563a62e9177279259053d0ffa94366c1145f11bba52de50916	401	true	present	not_on_path_native	not_on_path_native	match	complete	true	ok	f5e11212aac3	f5e11212aac3:8	false		false	true	1784739163001078465	1784739163070739804	1784739163081951647	69.661635	52	199.793948	1048576	1048690		unavailable_no_direct_event		not_repeated_warm		not_on_path_native		not_on_path_native		not_on_path_native		not_on_path_native		not_on_path_native		not_on_path_native		not_on_path_native	50178670		not_on_path_native		not_on_path_native	50183926	complete
c2-native-attempt-v1	native	1048576	17	warm_followup	5	s1048576-g017-warm05	fd8d90d22fe440368d90d22fe4d03678	/guest/c2_native_sleep50_r351_direct_events_s1048576_g017	0.0.1@1784738970994	c270543882e979563a62e9177279259053d0ffa94366c1145f11bba52de50916	402	true	present	not_on_path_native	not_on_path_native	match	complete	true	ok	f5e11212aac3	f5e11212aac3:8	false		false	true	1784739163082073635	1784739163152184087	1784739163414659138	70.11105	59	199.793948	1048576	1048690		unavailable_no_direct_event		not_repeated_warm		not_on_path_native		not_on_path_native		not_on_path_native		not_on_path_native		not_on_path_native		not_on_path_native		not_on_path_native	50279371		not_on_path_native		not_on_path_native	50285427	complete
c2-native-attempt-v1	native	4194304	17	fresh_first_use	0	s4194304-g017-fresh	80468e3053b74cff868e3053b74cfff6	/guest/c2_native_sleep50_r351_direct_events_s4194304_g017	0.0.1@1784738988439	cb88230dbbe0bf840380a4e3dee029eec3f2803c96132344b5a6986ac19d7e2e	403	true	present	not_on_path_native	not_on_path_native	match	complete	true	ok	e0c87de9b5f9	e0c87de9b5f9:8	true	372	true	false	1784739163414791054	1784739164003633597	1784739164268059823	588.843275	435	504.737578	4194304	4194418		unavailable_no_direct_event	372000000	activation_annotation_initTime		not_on_path_native		not_on_path_native		not_on_path_native		not_on_path_native		not_on_path_native		not_on_path_native		not_on_path_native	49869867		not_on_path_native		not_on_path_native	49925550	complete
c2-native-attempt-v1	native	4194304	17	warm_followup	1	s4194304-g017-warm01	440b07b9e93e483e8b07b9e93e283e51	/guest/c2_native_sleep50_r351_direct_events_s4194304_g017	0.0.1@1784738988439	cb88230dbbe0bf840380a4e3dee029eec3f2803c96132344b5a6986ac19d7e2e	404	true	present	not_on_path_native	not_on_path_native	match	complete	true	ok	e0c87de9b5f9	e0c87de9b5f9:8	false		false	true	1784739164268191899	1784739164339721962	1784739164605793541	71.53054	54	504.737578	4194304	4194418		unavailable_no_direct_event		not_repeated_warm		not_on_path_native		not_on_path_native		not_on_path_native		not_on_path_native		not_on_path_native		not_on_path_native		not_on_path_native	50311348		not_on_path_native		not_on_path_native	50329030	complete
c2-native-attempt-v1	native	4194304	17	warm_followup	2	s4194304-g017-warm02	935875c231d946a59875c231d9c6a52b	/guest/c2_native_sleep50_r351_direct_events_s4194304_g017	0.0.1@1784738988439	cb88230dbbe0bf840380a4e3dee029eec3f2803c96132344b5a6986ac19d7e2e	405	true	present	not_on_path_native	not_on_path_native	match	complete	true	ok	e0c87de9b5f9	e0c87de9b5f9:8	false		false	true	1784739164605912175	1784739164671994244	1784739164940966889	66.081977	53	504.737578	4194304	4194418		unavailable_no_direct_event		not_repeated_warm		not_on_path_native		not_on_path_native		not_on_path_native		not_on_path_native		not_on_path_native		not_on_path_native		not_on_path_native	50271504		not_on_path_native		not_on_path_native	50296997	complete
c2-native-attempt-v1	native	4194304	17	warm_followup	3	s4194304-g017-warm03	3e0a7201e93f47588a7201e93f7758e2	/guest/c2_native_sleep50_r351_direct_events_s4194304_g017	0.0.1@1784738988439	cb88230dbbe0bf840380a4e3dee029eec3f2803c96132344b5a6986ac19d7e2e	406	true	present	not_on_path_native	not_on_path_native	match	complete	true	ok	e0c87de9b5f9	e0c87de9b5f9:8	false		false	true	1784739164941095862	1784739165014423416	1784739165278726388	73.328005	54	504.737578	4194304	4194418		unavailable_no_direct_event		not_repeated_warm		not_on_path_native		not_on_path_native		not_on_path_native		not_on_path_native		not_on_path_native		not_on_path_native		not_on_path_native	50348652		not_on_path_native		not_on_path_native	50357613	complete
c2-native-attempt-v1	native	4194304	17	warm_followup	4	s4194304-g017-warm04	8a76adf11f9440f1b6adf11f9420f11a	/guest/c2_native_sleep50_r351_direct_events_s4194304_g017	0.0.1@1784738988439	cb88230dbbe0bf840380a4e3dee029eec3f2803c96132344b5a6986ac19d7e2e	407	true	present	not_on_path_native	not_on_path_native	match	complete	true	ok	e0c87de9b5f9	e0c87de9b5f9:8	false		false	true	1784739165278860448	1784739165345362235	1784739165613173948	66.501852	53	504.737578	4194304	4194418		unavailable_no_direct_event		not_repeated_warm		not_on_path_native		not_on_path_native		not_on_path_native		not_on_path_native		not_on_path_native		not_on_path_native		not_on_path_native	50243218		not_on_path_native		not_on_path_native	50250179	complete
c2-native-attempt-v1	native	4194304	17	warm_followup	5	s4194304-g017-warm05	4430730530744d69b073053074bd69fe	/guest/c2_native_sleep50_r351_direct_events_s4194304_g017	0.0.1@1784738988439	cb88230dbbe0bf840380a4e3dee029eec3f2803c96132344b5a6986ac19d7e2e	408	true	present	not_on_path_native	not_on_path_native	match	complete	true	ok	e0c87de9b5f9	e0c87de9b5f9:8	false		false	true	1784739165613310860	1784739165678657533	1784739165941567031	65.346631	52	504.737578	4194304	4194418		unavailable_no_direct_event		not_repeated_warm		not_on_path_native		not_on_path_native		not_on_path_native		not_on_path_native		not_on_path_native		not_on_path_native		not_on_path_native	49253081		not_on_path_native		not_on_path_native	49260979	complete
c2-native-attempt-v1	native	65536	18	fresh_first_use	0	s65536-g018-fresh	6cf6c95c5b0946efb6c95c5b09c6effc	/guest/c2_native_sleep50_r351_direct_events_s65536_g018	0.0.1@1784738957138	38a990a93a963d15dbb3d68fa8b9518e9bb2b0ce0f152816a3dfd76edcf4fb5b	409	true	present	not_on_path_native	not_on_path_native	match	complete	true	ok	0b65f61f8cd7	0b65f61f8cd7:8	true	65	true	false	1784739165941703605	1784739166278196667	1784739166546668264	336.493634	124	54.313157	65536	65650		unavailable_no_direct_event	65000000	activation_annotation_initTime		not_on_path_native		not_on_path_native		not_on_path_native		not_on_path_native		not_on_path_native		not_on_path_native		not_on_path_native	52958947		not_on_path_native		not_on_path_native	53012124	complete
c2-native-attempt-v1	native	65536	18	warm_followup	1	s65536-g018-warm01	7efea2d0035b4413bea2d0035b9413b9	/guest/c2_native_sleep50_r351_direct_events_s65536_g018	0.0.1@1784738957138	38a990a93a963d15dbb3d68fa8b9518e9bb2b0ce0f152816a3dfd76edcf4fb5b	410	true	present	not_on_path_native	not_on_path_native	match	complete	true	ok	0b65f61f8cd7	0b65f61f8cd7:8	false		false	true	1784739166546813373	1784739166620502321	1784739166626820047	73.689062	53	54.313157	65536	65650		unavailable_no_direct_event		not_repeated_warm		not_on_path_native		not_on_path_native		not_on_path_native		not_on_path_native		not_on_path_native		not_on_path_native		not_on_path_native	50354135		not_on_path_native		not_on_path_native	50372041	complete
c2-native-attempt-v1	native	65536	18	warm_followup	2	s65536-g018-warm02	d72f437a35744becaf437a3574cbecd4	/guest/c2_native_sleep50_r351_direct_events_s65536_g018	0.0.1@1784738957138	38a990a93a963d15dbb3d68fa8b9518e9bb2b0ce0f152816a3dfd76edcf4fb5b	411	true	present	not_on_path_native	not_on_path_native	match	complete	true	ok	0b65f61f8cd7	0b65f61f8cd7:8	false		false	true	1784739166626951993	1784739166690287634	1784739166958144844	63.335697	52	54.313157	65536	65650		unavailable_no_direct_event		not_repeated_warm		not_on_path_native		not_on_path_native		not_on_path_native		not_on_path_native		not_on_path_native		not_on_path_native		not_on_path_native	49255983		not_on_path_native		not_on_path_native	49273876	complete
c2-native-attempt-v1	native	65536	18	warm_followup	3	s65536-g018-warm03	51d63b608d704ba5963b608d70aba5ec	/guest/c2_native_sleep50_r351_direct_events_s65536_g018	0.0.1@1784738957138	38a990a93a963d15dbb3d68fa8b9518e9bb2b0ce0f152816a3dfd76edcf4fb5b	412	true	present	not_on_path_native	not_on_path_native	match	complete	true	ok	0b65f61f8cd7	0b65f61f8cd7:8	false		false	true	1784739166958276226	1784739167025862294	1784739167289176775	67.586533	54	54.313157	65536	65650		unavailable_no_direct_event		not_repeated_warm		not_on_path_native		not_on_path_native		not_on_path_native		not_on_path_native		not_on_path_native		not_on_path_native		not_on_path_native	50378154		not_on_path_native		not_on_path_native	50386801	complete
c2-native-attempt-v1	native	65536	18	warm_followup	4	s65536-g018-warm04	79fbc24ad635431fbbc24ad635e31fb3	/guest/c2_native_sleep50_r351_direct_events_s65536_g018	0.0.1@1784738957138	38a990a93a963d15dbb3d68fa8b9518e9bb2b0ce0f152816a3dfd76edcf4fb5b	413	true	present	not_on_path_native	not_on_path_native	match	complete	true	ok	0b65f61f8cd7	0b65f61f8cd7:8	false		false	true	1784739167289305748	1784739167356466741	1784739167363822667	67.160898	52	54.313157	65536	65650		unavailable_no_direct_event		not_repeated_warm		not_on_path_native		not_on_path_native		not_on_path_native		not_on_path_native		not_on_path_native		not_on_path_native		not_on_path_native	50198916		not_on_path_native		not_on_path_native	50205183	complete
c2-native-attempt-v1	native	65536	18	warm_followup	5	s65536-g018-warm05	59abfc8d69384e5eabfc8d69380e5e8d	/guest/c2_native_sleep50_r351_direct_events_s65536_g018	0.0.1@1784738957138	38a990a93a963d15dbb3d68fa8b9518e9bb2b0ce0f152816a3dfd76edcf4fb5b	414	true	present	not_on_path_native	not_on_path_native	match	complete	true	ok	0b65f61f8cd7	0b65f61f8cd7:8	false		false	true	1784739167363964709	1784739167438734731	1784739167708624762	74.770102	63	54.313157	65536	65650		unavailable_no_direct_event		not_repeated_warm		not_on_path_native		not_on_path_native		not_on_path_native		not_on_path_native		not_on_path_native		not_on_path_native		not_on_path_native	50182551		not_on_path_native		not_on_path_native	50188653	complete
c2-native-attempt-v1	native	262144	18	fresh_first_use	0	s262144-g018-fresh	1d40138980a440cd80138980a440cd24	/guest/c2_native_sleep50_r351_direct_events_s262144_g018	0.0.1@1784738962918	6de9ba44e8e3f6d02677f834949e4fe5cc05313d1b583c2ed9a3168c9a868ec6	415	true	present	not_on_path_native	not_on_path_native	match	complete	true	ok	cc76e2aaf7ec	cc76e2aaf7ec:8	true	208	true	false	1784739167708774521	1784739168192119720	1784739168458145358	483.345808	277	88.396607	262144	262258		unavailable_no_direct_event	208000000	activation_annotation_initTime		not_on_path_native		not_on_path_native		not_on_path_native		not_on_path_native		not_on_path_native		not_on_path_native		not_on_path_native	50659788		not_on_path_native		not_on_path_native	50739712	complete
c2-native-attempt-v1	native	262144	18	warm_followup	1	s262144-g018-warm01	3ed929153a9045679929153a905567d0	/guest/c2_native_sleep50_r351_direct_events_s262144_g018	0.0.1@1784738962918	6de9ba44e8e3f6d02677f834949e4fe5cc05313d1b583c2ed9a3168c9a868ec6	416	true	present	not_on_path_native	not_on_path_native	match	complete	true	ok	cc76e2aaf7ec	cc76e2aaf7ec:8	false		false	true	1784739168458350516	1784739168530476519	1784739168536586507	72.126085	53	88.396607	262144	262258		unavailable_no_direct_event		not_repeated_warm		not_on_path_native		not_on_path_native		not_on_path_native		not_on_path_native		not_on_path_native		not_on_path_native		not_on_path_native	50210055		not_on_path_native		not_on_path_native	50225179	complete
c2-native-attempt-v1	native	262144	18	warm_followup	2	s262144-g018-warm02	b843c1282c2d4ed283c1282c2d9ed29f	/guest/c2_native_sleep50_r351_direct_events_s262144_g018	0.0.1@1784738962918	6de9ba44e8e3f6d02677f834949e4fe5cc05313d1b583c2ed9a3168c9a868ec6	417	true	present	not_on_path_native	not_on_path_native	match	complete	true	ok	cc76e2aaf7ec	cc76e2aaf7ec:8	false		false	true	1784739168536722297	1784739168603488304	1784739168617402390	66.766118	52	88.396607	262144	262258		unavailable_no_direct_event		not_repeated_warm		not_on_path_native		not_on_path_native		not_on_path_native		not_on_path_native		not_on_path_native		not_on_path_native		not_on_path_native	50283863		not_on_path_native		not_on_path_native	50299898	complete
c2-native-attempt-v1	native	262144	18	warm_followup	3	s262144-g018-warm03	224e1065513144988e10655131149831	/guest/c2_native_sleep50_r351_direct_events_s262144_g018	0.0.1@1784738962918	6de9ba44e8e3f6d02677f834949e4fe5cc05313d1b583c2ed9a3168c9a868ec6	418	true	present	not_on_path_native	not_on_path_native	match	complete	true	ok	cc76e2aaf7ec	cc76e2aaf7ec:8	false		false	true	1784739168617564373	1784739168685622025	1784739168951864692	68.057964	52	88.396607	262144	262258		unavailable_no_direct_event		not_repeated_warm		not_on_path_native		not_on_path_native		not_on_path_native		not_on_path_native		not_on_path_native		not_on_path_native		not_on_path_native	50179931		not_on_path_native		not_on_path_native	50185940	complete
c2-native-attempt-v1	native	262144	18	warm_followup	4	s262144-g018-warm04	04e86ce20c684d8ca86ce20c683d8cd0	/guest/c2_native_sleep50_r351_direct_events_s262144_g018	0.0.1@1784738962918	6de9ba44e8e3f6d02677f834949e4fe5cc05313d1b583c2ed9a3168c9a868ec6	419	true	present	not_on_path_native	not_on_path_native	match	complete	true	ok	cc76e2aaf7ec	cc76e2aaf7ec:8	false		false	true	1784739168952060766	1784739169025016882	1784739169031355317	72.955977	53	88.396607	262144	262258		unavailable_no_direct_event		not_repeated_warm		not_on_path_native		not_on_path_native		not_on_path_native		not_on_path_native		not_on_path_native		not_on_path_native		not_on_path_native	49382742		not_on_path_native		not_on_path_native	49390791	complete
c2-native-attempt-v1	native	262144	18	warm_followup	5	s262144-g018-warm05	b3401bebe0ec472f801bebe0ec172f8c	/guest/c2_native_sleep50_r351_direct_events_s262144_g018	0.0.1@1784738962918	6de9ba44e8e3f6d02677f834949e4fe5cc05313d1b583c2ed9a3168c9a868ec6	420	true	present	not_on_path_native	not_on_path_native	match	complete	true	ok	cc76e2aaf7ec	cc76e2aaf7ec:8	false		false	true	1784739169031491446	1784739169101553755	1784739169109612247	70.062449	54	88.396607	262144	262258		unavailable_no_direct_event		not_repeated_warm		not_on_path_native		not_on_path_native		not_on_path_native		not_on_path_native		not_on_path_native		not_on_path_native		not_on_path_native	50226683		not_on_path_native		not_on_path_native	50235261	complete
c2-native-attempt-v1	native	1048576	18	fresh_first_use	0	s1048576-g018-fresh	42562dba33c845df962dba33c845df39	/guest/c2_native_sleep50_r351_direct_events_s1048576_g018	0.0.1@1784738971260	30ca9436380946132a8e3231e87716c8133146d771ea924d2d843383ad014460	421	true	present	not_on_path_native	not_on_path_native	match	complete	true	ok	d578bf9c91ea	d578bf9c91ea:8	true	98	true	false	1784739169109791109	1784739169382725333	1784739169391931519	272.93483	156	187.383406	1048576	1048690		unavailable_no_direct_event	98000000	activation_annotation_initTime		not_on_path_native		not_on_path_native		not_on_path_native		not_on_path_native		not_on_path_native		not_on_path_native		not_on_path_native	50998123		not_on_path_native		not_on_path_native	51050275	complete
c2-native-attempt-v1	native	1048576	18	warm_followup	1	s1048576-g018-warm01	26479db2f88f465b879db2f88f065b7c	/guest/c2_native_sleep50_r351_direct_events_s1048576_g018	0.0.1@1784738971260	30ca9436380946132a8e3231e87716c8133146d771ea924d2d843383ad014460	422	true	present	not_on_path_native	not_on_path_native	match	complete	true	ok	d578bf9c91ea	d578bf9c91ea:8	false		false	true	1784739169392103094	1784739169475731253	1784739169482764848	83.628416	56	187.383406	1048576	1048690		unavailable_no_direct_event		not_repeated_warm		not_on_path_native		not_on_path_native		not_on_path_native		not_on_path_native		not_on_path_native		not_on_path_native		not_on_path_native	50317960		not_on_path_native		not_on_path_native	50342466	complete
c2-native-attempt-v1	native	1048576	18	warm_followup	2	s1048576-g018-warm02	ca7b5a45fefd44e6bb5a45fefdf4e607	/guest/c2_native_sleep50_r351_direct_events_s1048576_g018	0.0.1@1784738971260	30ca9436380946132a8e3231e87716c8133146d771ea924d2d843383ad014460	423	true	present	not_on_path_native	not_on_path_native	match	complete	true	ok	d578bf9c91ea	d578bf9c91ea:8	false		false	true	1784739169482893852	1784739169564729172	1784739169571803834	81.836282	57	187.383406	1048576	1048690		unavailable_no_direct_event		not_repeated_warm		not_on_path_native		not_on_path_native		not_on_path_native		not_on_path_native		not_on_path_native		not_on_path_native		not_on_path_native	50443254		not_on_path_native		not_on_path_native	50478230	complete
c2-native-attempt-v1	native	1048576	18	warm_followup	3	s1048576-g018-warm03	a44ebda43e0a48fa8ebda43e0ac8fa32	/guest/c2_native_sleep50_r351_direct_events_s1048576_g018	0.0.1@1784738971260	30ca9436380946132a8e3231e87716c8133146d771ea924d2d843383ad014460	424	true	present	not_on_path_native	not_on_path_native	match	complete	true	ok	d578bf9c91ea	d578bf9c91ea:8	false		false	true	1784739169571935661	1784739169646488918	1784739169661076842	74.553826	56	187.383406	1048576	1048690		unavailable_no_direct_event		not_repeated_warm		not_on_path_native		not_on_path_native		not_on_path_native		not_on_path_native		not_on_path_native		not_on_path_native		not_on_path_native	50225088		not_on_path_native		not_on_path_native	50235818	complete
c2-native-attempt-v1	native	1048576	18	warm_followup	4	s1048576-g018-warm04	6d74d6d5fa8a4f6bb4d6d5fa8abf6bfb	/guest/c2_native_sleep50_r351_direct_events_s1048576_g018	0.0.1@1784738971260	30ca9436380946132a8e3231e87716c8133146d771ea924d2d843383ad014460	425	true	present	not_on_path_native	not_on_path_native	match	complete	true	ok	d578bf9c91ea	d578bf9c91ea:8	false		false	true	1784739169661208285	1784739169729814032	1784739169739171496	68.605989	54	187.383406	1048576	1048690		unavailable_no_direct_event		not_repeated_warm		not_on_path_native		not_on_path_native		not_on_path_native		not_on_path_native		not_on_path_native		not_on_path_native		not_on_path_native	50250300		not_on_path_native		not_on_path_native	50258329	complete
c2-native-attempt-v1	native	1048576	18	warm_followup	5	s1048576-g018-warm05	11ee3b15b357486cae3b15b357386c48	/guest/c2_native_sleep50_r351_direct_events_s1048576_g018	0.0.1@1784738971260	30ca9436380946132a8e3231e87716c8133146d771ea924d2d843383ad014460	426	true	present	not_on_path_native	not_on_path_native	match	complete	true	ok	d578bf9c91ea	d578bf9c91ea:8	false		false	true	1784739169739311827	1784739169811577316	1784739169821550793	72.26592	55	187.383406	1048576	1048690		unavailable_no_direct_event		not_repeated_warm		not_on_path_native		not_on_path_native		not_on_path_native		not_on_path_native		not_on_path_native		not_on_path_native		not_on_path_native	50230854		not_on_path_native		not_on_path_native	50239240	complete
c2-native-attempt-v1	native	4194304	18	fresh_first_use	0	s4194304-g018-fresh	4779a1b7c2f846f3b9a1b7c2f8d6f314	/guest/c2_native_sleep50_r351_direct_events_s4194304_g018	0.0.1@1784738989097	78ef55fd1ccb3a15f706148396ddde7c3dbc634771fdb7f9e15a2781f86d6e8e	427	true	present	not_on_path_native	not_on_path_native	match	complete	true	ok	f45c6a53a7ac	f45c6a53a7ac:7	true	405	true	false	1784739169821695938	1784739170417079729	1784739170686462434	595.38432	465	502.123582	4194304	4194418		unavailable_no_direct_event	405000000	activation_annotation_initTime		not_on_path_native		not_on_path_native		not_on_path_native		not_on_path_native		not_on_path_native		not_on_path_native		not_on_path_native	53480596		not_on_path_native		not_on_path_native	53537178	complete
c2-native-attempt-v1	native	4194304	18	warm_followup	1	s4194304-g018-warm01	606f8bc58b2e4fb6af8bc58b2ebfb63c	/guest/c2_native_sleep50_r351_direct_events_s4194304_g018	0.0.1@1784738989097	78ef55fd1ccb3a15f706148396ddde7c3dbc634771fdb7f9e15a2781f86d6e8e	428	true	present	not_on_path_native	not_on_path_native	match	complete	true	ok	f45c6a53a7ac	f45c6a53a7ac:7	false		false	true	1784739170686601248	1784739170752312602	1784739171017093098	65.711306	53	502.123582	4194304	4194418		unavailable_no_direct_event		not_repeated_warm		not_on_path_native		not_on_path_native		not_on_path_native		not_on_path_native		not_on_path_native		not_on_path_native		not_on_path_native	50256486		not_on_path_native		not_on_path_native	50271790	complete
c2-native-attempt-v1	native	4194304	18	warm_followup	2	s4194304-g018-warm02	8844e4ad029c4f2c84e4ad029c2f2ccd	/guest/c2_native_sleep50_r351_direct_events_s4194304_g018	0.0.1@1784738989097	78ef55fd1ccb3a15f706148396ddde7c3dbc634771fdb7f9e15a2781f86d6e8e	429	true	present	not_on_path_native	not_on_path_native	match	complete	true	ok	f45c6a53a7ac	f45c6a53a7ac:7	false		false	true	1784739171017251088	1784739171086537149	1784739171350721030	69.286309	55	502.123582	4194304	4194418		unavailable_no_direct_event		not_repeated_warm		not_on_path_native		not_on_path_native		not_on_path_native		not_on_path_native		not_on_path_native		not_on_path_native		not_on_path_native	49239371		not_on_path_native		not_on_path_native	49260817	complete
c2-native-attempt-v1	native	4194304	18	warm_followup	3	s4194304-g018-warm03	7ef2aee1e8024695b2aee1e80246958b	/guest/c2_native_sleep50_r351_direct_events_s4194304_g018	0.0.1@1784738989097	78ef55fd1ccb3a15f706148396ddde7c3dbc634771fdb7f9e15a2781f86d6e8e	430	true	present	not_on_path_native	not_on_path_native	match	complete	true	ok	f45c6a53a7ac	f45c6a53a7ac:7	false		false	true	1784739171350849748	1784739171417468132	1784739171680057438	66.618604	53	502.123582	4194304	4194418		unavailable_no_direct_event		not_repeated_warm		not_on_path_native		not_on_path_native		not_on_path_native		not_on_path_native		not_on_path_native		not_on_path_native		not_on_path_native	50197965		not_on_path_native		not_on_path_native	50203909	complete
c2-native-attempt-v1	native	4194304	18	warm_followup	4	s4194304-g018-warm04	4d8d3644bb5f42df8d3644bb5fc2dfe0	/guest/c2_native_sleep50_r351_direct_events_s4194304_g018	0.0.1@1784738989097	78ef55fd1ccb3a15f706148396ddde7c3dbc634771fdb7f9e15a2781f86d6e8e	431	true	present	not_on_path_native	not_on_path_native	match	complete	true	ok	f45c6a53a7ac	f45c6a53a7ac:7	false		false	true	1784739171680185473	1784739171749298436	1784739172018523357	69.112519	58	502.123582	4194304	4194418		unavailable_no_direct_event		not_repeated_warm		not_on_path_native		not_on_path_native		not_on_path_native		not_on_path_native		not_on_path_native		not_on_path_native		not_on_path_native	50238808		not_on_path_native		not_on_path_native	50246912	complete
c2-native-attempt-v1	native	4194304	18	warm_followup	5	s4194304-g018-warm05	dc75f9d171d94255b5f9d171d9c25585	/guest/c2_native_sleep50_r351_direct_events_s4194304_g018	0.0.1@1784738989097	78ef55fd1ccb3a15f706148396ddde7c3dbc634771fdb7f9e15a2781f86d6e8e	432	true	present	not_on_path_native	not_on_path_native	match	complete	true	ok	f45c6a53a7ac	f45c6a53a7ac:7	false		false	true	1784739172018714636	1784739172090846987	1784739172096203330	72.132285	52	502.123582	4194304	4194418		unavailable_no_direct_event		not_repeated_warm		not_on_path_native		not_on_path_native		not_on_path_native		not_on_path_native		not_on_path_native		not_on_path_native		not_on_path_native	50211075		not_on_path_native		not_on_path_native	50217260	complete
c2-native-attempt-v1	native	65536	19	fresh_first_use	0	s65536-g019-fresh	25a75599457f4255a75599457f9255ec	/guest/c2_native_sleep50_r351_direct_events_s65536_g019	0.0.1@1784738957315	b8b50c4da5857be4caace620c44a6c36f616d322ab5f5cefc3b0a339d585dea6	433	true	present	not_on_path_native	not_on_path_native	match	complete	true	ok	50db7647d896	50db7647d896:8	true	107	true	false	1784739172096334900	1784739172361776686	1784739172629258786	265.442255	168	51.536716	65536	65650		unavailable_no_direct_event	107000000	activation_annotation_initTime		not_on_path_native		not_on_path_native		not_on_path_native		not_on_path_native		not_on_path_native		not_on_path_native		not_on_path_native	50953588		not_on_path_native		not_on_path_native	51497413	complete
c2-native-attempt-v1	native	65536	19	warm_followup	1	s65536-g019-warm01	6a187857d92c4c81987857d92c6c815d	/guest/c2_native_sleep50_r351_direct_events_s65536_g019	0.0.1@1784738957315	b8b50c4da5857be4caace620c44a6c36f616d322ab5f5cefc3b0a339d585dea6	434	true	present	not_on_path_native	not_on_path_native	match	complete	true	ok	50db7647d896	50db7647d896:8	false		false	true	1784739172629395388	1784739172701293758	1784739172964393498	71.898462	59	51.536716	65536	65650		unavailable_no_direct_event		not_repeated_warm		not_on_path_native		not_on_path_native		not_on_path_native		not_on_path_native		not_on_path_native		not_on_path_native		not_on_path_native	50344792		not_on_path_native		not_on_path_native	50362836	complete
c2-native-attempt-v1	native	65536	19	warm_followup	2	s65536-g019-warm02	869e184b2d7e47279e184b2d7ed72780	/guest/c2_native_sleep50_r351_direct_events_s65536_g019	0.0.1@1784738957315	b8b50c4da5857be4caace620c44a6c36f616d322ab5f5cefc3b0a339d585dea6	435	true	present	not_on_path_native	not_on_path_native	match	complete	true	ok	50db7647d896	50db7647d896:8	false		false	true	1784739172964542065	1784739173030550172	1784739173296773751	66.008583	52	51.536716	65536	65650		unavailable_no_direct_event		not_repeated_warm		not_on_path_native		not_on_path_native		not_on_path_native		not_on_path_native		not_on_path_native		not_on_path_native		not_on_path_native	50417439		not_on_path_native		not_on_path_native	50435332	complete
c2-native-attempt-v1	native	65536	19	warm_followup	3	s65536-g019-warm03	ae94a942226c4b6494a942226c3b640c	/guest/c2_native_sleep50_r351_direct_events_s65536_g019	0.0.1@1784738957315	b8b50c4da5857be4caace620c44a6c36f616d322ab5f5cefc3b0a339d585dea6	436	true	present	not_on_path_native	not_on_path_native	match	complete	true	ok	50db7647d896	50db7647d896:8	false		false	true	1784739173296907517	1784739173365078335	1784739173629484605	68.170892	53	51.536716	65536	65650		unavailable_no_direct_event		not_repeated_warm		not_on_path_native		not_on_path_native		not_on_path_native		not_on_path_native		not_on_path_native		not_on_path_native		not_on_path_native	50291093		not_on_path_native		not_on_path_native	50297516	complete
c2-native-attempt-v1	native	65536	19	warm_followup	4	s65536-g019-warm04	825fc4a9af0748bf9fc4a9af0788bf01	/guest/c2_native_sleep50_r351_direct_events_s65536_g019	0.0.1@1784738957315	b8b50c4da5857be4caace620c44a6c36f616d322ab5f5cefc3b0a339d585dea6	437	true	present	not_on_path_native	not_on_path_native	match	complete	true	ok	50db7647d896	50db7647d896:8	false		false	true	1784739173629625148	1784739173695401553	1784739173958037205	65.776431	53	51.536716	65536	65650		unavailable_no_direct_event		not_repeated_warm		not_on_path_native		not_on_path_native		not_on_path_native		not_on_path_native		not_on_path_native		not_on_path_native		not_on_path_native	50218139		not_on_path_native		not_on_path_native	50224075	complete
c2-native-attempt-v1	native	65536	19	warm_followup	5	s65536-g019-warm05	b6d93043c1484b16993043c1482b16ad	/guest/c2_native_sleep50_r351_direct_events_s65536_g019	0.0.1@1784738957315	b8b50c4da5857be4caace620c44a6c36f616d322ab5f5cefc3b0a339d585dea6	438	true	present	not_on_path_native	not_on_path_native	match	complete	true	ok	50db7647d896	50db7647d896:8	false		false	true	1784739173958178831	1784739174023259877	1784739174031376794	65.081296	51	51.536716	65536	65650		unavailable_no_direct_event		not_repeated_warm		not_on_path_native		not_on_path_native		not_on_path_native		not_on_path_native		not_on_path_native		not_on_path_native		not_on_path_native	49295378		not_on_path_native		not_on_path_native	49300606	complete
c2-native-attempt-v1	native	262144	19	fresh_first_use	0	s262144-g019-fresh	96af96529a1a4f0eaf96529a1adf0ef4	/guest/c2_native_sleep50_r351_direct_events_s262144_g019	0.0.1@1784738963047	85ed9fdba5181bed89eda17aac7a770048387f6972007a47ded265a0424fe5da	439	true	present	not_on_path_native	not_on_path_native	match	complete	true	ok	7feb707337f5	7feb707337f5:7	true	158	true	false	1784739174031512036	1784739174481783721	1784739174488135384	450.272172	226	63.970321	262144	262258		unavailable_no_direct_event	158000000	activation_annotation_initTime		not_on_path_native		not_on_path_native		not_on_path_native		not_on_path_native		not_on_path_native		not_on_path_native		not_on_path_native	50817530		not_on_path_native		not_on_path_native	50910199	complete
c2-native-attempt-v1	native	262144	19	warm_followup	1	s262144-g019-warm01	75270cc0fdc84ad9a70cc0fdc8ead9f7	/guest/c2_native_sleep50_r351_direct_events_s262144_g019	0.0.1@1784738963047	85ed9fdba5181bed89eda17aac7a770048387f6972007a47ded265a0424fe5da	440	true	present	not_on_path_native	not_on_path_native	match	complete	true	ok	7feb707337f5	7feb707337f5:7	false		false	true	1784739174488287353	1784739174570858568	1784739174835001773	82.571246	60	63.970321	262144	262258		unavailable_no_direct_event		not_repeated_warm		not_on_path_native		not_on_path_native		not_on_path_native		not_on_path_native		not_on_path_native		not_on_path_native		not_on_path_native	50611067		not_on_path_native		not_on_path_native	50632640	complete
c2-native-attempt-v1	native	262144	19	warm_followup	2	s262144-g019-warm02	c0728ddf3da44472b28ddf3da404723d	/guest/c2_native_sleep50_r351_direct_events_s262144_g019	0.0.1@1784738963047	85ed9fdba5181bed89eda17aac7a770048387f6972007a47ded265a0424fe5da	441	true	present	not_on_path_native	not_on_path_native	match	complete	true	ok	7feb707337f5	7feb707337f5:7	false		false	true	1784739174835125931	1784739174902445215	1784739175166554272	67.319531	53	63.970321	262144	262258		unavailable_no_direct_event		not_repeated_warm		not_on_path_native		not_on_path_native		not_on_path_native		not_on_path_native		not_on_path_native		not_on_path_native		not_on_path_native	50431133		not_on_path_native		not_on_path_native	50449244	complete
c2-native-attempt-v1	native	262144	19	warm_followup	3	s262144-g019-warm03	e06df3ad8f4c49b9adf3ad8f4c99b9f5	/guest/c2_native_sleep50_r351_direct_events_s262144_g019	0.0.1@1784738963047	85ed9fdba5181bed89eda17aac7a770048387f6972007a47ded265a0424fe5da	442	true	present	not_on_path_native	not_on_path_native	match	complete	true	ok	7feb707337f5	7feb707337f5:7	false		false	true	1784739175166678119	1784739175233665000	1784739175496384249	66.986935	53	63.970321	262144	262258		unavailable_no_direct_event		not_repeated_warm		not_on_path_native		not_on_path_native		not_on_path_native		not_on_path_native		not_on_path_native		not_on_path_native		not_on_path_native	50182937		not_on_path_native		not_on_path_native	50188879	complete
c2-native-attempt-v1	native	262144	19	warm_followup	4	s262144-g019-warm04	301264c9074b4b389264c9074b1b38de	/guest/c2_native_sleep50_r351_direct_events_s262144_g019	0.0.1@1784738963047	85ed9fdba5181bed89eda17aac7a770048387f6972007a47ded265a0424fe5da	443	true	present	not_on_path_native	not_on_path_native	match	complete	true	ok	7feb707337f5	7feb707337f5:7	false		false	true	1784739175496505947	1784739175572607996	1784739175578124987	76.102147	56	63.970321	262144	262258		unavailable_no_direct_event		not_repeated_warm		not_on_path_native		not_on_path_native		not_on_path_native		not_on_path_native		not_on_path_native		not_on_path_native		not_on_path_native	50185033		not_on_path_native		not_on_path_native	50189887	complete
c2-native-attempt-v1	native	262144	19	warm_followup	5	s262144-g019-warm05	d80a9adeb0d5412a8a9adeb0d5212a82	/guest/c2_native_sleep50_r351_direct_events_s262144_g019	0.0.1@1784738963047	85ed9fdba5181bed89eda17aac7a770048387f6972007a47ded265a0424fe5da	444	true	present	not_on_path_native	not_on_path_native	match	complete	true	ok	7feb707337f5	7feb707337f5:7	false		false	true	1784739175578263986	1784739175640594877	1784739175916166561	62.331106	52	63.970321	262144	262258		unavailable_no_direct_event		not_repeated_warm		not_on_path_native		not_on_path_native		not_on_path_native		not_on_path_native		not_on_path_native		not_on_path_native		not_on_path_native	50160682		not_on_path_native		not_on_path_native	50165618	complete
c2-native-attempt-v1	native	1048576	19	fresh_first_use	0	s1048576-g019-fresh	e796f2a6ea05426c96f2a6ea05e26c91	/guest/c2_native_sleep50_r351_direct_events_s1048576_g019	0.0.1@1784738971571	47dcac5ed22f617054147903000088335ccff5b850df91af67401117ad5134e3	445	true	present	not_on_path_native	not_on_path_native	match	complete	true	ok	e8c0ca127f04	e8c0ca127f04:7	true	232	true	false	1784739175916304860	1784739176398913447	1784739176405541877	482.608869	297	159.735034	1048576	1048690		unavailable_no_direct_event	232000000	activation_annotation_initTime		not_on_path_native		not_on_path_native		not_on_path_native		not_on_path_native		not_on_path_native		not_on_path_native		not_on_path_native	49773249		not_on_path_native		not_on_path_native	49827155	complete
c2-native-attempt-v1	native	1048576	19	warm_followup	1	s1048576-g019-warm01	3f2ae4e9605a4edbaae4e9605a6edb7e	/guest/c2_native_sleep50_r351_direct_events_s1048576_g019	0.0.1@1784738971571	47dcac5ed22f617054147903000088335ccff5b850df91af67401117ad5134e3	446	true	present	not_on_path_native	not_on_path_native	match	complete	true	ok	e8c0ca127f04	e8c0ca127f04:7	false		false	true	1784739176405673164	1784739176474736088	1784739176736762791	69.063342	56	159.735034	1048576	1048690		unavailable_no_direct_event		not_repeated_warm		not_on_path_native		not_on_path_native		not_on_path_native		not_on_path_native		not_on_path_native		not_on_path_native		not_on_path_native	50220456		not_on_path_native		not_on_path_native	50238456	complete
c2-native-attempt-v1	native	1048576	19	warm_followup	2	s1048576-g019-warm02	121822e3a63a47b69822e3a63ac7b6b7	/guest/c2_native_sleep50_r351_direct_events_s1048576_g019	0.0.1@1784738971571	47dcac5ed22f617054147903000088335ccff5b850df91af67401117ad5134e3	447	true	present	not_on_path_native	not_on_path_native	match	complete	true	ok	e8c0ca127f04	e8c0ca127f04:7	false		false	true	1784739176736890991	1784739176804353309	1784739176811986135	67.462719	54	159.735034	1048576	1048690		unavailable_no_direct_event		not_repeated_warm		not_on_path_native		not_on_path_native		not_on_path_native		not_on_path_native		not_on_path_native		not_on_path_native		not_on_path_native	50277382		not_on_path_native		not_on_path_native	50300179	complete
c2-native-attempt-v1	native	1048576	19	warm_followup	3	s1048576-g019-warm03	3d0311ca62814cb48311ca62810cb4dc	/guest/c2_native_sleep50_r351_direct_events_s1048576_g019	0.0.1@1784738971571	47dcac5ed22f617054147903000088335ccff5b850df91af67401117ad5134e3	448	true	present	not_on_path_native	not_on_path_native	match	complete	true	ok	e8c0ca127f04	e8c0ca127f04:7	false		false	true	1784739176812103861	1784739176881451949	1784739176892692475	69.347926	52	159.735034	1048576	1048690		unavailable_no_direct_event		not_repeated_warm		not_on_path_native		not_on_path_native		not_on_path_native		not_on_path_native		not_on_path_native		not_on_path_native		not_on_path_native	50171647		not_on_path_native		not_on_path_native	50180182	complete
c2-native-attempt-v1	native	1048576	19	warm_followup	4	s1048576-g019-warm04	c712157d50cd478092157d50cda7806d	/guest/c2_native_sleep50_r351_direct_events_s1048576_g019	0.0.1@1784738971571	47dcac5ed22f617054147903000088335ccff5b850df91af67401117ad5134e3	449	true	present	not_on_path_native	not_on_path_native	match	complete	true	ok	e8c0ca127f04	e8c0ca127f04:7	false		false	true	1784739176892810906	1784739176955647872	1784739177219863719	62.836956	52	159.735034	1048576	1048690		unavailable_no_direct_event		not_repeated_warm		not_on_path_native		not_on_path_native		not_on_path_native		not_on_path_native		not_on_path_native		not_on_path_native		not_on_path_native	50243376		not_on_path_native		not_on_path_native	50248809	complete
c2-native-attempt-v1	native	1048576	19	warm_followup	5	s1048576-g019-warm05	4c25d95be0714d2fa5d95be0717d2f31	/guest/c2_native_sleep50_r351_direct_events_s1048576_g019	0.0.1@1784738971571	47dcac5ed22f617054147903000088335ccff5b850df91af67401117ad5134e3	450	true	present	not_on_path_native	not_on_path_native	match	complete	true	ok	e8c0ca127f04	e8c0ca127f04:7	false		false	true	1784739177219993453	1784739177283244280	1784739177549796192	63.25092	52	159.735034	1048576	1048690		unavailable_no_direct_event		not_repeated_warm		not_on_path_native		not_on_path_native		not_on_path_native		not_on_path_native		not_on_path_native		not_on_path_native		not_on_path_native	50149707		not_on_path_native		not_on_path_native	50154824	complete
c2-native-attempt-v1	native	4194304	19	fresh_first_use	0	s4194304-g019-fresh	e7a6121ed8d2408ba6121ed8d2e08ba3	/guest/c2_native_sleep50_r351_direct_events_s4194304_g019	0.0.1@1784738989742	715164a087d6692f48e67ccd7c1cfb327e8fffae051e85388d9db169a973d0d5	451	true	present	not_on_path_native	not_on_path_native	match	complete	true	ok	e851f4b5a4e4	e851f4b5a4e4:8	true	310	true	false	1784739177549919934	1784739178084706627	1784739178349004596	534.787186	370	506.640202	4194304	4194418		unavailable_no_direct_event	310000000	activation_annotation_initTime		not_on_path_native		not_on_path_native		not_on_path_native		not_on_path_native		not_on_path_native		not_on_path_native		not_on_path_native	50791693		not_on_path_native		not_on_path_native	50867765	complete
c2-native-attempt-v1	native	4194304	19	warm_followup	1	s4194304-g019-warm01	cf4e167d081540ef8e167d0815e0efc0	/guest/c2_native_sleep50_r351_direct_events_s4194304_g019	0.0.1@1784738989742	715164a087d6692f48e67ccd7c1cfb327e8fffae051e85388d9db169a973d0d5	452	true	present	not_on_path_native	not_on_path_native	match	complete	true	ok	e851f4b5a4e4	e851f4b5a4e4:8	false		false	true	1784739178349162362	1784739178415243408	1784739178679240416	66.081283	53	506.640202	4194304	4194418		unavailable_no_direct_event		not_repeated_warm		not_on_path_native		not_on_path_native		not_on_path_native		not_on_path_native		not_on_path_native		not_on_path_native		not_on_path_native	50247594		not_on_path_native		not_on_path_native	50261716	complete
c2-native-attempt-v1	native	4194304	19	warm_followup	2	s4194304-g019-warm02	118892b9520045fb8892b9520075fb23	/guest/c2_native_sleep50_r351_direct_events_s4194304_g019	0.0.1@1784738989742	715164a087d6692f48e67ccd7c1cfb327e8fffae051e85388d9db169a973d0d5	453	true	present	not_on_path_native	not_on_path_native	match	complete	true	ok	e851f4b5a4e4	e851f4b5a4e4:8	false		false	true	1784739178679413097	1784739178752075152	1784739179020028226	72.662085	59	506.640202	4194304	4194418		unavailable_no_direct_event		not_repeated_warm		not_on_path_native		not_on_path_native		not_on_path_native		not_on_path_native		not_on_path_native		not_on_path_native		not_on_path_native	50428307		not_on_path_native		not_on_path_native	50452260	complete
c2-native-attempt-v1	native	4194304	19	warm_followup	3	s4194304-g019-warm03	a383806f92e049d983806f92e0d9d9d0	/guest/c2_native_sleep50_r351_direct_events_s4194304_g019	0.0.1@1784738989742	715164a087d6692f48e67ccd7c1cfb327e8fffae051e85388d9db169a973d0d5	454	true	present	not_on_path_native	not_on_path_native	match	complete	true	ok	e851f4b5a4e4	e851f4b5a4e4:8	false		false	true	1784739179020170765	1784739179088785683	1784739179095577891	68.615597	53	506.640202	4194304	4194418		unavailable_no_direct_event		not_repeated_warm		not_on_path_native		not_on_path_native		not_on_path_native		not_on_path_native		not_on_path_native		not_on_path_native		not_on_path_native	50203010		not_on_path_native		not_on_path_native	50210233	complete
c2-native-attempt-v1	native	4194304	19	warm_followup	4	s4194304-g019-warm04	3c4c85cffe9940e58c85cffe99b0e50f	/guest/c2_native_sleep50_r351_direct_events_s4194304_g019	0.0.1@1784738989742	715164a087d6692f48e67ccd7c1cfb327e8fffae051e85388d9db169a973d0d5	455	true	present	not_on_path_native	not_on_path_native	match	complete	true	ok	e851f4b5a4e4	e851f4b5a4e4:8	false		false	true	1784739179095767541	1784739179166290183	1784739179179225526	70.522605	52	506.640202	4194304	4194418		unavailable_no_direct_event		not_repeated_warm		not_on_path_native		not_on_path_native		not_on_path_native		not_on_path_native		not_on_path_native		not_on_path_native		not_on_path_native	50193429		not_on_path_native		not_on_path_native	50199581	complete
c2-native-attempt-v1	native	4194304	19	warm_followup	5	s4194304-g019-warm05	03fdcf16f6b3461cbdcf16f6b3f61c67	/guest/c2_native_sleep50_r351_direct_events_s4194304_g019	0.0.1@1784738989742	715164a087d6692f48e67ccd7c1cfb327e8fffae051e85388d9db169a973d0d5	456	true	present	not_on_path_native	not_on_path_native	match	complete	true	ok	e851f4b5a4e4	e851f4b5a4e4:8	false		false	true	1784739179179417189	1784739179247689838	1784739179254355967	68.272399	52	506.640202	4194304	4194418		unavailable_no_direct_event		not_repeated_warm		not_on_path_native		not_on_path_native		not_on_path_native		not_on_path_native		not_on_path_native		not_on_path_native		not_on_path_native	50158702		not_on_path_native		not_on_path_native	50165166	complete
c2-native-attempt-v1	native	65536	20	fresh_first_use	0	s65536-g020-fresh	8415efd653b34ca595efd653b3fca5c4	/guest/c2_native_sleep50_r351_direct_events_s65536_g020	0.0.1@1784738957458	ec388fe1c7023d1bd3d554392940f49c1a01e97dac5eb0050cf597fa936ca6ba	457	true	present	not_on_path_native	not_on_path_native	match	complete	true	ok	6913095f7a9d	6913095f7a9d:8	true	124	true	false	1784739179254491879	1784739179637430714	1784739179905457572	382.939353	190	62.019358	65536	65650		unavailable_no_direct_event	124000000	activation_annotation_initTime		not_on_path_native		not_on_path_native		not_on_path_native		not_on_path_native		not_on_path_native		not_on_path_native		not_on_path_native	50702849		not_on_path_native		not_on_path_native	50794640	complete
c2-native-attempt-v1	native	65536	20	warm_followup	1	s65536-g020-warm01	fa37c04475cf4bf8b7c04475cf6bf8ee	/guest/c2_native_sleep50_r351_direct_events_s65536_g020	0.0.1@1784738957458	ec388fe1c7023d1bd3d554392940f49c1a01e97dac5eb0050cf597fa936ca6ba	458	true	present	not_on_path_native	not_on_path_native	match	complete	true	ok	6913095f7a9d	6913095f7a9d:8	false		false	true	1784739179905591642	1784739179977055278	1784739180253074527	71.463188	54	62.019358	65536	65650		unavailable_no_direct_event		not_repeated_warm		not_on_path_native		not_on_path_native		not_on_path_native		not_on_path_native		not_on_path_native		not_on_path_native		not_on_path_native	50316832		not_on_path_native		not_on_path_native	50335065	complete
c2-native-attempt-v1	native	65536	20	warm_followup	2	s65536-g020-warm02	bc9387192c5a453f9387192c5ab53f42	/guest/c2_native_sleep50_r351_direct_events_s65536_g020	0.0.1@1784738957458	ec388fe1c7023d1bd3d554392940f49c1a01e97dac5eb0050cf597fa936ca6ba	459	true	present	not_on_path_native	not_on_path_native	match	complete	true	ok	6913095f7a9d	6913095f7a9d:8	false		false	true	1784739180253222903	1784739180326645701	1784739180593024740	73.422253	53	62.019358	65536	65650		unavailable_no_direct_event		not_repeated_warm		not_on_path_native		not_on_path_native		not_on_path_native		not_on_path_native		not_on_path_native		not_on_path_native		not_on_path_native	49344279		not_on_path_native		not_on_path_native	49369373	complete
c2-native-attempt-v1	native	65536	20	warm_followup	3	s65536-g020-warm03	0aabbaee8281404aabbaee8281304a76	/guest/c2_native_sleep50_r351_direct_events_s65536_g020	0.0.1@1784738957458	ec388fe1c7023d1bd3d554392940f49c1a01e97dac5eb0050cf597fa936ca6ba	460	true	present	not_on_path_native	not_on_path_native	match	complete	true	ok	6913095f7a9d	6913095f7a9d:8	false		false	true	1784739180593235003	1784739180663954883	1784739180932776833	70.719804	53	62.019358	65536	65650		unavailable_no_direct_event		not_repeated_warm		not_on_path_native		not_on_path_native		not_on_path_native		not_on_path_native		not_on_path_native		not_on_path_native		not_on_path_native	50237442		not_on_path_native		not_on_path_native	50247024	complete
c2-native-attempt-v1	native	65536	20	warm_followup	4	s65536-g020-warm04	15106ffc62cf45de906ffc62cfa5de33	/guest/c2_native_sleep50_r351_direct_events_s65536_g020	0.0.1@1784738957458	ec388fe1c7023d1bd3d554392940f49c1a01e97dac5eb0050cf597fa936ca6ba	461	true	present	not_on_path_native	not_on_path_native	match	complete	true	ok	6913095f7a9d	6913095f7a9d:8	false		false	true	1784739180932907396	1784739181000302558	1784739181267753936	67.395296	53	62.019358	65536	65650		unavailable_no_direct_event		not_repeated_warm		not_on_path_native		not_on_path_native		not_on_path_native		not_on_path_native		not_on_path_native		not_on_path_native		not_on_path_native	50218616		not_on_path_native		not_on_path_native	50226045	complete
c2-native-attempt-v1	native	65536	20	warm_followup	5	s65536-g020-warm05	5f9780aa6bac42149780aa6bac521411	/guest/c2_native_sleep50_r351_direct_events_s65536_g020	0.0.1@1784738957458	ec388fe1c7023d1bd3d554392940f49c1a01e97dac5eb0050cf597fa936ca6ba	462	true	present	not_on_path_native	not_on_path_native	match	complete	true	ok	6913095f7a9d	6913095f7a9d:8	false		false	true	1784739181267890626	1784739181333663969	1784739181343717549	65.773586	53	62.019358	65536	65650		unavailable_no_direct_event		not_repeated_warm		not_on_path_native		not_on_path_native		not_on_path_native		not_on_path_native		not_on_path_native		not_on_path_native		not_on_path_native	50214219		not_on_path_native		not_on_path_native	50221241	complete
c2-native-attempt-v1	native	262144	20	fresh_first_use	0	s262144-g020-fresh	12810af693cd448b810af693cd348b92	/guest/c2_native_sleep50_r351_direct_events_s262144_g020	0.0.1@1784738963195	a5ffc7898411bedc20020e1020a83bbaae27dda6f046e4c5c6c7de53d6a9d0d0	463	true	present	not_on_path_native	not_on_path_native	match	complete	true	ok	982330fd1e97	982330fd1e97:8	true	154	true	false	1784739181343914232	1784739181672611102	1784739181941997056	328.696906	215	72.979028	262144	262258		unavailable_no_direct_event	154000000	activation_annotation_initTime		not_on_path_native		not_on_path_native		not_on_path_native		not_on_path_native		not_on_path_native		not_on_path_native		not_on_path_native	50683857		not_on_path_native		not_on_path_native	50750911	complete
c2-native-attempt-v1	native	262144	20	warm_followup	1	s262144-g020-warm01	bd67134f70114154a7134f7011715433	/guest/c2_native_sleep50_r351_direct_events_s262144_g020	0.0.1@1784738963195	a5ffc7898411bedc20020e1020a83bbaae27dda6f046e4c5c6c7de53d6a9d0d0	464	true	present	not_on_path_native	not_on_path_native	match	complete	true	ok	982330fd1e97	982330fd1e97:8	false		false	true	1784739181942155425	1784739182014079866	1784739182280838803	71.924449	54	72.979028	262144	262258		unavailable_no_direct_event		not_repeated_warm		not_on_path_native		not_on_path_native		not_on_path_native		not_on_path_native		not_on_path_native		not_on_path_native		not_on_path_native	50573092		not_on_path_native		not_on_path_native	50593598	complete
c2-native-attempt-v1	native	262144	20	warm_followup	2	s262144-g020-warm02	0b8722169f6e41aa8722169f6e31aa7f	/guest/c2_native_sleep50_r351_direct_events_s262144_g020	0.0.1@1784738963195	a5ffc7898411bedc20020e1020a83bbaae27dda6f046e4c5c6c7de53d6a9d0d0	465	true	present	not_on_path_native	not_on_path_native	match	complete	true	ok	982330fd1e97	982330fd1e97:8	false		false	true	1784739182280972968	1784739182345670599	1784739182612475577	64.69789	52	72.979028	262144	262258		unavailable_no_direct_event		not_repeated_warm		not_on_path_native		not_on_path_native		not_on_path_native		not_on_path_native		not_on_path_native		not_on_path_native		not_on_path_native	49327884		not_on_path_native		not_on_path_native	49347644	complete
c2-native-attempt-v1	native	262144	20	warm_followup	3	s262144-g020-warm03	8aa6ace215fc4e6da6ace215fcae6d4f	/guest/c2_native_sleep50_r351_direct_events_s262144_g020	0.0.1@1784738963195	a5ffc7898411bedc20020e1020a83bbaae27dda6f046e4c5c6c7de53d6a9d0d0	466	true	present	not_on_path_native	not_on_path_native	match	complete	true	ok	982330fd1e97	982330fd1e97:8	false		false	true	1784739182612619155	1784739182680206302	1784739182949470867	67.587561	56	72.979028	262144	262258		unavailable_no_direct_event		not_repeated_warm		not_on_path_native		not_on_path_native		not_on_path_native		not_on_path_native		not_on_path_native		not_on_path_native		not_on_path_native	50254559		not_on_path_native		not_on_path_native	50262437	complete
c2-native-attempt-v1	native	262144	20	warm_followup	4	s262144-g020-warm04	f0bc1473cada4c84bc1473cada1c84b6	/guest/c2_native_sleep50_r351_direct_events_s262144_g020	0.0.1@1784738963195	a5ffc7898411bedc20020e1020a83bbaae27dda6f046e4c5c6c7de53d6a9d0d0	467	true	present	not_on_path_native	not_on_path_native	match	complete	true	ok	982330fd1e97	982330fd1e97:8	false		false	true	1784739182949599421	1784739183015744231	1784739183023018832	66.145027	53	72.979028	262144	262258		unavailable_no_direct_event		not_repeated_warm		not_on_path_native		not_on_path_native		not_on_path_native		not_on_path_native		not_on_path_native		not_on_path_native		not_on_path_native	50319364		not_on_path_native		not_on_path_native	50327552	complete
c2-native-attempt-v1	native	262144	20	warm_followup	5	s262144-g020-warm05	3b4f180abcc44cd88f180abcc4dcd8a8	/guest/c2_native_sleep50_r351_direct_events_s262144_g020	0.0.1@1784738963195	a5ffc7898411bedc20020e1020a83bbaae27dda6f046e4c5c6c7de53d6a9d0d0	468	true	present	not_on_path_native	not_on_path_native	match	complete	true	ok	982330fd1e97	982330fd1e97:8	false		false	true	1784739183023204232	1784739183088395534	1784739183352620964	65.191532	52	72.979028	262144	262258		unavailable_no_direct_event		not_repeated_warm		not_on_path_native		not_on_path_native		not_on_path_native		not_on_path_native		not_on_path_native		not_on_path_native		not_on_path_native	50200848		not_on_path_native		not_on_path_native	50210423	complete
c2-native-attempt-v1	native	1048576	20	fresh_first_use	0	s1048576-g020-fresh	8a7458a7f4aa4f8eb458a7f4aa4f8e54	/guest/c2_native_sleep50_r351_direct_events_s1048576_g020	0.0.1@1784738971823	a67812d9ed325a7833edc392710ff880bf193ace4e3911aa3841f13f4c649a50	469	true	present	not_on_path_native	not_on_path_native	match	complete	true	ok	90a51f58aff1	90a51f58aff1:8	true	160	true	false	1784739183352751153	1784739183828608821	1784739184096422691	475.85851	249	165.675826	1048576	1048690		unavailable_no_direct_event	160000000	activation_annotation_initTime		not_on_path_native		not_on_path_native		not_on_path_native		not_on_path_native		not_on_path_native		not_on_path_native		not_on_path_native	58110889		not_on_path_native		not_on_path_native	58167358	complete
c2-native-attempt-v1	native	1048576	20	warm_followup	1	s1048576-g020-warm01	e7a4ba1098e146f2a4ba1098e116f2d6	/guest/c2_native_sleep50_r351_direct_events_s1048576_g020	0.0.1@1784738971823	a67812d9ed325a7833edc392710ff880bf193ace4e3911aa3841f13f4c649a50	470	true	present	not_on_path_native	not_on_path_native	match	complete	true	ok	90a51f58aff1	90a51f58aff1:8	false		false	true	1784739184096630573	1784739184163880558	1784739184432248409	67.250188	54	165.675826	1048576	1048690		unavailable_no_direct_event		not_repeated_warm		not_on_path_native		not_on_path_native		not_on_path_native		not_on_path_native		not_on_path_native		not_on_path_native		not_on_path_native	50242654		not_on_path_native		not_on_path_native	50261200	complete
c2-native-attempt-v1	native	1048576	20	warm_followup	2	s1048576-g020-warm02	66fa7e4c14e942a0ba7e4c14e942a082	/guest/c2_native_sleep50_r351_direct_events_s1048576_g020	0.0.1@1784738971823	a67812d9ed325a7833edc392710ff880bf193ace4e3911aa3841f13f4c649a50	471	true	present	not_on_path_native	not_on_path_native	match	complete	true	ok	90a51f58aff1	90a51f58aff1:8	false		false	true	1784739184432428472	1784739184503043580	1784739184772703433	70.615258	55	165.675826	1048576	1048690		unavailable_no_direct_event		not_repeated_warm		not_on_path_native		not_on_path_native		not_on_path_native		not_on_path_native		not_on_path_native		not_on_path_native		not_on_path_native	50411168		not_on_path_native		not_on_path_native	50438195	complete
c2-native-attempt-v1	native	1048576	20	warm_followup	3	s1048576-g020-warm03	d81c313ecb62479a9c313ecb62e79a25	/guest/c2_native_sleep50_r351_direct_events_s1048576_g020	0.0.1@1784738971823	a67812d9ed325a7833edc392710ff880bf193ace4e3911aa3841f13f4c649a50	472	true	present	not_on_path_native	not_on_path_native	match	complete	true	ok	90a51f58aff1	90a51f58aff1:8	false		false	true	1784739184772872133	1784739184841661624	1784739184851897711	68.789692	53	165.675826	1048576	1048690		unavailable_no_direct_event		not_repeated_warm		not_on_path_native		not_on_path_native		not_on_path_native		not_on_path_native		not_on_path_native		not_on_path_native		not_on_path_native	50209738		not_on_path_native		not_on_path_native	50216789	complete
c2-native-attempt-v1	native	1048576	20	warm_followup	4	s1048576-g020-warm04	de8f36f449ee42a68f36f449ee52a6f7	/guest/c2_native_sleep50_r351_direct_events_s1048576_g020	0.0.1@1784738971823	a67812d9ed325a7833edc392710ff880bf193ace4e3911aa3841f13f4c649a50	473	true	present	not_on_path_native	not_on_path_native	match	complete	true	ok	90a51f58aff1	90a51f58aff1:8	false		false	true	1784739184852090992	1784739184919448142	1784739184926766592	67.357104	53	165.675826	1048576	1048690		unavailable_no_direct_event		not_repeated_warm		not_on_path_native		not_on_path_native		not_on_path_native		not_on_path_native		not_on_path_native		not_on_path_native		not_on_path_native	50212269		not_on_path_native		not_on_path_native	50218986	complete
c2-native-attempt-v1	native	1048576	20	warm_followup	5	s1048576-g020-warm05	2fb6ea67d3464209b6ea67d346220974	/guest/c2_native_sleep50_r351_direct_events_s1048576_g020	0.0.1@1784738971823	a67812d9ed325a7833edc392710ff880bf193ace4e3911aa3841f13f4c649a50	474	true	present	not_on_path_native	not_on_path_native	match	complete	true	ok	90a51f58aff1	90a51f58aff1:8	false		false	true	1784739184926942429	1784739184992122702	1784739185006443606	65.180526	53	165.675826	1048576	1048690		unavailable_no_direct_event		not_repeated_warm		not_on_path_native		not_on_path_native		not_on_path_native		not_on_path_native		not_on_path_native		not_on_path_native		not_on_path_native	50205779		not_on_path_native		not_on_path_native	50213293	complete
c2-native-attempt-v1	native	4194304	20	fresh_first_use	0	s4194304-g020-fresh	c0137b52ab7f4ae5937b52ab7f4ae505	/guest/c2_native_sleep50_r351_direct_events_s4194304_g020	0.0.1@1784738990415	3c86237ae3e1a440962478024c2cdb11ab3280b429f61a06e1b7b25c6a2f717e	475	true	present	not_on_path_native	not_on_path_native	match	complete	true	ok	931182fc4b49	931182fc4b49:8	true	380	true	false	1784739185006630172	1784739185686845153	1784739185953783757	680.215316	439	519.492520	4194304	4194418		unavailable_no_direct_event	380000000	activation_annotation_initTime		not_on_path_native		not_on_path_native		not_on_path_native		not_on_path_native		not_on_path_native		not_on_path_native		not_on_path_native	50431774		not_on_path_native		not_on_path_native	51469342	complete
c2-native-attempt-v1	native	4194304	20	warm_followup	1	s4194304-g020-warm01	ce7440c1fd7e4d6fb440c1fd7ebd6f5d	/guest/c2_native_sleep50_r351_direct_events_s4194304_g020	0.0.1@1784738990415	3c86237ae3e1a440962478024c2cdb11ab3280b429f61a06e1b7b25c6a2f717e	476	true	present	not_on_path_native	not_on_path_native	match	complete	true	ok	931182fc4b49	931182fc4b49:8	false		false	true	1784739185953936238	1784739186020179188	1784739186285365988	66.243088	53	519.492520	4194304	4194418		unavailable_no_direct_event		not_repeated_warm		not_on_path_native		not_on_path_native		not_on_path_native		not_on_path_native		not_on_path_native		not_on_path_native		not_on_path_native	49396153		not_on_path_native		not_on_path_native	49413664	complete
c2-native-attempt-v1	native	4194304	20	warm_followup	2	s4194304-g020-warm02	a7ad8d4e2f324a1bad8d4e2f329a1b19	/guest/c2_native_sleep50_r351_direct_events_s4194304_g020	0.0.1@1784738990415	3c86237ae3e1a440962478024c2cdb11ab3280b429f61a06e1b7b25c6a2f717e	477	true	present	not_on_path_native	not_on_path_native	match	complete	true	ok	931182fc4b49	931182fc4b49:8	false		false	true	1784739186285494523	1784739186353272607	1784739186617168876	67.778013	53	519.492520	4194304	4194418		unavailable_no_direct_event		not_repeated_warm		not_on_path_native		not_on_path_native		not_on_path_native		not_on_path_native		not_on_path_native		not_on_path_native		not_on_path_native	50324173		not_on_path_native		not_on_path_native	50346287	complete
c2-native-attempt-v1	native	4194304	20	warm_followup	3	s4194304-g020-warm03	11f5f1201e354b3cb5f1201e35fb3cbc	/guest/c2_native_sleep50_r351_direct_events_s4194304_g020	0.0.1@1784738990415	3c86237ae3e1a440962478024c2cdb11ab3280b429f61a06e1b7b25c6a2f717e	478	true	present	not_on_path_native	not_on_path_native	match	complete	true	ok	931182fc4b49	931182fc4b49:8	false		false	true	1784739186617298430	1784739186713829391	1784739186977224996	96.531437	52	519.492520	4194304	4194418		unavailable_no_direct_event		not_repeated_warm		not_on_path_native		not_on_path_native		not_on_path_native		not_on_path_native		not_on_path_native		not_on_path_native		not_on_path_native	50252578		not_on_path_native		not_on_path_native	50258479	complete
c2-native-attempt-v1	native	4194304	20	warm_followup	4	s4194304-g020-warm04	99018b3dcbed4668818b3dcbed7668c9	/guest/c2_native_sleep50_r351_direct_events_s4194304_g020	0.0.1@1784738990415	3c86237ae3e1a440962478024c2cdb11ab3280b429f61a06e1b7b25c6a2f717e	479	true	present	not_on_path_native	not_on_path_native	match	complete	true	ok	931182fc4b49	931182fc4b49:8	false		false	true	1784739186977357025	1784739187041774116	1784739187309458827	64.417236	51	519.492520	4194304	4194418		unavailable_no_direct_event		not_repeated_warm		not_on_path_native		not_on_path_native		not_on_path_native		not_on_path_native		not_on_path_native		not_on_path_native		not_on_path_native	49277902		not_on_path_native		not_on_path_native	49283323	complete
c2-native-attempt-v1	native	4194304	20	warm_followup	5	s4194304-g020-warm05	eedbbf950395496f9bbf950395296f95	/guest/c2_native_sleep50_r351_direct_events_s4194304_g020	0.0.1@1784738990415	3c86237ae3e1a440962478024c2cdb11ab3280b429f61a06e1b7b25c6a2f717e	480	true	present	not_on_path_native	not_on_path_native	match	complete	true	ok	931182fc4b49	931182fc4b49:8	false		false	true	1784739187309580948	1784739187373471729	1784739187637573903	63.890994	52	519.492520	4194304	4194418		unavailable_no_direct_event		not_repeated_warm		not_on_path_native		not_on_path_native		not_on_path_native		not_on_path_native		not_on_path_native		not_on_path_native		not_on_path_native	50205745		not_on_path_native		not_on_path_native	50232551	complete
c2-native-attempt-v1	native	65536	21	fresh_first_use	0	s65536-g021-fresh	ad248b2e2e494bafa48b2e2e496bafbc	/guest/c2_native_sleep50_r351_direct_events_s65536_g021	0.0.1@1784738957616	2e91c170c5735b9354787c7b74bc6aa4676b012d1668aca455eb36e4ea491450	481	true	present	not_on_path_native	not_on_path_native	match	complete	true	ok	727750441ec6	727750441ec6:8	true	138	true	false	1784739187637701124	1784739187922226384	1784739188190595252	284.525601	202	64.456962	65536	65650		unavailable_no_direct_event	138000000	activation_annotation_initTime		not_on_path_native		not_on_path_native		not_on_path_native		not_on_path_native		not_on_path_native		not_on_path_native		not_on_path_native	52638476		not_on_path_native		not_on_path_native	52697816	complete
c2-native-attempt-v1	native	65536	21	warm_followup	1	s65536-g021-warm01	5e1acb9fb4c241c09acb9fb4c2b1c0b4	/guest/c2_native_sleep50_r351_direct_events_s65536_g021	0.0.1@1784738957616	2e91c170c5735b9354787c7b74bc6aa4676b012d1668aca455eb36e4ea491450	482	true	present	not_on_path_native	not_on_path_native	match	complete	true	ok	727750441ec6	727750441ec6:8	false		false	true	1784739188190800283	1784739188257433757	1784739188524935575	66.633413	53	64.456962	65536	65650		unavailable_no_direct_event		not_repeated_warm		not_on_path_native		not_on_path_native		not_on_path_native		not_on_path_native		not_on_path_native		not_on_path_native		not_on_path_native	50248085		not_on_path_native		not_on_path_native	50264773	complete
c2-native-attempt-v1	native	65536	21	warm_followup	2	s65536-g021-warm02	62416a02c7104e69816a02c710ce6931	/guest/c2_native_sleep50_r351_direct_events_s65536_g021	0.0.1@1784738957616	2e91c170c5735b9354787c7b74bc6aa4676b012d1668aca455eb36e4ea491450	483	true	present	not_on_path_native	not_on_path_native	match	complete	true	ok	727750441ec6	727750441ec6:8	false		false	true	1784739188525072389	1784739188598713936	1784739188868944566	73.642316	53	64.456962	65536	65650		unavailable_no_direct_event		not_repeated_warm		not_on_path_native		not_on_path_native		not_on_path_native		not_on_path_native		not_on_path_native		not_on_path_native		not_on_path_native	49288717		not_on_path_native		not_on_path_native	49311817	complete
c2-native-attempt-v1	native	65536	21	warm_followup	3	s65536-g021-warm03	3ee8d6bfeed54615a8d6bfeed5e61526	/guest/c2_native_sleep50_r351_direct_events_s65536_g021	0.0.1@1784738957616	2e91c170c5735b9354787c7b74bc6aa4676b012d1668aca455eb36e4ea491450	484	true	present	not_on_path_native	not_on_path_native	match	complete	true	ok	727750441ec6	727750441ec6:8	false		false	true	1784739188869085129	1784739188937036754	1784739188944339145	67.951561	53	64.456962	65536	65650		unavailable_no_direct_event		not_repeated_warm		not_on_path_native		not_on_path_native		not_on_path_native		not_on_path_native		not_on_path_native		not_on_path_native		not_on_path_native	50192938		not_on_path_native		not_on_path_native	50197907	complete
c2-native-attempt-v1	native	65536	21	warm_followup	4	s65536-g021-warm04	acec5fdf917e4a22ac5fdf917e9a221d	/guest/c2_native_sleep50_r351_direct_events_s65536_g021	0.0.1@1784738957616	2e91c170c5735b9354787c7b74bc6aa4676b012d1668aca455eb36e4ea491450	485	true	present	not_on_path_native	not_on_path_native	match	complete	true	ok	727750441ec6	727750441ec6:8	false		false	true	1784739188944520117	1784739189011536155	1784739189019526769	67.016239	52	64.456962	65536	65650		unavailable_no_direct_event		not_repeated_warm		not_on_path_native		not_on_path_native		not_on_path_native		not_on_path_native		not_on_path_native		not_on_path_native		not_on_path_native	50277336		not_on_path_native		not_on_path_native	50286446	complete
c2-native-attempt-v1	native	65536	21	warm_followup	5	s65536-g021-warm05	4d494662b8724420894662b872e42057	/guest/c2_native_sleep50_r351_direct_events_s65536_g021	0.0.1@1784738957616	2e91c170c5735b9354787c7b74bc6aa4676b012d1668aca455eb36e4ea491450	486	true	present	not_on_path_native	not_on_path_native	match	complete	true	ok	727750441ec6	727750441ec6:8	false		false	true	1784739189019691512	1784739189093136866	1784739189102174065	73.445594	52	64.456962	65536	65650		unavailable_no_direct_event		not_repeated_warm		not_on_path_native		not_on_path_native		not_on_path_native		not_on_path_native		not_on_path_native		not_on_path_native		not_on_path_native	50211043		not_on_path_native		not_on_path_native	50217191	complete
c2-native-attempt-v1	native	262144	21	fresh_first_use	0	s262144-g021-fresh	2fae13acc6ff48a0ae13acc6ff08a047	/guest/c2_native_sleep50_r351_direct_events_s262144_g021	0.0.1@1784738963324	efc84a87d2bce7d69b9dc3dbbee86fadf2307d862bf644e5a524bb70aa6ce886	487	true	present	not_on_path_native	not_on_path_native	match	complete	true	ok	90bccc676bdb	90bccc676bdb:8	true	189	true	false	1784739189102350831	1784739189564315288	1784739189829809879	461.964897	252	69.102453	262144	262258		unavailable_no_direct_event	189000000	activation_annotation_initTime		not_on_path_native		not_on_path_native		not_on_path_native		not_on_path_native		not_on_path_native		not_on_path_native		not_on_path_native	53178830		not_on_path_native		not_on_path_native	53241046	complete
c2-native-attempt-v1	native	262144	21	warm_followup	1	s262144-g021-warm01	ce35a50e2c2a43ceb5a50e2c2a13ce8b	/guest/c2_native_sleep50_r351_direct_events_s262144_g021	0.0.1@1784738963324	efc84a87d2bce7d69b9dc3dbbee86fadf2307d862bf644e5a524bb70aa6ce886	488	true	present	not_on_path_native	not_on_path_native	match	complete	true	ok	90bccc676bdb	90bccc676bdb:8	false		false	true	1784739189829958666	1784739189895061120	1784739190161745935	65.102389	53	69.102453	262144	262258		unavailable_no_direct_event		not_repeated_warm		not_on_path_native		not_on_path_native		not_on_path_native		not_on_path_native		not_on_path_native		not_on_path_native		not_on_path_native	50259394		not_on_path_native		not_on_path_native	50275449	complete
c2-native-attempt-v1	native	262144	21	warm_followup	2	s262144-g021-warm02	90b26fbb54eb4cafb26fbb54eb8caff0	/guest/c2_native_sleep50_r351_direct_events_s262144_g021	0.0.1@1784738963324	efc84a87d2bce7d69b9dc3dbbee86fadf2307d862bf644e5a524bb70aa6ce886	489	true	present	not_on_path_native	not_on_path_native	match	complete	true	ok	90bccc676bdb	90bccc676bdb:8	false		false	true	1784739190161879965	1784739190229377460	1784739190492925627	67.497497	56	69.102453	262144	262258		unavailable_no_direct_event		not_repeated_warm		not_on_path_native		not_on_path_native		not_on_path_native		not_on_path_native		not_on_path_native		not_on_path_native		not_on_path_native	50309742		not_on_path_native		not_on_path_native	50329902	complete
c2-native-attempt-v1	native	262144	21	warm_followup	3	s262144-g021-warm03	94fb2a7a467a4100bb2a7a467a010065	/guest/c2_native_sleep50_r351_direct_events_s262144_g021	0.0.1@1784738963324	efc84a87d2bce7d69b9dc3dbbee86fadf2307d862bf644e5a524bb70aa6ce886	490	true	present	not_on_path_native	not_on_path_native	match	complete	true	ok	90bccc676bdb	90bccc676bdb:8	false		false	true	1784739190493052354	1784739190558083529	1784739190821910937	65.031188	53	69.102453	262144	262258		unavailable_no_direct_event		not_repeated_warm		not_on_path_native		not_on_path_native		not_on_path_native		not_on_path_native		not_on_path_native		not_on_path_native		not_on_path_native	50193999		not_on_path_native		not_on_path_native	50199598	complete
c2-native-attempt-v1	native	262144	21	warm_followup	4	s262144-g021-warm04	3a642d35d3994048a42d35d399004871	/guest/c2_native_sleep50_r351_direct_events_s262144_g021	0.0.1@1784738963324	efc84a87d2bce7d69b9dc3dbbee86fadf2307d862bf644e5a524bb70aa6ce886	491	true	present	not_on_path_native	not_on_path_native	match	complete	true	ok	90bccc676bdb	90bccc676bdb:8	false		false	true	1784739190822103153	1784739190895012434	1784739190903062710	72.909329	52	69.102453	262144	262258		unavailable_no_direct_event		not_repeated_warm		not_on_path_native		not_on_path_native		not_on_path_native		not_on_path_native		not_on_path_native		not_on_path_native		not_on_path_native	50188659		not_on_path_native		not_on_path_native	50197126	complete
c2-native-attempt-v1	native	262144	21	warm_followup	5	s262144-g021-warm05	6f9576c1439048629576c14390f86226	/guest/c2_native_sleep50_r351_direct_events_s262144_g021	0.0.1@1784738963324	efc84a87d2bce7d69b9dc3dbbee86fadf2307d862bf644e5a524bb70aa6ce886	492	true	present	not_on_path_native	not_on_path_native	match	complete	true	ok	90bccc676bdb	90bccc676bdb:8	false		false	true	1784739190903182239	1784739190965518695	1784739191232881805	62.336656	53	69.102453	262144	262258		unavailable_no_direct_event		not_repeated_warm		not_on_path_native		not_on_path_native		not_on_path_native		not_on_path_native		not_on_path_native		not_on_path_native		not_on_path_native	50154222		not_on_path_native		not_on_path_native	50158953	complete
c2-native-attempt-v1	native	1048576	21	fresh_first_use	0	s1048576-g021-fresh	4598cac8dfcb465a98cac8dfcbc65aa0	/guest/c2_native_sleep50_r351_direct_events_s1048576_g021	0.0.1@1784738972165	dbfc68bbfab091f50ea0da340775b5baf4e98d4088f4449e1469c23ec28cad3c	493	true	present	not_on_path_native	not_on_path_native	match	complete	true	ok	96ffba73e9fd	96ffba73e9fd:8	true	291	true	false	1784739191233039248	1784739191711275823	1784739191974085090	478.237116	354	252.177540	1048576	1048690		unavailable_no_direct_event	291000000	activation_annotation_initTime		not_on_path_native		not_on_path_native		not_on_path_native		not_on_path_native		not_on_path_native		not_on_path_native		not_on_path_native	50692800		not_on_path_native		not_on_path_native	50751049	complete
c2-native-attempt-v1	native	1048576	21	warm_followup	1	s1048576-g021-warm01	e5cf65880ea945ab8f65880ea915ab9a	/guest/c2_native_sleep50_r351_direct_events_s1048576_g021	0.0.1@1784738972165	dbfc68bbfab091f50ea0da340775b5baf4e98d4088f4449e1469c23ec28cad3c	494	true	present	not_on_path_native	not_on_path_native	match	complete	true	ok	96ffba73e9fd	96ffba73e9fd:8	false		false	true	1784739191974210814	1784739192039345816	1784739192310525334	65.135163	53	252.177540	1048576	1048690		unavailable_no_direct_event		not_repeated_warm		not_on_path_native		not_on_path_native		not_on_path_native		not_on_path_native		not_on_path_native		not_on_path_native		not_on_path_native	50332641		not_on_path_native		not_on_path_native	50349854	complete
c2-native-attempt-v1	native	1048576	21	warm_followup	2	s1048576-g021-warm02	14f14f01c4dd4d77b14f01c4dd4d7704	/guest/c2_native_sleep50_r351_direct_events_s1048576_g021	0.0.1@1784738972165	dbfc68bbfab091f50ea0da340775b5baf4e98d4088f4449e1469c23ec28cad3c	495	true	present	not_on_path_native	not_on_path_native	match	complete	true	ok	96ffba73e9fd	96ffba73e9fd:8	false		false	true	1784739192310665093	1784739192376970332	1784739192645628036	66.305149	55	252.177540	1048576	1048690		unavailable_no_direct_event		not_repeated_warm		not_on_path_native		not_on_path_native		not_on_path_native		not_on_path_native		not_on_path_native		not_on_path_native		not_on_path_native	50288060		not_on_path_native		not_on_path_native	50305780	complete
c2-native-attempt-v1	native	1048576	21	warm_followup	3	s1048576-g021-warm03	bf075f5afbb0442d875f5afbb0942d17	/guest/c2_native_sleep50_r351_direct_events_s1048576_g021	0.0.1@1784738972165	dbfc68bbfab091f50ea0da340775b5baf4e98d4088f4449e1469c23ec28cad3c	496	true	present	not_on_path_native	not_on_path_native	match	complete	true	ok	96ffba73e9fd	96ffba73e9fd:8	false		false	true	1784739192645787972	1784739192713866090	1784739192976397471	68.078281	53	252.177540	1048576	1048690		unavailable_no_direct_event		not_repeated_warm		not_on_path_native		not_on_path_native		not_on_path_native		not_on_path_native		not_on_path_native		not_on_path_native		not_on_path_native	50205489		not_on_path_native		not_on_path_native	50211420	complete
c2-native-attempt-v1	native	1048576	21	warm_followup	4	s1048576-g021-warm04	c7f0a3b66db94c89b0a3b66db9bc890f	/guest/c2_native_sleep50_r351_direct_events_s1048576_g021	0.0.1@1784738972165	dbfc68bbfab091f50ea0da340775b5baf4e98d4088f4449e1469c23ec28cad3c	497	true	present	not_on_path_native	not_on_path_native	match	complete	true	ok	96ffba73e9fd	96ffba73e9fd:8	false		false	true	1784739192976533586	1784739193040041365	1784739193303013856	63.508045	53	252.177540	1048576	1048690		unavailable_no_direct_event		not_repeated_warm		not_on_path_native		not_on_path_native		not_on_path_native		not_on_path_native		not_on_path_native		not_on_path_native		not_on_path_native	50331583		not_on_path_native		not_on_path_native	50340448	complete
c2-native-attempt-v1	native	1048576	21	warm_followup	5	s1048576-g021-warm05	0b0344d5a9d844208344d5a9d854207e	/guest/c2_native_sleep50_r351_direct_events_s1048576_g021	0.0.1@1784738972165	dbfc68bbfab091f50ea0da340775b5baf4e98d4088f4449e1469c23ec28cad3c	498	true	present	not_on_path_native	not_on_path_native	match	complete	true	ok	96ffba73e9fd	96ffba73e9fd:8	false		false	true	1784739193303144063	1784739193370745307	1784739193636382551	67.601367	55	252.177540	1048576	1048690		unavailable_no_direct_event		not_repeated_warm		not_on_path_native		not_on_path_native		not_on_path_native		not_on_path_native		not_on_path_native		not_on_path_native		not_on_path_native	49235564		not_on_path_native		not_on_path_native	49242916	complete
c2-native-attempt-v1	native	4194304	21	fresh_first_use	0	s4194304-g021-fresh	f7098419c87c4312898419c87cd31288	/guest/c2_native_sleep50_r351_direct_events_s4194304_g021	0.0.1@1784738991151	4e55f859445a7615ecb9b7001e1c6fa2bcfd988b2f97a24fbfe2160d94156e1e	499	true	present	not_on_path_native	not_on_path_native	match	complete	true	ok	49e03e9c348e	49e03e9c348e:8	true	352	true	false	1784739193636530122	1784739194219308152	1784739194226931784	582.778691	422	582.278499	4194304	4194418		unavailable_no_direct_event	352000000	activation_annotation_initTime		not_on_path_native		not_on_path_native		not_on_path_native		not_on_path_native		not_on_path_native		not_on_path_native		not_on_path_native	50674158		not_on_path_native		not_on_path_native	50727730	complete
c2-native-attempt-v1	native	4194304	21	warm_followup	1	s4194304-g021-warm01	e52f1f2262984dd6af1f2262986dd67b	/guest/c2_native_sleep50_r351_direct_events_s4194304_g021	0.0.1@1784738991151	4e55f859445a7615ecb9b7001e1c6fa2bcfd988b2f97a24fbfe2160d94156e1e	500	true	present	not_on_path_native	not_on_path_native	match	complete	true	ok	49e03e9c348e	49e03e9c348e:8	false		false	true	1784739194227068020	1784739194292329540	1784739194559121300	65.261992	53	582.278499	4194304	4194418		unavailable_no_direct_event		not_repeated_warm		not_on_path_native		not_on_path_native		not_on_path_native		not_on_path_native		not_on_path_native		not_on_path_native		not_on_path_native	50312235		not_on_path_native		not_on_path_native	50330739	complete
c2-native-attempt-v1	native	4194304	21	warm_followup	2	s4194304-g021-warm02	1f05a0021f9e4f2285a0021f9e4f22f7	/guest/c2_native_sleep50_r351_direct_events_s4194304_g021	0.0.1@1784738991151	4e55f859445a7615ecb9b7001e1c6fa2bcfd988b2f97a24fbfe2160d94156e1e	501	true	present	not_on_path_native	not_on_path_native	match	complete	true	ok	49e03e9c348e	49e03e9c348e:8	false		false	true	1784739194559324893	1784739194627955735	1784739194638013977	68.630776	53	582.278499	4194304	4194418		unavailable_no_direct_event		not_repeated_warm		not_on_path_native		not_on_path_native		not_on_path_native		not_on_path_native		not_on_path_native		not_on_path_native		not_on_path_native	50259541		not_on_path_native		not_on_path_native	50276786	complete
c2-native-attempt-v1	native	4194304	21	warm_followup	3	s4194304-g021-warm03	162b07f57e4e44d9ab07f57e4ed4d97d	/guest/c2_native_sleep50_r351_direct_events_s4194304_g021	0.0.1@1784738991151	4e55f859445a7615ecb9b7001e1c6fa2bcfd988b2f97a24fbfe2160d94156e1e	502	true	present	not_on_path_native	not_on_path_native	match	complete	true	ok	49e03e9c348e	49e03e9c348e:8	false		false	true	1784739194638181043	1784739194708513965	1784739194717734982	70.332858	53	582.278499	4194304	4194418		unavailable_no_direct_event		not_repeated_warm		not_on_path_native		not_on_path_native		not_on_path_native		not_on_path_native		not_on_path_native		not_on_path_native		not_on_path_native	50187255		not_on_path_native		not_on_path_native	50194611	complete
c2-native-attempt-v1	native	4194304	21	warm_followup	4	s4194304-g021-warm04	1a97747e5d17442997747e5d17c42987	/guest/c2_native_sleep50_r351_direct_events_s4194304_g021	0.0.1@1784738991151	4e55f859445a7615ecb9b7001e1c6fa2bcfd988b2f97a24fbfe2160d94156e1e	503	true	present	not_on_path_native	not_on_path_native	match	complete	true	ok	49e03e9c348e	49e03e9c348e:8	false		false	true	1784739194717943877	1784739194788768268	1784739194795343546	70.8246	52	582.278499	4194304	4194418		unavailable_no_direct_event		not_repeated_warm		not_on_path_native		not_on_path_native		not_on_path_native		not_on_path_native		not_on_path_native		not_on_path_native		not_on_path_native	50209488		not_on_path_native		not_on_path_native	50215877	complete
c2-native-attempt-v1	native	4194304	21	warm_followup	5	s4194304-g021-warm05	e616ab3fce8f457896ab3fce8fb57883	/guest/c2_native_sleep50_r351_direct_events_s4194304_g021	0.0.1@1784738991151	4e55f859445a7615ecb9b7001e1c6fa2bcfd988b2f97a24fbfe2160d94156e1e	504	true	present	not_on_path_native	not_on_path_native	match	complete	true	ok	49e03e9c348e	49e03e9c348e:8	false		false	true	1784739194795540784	1784739194863788960	1784739195128780311	68.254325	53	582.278499	4194304	4194418		unavailable_no_direct_event		not_repeated_warm		not_on_path_native		not_on_path_native		not_on_path_native		not_on_path_native		not_on_path_native		not_on_path_native		not_on_path_native	50195680		not_on_path_native		not_on_path_native	50202532	complete
c2-native-attempt-v1	native	65536	22	fresh_first_use	0	s65536-g022-fresh	4f77f2875ecc4db2b7f2875ecc5db240	/guest/c2_native_sleep50_r351_direct_events_s65536_g022	0.0.1@1784738957763	35fc321ac3990e695679c2517ca0755ed3cc84d06db9e626cbc65c843f0ed5d9	505	true	present	not_on_path_native	not_on_path_native	match	complete	true	ok	afa62e41253a	afa62e41253a:9	true	116	true	false	1784739195128918443	1784739195384229862	1784739195647774146	255.31194	174	76.492839	65536	65650		unavailable_no_direct_event	116000000	activation_annotation_initTime		not_on_path_native		not_on_path_native		not_on_path_native		not_on_path_native		not_on_path_native		not_on_path_native		not_on_path_native	50736099		not_on_path_native		not_on_path_native	50802320	complete
c2-native-attempt-v1	native	65536	22	warm_followup	1	s65536-g022-warm01	b977ae558809427eb7ae558809527eb2	/guest/c2_native_sleep50_r351_direct_events_s65536_g022	0.0.1@1784738957763	35fc321ac3990e695679c2517ca0755ed3cc84d06db9e626cbc65c843f0ed5d9	506	true	present	not_on_path_native	not_on_path_native	match	complete	true	ok	afa62e41253a	afa62e41253a:9	false		false	true	1784739195647927834	1784739195715713295	1784739195978692436	67.785163	53	76.492839	65536	65650		unavailable_no_direct_event		not_repeated_warm		not_on_path_native		not_on_path_native		not_on_path_native		not_on_path_native		not_on_path_native		not_on_path_native		not_on_path_native	50295522		not_on_path_native		not_on_path_native	50313741	complete
c2-native-attempt-v1	native	65536	22	warm_followup	2	s65536-g022-warm02	ddb9b7c5acbf4a3bb9b7c5acbfaa3b76	/guest/c2_native_sleep50_r351_direct_events_s65536_g022	0.0.1@1784738957763	35fc321ac3990e695679c2517ca0755ed3cc84d06db9e626cbc65c843f0ed5d9	507	true	present	not_on_path_native	not_on_path_native	match	complete	true	ok	afa62e41253a	afa62e41253a:9	false		false	true	1784739195978830011	1784739196051629908	1784739196059168914	72.800118	51	76.492839	65536	65650		unavailable_no_direct_event		not_repeated_warm		not_on_path_native		not_on_path_native		not_on_path_native		not_on_path_native		not_on_path_native		not_on_path_native		not_on_path_native	49361517		not_on_path_native		not_on_path_native	49377612	complete
c2-native-attempt-v1	native	65536	22	warm_followup	3	s65536-g022-warm03	b40b721790b0464d8b721790b0b64d4e	/guest/c2_native_sleep50_r351_direct_events_s65536_g022	0.0.1@1784738957763	35fc321ac3990e695679c2517ca0755ed3cc84d06db9e626cbc65c843f0ed5d9	508	true	present	not_on_path_native	not_on_path_native	match	complete	true	ok	afa62e41253a	afa62e41253a:9	false		false	true	1784739196059293827	1784739196130664500	1784739196137242866	71.370806	53	76.492839	65536	65650		unavailable_no_direct_event		not_repeated_warm		not_on_path_native		not_on_path_native		not_on_path_native		not_on_path_native		not_on_path_native		not_on_path_native		not_on_path_native	50182197		not_on_path_native		not_on_path_native	50186879	complete
c2-native-attempt-v1	native	65536	22	warm_followup	4	s65536-g022-warm04	39eed7c3947e47cdaed7c3947ed7cd79	/guest/c2_native_sleep50_r351_direct_events_s65536_g022	0.0.1@1784738957763	35fc321ac3990e695679c2517ca0755ed3cc84d06db9e626cbc65c843f0ed5d9	509	true	present	not_on_path_native	not_on_path_native	match	complete	true	ok	afa62e41253a	afa62e41253a:9	false		false	true	1784739196137351313	1784739196199898808	1784739196466193741	62.547559	52	76.492839	65536	65650		unavailable_no_direct_event		not_repeated_warm		not_on_path_native		not_on_path_native		not_on_path_native		not_on_path_native		not_on_path_native		not_on_path_native		not_on_path_native	50179851		not_on_path_native		not_on_path_native	50184657	complete
c2-native-attempt-v1	native	65536	22	warm_followup	5	s65536-g022-warm05	56c87680a5bf4008887680a5bf800886	/guest/c2_native_sleep50_r351_direct_events_s65536_g022	0.0.1@1784738957763	35fc321ac3990e695679c2517ca0755ed3cc84d06db9e626cbc65c843f0ed5d9	510	true	present	not_on_path_native	not_on_path_native	match	complete	true	ok	afa62e41253a	afa62e41253a:9	false		false	true	1784739196466323403	1784739196532900075	1784739196801883562	66.576741	53	76.492839	65536	65650		unavailable_no_direct_event		not_repeated_warm		not_on_path_native		not_on_path_native		not_on_path_native		not_on_path_native		not_on_path_native		not_on_path_native		not_on_path_native	50209156		not_on_path_native		not_on_path_native	50215494	complete
c2-native-attempt-v1	native	262144	22	fresh_first_use	0	s262144-g022-fresh	36d444cdef3e46fd9444cdef3ef6fdd5	/guest/c2_native_sleep50_r351_direct_events_s262144_g022	0.0.1@1784738963486	d45b005b957f103656ad2dbacfe7046360a00c207a98b36a3db255a93afb02d2	511	true	present	not_on_path_native	not_on_path_native	match	complete	true	ok	1d6306dba3de	1d6306dba3de:9	true	90	true	false	1784739196802014093	1784739197670822525	1784739197936940935	868.809076	153	68.111622	262144	262258		unavailable_no_direct_event	90000000	activation_annotation_initTime		not_on_path_native		not_on_path_native		not_on_path_native		not_on_path_native		not_on_path_native		not_on_path_native		not_on_path_native	52384943		not_on_path_native		not_on_path_native	52439910	complete
c2-native-attempt-v1	native	262144	22	warm_followup	1	s262144-g022-warm01	f420abf422a14680a0abf422a1568001	/guest/c2_native_sleep50_r351_direct_events_s262144_g022	0.0.1@1784738963486	d45b005b957f103656ad2dbacfe7046360a00c207a98b36a3db255a93afb02d2	512	true	present	not_on_path_native	not_on_path_native	match	complete	true	ok	1d6306dba3de	1d6306dba3de:9	false		false	true	1784739197937081586	1784739198019061809	1784739198028177789	81.980876	56	68.111622	262144	262258		unavailable_no_direct_event		not_repeated_warm		not_on_path_native		not_on_path_native		not_on_path_native		not_on_path_native		not_on_path_native		not_on_path_native		not_on_path_native	49371782		not_on_path_native		not_on_path_native	49392499	complete
c2-native-attempt-v1	native	262144	22	warm_followup	2	s262144-g022-warm02	5296b3e62ebc4dc896b3e62ebc5dc8c1	/guest/c2_native_sleep50_r351_direct_events_s262144_g022	0.0.1@1784738963486	d45b005b957f103656ad2dbacfe7046360a00c207a98b36a3db255a93afb02d2	513	true	present	not_on_path_native	not_on_path_native	match	complete	true	ok	1d6306dba3de	1d6306dba3de:9	false		false	true	1784739198028309601	1784739198093445081	1784739198357231005	65.135675	52	68.111622	262144	262258		unavailable_no_direct_event		not_repeated_warm		not_on_path_native		not_on_path_native		not_on_path_native		not_on_path_native		not_on_path_native		not_on_path_native		not_on_path_native	50248901		not_on_path_native		not_on_path_native	50262928	complete
c2-native-attempt-v1	native	262144	22	warm_followup	3	s262144-g022-warm03	01e88de9e3c04a94a88de9e3c03a9460	/guest/c2_native_sleep50_r351_direct_events_s262144_g022	0.0.1@1784738963486	d45b005b957f103656ad2dbacfe7046360a00c207a98b36a3db255a93afb02d2	514	true	present	not_on_path_native	not_on_path_native	match	complete	true	ok	1d6306dba3de	1d6306dba3de:9	false		false	true	1784739198357414016	1784739198428980723	1784739198694563238	71.566526	52	68.111622	262144	262258		unavailable_no_direct_event		not_repeated_warm		not_on_path_native		not_on_path_native		not_on_path_native		not_on_path_native		not_on_path_native		not_on_path_native		not_on_path_native	50247155		not_on_path_native		not_on_path_native	50256121	complete
c2-native-attempt-v1	native	262144	22	warm_followup	4	s262144-g022-warm04	f6ac5209c1b347e9ac5209c1b337e953	/guest/c2_native_sleep50_r351_direct_events_s262144_g022	0.0.1@1784738963486	d45b005b957f103656ad2dbacfe7046360a00c207a98b36a3db255a93afb02d2	515	true	present	not_on_path_native	not_on_path_native	match	complete	true	ok	1d6306dba3de	1d6306dba3de:9	false		false	true	1784739198694690641	1784739198763280600	1784739199030643002	68.590014	53	68.111622	262144	262258		unavailable_no_direct_event		not_repeated_warm		not_on_path_native		not_on_path_native		not_on_path_native		not_on_path_native		not_on_path_native		not_on_path_native		not_on_path_native	50189594		not_on_path_native		not_on_path_native	50195261	complete
c2-native-attempt-v1	native	262144	22	warm_followup	5	s262144-g022-warm05	6ec088ac32334ac48088ac3233eac4d6	/guest/c2_native_sleep50_r351_direct_events_s262144_g022	0.0.1@1784738963486	d45b005b957f103656ad2dbacfe7046360a00c207a98b36a3db255a93afb02d2	516	true	present	not_on_path_native	not_on_path_native	match	complete	true	ok	1d6306dba3de	1d6306dba3de:9	false		false	true	1784739199030771900	1784739199093486376	1784739199356979110	62.714249	52	68.111622	262144	262258		unavailable_no_direct_event		not_repeated_warm		not_on_path_native		not_on_path_native		not_on_path_native		not_on_path_native		not_on_path_native		not_on_path_native		not_on_path_native	50167165		not_on_path_native		not_on_path_native	50172586	complete
c2-native-attempt-v1	native	1048576	22	fresh_first_use	0	s1048576-g022-fresh	83f19e3f4e6b444bb19e3f4e6be44b0b	/guest/c2_native_sleep50_r351_direct_events_s1048576_g022	0.0.1@1784738972406	46bc3939330e28ce9660ccf6cc8da9c4420acaf2c8f40976c7bcca7ae922aa66	517	true	present	not_on_path_native	not_on_path_native	match	complete	true	ok	0ebea62a5a93	0ebea62a5a93:8	true	174	true	false	1784739199357112815	1784739199820619068	1784739200087822278	463.506755	253	159.418350	1048576	1048690		unavailable_no_direct_event	174000000	activation_annotation_initTime		not_on_path_native		not_on_path_native		not_on_path_native		not_on_path_native		not_on_path_native		not_on_path_native		not_on_path_native	52896046		not_on_path_native		not_on_path_native	52951777	complete
c2-native-attempt-v1	native	1048576	22	warm_followup	1	s1048576-g022-warm01	e3665f4022c64cd0a65f4022c6ccd09e	/guest/c2_native_sleep50_r351_direct_events_s1048576_g022	0.0.1@1784738972406	46bc3939330e28ce9660ccf6cc8da9c4420acaf2c8f40976c7bcca7ae922aa66	518	true	present	not_on_path_native	not_on_path_native	match	complete	true	ok	0ebea62a5a93	0ebea62a5a93:8	false		false	true	1784739200088037193	1784739200158164882	1784739200420931541	70.127782	53	159.418350	1048576	1048690		unavailable_no_direct_event		not_repeated_warm		not_on_path_native		not_on_path_native		not_on_path_native		not_on_path_native		not_on_path_native		not_on_path_native		not_on_path_native	50203227		not_on_path_native		not_on_path_native	50221286	complete
c2-native-attempt-v1	native	1048576	22	warm_followup	2	s1048576-g022-warm02	df2803ee6c9441b1a803ee6c9471b179	/guest/c2_native_sleep50_r351_direct_events_s1048576_g022	0.0.1@1784738972406	46bc3939330e28ce9660ccf6cc8da9c4420acaf2c8f40976c7bcca7ae922aa66	519	true	present	not_on_path_native	not_on_path_native	match	complete	true	ok	0ebea62a5a93	0ebea62a5a93:8	false		false	true	1784739200421061973	1784739200486302656	1784739200753490940	65.240831	54	159.418350	1048576	1048690		unavailable_no_direct_event		not_repeated_warm		not_on_path_native		not_on_path_native		not_on_path_native		not_on_path_native		not_on_path_native		not_on_path_native		not_on_path_native	49302734		not_on_path_native		not_on_path_native	49330888	complete
c2-native-attempt-v1	native	1048576	22	warm_followup	3	s1048576-g022-warm03	49bf9205b04648c1bf9205b046a8c169	/guest/c2_native_sleep50_r351_direct_events_s1048576_g022	0.0.1@1784738972406	46bc3939330e28ce9660ccf6cc8da9c4420acaf2c8f40976c7bcca7ae922aa66	520	true	present	not_on_path_native	not_on_path_native	match	complete	true	ok	0ebea62a5a93	0ebea62a5a93:8	false		false	true	1784739200753615083	1784739200826356453	1784739200833800774	72.741573	53	159.418350	1048576	1048690		unavailable_no_direct_event		not_repeated_warm		not_on_path_native		not_on_path_native		not_on_path_native		not_on_path_native		not_on_path_native		not_on_path_native		not_on_path_native	50214973		not_on_path_native		not_on_path_native	50221238	complete
c2-native-attempt-v1	native	1048576	22	warm_followup	4	s1048576-g022-warm04	30f693f0e8104c98b693f0e8106c9813	/guest/c2_native_sleep50_r351_direct_events_s1048576_g022	0.0.1@1784738972406	46bc3939330e28ce9660ccf6cc8da9c4420acaf2c8f40976c7bcca7ae922aa66	521	true	present	not_on_path_native	not_on_path_native	match	complete	true	ok	0ebea62a5a93	0ebea62a5a93:8	false		false	true	1784739200833974775	1784739200897149963	1784739201161766478	63.175282	52	159.418350	1048576	1048690		unavailable_no_direct_event		not_repeated_warm		not_on_path_native		not_on_path_native		not_on_path_native		not_on_path_native		not_on_path_native		not_on_path_native		not_on_path_native	50144592		not_on_path_native		not_on_path_native	50149503	complete
c2-native-attempt-v1	native	1048576	22	warm_followup	5	s1048576-g022-warm05	620bc55b3af74bc38bc55b3af78bc3a7	/guest/c2_native_sleep50_r351_direct_events_s1048576_g022	0.0.1@1784738972406	46bc3939330e28ce9660ccf6cc8da9c4420acaf2c8f40976c7bcca7ae922aa66	522	true	present	not_on_path_native	not_on_path_native	match	complete	true	ok	0ebea62a5a93	0ebea62a5a93:8	false		false	true	1784739201161907412	1784739201225967961	1784739201487386271	64.060759	53	159.418350	1048576	1048690		unavailable_no_direct_event		not_repeated_warm		not_on_path_native		not_on_path_native		not_on_path_native		not_on_path_native		not_on_path_native		not_on_path_native		not_on_path_native	50203264		not_on_path_native		not_on_path_native	50209698	complete
c2-native-attempt-v1	native	4194304	22	fresh_first_use	0	s4194304-g022-fresh	ae391f049afb4d5fb91f049afb2d5fcd	/guest/c2_native_sleep50_r351_direct_events_s4194304_g022	0.0.1@1784738991805	018e13a9fabfb4d5dc4cfdd8dd732e7e77e20979ce1a8b0e011a4fafeed6984e	523	true	present	not_on_path_native	not_on_path_native	match	complete	true	ok	85380a02d813	85380a02d813:8	true	357	true	false	1784739201487511056	1784739202096904839	1784739202360808828	609.39443	417	491.474817	4194304	4194418		unavailable_no_direct_event	357000000	activation_annotation_initTime		not_on_path_native		not_on_path_native		not_on_path_native		not_on_path_native		not_on_path_native		not_on_path_native		not_on_path_native	50641057		not_on_path_native		not_on_path_native	50681001	complete
c2-native-attempt-v1	native	4194304	22	warm_followup	1	s4194304-g022-warm01	f3245771d3ba48faa45771d3bab8fa09	/guest/c2_native_sleep50_r351_direct_events_s4194304_g022	0.0.1@1784738991805	018e13a9fabfb4d5dc4cfdd8dd732e7e77e20979ce1a8b0e011a4fafeed6984e	524	true	present	not_on_path_native	not_on_path_native	match	complete	true	ok	85380a02d813	85380a02d813:8	false		false	true	1784739202360948783	1784739202427604611	1784739202694447775	66.656335	52	491.474817	4194304	4194418		unavailable_no_direct_event		not_repeated_warm		not_on_path_native		not_on_path_native		not_on_path_native		not_on_path_native		not_on_path_native		not_on_path_native		not_on_path_native	49419076		not_on_path_native		not_on_path_native	49437114	complete
c2-native-attempt-v1	native	4194304	22	warm_followup	2	s4194304-g022-warm02	3b37f2215a8646adb7f2215a8656ad00	/guest/c2_native_sleep50_r351_direct_events_s4194304_g022	0.0.1@1784738991805	018e13a9fabfb4d5dc4cfdd8dd732e7e77e20979ce1a8b0e011a4fafeed6984e	525	true	present	not_on_path_native	not_on_path_native	match	complete	true	ok	85380a02d813	85380a02d813:8	false		false	true	1784739202694574535	1784739202760143887	1784739203024738329	65.569629	52	491.474817	4194304	4194418		unavailable_no_direct_event		not_repeated_warm		not_on_path_native		not_on_path_native		not_on_path_native		not_on_path_native		not_on_path_native		not_on_path_native		not_on_path_native	50268848		not_on_path_native		not_on_path_native	50285858	complete
c2-native-attempt-v1	native	4194304	22	warm_followup	3	s4194304-g022-warm03	d2b2a992318c4677b2a992318ce67752	/guest/c2_native_sleep50_r351_direct_events_s4194304_g022	0.0.1@1784738991805	018e13a9fabfb4d5dc4cfdd8dd732e7e77e20979ce1a8b0e011a4fafeed6984e	526	true	present	not_on_path_native	not_on_path_native	match	complete	true	ok	85380a02d813	85380a02d813:8	false		false	true	1784739203024872358	1784739203093587333	1784739203355805843	68.7151	53	491.474817	4194304	4194418		unavailable_no_direct_event		not_repeated_warm		not_on_path_native		not_on_path_native		not_on_path_native		not_on_path_native		not_on_path_native		not_on_path_native		not_on_path_native	50225468		not_on_path_native		not_on_path_native	50233964	complete
c2-native-attempt-v1	native	4194304	22	warm_followup	4	s4194304-g022-warm04	13a739a2bcd444a7a739a2bcd494a7e1	/guest/c2_native_sleep50_r351_direct_events_s4194304_g022	0.0.1@1784738991805	018e13a9fabfb4d5dc4cfdd8dd732e7e77e20979ce1a8b0e011a4fafeed6984e	527	true	present	not_on_path_native	not_on_path_native	match	complete	true	ok	85380a02d813	85380a02d813:8	false		false	true	1784739203355930757	1784739203421551970	1784739203430986392	65.621354	53	491.474817	4194304	4194418		unavailable_no_direct_event		not_repeated_warm		not_on_path_native		not_on_path_native		not_on_path_native		not_on_path_native		not_on_path_native		not_on_path_native		not_on_path_native	50219347		not_on_path_native		not_on_path_native	50241821	complete
c2-native-attempt-v1	native	4194304	22	warm_followup	5	s4194304-g022-warm05	6e9bdf398cc740069bdf398cc7b006f0	/guest/c2_native_sleep50_r351_direct_events_s4194304_g022	0.0.1@1784738991805	018e13a9fabfb4d5dc4cfdd8dd732e7e77e20979ce1a8b0e011a4fafeed6984e	528	true	present	not_on_path_native	not_on_path_native	match	complete	true	ok	85380a02d813	85380a02d813:8	false		false	true	1784739203431146582	1784739203495568251	1784739203761295684	64.422	52	491.474817	4194304	4194418		unavailable_no_direct_event		not_repeated_warm		not_on_path_native		not_on_path_native		not_on_path_native		not_on_path_native		not_on_path_native		not_on_path_native		not_on_path_native	50178979		not_on_path_native		not_on_path_native	50185694	complete
c2-native-attempt-v1	native	65536	23	fresh_first_use	0	s65536-g023-fresh	8542a4d65fe247f482a4d65fe2c7f479	/guest/c2_native_sleep50_r351_direct_events_s65536_g023	0.0.1@1784738957922	03bc7a3f43f430ba17febc7b5b8983765ebae8fcee53ea30693db0de51274553	529	true	present	not_on_path_native	not_on_path_native	match	complete	true	ok	defdbeeeba43	defdbeeeba43:8	true	133	true	false	1784739203761421593	1784739204053477006	1784739204316607237	292.055992	193	60.388149	65536	65650		unavailable_no_direct_event	133000000	activation_annotation_initTime		not_on_path_native		not_on_path_native		not_on_path_native		not_on_path_native		not_on_path_native		not_on_path_native		not_on_path_native	50396339		not_on_path_native		not_on_path_native	50454662	complete
c2-native-attempt-v1	native	65536	23	warm_followup	1	s65536-g023-warm01	1f35b47251d24009b5b47251d250090b	/guest/c2_native_sleep50_r351_direct_events_s65536_g023	0.0.1@1784738957922	03bc7a3f43f430ba17febc7b5b8983765ebae8fcee53ea30693db0de51274553	530	true	present	not_on_path_native	not_on_path_native	match	complete	true	ok	defdbeeeba43	defdbeeeba43:8	false		false	true	1784739204316826443	1784739204385151512	1784739204392308370	68.324814	53	60.388149	65536	65650		unavailable_no_direct_event		not_repeated_warm		not_on_path_native		not_on_path_native		not_on_path_native		not_on_path_native		not_on_path_native		not_on_path_native		not_on_path_native	50234572		not_on_path_native		not_on_path_native	50250170	complete
c2-native-attempt-v1	native	65536	23	warm_followup	2	s65536-g023-warm02	38335719f77d4388b35719f77df3888b	/guest/c2_native_sleep50_r351_direct_events_s65536_g023	0.0.1@1784738957922	03bc7a3f43f430ba17febc7b5b8983765ebae8fcee53ea30693db0de51274553	531	true	present	not_on_path_native	not_on_path_native	match	complete	true	ok	defdbeeeba43	defdbeeeba43:8	false		false	true	1784739204392418237	1784739204455156515	1784739204717430894	62.73841	51	60.388149	65536	65650		unavailable_no_direct_event		not_repeated_warm		not_on_path_native		not_on_path_native		not_on_path_native		not_on_path_native		not_on_path_native		not_on_path_native		not_on_path_native	49239048		not_on_path_native		not_on_path_native	49264111	complete
c2-native-attempt-v1	native	65536	23	warm_followup	3	s65536-g023-warm03	6e6a22a92f5d4b31aa22a92f5ddb3109	/guest/c2_native_sleep50_r351_direct_events_s65536_g023	0.0.1@1784738957922	03bc7a3f43f430ba17febc7b5b8983765ebae8fcee53ea30693db0de51274553	532	true	present	not_on_path_native	not_on_path_native	match	complete	true	ok	defdbeeeba43	defdbeeeba43:8	false		false	true	1784739204717560972	1784739204782015789	1784739204791621743	64.455074	53	60.388149	65536	65650		unavailable_no_direct_event		not_repeated_warm		not_on_path_native		not_on_path_native		not_on_path_native		not_on_path_native		not_on_path_native		not_on_path_native		not_on_path_native	50232971		not_on_path_native		not_on_path_native	50240335	complete
c2-native-attempt-v1	native	65536	23	warm_followup	4	s65536-g023-warm04	de8a9781f49a41808a9781f49ab18071	/guest/c2_native_sleep50_r351_direct_events_s65536_g023	0.0.1@1784738957922	03bc7a3f43f430ba17febc7b5b8983765ebae8fcee53ea30693db0de51274553	533	true	present	not_on_path_native	not_on_path_native	match	complete	true	ok	defdbeeeba43	defdbeeeba43:8	false		false	true	1784739204791744347	1784739204853286792	1784739204860985050	61.542445	52	60.388149	65536	65650		unavailable_no_direct_event		not_repeated_warm		not_on_path_native		not_on_path_native		not_on_path_native		not_on_path_native		not_on_path_native		not_on_path_native		not_on_path_native	50183933		not_on_path_native		not_on_path_native	50190555	complete
c2-native-attempt-v1	native	65536	23	warm_followup	5	s65536-g023-warm05	c52565dec0fe4ff0a565dec0fe6ff06a	/guest/c2_native_sleep50_r351_direct_events_s65536_g023	0.0.1@1784738957922	03bc7a3f43f430ba17febc7b5b8983765ebae8fcee53ea30693db0de51274553	534	true	present	not_on_path_native	not_on_path_native	match	complete	true	ok	defdbeeeba43	defdbeeeba43:8	false		false	true	1784739204861101468	1784739204924243815	1784739204935347755	63.142445	52	60.388149	65536	65650		unavailable_no_direct_event		not_repeated_warm		not_on_path_native		not_on_path_native		not_on_path_native		not_on_path_native		not_on_path_native		not_on_path_native		not_on_path_native	50173088		not_on_path_native		not_on_path_native	50177743	complete
c2-native-attempt-v1	native	262144	23	fresh_first_use	0	s262144-g023-fresh	623fa8680016479ebfa8680016379eb2	/guest/c2_native_sleep50_r351_direct_events_s262144_g023	0.0.1@1784738963618	a6e6cbc6b5dd71721682c81b3f23ffb02211a5c7226cb209cffb41766aad9544	535	true	present	not_on_path_native	not_on_path_native	match	complete	true	ok	8977539054ed	8977539054ed:8	true	133	true	false	1784739204935459298	1784739205334241229	1784739205602024190	398.782519	197	66.410033	262144	262258		unavailable_no_direct_event	133000000	activation_annotation_initTime		not_on_path_native		not_on_path_native		not_on_path_native		not_on_path_native		not_on_path_native		not_on_path_native		not_on_path_native	51535019		not_on_path_native		not_on_path_native	51590795	complete
c2-native-attempt-v1	native	262144	23	warm_followup	1	s262144-g023-warm01	200bd9d17e4c43f48bd9d17e4c53f460	/guest/c2_native_sleep50_r351_direct_events_s262144_g023	0.0.1@1784738963618	a6e6cbc6b5dd71721682c81b3f23ffb02211a5c7226cb209cffb41766aad9544	536	true	present	not_on_path_native	not_on_path_native	match	complete	true	ok	8977539054ed	8977539054ed:8	false		false	true	1784739205602161659	1784739205669658533	1784739205678459535	67.496392	53	66.410033	262144	262258		unavailable_no_direct_event		not_repeated_warm		not_on_path_native		not_on_path_native		not_on_path_native		not_on_path_native		not_on_path_native		not_on_path_native		not_on_path_native	50204672		not_on_path_native		not_on_path_native	50221226	complete
c2-native-attempt-v1	native	262144	23	warm_followup	2	s262144-g023-warm02	0846b335b832446586b335b832146517	/guest/c2_native_sleep50_r351_direct_events_s262144_g023	0.0.1@1784738963618	a6e6cbc6b5dd71721682c81b3f23ffb02211a5c7226cb209cffb41766aad9544	537	true	present	not_on_path_native	not_on_path_native	match	complete	true	ok	8977539054ed	8977539054ed:8	false		false	true	1784739205678599390	1784739205745330407	1784739205751274363	66.731147	52	66.410033	262144	262258		unavailable_no_direct_event		not_repeated_warm		not_on_path_native		not_on_path_native		not_on_path_native		not_on_path_native		not_on_path_native		not_on_path_native		not_on_path_native	50254841		not_on_path_native		not_on_path_native	50269625	complete
c2-native-attempt-v1	native	262144	23	warm_followup	3	s262144-g023-warm03	219f4c692ad1436f9f4c692ad1436f6a	/guest/c2_native_sleep50_r351_direct_events_s262144_g023	0.0.1@1784738963618	a6e6cbc6b5dd71721682c81b3f23ffb02211a5c7226cb209cffb41766aad9544	538	true	present	not_on_path_native	not_on_path_native	match	complete	true	ok	8977539054ed	8977539054ed:8	false		false	true	1784739205751418079	1784739205822536795	1784739206086559865	71.11902	52	66.410033	262144	262258		unavailable_no_direct_event		not_repeated_warm		not_on_path_native		not_on_path_native		not_on_path_native		not_on_path_native		not_on_path_native		not_on_path_native		not_on_path_native	50165212		not_on_path_native		not_on_path_native	50171458	complete
c2-native-attempt-v1	native	262144	23	warm_followup	4	s262144-g023-warm04	8f0658cde02f47428658cde02f074298	/guest/c2_native_sleep50_r351_direct_events_s262144_g023	0.0.1@1784738963618	a6e6cbc6b5dd71721682c81b3f23ffb02211a5c7226cb209cffb41766aad9544	539	true	present	not_on_path_native	not_on_path_native	match	complete	true	ok	8977539054ed	8977539054ed:8	false		false	true	1784739206086695134	1784739206151476236	1784739206420223481	64.781148	53	66.410033	262144	262258		unavailable_no_direct_event		not_repeated_warm		not_on_path_native		not_on_path_native		not_on_path_native		not_on_path_native		not_on_path_native		not_on_path_native		not_on_path_native	50185593		not_on_path_native		not_on_path_native	50190412	complete
c2-native-attempt-v1	native	262144	23	warm_followup	5	s262144-g023-warm05	8ce4802855524abaa4802855529aba36	/guest/c2_native_sleep50_r351_direct_events_s262144_g023	0.0.1@1784738963618	a6e6cbc6b5dd71721682c81b3f23ffb02211a5c7226cb209cffb41766aad9544	540	true	present	not_on_path_native	not_on_path_native	match	complete	true	ok	8977539054ed	8977539054ed:8	false		false	true	1784739206420414747	1784739206490753928	1784739206758468178	70.339357	52	66.410033	262144	262258		unavailable_no_direct_event		not_repeated_warm		not_on_path_native		not_on_path_native		not_on_path_native		not_on_path_native		not_on_path_native		not_on_path_native		not_on_path_native	50128451		not_on_path_native		not_on_path_native	50137997	complete
c2-native-attempt-v1	native	1048576	23	fresh_first_use	0	s1048576-g023-fresh	f49c3ebfacfa409a9c3ebfacfaa09a90	/guest/c2_native_sleep50_r351_direct_events_s1048576_g023	0.0.1@1784738972659	ea1cfb8e40b563b82b6f4fda8e69dfe6506e60a0bb75f54ad0629c666f0ddbde	541	true	present	not_on_path_native	not_on_path_native	match	complete	true	ok	ca03ca6b36ea	ca03ca6b36ea:8	true	171	true	false	1784739206758607383	1784739207109534346	1784739207115735447	350.927765	229	173.862291	1048576	1048690		unavailable_no_direct_event	171000000	activation_annotation_initTime		not_on_path_native		not_on_path_native		not_on_path_native		not_on_path_native		not_on_path_native		not_on_path_native		not_on_path_native	50432776		not_on_path_native		not_on_path_native	50487018	complete
c2-native-attempt-v1	native	1048576	23	warm_followup	1	s1048576-g023-warm01	0cdce0fe58554be49ce0fe58555be453	/guest/c2_native_sleep50_r351_direct_events_s1048576_g023	0.0.1@1784738972659	ea1cfb8e40b563b82b6f4fda8e69dfe6506e60a0bb75f54ad0629c666f0ddbde	542	true	present	not_on_path_native	not_on_path_native	match	complete	true	ok	ca03ca6b36ea	ca03ca6b36ea:8	false		false	true	1784739207115870262	1784739207181355272	1784739207191632597	65.485167	54	173.862291	1048576	1048690		unavailable_no_direct_event		not_repeated_warm		not_on_path_native		not_on_path_native		not_on_path_native		not_on_path_native		not_on_path_native		not_on_path_native		not_on_path_native	50572969		not_on_path_native		not_on_path_native	50593904	complete
c2-native-attempt-v1	native	1048576	23	warm_followup	2	s1048576-g023-warm02	75a2e176af3648a5a2e176af3658a5e2	/guest/c2_native_sleep50_r351_direct_events_s1048576_g023	0.0.1@1784738972659	ea1cfb8e40b563b82b6f4fda8e69dfe6506e60a0bb75f54ad0629c666f0ddbde	543	true	present	not_on_path_native	not_on_path_native	match	complete	true	ok	ca03ca6b36ea	ca03ca6b36ea:8	false		false	true	1784739207191748412	1784739207266135111	1784739207529580160	74.386811	56	173.862291	1048576	1048690		unavailable_no_direct_event		not_repeated_warm		not_on_path_native		not_on_path_native		not_on_path_native		not_on_path_native		not_on_path_native		not_on_path_native		not_on_path_native	51170211		not_on_path_native		not_on_path_native	51202441	complete
c2-native-attempt-v1	native	1048576	23	warm_followup	3	s1048576-g023-warm03	2bc1d40c1e1a47ee81d40c1e1a47ee9e	/guest/c2_native_sleep50_r351_direct_events_s1048576_g023	0.0.1@1784738972659	ea1cfb8e40b563b82b6f4fda8e69dfe6506e60a0bb75f54ad0629c666f0ddbde	544	true	present	not_on_path_native	not_on_path_native	match	complete	true	ok	ca03ca6b36ea	ca03ca6b36ea:8	false		false	true	1784739207529693851	1784739207593294062	1784739207859149427	63.600261	52	173.862291	1048576	1048690		unavailable_no_direct_event		not_repeated_warm		not_on_path_native		not_on_path_native		not_on_path_native		not_on_path_native		not_on_path_native		not_on_path_native		not_on_path_native	50255366		not_on_path_native		not_on_path_native	50264167	complete
c2-native-attempt-v1	native	1048576	23	warm_followup	4	s1048576-g023-warm04	12c86db578934308886db57893e308a8	/guest/c2_native_sleep50_r351_direct_events_s1048576_g023	0.0.1@1784738972659	ea1cfb8e40b563b82b6f4fda8e69dfe6506e60a0bb75f54ad0629c666f0ddbde	545	true	present	not_on_path_native	not_on_path_native	match	complete	true	ok	ca03ca6b36ea	ca03ca6b36ea:8	false		false	true	1784739207859276231	1784739207925956224	1784739207932444178	66.680042	52	173.862291	1048576	1048690		unavailable_no_direct_event		not_repeated_warm		not_on_path_native		not_on_path_native		not_on_path_native		not_on_path_native		not_on_path_native		not_on_path_native		not_on_path_native	50193555		not_on_path_native		not_on_path_native	50198630	complete
c2-native-attempt-v1	native	1048576	23	warm_followup	5	s1048576-g023-warm05	84dcafee2c194fd19cafee2c190fd1bb	/guest/c2_native_sleep50_r351_direct_events_s1048576_g023	0.0.1@1784738972659	ea1cfb8e40b563b82b6f4fda8e69dfe6506e60a0bb75f54ad0629c666f0ddbde	546	true	present	not_on_path_native	not_on_path_native	match	complete	true	ok	ca03ca6b36ea	ca03ca6b36ea:8	false		false	true	1784739207932617945	1784739207995222780	1784739208012038003	62.604939	52	173.862291	1048576	1048690		unavailable_no_direct_event		not_repeated_warm		not_on_path_native		not_on_path_native		not_on_path_native		not_on_path_native		not_on_path_native		not_on_path_native		not_on_path_native	50160634		not_on_path_native		not_on_path_native	50165604	complete
c2-native-attempt-v1	native	4194304	23	fresh_first_use	0	s4194304-g023-fresh	081b79f0553949c19b79f0553999c148	/guest/c2_native_sleep50_r351_direct_events_s4194304_g023	0.0.1@1784738992440	1a07a3348ec52d43b38db3b7164e9ee7b73460842a9ee50918734cc6cf7e5916	547	true	present	not_on_path_native	not_on_path_native	match	complete	true	ok	7c2d31d09528	7c2d31d09528:8	true	362	true	false	1784739208012155753	1784739208572390598	1784739208837869577	560.235402	429	475.662268	4194304	4194418		unavailable_no_direct_event	362000000	activation_annotation_initTime		not_on_path_native		not_on_path_native		not_on_path_native		not_on_path_native		not_on_path_native		not_on_path_native		not_on_path_native	50551251		not_on_path_native		not_on_path_native	50602831	complete
c2-native-attempt-v1	native	4194304	23	warm_followup	1	s4194304-g023-warm01	57e20d0ae7ea4b5ea20d0ae7ea1b5e8d	/guest/c2_native_sleep50_r351_direct_events_s4194304_g023	0.0.1@1784738992440	1a07a3348ec52d43b38db3b7164e9ee7b73460842a9ee50918734cc6cf7e5916	548	true	present	not_on_path_native	not_on_path_native	match	complete	true	ok	7c2d31d09528	7c2d31d09528:8	false		false	true	1784739208838003520	1784739208902719609	1784739209173553515	64.716311	53	475.662268	4194304	4194418		unavailable_no_direct_event		not_repeated_warm		not_on_path_native		not_on_path_native		not_on_path_native		not_on_path_native		not_on_path_native		not_on_path_native		not_on_path_native	50250927		not_on_path_native		not_on_path_native	50266043	complete
c2-native-attempt-v1	native	4194304	23	warm_followup	2	s4194304-g023-warm02	e8ac7ab688a746f7ac7ab688a7d6f796	/guest/c2_native_sleep50_r351_direct_events_s4194304_g023	0.0.1@1784738992440	1a07a3348ec52d43b38db3b7164e9ee7b73460842a9ee50918734cc6cf7e5916	549	true	present	not_on_path_native	not_on_path_native	match	complete	true	ok	7c2d31d09528	7c2d31d09528:8	false		false	true	1784739209173699927	1784739209241433136	1784739209503979957	67.733168	53	475.662268	4194304	4194418		unavailable_no_direct_event		not_repeated_warm		not_on_path_native		not_on_path_native		not_on_path_native		not_on_path_native		not_on_path_native		not_on_path_native		not_on_path_native	50252871		not_on_path_native		not_on_path_native	50276273	complete
c2-native-attempt-v1	native	4194304	23	warm_followup	3	s4194304-g023-warm03	634f9b72a63c40558f9b72a63c7055b9	/guest/c2_native_sleep50_r351_direct_events_s4194304_g023	0.0.1@1784738992440	1a07a3348ec52d43b38db3b7164e9ee7b73460842a9ee50918734cc6cf7e5916	550	true	present	not_on_path_native	not_on_path_native	match	complete	true	ok	7c2d31d09528	7c2d31d09528:8	false		false	true	1784739209504117024	1784739209571380371	1784739209834261801	67.263919	53	475.662268	4194304	4194418		unavailable_no_direct_event		not_repeated_warm		not_on_path_native		not_on_path_native		not_on_path_native		not_on_path_native		not_on_path_native		not_on_path_native		not_on_path_native	50230546		not_on_path_native		not_on_path_native	50238309	complete
c2-native-attempt-v1	native	4194304	23	warm_followup	4	s4194304-g023-warm04	6edaf5b596204f649af5b596200f64f6	/guest/c2_native_sleep50_r351_direct_events_s4194304_g023	0.0.1@1784738992440	1a07a3348ec52d43b38db3b7164e9ee7b73460842a9ee50918734cc6cf7e5916	551	true	present	not_on_path_native	not_on_path_native	match	complete	true	ok	7c2d31d09528	7c2d31d09528:8	false		false	true	1784739209834403937	1784739209899872658	1784739210166634577	65.468893	52	475.662268	4194304	4194418		unavailable_no_direct_event		not_repeated_warm		not_on_path_native		not_on_path_native		not_on_path_native		not_on_path_native		not_on_path_native		not_on_path_native		not_on_path_native	50226519		not_on_path_native		not_on_path_native	50233528	complete
c2-native-attempt-v1	native	4194304	23	warm_followup	5	s4194304-g023-warm05	18142c65cf8f4303942c65cf8f0303f8	/guest/c2_native_sleep50_r351_direct_events_s4194304_g023	0.0.1@1784738992440	1a07a3348ec52d43b38db3b7164e9ee7b73460842a9ee50918734cc6cf7e5916	552	true	present	not_on_path_native	not_on_path_native	match	complete	true	ok	7c2d31d09528	7c2d31d09528:8	false		false	true	1784739210166774007	1784739210231421938	1784739210514109672	64.648069	52	475.662268	4194304	4194418		unavailable_no_direct_event		not_repeated_warm		not_on_path_native		not_on_path_native		not_on_path_native		not_on_path_native		not_on_path_native		not_on_path_native		not_on_path_native	50202827		not_on_path_native		not_on_path_native	50210035	complete
c2-native-attempt-v1	native	65536	24	fresh_first_use	0	s65536-g024-fresh	22da1a3035fa43ee9a1a3035fad3ee7d	/guest/c2_native_sleep50_r351_direct_events_s65536_g024	0.0.1@1784738958047	4844f9330b6a8199c27054cf1638f54959695943c41c25e6695dd0e1563719ca	553	true	present	not_on_path_native	not_on_path_native	match	complete	true	ok	3f883dc2d016	3f883dc2d016:8	true	107	true	false	1784739210514303610	1784739210885927630	1784739211153415100	371.624612	172	50.317891	65536	65650		unavailable_no_direct_event	107000000	activation_annotation_initTime		not_on_path_native		not_on_path_native		not_on_path_native		not_on_path_native		not_on_path_native		not_on_path_native		not_on_path_native	51441205		not_on_path_native		not_on_path_native	51496599	complete
c2-native-attempt-v1	native	65536	24	warm_followup	1	s65536-g024-warm01	bae1a3f25ff24a7ea1a3f25ff25a7ea0	/guest/c2_native_sleep50_r351_direct_events_s65536_g024	0.0.1@1784738958047	4844f9330b6a8199c27054cf1638f54959695943c41c25e6695dd0e1563719ca	554	true	present	not_on_path_native	not_on_path_native	match	complete	true	ok	3f883dc2d016	3f883dc2d016:8	false		false	true	1784739211153558135	1784739211227709626	1784739211235135462	74.151943	56	50.317891	65536	65650		unavailable_no_direct_event		not_repeated_warm		not_on_path_native		not_on_path_native		not_on_path_native		not_on_path_native		not_on_path_native		not_on_path_native		not_on_path_native	50869286		not_on_path_native		not_on_path_native	50890262	complete
c2-native-attempt-v1	native	65536	24	warm_followup	2	s65536-g024-warm02	00740ebaa79d49d3b40ebaa79d19d30d	/guest/c2_native_sleep50_r351_direct_events_s65536_g024	0.0.1@1784738958047	4844f9330b6a8199c27054cf1638f54959695943c41c25e6695dd0e1563719ca	555	true	present	not_on_path_native	not_on_path_native	match	complete	true	ok	3f883dc2d016	3f883dc2d016:8	false		false	true	1784739211235321011	1784739211306736500	1784739211316953025	71.415622	54	50.317891	65536	65650		unavailable_no_direct_event		not_repeated_warm		not_on_path_native		not_on_path_native		not_on_path_native		not_on_path_native		not_on_path_native		not_on_path_native		not_on_path_native	50330214		not_on_path_native		not_on_path_native	50360150	complete
c2-native-attempt-v1	native	65536	24	warm_followup	3	s65536-g024-warm03	ff2dbef730e74b7dadbef730e70b7dd5	/guest/c2_native_sleep50_r351_direct_events_s65536_g024	0.0.1@1784738958047	4844f9330b6a8199c27054cf1638f54959695943c41c25e6695dd0e1563719ca	556	true	present	not_on_path_native	not_on_path_native	match	complete	true	ok	3f883dc2d016	3f883dc2d016:8	false		false	true	1784739211317085526	1784739211388174800	1784739211661247814	71.089616	52	50.317891	65536	65650		unavailable_no_direct_event		not_repeated_warm		not_on_path_native		not_on_path_native		not_on_path_native		not_on_path_native		not_on_path_native		not_on_path_native		not_on_path_native	50220057		not_on_path_native		not_on_path_native	50226911	complete
c2-native-attempt-v1	native	65536	24	warm_followup	4	s65536-g024-warm04	bc0a7af740a04cd88a7af740a0ccd8f3	/guest/c2_native_sleep50_r351_direct_events_s65536_g024	0.0.1@1784738958047	4844f9330b6a8199c27054cf1638f54959695943c41c25e6695dd0e1563719ca	557	true	present	not_on_path_native	not_on_path_native	match	complete	true	ok	3f883dc2d016	3f883dc2d016:8	false		false	true	1784739211661423104	1784739211728333032	1784739211993966151	66.909947	53	50.317891	65536	65650		unavailable_no_direct_event		not_repeated_warm		not_on_path_native		not_on_path_native		not_on_path_native		not_on_path_native		not_on_path_native		not_on_path_native		not_on_path_native	50243549		not_on_path_native		not_on_path_native	50251660	complete
c2-native-attempt-v1	native	65536	24	warm_followup	5	s65536-g024-warm05	c58dca9aeefd40978dca9aeefd1097f3	/guest/c2_native_sleep50_r351_direct_events_s65536_g024	0.0.1@1784738958047	4844f9330b6a8199c27054cf1638f54959695943c41c25e6695dd0e1563719ca	558	true	present	not_on_path_native	not_on_path_native	match	complete	true	ok	3f883dc2d016	3f883dc2d016:8	false		false	true	1784739211994106524	1784739212058610381	1784739212323797765	64.503574	52	50.317891	65536	65650		unavailable_no_direct_event		not_repeated_warm		not_on_path_native		not_on_path_native		not_on_path_native		not_on_path_native		not_on_path_native		not_on_path_native		not_on_path_native	50200245		not_on_path_native		not_on_path_native	50207454	complete
c2-native-attempt-v1	native	262144	24	fresh_first_use	0	s262144-g024-fresh	5cbe8058dfb14570be8058dfb1857014	/guest/c2_native_sleep50_r351_direct_events_s262144_g024	0.0.1@1784738963745	2202f24bf74624dfbb91420a9d5f79b4125178fe76c51a7958167cf423da3ef9	559	true	present	not_on_path_native	not_on_path_native	match	complete	true	ok	d80d8415758c	d80d8415758c:8	true	134	true	false	1784739212323943856	1784739212629787763	1784739212895226602	305.844383	193	59.582855	262144	262258		unavailable_no_direct_event	134000000	activation_annotation_initTime		not_on_path_native		not_on_path_native		not_on_path_native		not_on_path_native		not_on_path_native		not_on_path_native		not_on_path_native	50705841		not_on_path_native		not_on_path_native	50766869	complete
c2-native-attempt-v1	native	262144	24	warm_followup	1	s262144-g024-warm01	60748044ddf74232b48044ddf7d23237	/guest/c2_native_sleep50_r351_direct_events_s262144_g024	0.0.1@1784738963745	2202f24bf74624dfbb91420a9d5f79b4125178fe76c51a7958167cf423da3ef9	560	true	present	not_on_path_native	not_on_path_native	match	complete	true	ok	d80d8415758c	d80d8415758c:8	false		false	true	1784739212895351027	1784739212962970396	1784739213226750838	67.619567	55	59.582855	262144	262258		unavailable_no_direct_event		not_repeated_warm		not_on_path_native		not_on_path_native		not_on_path_native		not_on_path_native		not_on_path_native		not_on_path_native		not_on_path_native	50264513		not_on_path_native		not_on_path_native	50281520	complete
c2-native-attempt-v1	native	262144	24	warm_followup	2	s262144-g024-warm02	3009847647364ea789847647369ea76a	/guest/c2_native_sleep50_r351_direct_events_s262144_g024	0.0.1@1784738963745	2202f24bf74624dfbb91420a9d5f79b4125178fe76c51a7958167cf423da3ef9	561	true	present	not_on_path_native	not_on_path_native	match	complete	true	ok	d80d8415758c	d80d8415758c:8	false		false	true	1784739213226878950	1784739213299379031	1784739213311006935	72.500112	53	59.582855	262144	262258		unavailable_no_direct_event		not_repeated_warm		not_on_path_native		not_on_path_native		not_on_path_native		not_on_path_native		not_on_path_native		not_on_path_native		not_on_path_native	50264470		not_on_path_native		not_on_path_native	50281432	complete
c2-native-attempt-v1	native	262144	24	warm_followup	3	s262144-g024-warm03	f2cbc5209207430f8bc5209207430f66	/guest/c2_native_sleep50_r351_direct_events_s262144_g024	0.0.1@1784738963745	2202f24bf74624dfbb91420a9d5f79b4125178fe76c51a7958167cf423da3ef9	562	true	present	not_on_path_native	not_on_path_native	match	complete	true	ok	d80d8415758c	d80d8415758c:8	false		false	true	1784739213311180100	1784739213380022049	1784739213389315201	68.842496	52	59.582855	262144	262258		unavailable_no_direct_event		not_repeated_warm		not_on_path_native		not_on_path_native		not_on_path_native		not_on_path_native		not_on_path_native		not_on_path_native		not_on_path_native	50191676		not_on_path_native		not_on_path_native	50196529	complete
c2-native-attempt-v1	native	262144	24	warm_followup	4	s262144-g024-warm04	8ec79e0dd32f4469879e0dd32f74695b	/guest/c2_native_sleep50_r351_direct_events_s262144_g024	0.0.1@1784738963745	2202f24bf74624dfbb91420a9d5f79b4125178fe76c51a7958167cf423da3ef9	563	true	present	not_on_path_native	not_on_path_native	match	complete	true	ok	d80d8415758c	d80d8415758c:8	false		false	true	1784739213389490727	1784739213459048183	1784739213465989429	69.557318	54	59.582855	262144	262258		unavailable_no_direct_event		not_repeated_warm		not_on_path_native		not_on_path_native		not_on_path_native		not_on_path_native		not_on_path_native		not_on_path_native		not_on_path_native	50175997		not_on_path_native		not_on_path_native	50180453	complete
c2-native-attempt-v1	native	262144	24	warm_followup	5	s262144-g024-warm05	9c25b3f37dd64710a5b3f37dd6e710d4	/guest/c2_native_sleep50_r351_direct_events_s262144_g024	0.0.1@1784738963745	2202f24bf74624dfbb91420a9d5f79b4125178fe76c51a7958167cf423da3ef9	564	true	present	not_on_path_native	not_on_path_native	match	complete	true	ok	d80d8415758c	d80d8415758c:8	false		false	true	1784739213466122571	1784739213532613690	1784739213539201659	66.491172	52	59.582855	262144	262258		unavailable_no_direct_event		not_repeated_warm		not_on_path_native		not_on_path_native		not_on_path_native		not_on_path_native		not_on_path_native		not_on_path_native		not_on_path_native	50111181		not_on_path_native		not_on_path_native	50115691	complete
c2-native-attempt-v1	native	1048576	24	fresh_first_use	0	s1048576-g024-fresh	3f950210f5164455950210f516c45564	/guest/c2_native_sleep50_r351_direct_events_s1048576_g024	0.0.1@1784738972988	76b1a15d2ce23b56b8cfff24102d74ba5fc449a40d29101f713e02daafbd5bfd	565	true	present	not_on_path_native	not_on_path_native	match	complete	true	ok	5379ca640be1	5379ca640be1:7	true	166	true	false	1784739213539329993	1784739213994664601	1784739214260917962	455.335606	237	223.184184	1048576	1048690		unavailable_no_direct_event	166000000	activation_annotation_initTime		not_on_path_native		not_on_path_native		not_on_path_native		not_on_path_native		not_on_path_native		not_on_path_native		not_on_path_native	55056193		not_on_path_native		not_on_path_native	55113294	complete
c2-native-attempt-v1	native	1048576	24	warm_followup	1	s1048576-g024-warm01	63b3599df16c45dcb3599df16c25dc3a	/guest/c2_native_sleep50_r351_direct_events_s1048576_g024	0.0.1@1784738972988	76b1a15d2ce23b56b8cfff24102d74ba5fc449a40d29101f713e02daafbd5bfd	566	true	present	not_on_path_native	not_on_path_native	match	complete	true	ok	5379ca640be1	5379ca640be1:7	false		false	true	1784739214261054549	1784739214325639686	1784739214587779551	64.585206	52	223.184184	1048576	1048690		unavailable_no_direct_event		not_repeated_warm		not_on_path_native		not_on_path_native		not_on_path_native		not_on_path_native		not_on_path_native		not_on_path_native		not_on_path_native	50203875		not_on_path_native		not_on_path_native	50221308	complete
c2-native-attempt-v1	native	1048576	24	warm_followup	2	s1048576-g024-warm02	96548f79302049da948f793020a9da89	/guest/c2_native_sleep50_r351_direct_events_s1048576_g024	0.0.1@1784738972988	76b1a15d2ce23b56b8cfff24102d74ba5fc449a40d29101f713e02daafbd5bfd	567	true	present	not_on_path_native	not_on_path_native	match	complete	true	ok	5379ca640be1	5379ca640be1:7	false		false	true	1784739214587909156	1784739214690254517	1784739214702560425	102.346405	52	223.184184	1048576	1048690		unavailable_no_direct_event		not_repeated_warm		not_on_path_native		not_on_path_native		not_on_path_native		not_on_path_native		not_on_path_native		not_on_path_native		not_on_path_native	50272058		not_on_path_native		not_on_path_native	50291370	complete
c2-native-attempt-v1	native	1048576	24	warm_followup	3	s1048576-g024-warm03	0a6c55b502124f51ac55b502125f5111	/guest/c2_native_sleep50_r351_direct_events_s1048576_g024	0.0.1@1784738972988	76b1a15d2ce23b56b8cfff24102d74ba5fc449a40d29101f713e02daafbd5bfd	568	true	present	not_on_path_native	not_on_path_native	match	complete	true	ok	5379ca640be1	5379ca640be1:7	false		false	true	1784739214702730528	1784739214766724621	1784739215031258750	63.994063	52	223.184184	1048576	1048690		unavailable_no_direct_event		not_repeated_warm		not_on_path_native		not_on_path_native		not_on_path_native		not_on_path_native		not_on_path_native		not_on_path_native		not_on_path_native	50185937		not_on_path_native		not_on_path_native	50191569	complete
c2-native-attempt-v1	native	1048576	24	warm_followup	4	s1048576-g024-warm04	b57bb55b04d8421fbbb55b04d8d21f8d	/guest/c2_native_sleep50_r351_direct_events_s1048576_g024	0.0.1@1784738972988	76b1a15d2ce23b56b8cfff24102d74ba5fc449a40d29101f713e02daafbd5bfd	569	true	present	not_on_path_native	not_on_path_native	match	complete	true	ok	5379ca640be1	5379ca640be1:7	false		false	true	1784739215031388103	1784739215093144717	1784739215359939546	61.756663	51	223.184184	1048576	1048690		unavailable_no_direct_event		not_repeated_warm		not_on_path_native		not_on_path_native		not_on_path_native		not_on_path_native		not_on_path_native		not_on_path_native		not_on_path_native	49229711		not_on_path_native		not_on_path_native	49235760	complete
c2-native-attempt-v1	native	1048576	24	warm_followup	5	s1048576-g024-warm05	dc1b339df71541a59b339df71581a508	/guest/c2_native_sleep50_r351_direct_events_s1048576_g024	0.0.1@1784738972988	76b1a15d2ce23b56b8cfff24102d74ba5fc449a40d29101f713e02daafbd5bfd	570	true	present	not_on_path_native	not_on_path_native	match	complete	true	ok	5379ca640be1	5379ca640be1:7	false		false	true	1784739215360083436	1784739215424002252	1784739215687135643	63.918996	52	223.184184	1048576	1048690		unavailable_no_direct_event		not_repeated_warm		not_on_path_native		not_on_path_native		not_on_path_native		not_on_path_native		not_on_path_native		not_on_path_native		not_on_path_native	50265895		not_on_path_native		not_on_path_native	50271933	complete
c2-native-attempt-v1	native	4194304	24	fresh_first_use	0	s4194304-g024-fresh	5e2df1e6a74b4188adf1e6a74b718835	/guest/c2_native_sleep50_r351_direct_events_s4194304_g024	0.0.1@1784738993093	6e4ba0858516016ccd0652197719ef81ca424a212813e7bc3e3fee4f2954e62e	571	true	present	not_on_path_native	not_on_path_native	match	complete	true	ok	aa68874faecd	aa68874faecd:8	true	481	true	false	1784739215687269587	1784739216388219858	1784739216653561586	700.951191	541	553.639401	4194304	4194418		unavailable_no_direct_event	481000000	activation_annotation_initTime		not_on_path_native		not_on_path_native		not_on_path_native		not_on_path_native		not_on_path_native		not_on_path_native		not_on_path_native	53152304		not_on_path_native		not_on_path_native	53207872	complete
c2-native-attempt-v1	native	4194304	24	warm_followup	1	s4194304-g024-warm01	9206580e3877424b86580e3877124b64	/guest/c2_native_sleep50_r351_direct_events_s4194304_g024	0.0.1@1784738993093	6e4ba0858516016ccd0652197719ef81ca424a212813e7bc3e3fee4f2954e62e	572	true	present	not_on_path_native	not_on_path_native	match	complete	true	ok	aa68874faecd	aa68874faecd:8	false		false	true	1784739216653710925	1784739216721085199	1784739216986767539	67.373739	52	553.639401	4194304	4194418		unavailable_no_direct_event		not_repeated_warm		not_on_path_native		not_on_path_native		not_on_path_native		not_on_path_native		not_on_path_native		not_on_path_native		not_on_path_native	50229603		not_on_path_native		not_on_path_native	50245918	complete
c2-native-attempt-v1	native	4194304	24	warm_followup	2	s4194304-g024-warm02	76adc5958357464dadc5958357d64db5	/guest/c2_native_sleep50_r351_direct_events_s4194304_g024	0.0.1@1784738993093	6e4ba0858516016ccd0652197719ef81ca424a212813e7bc3e3fee4f2954e62e	573	true	present	not_on_path_native	not_on_path_native	match	complete	true	ok	aa68874faecd	aa68874faecd:8	false		false	true	1784739216986901574	1784739217050525087	1784739217313925885	63.623534	53	553.639401	4194304	4194418		unavailable_no_direct_event		not_repeated_warm		not_on_path_native		not_on_path_native		not_on_path_native		not_on_path_native		not_on_path_native		not_on_path_native		not_on_path_native	50360856		not_on_path_native		not_on_path_native	50382480	complete
c2-native-attempt-v1	native	4194304	24	warm_followup	3	s4194304-g024-warm03	ce25482c39164ca9a5482c39161ca98d	/guest/c2_native_sleep50_r351_direct_events_s4194304_g024	0.0.1@1784738993093	6e4ba0858516016ccd0652197719ef81ca424a212813e7bc3e3fee4f2954e62e	574	true	present	not_on_path_native	not_on_path_native	match	complete	true	ok	aa68874faecd	aa68874faecd:8	false		false	true	1784739217314052313	1784739217379524181	1784739217642604711	65.471545	52	553.639401	4194304	4194418		unavailable_no_direct_event		not_repeated_warm		not_on_path_native		not_on_path_native		not_on_path_native		not_on_path_native		not_on_path_native		not_on_path_native		not_on_path_native	50190249		not_on_path_native		not_on_path_native	50195638	complete
c2-native-attempt-v1	native	4194304	24	warm_followup	4	s4194304-g024-warm04	fe16be94933749c496be949337f9c480	/guest/c2_native_sleep50_r351_direct_events_s4194304_g024	0.0.1@1784738993093	6e4ba0858516016ccd0652197719ef81ca424a212813e7bc3e3fee4f2954e62e	575	true	present	not_on_path_native	not_on_path_native	match	complete	true	ok	aa68874faecd	aa68874faecd:8	false		false	true	1784739217642727568	1784739217705987084	1784739217973963477	63.259684	52	553.639401	4194304	4194418		unavailable_no_direct_event		not_repeated_warm		not_on_path_native		not_on_path_native		not_on_path_native		not_on_path_native		not_on_path_native		not_on_path_native		not_on_path_native	50187137		not_on_path_native		not_on_path_native	50192890	complete
c2-native-attempt-v1	native	4194304	24	warm_followup	5	s4194304-g024-warm05	1240a183b125429680a183b1252296fd	/guest/c2_native_sleep50_r351_direct_events_s4194304_g024	0.0.1@1784738993093	6e4ba0858516016ccd0652197719ef81ca424a212813e7bc3e3fee4f2954e62e	576	true	present	not_on_path_native	not_on_path_native	match	complete	true	ok	aa68874faecd	aa68874faecd:8	false		false	true	1784739217974129467	1784739218037918836	1784739218052901629	63.789549	52	553.639401	4194304	4194418		unavailable_no_direct_event		not_repeated_warm		not_on_path_native		not_on_path_native		not_on_path_native		not_on_path_native		not_on_path_native		not_on_path_native		not_on_path_native	50256412		not_on_path_native		not_on_path_native	50262036	complete
c2-native-attempt-v1	native	65536	25	fresh_first_use	0	s65536-g025-fresh	0290345924d349b590345924d3b9b528	/guest/c2_native_sleep50_r351_direct_events_s65536_g025	0.0.1@1784738958180	cfdf72644d73d738526140f004348f57783c049582eb007975a60754423f101a	577	true	present	not_on_path_native	not_on_path_native	match	complete	true	ok	d6d33ff07cc3	d6d33ff07cc3:8	true	104	true	false	1784739218053090638	1784739218414798501	1784739218685429638	361.708283	168	49.598832	65536	65650		unavailable_no_direct_event	104000000	activation_annotation_initTime		not_on_path_native		not_on_path_native		not_on_path_native		not_on_path_native		not_on_path_native		not_on_path_native		not_on_path_native	54582795		not_on_path_native		not_on_path_native	54883403	complete
c2-native-attempt-v1	native	65536	25	warm_followup	1	s65536-g025-warm01	485353e51eb44eb79353e51eb42eb790	/guest/c2_native_sleep50_r351_direct_events_s65536_g025	0.0.1@1784738958180	cfdf72644d73d738526140f004348f57783c049582eb007975a60754423f101a	578	true	present	not_on_path_native	not_on_path_native	match	complete	true	ok	d6d33ff07cc3	d6d33ff07cc3:8	false		false	true	1784739218685580460	1784739218751450173	1784739219015700021	65.8695	53	49.598832	65536	65650		unavailable_no_direct_event		not_repeated_warm		not_on_path_native		not_on_path_native		not_on_path_native		not_on_path_native		not_on_path_native		not_on_path_native		not_on_path_native	50264658		not_on_path_native		not_on_path_native	50279032	complete
c2-native-attempt-v1	native	65536	25	warm_followup	2	s65536-g025-warm02	84b8520f4280463cb8520f4280763c4c	/guest/c2_native_sleep50_r351_direct_events_s65536_g025	0.0.1@1784738958180	cfdf72644d73d738526140f004348f57783c049582eb007975a60754423f101a	579	true	present	not_on_path_native	not_on_path_native	match	complete	true	ok	d6d33ff07cc3	d6d33ff07cc3:8	false		false	true	1784739219015830023	1784739219080222392	1784739219344270641	64.392443	53	49.598832	65536	65650		unavailable_no_direct_event		not_repeated_warm		not_on_path_native		not_on_path_native		not_on_path_native		not_on_path_native		not_on_path_native		not_on_path_native		not_on_path_native	49342344		not_on_path_native		not_on_path_native	49367908	complete
c2-native-attempt-v1	native	65536	25	warm_followup	3	s65536-g025-warm03	490de262a3c642988de262a3c602981f	/guest/c2_native_sleep50_r351_direct_events_s65536_g025	0.0.1@1784738958180	cfdf72644d73d738526140f004348f57783c049582eb007975a60754423f101a	580	true	present	not_on_path_native	not_on_path_native	match	complete	true	ok	d6d33ff07cc3	d6d33ff07cc3:8	false		false	true	1784739219344404660	1784739219411686367	1784739219677669103	67.282469	56	49.598832	65536	65650		unavailable_no_direct_event		not_repeated_warm		not_on_path_native		not_on_path_native		not_on_path_native		not_on_path_native		not_on_path_native		not_on_path_native		not_on_path_native	50210558		not_on_path_native		not_on_path_native	50218354	complete
c2-native-attempt-v1	native	65536	25	warm_followup	4	s65536-g025-warm04	034d957f2da642868d957f2da6e28628	/guest/c2_native_sleep50_r351_direct_events_s65536_g025	0.0.1@1784738958180	cfdf72644d73d738526140f004348f57783c049582eb007975a60754423f101a	581	true	present	not_on_path_native	not_on_path_native	match	complete	true	ok	d6d33ff07cc3	d6d33ff07cc3:8	false		false	true	1784739219677805525	1784739219750203374	1784739219758342480	72.39832	53	49.598832	65536	65650		unavailable_no_direct_event		not_repeated_warm		not_on_path_native		not_on_path_native		not_on_path_native		not_on_path_native		not_on_path_native		not_on_path_native		not_on_path_native	50260130		not_on_path_native		not_on_path_native	50267932	complete
c2-native-attempt-v1	native	65536	25	warm_followup	5	s65536-g025-warm05	1685018747274638850187472766383d	/guest/c2_native_sleep50_r351_direct_events_s65536_g025	0.0.1@1784738958180	cfdf72644d73d738526140f004348f57783c049582eb007975a60754423f101a	582	true	present	not_on_path_native	not_on_path_native	match	complete	true	ok	d6d33ff07cc3	d6d33ff07cc3:8	false		false	true	1784739219758453151	1784739219833613995	1784739219842158245	75.161063	53	49.598832	65536	65650		unavailable_no_direct_event		not_repeated_warm		not_on_path_native		not_on_path_native		not_on_path_native		not_on_path_native		not_on_path_native		not_on_path_native		not_on_path_native	50224417		not_on_path_native		not_on_path_native	50231744	complete
c2-native-attempt-v1	native	262144	25	fresh_first_use	0	s262144-g025-fresh	2a888f34fccc461c888f34fccc361ce5	/guest/c2_native_sleep50_r351_direct_events_s262144_g025	0.0.1@1784738963889	126d7637dac0c4b019d78d2c1e5e07ec01a0cb80571b3ad7890dad7021086144	583	true	present	not_on_path_native	not_on_path_native	match	complete	true	ok	9cd46f5c5494	9cd46f5c5494:7	true	132	true	false	1784739219842282045	1784739220129369415	1784739220393062883	287.088079	197	55.524340	262144	262258		unavailable_no_direct_event	132000000	activation_annotation_initTime		not_on_path_native		not_on_path_native		not_on_path_native		not_on_path_native		not_on_path_native		not_on_path_native		not_on_path_native	50794946		not_on_path_native		not_on_path_native	50852132	complete
c2-native-attempt-v1	native	262144	25	warm_followup	1	s262144-g025-warm01	db7186b3e53d4039b186b3e53d1039f4	/guest/c2_native_sleep50_r351_direct_events_s262144_g025	0.0.1@1784738963889	126d7637dac0c4b019d78d2c1e5e07ec01a0cb80571b3ad7890dad7021086144	584	true	present	not_on_path_native	not_on_path_native	match	complete	true	ok	9cd46f5c5494	9cd46f5c5494:7	false		false	true	1784739220393210605	1784739220461862782	1784739220469105088	68.652185	54	55.524340	262144	262258		unavailable_no_direct_event		not_repeated_warm		not_on_path_native		not_on_path_native		not_on_path_native		not_on_path_native		not_on_path_native		not_on_path_native		not_on_path_native	50330762		not_on_path_native		not_on_path_native	50353860	complete
c2-native-attempt-v1	native	262144	25	warm_followup	2	s262144-g025-warm02	1db68b83bfa04270b68b83bfa09270cf	/guest/c2_native_sleep50_r351_direct_events_s262144_g025	0.0.1@1784738963889	126d7637dac0c4b019d78d2c1e5e07ec01a0cb80571b3ad7890dad7021086144	585	true	present	not_on_path_native	not_on_path_native	match	complete	true	ok	9cd46f5c5494	9cd46f5c5494:7	false		false	true	1784739220469232554	1784739220533322729	1784739220804193823	64.090336	53	55.524340	262144	262258		unavailable_no_direct_event		not_repeated_warm		not_on_path_native		not_on_path_native		not_on_path_native		not_on_path_native		not_on_path_native		not_on_path_native		not_on_path_native	50335242		not_on_path_native		not_on_path_native	50355390	complete
c2-native-attempt-v1	native	262144	25	warm_followup	3	s262144-g025-warm03	d33afdd5e8b64724bafdd5e8b667246f	/guest/c2_native_sleep50_r351_direct_events_s262144_g025	0.0.1@1784738963889	126d7637dac0c4b019d78d2c1e5e07ec01a0cb80571b3ad7890dad7021086144	586	true	present	not_on_path_native	not_on_path_native	match	complete	true	ok	9cd46f5c5494	9cd46f5c5494:7	false		false	true	1784739220804414187	1784739220870127709	1784739221136251357	65.713654	53	55.524340	262144	262258		unavailable_no_direct_event		not_repeated_warm		not_on_path_native		not_on_path_native		not_on_path_native		not_on_path_native		not_on_path_native		not_on_path_native		not_on_path_native	50215366		not_on_path_native		not_on_path_native	50221887	complete
c2-native-attempt-v1	native	262144	25	warm_followup	4	s262144-g025-warm04	2fee1764ddc845bcae1764ddc885bc2b	/guest/c2_native_sleep50_r351_direct_events_s262144_g025	0.0.1@1784738963889	126d7637dac0c4b019d78d2c1e5e07ec01a0cb80571b3ad7890dad7021086144	587	true	present	not_on_path_native	not_on_path_native	match	complete	true	ok	9cd46f5c5494	9cd46f5c5494:7	false		false	true	1784739221136381012	1784739221198840744	1784739221461208878	62.459923	52	55.524340	262144	262258		unavailable_no_direct_event		not_repeated_warm		not_on_path_native		not_on_path_native		not_on_path_native		not_on_path_native		not_on_path_native		not_on_path_native		not_on_path_native	50187863		not_on_path_native		not_on_path_native	50192334	complete
c2-native-attempt-v1	native	262144	25	warm_followup	5	s262144-g025-warm05	c8bec782f68a4455bec782f68a445524	/guest/c2_native_sleep50_r351_direct_events_s262144_g025	0.0.1@1784738963889	126d7637dac0c4b019d78d2c1e5e07ec01a0cb80571b3ad7890dad7021086144	588	true	present	not_on_path_native	not_on_path_native	match	complete	true	ok	9cd46f5c5494	9cd46f5c5494:7	false		false	true	1784739221461349589	1784739221525055939	1784739221796286580	63.706249	53	55.524340	262144	262258		unavailable_no_direct_event		not_repeated_warm		not_on_path_native		not_on_path_native		not_on_path_native		not_on_path_native		not_on_path_native		not_on_path_native		not_on_path_native	50173413		not_on_path_native		not_on_path_native	50178615	complete
c2-native-attempt-v1	native	1048576	25	fresh_first_use	0	s1048576-g025-fresh	74dc846bdd5c4e459c846bdd5cae45f1	/guest/c2_native_sleep50_r351_direct_events_s1048576_g025	0.0.1@1784738973228	a9a0084a5c3890f71f64fff73892857e5cc9eb965d264e3634a65d1471b90b6f	589	true	present	not_on_path_native	not_on_path_native	match	complete	true	ok	87329b399021	87329b399021:8	true	147	true	false	1784739221796404776	1784739222104744301	1784739222371116605	308.340454	217	149.302623	1048576	1048690		unavailable_no_direct_event	147000000	activation_annotation_initTime		not_on_path_native		not_on_path_native		not_on_path_native		not_on_path_native		not_on_path_native		not_on_path_native		not_on_path_native	51238367		not_on_path_native		not_on_path_native	51551906	complete
c2-native-attempt-v1	native	1048576	25	warm_followup	1	s1048576-g025-warm01	d72ae1e8a8da4b8aaae1e8a8dacb8ab7	/guest/c2_native_sleep50_r351_direct_events_s1048576_g025	0.0.1@1784738973228	a9a0084a5c3890f71f64fff73892857e5cc9eb965d264e3634a65d1471b90b6f	590	true	present	not_on_path_native	not_on_path_native	match	complete	true	ok	87329b399021	87329b399021:8	false		false	true	1784739222371250788	1784739222455128910	1784739222728500122	83.878588	56	149.302623	1048576	1048690		unavailable_no_direct_event		not_repeated_warm		not_on_path_native		not_on_path_native		not_on_path_native		not_on_path_native		not_on_path_native		not_on_path_native		not_on_path_native	50261535		not_on_path_native		not_on_path_native	50283307	complete
c2-native-attempt-v1	native	1048576	25	warm_followup	2	s1048576-g025-warm02	e399695cfd684e4e99695cfd687e4e7b	/guest/c2_native_sleep50_r351_direct_events_s1048576_g025	0.0.1@1784738973228	a9a0084a5c3890f71f64fff73892857e5cc9eb965d264e3634a65d1471b90b6f	591	true	present	not_on_path_native	not_on_path_native	match	complete	true	ok	87329b399021	87329b399021:8	false		false	true	1784739222728631586	1784739222793937245	1784739222801320039	65.305834	52	149.302623	1048576	1048690		unavailable_no_direct_event		not_repeated_warm		not_on_path_native		not_on_path_native		not_on_path_native		not_on_path_native		not_on_path_native		not_on_path_native		not_on_path_native	50287214		not_on_path_native		not_on_path_native	50310039	complete
c2-native-attempt-v1	native	1048576	25	warm_followup	3	s1048576-g025-warm03	232b01198df04475ab01198df08475ea	/guest/c2_native_sleep50_r351_direct_events_s1048576_g025	0.0.1@1784738973228	a9a0084a5c3890f71f64fff73892857e5cc9eb965d264e3634a65d1471b90b6f	592	true	present	not_on_path_native	not_on_path_native	match	complete	true	ok	87329b399021	87329b399021:8	false		false	true	1784739222801441176	1784739222866336405	1784739223130587805	64.895581	52	149.302623	1048576	1048690		unavailable_no_direct_event		not_repeated_warm		not_on_path_native		not_on_path_native		not_on_path_native		not_on_path_native		not_on_path_native		not_on_path_native		not_on_path_native	50205502		not_on_path_native		not_on_path_native	50213764	complete
c2-native-attempt-v1	native	1048576	25	warm_followup	4	s1048576-g025-warm04	16c4619abcca4aa384619abcca0aa37d	/guest/c2_native_sleep50_r351_direct_events_s1048576_g025	0.0.1@1784738973228	a9a0084a5c3890f71f64fff73892857e5cc9eb965d264e3634a65d1471b90b6f	593	true	present	not_on_path_native	not_on_path_native	match	complete	true	ok	87329b399021	87329b399021:8	false		false	true	1784739223130729963	1784739223196865194	1784739223459624485	66.135303	53	149.302623	1048576	1048690		unavailable_no_direct_event		not_repeated_warm		not_on_path_native		not_on_path_native		not_on_path_native		not_on_path_native		not_on_path_native		not_on_path_native		not_on_path_native	50268231		not_on_path_native		not_on_path_native	50278264	complete
c2-native-attempt-v1	native	1048576	25	warm_followup	5	s1048576-g025-warm05	14ab2aadbc0c4a62ab2aadbc0caa62ac	/guest/c2_native_sleep50_r351_direct_events_s1048576_g025	0.0.1@1784738973228	a9a0084a5c3890f71f64fff73892857e5cc9eb965d264e3634a65d1471b90b6f	594	true	present	not_on_path_native	not_on_path_native	match	complete	true	ok	87329b399021	87329b399021:8	false		false	true	1784739223459754365	1784739223523722209	1784739223787897063	63.968089	53	149.302623	1048576	1048690		unavailable_no_direct_event		not_repeated_warm		not_on_path_native		not_on_path_native		not_on_path_native		not_on_path_native		not_on_path_native		not_on_path_native		not_on_path_native	50232550		not_on_path_native		not_on_path_native	50239572	complete
c2-native-attempt-v1	native	4194304	25	fresh_first_use	0	s4194304-g025-fresh	eb3f8767e12b49f2bf8767e12b39f265	/guest/c2_native_sleep50_r351_direct_events_s4194304_g025	0.0.1@1784738993767	e5d846005a2532395187a061deda346a91ea7268f5e69a0b8d2f2a70d686bb67	595	true	present	not_on_path_native	not_on_path_native	match	complete	true	ok	ef1853c08e1a	ef1853c08e1a:8	true	419	true	false	1784739223788029648	1784739224584250158	1784739224848766314	796.220866	483	493.973910	4194304	4194418		unavailable_no_direct_event	419000000	activation_annotation_initTime		not_on_path_native		not_on_path_native		not_on_path_native		not_on_path_native		not_on_path_native		not_on_path_native		not_on_path_native	50883559		not_on_path_native		not_on_path_native	50941786	complete
c2-native-attempt-v1	native	4194304	25	warm_followup	1	s4194304-g025-warm01	afa0353fbbc74a37a0353fbbc73a37f6	/guest/c2_native_sleep50_r351_direct_events_s4194304_g025	0.0.1@1784738993767	e5d846005a2532395187a061deda346a91ea7268f5e69a0b8d2f2a70d686bb67	596	true	present	not_on_path_native	not_on_path_native	match	complete	true	ok	ef1853c08e1a	ef1853c08e1a:8	false		false	true	1784739224848914570	1784739224914649183	1784739225181971810	65.734467	53	493.973910	4194304	4194418		unavailable_no_direct_event		not_repeated_warm		not_on_path_native		not_on_path_native		not_on_path_native		not_on_path_native		not_on_path_native		not_on_path_native		not_on_path_native	50232971		not_on_path_native		not_on_path_native	50249335	complete
c2-native-attempt-v1	native	4194304	25	warm_followup	2	s4194304-g025-warm02	b737f8fc14364a2cb7f8fc14369a2c16	/guest/c2_native_sleep50_r351_direct_events_s4194304_g025	0.0.1@1784738993767	e5d846005a2532395187a061deda346a91ea7268f5e69a0b8d2f2a70d686bb67	597	true	present	not_on_path_native	not_on_path_native	match	complete	true	ok	ef1853c08e1a	ef1853c08e1a:8	false		false	true	1784739225182154020	1784739225246066639	1784739225509679307	63.912744	53	493.973910	4194304	4194418		unavailable_no_direct_event		not_repeated_warm		not_on_path_native		not_on_path_native		not_on_path_native		not_on_path_native		not_on_path_native		not_on_path_native		not_on_path_native	50234184		not_on_path_native		not_on_path_native	50250683	complete
c2-native-attempt-v1	native	4194304	25	warm_followup	3	s4194304-g025-warm03	f1910dc28b3e4b40910dc28b3e4b40c4	/guest/c2_native_sleep50_r351_direct_events_s4194304_g025	0.0.1@1784738993767	e5d846005a2532395187a061deda346a91ea7268f5e69a0b8d2f2a70d686bb67	598	true	present	not_on_path_native	not_on_path_native	match	complete	true	ok	ef1853c08e1a	ef1853c08e1a:8	false		false	true	1784739225509798295	1784739225575048094	1784739225839999826	65.24998	53	493.973910	4194304	4194418		unavailable_no_direct_event		not_repeated_warm		not_on_path_native		not_on_path_native		not_on_path_native		not_on_path_native		not_on_path_native		not_on_path_native		not_on_path_native	50241714		not_on_path_native		not_on_path_native	50248456	complete
c2-native-attempt-v1	native	4194304	25	warm_followup	4	s4194304-g025-warm04	0d4cb69dc4174a638cb69dc4175a6308	/guest/c2_native_sleep50_r351_direct_events_s4194304_g025	0.0.1@1784738993767	e5d846005a2532395187a061deda346a91ea7268f5e69a0b8d2f2a70d686bb67	599	true	present	not_on_path_native	not_on_path_native	match	complete	true	ok	ef1853c08e1a	ef1853c08e1a:8	false		false	true	1784739225840137809	1784739225903285895	1784739226166888613	63.147954	53	493.973910	4194304	4194418		unavailable_no_direct_event		not_repeated_warm		not_on_path_native		not_on_path_native		not_on_path_native		not_on_path_native		not_on_path_native		not_on_path_native		not_on_path_native	50196462		not_on_path_native		not_on_path_native	50203418	complete
c2-native-attempt-v1	native	4194304	25	warm_followup	5	s4194304-g025-warm05	c5cc033a5e684dcc8c033a5e68edcc50	/guest/c2_native_sleep50_r351_direct_events_s4194304_g025	0.0.1@1784738993767	e5d846005a2532395187a061deda346a91ea7268f5e69a0b8d2f2a70d686bb67	600	true	present	not_on_path_native	not_on_path_native	match	complete	true	ok	ef1853c08e1a	ef1853c08e1a:8	false		false	true	1784739226167020965	1784739226230840733	1784739226493343948	63.819748	51	493.973910	4194304	4194418		unavailable_no_direct_event		not_repeated_warm		not_on_path_native		not_on_path_native		not_on_path_native		not_on_path_native		not_on_path_native		not_on_path_native		not_on_path_native	49225133		not_on_path_native		not_on_path_native	49231559	complete
c2-native-attempt-v1	native	65536	26	fresh_first_use	0	s65536-g026-fresh	1408f41a06d9493488f41a06d9593429	/guest/c2_native_sleep50_r351_direct_events_s65536_g026	0.0.1@1784738958315	66878cc4c4357979c62f7089850d2787d4c5f1af1e5a220df2fff9ec4b1452a4	601	true	present	not_on_path_native	not_on_path_native	match	complete	true	ok	455dba673c09	455dba673c09:8	true	106	true	false	1784739226493481195	1784739226741305362	1784739227009274267	247.82447	167	46.039184	65536	65650		unavailable_no_direct_event	106000000	activation_annotation_initTime		not_on_path_native		not_on_path_native		not_on_path_native		not_on_path_native		not_on_path_native		not_on_path_native		not_on_path_native	54075712		not_on_path_native		not_on_path_native	54128458	complete
c2-native-attempt-v1	native	65536	26	warm_followup	1	s65536-g026-warm01	17b67081865d4b77b67081865d8b777f	/guest/c2_native_sleep50_r351_direct_events_s65536_g026	0.0.1@1784738958315	66878cc4c4357979c62f7089850d2787d4c5f1af1e5a220df2fff9ec4b1452a4	602	true	present	not_on_path_native	not_on_path_native	match	complete	true	ok	455dba673c09	455dba673c09:8	false		false	true	1784739227009415097	1784739227076588862	1784739227343444489	67.173882	53	46.039184	65536	65650		unavailable_no_direct_event		not_repeated_warm		not_on_path_native		not_on_path_native		not_on_path_native		not_on_path_native		not_on_path_native		not_on_path_native		not_on_path_native	50235199		not_on_path_native		not_on_path_native	50250972	complete
c2-native-attempt-v1	native	65536	26	warm_followup	2	s65536-g026-warm02	4b2f99e93bfe49d2af99e93bfe29d24d	/guest/c2_native_sleep50_r351_direct_events_s65536_g026	0.0.1@1784738958315	66878cc4c4357979c62f7089850d2787d4c5f1af1e5a220df2fff9ec4b1452a4	603	true	present	not_on_path_native	not_on_path_native	match	complete	true	ok	455dba673c09	455dba673c09:8	false		false	true	1784739227343649134	1784739227407191404	1784739227670829130	63.542583	51	46.039184	65536	65650		unavailable_no_direct_event		not_repeated_warm		not_on_path_native		not_on_path_native		not_on_path_native		not_on_path_native		not_on_path_native		not_on_path_native		not_on_path_native	49281901		not_on_path_native		not_on_path_native	49296726	complete
c2-native-attempt-v1	native	65536	26	warm_followup	3	s65536-g026-warm03	f98f4de0ffce4fca8f4de0ffceafca53	/guest/c2_native_sleep50_r351_direct_events_s65536_g026	0.0.1@1784738958315	66878cc4c4357979c62f7089850d2787d4c5f1af1e5a220df2fff9ec4b1452a4	604	true	present	not_on_path_native	not_on_path_native	match	complete	true	ok	455dba673c09	455dba673c09:8	false		false	true	1784739227670985030	1784739227732572232	1784739227994424927	61.587239	51	46.039184	65536	65650		unavailable_no_direct_event		not_repeated_warm		not_on_path_native		not_on_path_native		not_on_path_native		not_on_path_native		not_on_path_native		not_on_path_native		not_on_path_native	49278991		not_on_path_native		not_on_path_native	49285439	complete
c2-native-attempt-v1	native	65536	26	warm_followup	4	s65536-g026-warm04	18ed57e22f664dd6ad57e22f66fdd62d	/guest/c2_native_sleep50_r351_direct_events_s65536_g026	0.0.1@1784738958315	66878cc4c4357979c62f7089850d2787d4c5f1af1e5a220df2fff9ec4b1452a4	605	true	present	not_on_path_native	not_on_path_native	match	complete	true	ok	455dba673c09	455dba673c09:8	false		false	true	1784739227994563504	1784739228057398658	1784739228320905359	62.831452	52	46.039184	65536	65650		unavailable_no_direct_event		not_repeated_warm		not_on_path_native		not_on_path_native		not_on_path_native		not_on_path_native		not_on_path_native		not_on_path_native		not_on_path_native	50190105		not_on_path_native		not_on_path_native	50196018	complete
c2-native-attempt-v1	native	65536	26	warm_followup	5	s65536-g026-warm05	bad5528d2ee047ae95528d2ee0c7aea5	/guest/c2_native_sleep50_r351_direct_events_s65536_g026	0.0.1@1784738958315	66878cc4c4357979c62f7089850d2787d4c5f1af1e5a220df2fff9ec4b1452a4	606	true	present	not_on_path_native	not_on_path_native	match	complete	true	ok	455dba673c09	455dba673c09:8	false		false	true	1784739228321036786	1784739228392624896	1784739228661411049	71.588401	53	46.039184	65536	65650		unavailable_no_direct_event		not_repeated_warm		not_on_path_native		not_on_path_native		not_on_path_native		not_on_path_native		not_on_path_native		not_on_path_native		not_on_path_native	50183623		not_on_path_native		not_on_path_native	50190408	complete
c2-native-attempt-v1	native	262144	26	fresh_first_use	0	s262144-g026-fresh	594bfe865cec43e68bfe865cec33e661	/guest/c2_native_sleep50_r351_direct_events_s262144_g026	0.0.1@1784738964012	fb8a47e927d25d4941da112ca8e1943e9e604d9518a62f4223fbd30ad419a981	607	true	present	not_on_path_native	not_on_path_native	match	complete	true	ok	a6ad06e339ff	a6ad06e339ff:7	true	127	true	false	1784739228661549738	1784739228929076952	1784739229196266677	267.52808	187	52.661692	262144	262258		unavailable_no_direct_event	127000000	activation_annotation_initTime		not_on_path_native		not_on_path_native		not_on_path_native		not_on_path_native		not_on_path_native		not_on_path_native		not_on_path_native	50762487		not_on_path_native		not_on_path_native	50828035	complete
c2-native-attempt-v1	native	262144	26	warm_followup	1	s262144-g026-warm01	f7d7e2ae5b4f4fd697e2ae5b4fcfd67f	/guest/c2_native_sleep50_r351_direct_events_s262144_g026	0.0.1@1784738964012	fb8a47e927d25d4941da112ca8e1943e9e604d9518a62f4223fbd30ad419a981	608	true	present	not_on_path_native	not_on_path_native	match	complete	true	ok	a6ad06e339ff	a6ad06e339ff:7	false		false	true	1784739229196419171	1784739229267661012	1784739229275839347	71.242041	54	52.661692	262144	262258		unavailable_no_direct_event		not_repeated_warm		not_on_path_native		not_on_path_native		not_on_path_native		not_on_path_native		not_on_path_native		not_on_path_native		not_on_path_native	50849167		not_on_path_native		not_on_path_native	50869231	complete
c2-native-attempt-v1	native	262144	26	warm_followup	2	s262144-g026-warm02	f38cdf99f8054e4a8cdf99f805be4aff	/guest/c2_native_sleep50_r351_direct_events_s262144_g026	0.0.1@1784738964012	fb8a47e927d25d4941da112ca8e1943e9e604d9518a62f4223fbd30ad419a981	609	true	present	not_on_path_native	not_on_path_native	match	complete	true	ok	a6ad06e339ff	a6ad06e339ff:7	false		false	true	1784739229275977948	1784739229343466990	1784739229606643626	67.489698	54	52.661692	262144	262258		unavailable_no_direct_event		not_repeated_warm		not_on_path_native		not_on_path_native		not_on_path_native		not_on_path_native		not_on_path_native		not_on_path_native		not_on_path_native	50352687		not_on_path_native		not_on_path_native	50376746	complete
c2-native-attempt-v1	native	262144	26	warm_followup	3	s262144-g026-warm03	6091a91b9e744c7691a91b9e74fc767e	/guest/c2_native_sleep50_r351_direct_events_s262144_g026	0.0.1@1784738964012	fb8a47e927d25d4941da112ca8e1943e9e604d9518a62f4223fbd30ad419a981	610	true	present	not_on_path_native	not_on_path_native	match	complete	true	ok	a6ad06e339ff	a6ad06e339ff:7	false		false	true	1784739229606777028	1784739229672247781	1784739229937041464	65.47105	54	52.661692	262144	262258		unavailable_no_direct_event		not_repeated_warm		not_on_path_native		not_on_path_native		not_on_path_native		not_on_path_native		not_on_path_native		not_on_path_native		not_on_path_native	50324892		not_on_path_native		not_on_path_native	50335739	complete
c2-native-attempt-v1	native	262144	26	warm_followup	4	s262144-g026-warm04	7f0dcba719134eda8dcba71913eeda15	/guest/c2_native_sleep50_r351_direct_events_s262144_g026	0.0.1@1784738964012	fb8a47e927d25d4941da112ca8e1943e9e604d9518a62f4223fbd30ad419a981	611	true	present	not_on_path_native	not_on_path_native	match	complete	true	ok	a6ad06e339ff	a6ad06e339ff:7	false		false	true	1784739229937179694	1784739230011349800	1784739230017418620	74.170361	53	52.661692	262144	262258		unavailable_no_direct_event		not_repeated_warm		not_on_path_native		not_on_path_native		not_on_path_native		not_on_path_native		not_on_path_native		not_on_path_native		not_on_path_native	50214790		not_on_path_native		not_on_path_native	50221898	complete
c2-native-attempt-v1	native	262144	26	warm_followup	5	s262144-g026-warm05	102b059fecff40d8ab059fecffa0d840	/guest/c2_native_sleep50_r351_direct_events_s262144_g026	0.0.1@1784738964012	fb8a47e927d25d4941da112ca8e1943e9e604d9518a62f4223fbd30ad419a981	612	true	present	not_on_path_native	not_on_path_native	match	complete	true	ok	a6ad06e339ff	a6ad06e339ff:7	false		false	true	1784739230017552487	1784739230086985249	1784739230363988650	69.433304	57	52.661692	262144	262258		unavailable_no_direct_event		not_repeated_warm		not_on_path_native		not_on_path_native		not_on_path_native		not_on_path_native		not_on_path_native		not_on_path_native		not_on_path_native	50237685		not_on_path_native		not_on_path_native	50246435	complete
c2-native-attempt-v1	native	1048576	26	fresh_first_use	0	s1048576-g026-fresh	ea451463108c4fd9851463108cafd9bf	/guest/c2_native_sleep50_r351_direct_events_s1048576_g026	0.0.1@1784738973448	065789b0bc0a1145fe8658d4fbc758d7f4e9a505193362f2c3683371cb1539fc	613	true	present	not_on_path_native	not_on_path_native	match	complete	true	ok	6fa99dcdde77	6fa99dcdde77:8	true	146	true	false	1784739230364183769	1784739230658441698	1784739230922440729	294.258298	202	145.098176	1048576	1048690		unavailable_no_direct_event	146000000	activation_annotation_initTime		not_on_path_native		not_on_path_native		not_on_path_native		not_on_path_native		not_on_path_native		not_on_path_native		not_on_path_native	51578597		not_on_path_native		not_on_path_native	51626265	complete
c2-native-attempt-v1	native	1048576	26	warm_followup	1	s1048576-g026-warm01	ba92c269c44747dd92c269c44777dd14	/guest/c2_native_sleep50_r351_direct_events_s1048576_g026	0.0.1@1784738973448	065789b0bc0a1145fe8658d4fbc758d7f4e9a505193362f2c3683371cb1539fc	614	true	present	not_on_path_native	not_on_path_native	match	complete	true	ok	6fa99dcdde77	6fa99dcdde77:8	false		false	true	1784739230922575762	1784739230990852426	1784739231255036887	68.276847	54	145.098176	1048576	1048690		unavailable_no_direct_event		not_repeated_warm		not_on_path_native		not_on_path_native		not_on_path_native		not_on_path_native		not_on_path_native		not_on_path_native		not_on_path_native	50303988		not_on_path_native		not_on_path_native	50325343	complete
c2-native-attempt-v1	native	1048576	26	warm_followup	2	s1048576-g026-warm02	a57d6de68b9f4389bd6de68b9fd389b9	/guest/c2_native_sleep50_r351_direct_events_s1048576_g026	0.0.1@1784738973448	065789b0bc0a1145fe8658d4fbc758d7f4e9a505193362f2c3683371cb1539fc	615	true	present	not_on_path_native	not_on_path_native	match	complete	true	ok	6fa99dcdde77	6fa99dcdde77:8	false		false	true	1784739231255175968	1784739231319818213	1784739231585526420	64.642457	53	145.098176	1048576	1048690		unavailable_no_direct_event		not_repeated_warm		not_on_path_native		not_on_path_native		not_on_path_native		not_on_path_native		not_on_path_native		not_on_path_native		not_on_path_native	50310078		not_on_path_native		not_on_path_native	50328881	complete
c2-native-attempt-v1	native	1048576	26	warm_followup	3	s1048576-g026-warm03	be8660c4b499417e8660c4b499d17e3a	/guest/c2_native_sleep50_r351_direct_events_s1048576_g026	0.0.1@1784738973448	065789b0bc0a1145fe8658d4fbc758d7f4e9a505193362f2c3683371cb1539fc	616	true	present	not_on_path_native	not_on_path_native	match	complete	true	ok	6fa99dcdde77	6fa99dcdde77:8	false		false	true	1784739231585658423	1784739231649411116	1784739231913611890	63.752503	53	145.098176	1048576	1048690		unavailable_no_direct_event		not_repeated_warm		not_on_path_native		not_on_path_native		not_on_path_native		not_on_path_native		not_on_path_native		not_on_path_native		not_on_path_native	50241373		not_on_path_native		not_on_path_native	50248282	complete
c2-native-attempt-v1	native	1048576	26	warm_followup	4	s1048576-g026-warm04	16bd99aa63ec4a96bd99aa63ec8a9620	/guest/c2_native_sleep50_r351_direct_events_s1048576_g026	0.0.1@1784738973448	065789b0bc0a1145fe8658d4fbc758d7f4e9a505193362f2c3683371cb1539fc	617	true	present	not_on_path_native	not_on_path_native	match	complete	true	ok	6fa99dcdde77	6fa99dcdde77:8	false		false	true	1784739231913733908	1784739231978356913	1784739231987830440	64.623409	52	145.098176	1048576	1048690		unavailable_no_direct_event		not_repeated_warm		not_on_path_native		not_on_path_native		not_on_path_native		not_on_path_native		not_on_path_native		not_on_path_native		not_on_path_native	50216002		not_on_path_native		not_on_path_native	50222778	complete
c2-native-attempt-v1	native	1048576	26	warm_followup	5	s1048576-g026-warm05	20964cc2239c4a6f964cc2239cda6fee	/guest/c2_native_sleep50_r351_direct_events_s1048576_g026	0.0.1@1784738973448	065789b0bc0a1145fe8658d4fbc758d7f4e9a505193362f2c3683371cb1539fc	618	true	present	not_on_path_native	not_on_path_native	match	complete	true	ok	6fa99dcdde77	6fa99dcdde77:8	false		false	true	1784739231987957422	1784739232053744610	1784739232325165299	65.787808	53	145.098176	1048576	1048690		unavailable_no_direct_event		not_repeated_warm		not_on_path_native		not_on_path_native		not_on_path_native		not_on_path_native		not_on_path_native		not_on_path_native		not_on_path_native	50303772		not_on_path_native		not_on_path_native	50310839	complete
c2-native-attempt-v1	native	4194304	26	fresh_first_use	0	s4194304-g026-fresh	fad025fb922541409025fb92253140ab	/guest/c2_native_sleep50_r351_direct_events_s4194304_g026	0.0.1@1784738994383	4680d5cb3cd7c1805a6987e82c37e485885d41815a125107418bda348457a6e3	619	true	present	not_on_path_native	not_on_path_native	match	complete	true	ok	56e1d9ed5791	56e1d9ed5791:8	true	491	true	false	1784739232325359558	1784739233094259170	1784739233101688690	768.899877	548	493.048256	4194304	4194418		unavailable_no_direct_event	491000000	activation_annotation_initTime		not_on_path_native		not_on_path_native		not_on_path_native		not_on_path_native		not_on_path_native		not_on_path_native		not_on_path_native	50573849		not_on_path_native		not_on_path_native	50622664	complete
c2-native-attempt-v1	native	4194304	26	warm_followup	1	s4194304-g026-warm01	3624c61ab7964dc9a4c61ab7967dc9f2	/guest/c2_native_sleep50_r351_direct_events_s4194304_g026	0.0.1@1784738994383	4680d5cb3cd7c1805a6987e82c37e485885d41815a125107418bda348457a6e3	620	true	present	not_on_path_native	not_on_path_native	match	complete	true	ok	56e1d9ed5791	56e1d9ed5791:8	false		false	true	1784739233101838601	1784739233168984193	1784739233430820081	67.145831	53	493.048256	4194304	4194418		unavailable_no_direct_event		not_repeated_warm		not_on_path_native		not_on_path_native		not_on_path_native		not_on_path_native		not_on_path_native		not_on_path_native		not_on_path_native	50341517		not_on_path_native		not_on_path_native	50355387	complete
c2-native-attempt-v1	native	4194304	26	warm_followup	2	s4194304-g026-warm02	27e820454fd74060a820454fd78060c2	/guest/c2_native_sleep50_r351_direct_events_s4194304_g026	0.0.1@1784738994383	4680d5cb3cd7c1805a6987e82c37e485885d41815a125107418bda348457a6e3	621	true	present	not_on_path_native	not_on_path_native	match	complete	true	ok	56e1d9ed5791	56e1d9ed5791:8	false		false	true	1784739233430939390	1784739233494608168	1784739233758143425	63.669046	53	493.048256	4194304	4194418		unavailable_no_direct_event		not_repeated_warm		not_on_path_native		not_on_path_native		not_on_path_native		not_on_path_native		not_on_path_native		not_on_path_native		not_on_path_native	50244496		not_on_path_native		not_on_path_native	50263229	complete
c2-native-attempt-v1	native	4194304	26	warm_followup	3	s4194304-g026-warm03	4bdd4fcb013b4f5e9d4fcb013b7f5e0d	/guest/c2_native_sleep50_r351_direct_events_s4194304_g026	0.0.1@1784738994383	4680d5cb3cd7c1805a6987e82c37e485885d41815a125107418bda348457a6e3	622	true	present	not_on_path_native	not_on_path_native	match	complete	true	ok	56e1d9ed5791	56e1d9ed5791:8	false		false	true	1784739233758272173	1784739233821510007	1784739234093634415	63.238443	51	493.048256	4194304	4194418		unavailable_no_direct_event		not_repeated_warm		not_on_path_native		not_on_path_native		not_on_path_native		not_on_path_native		not_on_path_native		not_on_path_native		not_on_path_native	49182099		not_on_path_native		not_on_path_native	49187267	complete
c2-native-attempt-v1	native	4194304	26	warm_followup	4	s4194304-g026-warm04	b70c5ba5dea04b6b8c5ba5dea0fb6b4a	/guest/c2_native_sleep50_r351_direct_events_s4194304_g026	0.0.1@1784738994383	4680d5cb3cd7c1805a6987e82c37e485885d41815a125107418bda348457a6e3	623	true	present	not_on_path_native	not_on_path_native	match	complete	true	ok	56e1d9ed5791	56e1d9ed5791:8	false		false	true	1784739234093761562	1784739234158461613	1784739234167301737	64.699811	52	493.048256	4194304	4194418		unavailable_no_direct_event		not_repeated_warm		not_on_path_native		not_on_path_native		not_on_path_native		not_on_path_native		not_on_path_native		not_on_path_native		not_on_path_native	50186418		not_on_path_native		not_on_path_native	50191644	complete
c2-native-attempt-v1	native	4194304	26	warm_followup	5	s4194304-g026-warm05	c14900b404a74d3a8900b404a74d3a30	/guest/c2_native_sleep50_r351_direct_events_s4194304_g026	0.0.1@1784738994383	4680d5cb3cd7c1805a6987e82c37e485885d41815a125107418bda348457a6e3	624	true	present	not_on_path_native	not_on_path_native	match	complete	true	ok	56e1d9ed5791	56e1d9ed5791:8	false		false	true	1784739234167420158	1784739234233177248	1784739234494609529	65.757228	52	493.048256	4194304	4194418		unavailable_no_direct_event		not_repeated_warm		not_on_path_native		not_on_path_native		not_on_path_native		not_on_path_native		not_on_path_native		not_on_path_native		not_on_path_native	50160235		not_on_path_native		not_on_path_native	50165239	complete
c2-native-attempt-v1	native	65536	27	fresh_first_use	0	s65536-g027-fresh	64b373beedb14ef2b373beedb13ef2a9	/guest/c2_native_sleep50_r351_direct_events_s65536_g027	0.0.1@1784738958425	664f451f708ad71bb0bd4721821f2d95ededdfa6b66a030170fa2ef2f5d051ef	625	true	present	not_on_path_native	not_on_path_native	match	complete	true	ok	315f46dc34d1	315f46dc34d1:8	true	119	true	false	1784739234494779437	1784739234767360265	1784739234777248883	272.581391	180	44.878254	65536	65650		unavailable_no_direct_event	119000000	activation_annotation_initTime		not_on_path_native		not_on_path_native		not_on_path_native		not_on_path_native		not_on_path_native		not_on_path_native		not_on_path_native	52647983		not_on_path_native		not_on_path_native	52700318	complete
c2-native-attempt-v1	native	65536	27	warm_followup	1	s65536-g027-warm01	f5693bb0c7d74862a93bb0c7d7286239	/guest/c2_native_sleep50_r351_direct_events_s65536_g027	0.0.1@1784738958425	664f451f708ad71bb0bd4721821f2d95ededdfa6b66a030170fa2ef2f5d051ef	626	true	present	not_on_path_native	not_on_path_native	match	complete	true	ok	315f46dc34d1	315f46dc34d1:8	false		false	true	1784739234777381530	1784739234857113519	1784739235120304826	79.731975	64	44.878254	65536	65650		unavailable_no_direct_event		not_repeated_warm		not_on_path_native		not_on_path_native		not_on_path_native		not_on_path_native		not_on_path_native		not_on_path_native		not_on_path_native	50361372		not_on_path_native		not_on_path_native	50384786	complete
c2-native-attempt-v1	native	65536	27	warm_followup	2	s65536-g027-warm02	8525ca8c04e449fea5ca8c04e409fe39	/guest/c2_native_sleep50_r351_direct_events_s65536_g027	0.0.1@1784738958425	664f451f708ad71bb0bd4721821f2d95ededdfa6b66a030170fa2ef2f5d051ef	627	true	present	not_on_path_native	not_on_path_native	match	complete	true	ok	315f46dc34d1	315f46dc34d1:8	false		false	true	1784739235120428784	1784739235186208716	1784739235458299384	65.780337	53	44.878254	65536	65650		unavailable_no_direct_event		not_repeated_warm		not_on_path_native		not_on_path_native		not_on_path_native		not_on_path_native		not_on_path_native		not_on_path_native		not_on_path_native	50252920		not_on_path_native		not_on_path_native	50270462	complete
c2-native-attempt-v1	native	65536	27	warm_followup	3	s65536-g027-warm03	967063762ba54c0db063762ba55c0d70	/guest/c2_native_sleep50_r351_direct_events_s65536_g027	0.0.1@1784738958425	664f451f708ad71bb0bd4721821f2d95ededdfa6b66a030170fa2ef2f5d051ef	628	true	present	not_on_path_native	not_on_path_native	match	complete	true	ok	315f46dc34d1	315f46dc34d1:8	false		false	true	1784739235458421404	1784739235523211544	1784739235532336813	64.790284	54	44.878254	65536	65650		unavailable_no_direct_event		not_repeated_warm		not_on_path_native		not_on_path_native		not_on_path_native		not_on_path_native		not_on_path_native		not_on_path_native		not_on_path_native	50202618		not_on_path_native		not_on_path_native	50208705	complete
c2-native-attempt-v1	native	65536	27	warm_followup	4	s65536-g027-warm04	9e781ede1353482fb81ede1353382f6b	/guest/c2_native_sleep50_r351_direct_events_s65536_g027	0.0.1@1784738958425	664f451f708ad71bb0bd4721821f2d95ededdfa6b66a030170fa2ef2f5d051ef	629	true	present	not_on_path_native	not_on_path_native	match	complete	true	ok	315f46dc34d1	315f46dc34d1:8	false		false	true	1784739235532505693	1784739235594869368	1784739235857917586	62.363644	52	44.878254	65536	65650		unavailable_no_direct_event		not_repeated_warm		not_on_path_native		not_on_path_native		not_on_path_native		not_on_path_native		not_on_path_native		not_on_path_native		not_on_path_native	50219641		not_on_path_native		not_on_path_native	50225233	complete
c2-native-attempt-v1	native	65536	27	warm_followup	5	s65536-g027-warm05	1fa0dba5d0bc443aa0dba5d0bcf43ac4	/guest/c2_native_sleep50_r351_direct_events_s65536_g027	0.0.1@1784738958425	664f451f708ad71bb0bd4721821f2d95ededdfa6b66a030170fa2ef2f5d051ef	630	true	present	not_on_path_native	not_on_path_native	match	complete	true	ok	315f46dc34d1	315f46dc34d1:8	false		false	true	1784739235858080680	1784739235922943943	1784739236187035005	64.863313	53	44.878254	65536	65650		unavailable_no_direct_event		not_repeated_warm		not_on_path_native		not_on_path_native		not_on_path_native		not_on_path_native		not_on_path_native		not_on_path_native		not_on_path_native	50201364		not_on_path_native		not_on_path_native	50207961	complete
c2-native-attempt-v1	native	262144	27	fresh_first_use	0	s262144-g027-fresh	e5032799dfee42ca832799dfee82cace	/guest/c2_native_sleep50_r351_direct_events_s262144_g027	0.0.1@1784738964132	6ad41dc0ae16295bccec3f57c9fa4a6b971d500099c449d46cb338ecd2eb1d8f	631	true	present	not_on_path_native	not_on_path_native	match	complete	true	ok	3bc488fc815c	3bc488fc815c:8	true	70	true	false	1784739236187204187	1784739236497417500	1784739236762597027	310.213948	125	64.964349	262144	262258		unavailable_no_direct_event	70000000	activation_annotation_initTime		not_on_path_native		not_on_path_native		not_on_path_native		not_on_path_native		not_on_path_native		not_on_path_native		not_on_path_native	50600544		not_on_path_native		not_on_path_native	50648515	complete
c2-native-attempt-v1	native	262144	27	warm_followup	1	s262144-g027-warm01	c8209cd20b8b4c7da09cd20b8bbc7da2	/guest/c2_native_sleep50_r351_direct_events_s262144_g027	0.0.1@1784738964132	6ad41dc0ae16295bccec3f57c9fa4a6b971d500099c449d46cb338ecd2eb1d8f	632	true	present	not_on_path_native	not_on_path_native	match	complete	true	ok	3bc488fc815c	3bc488fc815c:8	false		false	true	1784739236762737984	1784739236837533255	1784739236843882592	74.794992	54	64.964349	262144	262258		unavailable_no_direct_event		not_repeated_warm		not_on_path_native		not_on_path_native		not_on_path_native		not_on_path_native		not_on_path_native		not_on_path_native		not_on_path_native	50320543		not_on_path_native		not_on_path_native	50341866	complete
c2-native-attempt-v1	native	262144	27	warm_followup	2	s262144-g027-warm02	a79a083728fc46ce9a083728fc16ce9f	/guest/c2_native_sleep50_r351_direct_events_s262144_g027	0.0.1@1784738964132	6ad41dc0ae16295bccec3f57c9fa4a6b971d500099c449d46cb338ecd2eb1d8f	633	true	present	not_on_path_native	not_on_path_native	match	complete	true	ok	3bc488fc815c	3bc488fc815c:8	false		false	true	1784739236844021925	1784739236912461257	1784739236919309493	68.439395	53	64.964349	262144	262258		unavailable_no_direct_event		not_repeated_warm		not_on_path_native		not_on_path_native		not_on_path_native		not_on_path_native		not_on_path_native		not_on_path_native		not_on_path_native	50330074		not_on_path_native		not_on_path_native	50350615	complete
c2-native-attempt-v1	native	262144	27	warm_followup	3	s262144-g027-warm03	1213dee74151429893dee74151f298e9	/guest/c2_native_sleep50_r351_direct_events_s262144_g027	0.0.1@1784738964132	6ad41dc0ae16295bccec3f57c9fa4a6b971d500099c449d46cb338ecd2eb1d8f	634	true	present	not_on_path_native	not_on_path_native	match	complete	true	ok	3bc488fc815c	3bc488fc815c:8	false		false	true	1784739236919447596	1784739236982469933	1784739237251322373	63.0226	52	64.964349	262144	262258		unavailable_no_direct_event		not_repeated_warm		not_on_path_native		not_on_path_native		not_on_path_native		not_on_path_native		not_on_path_native		not_on_path_native		not_on_path_native	50177354		not_on_path_native		not_on_path_native	50182578	complete
c2-native-attempt-v1	native	262144	27	warm_followup	4	s262144-g027-warm04	7b6d9bac1ab04188ad9bac1ab0218810	/guest/c2_native_sleep50_r351_direct_events_s262144_g027	0.0.1@1784738964132	6ad41dc0ae16295bccec3f57c9fa4a6b971d500099c449d46cb338ecd2eb1d8f	635	true	present	not_on_path_native	not_on_path_native	match	complete	true	ok	3bc488fc815c	3bc488fc815c:8	false		false	true	1784739237251461841	1784739237316233971	1784739237323768573	64.771983	53	64.964349	262144	262258		unavailable_no_direct_event		not_repeated_warm		not_on_path_native		not_on_path_native		not_on_path_native		not_on_path_native		not_on_path_native		not_on_path_native		not_on_path_native	50215840		not_on_path_native		not_on_path_native	50222342	complete
c2-native-attempt-v1	native	262144	27	warm_followup	5	s262144-g027-warm05	fb8fc17a8a8d44458fc17a8a8d844556	/guest/c2_native_sleep50_r351_direct_events_s262144_g027	0.0.1@1784738964132	6ad41dc0ae16295bccec3f57c9fa4a6b971d500099c449d46cb338ecd2eb1d8f	636	true	present	not_on_path_native	not_on_path_native	match	complete	true	ok	3bc488fc815c	3bc488fc815c:8	false		false	true	1784739237323914735	1784739237388134827	1784739237649985649	64.22017	51	64.964349	262144	262258		unavailable_no_direct_event		not_repeated_warm		not_on_path_native		not_on_path_native		not_on_path_native		not_on_path_native		not_on_path_native		not_on_path_native		not_on_path_native	49206663		not_on_path_native		not_on_path_native	49212221	complete
c2-native-attempt-v1	native	1048576	27	fresh_first_use	0	s1048576-g027-fresh	f57054129d61464eb054129d61364e6a	/guest/c2_native_sleep50_r351_direct_events_s1048576_g027	0.0.1@1784738973681	641e3e602711bc80c152cc7c40dcb7c5a6c9bf0af486b127d851ddf4141fd0df	637	true	present	not_on_path_native	not_on_path_native	match	complete	true	ok	8e47078c1a01	8e47078c1a01:8	true	183	true	false	1784739237650128667	1784739238036419642	1784739238299744788	386.291422	249	182.749337	1048576	1048690		unavailable_no_direct_event	183000000	activation_annotation_initTime		not_on_path_native		not_on_path_native		not_on_path_native		not_on_path_native		not_on_path_native		not_on_path_native		not_on_path_native	50058946		not_on_path_native		not_on_path_native	50116670	complete
c2-native-attempt-v1	native	1048576	27	warm_followup	1	s1048576-g027-warm01	0fc009e82b684f208009e82b68ff2021	/guest/c2_native_sleep50_r351_direct_events_s1048576_g027	0.0.1@1784738973681	641e3e602711bc80c152cc7c40dcb7c5a6c9bf0af486b127d851ddf4141fd0df	638	true	present	not_on_path_native	not_on_path_native	match	complete	true	ok	8e47078c1a01	8e47078c1a01:8	false		false	true	1784739238299888573	1784739238370541798	1784739238641013523	70.653067	55	182.749337	1048576	1048690		unavailable_no_direct_event		not_repeated_warm		not_on_path_native		not_on_path_native		not_on_path_native		not_on_path_native		not_on_path_native		not_on_path_native		not_on_path_native	49196755		not_on_path_native		not_on_path_native	49212414	complete
c2-native-attempt-v1	native	1048576	27	warm_followup	2	s1048576-g027-warm02	b12e88616aeb4eecae88616aebceec8c	/guest/c2_native_sleep50_r351_direct_events_s1048576_g027	0.0.1@1784738973681	641e3e602711bc80c152cc7c40dcb7c5a6c9bf0af486b127d851ddf4141fd0df	639	true	present	not_on_path_native	not_on_path_native	match	complete	true	ok	8e47078c1a01	8e47078c1a01:8	false		false	true	1784739238641200911	1784739238710177644	1784739238974036288	68.976655	52	182.749337	1048576	1048690		unavailable_no_direct_event		not_repeated_warm		not_on_path_native		not_on_path_native		not_on_path_native		not_on_path_native		not_on_path_native		not_on_path_native		not_on_path_native	50277393		not_on_path_native		not_on_path_native	50298429	complete
c2-native-attempt-v1	native	1048576	27	warm_followup	3	s1048576-g027-warm03	b2e108ba59524fc1a108ba5952bfc196	/guest/c2_native_sleep50_r351_direct_events_s1048576_g027	0.0.1@1784738973681	641e3e602711bc80c152cc7c40dcb7c5a6c9bf0af486b127d851ddf4141fd0df	640	true	present	not_on_path_native	not_on_path_native	match	complete	true	ok	8e47078c1a01	8e47078c1a01:8	false		false	true	1784739238974191726	1784739239038385640	1784739239306484079	64.194076	51	182.749337	1048576	1048690		unavailable_no_direct_event		not_repeated_warm		not_on_path_native		not_on_path_native		not_on_path_native		not_on_path_native		not_on_path_native		not_on_path_native		not_on_path_native	49282061		not_on_path_native		not_on_path_native	49287557	complete
c2-native-attempt-v1	native	1048576	27	warm_followup	4	s1048576-g027-warm04	80461bb45ff44faa861bb45ff43faaf7	/guest/c2_native_sleep50_r351_direct_events_s1048576_g027	0.0.1@1784738973681	641e3e602711bc80c152cc7c40dcb7c5a6c9bf0af486b127d851ddf4141fd0df	641	true	present	not_on_path_native	not_on_path_native	match	complete	true	ok	8e47078c1a01	8e47078c1a01:8	false		false	true	1784739239306628719	1784739239368528995	1784739239630433439	61.900554	51	182.749337	1048576	1048690		unavailable_no_direct_event		not_repeated_warm		not_on_path_native		not_on_path_native		not_on_path_native		not_on_path_native		not_on_path_native		not_on_path_native		not_on_path_native	49213536		not_on_path_native		not_on_path_native	49218493	complete
c2-native-attempt-v1	native	1048576	27	warm_followup	5	s1048576-g027-warm05	49a38791108348e2a38791108308e2c0	/guest/c2_native_sleep50_r351_direct_events_s1048576_g027	0.0.1@1784738973681	641e3e602711bc80c152cc7c40dcb7c5a6c9bf0af486b127d851ddf4141fd0df	642	true	present	not_on_path_native	not_on_path_native	match	complete	true	ok	8e47078c1a01	8e47078c1a01:8	false		false	true	1784739239630592202	1784739239693875386	1784739239956672838	63.283069	52	182.749337	1048576	1048690		unavailable_no_direct_event		not_repeated_warm		not_on_path_native		not_on_path_native		not_on_path_native		not_on_path_native		not_on_path_native		not_on_path_native		not_on_path_native	50170944		not_on_path_native		not_on_path_native	50175751	complete
c2-native-attempt-v1	native	4194304	27	fresh_first_use	0	s4194304-g027-fresh	2c919f62e36a45eb919f62e36a85ebe5	/guest/c2_native_sleep50_r351_direct_events_s4194304_g027	0.0.1@1784738995033	80bf09ed2067cd043ab3f86f399bae5e5e0cb2ba955fe2cd53870e7892b645c8	643	true	present	not_on_path_native	not_on_path_native	match	complete	true	ok	20287b923b33	20287b923b33:8	true	406	true	false	1784739239956807880	1784739240711400947	1784739240980605843	754.593604	462	509.605752	4194304	4194418		unavailable_no_direct_event	406000000	activation_annotation_initTime		not_on_path_native		not_on_path_native		not_on_path_native		not_on_path_native		not_on_path_native		not_on_path_native		not_on_path_native	50986076		not_on_path_native		not_on_path_native	51024512	complete
c2-native-attempt-v1	native	4194304	27	warm_followup	1	s4194304-g027-warm01	dc7e9e3553b94447be9e3553b95447f8	/guest/c2_native_sleep50_r351_direct_events_s4194304_g027	0.0.1@1784738995033	80bf09ed2067cd043ab3f86f399bae5e5e0cb2ba955fe2cd53870e7892b645c8	644	true	present	not_on_path_native	not_on_path_native	match	complete	true	ok	20287b923b33	20287b923b33:8	false		false	true	1784739240980736137	1784739241048923308	1784739241316126681	68.187	54	509.605752	4194304	4194418		unavailable_no_direct_event		not_repeated_warm		not_on_path_native		not_on_path_native		not_on_path_native		not_on_path_native		not_on_path_native		not_on_path_native		not_on_path_native	50421316		not_on_path_native		not_on_path_native	50440249	complete
c2-native-attempt-v1	native	4194304	27	warm_followup	2	s4194304-g027-warm02	ae2d609c740348e3ad609c740358e32d	/guest/c2_native_sleep50_r351_direct_events_s4194304_g027	0.0.1@1784738995033	80bf09ed2067cd043ab3f86f399bae5e5e0cb2ba955fe2cd53870e7892b645c8	645	true	present	not_on_path_native	not_on_path_native	match	complete	true	ok	20287b923b33	20287b923b33:8	false		false	true	1784739241316277453	1784739241380769314	1784739241643742834	64.491695	53	509.605752	4194304	4194418		unavailable_no_direct_event		not_repeated_warm		not_on_path_native		not_on_path_native		not_on_path_native		not_on_path_native		not_on_path_native		not_on_path_native		not_on_path_native	50225873		not_on_path_native		not_on_path_native	50241889	complete
c2-native-attempt-v1	native	4194304	27	warm_followup	3	s4194304-g027-warm03	0d3daccde0f84769bdaccde0f8d76993	/guest/c2_native_sleep50_r351_direct_events_s4194304_g027	0.0.1@1784738995033	80bf09ed2067cd043ab3f86f399bae5e5e0cb2ba955fe2cd53870e7892b645c8	646	true	present	not_on_path_native	not_on_path_native	match	complete	true	ok	20287b923b33	20287b923b33:8	false		false	true	1784739241643870410	1784739241714598794	1784739241978574190	70.720853	58	509.605752	4194304	4194418		unavailable_no_direct_event		not_repeated_warm		not_on_path_native		not_on_path_native		not_on_path_native		not_on_path_native		not_on_path_native		not_on_path_native		not_on_path_native	49232420		not_on_path_native		not_on_path_native	49239436	complete
c2-native-attempt-v1	native	4194304	27	warm_followup	4	s4194304-g027-warm04	bc6eae2e76804a2faeae2e76808a2f15	/guest/c2_native_sleep50_r351_direct_events_s4194304_g027	0.0.1@1784738995033	80bf09ed2067cd043ab3f86f399bae5e5e0cb2ba955fe2cd53870e7892b645c8	647	true	present	not_on_path_native	not_on_path_native	match	complete	true	ok	20287b923b33	20287b923b33:8	false		false	true	1784739241978694336	1784739242041311616	1784739242308333780	62.617342	52	509.605752	4194304	4194418		unavailable_no_direct_event		not_repeated_warm		not_on_path_native		not_on_path_native		not_on_path_native		not_on_path_native		not_on_path_native		not_on_path_native		not_on_path_native	50277866		not_on_path_native		not_on_path_native	50284103	complete
c2-native-attempt-v1	native	4194304	27	warm_followup	5	s4194304-g027-warm05	56d906eb8b3647749906eb8b3657744d	/guest/c2_native_sleep50_r351_direct_events_s4194304_g027	0.0.1@1784738995033	80bf09ed2067cd043ab3f86f399bae5e5e0cb2ba955fe2cd53870e7892b645c8	648	true	present	not_on_path_native	not_on_path_native	match	complete	true	ok	20287b923b33	20287b923b33:8	false		false	true	1784739242308457729	1784739242373911996	1784739242643789505	65.454191	52	509.605752	4194304	4194418		unavailable_no_direct_event		not_repeated_warm		not_on_path_native		not_on_path_native		not_on_path_native		not_on_path_native		not_on_path_native		not_on_path_native		not_on_path_native	50169094		not_on_path_native		not_on_path_native	50174849	complete
c2-native-attempt-v1	native	65536	28	fresh_first_use	0	s65536-g028-fresh	cec07263eda243ce807263eda2d3ce38	/guest/c2_native_sleep50_r351_direct_events_s65536_g028	0.0.1@1784738958543	2fd165d8c9dd419201a7d3427732e036acce60bbd7f0c50c162eccd0525a788f	649	true	present	not_on_path_native	not_on_path_native	match	complete	true	ok	e624a1c8b967	e624a1c8b967:7	true	123	true	false	1784739242643930787	1784739243024917756	1784739243289868269	380.988128	181	45.061638	65536	65650		unavailable_no_direct_event	123000000	activation_annotation_initTime		not_on_path_native		not_on_path_native		not_on_path_native		not_on_path_native		not_on_path_native		not_on_path_native		not_on_path_native	49902851		not_on_path_native		not_on_path_native	49957413	complete
c2-native-attempt-v1	native	65536	28	warm_followup	1	s65536-g028-warm01	e961fcf137a04043a1fcf137a0204357	/guest/c2_native_sleep50_r351_direct_events_s65536_g028	0.0.1@1784738958543	2fd165d8c9dd419201a7d3427732e036acce60bbd7f0c50c162eccd0525a788f	650	true	present	not_on_path_native	not_on_path_native	match	complete	true	ok	e624a1c8b967	e624a1c8b967:7	false		false	true	1784739243290002963	1784739243374180287	1784739243381230175	84.177457	53	45.061638	65536	65650		unavailable_no_direct_event		not_repeated_warm		not_on_path_native		not_on_path_native		not_on_path_native		not_on_path_native		not_on_path_native		not_on_path_native		not_on_path_native	50235108		not_on_path_native		not_on_path_native	50251620	complete
c2-native-attempt-v1	native	65536	28	warm_followup	2	s65536-g028-warm02	e439e340c95f4876b9e340c95f8876d9	/guest/c2_native_sleep50_r351_direct_events_s65536_g028	0.0.1@1784738958543	2fd165d8c9dd419201a7d3427732e036acce60bbd7f0c50c162eccd0525a788f	651	true	present	not_on_path_native	not_on_path_native	match	complete	true	ok	e624a1c8b967	e624a1c8b967:7	false		false	true	1784739243381405441	1784739243446458232	1784739243710229395	65.053183	52	45.061638	65536	65650		unavailable_no_direct_event		not_repeated_warm		not_on_path_native		not_on_path_native		not_on_path_native		not_on_path_native		not_on_path_native		not_on_path_native		not_on_path_native	50249351		not_on_path_native		not_on_path_native	50274561	complete
c2-native-attempt-v1	native	65536	28	warm_followup	3	s65536-g028-warm03	131f4adc5a74453c9f4adc5a74f53c8e	/guest/c2_native_sleep50_r351_direct_events_s65536_g028	0.0.1@1784738958543	2fd165d8c9dd419201a7d3427732e036acce60bbd7f0c50c162eccd0525a788f	652	true	present	not_on_path_native	not_on_path_native	match	complete	true	ok	e624a1c8b967	e624a1c8b967:7	false		false	true	1784739243710367932	1784739243777318547	1784739244043494372	66.950558	53	45.061638	65536	65650		unavailable_no_direct_event		not_repeated_warm		not_on_path_native		not_on_path_native		not_on_path_native		not_on_path_native		not_on_path_native		not_on_path_native		not_on_path_native	50268335		not_on_path_native		not_on_path_native	50274230	complete
c2-native-attempt-v1	native	65536	28	warm_followup	4	s65536-g028-warm04	ac6230095ba446e4a230095ba456e423	/guest/c2_native_sleep50_r351_direct_events_s65536_g028	0.0.1@1784738958543	2fd165d8c9dd419201a7d3427732e036acce60bbd7f0c50c162eccd0525a788f	653	true	present	not_on_path_native	not_on_path_native	match	complete	true	ok	e624a1c8b967	e624a1c8b967:7	false		false	true	1784739244043693704	1784739244108547532	1784739244115204385	64.853915	53	45.061638	65536	65650		unavailable_no_direct_event		not_repeated_warm		not_on_path_native		not_on_path_native		not_on_path_native		not_on_path_native		not_on_path_native		not_on_path_native		not_on_path_native	50202468		not_on_path_native		not_on_path_native	50208911	complete
c2-native-attempt-v1	native	65536	28	warm_followup	5	s65536-g028-warm05	1c6c63b0b6ff48daac63b0b6ffa8da67	/guest/c2_native_sleep50_r351_direct_events_s65536_g028	0.0.1@1784738958543	2fd165d8c9dd419201a7d3427732e036acce60bbd7f0c50c162eccd0525a788f	654	true	present	not_on_path_native	not_on_path_native	match	complete	true	ok	e624a1c8b967	e624a1c8b967:7	false		false	true	1784739244115325948	1784739244177783443	1784739244444028995	62.457598	52	45.061638	65536	65650		unavailable_no_direct_event		not_repeated_warm		not_on_path_native		not_on_path_native		not_on_path_native		not_on_path_native		not_on_path_native		not_on_path_native		not_on_path_native	50204651		not_on_path_native		not_on_path_native	50211278	complete
c2-native-attempt-v1	native	262144	28	fresh_first_use	0	s262144-g028-fresh	a67a4609b9f24008ba4609b9f2c00859	/guest/c2_native_sleep50_r351_direct_events_s262144_g028	0.0.1@1784738964257	51b4b2b82e759159520e5043d3d0fe96f35a480eafb511e2783d5c98c2585db7	655	true	present	not_on_path_native	not_on_path_native	match	complete	true	ok	264ee032a87c	264ee032a87c:9	true	143	true	false	1784739244444147011	1784739244880296607	1784739244886220096	436.150326	211	54.899730	262144	262258		unavailable_no_direct_event	143000000	activation_annotation_initTime		not_on_path_native		not_on_path_native		not_on_path_native		not_on_path_native		not_on_path_native		not_on_path_native		not_on_path_native	53898558		not_on_path_native		not_on_path_native	53949819	complete
c2-native-attempt-v1	native	262144	28	warm_followup	1	s262144-g028-warm01	5ad020034b7549f79020034b75d9f7a2	/guest/c2_native_sleep50_r351_direct_events_s262144_g028	0.0.1@1784738964257	51b4b2b82e759159520e5043d3d0fe96f35a480eafb511e2783d5c98c2585db7	656	true	present	not_on_path_native	not_on_path_native	match	complete	true	ok	264ee032a87c	264ee032a87c:9	false		false	true	1784739244886348229	1784739244962879384	1784739245225105233	76.531262	61	54.899730	262144	262258		unavailable_no_direct_event		not_repeated_warm		not_on_path_native		not_on_path_native		not_on_path_native		not_on_path_native		not_on_path_native		not_on_path_native		not_on_path_native	54194728		not_on_path_native		not_on_path_native	54248233	complete
c2-native-attempt-v1	native	262144	28	warm_followup	2	s262144-g028-warm02	5018c3f68340439d98c3f68340a39d41	/guest/c2_native_sleep50_r351_direct_events_s262144_g028	0.0.1@1784738964257	51b4b2b82e759159520e5043d3d0fe96f35a480eafb511e2783d5c98c2585db7	657	true	present	not_on_path_native	not_on_path_native	match	complete	true	ok	264ee032a87c	264ee032a87c:9	false		false	true	1784739245225236349	1784739245298377447	1784739245563445439	73.141189	53	54.899730	262144	262258		unavailable_no_direct_event		not_repeated_warm		not_on_path_native		not_on_path_native		not_on_path_native		not_on_path_native		not_on_path_native		not_on_path_native		not_on_path_native	50281534		not_on_path_native		not_on_path_native	50300969	complete
c2-native-attempt-v1	native	262144	28	warm_followup	3	s262144-g028-warm03	9afdacf0f6064469bdacf0f6066469a8	/guest/c2_native_sleep50_r351_direct_events_s262144_g028	0.0.1@1784738964257	51b4b2b82e759159520e5043d3d0fe96f35a480eafb511e2783d5c98c2585db7	658	true	present	not_on_path_native	not_on_path_native	match	complete	true	ok	264ee032a87c	264ee032a87c:9	false		false	true	1784739245563597714	1784739245628917332	1784739245898291374	65.31972	51	54.899730	262144	262258		unavailable_no_direct_event		not_repeated_warm		not_on_path_native		not_on_path_native		not_on_path_native		not_on_path_native		not_on_path_native		not_on_path_native		not_on_path_native	49242890		not_on_path_native		not_on_path_native	49248562	complete
c2-native-attempt-v1	native	262144	28	warm_followup	4	s262144-g028-warm04	2714e726755f4bb594e726755f0bb5f7	/guest/c2_native_sleep50_r351_direct_events_s262144_g028	0.0.1@1784738964257	51b4b2b82e759159520e5043d3d0fe96f35a480eafb511e2783d5c98c2585db7	659	true	present	not_on_path_native	not_on_path_native	match	complete	true	ok	264ee032a87c	264ee032a87c:9	false		false	true	1784739245898422869	1784739245961397441	1784739246225862826	62.974739	53	54.899730	262144	262258		unavailable_no_direct_event		not_repeated_warm		not_on_path_native		not_on_path_native		not_on_path_native		not_on_path_native		not_on_path_native		not_on_path_native		not_on_path_native	50189932		not_on_path_native		not_on_path_native	50195205	complete
c2-native-attempt-v1	native	262144	28	warm_followup	5	s262144-g028-warm05	aa14c4d653434afd94c4d653437afdba	/guest/c2_native_sleep50_r351_direct_events_s262144_g028	0.0.1@1784738964257	51b4b2b82e759159520e5043d3d0fe96f35a480eafb511e2783d5c98c2585db7	660	true	present	not_on_path_native	not_on_path_native	match	complete	true	ok	264ee032a87c	264ee032a87c:9	false		false	true	1784739246225978022	1784739246292664315	1784739246298504126	66.686496	53	54.899730	262144	262258		unavailable_no_direct_event		not_repeated_warm		not_on_path_native		not_on_path_native		not_on_path_native		not_on_path_native		not_on_path_native		not_on_path_native		not_on_path_native	50208078		not_on_path_native		not_on_path_native	50216436	complete
c2-native-attempt-v1	native	1048576	28	fresh_first_use	0	s1048576-g028-fresh	66287efb6b754f35a87efb6b752f3559	/guest/c2_native_sleep50_r351_direct_events_s1048576_g028	0.0.1@1784738974021	821eec3a8d75d5d2f320693580f5758ff942d26a775a45cdb0cccfe6b992eb6a	661	true	present	not_on_path_native	not_on_path_native	match	complete	true	ok	1ad30620477d	1ad30620477d:8	true	183	true	false	1784739246298620820	1784739246788342943	1784739247053813359	489.723472	240	152.658987	1048576	1048690		unavailable_no_direct_event	183000000	activation_annotation_initTime		not_on_path_native		not_on_path_native		not_on_path_native		not_on_path_native		not_on_path_native		not_on_path_native		not_on_path_native	51277110		not_on_path_native		not_on_path_native	51321438	complete
c2-native-attempt-v1	native	1048576	28	warm_followup	1	s1048576-g028-warm01	a1bcf108897b4940bcf108897be940f2	/guest/c2_native_sleep50_r351_direct_events_s1048576_g028	0.0.1@1784738974021	821eec3a8d75d5d2f320693580f5758ff942d26a775a45cdb0cccfe6b992eb6a	662	true	present	not_on_path_native	not_on_path_native	match	complete	true	ok	1ad30620477d	1ad30620477d:8	false		false	true	1784739247053982341	1784739247132620001	1784739247396617744	78.637519	54	152.658987	1048576	1048690		unavailable_no_direct_event		not_repeated_warm		not_on_path_native		not_on_path_native		not_on_path_native		not_on_path_native		not_on_path_native		not_on_path_native		not_on_path_native	50238780		not_on_path_native		not_on_path_native	50257846	complete
c2-native-attempt-v1	native	1048576	28	warm_followup	2	s1048576-g028-warm02	3b9b0553617e49899b0553617e1989c0	/guest/c2_native_sleep50_r351_direct_events_s1048576_g028	0.0.1@1784738974021	821eec3a8d75d5d2f320693580f5758ff942d26a775a45cdb0cccfe6b992eb6a	663	true	present	not_on_path_native	not_on_path_native	match	complete	true	ok	1ad30620477d	1ad30620477d:8	false		false	true	1784739247396755612	1784739247457898441	1784739247723308836	61.143002	51	152.658987	1048576	1048690		unavailable_no_direct_event		not_repeated_warm		not_on_path_native		not_on_path_native		not_on_path_native		not_on_path_native		not_on_path_native		not_on_path_native		not_on_path_native	49269569		not_on_path_native		not_on_path_native	49295001	complete
c2-native-attempt-v1	native	1048576	28	warm_followup	3	s1048576-g028-warm03	24ffed97a6e5496abfed97a6e5496ae6	/guest/c2_native_sleep50_r351_direct_events_s1048576_g028	0.0.1@1784738974021	821eec3a8d75d5d2f320693580f5758ff942d26a775a45cdb0cccfe6b992eb6a	664	true	present	not_on_path_native	not_on_path_native	match	complete	true	ok	1ad30620477d	1ad30620477d:8	false		false	true	1784739247723436279	1784739247788834664	1784739248053186184	65.398348	53	152.658987	1048576	1048690		unavailable_no_direct_event		not_repeated_warm		not_on_path_native		not_on_path_native		not_on_path_native		not_on_path_native		not_on_path_native		not_on_path_native		not_on_path_native	50191884		not_on_path_native		not_on_path_native	50197028	complete
c2-native-attempt-v1	native	1048576	28	warm_followup	4	s1048576-g028-warm04	48f0a4a05edc4201b0a4a05edc020115	/guest/c2_native_sleep50_r351_direct_events_s1048576_g028	0.0.1@1784738974021	821eec3a8d75d5d2f320693580f5758ff942d26a775a45cdb0cccfe6b992eb6a	665	true	present	not_on_path_native	not_on_path_native	match	complete	true	ok	1ad30620477d	1ad30620477d:8	false		false	true	1784739248053332904	1784739248119164605	1784739248127009703	65.831974	52	152.658987	1048576	1048690		unavailable_no_direct_event		not_repeated_warm		not_on_path_native		not_on_path_native		not_on_path_native		not_on_path_native		not_on_path_native		not_on_path_native		not_on_path_native	50193762		not_on_path_native		not_on_path_native	50198609	complete
c2-native-attempt-v1	native	1048576	28	warm_followup	5	s1048576-g028-warm05	6e82ad308038432b82ad308038a32be3	/guest/c2_native_sleep50_r351_direct_events_s1048576_g028	0.0.1@1784738974021	821eec3a8d75d5d2f320693580f5758ff942d26a775a45cdb0cccfe6b992eb6a	666	true	present	not_on_path_native	not_on_path_native	match	complete	true	ok	1ad30620477d	1ad30620477d:8	false		false	true	1784739248127133079	1784739248190166495	1784739248455208335	63.033514	52	152.658987	1048576	1048690		unavailable_no_direct_event		not_repeated_warm		not_on_path_native		not_on_path_native		not_on_path_native		not_on_path_native		not_on_path_native		not_on_path_native		not_on_path_native	50231461		not_on_path_native		not_on_path_native	50236397	complete
c2-native-attempt-v1	native	4194304	28	fresh_first_use	0	s4194304-g028-fresh	e4640e47739e4763a40e47739e5763ff	/guest/c2_native_sleep50_r351_direct_events_s4194304_g028	0.0.1@1784738995896	7c92d1178f7072df96acbb03962a8d733bd3c409cef7d87a421f25f4db3b2ec7	667	true	present	not_on_path_native	not_on_path_native	match	complete	true	ok	34d97e9e6b04	34d97e9e6b04:8	true	366	true	false	1784739248455393872	1784739249013041100	1784739249277886779	557.648063	430	657.485021	4194304	4194418		unavailable_no_direct_event	366000000	activation_annotation_initTime		not_on_path_native		not_on_path_native		not_on_path_native		not_on_path_native		not_on_path_native		not_on_path_native		not_on_path_native	50727535		not_on_path_native		not_on_path_native	50768851	complete
c2-native-attempt-v1	native	4194304	28	warm_followup	1	s4194304-g028-warm01	90b4907e085d41dbb4907e085db1db64	/guest/c2_native_sleep50_r351_direct_events_s4194304_g028	0.0.1@1784738995896	7c92d1178f7072df96acbb03962a8d733bd3c409cef7d87a421f25f4db3b2ec7	668	true	present	not_on_path_native	not_on_path_native	match	complete	true	ok	34d97e9e6b04	34d97e9e6b04:8	false		false	true	1784739249278031042	1784739249348875222	1784739249610835852	70.84426	54	657.485021	4194304	4194418		unavailable_no_direct_event		not_repeated_warm		not_on_path_native		not_on_path_native		not_on_path_native		not_on_path_native		not_on_path_native		not_on_path_native		not_on_path_native	50283154		not_on_path_native		not_on_path_native	50302340	complete
c2-native-attempt-v1	native	4194304	28	warm_followup	2	s4194304-g028-warm02	4504a169924c46a284a169924cb6a2ff	/guest/c2_native_sleep50_r351_direct_events_s4194304_g028	0.0.1@1784738995896	7c92d1178f7072df96acbb03962a8d733bd3c409cef7d87a421f25f4db3b2ec7	669	true	present	not_on_path_native	not_on_path_native	match	complete	true	ok	34d97e9e6b04	34d97e9e6b04:8	false		false	true	1784739249610967060	1784739249674057351	1784739249940899240	63.090525	53	657.485021	4194304	4194418		unavailable_no_direct_event		not_repeated_warm		not_on_path_native		not_on_path_native		not_on_path_native		not_on_path_native		not_on_path_native		not_on_path_native		not_on_path_native	50257315		not_on_path_native		not_on_path_native	50278011	complete
c2-native-attempt-v1	native	4194304	28	warm_followup	3	s4194304-g028-warm03	5384f09713cb4b7884f09713cb3b781f	/guest/c2_native_sleep50_r351_direct_events_s4194304_g028	0.0.1@1784738995896	7c92d1178f7072df96acbb03962a8d733bd3c409cef7d87a421f25f4db3b2ec7	670	true	present	not_on_path_native	not_on_path_native	match	complete	true	ok	34d97e9e6b04	34d97e9e6b04:8	false		false	true	1784739249941033985	1784739250019008623	1784739250028347475	77.974469	56	657.485021	4194304	4194418		unavailable_no_direct_event		not_repeated_warm		not_on_path_native		not_on_path_native		not_on_path_native		not_on_path_native		not_on_path_native		not_on_path_native		not_on_path_native	50344599		not_on_path_native		not_on_path_native	50352763	complete
c2-native-attempt-v1	native	4194304	28	warm_followup	4	s4194304-g028-warm04	97b6c4100e3343b2b6c4100e3383b250	/guest/c2_native_sleep50_r351_direct_events_s4194304_g028	0.0.1@1784738995896	7c92d1178f7072df96acbb03962a8d733bd3c409cef7d87a421f25f4db3b2ec7	671	true	present	not_on_path_native	not_on_path_native	match	complete	true	ok	34d97e9e6b04	34d97e9e6b04:8	false		false	true	1784739250028511384	1784739250092493424	1784739250353837784	63.982049	52	657.485021	4194304	4194418		unavailable_no_direct_event		not_repeated_warm		not_on_path_native		not_on_path_native		not_on_path_native		not_on_path_native		not_on_path_native		not_on_path_native		not_on_path_native	50164981		not_on_path_native		not_on_path_native	50170781	complete
c2-native-attempt-v1	native	4194304	28	warm_followup	5	s4194304-g028-warm05	84f2c003ccff4616b2c003ccffc61631	/guest/c2_native_sleep50_r351_direct_events_s4194304_g028	0.0.1@1784738995896	7c92d1178f7072df96acbb03962a8d733bd3c409cef7d87a421f25f4db3b2ec7	672	true	present	not_on_path_native	not_on_path_native	match	complete	true	ok	34d97e9e6b04	34d97e9e6b04:8	false		false	true	1784739250353964935	1784739250417105442	1784739250688984851	63.140744	52	657.485021	4194304	4194418		unavailable_no_direct_event		not_repeated_warm		not_on_path_native		not_on_path_native		not_on_path_native		not_on_path_native		not_on_path_native		not_on_path_native		not_on_path_native	50207507		not_on_path_native		not_on_path_native	50213510	complete
c2-native-attempt-v1	native	65536	29	fresh_first_use	0	s65536-g029-fresh	1b74e9ad489c48e4b4e9ad489c98e402	/guest/c2_native_sleep50_r351_direct_events_s65536_g029	0.0.1@1784738958658	ca7549f3b64cbfeb84e89f5b22f4053f2f8ec532f277e67f8dd1f04d6cf954b7	673	true	present	not_on_path_native	not_on_path_native	match	complete	true	ok	a4170572899f	a4170572899f:8	true	73	true	false	1784739250689138501	1784739250917424209	1784739251181919190	228.286717	132	39.334324	65536	65650		unavailable_no_direct_event	73000000	activation_annotation_initTime		not_on_path_native		not_on_path_native		not_on_path_native		not_on_path_native		not_on_path_native		not_on_path_native		not_on_path_native	51709892		not_on_path_native		not_on_path_native	51765640	complete
c2-native-attempt-v1	native	65536	29	warm_followup	1	s65536-g029-warm01	05bbb61a168b4875bbb61a168b9875c9	/guest/c2_native_sleep50_r351_direct_events_s65536_g029	0.0.1@1784738958658	ca7549f3b64cbfeb84e89f5b22f4053f2f8ec532f277e67f8dd1f04d6cf954b7	674	true	present	not_on_path_native	not_on_path_native	match	complete	true	ok	a4170572899f	a4170572899f:8	false		false	true	1784739251182053996	1784739251249803944	1784739251514880169	67.750009	55	39.334324	65536	65650		unavailable_no_direct_event		not_repeated_warm		not_on_path_native		not_on_path_native		not_on_path_native		not_on_path_native		not_on_path_native		not_on_path_native		not_on_path_native	50299221		not_on_path_native		not_on_path_native	50316856	complete
c2-native-attempt-v1	native	65536	29	warm_followup	2	s65536-g029-warm02	90a32255b9bc42baa32255b9bc92ba19	/guest/c2_native_sleep50_r351_direct_events_s65536_g029	0.0.1@1784738958658	ca7549f3b64cbfeb84e89f5b22f4053f2f8ec532f277e67f8dd1f04d6cf954b7	675	true	present	not_on_path_native	not_on_path_native	match	complete	true	ok	a4170572899f	a4170572899f:8	false		false	true	1784739251515009549	1784739251577804853	1784739251842348505	62.795897	51	39.334324	65536	65650		unavailable_no_direct_event		not_repeated_warm		not_on_path_native		not_on_path_native		not_on_path_native		not_on_path_native		not_on_path_native		not_on_path_native		not_on_path_native	49253843		not_on_path_native		not_on_path_native	49272174	complete
c2-native-attempt-v1	native	65536	29	warm_followup	3	s65536-g029-warm03	89fc9ac0320e4e8bbc9ac0320ede8bfa	/guest/c2_native_sleep50_r351_direct_events_s65536_g029	0.0.1@1784738958658	ca7549f3b64cbfeb84e89f5b22f4053f2f8ec532f277e67f8dd1f04d6cf954b7	676	true	present	not_on_path_native	not_on_path_native	match	complete	true	ok	a4170572899f	a4170572899f:8	false		false	true	1784739251842482537	1784739251914735648	1784739252177788356	72.253108	52	39.334324	65536	65650		unavailable_no_direct_event		not_repeated_warm		not_on_path_native		not_on_path_native		not_on_path_native		not_on_path_native		not_on_path_native		not_on_path_native		not_on_path_native	50216264		not_on_path_native		not_on_path_native	50221387	complete
c2-native-attempt-v1	native	65536	29	warm_followup	4	s65536-g029-warm04	9142d778271349ff82d778271309ffa1	/guest/c2_native_sleep50_r351_direct_events_s65536_g029	0.0.1@1784738958658	ca7549f3b64cbfeb84e89f5b22f4053f2f8ec532f277e67f8dd1f04d6cf954b7	677	true	present	not_on_path_native	not_on_path_native	match	complete	true	ok	a4170572899f	a4170572899f:8	false		false	true	1784739252177970560	1784739252247173712	1784739252260839675	69.203253	51	39.334324	65536	65650		unavailable_no_direct_event		not_repeated_warm		not_on_path_native		not_on_path_native		not_on_path_native		not_on_path_native		not_on_path_native		not_on_path_native		not_on_path_native	49202964		not_on_path_native		not_on_path_native	49207543	complete
c2-native-attempt-v1	native	65536	29	warm_followup	5	s65536-g029-warm05	ecd72ac75fa1489d972ac75fa1d89daa	/guest/c2_native_sleep50_r351_direct_events_s65536_g029	0.0.1@1784738958658	ca7549f3b64cbfeb84e89f5b22f4053f2f8ec532f277e67f8dd1f04d6cf954b7	678	true	present	not_on_path_native	not_on_path_native	match	complete	true	ok	a4170572899f	a4170572899f:8	false		false	true	1784739252261008080	1784739252323721882	1784739252588282457	62.713917	51	39.334324	65536	65650		unavailable_no_direct_event		not_repeated_warm		not_on_path_native		not_on_path_native		not_on_path_native		not_on_path_native		not_on_path_native		not_on_path_native		not_on_path_native	50169584		not_on_path_native		not_on_path_native	50173904	complete
c2-native-attempt-v1	native	262144	29	fresh_first_use	0	s262144-g029-fresh	5cbbe26abd0a4140bbe26abd0af1400d	/guest/c2_native_sleep50_r351_direct_events_s262144_g029	0.0.1@1784738964399	6e17ffbe347bce1f26aa0f883e60e08f05515ee97de0c56d883e949bf4139fb6	679	true	present	not_on_path_native	not_on_path_native	match	complete	true	ok	8277294170c7	8277294170c7:8	true	196	true	false	1784739252588421053	1784739253064125552	1784739253332933527	475.705532	269	72.862365	262144	262258		unavailable_no_direct_event	196000000	activation_annotation_initTime		not_on_path_native		not_on_path_native		not_on_path_native		not_on_path_native		not_on_path_native		not_on_path_native		not_on_path_native	50240639		not_on_path_native		not_on_path_native	50300147	complete
c2-native-attempt-v1	native	262144	29	warm_followup	1	s262144-g029-warm01	6525237ebb5a4384a5237ebb5a0384dd	/guest/c2_native_sleep50_r351_direct_events_s262144_g029	0.0.1@1784738964399	6e17ffbe347bce1f26aa0f883e60e08f05515ee97de0c56d883e949bf4139fb6	680	true	present	not_on_path_native	not_on_path_native	match	complete	true	ok	8277294170c7	8277294170c7:8	false		false	true	1784739253333069054	1784739253401079670	1784739253663877158	68.010728	53	72.862365	262144	262258		unavailable_no_direct_event		not_repeated_warm		not_on_path_native		not_on_path_native		not_on_path_native		not_on_path_native		not_on_path_native		not_on_path_native		not_on_path_native	50303105		not_on_path_native		not_on_path_native	50322639	complete
c2-native-attempt-v1	native	262144	29	warm_followup	2	s262144-g029-warm02	852a60c4372c4415aa60c4372cc415c4	/guest/c2_native_sleep50_r351_direct_events_s262144_g029	0.0.1@1784738964399	6e17ffbe347bce1f26aa0f883e60e08f05515ee97de0c56d883e949bf4139fb6	681	true	present	not_on_path_native	not_on_path_native	match	complete	true	ok	8277294170c7	8277294170c7:8	false		false	true	1784739253664016291	1784739253728274673	1784739254021701378	64.258649	52	72.862365	262144	262258		unavailable_no_direct_event		not_repeated_warm		not_on_path_native		not_on_path_native		not_on_path_native		not_on_path_native		not_on_path_native		not_on_path_native		not_on_path_native	49309794		not_on_path_native		not_on_path_native	49328714	complete
c2-native-attempt-v1	native	262144	29	warm_followup	3	s262144-g029-warm03	31274d23caac49e0a74d23caac49e04d	/guest/c2_native_sleep50_r351_direct_events_s262144_g029	0.0.1@1784738964399	6e17ffbe347bce1f26aa0f883e60e08f05515ee97de0c56d883e949bf4139fb6	682	true	present	not_on_path_native	not_on_path_native	match	complete	true	ok	8277294170c7	8277294170c7:8	false		false	true	1784739254021834840	1784739254088218432	1784739254353122849	66.383547	54	72.862365	262144	262258		unavailable_no_direct_event		not_repeated_warm		not_on_path_native		not_on_path_native		not_on_path_native		not_on_path_native		not_on_path_native		not_on_path_native		not_on_path_native	50307123		not_on_path_native		not_on_path_native	50316128	complete
c2-native-attempt-v1	native	262144	29	warm_followup	4	s262144-g029-warm04	1142320ebf10466382320ebf10b66371	/guest/c2_native_sleep50_r351_direct_events_s262144_g029	0.0.1@1784738964399	6e17ffbe347bce1f26aa0f883e60e08f05515ee97de0c56d883e949bf4139fb6	683	true	present	not_on_path_native	not_on_path_native	match	complete	true	ok	8277294170c7	8277294170c7:8	false		false	true	1784739254353281159	1784739254423837810	1784739254430716994	70.55704	53	72.862365	262144	262258		unavailable_no_direct_event		not_repeated_warm		not_on_path_native		not_on_path_native		not_on_path_native		not_on_path_native		not_on_path_native		not_on_path_native		not_on_path_native	50299186		not_on_path_native		not_on_path_native	50307857	complete
c2-native-attempt-v1	native	262144	29	warm_followup	5	s262144-g029-warm05	7e97a02f1aaa4d2a97a02f1aaa2d2ae1	/guest/c2_native_sleep50_r351_direct_events_s262144_g029	0.0.1@1784738964399	6e17ffbe347bce1f26aa0f883e60e08f05515ee97de0c56d883e949bf4139fb6	684	true	present	not_on_path_native	not_on_path_native	match	complete	true	ok	8277294170c7	8277294170c7:8	false		false	true	1784739254430843734	1784739254498270095	1784739254762569290	67.426706	53	72.862365	262144	262258		unavailable_no_direct_event		not_repeated_warm		not_on_path_native		not_on_path_native		not_on_path_native		not_on_path_native		not_on_path_native		not_on_path_native		not_on_path_native	50227400		not_on_path_native		not_on_path_native	50235195	complete
c2-native-attempt-v1	native	1048576	29	fresh_first_use	0	s1048576-g029-fresh	83925558840b4ddb925558840b5ddbb0	/guest/c2_native_sleep50_r351_direct_events_s1048576_g029	0.0.1@1784738974324	649ef2b8c18e063149100f8459126fda07a1e885b5f0b4924c74c9326735bd8f	685	true	present	not_on_path_native	not_on_path_native	match	complete	true	ok	332e91231c31	332e91231c31:7	true	169	true	false	1784739254762717261	1784739255204042056	1784739255210935003	441.325359	226	228.292318	1048576	1048690		unavailable_no_direct_event	169000000	activation_annotation_initTime		not_on_path_native		not_on_path_native		not_on_path_native		not_on_path_native		not_on_path_native		not_on_path_native		not_on_path_native	50915418		not_on_path_native		not_on_path_native	50971815	complete
c2-native-attempt-v1	native	1048576	29	warm_followup	1	s1048576-g029-warm01	9ab76fd0ce8c4090b76fd0ce8c109019	/guest/c2_native_sleep50_r351_direct_events_s1048576_g029	0.0.1@1784738974324	649ef2b8c18e063149100f8459126fda07a1e885b5f0b4924c74c9326735bd8f	686	true	present	not_on_path_native	not_on_path_native	match	complete	true	ok	332e91231c31	332e91231c31:7	false		false	true	1784739255211076638	1784739255283347139	1784739255548766417	72.270562	54	228.292318	1048576	1048690		unavailable_no_direct_event		not_repeated_warm		not_on_path_native		not_on_path_native		not_on_path_native		not_on_path_native		not_on_path_native		not_on_path_native		not_on_path_native	49528655		not_on_path_native		not_on_path_native	49553771	complete
c2-native-attempt-v1	native	1048576	29	warm_followup	2	s1048576-g029-warm02	2598986c53e4479c98986c53e4279c21	/guest/c2_native_sleep50_r351_direct_events_s1048576_g029	0.0.1@1784738974324	649ef2b8c18e063149100f8459126fda07a1e885b5f0b4924c74c9326735bd8f	687	true	present	not_on_path_native	not_on_path_native	match	complete	true	ok	332e91231c31	332e91231c31:7	false		false	true	1784739255548902193	1784739255614866347	1784739255887756185	65.964253	53	228.292318	1048576	1048690		unavailable_no_direct_event		not_repeated_warm		not_on_path_native		not_on_path_native		not_on_path_native		not_on_path_native		not_on_path_native		not_on_path_native		not_on_path_native	50298750		not_on_path_native		not_on_path_native	50316820	complete
c2-native-attempt-v1	native	1048576	29	warm_followup	3	s1048576-g029-warm03	8e5bf5dfea0740cf9bf5dfea07c0cfb6	/guest/c2_native_sleep50_r351_direct_events_s1048576_g029	0.0.1@1784738974324	649ef2b8c18e063149100f8459126fda07a1e885b5f0b4924c74c9326735bd8f	688	true	present	not_on_path_native	not_on_path_native	match	complete	true	ok	332e91231c31	332e91231c31:7	false		false	true	1784739255887887488	1784739255967430721	1784739255977654361	79.543808	52	228.292318	1048576	1048690		unavailable_no_direct_event		not_repeated_warm		not_on_path_native		not_on_path_native		not_on_path_native		not_on_path_native		not_on_path_native		not_on_path_native		not_on_path_native	49214612		not_on_path_native		not_on_path_native	49223472	complete
c2-native-attempt-v1	native	1048576	29	warm_followup	4	s1048576-g029-warm04	f67a0a80b08b4d50ba0a80b08b8d508e	/guest/c2_native_sleep50_r351_direct_events_s1048576_g029	0.0.1@1784738974324	649ef2b8c18e063149100f8459126fda07a1e885b5f0b4924c74c9326735bd8f	689	true	present	not_on_path_native	not_on_path_native	match	complete	true	ok	332e91231c31	332e91231c31:7	false		false	true	1784739255977833544	1784739256056955016	1784739256062925158	79.121506	55	228.292318	1048576	1048690		unavailable_no_direct_event		not_repeated_warm		not_on_path_native		not_on_path_native		not_on_path_native		not_on_path_native		not_on_path_native		not_on_path_native		not_on_path_native	50387308		not_on_path_native		not_on_path_native	50394948	complete
c2-native-attempt-v1	native	1048576	29	warm_followup	5	s1048576-g029-warm05	6d6fcbfee0a742bcafcbfee0a792bce0	/guest/c2_native_sleep50_r351_direct_events_s1048576_g029	0.0.1@1784738974324	649ef2b8c18e063149100f8459126fda07a1e885b5f0b4924c74c9326735bd8f	690	true	present	not_on_path_native	not_on_path_native	match	complete	true	ok	332e91231c31	332e91231c31:7	false		false	true	1784739256063048063	1784739256128867283	1784739256391776629	65.81929	53	228.292318	1048576	1048690		unavailable_no_direct_event		not_repeated_warm		not_on_path_native		not_on_path_native		not_on_path_native		not_on_path_native		not_on_path_native		not_on_path_native		not_on_path_native	50183438		not_on_path_native		not_on_path_native	50189712	complete
c2-native-attempt-v1	native	4194304	29	fresh_first_use	0	s4194304-g029-fresh	47da19161ced49459a19161cedd94502	/guest/c2_native_sleep50_r351_direct_events_s4194304_g029	0.0.1@1784738996648	cd674bdd6c62e2bcd64aae0b63a56953d510756cb5fc0c3833ffd4c14b7af346	691	true	present	not_on_path_native	not_on_path_native	match	complete	true	ok	5159781ab284	5159781ab284:8	true	307	true	false	1784739256391904187	1784739256894018941	1784739257172106562	502.115362	364	509.503624	4194304	4194418		unavailable_no_direct_event	307000000	activation_annotation_initTime		not_on_path_native		not_on_path_native		not_on_path_native		not_on_path_native		not_on_path_native		not_on_path_native		not_on_path_native	50685985		not_on_path_native		not_on_path_native	50777193	complete
c2-native-attempt-v1	native	4194304	29	warm_followup	1	s4194304-g029-warm01	68225f3b221647eca25f3b2216a7ecad	/guest/c2_native_sleep50_r351_direct_events_s4194304_g029	0.0.1@1784738996648	cd674bdd6c62e2bcd64aae0b63a56953d510756cb5fc0c3833ffd4c14b7af346	692	true	present	not_on_path_native	not_on_path_native	match	complete	true	ok	5159781ab284	5159781ab284:8	false		false	true	1784739257172254072	1784739257248318611	1784739257255022947	76.0646	53	509.503624	4194304	4194418		unavailable_no_direct_event		not_repeated_warm		not_on_path_native		not_on_path_native		not_on_path_native		not_on_path_native		not_on_path_native		not_on_path_native		not_on_path_native	50271879		not_on_path_native		not_on_path_native	50288819	complete
c2-native-attempt-v1	native	4194304	29	warm_followup	2	s4194304-g029-warm02	db0b3f87e9dd41a58b3f87e9dd71a5dc	/guest/c2_native_sleep50_r351_direct_events_s4194304_g029	0.0.1@1784738996648	cd674bdd6c62e2bcd64aae0b63a56953d510756cb5fc0c3833ffd4c14b7af346	693	true	present	not_on_path_native	not_on_path_native	match	complete	true	ok	5159781ab284	5159781ab284:8	false		false	true	1784739257255149685	1784739257319692784	1784739257327390153	64.543335	54	509.503624	4194304	4194418		unavailable_no_direct_event		not_repeated_warm		not_on_path_native		not_on_path_native		not_on_path_native		not_on_path_native		not_on_path_native		not_on_path_native		not_on_path_native	50294400		not_on_path_native		not_on_path_native	50317662	complete
c2-native-attempt-v1	native	4194304	29	warm_followup	3	s4194304-g029-warm03	b844f59c1dff412484f59c1dffb124e4	/guest/c2_native_sleep50_r351_direct_events_s4194304_g029	0.0.1@1784738996648	cd674bdd6c62e2bcd64aae0b63a56953d510756cb5fc0c3833ffd4c14b7af346	694	true	present	not_on_path_native	not_on_path_native	match	complete	true	ok	5159781ab284	5159781ab284:8	false		false	true	1784739257327565216	1784739257391999315	1784739257399056303	64.434249	52	509.503624	4194304	4194418		unavailable_no_direct_event		not_repeated_warm		not_on_path_native		not_on_path_native		not_on_path_native		not_on_path_native		not_on_path_native		not_on_path_native		not_on_path_native	50186201		not_on_path_native		not_on_path_native	50191189	complete
c2-native-attempt-v1	native	4194304	29	warm_followup	4	s4194304-g029-warm04	313bf45a1853449fbbf45a1853949f59	/guest/c2_native_sleep50_r351_direct_events_s4194304_g029	0.0.1@1784738996648	cd674bdd6c62e2bcd64aae0b63a56953d510756cb5fc0c3833ffd4c14b7af346	695	true	present	not_on_path_native	not_on_path_native	match	complete	true	ok	5159781ab284	5159781ab284:8	false		false	true	1784739257399169077	1784739257464390685	1784739257726942446	65.221784	52	509.503624	4194304	4194418		unavailable_no_direct_event		not_repeated_warm		not_on_path_native		not_on_path_native		not_on_path_native		not_on_path_native		not_on_path_native		not_on_path_native		not_on_path_native	50275795		not_on_path_native		not_on_path_native	50283378	complete
c2-native-attempt-v1	native	4194304	29	warm_followup	5	s4194304-g029-warm05	85c91e19c4144b2d891e19c414eb2d20	/guest/c2_native_sleep50_r351_direct_events_s4194304_g029	0.0.1@1784738996648	cd674bdd6c62e2bcd64aae0b63a56953d510756cb5fc0c3833ffd4c14b7af346	696	true	present	not_on_path_native	not_on_path_native	match	complete	true	ok	5159781ab284	5159781ab284:8	false		false	true	1784739257727064214	1784739257789399796	1784739258060488280	62.335546	52	509.503624	4194304	4194418		unavailable_no_direct_event		not_repeated_warm		not_on_path_native		not_on_path_native		not_on_path_native		not_on_path_native		not_on_path_native		not_on_path_native		not_on_path_native	50179869		not_on_path_native		not_on_path_native	50186224	complete
c2-native-attempt-v1	native	65536	30	fresh_first_use	0	s65536-g030-fresh	ec3ab42a9f9a40ccbab42a9f9ae0cc21	/guest/c2_native_sleep50_r351_direct_events_s65536_g030	0.0.1@1784738958797	62e029ccd47b82f56a57bd3f497f4dff48bd2419c0bf7369ecc47bb5400482ff	697	true	present	not_on_path_native	not_on_path_native	match	complete	true	ok	59e86e59293f	59e86e59293f:8	true	114	true	false	1784739258060634311	1784739258310488749	1784739258573923156	249.854675	179	50.705898	65536	65650		unavailable_no_direct_event	114000000	activation_annotation_initTime		not_on_path_native		not_on_path_native		not_on_path_native		not_on_path_native		not_on_path_native		not_on_path_native		not_on_path_native	51910590		not_on_path_native		not_on_path_native	51969241	complete
c2-native-attempt-v1	native	65536	30	warm_followup	1	s65536-g030-warm01	01ff8afa9b64411abf8afa9b64511ae6	/guest/c2_native_sleep50_r351_direct_events_s65536_g030	0.0.1@1784738958797	62e029ccd47b82f56a57bd3f497f4dff48bd2419c0bf7369ecc47bb5400482ff	698	true	present	not_on_path_native	not_on_path_native	match	complete	true	ok	59e86e59293f	59e86e59293f:8	false		false	true	1784739258574073583	1784739258642069619	1784739258909734731	67.996313	53	50.705898	65536	65650		unavailable_no_direct_event		not_repeated_warm		not_on_path_native		not_on_path_native		not_on_path_native		not_on_path_native		not_on_path_native		not_on_path_native		not_on_path_native	50303949		not_on_path_native		not_on_path_native	50322207	complete
c2-native-attempt-v1	native	65536	30	warm_followup	2	s65536-g030-warm02	916054ec10c94e75a054ec10c98e75b1	/guest/c2_native_sleep50_r351_direct_events_s65536_g030	0.0.1@1784738958797	62e029ccd47b82f56a57bd3f497f4dff48bd2419c0bf7369ecc47bb5400482ff	699	true	present	not_on_path_native	not_on_path_native	match	complete	true	ok	59e86e59293f	59e86e59293f:8	false		false	true	1784739258909858048	1784739258972749389	1784739259234167988	62.891304	53	50.705898	65536	65650		unavailable_no_direct_event		not_repeated_warm		not_on_path_native		not_on_path_native		not_on_path_native		not_on_path_native		not_on_path_native		not_on_path_native		not_on_path_native	50234000		not_on_path_native		not_on_path_native	50252581	complete
c2-native-attempt-v1	native	65536	30	warm_followup	3	s65536-g030-warm03	7cb1aea022894635b1aea02289463568	/guest/c2_native_sleep50_r351_direct_events_s65536_g030	0.0.1@1784738958797	62e029ccd47b82f56a57bd3f497f4dff48bd2419c0bf7369ecc47bb5400482ff	700	true	present	not_on_path_native	not_on_path_native	match	complete	true	ok	59e86e59293f	59e86e59293f:8	false		false	true	1784739259234296103	1784739259297585369	1784739259310834436	63.289321	53	50.705898	65536	65650		unavailable_no_direct_event		not_repeated_warm		not_on_path_native		not_on_path_native		not_on_path_native		not_on_path_native		not_on_path_native		not_on_path_native		not_on_path_native	50178917		not_on_path_native		not_on_path_native	50184298	complete
c2-native-attempt-v1	native	65536	30	warm_followup	4	s65536-g030-warm04	a328b3bf88aa4ad8a8b3bf88aa0ad81e	/guest/c2_native_sleep50_r351_direct_events_s65536_g030	0.0.1@1784738958797	62e029ccd47b82f56a57bd3f497f4dff48bd2419c0bf7369ecc47bb5400482ff	701	true	present	not_on_path_native	not_on_path_native	match	complete	true	ok	59e86e59293f	59e86e59293f:8	false		false	true	1784739259311027140	1784739259375444048	1784739259642916058	64.416862	52	50.705898	65536	65650		unavailable_no_direct_event		not_repeated_warm		not_on_path_native		not_on_path_native		not_on_path_native		not_on_path_native		not_on_path_native		not_on_path_native		not_on_path_native	50176091		not_on_path_native		not_on_path_native	50180747	complete
c2-native-attempt-v1	native	65536	30	warm_followup	5	s65536-g030-warm05	5e8c08bdbabd43068c08bdbabdc306ec	/guest/c2_native_sleep50_r351_direct_events_s65536_g030	0.0.1@1784738958797	62e029ccd47b82f56a57bd3f497f4dff48bd2419c0bf7369ecc47bb5400482ff	702	true	present	not_on_path_native	not_on_path_native	match	complete	true	ok	59e86e59293f	59e86e59293f:8	false		false	true	1784739259643043715	1784739259705521973	1784739259718624626	62.478289	52	50.705898	65536	65650		unavailable_no_direct_event		not_repeated_warm		not_on_path_native		not_on_path_native		not_on_path_native		not_on_path_native		not_on_path_native		not_on_path_native		not_on_path_native	50179775		not_on_path_native		not_on_path_native	50187859	complete
c2-native-attempt-v1	native	262144	30	fresh_first_use	0	s262144-g030-fresh	3d34c0de22834f47b4c0de22832f479e	/guest/c2_native_sleep50_r351_direct_events_s262144_g030	0.0.1@1784738964522	6931ad96644b9e6619d3d64ed695afbb3209c06b6b933d8979a4dc3b69b7c39b	703	true	present	not_on_path_native	not_on_path_native	match	complete	true	ok	00ca1f822fae	00ca1f822fae:8	true	195	true	false	1784739259718745173	1784739260088476439	1784739260098194077	369.731735	271	48.979001	262144	262258		unavailable_no_direct_event	195000000	activation_annotation_initTime		not_on_path_native		not_on_path_native		not_on_path_native		not_on_path_native		not_on_path_native		not_on_path_native		not_on_path_native	50301913		not_on_path_native		not_on_path_native	50345281	complete
c2-native-attempt-v1	native	262144	30	warm_followup	1	s262144-g030-warm01	b0b6ada3046a4622b6ada3046a56228a	/guest/c2_native_sleep50_r351_direct_events_s262144_g030	0.0.1@1784738964522	6931ad96644b9e6619d3d64ed695afbb3209c06b6b933d8979a4dc3b69b7c39b	704	true	present	not_on_path_native	not_on_path_native	match	complete	true	ok	00ca1f822fae	00ca1f822fae:8	false		false	true	1784739260098309425	1784739260162860822	1784739260431503227	64.551475	53	48.979001	262144	262258		unavailable_no_direct_event		not_repeated_warm		not_on_path_native		not_on_path_native		not_on_path_native		not_on_path_native		not_on_path_native		not_on_path_native		not_on_path_native	50244552		not_on_path_native		not_on_path_native	50263736	complete
c2-native-attempt-v1	native	262144	30	warm_followup	2	s262144-g030-warm02	693b3c5276144147bb3c527614514792	/guest/c2_native_sleep50_r351_direct_events_s262144_g030	0.0.1@1784738964522	6931ad96644b9e6619d3d64ed695afbb3209c06b6b933d8979a4dc3b69b7c39b	705	true	present	not_on_path_native	not_on_path_native	match	complete	true	ok	00ca1f822fae	00ca1f822fae:8	false		false	true	1784739260431700727	1784739260495457243	1784739260759422962	63.756523	51	48.979001	262144	262258		unavailable_no_direct_event		not_repeated_warm		not_on_path_native		not_on_path_native		not_on_path_native		not_on_path_native		not_on_path_native		not_on_path_native		not_on_path_native	49308169		not_on_path_native		not_on_path_native	49325350	complete
c2-native-attempt-v1	native	262144	30	warm_followup	3	s262144-g030-warm03	68f5313296254606b531329625a6064c	/guest/c2_native_sleep50_r351_direct_events_s262144_g030	0.0.1@1784738964522	6931ad96644b9e6619d3d64ed695afbb3209c06b6b933d8979a4dc3b69b7c39b	706	true	present	not_on_path_native	not_on_path_native	match	complete	true	ok	00ca1f822fae	00ca1f822fae:8	false		false	true	1784739260759587044	1784739260821466061	1784739261085205294	61.879132	51	48.979001	262144	262258		unavailable_no_direct_event		not_repeated_warm		not_on_path_native		not_on_path_native		not_on_path_native		not_on_path_native		not_on_path_native		not_on_path_native		not_on_path_native	49262473		not_on_path_native		not_on_path_native	49273644	complete
c2-native-attempt-v1	native	262144	30	warm_followup	4	s262144-g030-warm04	9e8126c753d74d8f8126c753d78d8f85	/guest/c2_native_sleep50_r351_direct_events_s262144_g030	0.0.1@1784738964522	6931ad96644b9e6619d3d64ed695afbb3209c06b6b933d8979a4dc3b69b7c39b	707	true	present	not_on_path_native	not_on_path_native	match	complete	true	ok	00ca1f822fae	00ca1f822fae:8	false		false	true	1784739261085372513	1784739261149792935	1784739261157913101	64.420468	52	48.979001	262144	262258		unavailable_no_direct_event		not_repeated_warm		not_on_path_native		not_on_path_native		not_on_path_native		not_on_path_native		not_on_path_native		not_on_path_native		not_on_path_native	50190878		not_on_path_native		not_on_path_native	50196650	complete
c2-native-attempt-v1	native	262144	30	warm_followup	5	s262144-g030-warm05	5cae0132816647e5ae01328166f7e59d	/guest/c2_native_sleep50_r351_direct_events_s262144_g030	0.0.1@1784738964522	6931ad96644b9e6619d3d64ed695afbb3209c06b6b933d8979a4dc3b69b7c39b	708	true	present	not_on_path_native	not_on_path_native	match	complete	true	ok	00ca1f822fae	00ca1f822fae:8	false		false	true	1784739261158042795	1784739261219369461	1784739261481274576	61.326772	51	48.979001	262144	262258		unavailable_no_direct_event		not_repeated_warm		not_on_path_native		not_on_path_native		not_on_path_native		not_on_path_native		not_on_path_native		not_on_path_native		not_on_path_native	49194880		not_on_path_native		not_on_path_native	49200671	complete
c2-native-attempt-v1	native	1048576	30	fresh_first_use	0	s1048576-g030-fresh	453730f812b04837b730f812b0b837db	/guest/c2_native_sleep50_r351_direct_events_s1048576_g030	0.0.1@1784738974612	4fe9b7f6f835d60938c37c14c45ad0b49651dc17c023e7191db9dab3dd34acdb	709	true	present	not_on_path_native	not_on_path_native	match	complete	true	ok	e9fba5f832fc	e9fba5f832fc:8	true	155	true	false	1784739261481425602	1784739261919315513	1784739262185783523	437.890432	221	183.180184	1048576	1048690		unavailable_no_direct_event	155000000	activation_annotation_initTime		not_on_path_native		not_on_path_native		not_on_path_native		not_on_path_native		not_on_path_native		not_on_path_native		not_on_path_native	50744568		not_on_path_native		not_on_path_native	50793193	complete
c2-native-attempt-v1	native	1048576	30	warm_followup	1	s1048576-g030-warm01	cc1f2539c92e4e619f2539c92e3e61c3	/guest/c2_native_sleep50_r351_direct_events_s1048576_g030	0.0.1@1784738974612	4fe9b7f6f835d60938c37c14c45ad0b49651dc17c023e7191db9dab3dd34acdb	710	true	present	not_on_path_native	not_on_path_native	match	complete	true	ok	e9fba5f832fc	e9fba5f832fc:8	false		false	true	1784739262185916288	1784739262255387029	1784739262519725401	69.470915	53	183.180184	1048576	1048690		unavailable_no_direct_event		not_repeated_warm		not_on_path_native		not_on_path_native		not_on_path_native		not_on_path_native		not_on_path_native		not_on_path_native		not_on_path_native	50188331		not_on_path_native		not_on_path_native	50205520	complete
c2-native-attempt-v1	native	1048576	30	warm_followup	2	s1048576-g030-warm02	5e2bd11614d242d9abd11614d202d9fc	/guest/c2_native_sleep50_r351_direct_events_s1048576_g030	0.0.1@1784738974612	4fe9b7f6f835d60938c37c14c45ad0b49651dc17c023e7191db9dab3dd34acdb	711	true	present	not_on_path_native	not_on_path_native	match	complete	true	ok	e9fba5f832fc	e9fba5f832fc:8	false		false	true	1784739262519855563	1784739262584586493	1784739262850812409	64.731015	53	183.180184	1048576	1048690		unavailable_no_direct_event		not_repeated_warm		not_on_path_native		not_on_path_native		not_on_path_native		not_on_path_native		not_on_path_native		not_on_path_native		not_on_path_native	50405462		not_on_path_native		not_on_path_native	50432734	complete
c2-native-attempt-v1	native	1048576	30	warm_followup	3	s1048576-g030-warm03	36fc1b0ae04445f1bc1b0ae04495f182	/guest/c2_native_sleep50_r351_direct_events_s1048576_g030	0.0.1@1784738974612	4fe9b7f6f835d60938c37c14c45ad0b49651dc17c023e7191db9dab3dd34acdb	712	true	present	not_on_path_native	not_on_path_native	match	complete	true	ok	e9fba5f832fc	e9fba5f832fc:8	false		false	true	1784739262850941615	1784739262918135344	1784739263188197111	67.194064	53	183.180184	1048576	1048690		unavailable_no_direct_event		not_repeated_warm		not_on_path_native		not_on_path_native		not_on_path_native		not_on_path_native		not_on_path_native		not_on_path_native		not_on_path_native	50233318		not_on_path_native		not_on_path_native	50240854	complete
c2-native-attempt-v1	native	1048576	30	warm_followup	4	s1048576-g030-warm04	94195e516f1f4c25995e516f1f1c25c0	/guest/c2_native_sleep50_r351_direct_events_s1048576_g030	0.0.1@1784738974612	4fe9b7f6f835d60938c37c14c45ad0b49651dc17c023e7191db9dab3dd34acdb	713	true	present	not_on_path_native	not_on_path_native	match	complete	true	ok	e9fba5f832fc	e9fba5f832fc:8	false		false	true	1784739263188325884	1784739263258481279	1784739263265930057	70.155739	53	183.180184	1048576	1048690		unavailable_no_direct_event		not_repeated_warm		not_on_path_native		not_on_path_native		not_on_path_native		not_on_path_native		not_on_path_native		not_on_path_native		not_on_path_native	50309730		not_on_path_native		not_on_path_native	50317713	complete
c2-native-attempt-v1	native	1048576	30	warm_followup	5	s1048576-g030-warm05	3e701cf494954b85b01cf49495eb8536	/guest/c2_native_sleep50_r351_direct_events_s1048576_g030	0.0.1@1784738974612	4fe9b7f6f835d60938c37c14c45ad0b49651dc17c023e7191db9dab3dd34acdb	714	true	present	not_on_path_native	not_on_path_native	match	complete	true	ok	e9fba5f832fc	e9fba5f832fc:8	false		false	true	1784739263266078023	1784739263329931279	1784739263595410260	63.853312	53	183.180184	1048576	1048690		unavailable_no_direct_event		not_repeated_warm		not_on_path_native		not_on_path_native		not_on_path_native		not_on_path_native		not_on_path_native		not_on_path_native		not_on_path_native	50206256		not_on_path_native		not_on_path_native	50213560	complete
c2-native-attempt-v1	native	4194304	30	fresh_first_use	0	s4194304-g030-fresh	e7867f9525134efc867f9525132efc57	/guest/c2_native_sleep50_r351_direct_events_s4194304_g030	0.0.1@1784738997332	784445fbf17e98b94be5426f1e4d0060aa95e0750fc003eb6fd11028587ec889	715	true	present	not_on_path_native	not_on_path_native	match	complete	true	ok	67f1d2b6cff1	67f1d2b6cff1:8	true	696	true	false	1784739263595560318	1784739264532333623	1784739264796454938	936.77359	764	544.731676	4194304	4194418		unavailable_no_direct_event	696000000	activation_annotation_initTime		not_on_path_native		not_on_path_native		not_on_path_native		not_on_path_native		not_on_path_native		not_on_path_native		not_on_path_native	52999142		not_on_path_native		not_on_path_native	56911092	complete
c2-native-attempt-v1	native	4194304	30	warm_followup	1	s4194304-g030-warm01	61fbaeb6e1084b4ebbaeb6e1083b4e8a	/guest/c2_native_sleep50_r351_direct_events_s4194304_g030	0.0.1@1784738997332	784445fbf17e98b94be5426f1e4d0060aa95e0750fc003eb6fd11028587ec889	716	true	present	not_on_path_native	not_on_path_native	match	complete	true	ok	67f1d2b6cff1	67f1d2b6cff1:8	false		false	true	1784739264796589730	1784739264864512137	1784739265127392130	67.922868	54	544.731676	4194304	4194418		unavailable_no_direct_event		not_repeated_warm		not_on_path_native		not_on_path_native		not_on_path_native		not_on_path_native		not_on_path_native		not_on_path_native		not_on_path_native	50327364		not_on_path_native		not_on_path_native	50346052	complete
c2-native-attempt-v1	native	4194304	30	warm_followup	2	s4194304-g030-warm02	aa99110800214a3299110800211a3280	/guest/c2_native_sleep50_r351_direct_events_s4194304_g030	0.0.1@1784738997332	784445fbf17e98b94be5426f1e4d0060aa95e0750fc003eb6fd11028587ec889	717	true	present	not_on_path_native	not_on_path_native	match	complete	true	ok	67f1d2b6cff1	67f1d2b6cff1:8	false		false	true	1784739265127566263	1784739265190369758	1784739265453144933	62.803349	52	544.731676	4194304	4194418		unavailable_no_direct_event		not_repeated_warm		not_on_path_native		not_on_path_native		not_on_path_native		not_on_path_native		not_on_path_native		not_on_path_native		not_on_path_native	50239490		not_on_path_native		not_on_path_native	50259926	complete
c2-native-attempt-v1	native	4194304	30	warm_followup	3	s4194304-g030-warm03	62d1cbd43f52455f91cbd43f52a55f64	/guest/c2_native_sleep50_r351_direct_events_s4194304_g030	0.0.1@1784738997332	784445fbf17e98b94be5426f1e4d0060aa95e0750fc003eb6fd11028587ec889	718	true	present	not_on_path_native	not_on_path_native	match	complete	true	ok	67f1d2b6cff1	67f1d2b6cff1:8	false		false	true	1784739265453278000	1784739265528051341	1784739265537247778	74.773407	53	544.731676	4194304	4194418		unavailable_no_direct_event		not_repeated_warm		not_on_path_native		not_on_path_native		not_on_path_native		not_on_path_native		not_on_path_native		not_on_path_native		not_on_path_native	50192604		not_on_path_native		not_on_path_native	50198745	complete
c2-native-attempt-v1	native	4194304	30	warm_followup	4	s4194304-g030-warm04	565796084346417e9796084346417e18	/guest/c2_native_sleep50_r351_direct_events_s4194304_g030	0.0.1@1784738997332	784445fbf17e98b94be5426f1e4d0060aa95e0750fc003eb6fd11028587ec889	719	true	present	not_on_path_native	not_on_path_native	match	complete	true	ok	67f1d2b6cff1	67f1d2b6cff1:8	false		false	true	1784739265537369609	1784739265601009021	1784739265607711278	63.639455	53	544.731676	4194304	4194418		unavailable_no_direct_event		not_repeated_warm		not_on_path_native		not_on_path_native		not_on_path_native		not_on_path_native		not_on_path_native		not_on_path_native		not_on_path_native	50180437		not_on_path_native		not_on_path_native	50185537	complete
c2-native-attempt-v1	native	4194304	30	warm_followup	5	s4194304-g030-warm05	0ec21c39f3cb4255821c39f3cbc2554d	/guest/c2_native_sleep50_r351_direct_events_s4194304_g030	0.0.1@1784738997332	784445fbf17e98b94be5426f1e4d0060aa95e0750fc003eb6fd11028587ec889	720	true	present	not_on_path_native	not_on_path_native	match	complete	true	ok	67f1d2b6cff1	67f1d2b6cff1:8	false		false	true	1784739265607873506	1784739265673074383	1784739265679062431	65.200979	52	544.731676	4194304	4194418		unavailable_no_direct_event		not_repeated_warm		not_on_path_native		not_on_path_native		not_on_path_native		not_on_path_native		not_on_path_native		not_on_path_native		not_on_path_native	50154059		not_on_path_native		not_on_path_native	50158803	complete
c2-native-attempt-v1	native	65536	31	fresh_first_use	0	s65536-g031-fresh	677bc004a4304a89bbc004a430ca890a	/guest/c2_native_sleep50_r351_direct_events_s65536_g031	0.0.1@1784738958933	e2b1de6534e3180eb2401e8639e78c0285a4084e9f52938c3dd8188020f20278	721	true	present	not_on_path_native	not_on_path_native	match	complete	true	ok	c51e50c7243c	c51e50c7243c:8	true	85	true	false	1784739265679171937	1784739265904085744	1784739265912695017	224.914614	142	56.565951	65536	65650		unavailable_no_direct_event	85000000	activation_annotation_initTime		not_on_path_native		not_on_path_native		not_on_path_native		not_on_path_native		not_on_path_native		not_on_path_native		not_on_path_native	50706180		not_on_path_native		not_on_path_native	50760190	complete
c2-native-attempt-v1	native	65536	31	warm_followup	1	s65536-g031-warm01	9161bb23f7bd4af6a1bb23f7bd9af6f8	/guest/c2_native_sleep50_r351_direct_events_s65536_g031	0.0.1@1784738958933	e2b1de6534e3180eb2401e8639e78c0285a4084e9f52938c3dd8188020f20278	722	true	present	not_on_path_native	not_on_path_native	match	complete	true	ok	c51e50c7243c	c51e50c7243c:8	false		false	true	1784739265912830580	1784739265976050284	1784739266240404173	63.219643	53	56.565951	65536	65650		unavailable_no_direct_event		not_repeated_warm		not_on_path_native		not_on_path_native		not_on_path_native		not_on_path_native		not_on_path_native		not_on_path_native		not_on_path_native	50251490		not_on_path_native		not_on_path_native	50271870	complete
c2-native-attempt-v1	native	65536	31	warm_followup	2	s65536-g031-warm02	34ae0d7158594d90ae0d7158596d9093	/guest/c2_native_sleep50_r351_direct_events_s65536_g031	0.0.1@1784738958933	e2b1de6534e3180eb2401e8639e78c0285a4084e9f52938c3dd8188020f20278	723	true	present	not_on_path_native	not_on_path_native	match	complete	true	ok	c51e50c7243c	c51e50c7243c:8	false		false	true	1784739266240538112	1784739266306551079	1784739266572153242	66.01294	54	56.565951	65536	65650		unavailable_no_direct_event		not_repeated_warm		not_on_path_native		not_on_path_native		not_on_path_native		not_on_path_native		not_on_path_native		not_on_path_native		not_on_path_native	50318733		not_on_path_native		not_on_path_native	50344653	complete
c2-native-attempt-v1	native	65536	31	warm_followup	3	s65536-g031-warm03	7bb62056949f44e2b62056949f84e21d	/guest/c2_native_sleep50_r351_direct_events_s65536_g031	0.0.1@1784738958933	e2b1de6534e3180eb2401e8639e78c0285a4084e9f52938c3dd8188020f20278	724	true	present	not_on_path_native	not_on_path_native	match	complete	true	ok	c51e50c7243c	c51e50c7243c:8	false		false	true	1784739266572284232	1784739266635912156	1784739266900043792	63.627975	52	56.565951	65536	65650		unavailable_no_direct_event		not_repeated_warm		not_on_path_native		not_on_path_native		not_on_path_native		not_on_path_native		not_on_path_native		not_on_path_native		not_on_path_native	50202012		not_on_path_native		not_on_path_native	50208267	complete
c2-native-attempt-v1	native	65536	31	warm_followup	4	s65536-g031-warm04	485afb8aa74444ae9afb8aa74424aeb4	/guest/c2_native_sleep50_r351_direct_events_s65536_g031	0.0.1@1784738958933	e2b1de6534e3180eb2401e8639e78c0285a4084e9f52938c3dd8188020f20278	725	true	present	not_on_path_native	not_on_path_native	match	complete	true	ok	c51e50c7243c	c51e50c7243c:8	false		false	true	1784739266900166675	1784739266964614969	1784739267231756173	64.448355	52	56.565951	65536	65650		unavailable_no_direct_event		not_repeated_warm		not_on_path_native		not_on_path_native		not_on_path_native		not_on_path_native		not_on_path_native		not_on_path_native		not_on_path_native	50187844		not_on_path_native		not_on_path_native	50192737	complete
c2-native-attempt-v1	native	65536	31	warm_followup	5	s65536-g031-warm05	90ea5b261c824028aa5b261c829028b7	/guest/c2_native_sleep50_r351_direct_events_s65536_g031	0.0.1@1784738958933	e2b1de6534e3180eb2401e8639e78c0285a4084e9f52938c3dd8188020f20278	726	true	present	not_on_path_native	not_on_path_native	match	complete	true	ok	c51e50c7243c	c51e50c7243c:8	false		false	true	1784739267231877500	1784739267297279224	1784739267562632639	65.401938	52	56.565951	65536	65650		unavailable_no_direct_event		not_repeated_warm		not_on_path_native		not_on_path_native		not_on_path_native		not_on_path_native		not_on_path_native		not_on_path_native		not_on_path_native	50186831		not_on_path_native		not_on_path_native	50192279	complete
c2-native-attempt-v1	native	262144	31	fresh_first_use	0	s262144-g031-fresh	ce9b37fdacd645569b37fdacd69556b5	/guest/c2_native_sleep50_r351_direct_events_s262144_g031	0.0.1@1784738964657	8ae56f04ac55179e5d1ce2a3a3601174723a9a93d83b15283a46676baf33e98f	727	true	present	not_on_path_native	not_on_path_native	match	complete	true	ok	92b6174c2e41	92b6174c2e41:8	true	181	true	false	1784739267562766758	1784739267903324688	1784739268176461889	340.558205	241	73.068228	262144	262258		unavailable_no_direct_event	181000000	activation_annotation_initTime		not_on_path_native		not_on_path_native		not_on_path_native		not_on_path_native		not_on_path_native		not_on_path_native		not_on_path_native	51909735		not_on_path_native		not_on_path_native	51957514	complete
c2-native-attempt-v1	native	262144	31	warm_followup	1	s262144-g031-warm01	fe97b4775079461b97b4775079661b47	/guest/c2_native_sleep50_r351_direct_events_s262144_g031	0.0.1@1784738964657	8ae56f04ac55179e5d1ce2a3a3601174723a9a93d83b15283a46676baf33e98f	728	true	present	not_on_path_native	not_on_path_native	match	complete	true	ok	92b6174c2e41	92b6174c2e41:8	false		false	true	1784739268176606007	1784739268247820442	1784739268254345001	71.214848	54	73.068228	262144	262258		unavailable_no_direct_event		not_repeated_warm		not_on_path_native		not_on_path_native		not_on_path_native		not_on_path_native		not_on_path_native		not_on_path_native		not_on_path_native	50319309		not_on_path_native		not_on_path_native	50337137	complete
c2-native-attempt-v1	native	262144	31	warm_followup	2	s262144-g031-warm02	c4a8930a41a1463da8930a41a1f63d08	/guest/c2_native_sleep50_r351_direct_events_s262144_g031	0.0.1@1784738964657	8ae56f04ac55179e5d1ce2a3a3601174723a9a93d83b15283a46676baf33e98f	729	true	present	not_on_path_native	not_on_path_native	match	complete	true	ok	92b6174c2e41	92b6174c2e41:8	false		false	true	1784739268254538224	1784739268319167850	1784739268583002058	64.629693	52	73.068228	262144	262258		unavailable_no_direct_event		not_repeated_warm		not_on_path_native		not_on_path_native		not_on_path_native		not_on_path_native		not_on_path_native		not_on_path_native		not_on_path_native	50284953		not_on_path_native		not_on_path_native	50300907	complete
c2-native-attempt-v1	native	262144	31	warm_followup	3	s262144-g031-warm03	a88f2aef9b7d40498f2aef9b7dd04994	/guest/c2_native_sleep50_r351_direct_events_s262144_g031	0.0.1@1784738964657	8ae56f04ac55179e5d1ce2a3a3601174723a9a93d83b15283a46676baf33e98f	730	true	present	not_on_path_native	not_on_path_native	match	complete	true	ok	92b6174c2e41	92b6174c2e41:8	false		false	true	1784739268583129610	1784739268649718734	1784739268914071183	66.588753	52	73.068228	262144	262258		unavailable_no_direct_event		not_repeated_warm		not_on_path_native		not_on_path_native		not_on_path_native		not_on_path_native		not_on_path_native		not_on_path_native		not_on_path_native	50297756		not_on_path_native		not_on_path_native	50307023	complete
c2-native-attempt-v1	native	262144	31	warm_followup	4	s262144-g031-warm04	038c72df011a48318c72df011aa831f0	/guest/c2_native_sleep50_r351_direct_events_s262144_g031	0.0.1@1784738964657	8ae56f04ac55179e5d1ce2a3a3601174723a9a93d83b15283a46676baf33e98f	731	true	present	not_on_path_native	not_on_path_native	match	complete	true	ok	92b6174c2e41	92b6174c2e41:8	false		false	true	1784739268914221751	1784739268977098925	1784739269242462065	62.877344	52	73.068228	262144	262258		unavailable_no_direct_event		not_repeated_warm		not_on_path_native		not_on_path_native		not_on_path_native		not_on_path_native		not_on_path_native		not_on_path_native		not_on_path_native	50229471		not_on_path_native		not_on_path_native	50238058	complete
c2-native-attempt-v1	native	262144	31	warm_followup	5	s262144-g031-warm05	af8339c389c645d18339c389c635d1f4	/guest/c2_native_sleep50_r351_direct_events_s262144_g031	0.0.1@1784738964657	8ae56f04ac55179e5d1ce2a3a3601174723a9a93d83b15283a46676baf33e98f	732	true	present	not_on_path_native	not_on_path_native	match	complete	true	ok	92b6174c2e41	92b6174c2e41:8	false		false	true	1784739269242599888	1784739269307664059	1784739269573749354	65.064275	53	73.068228	262144	262258		unavailable_no_direct_event		not_repeated_warm		not_on_path_native		not_on_path_native		not_on_path_native		not_on_path_native		not_on_path_native		not_on_path_native		not_on_path_native	50201017		not_on_path_native		not_on_path_native	50209367	complete
c2-native-attempt-v1	native	1048576	31	fresh_first_use	0	s1048576-g031-fresh	0523ef26c8d144bfa3ef26c8d174bfa0	/guest/c2_native_sleep50_r351_direct_events_s1048576_g031	0.0.1@1784738974875	8ada813a8278418e63c334aef53ecdf1d940113955a5a7dede028a74ea977714	733	true	present	not_on_path_native	not_on_path_native	match	complete	true	ok	74fa3a6f2b65	74fa3a6f2b65:8	true	227	true	false	1784739269573897882	1784739270086005221	1784739270350863529	512.10779	296	155.566538	1048576	1048690		unavailable_no_direct_event	227000000	activation_annotation_initTime		not_on_path_native		not_on_path_native		not_on_path_native		not_on_path_native		not_on_path_native		not_on_path_native		not_on_path_native	55285038		not_on_path_native		not_on_path_native	55337680	complete
c2-native-attempt-v1	native	1048576	31	warm_followup	1	s1048576-g031-warm01	5f9453dcf86145b69453dcf86185b63c	/guest/c2_native_sleep50_r351_direct_events_s1048576_g031	0.0.1@1784738974875	8ada813a8278418e63c334aef53ecdf1d940113955a5a7dede028a74ea977714	734	true	present	not_on_path_native	not_on_path_native	match	complete	true	ok	74fa3a6f2b65	74fa3a6f2b65:8	false		false	true	1784739270351000896	1784739270423392899	1784739270432215821	72.392281	53	155.566538	1048576	1048690		unavailable_no_direct_event		not_repeated_warm		not_on_path_native		not_on_path_native		not_on_path_native		not_on_path_native		not_on_path_native		not_on_path_native		not_on_path_native	50212812		not_on_path_native		not_on_path_native	50230463	complete
c2-native-attempt-v1	native	1048576	31	warm_followup	2	s1048576-g031-warm02	5d18edd2ae4b487c98edd2ae4b787c59	/guest/c2_native_sleep50_r351_direct_events_s1048576_g031	0.0.1@1784738974875	8ada813a8278418e63c334aef53ecdf1d940113955a5a7dede028a74ea977714	735	true	present	not_on_path_native	not_on_path_native	match	complete	true	ok	74fa3a6f2b65	74fa3a6f2b65:8	false		false	true	1784739270432353383	1784739270501330742	1784739270764518447	68.977491	52	155.566538	1048576	1048690		unavailable_no_direct_event		not_repeated_warm		not_on_path_native		not_on_path_native		not_on_path_native		not_on_path_native		not_on_path_native		not_on_path_native		not_on_path_native	50297909		not_on_path_native		not_on_path_native	50315431	complete
c2-native-attempt-v1	native	1048576	31	warm_followup	3	s1048576-g031-warm03	9472f39ccacc458ab2f39ccacce58aa4	/guest/c2_native_sleep50_r351_direct_events_s1048576_g031	0.0.1@1784738974875	8ada813a8278418e63c334aef53ecdf1d940113955a5a7dede028a74ea977714	736	true	present	not_on_path_native	not_on_path_native	match	complete	true	ok	74fa3a6f2b65	74fa3a6f2b65:8	false		false	true	1784739270764646768	1784739270833087533	1784739271098660213	68.440765	53	155.566538	1048576	1048690		unavailable_no_direct_event		not_repeated_warm		not_on_path_native		not_on_path_native		not_on_path_native		not_on_path_native		not_on_path_native		not_on_path_native		not_on_path_native	50200614		not_on_path_native		not_on_path_native	50209962	complete
c2-native-attempt-v1	native	1048576	31	warm_followup	4	s1048576-g031-warm04	0c83fe71f6534aba83fe71f6536aba2d	/guest/c2_native_sleep50_r351_direct_events_s1048576_g031	0.0.1@1784738974875	8ada813a8278418e63c334aef53ecdf1d940113955a5a7dede028a74ea977714	737	true	present	not_on_path_native	not_on_path_native	match	complete	true	ok	74fa3a6f2b65	74fa3a6f2b65:8	false		false	true	1784739271098796388	1784739271164671471	1784739271429956672	65.875147	53	155.566538	1048576	1048690		unavailable_no_direct_event		not_repeated_warm		not_on_path_native		not_on_path_native		not_on_path_native		not_on_path_native		not_on_path_native		not_on_path_native		not_on_path_native	50254248		not_on_path_native		not_on_path_native	50263161	complete
c2-native-attempt-v1	native	1048576	31	warm_followup	5	s1048576-g031-warm05	aa91dbbb9a6f404691dbbb9a6fd0463a	/guest/c2_native_sleep50_r351_direct_events_s1048576_g031	0.0.1@1784738974875	8ada813a8278418e63c334aef53ecdf1d940113955a5a7dede028a74ea977714	738	true	present	not_on_path_native	not_on_path_native	match	complete	true	ok	74fa3a6f2b65	74fa3a6f2b65:8	false		false	true	1784739271430090731	1784739271493671781	1784739271756463088	63.581326	52	155.566538	1048576	1048690		unavailable_no_direct_event		not_repeated_warm		not_on_path_native		not_on_path_native		not_on_path_native		not_on_path_native		not_on_path_native		not_on_path_native		not_on_path_native	50209145		not_on_path_native		not_on_path_native	50215958	complete
c2-native-attempt-v1	native	4194304	31	fresh_first_use	0	s4194304-g031-fresh	7eeb80821e7745aeab80821e77c5ae8e	/guest/c2_native_sleep50_r351_direct_events_s4194304_g031	0.0.1@1784738998009	80320bcbc5e5b3b9374d7ecc2dcf91698b2417914b87fb93eaf069df3dbfd7dc	739	true	present	not_on_path_native	not_on_path_native	match	complete	true	ok	80a656a0ed33	80a656a0ed33:7	true	352	true	false	1784739271756593283	1784739272473000235	1784739272741911099	716.40778	410	502.936519	4194304	4194418		unavailable_no_direct_event	352000000	activation_annotation_initTime		not_on_path_native		not_on_path_native		not_on_path_native		not_on_path_native		not_on_path_native		not_on_path_native		not_on_path_native	50739092		not_on_path_native		not_on_path_native	50797167	complete
c2-native-attempt-v1	native	4194304	31	warm_followup	1	s4194304-g031-warm01	bb8eb0f660c94c058eb0f660c99c05be	/guest/c2_native_sleep50_r351_direct_events_s4194304_g031	0.0.1@1784738998009	80320bcbc5e5b3b9374d7ecc2dcf91698b2417914b87fb93eaf069df3dbfd7dc	740	true	present	not_on_path_native	not_on_path_native	match	complete	true	ok	80a656a0ed33	80a656a0ed33:7	false		false	true	1784739272742050980	1784739272807215375	1784739272820710146	65.164229	53	502.936519	4194304	4194418		unavailable_no_direct_event		not_repeated_warm		not_on_path_native		not_on_path_native		not_on_path_native		not_on_path_native		not_on_path_native		not_on_path_native		not_on_path_native	50244257		not_on_path_native		not_on_path_native	50259168	complete
c2-native-attempt-v1	native	4194304	31	warm_followup	2	s4194304-g031-warm02	13a9953bcc054803a9953bcc05d8039a	/guest/c2_native_sleep50_r351_direct_events_s4194304_g031	0.0.1@1784738998009	80320bcbc5e5b3b9374d7ecc2dcf91698b2417914b87fb93eaf069df3dbfd7dc	741	true	present	not_on_path_native	not_on_path_native	match	complete	true	ok	80a656a0ed33	80a656a0ed33:7	false		false	true	1784739272820868162	1784739272911188044	1784739273174106207	90.320074	53	502.936519	4194304	4194418		unavailable_no_direct_event		not_repeated_warm		not_on_path_native		not_on_path_native		not_on_path_native		not_on_path_native		not_on_path_native		not_on_path_native		not_on_path_native	50280800		not_on_path_native		not_on_path_native	50298857	complete
c2-native-attempt-v1	native	4194304	31	warm_followup	3	s4194304-g031-warm03	b77b17bea8d243f5bb17bea8d223f5f1	/guest/c2_native_sleep50_r351_direct_events_s4194304_g031	0.0.1@1784738998009	80320bcbc5e5b3b9374d7ecc2dcf91698b2417914b87fb93eaf069df3dbfd7dc	742	true	present	not_on_path_native	not_on_path_native	match	complete	true	ok	80a656a0ed33	80a656a0ed33:7	false		false	true	1784739273174269031	1784739273239232220	1784739273248213809	64.9632	52	502.936519	4194304	4194418		unavailable_no_direct_event		not_repeated_warm		not_on_path_native		not_on_path_native		not_on_path_native		not_on_path_native		not_on_path_native		not_on_path_native		not_on_path_native	50190678		not_on_path_native		not_on_path_native	50198656	complete
c2-native-attempt-v1	native	4194304	31	warm_followup	4	s4194304-g031-warm04	bd7c865e012e4829bc865e012e88290a	/guest/c2_native_sleep50_r351_direct_events_s4194304_g031	0.0.1@1784738998009	80320bcbc5e5b3b9374d7ecc2dcf91698b2417914b87fb93eaf069df3dbfd7dc	743	true	present	not_on_path_native	not_on_path_native	match	complete	true	ok	80a656a0ed33	80a656a0ed33:7	false		false	true	1784739273248346014	1784739273310369228	1784739273571899367	62.023243	52	502.936519	4194304	4194418		unavailable_no_direct_event		not_repeated_warm		not_on_path_native		not_on_path_native		not_on_path_native		not_on_path_native		not_on_path_native		not_on_path_native		not_on_path_native	50172661		not_on_path_native		not_on_path_native	50178183	complete
c2-native-attempt-v1	native	4194304	31	warm_followup	5	s4194304-g031-warm05	648ac7e672e549a58ac7e672e549a56e	/guest/c2_native_sleep50_r351_direct_events_s4194304_g031	0.0.1@1784738998009	80320bcbc5e5b3b9374d7ecc2dcf91698b2417914b87fb93eaf069df3dbfd7dc	744	true	present	not_on_path_native	not_on_path_native	match	complete	true	ok	80a656a0ed33	80a656a0ed33:7	false		false	true	1784739273572024585	1784739273635445350	1784739273903139441	63.421139	52	502.936519	4194304	4194418		unavailable_no_direct_event		not_repeated_warm		not_on_path_native		not_on_path_native		not_on_path_native		not_on_path_native		not_on_path_native		not_on_path_native		not_on_path_native	49216514		not_on_path_native		not_on_path_native	49225007	complete
c2-native-attempt-v1	native	65536	32	fresh_first_use	0	s65536-g032-fresh	05d3e81b8f9b428f93e81b8f9b228f01	/guest/c2_native_sleep50_r351_direct_events_s65536_g032	0.0.1@1784738959057	f48c7933cf3a46cd5bc1ea5bc91bf3b9e991b758aef71be224129aae11d63357	745	true	present	not_on_path_native	not_on_path_native	match	complete	true	ok	8f04127339a4	8f04127339a4:8	true	159	true	false	1784739273903285143	1784739274220211113	1784739274484847871	316.926127	227	38.924264	65536	65650		unavailable_no_direct_event	159000000	activation_annotation_initTime		not_on_path_native		not_on_path_native		not_on_path_native		not_on_path_native		not_on_path_native		not_on_path_native		not_on_path_native	50456039		not_on_path_native		not_on_path_native	50524917	complete
c2-native-attempt-v1	native	65536	32	warm_followup	1	s65536-g032-warm01	9199844675c54d4199844675c5bd4102	/guest/c2_native_sleep50_r351_direct_events_s65536_g032	0.0.1@1784738959057	f48c7933cf3a46cd5bc1ea5bc91bf3b9e991b758aef71be224129aae11d63357	746	true	present	not_on_path_native	not_on_path_native	match	complete	true	ok	8f04127339a4	8f04127339a4:8	false		false	true	1784739274484990281	1784739274553421301	1784739274819016088	68.431107	57	38.924264	65536	65650		unavailable_no_direct_event		not_repeated_warm		not_on_path_native		not_on_path_native		not_on_path_native		not_on_path_native		not_on_path_native		not_on_path_native		not_on_path_native	50310990		not_on_path_native		not_on_path_native	50329907	complete
c2-native-attempt-v1	native	65536	32	warm_followup	2	s65536-g032-warm02	48f87360a4714106b87360a471410628	/guest/c2_native_sleep50_r351_direct_events_s65536_g032	0.0.1@1784738959057	f48c7933cf3a46cd5bc1ea5bc91bf3b9e991b758aef71be224129aae11d63357	747	true	present	not_on_path_native	not_on_path_native	match	complete	true	ok	8f04127339a4	8f04127339a4:8	false		false	true	1784739274819186145	1784739274884739283	1784739275147478385	65.553225	51	38.924264	65536	65650		unavailable_no_direct_event		not_repeated_warm		not_on_path_native		not_on_path_native		not_on_path_native		not_on_path_native		not_on_path_native		not_on_path_native		not_on_path_native	49241534		not_on_path_native		not_on_path_native	49260514	complete
c2-native-attempt-v1	native	65536	32	warm_followup	3	s65536-g032-warm03	a4d9ca8a846542ac99ca8a846512acda	/guest/c2_native_sleep50_r351_direct_events_s65536_g032	0.0.1@1784738959057	f48c7933cf3a46cd5bc1ea5bc91bf3b9e991b758aef71be224129aae11d63357	748	true	present	not_on_path_native	not_on_path_native	match	complete	true	ok	8f04127339a4	8f04127339a4:8	false		false	true	1784739275147621334	1784739275210161065	1784739275472754693	62.53966	53	38.924264	65536	65650		unavailable_no_direct_event		not_repeated_warm		not_on_path_native		not_on_path_native		not_on_path_native		not_on_path_native		not_on_path_native		not_on_path_native		not_on_path_native	50182551		not_on_path_native		not_on_path_native	50187864	complete
c2-native-attempt-v1	native	65536	32	warm_followup	4	s65536-g032-warm04	0d1523af697e43b29523af697e03b2de	/guest/c2_native_sleep50_r351_direct_events_s65536_g032	0.0.1@1784738959057	f48c7933cf3a46cd5bc1ea5bc91bf3b9e991b758aef71be224129aae11d63357	749	true	present	not_on_path_native	not_on_path_native	match	complete	true	ok	8f04127339a4	8f04127339a4:8	false		false	true	1784739275472878306	1784739275536381739	1784739275800488044	63.503498	53	38.924264	65536	65650		unavailable_no_direct_event		not_repeated_warm		not_on_path_native		not_on_path_native		not_on_path_native		not_on_path_native		not_on_path_native		not_on_path_native		not_on_path_native	50223876		not_on_path_native		not_on_path_native	50230594	complete
c2-native-attempt-v1	native	65536	32	warm_followup	5	s65536-g032-warm05	784a7734188348898a77341883e889f0	/guest/c2_native_sleep50_r351_direct_events_s65536_g032	0.0.1@1784738959057	f48c7933cf3a46cd5bc1ea5bc91bf3b9e991b758aef71be224129aae11d63357	750	true	present	not_on_path_native	not_on_path_native	match	complete	true	ok	8f04127339a4	8f04127339a4:8	false		false	true	1784739275800610809	1784739275864774088	1784739276128663124	64.163501	52	38.924264	65536	65650		unavailable_no_direct_event		not_repeated_warm		not_on_path_native		not_on_path_native		not_on_path_native		not_on_path_native		not_on_path_native		not_on_path_native		not_on_path_native	50170788		not_on_path_native		not_on_path_native	50176527	complete
c2-native-attempt-v1	native	262144	32	fresh_first_use	0	s262144-g032-fresh	244c2779caf746e78c2779caf756e7e4	/guest/c2_native_sleep50_r351_direct_events_s262144_g032	0.0.1@1784738964799	0569e21276e055e7f7ad46a537c8f14860e75336eac9d9202fde56de1d818295	751	true	present	not_on_path_native	not_on_path_native	match	complete	true	ok	4ada32b01a62	4ada32b01a62:7	true	86	true	false	1784739276128785190	1784739276494449410	1784739276758713778	365.66471	147	73.920474	262144	262258		unavailable_no_direct_event	86000000	activation_annotation_initTime		not_on_path_native		not_on_path_native		not_on_path_native		not_on_path_native		not_on_path_native		not_on_path_native		not_on_path_native	50712553		not_on_path_native		not_on_path_native	50766188	complete
c2-native-attempt-v1	native	262144	32	warm_followup	1	s262144-g032-warm01	2e20713e721948aca0713e7219a8ac11	/guest/c2_native_sleep50_r351_direct_events_s262144_g032	0.0.1@1784738964799	0569e21276e055e7f7ad46a537c8f14860e75336eac9d9202fde56de1d818295	752	true	present	not_on_path_native	not_on_path_native	match	complete	true	ok	4ada32b01a62	4ada32b01a62:7	false		false	true	1784739276758844236	1784739276825606058	1784739276832477020	66.761741	53	73.920474	262144	262258		unavailable_no_direct_event		not_repeated_warm		not_on_path_native		not_on_path_native		not_on_path_native		not_on_path_native		not_on_path_native		not_on_path_native		not_on_path_native	50256401		not_on_path_native		not_on_path_native	50276443	complete
c2-native-attempt-v1	native	262144	32	warm_followup	2	s262144-g032-warm02	6d34ca2c03144fb2b4ca2c03146fb2d1	/guest/c2_native_sleep50_r351_direct_events_s262144_g032	0.0.1@1784738964799	0569e21276e055e7f7ad46a537c8f14860e75336eac9d9202fde56de1d818295	753	true	present	not_on_path_native	not_on_path_native	match	complete	true	ok	4ada32b01a62	4ada32b01a62:7	false		false	true	1784739276832647780	1784739276896908125	1784739277159247252	64.260599	54	73.920474	262144	262258		unavailable_no_direct_event		not_repeated_warm		not_on_path_native		not_on_path_native		not_on_path_native		not_on_path_native		not_on_path_native		not_on_path_native		not_on_path_native	50245945		not_on_path_native		not_on_path_native	50261240	complete
c2-native-attempt-v1	native	262144	32	warm_followup	3	s262144-g032-warm03	b4cacabf610942ad8acabf6109b2ad41	/guest/c2_native_sleep50_r351_direct_events_s262144_g032	0.0.1@1784738964799	0569e21276e055e7f7ad46a537c8f14860e75336eac9d9202fde56de1d818295	754	true	present	not_on_path_native	not_on_path_native	match	complete	true	ok	4ada32b01a62	4ada32b01a62:7	false		false	true	1784739277159395120	1784739277226291493	1784739277488416570	66.896634	52	73.920474	262144	262258		unavailable_no_direct_event		not_repeated_warm		not_on_path_native		not_on_path_native		not_on_path_native		not_on_path_native		not_on_path_native		not_on_path_native		not_on_path_native	50175977		not_on_path_native		not_on_path_native	50184368	complete
c2-native-attempt-v1	native	262144	32	warm_followup	4	s262144-g032-warm04	3fbc802669b447a3bc802669b457a396	/guest/c2_native_sleep50_r351_direct_events_s262144_g032	0.0.1@1784738964799	0569e21276e055e7f7ad46a537c8f14860e75336eac9d9202fde56de1d818295	755	true	present	not_on_path_native	not_on_path_native	match	complete	true	ok	4ada32b01a62	4ada32b01a62:7	false		false	true	1784739277488539674	1784739277552594945	1784739277822628395	64.055526	53	73.920474	262144	262258		unavailable_no_direct_event		not_repeated_warm		not_on_path_native		not_on_path_native		not_on_path_native		not_on_path_native		not_on_path_native		not_on_path_native		not_on_path_native	50312897		not_on_path_native		not_on_path_native	50321145	complete
c2-native-attempt-v1	native	262144	32	warm_followup	5	s262144-g032-warm05	33a97e225ef547c9a97e225ef507c9ae	/guest/c2_native_sleep50_r351_direct_events_s262144_g032	0.0.1@1784738964799	0569e21276e055e7f7ad46a537c8f14860e75336eac9d9202fde56de1d818295	756	true	present	not_on_path_native	not_on_path_native	match	complete	true	ok	4ada32b01a62	4ada32b01a62:7	false		false	true	1784739277822824678	1784739277897095181	1784739277905974936	74.270236	52	73.920474	262144	262258		unavailable_no_direct_event		not_repeated_warm		not_on_path_native		not_on_path_native		not_on_path_native		not_on_path_native		not_on_path_native		not_on_path_native		not_on_path_native	50172447		not_on_path_native		not_on_path_native	50177788	complete
c2-native-attempt-v1	native	1048576	32	fresh_first_use	0	s1048576-g032-fresh	7d6682ac3f1343b3a682ac3f13b3b3e4	/guest/c2_native_sleep50_r351_direct_events_s1048576_g032	0.0.1@1784738975118	08795bb1caab700c038b55782d80787e627f9d18bf043b65dc071114da595bcf	757	true	present	not_on_path_native	not_on_path_native	match	complete	true	ok	4c4e266fbbd0	4c4e266fbbd0:7	true	136	true	false	1784739277906098233	1784739278344203615	1784739278611571586	438.106106	194	145.063794	1048576	1048690		unavailable_no_direct_event	136000000	activation_annotation_initTime		not_on_path_native		not_on_path_native		not_on_path_native		not_on_path_native		not_on_path_native		not_on_path_native		not_on_path_native	50134257		not_on_path_native		not_on_path_native	50198903	complete
c2-native-attempt-v1	native	1048576	32	warm_followup	1	s1048576-g032-warm01	5c650343d8cb472ba50343d8cbc72b5b	/guest/c2_native_sleep50_r351_direct_events_s1048576_g032	0.0.1@1784738975118	08795bb1caab700c038b55782d80787e627f9d18bf043b65dc071114da595bcf	758	true	present	not_on_path_native	not_on_path_native	match	complete	true	ok	4c4e266fbbd0	4c4e266fbbd0:7	false		false	true	1784739278611712584	1784739278684649888	1784739278951291616	72.937457	53	145.063794	1048576	1048690		unavailable_no_direct_event		not_repeated_warm		not_on_path_native		not_on_path_native		not_on_path_native		not_on_path_native		not_on_path_native		not_on_path_native		not_on_path_native	50241481		not_on_path_native		not_on_path_native	50260181	complete
c2-native-attempt-v1	native	1048576	32	warm_followup	2	s1048576-g032-warm02	da9f854c726a44579f854c726a34573b	/guest/c2_native_sleep50_r351_direct_events_s1048576_g032	0.0.1@1784738975118	08795bb1caab700c038b55782d80787e627f9d18bf043b65dc071114da595bcf	759	true	present	not_on_path_native	not_on_path_native	match	complete	true	ok	4c4e266fbbd0	4c4e266fbbd0:7	false		false	true	1784739278951424666	1784739279017251150	1784739279280791552	65.826584	55	145.063794	1048576	1048690		unavailable_no_direct_event		not_repeated_warm		not_on_path_native		not_on_path_native		not_on_path_native		not_on_path_native		not_on_path_native		not_on_path_native		not_on_path_native	50481730		not_on_path_native		not_on_path_native	50502930	complete
c2-native-attempt-v1	native	1048576	32	warm_followup	3	s1048576-g032-warm03	f231edf0b2b94da6b1edf0b2b9ada636	/guest/c2_native_sleep50_r351_direct_events_s1048576_g032	0.0.1@1784738975118	08795bb1caab700c038b55782d80787e627f9d18bf043b65dc071114da595bcf	760	true	present	not_on_path_native	not_on_path_native	match	complete	true	ok	4c4e266fbbd0	4c4e266fbbd0:7	false		false	true	1784739279280916480	1784739279343098897	1784739279608577974	62.182153	53	145.063794	1048576	1048690		unavailable_no_direct_event		not_repeated_warm		not_on_path_native		not_on_path_native		not_on_path_native		not_on_path_native		not_on_path_native		not_on_path_native		not_on_path_native	50285821		not_on_path_native		not_on_path_native	50291897	complete
c2-native-attempt-v1	native	1048576	32	warm_followup	4	s1048576-g032-warm04	fc849c59340e465f849c59340e665f65	/guest/c2_native_sleep50_r351_direct_events_s1048576_g032	0.0.1@1784738975118	08795bb1caab700c038b55782d80787e627f9d18bf043b65dc071114da595bcf	761	true	present	not_on_path_native	not_on_path_native	match	complete	true	ok	4c4e266fbbd0	4c4e266fbbd0:7	false		false	true	1784739279608714141	1784739279676808373	1784739279940055284	68.093924	52	145.063794	1048576	1048690		unavailable_no_direct_event		not_repeated_warm		not_on_path_native		not_on_path_native		not_on_path_native		not_on_path_native		not_on_path_native		not_on_path_native		not_on_path_native	50147972		not_on_path_native		not_on_path_native	50152938	complete
c2-native-attempt-v1	native	1048576	32	warm_followup	5	s1048576-g032-warm05	83c2c624b1714deb82c624b1716deba2	/guest/c2_native_sleep50_r351_direct_events_s1048576_g032	0.0.1@1784738975118	08795bb1caab700c038b55782d80787e627f9d18bf043b65dc071114da595bcf	762	true	present	not_on_path_native	not_on_path_native	match	complete	true	ok	4c4e266fbbd0	4c4e266fbbd0:7	false		false	true	1784739279940193147	1784739280005401080	1784739280273350119	65.207991	52	145.063794	1048576	1048690		unavailable_no_direct_event		not_repeated_warm		not_on_path_native		not_on_path_native		not_on_path_native		not_on_path_native		not_on_path_native		not_on_path_native		not_on_path_native	50163649		not_on_path_native		not_on_path_native	50169042	complete
c2-native-attempt-v1	native	4194304	32	fresh_first_use	0	s4194304-g032-fresh	c2eced4429f844b6aced4429f884b61e	/guest/c2_native_sleep50_r351_direct_events_s4194304_g032	0.0.1@1784738998639	80ea81c93a7c3e00a480fba5d3044ac08f7f3831b4a14ea4238f6945713cc78b	763	true	present	not_on_path_native	not_on_path_native	match	complete	true	ok	93c0442bde18	93c0442bde18:8	true	270	true	false	1784739280273467485	1784739280880071913	1784739281149517478	606.605073	327	515.643344	4194304	4194418		unavailable_no_direct_event	270000000	activation_annotation_initTime		not_on_path_native		not_on_path_native		not_on_path_native		not_on_path_native		not_on_path_native		not_on_path_native		not_on_path_native	51132867		not_on_path_native		not_on_path_native	51177254	complete
c2-native-attempt-v1	native	4194304	32	warm_followup	1	s4194304-g032-warm01	92787fefdc994a6fb87fefdc99da6f4b	/guest/c2_native_sleep50_r351_direct_events_s4194304_g032	0.0.1@1784738998639	80ea81c93a7c3e00a480fba5d3044ac08f7f3831b4a14ea4238f6945713cc78b	764	true	present	not_on_path_native	not_on_path_native	match	complete	true	ok	93c0442bde18	93c0442bde18:8	false		false	true	1784739281149647281	1784739281213211291	1784739281478052107	63.563469	53	515.643344	4194304	4194418		unavailable_no_direct_event		not_repeated_warm		not_on_path_native		not_on_path_native		not_on_path_native		not_on_path_native		not_on_path_native		not_on_path_native		not_on_path_native	50241077		not_on_path_native		not_on_path_native	50254998	complete
c2-native-attempt-v1	native	4194304	32	warm_followup	2	s4194304-g032-warm02	54c4446d04d54aa984446d04d58aa949	/guest/c2_native_sleep50_r351_direct_events_s4194304_g032	0.0.1@1784738998639	80ea81c93a7c3e00a480fba5d3044ac08f7f3831b4a14ea4238f6945713cc78b	765	true	present	not_on_path_native	not_on_path_native	match	complete	true	ok	93c0442bde18	93c0442bde18:8	false		false	true	1784739281478231290	1784739281545239695	1784739281552572734	67.008417	52	515.643344	4194304	4194418		unavailable_no_direct_event		not_repeated_warm		not_on_path_native		not_on_path_native		not_on_path_native		not_on_path_native		not_on_path_native		not_on_path_native		not_on_path_native	50230720		not_on_path_native		not_on_path_native	50249187	complete
c2-native-attempt-v1	native	4194304	32	warm_followup	3	s4194304-g032-warm03	18b079ce98e94953b079ce98e9a95338	/guest/c2_native_sleep50_r351_direct_events_s4194304_g032	0.0.1@1784738998639	80ea81c93a7c3e00a480fba5d3044ac08f7f3831b4a14ea4238f6945713cc78b	766	true	present	not_on_path_native	not_on_path_native	match	complete	true	ok	93c0442bde18	93c0442bde18:8	false		false	true	1784739281552706443	1784739281616025232	1784739281878486672	63.319001	52	515.643344	4194304	4194418		unavailable_no_direct_event		not_repeated_warm		not_on_path_native		not_on_path_native		not_on_path_native		not_on_path_native		not_on_path_native		not_on_path_native		not_on_path_native	50225454		not_on_path_native		not_on_path_native	50231962	complete
c2-native-attempt-v1	native	4194304	32	warm_followup	4	s4194304-g032-warm04	d3211e93397f465da11e93397f165dc7	/guest/c2_native_sleep50_r351_direct_events_s4194304_g032	0.0.1@1784738998639	80ea81c93a7c3e00a480fba5d3044ac08f7f3831b4a14ea4238f6945713cc78b	767	true	present	not_on_path_native	not_on_path_native	match	complete	true	ok	93c0442bde18	93c0442bde18:8	false		false	true	1784739281878613209	1784739281950007163	1784739282214594789	71.394074	52	515.643344	4194304	4194418		unavailable_no_direct_event		not_repeated_warm		not_on_path_native		not_on_path_native		not_on_path_native		not_on_path_native		not_on_path_native		not_on_path_native		not_on_path_native	50223105		not_on_path_native		not_on_path_native	50227882	complete
c2-native-attempt-v1	native	4194304	32	warm_followup	5	s4194304-g032-warm05	7ba75f185fd94e21a75f185fd91e2155	/guest/c2_native_sleep50_r351_direct_events_s4194304_g032	0.0.1@1784738998639	80ea81c93a7c3e00a480fba5d3044ac08f7f3831b4a14ea4238f6945713cc78b	768	true	present	not_on_path_native	not_on_path_native	match	complete	true	ok	93c0442bde18	93c0442bde18:8	false		false	true	1784739282214730886	1784739282279183614	1784739282545886873	64.452776	52	515.643344	4194304	4194418		unavailable_no_direct_event		not_repeated_warm		not_on_path_native		not_on_path_native		not_on_path_native		not_on_path_native		not_on_path_native		not_on_path_native		not_on_path_native	50176939		not_on_path_native		not_on_path_native	50183015	complete
c2-native-attempt-v1	native	65536	33	fresh_first_use	0	s65536-g033-fresh	f68ff82773734dcd8ff82773736dcd75	/guest/c2_native_sleep50_r351_direct_events_s65536_g033	0.0.1@1784738959177	709c7cc4d6031503b3b46b62223a567355a5f29d2b44a20bce6ecf619ab81ec6	769	true	present	not_on_path_native	not_on_path_native	match	complete	true	ok	43a4f18f1b5a	43a4f18f1b5a:8	true	55	true	false	1784739282546011425	1784739282746176921	1784739283010895641	200.165624	115	43.717784	65536	65650		unavailable_no_direct_event	55000000	activation_annotation_initTime		not_on_path_native		not_on_path_native		not_on_path_native		not_on_path_native		not_on_path_native		not_on_path_native		not_on_path_native	50722686		not_on_path_native		not_on_path_native	50771489	complete
c2-native-attempt-v1	native	65536	33	warm_followup	1	s65536-g033-warm01	c86cf798fe5f4477acf798fe5f647712	/guest/c2_native_sleep50_r351_direct_events_s65536_g033	0.0.1@1784738959177	709c7cc4d6031503b3b46b62223a567355a5f29d2b44a20bce6ecf619ab81ec6	770	true	present	not_on_path_native	not_on_path_native	match	complete	true	ok	43a4f18f1b5a	43a4f18f1b5a:8	false		false	true	1784739283011048065	1784739283086789550	1784739283350410054	75.741878	60	43.717784	65536	65650		unavailable_no_direct_event		not_repeated_warm		not_on_path_native		not_on_path_native		not_on_path_native		not_on_path_native		not_on_path_native		not_on_path_native		not_on_path_native	51218997		not_on_path_native		not_on_path_native	51241559	complete
c2-native-attempt-v1	native	65536	33	warm_followup	2	s65536-g033-warm02	f5d0a649535f430990a649535f7309b6	/guest/c2_native_sleep50_r351_direct_events_s65536_g033	0.0.1@1784738959177	709c7cc4d6031503b3b46b62223a567355a5f29d2b44a20bce6ecf619ab81ec6	771	true	present	not_on_path_native	not_on_path_native	match	complete	true	ok	43a4f18f1b5a	43a4f18f1b5a:8	false		false	true	1784739283350552082	1784739283412401019	1784739283681976827	61.849257	51	43.717784	65536	65650		unavailable_no_direct_event		not_repeated_warm		not_on_path_native		not_on_path_native		not_on_path_native		not_on_path_native		not_on_path_native		not_on_path_native		not_on_path_native	49323952		not_on_path_native		not_on_path_native	49342585	complete
c2-native-attempt-v1	native	65536	33	warm_followup	3	s65536-g033-warm03	2af773b9d37f4e2db773b9d37f0e2db8	/guest/c2_native_sleep50_r351_direct_events_s65536_g033	0.0.1@1784738959177	709c7cc4d6031503b3b46b62223a567355a5f29d2b44a20bce6ecf619ab81ec6	772	true	present	not_on_path_native	not_on_path_native	match	complete	true	ok	43a4f18f1b5a	43a4f18f1b5a:8	false		false	true	1784739283682182743	1784739283749256162	1784739284016239958	67.073445	51	43.717784	65536	65650		unavailable_no_direct_event		not_repeated_warm		not_on_path_native		not_on_path_native		not_on_path_native		not_on_path_native		not_on_path_native		not_on_path_native		not_on_path_native	49212588		not_on_path_native		not_on_path_native	49233402	complete
c2-native-attempt-v1	native	65536	33	warm_followup	4	s65536-g033-warm04	a6d9f12335a44bda99f12335a41bdaa2	/guest/c2_native_sleep50_r351_direct_events_s65536_g033	0.0.1@1784738959177	709c7cc4d6031503b3b46b62223a567355a5f29d2b44a20bce6ecf619ab81ec6	773	true	present	not_on_path_native	not_on_path_native	match	complete	true	ok	43a4f18f1b5a	43a4f18f1b5a:8	false		false	true	1784739284016435718	1784739284079521416	1784739284343929264	63.085759	51	43.717784	65536	65650		unavailable_no_direct_event		not_repeated_warm		not_on_path_native		not_on_path_native		not_on_path_native		not_on_path_native		not_on_path_native		not_on_path_native		not_on_path_native	49258228		not_on_path_native		not_on_path_native	49267763	complete
c2-native-attempt-v1	native	65536	33	warm_followup	5	s65536-g033-warm05	cb9542a6de5e451f9542a6de5ef51f6c	/guest/c2_native_sleep50_r351_direct_events_s65536_g033	0.0.1@1784738959177	709c7cc4d6031503b3b46b62223a567355a5f29d2b44a20bce6ecf619ab81ec6	774	true	present	not_on_path_native	not_on_path_native	match	complete	true	ok	43a4f18f1b5a	43a4f18f1b5a:8	false		false	true	1784739284344062623	1784739284405676720	1784739284676375564	61.614128	52	43.717784	65536	65650		unavailable_no_direct_event		not_repeated_warm		not_on_path_native		not_on_path_native		not_on_path_native		not_on_path_native		not_on_path_native		not_on_path_native		not_on_path_native	50179633		not_on_path_native		not_on_path_native	50185037	complete
c2-native-attempt-v1	native	262144	33	fresh_first_use	0	s262144-g033-fresh	f1bd61febb604e5abd61febb605e5a9b	/guest/c2_native_sleep50_r351_direct_events_s262144_g033	0.0.1@1784738964925	82ae77c2864e41c457326655022a87796bb45b02ef3e3d3cb40113b5b24b45cf	775	true	present	not_on_path_native	not_on_path_native	match	complete	true	ok	683da54878d0	683da54878d0:8	true	161	true	false	1784739284676498331	1784739285004382970	1784739285268876202	327.88474	227	54.545783	262144	262258		unavailable_no_direct_event	161000000	activation_annotation_initTime		not_on_path_native		not_on_path_native		not_on_path_native		not_on_path_native		not_on_path_native		not_on_path_native		not_on_path_native	54715967		not_on_path_native		not_on_path_native	54774376	complete
c2-native-attempt-v1	native	262144	33	warm_followup	1	s262144-g033-warm01	eccb49b4d2934b968b49b4d293ab96e3	/guest/c2_native_sleep50_r351_direct_events_s262144_g033	0.0.1@1784738964925	82ae77c2864e41c457326655022a87796bb45b02ef3e3d3cb40113b5b24b45cf	776	true	present	not_on_path_native	not_on_path_native	match	complete	true	ok	683da54878d0	683da54878d0:8	false		false	true	1784739285269019258	1784739285337242029	1784739285599770252	68.222408	52	54.545783	262144	262258		unavailable_no_direct_event		not_repeated_warm		not_on_path_native		not_on_path_native		not_on_path_native		not_on_path_native		not_on_path_native		not_on_path_native		not_on_path_native	49317325		not_on_path_native		not_on_path_native	49334963	complete
c2-native-attempt-v1	native	262144	33	warm_followup	2	s262144-g033-warm02	78996631ba164a1e996631ba167a1ec2	/guest/c2_native_sleep50_r351_direct_events_s262144_g033	0.0.1@1784738964925	82ae77c2864e41c457326655022a87796bb45b02ef3e3d3cb40113b5b24b45cf	777	true	present	not_on_path_native	not_on_path_native	match	complete	true	ok	683da54878d0	683da54878d0:8	false		false	true	1784739285599903756	1784739285669955033	1784739285930605429	70.051329	52	54.545783	262144	262258		unavailable_no_direct_event		not_repeated_warm		not_on_path_native		not_on_path_native		not_on_path_native		not_on_path_native		not_on_path_native		not_on_path_native		not_on_path_native	50288816		not_on_path_native		not_on_path_native	50305316	complete
c2-native-attempt-v1	native	262144	33	warm_followup	3	s262144-g033-warm03	8db1c7634a7e46cfb1c7634a7ee6cfbd	/guest/c2_native_sleep50_r351_direct_events_s262144_g033	0.0.1@1784738964925	82ae77c2864e41c457326655022a87796bb45b02ef3e3d3cb40113b5b24b45cf	778	true	present	not_on_path_native	not_on_path_native	match	complete	true	ok	683da54878d0	683da54878d0:8	false		false	true	1784739285930736119	1784739285994446306	1784739286257736660	63.710675	53	54.545783	262144	262258		unavailable_no_direct_event		not_repeated_warm		not_on_path_native		not_on_path_native		not_on_path_native		not_on_path_native		not_on_path_native		not_on_path_native		not_on_path_native	50205314		not_on_path_native		not_on_path_native	50210358	complete
c2-native-attempt-v1	native	262144	33	warm_followup	4	s262144-g033-warm04	9f3317993f1d412fb317993f1d912ffe	/guest/c2_native_sleep50_r351_direct_events_s262144_g033	0.0.1@1784738964925	82ae77c2864e41c457326655022a87796bb45b02ef3e3d3cb40113b5b24b45cf	779	true	present	not_on_path_native	not_on_path_native	match	complete	true	ok	683da54878d0	683da54878d0:8	false		false	true	1784739286257852380	1784739286321430262	1784739286327776633	63.578017	52	54.545783	262144	262258		unavailable_no_direct_event		not_repeated_warm		not_on_path_native		not_on_path_native		not_on_path_native		not_on_path_native		not_on_path_native		not_on_path_native		not_on_path_native	50206491		not_on_path_native		not_on_path_native	50212706	complete
c2-native-attempt-v1	native	262144	33	warm_followup	5	s262144-g033-warm05	67de2fa0c1dc46659e2fa0c1dc666591	/guest/c2_native_sleep50_r351_direct_events_s262144_g033	0.0.1@1784738964925	82ae77c2864e41c457326655022a87796bb45b02ef3e3d3cb40113b5b24b45cf	780	true	present	not_on_path_native	not_on_path_native	match	complete	true	ok	683da54878d0	683da54878d0:8	false		false	true	1784739286327897420	1784739286389380438	1784739286657735084	61.483152	52	54.545783	262144	262258		unavailable_no_direct_event		not_repeated_warm		not_on_path_native		not_on_path_native		not_on_path_native		not_on_path_native		not_on_path_native		not_on_path_native		not_on_path_native	50176464		not_on_path_native		not_on_path_native	50181886	complete
c2-native-attempt-v1	native	1048576	33	fresh_first_use	0	s1048576-g033-fresh	9699abffec904cf399abffec903cf395	/guest/c2_native_sleep50_r351_direct_events_s1048576_g033	0.0.1@1784738975336	7ac8ed20a8583f1945993e72d3085d8c7b9ac3b03eb04874d55993f91e0bc76d	781	true	present	not_on_path_native	not_on_path_native	match	complete	true	ok	b53518975121	b53518975121:8	true	138	true	false	1784739286657854517	1784739287071360059	1784739287340487628	413.506484	201	161.179403	1048576	1048690		unavailable_no_direct_event	138000000	activation_annotation_initTime		not_on_path_native		not_on_path_native		not_on_path_native		not_on_path_native		not_on_path_native		not_on_path_native		not_on_path_native	49953442		not_on_path_native		not_on_path_native	50008239	complete
c2-native-attempt-v1	native	1048576	33	warm_followup	1	s1048576-g033-warm01	c6ab8d4f3dbf402bab8d4f3dbfb02be6	/guest/c2_native_sleep50_r351_direct_events_s1048576_g033	0.0.1@1784738975336	7ac8ed20a8583f1945993e72d3085d8c7b9ac3b03eb04874d55993f91e0bc76d	782	true	present	not_on_path_native	not_on_path_native	match	complete	true	ok	b53518975121	b53518975121:8	false		false	true	1784739287340623151	1784739287412590131	1784739287676832389	71.967064	52	161.179403	1048576	1048690		unavailable_no_direct_event		not_repeated_warm		not_on_path_native		not_on_path_native		not_on_path_native		not_on_path_native		not_on_path_native		not_on_path_native		not_on_path_native	49201594		not_on_path_native		not_on_path_native	49217184	complete
c2-native-attempt-v1	native	1048576	33	warm_followup	2	s1048576-g033-warm02	10399e895400433fb99e895400f33fcc	/guest/c2_native_sleep50_r351_direct_events_s1048576_g033	0.0.1@1784738975336	7ac8ed20a8583f1945993e72d3085d8c7b9ac3b03eb04874d55993f91e0bc76d	783	true	present	not_on_path_native	not_on_path_native	match	complete	true	ok	b53518975121	b53518975121:8	false		false	true	1784739287676962626	1784739287740636057	1784739288010299005	63.673603	52	161.179403	1048576	1048690		unavailable_no_direct_event		not_repeated_warm		not_on_path_native		not_on_path_native		not_on_path_native		not_on_path_native		not_on_path_native		not_on_path_native		not_on_path_native	50343062		not_on_path_native		not_on_path_native	50359681	complete
c2-native-attempt-v1	native	1048576	33	warm_followup	3	s1048576-g033-warm03	f20407e2251f47168407e2251f671604	/guest/c2_native_sleep50_r351_direct_events_s1048576_g033	0.0.1@1784738975336	7ac8ed20a8583f1945993e72d3085d8c7b9ac3b03eb04874d55993f91e0bc76d	784	true	present	not_on_path_native	not_on_path_native	match	complete	true	ok	b53518975121	b53518975121:8	false		false	true	1784739288010428823	1784739288079051095	1784739288341627517	68.622206	53	161.179403	1048576	1048690		unavailable_no_direct_event		not_repeated_warm		not_on_path_native		not_on_path_native		not_on_path_native		not_on_path_native		not_on_path_native		not_on_path_native		not_on_path_native	50235203		not_on_path_native		not_on_path_native	50243457	complete
c2-native-attempt-v1	native	1048576	33	warm_followup	4	s1048576-g033-warm04	74ac321f994240b6ac321f994250b654	/guest/c2_native_sleep50_r351_direct_events_s1048576_g033	0.0.1@1784738975336	7ac8ed20a8583f1945993e72d3085d8c7b9ac3b03eb04874d55993f91e0bc76d	785	true	present	not_on_path_native	not_on_path_native	match	complete	true	ok	b53518975121	b53518975121:8	false		false	true	1784739288341787681	1784739288406134853	1784739288671655921	64.347172	52	161.179403	1048576	1048690		unavailable_no_direct_event		not_repeated_warm		not_on_path_native		not_on_path_native		not_on_path_native		not_on_path_native		not_on_path_native		not_on_path_native		not_on_path_native	50270084		not_on_path_native		not_on_path_native	50276709	complete
c2-native-attempt-v1	native	1048576	33	warm_followup	5	s1048576-g033-warm05	dc801150a9594724801150a959072404	/guest/c2_native_sleep50_r351_direct_events_s1048576_g033	0.0.1@1784738975336	7ac8ed20a8583f1945993e72d3085d8c7b9ac3b03eb04874d55993f91e0bc76d	786	true	present	not_on_path_native	not_on_path_native	match	complete	true	ok	b53518975121	b53518975121:8	false		false	true	1784739288671796420	1784739288734492767	1784739288998800856	62.69657	53	161.179403	1048576	1048690		unavailable_no_direct_event		not_repeated_warm		not_on_path_native		not_on_path_native		not_on_path_native		not_on_path_native		not_on_path_native		not_on_path_native		not_on_path_native	50211542		not_on_path_native		not_on_path_native	50218251	complete
c2-native-attempt-v1	native	4194304	33	fresh_first_use	0	s4194304-g033-fresh	b81693b6305c4a909693b6305caa905f	/guest/c2_native_sleep50_r351_direct_events_s4194304_g033	0.0.1@1784738999294	56de86f8c62d9e1b420bc1365faf59c6a7a6b42572bf77a8cfa7c646b9070273	787	true	present	not_on_path_native	not_on_path_native	match	complete	true	ok	9f6e453c471c	9f6e453c471c:7	true	366	true	false	1784739288998963124	1784739289537707035	1784739289801339371	538.744287	423	495.349840	4194304	4194418		unavailable_no_direct_event	366000000	activation_annotation_initTime		not_on_path_native		not_on_path_native		not_on_path_native		not_on_path_native		not_on_path_native		not_on_path_native		not_on_path_native	51126616		not_on_path_native		not_on_path_native	51179312	complete
c2-native-attempt-v1	native	4194304	33	warm_followup	1	s4194304-g033-warm01	cbd5de6e9ccf4a9d95de6e9ccffa9dae	/guest/c2_native_sleep50_r351_direct_events_s4194304_g033	0.0.1@1784738999294	56de86f8c62d9e1b420bc1365faf59c6a7a6b42572bf77a8cfa7c646b9070273	788	true	present	not_on_path_native	not_on_path_native	match	complete	true	ok	9f6e453c471c	9f6e453c471c:7	false		false	true	1784739289801471993	1784739289868362575	1784739290138046449	66.890583	53	495.349840	4194304	4194418		unavailable_no_direct_event		not_repeated_warm		not_on_path_native		not_on_path_native		not_on_path_native		not_on_path_native		not_on_path_native		not_on_path_native		not_on_path_native	50258510		not_on_path_native		not_on_path_native	50273649	complete
c2-native-attempt-v1	native	4194304	33	warm_followup	2	s4194304-g033-warm02	f42ad5d289ca449daad5d289ca749df5	/guest/c2_native_sleep50_r351_direct_events_s4194304_g033	0.0.1@1784738999294	56de86f8c62d9e1b420bc1365faf59c6a7a6b42572bf77a8cfa7c646b9070273	789	true	present	not_on_path_native	not_on_path_native	match	complete	true	ok	9f6e453c471c	9f6e453c471c:7	false		false	true	1784739290138179378	1784739290203241230	1784739290465479531	65.062058	53	495.349840	4194304	4194418		unavailable_no_direct_event		not_repeated_warm		not_on_path_native		not_on_path_native		not_on_path_native		not_on_path_native		not_on_path_native		not_on_path_native		not_on_path_native	50248241		not_on_path_native		not_on_path_native	50266135	complete
c2-native-attempt-v1	native	4194304	33	warm_followup	3	s4194304-g033-warm03	af87b4105486448187b4105486a481a5	/guest/c2_native_sleep50_r351_direct_events_s4194304_g033	0.0.1@1784738999294	56de86f8c62d9e1b420bc1365faf59c6a7a6b42572bf77a8cfa7c646b9070273	790	true	present	not_on_path_native	not_on_path_native	match	complete	true	ok	9f6e453c471c	9f6e453c471c:7	false		false	true	1784739290465612734	1784739290536551314	1784739290543347383	70.938617	53	495.349840	4194304	4194418		unavailable_no_direct_event		not_repeated_warm		not_on_path_native		not_on_path_native		not_on_path_native		not_on_path_native		not_on_path_native		not_on_path_native		not_on_path_native	50228821		not_on_path_native		not_on_path_native	50236618	complete
c2-native-attempt-v1	native	4194304	33	warm_followup	4	s4194304-g033-warm04	63c9bfd7d855467189bfd7d855d67193	/guest/c2_native_sleep50_r351_direct_events_s4194304_g033	0.0.1@1784738999294	56de86f8c62d9e1b420bc1365faf59c6a7a6b42572bf77a8cfa7c646b9070273	791	true	present	not_on_path_native	not_on_path_native	match	complete	true	ok	9f6e453c471c	9f6e453c471c:7	false		false	true	1784739290543528209	1784739290607385609	1784739290869597213	63.857289	52	495.349840	4194304	4194418		unavailable_no_direct_event		not_repeated_warm		not_on_path_native		not_on_path_native		not_on_path_native		not_on_path_native		not_on_path_native		not_on_path_native		not_on_path_native	50204081		not_on_path_native		not_on_path_native	50216871	complete
c2-native-attempt-v1	native	4194304	33	warm_followup	5	s4194304-g033-warm05	cecd961ef04745868d961ef0475586cb	/guest/c2_native_sleep50_r351_direct_events_s4194304_g033	0.0.1@1784738999294	56de86f8c62d9e1b420bc1365faf59c6a7a6b42572bf77a8cfa7c646b9070273	792	true	present	not_on_path_native	not_on_path_native	match	complete	true	ok	9f6e453c471c	9f6e453c471c:7	false		false	true	1784739290869733247	1784739290933960721	1784739291201385099	64.227004	53	495.349840	4194304	4194418		unavailable_no_direct_event		not_repeated_warm		not_on_path_native		not_on_path_native		not_on_path_native		not_on_path_native		not_on_path_native		not_on_path_native		not_on_path_native	50194818		not_on_path_native		not_on_path_native	50201208	complete
c2-native-attempt-v1	native	65536	34	fresh_first_use	0	s65536-g034-fresh	2bd97f49183045a5997f491830e5a509	/guest/c2_native_sleep50_r351_direct_events_s65536_g034	0.0.1@1784738959295	9c3ffa88bfea17fc8035f4c27d7902691d4adc11c9db481006dc48fcd7e70924	793	true	present	not_on_path_native	not_on_path_native	match	complete	true	ok	1307d81580e6	1307d81580e6:8	true	142	true	false	1784739291201517801	1784739291596483179	1784739291861885106	394.965836	212	39.710370	65536	65650		unavailable_no_direct_event	142000000	activation_annotation_initTime		not_on_path_native		not_on_path_native		not_on_path_native		not_on_path_native		not_on_path_native		not_on_path_native		not_on_path_native	51171534		not_on_path_native		not_on_path_native	51225300	complete
c2-native-attempt-v1	native	65536	34	warm_followup	1	s65536-g034-warm01	ff6e868261944acdae86826194bacdb0	/guest/c2_native_sleep50_r351_direct_events_s65536_g034	0.0.1@1784738959295	9c3ffa88bfea17fc8035f4c27d7902691d4adc11c9db481006dc48fcd7e70924	794	true	present	not_on_path_native	not_on_path_native	match	complete	true	ok	1307d81580e6	1307d81580e6:8	false		false	true	1784739291862035703	1784739291934401168	1784739292202524537	72.365851	53	39.710370	65536	65650		unavailable_no_direct_event		not_repeated_warm		not_on_path_native		not_on_path_native		not_on_path_native		not_on_path_native		not_on_path_native		not_on_path_native		not_on_path_native	50386855		not_on_path_native		not_on_path_native	50404323	complete
c2-native-attempt-v1	native	65536	34	warm_followup	2	s65536-g034-warm02	e298c1711c314cf698c1711c316cf668	/guest/c2_native_sleep50_r351_direct_events_s65536_g034	0.0.1@1784738959295	9c3ffa88bfea17fc8035f4c27d7902691d4adc11c9db481006dc48fcd7e70924	795	true	present	not_on_path_native	not_on_path_native	match	complete	true	ok	1307d81580e6	1307d81580e6:8	false		false	true	1784739292202653560	1784739292268282683	1784739292537197065	65.62929	53	39.710370	65536	65650		unavailable_no_direct_event		not_repeated_warm		not_on_path_native		not_on_path_native		not_on_path_native		not_on_path_native		not_on_path_native		not_on_path_native		not_on_path_native	50243671		not_on_path_native		not_on_path_native	50263491	complete
c2-native-attempt-v1	native	65536	34	warm_followup	3	s65536-g034-warm03	2368b2e6afc743cfa8b2e6afc793cfb1	/guest/c2_native_sleep50_r351_direct_events_s65536_g034	0.0.1@1784738959295	9c3ffa88bfea17fc8035f4c27d7902691d4adc11c9db481006dc48fcd7e70924	796	true	present	not_on_path_native	not_on_path_native	match	complete	true	ok	1307d81580e6	1307d81580e6:8	false		false	true	1784739292537331989	1784739292604366682	1784739292867901549	67.034847	54	39.710370	65536	65650		unavailable_no_direct_event		not_repeated_warm		not_on_path_native		not_on_path_native		not_on_path_native		not_on_path_native		not_on_path_native		not_on_path_native		not_on_path_native	50239798		not_on_path_native		not_on_path_native	50248195	complete
c2-native-attempt-v1	native	65536	34	warm_followup	4	s65536-g034-warm04	8cbd40892a194b62bd40892a196b62b2	/guest/c2_native_sleep50_r351_direct_events_s65536_g034	0.0.1@1784738959295	9c3ffa88bfea17fc8035f4c27d7902691d4adc11c9db481006dc48fcd7e70924	797	true	present	not_on_path_native	not_on_path_native	match	complete	true	ok	1307d81580e6	1307d81580e6:8	false		false	true	1784739292868026133	1784739292932256469	1784739293194922860	64.231211	53	39.710370	65536	65650		unavailable_no_direct_event		not_repeated_warm		not_on_path_native		not_on_path_native		not_on_path_native		not_on_path_native		not_on_path_native		not_on_path_native		not_on_path_native	50294311		not_on_path_native		not_on_path_native	50307658	complete
c2-native-attempt-v1	native	65536	34	warm_followup	5	s65536-g034-warm05	019d2dab31e242869d2dab31e2328627	/guest/c2_native_sleep50_r351_direct_events_s65536_g034	0.0.1@1784738959295	9c3ffa88bfea17fc8035f4c27d7902691d4adc11c9db481006dc48fcd7e70924	798	true	present	not_on_path_native	not_on_path_native	match	complete	true	ok	1307d81580e6	1307d81580e6:8	false		false	true	1784739293195055336	1784739293259204869	1784739293526438968	64.149675	53	39.710370	65536	65650		unavailable_no_direct_event		not_repeated_warm		not_on_path_native		not_on_path_native		not_on_path_native		not_on_path_native		not_on_path_native		not_on_path_native		not_on_path_native	50204739		not_on_path_native		not_on_path_native	50211409	complete
c2-native-attempt-v1	native	262144	34	fresh_first_use	0	s262144-g034-fresh	180287c943dd449b8287c943dd449b16	/guest/c2_native_sleep50_r351_direct_events_s262144_g034	0.0.1@1784738965056	e88a27c12347998006d132d8df377a4d1bab1c06625e6ccf55f3ac9d98a0712a	799	true	present	not_on_path_native	not_on_path_native	match	complete	true	ok	8ce283195848	8ce283195848:8	true	94	true	false	1784739293526576466	1784739293805304415	1784739294069285740	278.728189	172	69.399588	262144	262258		unavailable_no_direct_event	94000000	activation_annotation_initTime		not_on_path_native		not_on_path_native		not_on_path_native		not_on_path_native		not_on_path_native		not_on_path_native		not_on_path_native	51986709		not_on_path_native		not_on_path_native	52041009	complete
c2-native-attempt-v1	native	262144	34	warm_followup	1	s262144-g034-warm01	f871deff86f94ffbb1deff86f9bffbc8	/guest/c2_native_sleep50_r351_direct_events_s262144_g034	0.0.1@1784738965056	e88a27c12347998006d132d8df377a4d1bab1c06625e6ccf55f3ac9d98a0712a	800	true	present	not_on_path_native	not_on_path_native	match	complete	true	ok	8ce283195848	8ce283195848:8	false		false	true	1784739294069416864	1784739294142539553	1784739294405048261	73.122528	55	69.399588	262144	262258		unavailable_no_direct_event		not_repeated_warm		not_on_path_native		not_on_path_native		not_on_path_native		not_on_path_native		not_on_path_native		not_on_path_native		not_on_path_native	50329415		not_on_path_native		not_on_path_native	50353557	complete
c2-native-attempt-v1	native	262144	34	warm_followup	2	s262144-g034-warm02	20f9b3d00f574f2fb9b3d00f578f2fb2	/guest/c2_native_sleep50_r351_direct_events_s262144_g034	0.0.1@1784738965056	e88a27c12347998006d132d8df377a4d1bab1c06625e6ccf55f3ac9d98a0712a	801	true	present	not_on_path_native	not_on_path_native	match	complete	true	ok	8ce283195848	8ce283195848:8	false		false	true	1784739294405211990	1784739294473146914	1784739294743162170	67.935048	53	69.399588	262144	262258		unavailable_no_direct_event		not_repeated_warm		not_on_path_native		not_on_path_native		not_on_path_native		not_on_path_native		not_on_path_native		not_on_path_native		not_on_path_native	50290231		not_on_path_native		not_on_path_native	50310573	complete
c2-native-attempt-v1	native	262144	34	warm_followup	3	s262144-g034-warm03	6375ae06220f4dceb5ae06220fbdcefc	/guest/c2_native_sleep50_r351_direct_events_s262144_g034	0.0.1@1784738965056	e88a27c12347998006d132d8df377a4d1bab1c06625e6ccf55f3ac9d98a0712a	802	true	present	not_on_path_native	not_on_path_native	match	complete	true	ok	8ce283195848	8ce283195848:8	false		false	true	1784739294743289944	1784739294808431237	1784739295076867953	65.141395	54	69.399588	262144	262258		unavailable_no_direct_event		not_repeated_warm		not_on_path_native		not_on_path_native		not_on_path_native		not_on_path_native		not_on_path_native		not_on_path_native		not_on_path_native	50218155		not_on_path_native		not_on_path_native	50225759	complete
c2-native-attempt-v1	native	262144	34	warm_followup	4	s262144-g034-warm04	644de13481684e1b8de1348168fe1b70	/guest/c2_native_sleep50_r351_direct_events_s262144_g034	0.0.1@1784738965056	e88a27c12347998006d132d8df377a4d1bab1c06625e6ccf55f3ac9d98a0712a	803	true	present	not_on_path_native	not_on_path_native	match	complete	true	ok	8ce283195848	8ce283195848:8	false		false	true	1784739295077061401	1784739295142086911	1784739295405975229	65.02503	53	69.399588	262144	262258		unavailable_no_direct_event		not_repeated_warm		not_on_path_native		not_on_path_native		not_on_path_native		not_on_path_native		not_on_path_native		not_on_path_native		not_on_path_native	50256470		not_on_path_native		not_on_path_native	50263989	complete
c2-native-attempt-v1	native	262144	34	warm_followup	5	s262144-g034-warm05	ce4e12b8a14240e18e12b8a14200e185	/guest/c2_native_sleep50_r351_direct_events_s262144_g034	0.0.1@1784738965056	e88a27c12347998006d132d8df377a4d1bab1c06625e6ccf55f3ac9d98a0712a	804	true	present	not_on_path_native	not_on_path_native	match	complete	true	ok	8ce283195848	8ce283195848:8	false		false	true	1784739295406101022	1784739295468421723	1784739295735179511	62.320902	52	69.399588	262144	262258		unavailable_no_direct_event		not_repeated_warm		not_on_path_native		not_on_path_native		not_on_path_native		not_on_path_native		not_on_path_native		not_on_path_native		not_on_path_native	50152243		not_on_path_native		not_on_path_native	50158988	complete
c2-native-attempt-v1	native	1048576	34	fresh_first_use	0	s1048576-g034-fresh	53aea21f4bd34059aea21f4bd38059d8	/guest/c2_native_sleep50_r351_direct_events_s1048576_g034	0.0.1@1784738975648	a3b91b103e709bbb97ed16dfa63f56a1f0f3d55bb9a6876b5bb6a8b4732be778	805	true	present	not_on_path_native	not_on_path_native	match	complete	true	ok	176264cc78b0	176264cc78b0:8	true	251	true	false	1784739295735324403	1784739296150865327	1784739296416054995	415.542333	316	211.358617	1048576	1048690		unavailable_no_direct_event	251000000	activation_annotation_initTime		not_on_path_native		not_on_path_native		not_on_path_native		not_on_path_native		not_on_path_native		not_on_path_native		not_on_path_native	53432527		not_on_path_native		not_on_path_native	53487065	complete
c2-native-attempt-v1	native	1048576	34	warm_followup	1	s1048576-g034-warm01	9cae353796b144dfae353796b164df04	/guest/c2_native_sleep50_r351_direct_events_s1048576_g034	0.0.1@1784738975648	a3b91b103e709bbb97ed16dfa63f56a1f0f3d55bb9a6876b5bb6a8b4732be778	806	true	present	not_on_path_native	not_on_path_native	match	complete	true	ok	176264cc78b0	176264cc78b0:8	false		false	true	1784739296416200500	1784739296489047747	1784739296753470229	72.847525	52	211.358617	1048576	1048690		unavailable_no_direct_event		not_repeated_warm		not_on_path_native		not_on_path_native		not_on_path_native		not_on_path_native		not_on_path_native		not_on_path_native		not_on_path_native	50217460		not_on_path_native		not_on_path_native	50232209	complete
c2-native-attempt-v1	native	1048576	34	warm_followup	2	s1048576-g034-warm02	22db6b57ac6443779b6b57ac64e3774a	/guest/c2_native_sleep50_r351_direct_events_s1048576_g034	0.0.1@1784738975648	a3b91b103e709bbb97ed16dfa63f56a1f0f3d55bb9a6876b5bb6a8b4732be778	807	true	present	not_on_path_native	not_on_path_native	match	complete	true	ok	176264cc78b0	176264cc78b0:8	false		false	true	1784739296753611388	1784739296825150088	1784739296833299721	71.539402	52	211.358617	1048576	1048690		unavailable_no_direct_event		not_repeated_warm		not_on_path_native		not_on_path_native		not_on_path_native		not_on_path_native		not_on_path_native		not_on_path_native		not_on_path_native	50331393		not_on_path_native		not_on_path_native	50355466	complete
c2-native-attempt-v1	native	1048576	34	warm_followup	3	s1048576-g034-warm03	ef559e34661c492d959e34661cb92dab	/guest/c2_native_sleep50_r351_direct_events_s1048576_g034	0.0.1@1784738975648	a3b91b103e709bbb97ed16dfa63f56a1f0f3d55bb9a6876b5bb6a8b4732be778	808	true	present	not_on_path_native	not_on_path_native	match	complete	true	ok	176264cc78b0	176264cc78b0:8	false		false	true	1784739296833423651	1784739296905928317	1784739296913074071	72.505306	57	211.358617	1048576	1048690		unavailable_no_direct_event		not_repeated_warm		not_on_path_native		not_on_path_native		not_on_path_native		not_on_path_native		not_on_path_native		not_on_path_native		not_on_path_native	50224577		not_on_path_native		not_on_path_native	50237656	complete
c2-native-attempt-v1	native	1048576	34	warm_followup	4	s1048576-g034-warm04	861427ed89dc42f99427ed89dcf2f9cb	/guest/c2_native_sleep50_r351_direct_events_s1048576_g034	0.0.1@1784738975648	a3b91b103e709bbb97ed16dfa63f56a1f0f3d55bb9a6876b5bb6a8b4732be778	809	true	present	not_on_path_native	not_on_path_native	match	complete	true	ok	176264cc78b0	176264cc78b0:8	false		false	true	1784739296913198113	1784739296978953081	1784739297242778772	65.755143	53	211.358617	1048576	1048690		unavailable_no_direct_event		not_repeated_warm		not_on_path_native		not_on_path_native		not_on_path_native		not_on_path_native		not_on_path_native		not_on_path_native		not_on_path_native	50216885		not_on_path_native		not_on_path_native	50223744	complete
c2-native-attempt-v1	native	1048576	34	warm_followup	5	s1048576-g034-warm05	2887ab697f0341ad87ab697f0351ad12	/guest/c2_native_sleep50_r351_direct_events_s1048576_g034	0.0.1@1784738975648	a3b91b103e709bbb97ed16dfa63f56a1f0f3d55bb9a6876b5bb6a8b4732be778	810	true	present	not_on_path_native	not_on_path_native	match	complete	true	ok	176264cc78b0	176264cc78b0:8	false		false	true	1784739297242921430	1784739297307232861	1784739297570638802	64.31181	53	211.358617	1048576	1048690		unavailable_no_direct_event		not_repeated_warm		not_on_path_native		not_on_path_native		not_on_path_native		not_on_path_native		not_on_path_native		not_on_path_native		not_on_path_native	50233025		not_on_path_native		not_on_path_native	50242129	complete
c2-native-attempt-v1	native	4194304	34	fresh_first_use	0	s4194304-g034-fresh	b59b03e08b0d48179b03e08b0d0817b2	/guest/c2_native_sleep50_r351_direct_events_s4194304_g034	0.0.1@1784738999961	54da35c8658d471f221fdde0a8948782c193e1c37b489d5044f0ba48d7c267e6	811	true	present	not_on_path_native	not_on_path_native	match	complete	true	ok	9fcfa8e05369	9fcfa8e05369:9	true	461	true	false	1784739297570772690	1784739298412921095	1784739298421714901	842.149025	521	530.440269	4194304	4194418		unavailable_no_direct_event	461000000	activation_annotation_initTime		not_on_path_native		not_on_path_native		not_on_path_native		not_on_path_native		not_on_path_native		not_on_path_native		not_on_path_native	51051332		not_on_path_native		not_on_path_native	51112806	complete
c2-native-attempt-v1	native	4194304	34	warm_followup	1	s4194304-g034-warm01	743acc005f9443c4bacc005f9423c48e	/guest/c2_native_sleep50_r351_direct_events_s4194304_g034	0.0.1@1784738999961	54da35c8658d471f221fdde0a8948782c193e1c37b489d5044f0ba48d7c267e6	812	true	present	not_on_path_native	not_on_path_native	match	complete	true	ok	9fcfa8e05369	9fcfa8e05369:9	false		false	true	1784739298421918111	1784739298491456588	1784739298503907517	69.538724	53	530.440269	4194304	4194418		unavailable_no_direct_event		not_repeated_warm		not_on_path_native		not_on_path_native		not_on_path_native		not_on_path_native		not_on_path_native		not_on_path_native		not_on_path_native	50226547		not_on_path_native		not_on_path_native	50241631	complete
c2-native-attempt-v1	native	4194304	34	warm_followup	2	s4194304-g034-warm02	5dcff2f9774242318ff2f977426231bc	/guest/c2_native_sleep50_r351_direct_events_s4194304_g034	0.0.1@1784738999961	54da35c8658d471f221fdde0a8948782c193e1c37b489d5044f0ba48d7c267e6	813	true	present	not_on_path_native	not_on_path_native	match	complete	true	ok	9fcfa8e05369	9fcfa8e05369:9	false		false	true	1784739298504080042	1784739298569848318	1784739298580625574	65.768305	52	530.440269	4194304	4194418		unavailable_no_direct_event		not_repeated_warm		not_on_path_native		not_on_path_native		not_on_path_native		not_on_path_native		not_on_path_native		not_on_path_native		not_on_path_native	50218851		not_on_path_native		not_on_path_native	50234065	complete
c2-native-attempt-v1	native	4194304	34	warm_followup	3	s4194304-g034-warm03	cb7b350812e44262bb350812e49262ba	/guest/c2_native_sleep50_r351_direct_events_s4194304_g034	0.0.1@1784738999961	54da35c8658d471f221fdde0a8948782c193e1c37b489d5044f0ba48d7c267e6	814	true	present	not_on_path_native	not_on_path_native	match	complete	true	ok	9fcfa8e05369	9fcfa8e05369:9	false		false	true	1784739298580741871	1784739298643827253	1784739298905983968	63.085575	52	530.440269	4194304	4194418		unavailable_no_direct_event		not_repeated_warm		not_on_path_native		not_on_path_native		not_on_path_native		not_on_path_native		not_on_path_native		not_on_path_native		not_on_path_native	50166356		not_on_path_native		not_on_path_native	50171526	complete
c2-native-attempt-v1	native	4194304	34	warm_followup	4	s4194304-g034-warm04	0a6e082a83a84fb7ae082a83a88fb73d	/guest/c2_native_sleep50_r351_direct_events_s4194304_g034	0.0.1@1784738999961	54da35c8658d471f221fdde0a8948782c193e1c37b489d5044f0ba48d7c267e6	815	true	present	not_on_path_native	not_on_path_native	match	complete	true	ok	9fcfa8e05369	9fcfa8e05369:9	false		false	true	1784739298906108609	1784739298969079628	1784739299237863322	62.971194	52	530.440269	4194304	4194418		unavailable_no_direct_event		not_repeated_warm		not_on_path_native		not_on_path_native		not_on_path_native		not_on_path_native		not_on_path_native		not_on_path_native		not_on_path_native	50185345		not_on_path_native		not_on_path_native	50190378	complete
c2-native-attempt-v1	native	4194304	34	warm_followup	5	s4194304-g034-warm05	fc7987bad6404eecb987bad6408eec3c	/guest/c2_native_sleep50_r351_direct_events_s4194304_g034	0.0.1@1784738999961	54da35c8658d471f221fdde0a8948782c193e1c37b489d5044f0ba48d7c267e6	816	true	present	not_on_path_native	not_on_path_native	match	complete	true	ok	9fcfa8e05369	9fcfa8e05369:9	false		false	true	1784739299238038760	1784739299303058098	1784739299569443106	65.019292	52	530.440269	4194304	4194418		unavailable_no_direct_event		not_repeated_warm		not_on_path_native		not_on_path_native		not_on_path_native		not_on_path_native		not_on_path_native		not_on_path_native		not_on_path_native	50154104		not_on_path_native		not_on_path_native	50159239	complete
c2-native-attempt-v1	native	65536	35	fresh_first_use	0	s65536-g035-fresh	217fb8856d5a498bbfb8856d5a398bf7	/guest/c2_native_sleep50_r351_direct_events_s65536_g035	0.0.1@1784738959407	b2e60a4d5d2474d0b79a0fe2feaaf138064b4e6d360166308827b39275e7105b	817	true	present	not_on_path_native	not_on_path_native	match	complete	true	ok	b59b8feee02c	b59b8feee02c:8	true	118	true	false	1784739299569570697	1784739299953279544	1784739300218683738	383.709179	187	46.527137	65536	65650		unavailable_no_direct_event	118000000	activation_annotation_initTime		not_on_path_native		not_on_path_native		not_on_path_native		not_on_path_native		not_on_path_native		not_on_path_native		not_on_path_native	53302277		not_on_path_native		not_on_path_native	53349408	complete
c2-native-attempt-v1	native	65536	35	warm_followup	1	s65536-g035-warm01	e934e7d807e94982b4e7d807e9f982d6	/guest/c2_native_sleep50_r351_direct_events_s65536_g035	0.0.1@1784738959407	b2e60a4d5d2474d0b79a0fe2feaaf138064b4e6d360166308827b39275e7105b	818	true	present	not_on_path_native	not_on_path_native	match	complete	true	ok	b59b8feee02c	b59b8feee02c:8	false		false	true	1784739300218826785	1784739300283156254	1784739300546836867	64.32944	52	46.527137	65536	65650		unavailable_no_direct_event		not_repeated_warm		not_on_path_native		not_on_path_native		not_on_path_native		not_on_path_native		not_on_path_native		not_on_path_native		not_on_path_native	50246469		not_on_path_native		not_on_path_native	50262789	complete
c2-native-attempt-v1	native	65536	35	warm_followup	2	s65536-g035-warm02	5be1c78d7cf24696a1c78d7cf21696de	/guest/c2_native_sleep50_r351_direct_events_s65536_g035	0.0.1@1784738959407	b2e60a4d5d2474d0b79a0fe2feaaf138064b4e6d360166308827b39275e7105b	819	true	present	not_on_path_native	not_on_path_native	match	complete	true	ok	b59b8feee02c	b59b8feee02c:8	false		false	true	1784739300546972920	1784739300610143446	1784739300871809430	63.170869	53	46.527137	65536	65650		unavailable_no_direct_event		not_repeated_warm		not_on_path_native		not_on_path_native		not_on_path_native		not_on_path_native		not_on_path_native		not_on_path_native		not_on_path_native	50244116		not_on_path_native		not_on_path_native	50263306	complete
c2-native-attempt-v1	native	65536	35	warm_followup	3	s65536-g035-warm03	f9d73141498145009731414981050019	/guest/c2_native_sleep50_r351_direct_events_s65536_g035	0.0.1@1784738959407	b2e60a4d5d2474d0b79a0fe2feaaf138064b4e6d360166308827b39275e7105b	820	true	present	not_on_path_native	not_on_path_native	match	complete	true	ok	b59b8feee02c	b59b8feee02c:8	false		false	true	1784739300871945213	1784739300940981790	1784739300947867035	69.036909	53	46.527137	65536	65650		unavailable_no_direct_event		not_repeated_warm		not_on_path_native		not_on_path_native		not_on_path_native		not_on_path_native		not_on_path_native		not_on_path_native		not_on_path_native	50254110		not_on_path_native		not_on_path_native	50260628	complete
c2-native-attempt-v1	native	65536	35	warm_followup	4	s65536-g035-warm04	f610009025c84a8490009025c86a844f	/guest/c2_native_sleep50_r351_direct_events_s65536_g035	0.0.1@1784738959407	b2e60a4d5d2474d0b79a0fe2feaaf138064b4e6d360166308827b39275e7105b	821	true	present	not_on_path_native	not_on_path_native	match	complete	true	ok	b59b8feee02c	b59b8feee02c:8	false		false	true	1784739300947980676	1784739301009433857	1784739301274278589	61.453105	52	46.527137	65536	65650		unavailable_no_direct_event		not_repeated_warm		not_on_path_native		not_on_path_native		not_on_path_native		not_on_path_native		not_on_path_native		not_on_path_native		not_on_path_native	50290493		not_on_path_native		not_on_path_native	50295958	complete
c2-native-attempt-v1	native	65536	35	warm_followup	5	s65536-g035-warm05	898dd54afad7408e8dd54afad7a08e14	/guest/c2_native_sleep50_r351_direct_events_s65536_g035	0.0.1@1784738959407	b2e60a4d5d2474d0b79a0fe2feaaf138064b4e6d360166308827b39275e7105b	822	true	present	not_on_path_native	not_on_path_native	match	complete	true	ok	b59b8feee02c	b59b8feee02c:8	false		false	true	1784739301274428716	1784739301339314485	1784739301604748433	64.885707	52	46.527137	65536	65650		unavailable_no_direct_event		not_repeated_warm		not_on_path_native		not_on_path_native		not_on_path_native		not_on_path_native		not_on_path_native		not_on_path_native		not_on_path_native	50223898		not_on_path_native		not_on_path_native	50230401	complete
c2-native-attempt-v1	native	262144	35	fresh_first_use	0	s262144-g035-fresh	7c971cf3abc04bc5971cf3abc07bc58b	/guest/c2_native_sleep50_r351_direct_events_s262144_g035	0.0.1@1784738965215	f616fa55751b14d01374f3bf6eca8248dd839f4bd7dedfdfe151d18a2765dc6d	823	true	present	not_on_path_native	not_on_path_native	match	complete	true	ok	6fdbce48a992	6fdbce48a992:8	true	193	true	false	1784739301604936438	1784739302084071734	1784739302092002465	479.135346	255	79.823812	262144	262258		unavailable_no_direct_event	193000000	activation_annotation_initTime		not_on_path_native		not_on_path_native		not_on_path_native		not_on_path_native		not_on_path_native		not_on_path_native		not_on_path_native	50486796		not_on_path_native		not_on_path_native	50528507	complete
c2-native-attempt-v1	native	262144	35	warm_followup	1	s262144-g035-warm01	460805f03e6c4bde8805f03e6cabde64	/guest/c2_native_sleep50_r351_direct_events_s262144_g035	0.0.1@1784738965215	f616fa55751b14d01374f3bf6eca8248dd839f4bd7dedfdfe151d18a2765dc6d	824	true	present	not_on_path_native	not_on_path_native	match	complete	true	ok	6fdbce48a992	6fdbce48a992:8	false		false	true	1784739302092132821	1784739302158619335	1784739302419029739	66.486439	54	79.823812	262144	262258		unavailable_no_direct_event		not_repeated_warm		not_on_path_native		not_on_path_native		not_on_path_native		not_on_path_native		not_on_path_native		not_on_path_native		not_on_path_native	50269568		not_on_path_native		not_on_path_native	50289211	complete
c2-native-attempt-v1	native	262144	35	warm_followup	2	s262144-g035-warm02	1b2e6f93ea014b16ae6f93ea01bb1695	/guest/c2_native_sleep50_r351_direct_events_s262144_g035	0.0.1@1784738965215	f616fa55751b14d01374f3bf6eca8248dd839f4bd7dedfdfe151d18a2765dc6d	825	true	present	not_on_path_native	not_on_path_native	match	complete	true	ok	6fdbce48a992	6fdbce48a992:8	false		false	true	1784739302419153144	1784739302483826872	1784739302747309852	64.673912	53	79.823812	262144	262258		unavailable_no_direct_event		not_repeated_warm		not_on_path_native		not_on_path_native		not_on_path_native		not_on_path_native		not_on_path_native		not_on_path_native		not_on_path_native	50285177		not_on_path_native		not_on_path_native	50303319	complete
c2-native-attempt-v1	native	262144	35	warm_followup	3	s262144-g035-warm03	402cba3bf6df4968acba3bf6df7968a5	/guest/c2_native_sleep50_r351_direct_events_s262144_g035	0.0.1@1784738965215	f616fa55751b14d01374f3bf6eca8248dd839f4bd7dedfdfe151d18a2765dc6d	826	true	present	not_on_path_native	not_on_path_native	match	complete	true	ok	6fdbce48a992	6fdbce48a992:8	false		false	true	1784739302747438645	1784739302813392067	1784739303082949006	65.953584	53	79.823812	262144	262258		unavailable_no_direct_event		not_repeated_warm		not_on_path_native		not_on_path_native		not_on_path_native		not_on_path_native		not_on_path_native		not_on_path_native		not_on_path_native	50201584		not_on_path_native		not_on_path_native	50208190	complete
c2-native-attempt-v1	native	262144	35	warm_followup	4	s262144-g035-warm04	7c3a4ab116864a76ba4ab116865a7628	/guest/c2_native_sleep50_r351_direct_events_s262144_g035	0.0.1@1784738965215	f616fa55751b14d01374f3bf6eca8248dd839f4bd7dedfdfe151d18a2765dc6d	827	true	present	not_on_path_native	not_on_path_native	match	complete	true	ok	6fdbce48a992	6fdbce48a992:8	false		false	true	1784739303083084704	1784739303147874601	1784739303409182855	64.790138	52	79.823812	262144	262258		unavailable_no_direct_event		not_repeated_warm		not_on_path_native		not_on_path_native		not_on_path_native		not_on_path_native		not_on_path_native		not_on_path_native		not_on_path_native	50194205		not_on_path_native		not_on_path_native	50199646	complete
c2-native-attempt-v1	native	262144	35	warm_followup	5	s262144-g035-warm05	1f212f3b7b084532a12f3b7b08653245	/guest/c2_native_sleep50_r351_direct_events_s262144_g035	0.0.1@1784738965215	f616fa55751b14d01374f3bf6eca8248dd839f4bd7dedfdfe151d18a2765dc6d	828	true	present	not_on_path_native	not_on_path_native	match	complete	true	ok	6fdbce48a992	6fdbce48a992:8	false		false	true	1784739303409321090	1784739303472301221	1784739303734480247	62.980215	52	79.823812	262144	262258		unavailable_no_direct_event		not_repeated_warm		not_on_path_native		not_on_path_native		not_on_path_native		not_on_path_native		not_on_path_native		not_on_path_native		not_on_path_native	50187698		not_on_path_native		not_on_path_native	50192624	complete
c2-native-attempt-v1	native	1048576	35	fresh_first_use	0	s1048576-g035-fresh	720847e9459049ba8847e94590a9ba2f	/guest/c2_native_sleep50_r351_direct_events_s1048576_g035	0.0.1@1784738975903	592c5f573c51e215eb542564f5b7830df9f270d3dc1ee4f6a23607b26556f206	829	true	present	not_on_path_native	not_on_path_native	match	complete	true	ok	4fe7e9053580	4fe7e9053580:8	true	182	true	false	1784739303734611174	1784739304082105965	1784739304348157746	347.495062	254	148.932126	1048576	1048690		unavailable_no_direct_event	182000000	activation_annotation_initTime		not_on_path_native		not_on_path_native		not_on_path_native		not_on_path_native		not_on_path_native		not_on_path_native		not_on_path_native	60502709		not_on_path_native		not_on_path_native	60561874	complete
c2-native-attempt-v1	native	1048576	35	warm_followup	1	s1048576-g035-warm01	0bf358bc9e184c66b358bc9e183c6644	/guest/c2_native_sleep50_r351_direct_events_s1048576_g035	0.0.1@1784738975903	592c5f573c51e215eb542564f5b7830df9f270d3dc1ee4f6a23607b26556f206	830	true	present	not_on_path_native	not_on_path_native	match	complete	true	ok	4fe7e9053580	4fe7e9053580:8	false		false	true	1784739304348298811	1784739304421862630	1784739304689014392	73.564431	54	148.932126	1048576	1048690		unavailable_no_direct_event		not_repeated_warm		not_on_path_native		not_on_path_native		not_on_path_native		not_on_path_native		not_on_path_native		not_on_path_native		not_on_path_native	50220560		not_on_path_native		not_on_path_native	50242869	complete
c2-native-attempt-v1	native	1048576	35	warm_followup	2	s1048576-g035-warm02	539466127107467c9466127107667c39	/guest/c2_native_sleep50_r351_direct_events_s1048576_g035	0.0.1@1784738975903	592c5f573c51e215eb542564f5b7830df9f270d3dc1ee4f6a23607b26556f206	831	true	present	not_on_path_native	not_on_path_native	match	complete	true	ok	4fe7e9053580	4fe7e9053580:8	false		false	true	1784739304689197769	1784739304764728891	1784739305036010349	75.531318	53	148.932126	1048576	1048690		unavailable_no_direct_event		not_repeated_warm		not_on_path_native		not_on_path_native		not_on_path_native		not_on_path_native		not_on_path_native		not_on_path_native		not_on_path_native	50325659		not_on_path_native		not_on_path_native	50351314	complete
c2-native-attempt-v1	native	1048576	35	warm_followup	3	s1048576-g035-warm03	c5e9c1bacff94792a9c1bacff9179214	/guest/c2_native_sleep50_r351_direct_events_s1048576_g035	0.0.1@1784738975903	592c5f573c51e215eb542564f5b7830df9f270d3dc1ee4f6a23607b26556f206	832	true	present	not_on_path_native	not_on_path_native	match	complete	true	ok	4fe7e9053580	4fe7e9053580:8	false		false	true	1784739305036142303	1784739305105501659	1784739305371919662	69.359594	53	148.932126	1048576	1048690		unavailable_no_direct_event		not_repeated_warm		not_on_path_native		not_on_path_native		not_on_path_native		not_on_path_native		not_on_path_native		not_on_path_native		not_on_path_native	50207964		not_on_path_native		not_on_path_native	50216820	complete
c2-native-attempt-v1	native	1048576	35	warm_followup	4	s1048576-g035-warm04	fbe8de09ccdb49a7a8de09ccdbe9a73c	/guest/c2_native_sleep50_r351_direct_events_s1048576_g035	0.0.1@1784738975903	592c5f573c51e215eb542564f5b7830df9f270d3dc1ee4f6a23607b26556f206	833	true	present	not_on_path_native	not_on_path_native	match	complete	true	ok	4fe7e9053580	4fe7e9053580:8	false		false	true	1784739305372056197	1784739305436608635	1784739305698774338	64.552672	53	148.932126	1048576	1048690		unavailable_no_direct_event		not_repeated_warm		not_on_path_native		not_on_path_native		not_on_path_native		not_on_path_native		not_on_path_native		not_on_path_native		not_on_path_native	50208262		not_on_path_native		not_on_path_native	50215539	complete
c2-native-attempt-v1	native	1048576	35	warm_followup	5	s1048576-g035-warm05	4377499b36dd4792b7499b36dd8792ac	/guest/c2_native_sleep50_r351_direct_events_s1048576_g035	0.0.1@1784738975903	592c5f573c51e215eb542564f5b7830df9f270d3dc1ee4f6a23607b26556f206	834	true	present	not_on_path_native	not_on_path_native	match	complete	true	ok	4fe7e9053580	4fe7e9053580:8	false		false	true	1784739305698899490	1784739305763646033	1784739306034810608	64.746702	53	148.932126	1048576	1048690		unavailable_no_direct_event		not_repeated_warm		not_on_path_native		not_on_path_native		not_on_path_native		not_on_path_native		not_on_path_native		not_on_path_native		not_on_path_native	50200752		not_on_path_native		not_on_path_native	50207825	complete
c2-native-attempt-v1	native	4194304	35	fresh_first_use	0	s4194304-g035-fresh	8b19bc2e583f4e3c99bc2e583f5e3cd7	/guest/c2_native_sleep50_r351_direct_events_s4194304_g035	0.0.1@1784739000592	030f1c605deb59188f506eb0b085c8a09d63223b51d918deb9ff44e950f62c11	835	true	present	not_on_path_native	not_on_path_native	match	complete	true	ok	544aea585a39	544aea585a39:9	true	406	true	false	1784739306034948647	1784739306652259841	1784739306916790447	617.311647	469	500.752415	4194304	4194418		unavailable_no_direct_event	406000000	activation_annotation_initTime		not_on_path_native		not_on_path_native		not_on_path_native		not_on_path_native		not_on_path_native		not_on_path_native		not_on_path_native	49681089		not_on_path_native		not_on_path_native	49736478	complete
c2-native-attempt-v1	native	4194304	35	warm_followup	1	s4194304-g035-warm01	dd6390562c824131a390562c82c1319f	/guest/c2_native_sleep50_r351_direct_events_s4194304_g035	0.0.1@1784739000592	030f1c605deb59188f506eb0b085c8a09d63223b51d918deb9ff44e950f62c11	836	true	present	not_on_path_native	not_on_path_native	match	complete	true	ok	544aea585a39	544aea585a39:9	false		false	true	1784739306916918187	1784739306980214486	1784739307252754750	63.296336	52	500.752415	4194304	4194418		unavailable_no_direct_event		not_repeated_warm		not_on_path_native		not_on_path_native		not_on_path_native		not_on_path_native		not_on_path_native		not_on_path_native		not_on_path_native	50269452		not_on_path_native		not_on_path_native	50286872	complete
c2-native-attempt-v1	native	4194304	35	warm_followup	2	s4194304-g035-warm02	58ca812313c249b78a812313c2e9b743	/guest/c2_native_sleep50_r351_direct_events_s4194304_g035	0.0.1@1784739000592	030f1c605deb59188f506eb0b085c8a09d63223b51d918deb9ff44e950f62c11	837	true	present	not_on_path_native	not_on_path_native	match	complete	true	ok	544aea585a39	544aea585a39:9	false		false	true	1784739307252881849	1784739307317785973	1784739307325127025	64.904204	52	500.752415	4194304	4194418		unavailable_no_direct_event		not_repeated_warm		not_on_path_native		not_on_path_native		not_on_path_native		not_on_path_native		not_on_path_native		not_on_path_native		not_on_path_native	50265824		not_on_path_native		not_on_path_native	50283618	complete
c2-native-attempt-v1	native	4194304	35	warm_followup	3	s4194304-g035-warm03	72f14f7531be4811b14f7531beb8116f	/guest/c2_native_sleep50_r351_direct_events_s4194304_g035	0.0.1@1784739000592	030f1c605deb59188f506eb0b085c8a09d63223b51d918deb9ff44e950f62c11	838	true	present	not_on_path_native	not_on_path_native	match	complete	true	ok	544aea585a39	544aea585a39:9	false		false	true	1784739307325254209	1784739307388234807	1784739307652042572	62.980763	52	500.752415	4194304	4194418		unavailable_no_direct_event		not_repeated_warm		not_on_path_native		not_on_path_native		not_on_path_native		not_on_path_native		not_on_path_native		not_on_path_native		not_on_path_native	50191505		not_on_path_native		not_on_path_native	50197325	complete
c2-native-attempt-v1	native	4194304	35	warm_followup	4	s4194304-g035-warm04	708aa6aff7184cc18aa6aff7180cc1eb	/guest/c2_native_sleep50_r351_direct_events_s4194304_g035	0.0.1@1784739000592	030f1c605deb59188f506eb0b085c8a09d63223b51d918deb9ff44e950f62c11	839	true	present	not_on_path_native	not_on_path_native	match	complete	true	ok	544aea585a39	544aea585a39:9	false		false	true	1784739307652178441	1784739307716084401	1784739307987670610	63.90617	52	500.752415	4194304	4194418		unavailable_no_direct_event		not_repeated_warm		not_on_path_native		not_on_path_native		not_on_path_native		not_on_path_native		not_on_path_native		not_on_path_native		not_on_path_native	50231694		not_on_path_native		not_on_path_native	50237746	complete
c2-native-attempt-v1	native	4194304	35	warm_followup	5	s4194304-g035-warm05	f56fc3b250e04415afc3b250e0b41552	/guest/c2_native_sleep50_r351_direct_events_s4194304_g035	0.0.1@1784739000592	030f1c605deb59188f506eb0b085c8a09d63223b51d918deb9ff44e950f62c11	840	true	present	not_on_path_native	not_on_path_native	match	complete	true	ok	544aea585a39	544aea585a39:9	false		false	true	1784739307987859985	1784739308066885043	1784739308074024754	79.025023	53	500.752415	4194304	4194418		unavailable_no_direct_event		not_repeated_warm		not_on_path_native		not_on_path_native		not_on_path_native		not_on_path_native		not_on_path_native		not_on_path_native		not_on_path_native	50203475		not_on_path_native		not_on_path_native	50209739	complete
c2-native-attempt-v1	native	65536	36	fresh_first_use	0	s65536-g036-fresh	f5fac70c050e4ec9bac70c050e1ec905	/guest/c2_native_sleep50_r351_direct_events_s65536_g036	0.0.1@1784738959520	a9ccebaec430a218eebaf638f632a4fc29c7bfa28d4a865959d64d917b8f5e4e	841	true	present	not_on_path_native	not_on_path_native	match	complete	true	ok	a4c6b8e47bf9	a4c6b8e47bf9:8	true	115	true	false	1784739308074154243	1784739308320624199	1784739308589309118	246.470579	179	46.979338	65536	65650		unavailable_no_direct_event	115000000	activation_annotation_initTime		not_on_path_native		not_on_path_native		not_on_path_native		not_on_path_native		not_on_path_native		not_on_path_native		not_on_path_native	51969874		not_on_path_native		not_on_path_native	52015194	complete
c2-native-attempt-v1	native	65536	36	warm_followup	1	s65536-g036-warm01	9927b891d66941baa7b891d66961ba3e	/guest/c2_native_sleep50_r351_direct_events_s65536_g036	0.0.1@1784738959520	a9ccebaec430a218eebaf638f632a4fc29c7bfa28d4a865959d64d917b8f5e4e	842	true	present	not_on_path_native	not_on_path_native	match	complete	true	ok	a4c6b8e47bf9	a4c6b8e47bf9:8	false		false	true	1784739308589466474	1784739308656580176	1784739308925835667	67.114162	52	46.979338	65536	65650		unavailable_no_direct_event		not_repeated_warm		not_on_path_native		not_on_path_native		not_on_path_native		not_on_path_native		not_on_path_native		not_on_path_native		not_on_path_native	50252471		not_on_path_native		not_on_path_native	50268085	complete
c2-native-attempt-v1	native	65536	36	warm_followup	2	s65536-g036-warm02	eb883afe32f94453883afe32f9d453d8	/guest/c2_native_sleep50_r351_direct_events_s65536_g036	0.0.1@1784738959520	a9ccebaec430a218eebaf638f632a4fc29c7bfa28d4a865959d64d917b8f5e4e	843	true	present	not_on_path_native	not_on_path_native	match	complete	true	ok	a4c6b8e47bf9	a4c6b8e47bf9:8	false		false	true	1784739308925981694	1784739308992252932	1784739309262273991	66.271699	53	46.979338	65536	65650		unavailable_no_direct_event		not_repeated_warm		not_on_path_native		not_on_path_native		not_on_path_native		not_on_path_native		not_on_path_native		not_on_path_native		not_on_path_native	50233923		not_on_path_native		not_on_path_native	50252558	complete
c2-native-attempt-v1	native	65536	36	warm_followup	3	s65536-g036-warm03	382aa6adaaf84c28aaa6adaaf82c28f0	/guest/c2_native_sleep50_r351_direct_events_s65536_g036	0.0.1@1784738959520	a9ccebaec430a218eebaf638f632a4fc29c7bfa28d4a865959d64d917b8f5e4e	844	true	present	not_on_path_native	not_on_path_native	match	complete	true	ok	a4c6b8e47bf9	a4c6b8e47bf9:8	false		false	true	1784739309262469012	1784739309329601563	1784739309339988973	67.132391	53	46.979338	65536	65650		unavailable_no_direct_event		not_repeated_warm		not_on_path_native		not_on_path_native		not_on_path_native		not_on_path_native		not_on_path_native		not_on_path_native		not_on_path_native	50215246		not_on_path_native		not_on_path_native	50221589	complete
c2-native-attempt-v1	native	65536	36	warm_followup	4	s65536-g036-warm04	27e64b59b5ad4ce1a64b59b5adbce185	/guest/c2_native_sleep50_r351_direct_events_s65536_g036	0.0.1@1784738959520	a9ccebaec430a218eebaf638f632a4fc29c7bfa28d4a865959d64d917b8f5e4e	845	true	present	not_on_path_native	not_on_path_native	match	complete	true	ok	a4c6b8e47bf9	a4c6b8e47bf9:8	false		false	true	1784739309340121055	1784739309405096896	1784739309414707408	64.976022	52	46.979338	65536	65650		unavailable_no_direct_event		not_repeated_warm		not_on_path_native		not_on_path_native		not_on_path_native		not_on_path_native		not_on_path_native		not_on_path_native		not_on_path_native	50205803		not_on_path_native		not_on_path_native	50212167	complete
c2-native-attempt-v1	native	65536	36	warm_followup	5	s65536-g036-warm05	9e85316e2349422785316e2349f22746	/guest/c2_native_sleep50_r351_direct_events_s65536_g036	0.0.1@1784738959520	a9ccebaec430a218eebaf638f632a4fc29c7bfa28d4a865959d64d917b8f5e4e	846	true	present	not_on_path_native	not_on_path_native	match	complete	true	ok	a4c6b8e47bf9	a4c6b8e47bf9:8	false		false	true	1784739309414830110	1784739309481792402	1784739309748162722	66.962869	52	46.979338	65536	65650		unavailable_no_direct_event		not_repeated_warm		not_on_path_native		not_on_path_native		not_on_path_native		not_on_path_native		not_on_path_native		not_on_path_native		not_on_path_native	49203477		not_on_path_native		not_on_path_native	49210694	complete
c2-native-attempt-v1	native	262144	36	fresh_first_use	0	s262144-g036-fresh	1f6015d924344480a015d924349480f7	/guest/c2_native_sleep50_r351_direct_events_s262144_g036	0.0.1@1784738965389	319b9f34fe2468aace32bf27f1ca22cd1ff91ef4609615b0ba582a1791e9042c	847	true	present	not_on_path_native	not_on_path_native	match	complete	true	ok	84c4b1388a92	84c4b1388a92:8	true	163	true	false	1784739309748288649	1784739310169933033	1784739310433456818	421.644782	232	88.854784	262144	262258		unavailable_no_direct_event	163000000	activation_annotation_initTime		not_on_path_native		not_on_path_native		not_on_path_native		not_on_path_native		not_on_path_native		not_on_path_native		not_on_path_native	53756962		not_on_path_native		not_on_path_native	53815510	complete
c2-native-attempt-v1	native	262144	36	warm_followup	1	s262144-g036-warm01	911b06b8ee804e5f9b06b8ee801e5fe8	/guest/c2_native_sleep50_r351_direct_events_s262144_g036	0.0.1@1784738965389	319b9f34fe2468aace32bf27f1ca22cd1ff91ef4609615b0ba582a1791e9042c	848	true	present	not_on_path_native	not_on_path_native	match	complete	true	ok	84c4b1388a92	84c4b1388a92:8	false		false	true	1784739310433598041	1784739310502419166	1784739310772319339	68.821072	55	88.854784	262144	262258		unavailable_no_direct_event		not_repeated_warm		not_on_path_native		not_on_path_native		not_on_path_native		not_on_path_native		not_on_path_native		not_on_path_native		not_on_path_native	50311304		not_on_path_native		not_on_path_native	50330600	complete
c2-native-attempt-v1	native	262144	36	warm_followup	2	s262144-g036-warm02	bcf7ba92e56a4ac0b7ba92e56a0ac073	/guest/c2_native_sleep50_r351_direct_events_s262144_g036	0.0.1@1784738965389	319b9f34fe2468aace32bf27f1ca22cd1ff91ef4609615b0ba582a1791e9042c	849	true	present	not_on_path_native	not_on_path_native	match	complete	true	ok	84c4b1388a92	84c4b1388a92:8	false		false	true	1784739310772505106	1784739310839021976	1784739310847672084	66.516954	51	88.854784	262144	262258		unavailable_no_direct_event		not_repeated_warm		not_on_path_native		not_on_path_native		not_on_path_native		not_on_path_native		not_on_path_native		not_on_path_native		not_on_path_native	49285235		not_on_path_native		not_on_path_native	49305143	complete
c2-native-attempt-v1	native	262144	36	warm_followup	3	s262144-g036-warm03	caddfc7db7dd41819dfc7db7dd5181d3	/guest/c2_native_sleep50_r351_direct_events_s262144_g036	0.0.1@1784738965389	319b9f34fe2468aace32bf27f1ca22cd1ff91ef4609615b0ba582a1791e9042c	850	true	present	not_on_path_native	not_on_path_native	match	complete	true	ok	84c4b1388a92	84c4b1388a92:8	false		false	true	1784739310847788832	1784739310909496693	1784739310919513313	61.70794	51	88.854784	262144	262258		unavailable_no_direct_event		not_repeated_warm		not_on_path_native		not_on_path_native		not_on_path_native		not_on_path_native		not_on_path_native		not_on_path_native		not_on_path_native	49189133		not_on_path_native		not_on_path_native	49194379	complete
c2-native-attempt-v1	native	262144	36	warm_followup	4	s262144-g036-warm04	df65f6e286df497da5f6e286df497d52	/guest/c2_native_sleep50_r351_direct_events_s262144_g036	0.0.1@1784738965389	319b9f34fe2468aace32bf27f1ca22cd1ff91ef4609615b0ba582a1791e9042c	851	true	present	not_on_path_native	not_on_path_native	match	complete	true	ok	84c4b1388a92	84c4b1388a92:8	false		false	true	1784739310919706893	1784739310983381351	1784739311245810021	63.674384	52	88.854784	262144	262258		unavailable_no_direct_event		not_repeated_warm		not_on_path_native		not_on_path_native		not_on_path_native		not_on_path_native		not_on_path_native		not_on_path_native		not_on_path_native	50177166		not_on_path_native		not_on_path_native	50182036	complete
c2-native-attempt-v1	native	262144	36	warm_followup	5	s262144-g036-warm05	22402aa54ea0435f802aa54ea0735f0f	/guest/c2_native_sleep50_r351_direct_events_s262144_g036	0.0.1@1784738965389	319b9f34fe2468aace32bf27f1ca22cd1ff91ef4609615b0ba582a1791e9042c	852	true	present	not_on_path_native	not_on_path_native	match	complete	true	ok	84c4b1388a92	84c4b1388a92:8	false		false	true	1784739311245933335	1784739311308070692	1784739311571420026	62.137804	52	88.854784	262144	262258		unavailable_no_direct_event		not_repeated_warm		not_on_path_native		not_on_path_native		not_on_path_native		not_on_path_native		not_on_path_native		not_on_path_native		not_on_path_native	50177939		not_on_path_native		not_on_path_native	50183802	complete
c2-native-attempt-v1	native	1048576	36	fresh_first_use	0	s1048576-g036-fresh	ff2d01be0391470bad01be0391a70bfa	/guest/c2_native_sleep50_r351_direct_events_s1048576_g036	0.0.1@1784738976129	22e5ce35d59fe2fc819a4ee7324d0e911ae5773b972c015c660900439bd1a433	853	true	present	not_on_path_native	not_on_path_native	match	complete	true	ok	45435d62e0dd	45435d62e0dd:8	true	181	true	false	1784739311571559982	1784739311958823812	1784739311967447026	387.265042	252	153.672595	1048576	1048690		unavailable_no_direct_event	181000000	activation_annotation_initTime		not_on_path_native		not_on_path_native		not_on_path_native		not_on_path_native		not_on_path_native		not_on_path_native		not_on_path_native	50879530		not_on_path_native		not_on_path_native	50942997	complete
c2-native-attempt-v1	native	1048576	36	warm_followup	1	s1048576-g036-warm01	326d5fa4856f4a84ad5fa4856fca8404	/guest/c2_native_sleep50_r351_direct_events_s1048576_g036	0.0.1@1784738976129	22e5ce35d59fe2fc819a4ee7324d0e911ae5773b972c015c660900439bd1a433	854	true	present	not_on_path_native	not_on_path_native	match	complete	true	ok	45435d62e0dd	45435d62e0dd:8	false		false	true	1784739311967641961	1784739312052415192	1784739312314416929	84.773314	58	153.672595	1048576	1048690		unavailable_no_direct_event		not_repeated_warm		not_on_path_native		not_on_path_native		not_on_path_native		not_on_path_native		not_on_path_native		not_on_path_native		not_on_path_native	50006301		not_on_path_native		not_on_path_native	50030655	complete
c2-native-attempt-v1	native	1048576	36	warm_followup	2	s1048576-g036-warm02	d41abe2f2a8d4a239abe2f2a8d8a2398	/guest/c2_native_sleep50_r351_direct_events_s1048576_g036	0.0.1@1784738976129	22e5ce35d59fe2fc819a4ee7324d0e911ae5773b972c015c660900439bd1a433	855	true	present	not_on_path_native	not_on_path_native	match	complete	true	ok	45435d62e0dd	45435d62e0dd:8	false		false	true	1784739312314550366	1784739312378255304	1784739312641698925	63.705488	53	153.672595	1048576	1048690		unavailable_no_direct_event		not_repeated_warm		not_on_path_native		not_on_path_native		not_on_path_native		not_on_path_native		not_on_path_native		not_on_path_native		not_on_path_native	50292899		not_on_path_native		not_on_path_native	50312168	complete
c2-native-attempt-v1	native	1048576	36	warm_followup	3	s1048576-g036-warm03	0424fa971551494da4fa971551294d48	/guest/c2_native_sleep50_r351_direct_events_s1048576_g036	0.0.1@1784738976129	22e5ce35d59fe2fc819a4ee7324d0e911ae5773b972c015c660900439bd1a433	856	true	present	not_on_path_native	not_on_path_native	match	complete	true	ok	45435d62e0dd	45435d62e0dd:8	false		false	true	1784739312641885113	1784739312704868322	1784739312968788156	62.98312	53	153.672595	1048576	1048690		unavailable_no_direct_event		not_repeated_warm		not_on_path_native		not_on_path_native		not_on_path_native		not_on_path_native		not_on_path_native		not_on_path_native		not_on_path_native	50271329		not_on_path_native		not_on_path_native	50277232	complete
c2-native-attempt-v1	native	1048576	36	warm_followup	4	s1048576-g036-warm04	bc3a1877770b48b1ba1877770bd8b17d	/guest/c2_native_sleep50_r351_direct_events_s1048576_g036	0.0.1@1784738976129	22e5ce35d59fe2fc819a4ee7324d0e911ae5773b972c015c660900439bd1a433	857	true	present	not_on_path_native	not_on_path_native	match	complete	true	ok	45435d62e0dd	45435d62e0dd:8	false		false	true	1784739312968911368	1784739313033875088	1784739313042798845	64.964035	53	153.672595	1048576	1048690		unavailable_no_direct_event		not_repeated_warm		not_on_path_native		not_on_path_native		not_on_path_native		not_on_path_native		not_on_path_native		not_on_path_native		not_on_path_native	50349566		not_on_path_native		not_on_path_native	50361387	complete
c2-native-attempt-v1	native	1048576	36	warm_followup	5	s1048576-g036-warm05	30ff26f94aae4e4cbf26f94aae0e4cad	/guest/c2_native_sleep50_r351_direct_events_s1048576_g036	0.0.1@1784738976129	22e5ce35d59fe2fc819a4ee7324d0e911ae5773b972c015c660900439bd1a433	858	true	present	not_on_path_native	not_on_path_native	match	complete	true	ok	45435d62e0dd	45435d62e0dd:8	false		false	true	1784739313042965900	1784739313104136935	1784739313365439079	61.171	51	153.672595	1048576	1048690		unavailable_no_direct_event		not_repeated_warm		not_on_path_native		not_on_path_native		not_on_path_native		not_on_path_native		not_on_path_native		not_on_path_native		not_on_path_native	49280989		not_on_path_native		not_on_path_native	49286805	complete
c2-native-attempt-v1	native	4194304	36	fresh_first_use	0	s4194304-g036-fresh	bce77bd1be81483ca77bd1be81983c06	/guest/c2_native_sleep50_r351_direct_events_s4194304_g036	0.0.1@1784739001237	1be8fea652125fc372c1755813d3cdb649b8e86f4dcdeeeb71017cd537b463e5	859	true	present	not_on_path_native	not_on_path_native	match	complete	true	ok	a3db3d65dced	a3db3d65dced:9	true	336	true	false	1784739313365569666	1784739313884535911	1784739314149095708	518.966894	392	512.202039	4194304	4194418		unavailable_no_direct_event	336000000	activation_annotation_initTime		not_on_path_native		not_on_path_native		not_on_path_native		not_on_path_native		not_on_path_native		not_on_path_native		not_on_path_native	50859463		not_on_path_native		not_on_path_native	50909285	complete
c2-native-attempt-v1	native	4194304	36	warm_followup	1	s4194304-g036-warm01	3579cff8b5174969b9cff8b5175969cd	/guest/c2_native_sleep50_r351_direct_events_s4194304_g036	0.0.1@1784739001237	1be8fea652125fc372c1755813d3cdb649b8e86f4dcdeeeb71017cd537b463e5	860	true	present	not_on_path_native	not_on_path_native	match	complete	true	ok	a3db3d65dced	a3db3d65dced:9	false		false	true	1784739314149294301	1784739314217697515	1784739314229766448	68.40338	53	512.202039	4194304	4194418		unavailable_no_direct_event		not_repeated_warm		not_on_path_native		not_on_path_native		not_on_path_native		not_on_path_native		not_on_path_native		not_on_path_native		not_on_path_native	50248456		not_on_path_native		not_on_path_native	50263639	complete
c2-native-attempt-v1	native	4194304	36	warm_followup	2	s4194304-g036-warm02	31c3562783d44c1c83562783d49c1ce9	/guest/c2_native_sleep50_r351_direct_events_s4194304_g036	0.0.1@1784739001237	1be8fea652125fc372c1755813d3cdb649b8e86f4dcdeeeb71017cd537b463e5	861	true	present	not_on_path_native	not_on_path_native	match	complete	true	ok	a3db3d65dced	a3db3d65dced:9	false		false	true	1784739314229947856	1784739314303028597	1784739314310614090	73.081029	57	512.202039	4194304	4194418		unavailable_no_direct_event		not_repeated_warm		not_on_path_native		not_on_path_native		not_on_path_native		not_on_path_native		not_on_path_native		not_on_path_native		not_on_path_native	50361473		not_on_path_native		not_on_path_native	50386263	complete
c2-native-attempt-v1	native	4194304	36	warm_followup	3	s4194304-g036-warm03	576705389ad0492ea705389ad0e92e82	/guest/c2_native_sleep50_r351_direct_events_s4194304_g036	0.0.1@1784739001237	1be8fea652125fc372c1755813d3cdb649b8e86f4dcdeeeb71017cd537b463e5	862	true	present	not_on_path_native	not_on_path_native	match	complete	true	ok	a3db3d65dced	a3db3d65dced:9	false		false	true	1784739314310746879	1784739314391304608	1784739314401757289	80.557905	56	512.202039	4194304	4194418		unavailable_no_direct_event		not_repeated_warm		not_on_path_native		not_on_path_native		not_on_path_native		not_on_path_native		not_on_path_native		not_on_path_native		not_on_path_native	50272516		not_on_path_native		not_on_path_native	50295945	complete
c2-native-attempt-v1	native	4194304	36	warm_followup	4	s4194304-g036-warm04	cfd16ac2da844538916ac2da840538b2	/guest/c2_native_sleep50_r351_direct_events_s4194304_g036	0.0.1@1784739001237	1be8fea652125fc372c1755813d3cdb649b8e86f4dcdeeeb71017cd537b463e5	863	true	present	not_on_path_native	not_on_path_native	match	complete	true	ok	a3db3d65dced	a3db3d65dced:9	false		false	true	1784739314401884085	1784739314471460858	1784739314479764042	69.576916	54	512.202039	4194304	4194418		unavailable_no_direct_event		not_repeated_warm		not_on_path_native		not_on_path_native		not_on_path_native		not_on_path_native		not_on_path_native		not_on_path_native		not_on_path_native	50999524		not_on_path_native		not_on_path_native	51010209	complete
c2-native-attempt-v1	native	4194304	36	warm_followup	5	s4194304-g036-warm05	72787cc6211e4b8fb87cc6211edb8f75	/guest/c2_native_sleep50_r351_direct_events_s4194304_g036	0.0.1@1784739001237	1be8fea652125fc372c1755813d3cdb649b8e86f4dcdeeeb71017cd537b463e5	864	true	present	not_on_path_native	not_on_path_native	match	complete	true	ok	a3db3d65dced	a3db3d65dced:9	false		false	true	1784739314479908491	1784739314556265530	1784739314563358491	76.357542	53	512.202039	4194304	4194418		unavailable_no_direct_event		not_repeated_warm		not_on_path_native		not_on_path_native		not_on_path_native		not_on_path_native		not_on_path_native		not_on_path_native		not_on_path_native	50284659		not_on_path_native		not_on_path_native	50293928	complete
c2-native-attempt-v1	native	65536	37	fresh_first_use	0	s65536-g037-fresh	ddcc7747a9594d448c7747a959dd44b6	/guest/c2_native_sleep50_r351_direct_events_s65536_g037	0.0.1@1784738959641	894c9ca0db03c9f2fa965b6611158206030a58590aca10561ac9ddfb6b73c2de	865	true	present	not_on_path_native	not_on_path_native	match	complete	true	ok	ca548fd21ff8	ca548fd21ff8:8	true	135	true	false	1784739314563504572	1784739314951344435	1784739315217369805	387.840209	194	50.502480	65536	65650		unavailable_no_direct_event	135000000	activation_annotation_initTime		not_on_path_native		not_on_path_native		not_on_path_native		not_on_path_native		not_on_path_native		not_on_path_native		not_on_path_native	52298266		not_on_path_native		not_on_path_native	52348895	complete
c2-native-attempt-v1	native	65536	37	warm_followup	1	s65536-g037-warm01	53768a626d5249bbb68a626d5239bbf4	/guest/c2_native_sleep50_r351_direct_events_s65536_g037	0.0.1@1784738959641	894c9ca0db03c9f2fa965b6611158206030a58590aca10561ac9ddfb6b73c2de	866	true	present	not_on_path_native	not_on_path_native	match	complete	true	ok	ca548fd21ff8	ca548fd21ff8:8	false		false	true	1784739315217523734	1784739315283897190	1784739315546079171	66.373364	53	50.502480	65536	65650		unavailable_no_direct_event		not_repeated_warm		not_on_path_native		not_on_path_native		not_on_path_native		not_on_path_native		not_on_path_native		not_on_path_native		not_on_path_native	50233514		not_on_path_native		not_on_path_native	50249562	complete
c2-native-attempt-v1	native	65536	37	warm_followup	2	s65536-g037-warm02	7972e886d78c42f4b2e886d78c32f453	/guest/c2_native_sleep50_r351_direct_events_s65536_g037	0.0.1@1784738959641	894c9ca0db03c9f2fa965b6611158206030a58590aca10561ac9ddfb6b73c2de	867	true	present	not_on_path_native	not_on_path_native	match	complete	true	ok	ca548fd21ff8	ca548fd21ff8:8	false		false	true	1784739315546198847	1784739315608903798	1784739315874743691	62.704987	52	50.502480	65536	65650		unavailable_no_direct_event		not_repeated_warm		not_on_path_native		not_on_path_native		not_on_path_native		not_on_path_native		not_on_path_native		not_on_path_native		not_on_path_native	50251249		not_on_path_native		not_on_path_native	50268041	complete
c2-native-attempt-v1	native	65536	37	warm_followup	3	s65536-g037-warm03	55a8dabbd3014ce6a8dabbd3015ce61f	/guest/c2_native_sleep50_r351_direct_events_s65536_g037	0.0.1@1784738959641	894c9ca0db03c9f2fa965b6611158206030a58590aca10561ac9ddfb6b73c2de	868	true	present	not_on_path_native	not_on_path_native	match	complete	true	ok	ca548fd21ff8	ca548fd21ff8:8	false		false	true	1784739315874876310	1784739315943114846	1784739315950670913	68.238688	51	50.502480	65536	65650		unavailable_no_direct_event		not_repeated_warm		not_on_path_native		not_on_path_native		not_on_path_native		not_on_path_native		not_on_path_native		not_on_path_native		not_on_path_native	49283184		not_on_path_native		not_on_path_native	49289470	complete
c2-native-attempt-v1	native	65536	37	warm_followup	4	s65536-g037-warm04	4c5c67c90fbc4c429c67c90fbcfc4209	/guest/c2_native_sleep50_r351_direct_events_s65536_g037	0.0.1@1784738959641	894c9ca0db03c9f2fa965b6611158206030a58590aca10561ac9ddfb6b73c2de	869	true	present	not_on_path_native	not_on_path_native	match	complete	true	ok	ca548fd21ff8	ca548fd21ff8:8	false		false	true	1784739315950793551	1784739316015242126	1784739316285960205	64.448686	52	50.502480	65536	65650		unavailable_no_direct_event		not_repeated_warm		not_on_path_native		not_on_path_native		not_on_path_native		not_on_path_native		not_on_path_native		not_on_path_native		not_on_path_native	50273194		not_on_path_native		not_on_path_native	50277828	complete
c2-native-attempt-v1	native	65536	37	warm_followup	5	s65536-g037-warm05	377fc51c538145edbfc51c538105edeb	/guest/c2_native_sleep50_r351_direct_events_s65536_g037	0.0.1@1784738959641	894c9ca0db03c9f2fa965b6611158206030a58590aca10561ac9ddfb6b73c2de	870	true	present	not_on_path_native	not_on_path_native	match	complete	true	ok	ca548fd21ff8	ca548fd21ff8:8	false		false	true	1784739316286104973	1784739316348084800	1784739316616972570	61.979901	52	50.502480	65536	65650		unavailable_no_direct_event		not_repeated_warm		not_on_path_native		not_on_path_native		not_on_path_native		not_on_path_native		not_on_path_native		not_on_path_native		not_on_path_native	50159946		not_on_path_native		not_on_path_native	50164423	complete
c2-native-attempt-v1	native	262144	37	fresh_first_use	0	s262144-g037-fresh	54a844cf030440b6a844cf030460b6bb	/guest/c2_native_sleep50_r351_direct_events_s262144_g037	0.0.1@1784738965547	4b9f376d80931404e652d164611216f4e0dacdc962fc445445868f483fd2f25a	871	true	present	not_on_path_native	not_on_path_native	match	complete	true	ok	8523acc78aca	8523acc78aca:8	true	139	true	false	1784739316617148644	1784739316895180913	1784739317161296771	278.033453	194	79.570161	262144	262258		unavailable_no_direct_event	139000000	activation_annotation_initTime		not_on_path_native		not_on_path_native		not_on_path_native		not_on_path_native		not_on_path_native		not_on_path_native		not_on_path_native	50858545		not_on_path_native		not_on_path_native	50914171	complete
c2-native-attempt-v1	native	262144	37	warm_followup	1	s262144-g037-warm01	3e1704b9cd7e488c9704b9cd7ea88c11	/guest/c2_native_sleep50_r351_direct_events_s262144_g037	0.0.1@1784738965547	4b9f376d80931404e652d164611216f4e0dacdc962fc445445868f483fd2f25a	872	true	present	not_on_path_native	not_on_path_native	match	complete	true	ok	8523acc78aca	8523acc78aca:8	false		false	true	1784739317161440365	1784739317225999850	1784739317490576640	64.559601	52	79.570161	262144	262258		unavailable_no_direct_event		not_repeated_warm		not_on_path_native		not_on_path_native		not_on_path_native		not_on_path_native		not_on_path_native		not_on_path_native		not_on_path_native	49305850		not_on_path_native		not_on_path_native	49328176	complete
c2-native-attempt-v1	native	262144	37	warm_followup	2	s262144-g037-warm02	6b9ad3ba1ac442359ad3ba1ac4e235e2	/guest/c2_native_sleep50_r351_direct_events_s262144_g037	0.0.1@1784738965547	4b9f376d80931404e652d164611216f4e0dacdc962fc445445868f483fd2f25a	873	true	present	not_on_path_native	not_on_path_native	match	complete	true	ok	8523acc78aca	8523acc78aca:8	false		false	true	1784739317490710402	1784739317555940346	1784739317820617902	65.230403	53	79.570161	262144	262258		unavailable_no_direct_event		not_repeated_warm		not_on_path_native		not_on_path_native		not_on_path_native		not_on_path_native		not_on_path_native		not_on_path_native		not_on_path_native	50296268		not_on_path_native		not_on_path_native	50320147	complete
c2-native-attempt-v1	native	262144	37	warm_followup	3	s262144-g037-warm03	23fc645fb36241a7bc645fb36201a768	/guest/c2_native_sleep50_r351_direct_events_s262144_g037	0.0.1@1784738965547	4b9f376d80931404e652d164611216f4e0dacdc962fc445445868f483fd2f25a	874	true	present	not_on_path_native	not_on_path_native	match	complete	true	ok	8523acc78aca	8523acc78aca:8	false		false	true	1784739317820753345	1784739317884361570	1784739318146934285	63.609093	52	79.570161	262144	262258		unavailable_no_direct_event		not_repeated_warm		not_on_path_native		not_on_path_native		not_on_path_native		not_on_path_native		not_on_path_native		not_on_path_native		not_on_path_native	49206610		not_on_path_native		not_on_path_native	49213931	complete
c2-native-attempt-v1	native	262144	37	warm_followup	4	s262144-g037-warm04	2562a76974084742a2a7697408d7424c	/guest/c2_native_sleep50_r351_direct_events_s262144_g037	0.0.1@1784738965547	4b9f376d80931404e652d164611216f4e0dacdc962fc445445868f483fd2f25a	875	true	present	not_on_path_native	not_on_path_native	match	complete	true	ok	8523acc78aca	8523acc78aca:8	false		false	true	1784739318147071138	1784739318213351557	1784739318480047151	66.280905	52	79.570161	262144	262258		unavailable_no_direct_event		not_repeated_warm		not_on_path_native		not_on_path_native		not_on_path_native		not_on_path_native		not_on_path_native		not_on_path_native		not_on_path_native	50219057		not_on_path_native		not_on_path_native	50225280	complete
c2-native-attempt-v1	native	262144	37	warm_followup	5	s262144-g037-warm05	722e79defe7c4fc4ae79defe7c2fc448	/guest/c2_native_sleep50_r351_direct_events_s262144_g037	0.0.1@1784738965547	4b9f376d80931404e652d164611216f4e0dacdc962fc445445868f483fd2f25a	876	true	present	not_on_path_native	not_on_path_native	match	complete	true	ok	8523acc78aca	8523acc78aca:8	false		false	true	1784739318480187990	1784739318546495244	1784739318811488602	66.307358	52	79.570161	262144	262258		unavailable_no_direct_event		not_repeated_warm		not_on_path_native		not_on_path_native		not_on_path_native		not_on_path_native		not_on_path_native		not_on_path_native		not_on_path_native	50207837		not_on_path_native		not_on_path_native	50214990	complete
c2-native-attempt-v1	native	1048576	37	fresh_first_use	0	s1048576-g037-fresh	6d2448b395984955a448b3959829552e	/guest/c2_native_sleep50_r351_direct_events_s1048576_g037	0.0.1@1784738976370	415b4b9cbdbd4985cd4099fdc1a7f1311eb35cfa3960bc04a4812a3365cfa974	877	true	present	not_on_path_native	not_on_path_native	match	complete	true	ok	2446c1870ed4	2446c1870ed4:8	true	212	true	false	1784739318811642416	1784739319226534295	1784739319494561797	414.892137	278	151.833956	1048576	1048690		unavailable_no_direct_event	212000000	activation_annotation_initTime		not_on_path_native		not_on_path_native		not_on_path_native		not_on_path_native		not_on_path_native		not_on_path_native		not_on_path_native	53102566		not_on_path_native		not_on_path_native	53160490	complete
c2-native-attempt-v1	native	1048576	37	warm_followup	1	s1048576-g037-warm01	36f6e5e4ad044a79b6e5e4ad049a7913	/guest/c2_native_sleep50_r351_direct_events_s1048576_g037	0.0.1@1784738976370	415b4b9cbdbd4985cd4099fdc1a7f1311eb35cfa3960bc04a4812a3365cfa974	878	true	present	not_on_path_native	not_on_path_native	match	complete	true	ok	2446c1870ed4	2446c1870ed4:8	false		false	true	1784739319494758740	1784739319561253936	1784739319567695609	66.494851	51	151.833956	1048576	1048690		unavailable_no_direct_event		not_repeated_warm		not_on_path_native		not_on_path_native		not_on_path_native		not_on_path_native		not_on_path_native		not_on_path_native		not_on_path_native	49206074		not_on_path_native		not_on_path_native	49220955	complete
c2-native-attempt-v1	native	1048576	37	warm_followup	2	s1048576-g037-warm02	1d005596710d4450805596710d345074	/guest/c2_native_sleep50_r351_direct_events_s1048576_g037	0.0.1@1784738976370	415b4b9cbdbd4985cd4099fdc1a7f1311eb35cfa3960bc04a4812a3365cfa974	879	true	present	not_on_path_native	not_on_path_native	match	complete	true	ok	2446c1870ed4	2446c1870ed4:8	false		false	true	1784739319567810911	1784739319636814687	1784739319909941491	69.004399	57	151.833956	1048576	1048690		unavailable_no_direct_event		not_repeated_warm		not_on_path_native		not_on_path_native		not_on_path_native		not_on_path_native		not_on_path_native		not_on_path_native		not_on_path_native	49366585		not_on_path_native		not_on_path_native	49389536	complete
c2-native-attempt-v1	native	1048576	37	warm_followup	3	s1048576-g037-warm03	3d8a6d2a02b34ec38a6d2a02b30ec337	/guest/c2_native_sleep50_r351_direct_events_s1048576_g037	0.0.1@1784738976370	415b4b9cbdbd4985cd4099fdc1a7f1311eb35cfa3960bc04a4812a3365cfa974	880	true	present	not_on_path_native	not_on_path_native	match	complete	true	ok	2446c1870ed4	2446c1870ed4:8	false		false	true	1784739319910067587	1784739319974016310	1784739320236349855	63.94891	52	151.833956	1048576	1048690		unavailable_no_direct_event		not_repeated_warm		not_on_path_native		not_on_path_native		not_on_path_native		not_on_path_native		not_on_path_native		not_on_path_native		not_on_path_native	50180604		not_on_path_native		not_on_path_native	50187054	complete
c2-native-attempt-v1	native	1048576	37	warm_followup	4	s1048576-g037-warm04	54a7623d93024298a7623d930292983b	/guest/c2_native_sleep50_r351_direct_events_s1048576_g037	0.0.1@1784738976370	415b4b9cbdbd4985cd4099fdc1a7f1311eb35cfa3960bc04a4812a3365cfa974	881	true	present	not_on_path_native	not_on_path_native	match	complete	true	ok	2446c1870ed4	2446c1870ed4:8	false		false	true	1784739320236497923	1784739320300983620	1784739320566611336	64.485763	52	151.833956	1048576	1048690		unavailable_no_direct_event		not_repeated_warm		not_on_path_native		not_on_path_native		not_on_path_native		not_on_path_native		not_on_path_native		not_on_path_native		not_on_path_native	50186212		not_on_path_native		not_on_path_native	50191369	complete
c2-native-attempt-v1	native	1048576	37	warm_followup	5	s1048576-g037-warm05	fa940ff105074bfd940ff10507ebfd74	/guest/c2_native_sleep50_r351_direct_events_s1048576_g037	0.0.1@1784738976370	415b4b9cbdbd4985cd4099fdc1a7f1311eb35cfa3960bc04a4812a3365cfa974	882	true	present	not_on_path_native	not_on_path_native	match	complete	true	ok	2446c1870ed4	2446c1870ed4:8	false		false	true	1784739320566735110	1784739320629679138	1784739320893245261	62.944168	52	151.833956	1048576	1048690		unavailable_no_direct_event		not_repeated_warm		not_on_path_native		not_on_path_native		not_on_path_native		not_on_path_native		not_on_path_native		not_on_path_native		not_on_path_native	50172335		not_on_path_native		not_on_path_native	50177931	complete
c2-native-attempt-v1	native	4194304	37	fresh_first_use	0	s4194304-g037-fresh	2d0b5fa0da1e46628b5fa0da1eb6623b	/guest/c2_native_sleep50_r351_direct_events_s4194304_g037	0.0.1@1784739001984	8a4c9b693b69bec828803c3e3b1cb711e8037302211b28f9309d1a99a1e0c8e6	883	true	present	not_on_path_native	not_on_path_native	match	complete	true	ok	2d1cbdfde38e	2d1cbdfde38e:8	true	420	true	false	1784739320893435638	1784739321519426236	1784739321790292596	625.991029	480	556.711238	4194304	4194418		unavailable_no_direct_event	420000000	activation_annotation_initTime		not_on_path_native		not_on_path_native		not_on_path_native		not_on_path_native		not_on_path_native		not_on_path_native		not_on_path_native	50343811		not_on_path_native		not_on_path_native	50382758	complete
c2-native-attempt-v1	native	4194304	37	warm_followup	1	s4194304-g037-warm01	389cdcdc27b34fa99cdcdc27b3afa922	/guest/c2_native_sleep50_r351_direct_events_s4194304_g037	0.0.1@1784739001984	8a4c9b693b69bec828803c3e3b1cb711e8037302211b28f9309d1a99a1e0c8e6	884	true	present	not_on_path_native	not_on_path_native	match	complete	true	ok	2d1cbdfde38e	2d1cbdfde38e:8	false		false	true	1784739321790448383	1784739321863936548	1784739321871324302	73.488289	54	556.711238	4194304	4194418		unavailable_no_direct_event		not_repeated_warm		not_on_path_native		not_on_path_native		not_on_path_native		not_on_path_native		not_on_path_native		not_on_path_native		not_on_path_native	49289914		not_on_path_native		not_on_path_native	49305215	complete
c2-native-attempt-v1	native	4194304	37	warm_followup	2	s4194304-g037-warm02	4fac3081d9644652ac3081d964465221	/guest/c2_native_sleep50_r351_direct_events_s4194304_g037	0.0.1@1784739001984	8a4c9b693b69bec828803c3e3b1cb711e8037302211b28f9309d1a99a1e0c8e6	885	true	present	not_on_path_native	not_on_path_native	match	complete	true	ok	2d1cbdfde38e	2d1cbdfde38e:8	false		false	true	1784739321871465328	1784739321933527305	1784739322201854131	62.061724	53	556.711238	4194304	4194418		unavailable_no_direct_event		not_repeated_warm		not_on_path_native		not_on_path_native		not_on_path_native		not_on_path_native		not_on_path_native		not_on_path_native		not_on_path_native	50284359		not_on_path_native		not_on_path_native	50302540	complete
c2-native-attempt-v1	native	4194304	37	warm_followup	3	s4194304-g037-warm03	83ef29efcf0a4dc0af29efcf0a6dc020	/guest/c2_native_sleep50_r351_direct_events_s4194304_g037	0.0.1@1784739001984	8a4c9b693b69bec828803c3e3b1cb711e8037302211b28f9309d1a99a1e0c8e6	886	true	present	not_on_path_native	not_on_path_native	match	complete	true	ok	2d1cbdfde38e	2d1cbdfde38e:8	false		false	true	1784739322201986521	1784739322266961495	1784739322530006310	64.975105	54	556.711238	4194304	4194418		unavailable_no_direct_event		not_repeated_warm		not_on_path_native		not_on_path_native		not_on_path_native		not_on_path_native		not_on_path_native		not_on_path_native		not_on_path_native	50164502		not_on_path_native		not_on_path_native	50169569	complete
c2-native-attempt-v1	native	4194304	37	warm_followup	4	s4194304-g037-warm04	199ee2ccc82e4faf9ee2ccc82effaf69	/guest/c2_native_sleep50_r351_direct_events_s4194304_g037	0.0.1@1784739001984	8a4c9b693b69bec828803c3e3b1cb711e8037302211b28f9309d1a99a1e0c8e6	887	true	present	not_on_path_native	not_on_path_native	match	complete	true	ok	2d1cbdfde38e	2d1cbdfde38e:8	false		false	true	1784739322530132624	1784739322592988764	1784739322859403564	62.856211	53	556.711238	4194304	4194418		unavailable_no_direct_event		not_repeated_warm		not_on_path_native		not_on_path_native		not_on_path_native		not_on_path_native		not_on_path_native		not_on_path_native		not_on_path_native	50220121		not_on_path_native		not_on_path_native	50226177	complete
c2-native-attempt-v1	native	4194304	37	warm_followup	5	s4194304-g037-warm05	44418dbecd584f17818dbecd58df1779	/guest/c2_native_sleep50_r351_direct_events_s4194304_g037	0.0.1@1784739001984	8a4c9b693b69bec828803c3e3b1cb711e8037302211b28f9309d1a99a1e0c8e6	888	true	present	not_on_path_native	not_on_path_native	match	complete	true	ok	2d1cbdfde38e	2d1cbdfde38e:8	false		false	true	1784739322859559726	1784739322924097456	1784739322930152471	64.537554	52	556.711238	4194304	4194418		unavailable_no_direct_event		not_repeated_warm		not_on_path_native		not_on_path_native		not_on_path_native		not_on_path_native		not_on_path_native		not_on_path_native		not_on_path_native	50188681		not_on_path_native		not_on_path_native	50193506	complete
c2-native-attempt-v1	native	65536	38	fresh_first_use	0	s65536-g038-fresh	76469d93d831493c869d93d831d93c3d	/guest/c2_native_sleep50_r351_direct_events_s65536_g038	0.0.1@1784738959754	4dd8c4b112cedecb3d9612a53a581997021d13efdee82c921d0a67c339954cdf	889	true	present	not_on_path_native	not_on_path_native	match	complete	true	ok	725ed2828bdb	725ed2828bdb:8	true	126	true	false	1784739322930275096	1784739323300300944	1784739323564707073	370.026226	185	53.866327	65536	65650		unavailable_no_direct_event	126000000	activation_annotation_initTime		not_on_path_native		not_on_path_native		not_on_path_native		not_on_path_native		not_on_path_native		not_on_path_native		not_on_path_native	53831295		not_on_path_native		not_on_path_native	53882320	complete
c2-native-attempt-v1	native	65536	38	warm_followup	1	s65536-g038-warm01	31aa3d3f9bf2487caa3d3f9bf2487ccb	/guest/c2_native_sleep50_r351_direct_events_s65536_g038	0.0.1@1784738959754	4dd8c4b112cedecb3d9612a53a581997021d13efdee82c921d0a67c339954cdf	890	true	present	not_on_path_native	not_on_path_native	match	complete	true	ok	725ed2828bdb	725ed2828bdb:8	false		false	true	1784739323564867830	1784739323640361416	1784739323905959345	75.493466	52	53.866327	65536	65650		unavailable_no_direct_event		not_repeated_warm		not_on_path_native		not_on_path_native		not_on_path_native		not_on_path_native		not_on_path_native		not_on_path_native		not_on_path_native	50256150		not_on_path_native		not_on_path_native	50270892	complete
c2-native-attempt-v1	native	65536	38	warm_followup	2	s65536-g038-warm02	4dba26e46f164c83ba26e46f160c83bd	/guest/c2_native_sleep50_r351_direct_events_s65536_g038	0.0.1@1784738959754	4dd8c4b112cedecb3d9612a53a581997021d13efdee82c921d0a67c339954cdf	891	true	present	not_on_path_native	not_on_path_native	match	complete	true	ok	725ed2828bdb	725ed2828bdb:8	false		false	true	1784739323906149791	1784739323973947643	1784739323980260216	67.79771	52	53.866327	65536	65650		unavailable_no_direct_event		not_repeated_warm		not_on_path_native		not_on_path_native		not_on_path_native		not_on_path_native		not_on_path_native		not_on_path_native		not_on_path_native	50244520		not_on_path_native		not_on_path_native	50262272	complete
c2-native-attempt-v1	native	65536	38	warm_followup	3	s65536-g038-warm03	a82211f6ddb149a0a211f6ddb159a0f7	/guest/c2_native_sleep50_r351_direct_events_s65536_g038	0.0.1@1784738959754	4dd8c4b112cedecb3d9612a53a581997021d13efdee82c921d0a67c339954cdf	892	true	present	not_on_path_native	not_on_path_native	match	complete	true	ok	725ed2828bdb	725ed2828bdb:8	false		false	true	1784739323980388589	1784739324048861967	1784739324056289405	68.473047	57	53.866327	65536	65650		unavailable_no_direct_event		not_repeated_warm		not_on_path_native		not_on_path_native		not_on_path_native		not_on_path_native		not_on_path_native		not_on_path_native		not_on_path_native	50317946		not_on_path_native		not_on_path_native	50323080	complete
c2-native-attempt-v1	native	65536	38	warm_followup	4	s65536-g038-warm04	565b3b5e1852409b9b3b5e1852309b1e	/guest/c2_native_sleep50_r351_direct_events_s65536_g038	0.0.1@1784738959754	4dd8c4b112cedecb3d9612a53a581997021d13efdee82c921d0a67c339954cdf	893	true	present	not_on_path_native	not_on_path_native	match	complete	true	ok	725ed2828bdb	725ed2828bdb:8	false		false	true	1784739324056411442	1784739324120579348	1784739324126104436	64.167894	52	53.866327	65536	65650		unavailable_no_direct_event		not_repeated_warm		not_on_path_native		not_on_path_native		not_on_path_native		not_on_path_native		not_on_path_native		not_on_path_native		not_on_path_native	50177333		not_on_path_native		not_on_path_native	50182751	complete
c2-native-attempt-v1	native	65536	38	warm_followup	5	s65536-g038-warm05	4c0ee5ed15a949378ee5ed15a9b9377e	/guest/c2_native_sleep50_r351_direct_events_s65536_g038	0.0.1@1784738959754	4dd8c4b112cedecb3d9612a53a581997021d13efdee82c921d0a67c339954cdf	894	true	present	not_on_path_native	not_on_path_native	match	complete	true	ok	725ed2828bdb	725ed2828bdb:8	false		false	true	1784739324126227842	1784739324190693683	1784739324201125096	64.46592	52	53.866327	65536	65650		unavailable_no_direct_event		not_repeated_warm		not_on_path_native		not_on_path_native		not_on_path_native		not_on_path_native		not_on_path_native		not_on_path_native		not_on_path_native	50191709		not_on_path_native		not_on_path_native	50202450	complete
c2-native-attempt-v1	native	262144	38	fresh_first_use	0	s262144-g038-fresh	916c2e8eef5c4639ac2e8eef5c76397d	/guest/c2_native_sleep50_r351_direct_events_s262144_g038	0.0.1@1784738965726	35804fd0012f759d1f6e986216658afc2793dd376845ee956bb3fd2419bd0b42	895	true	present	not_on_path_native	not_on_path_native	match	complete	true	ok	782fed95b1ec	782fed95b1ec:8	true	138	true	false	1784739324201233362	1784739324590820252	1784739324603503403	389.587742	194	83.453048	262144	262258		unavailable_no_direct_event	138000000	activation_annotation_initTime		not_on_path_native		not_on_path_native		not_on_path_native		not_on_path_native		not_on_path_native		not_on_path_native		not_on_path_native	50645311		not_on_path_native		not_on_path_native	50689570	complete
c2-native-attempt-v1	native	262144	38	warm_followup	1	s262144-g038-warm01	d063cbcf008a44fca3cbcf008a14fc57	/guest/c2_native_sleep50_r351_direct_events_s262144_g038	0.0.1@1784738965726	35804fd0012f759d1f6e986216658afc2793dd376845ee956bb3fd2419bd0b42	896	true	present	not_on_path_native	not_on_path_native	match	complete	true	ok	782fed95b1ec	782fed95b1ec:8	false		false	true	1784739324603703022	1784739324672698297	1784739324939251265	68.995552	55	83.453048	262144	262258		unavailable_no_direct_event		not_repeated_warm		not_on_path_native		not_on_path_native		not_on_path_native		not_on_path_native		not_on_path_native		not_on_path_native		not_on_path_native	52058265		not_on_path_native		not_on_path_native	52087462	complete
c2-native-attempt-v1	native	262144	38	warm_followup	2	s262144-g038-warm02	b3d1aa80207b40bb91aa80207b30bb77	/guest/c2_native_sleep50_r351_direct_events_s262144_g038	0.0.1@1784738965726	35804fd0012f759d1f6e986216658afc2793dd376845ee956bb3fd2419bd0b42	897	true	present	not_on_path_native	not_on_path_native	match	complete	true	ok	782fed95b1ec	782fed95b1ec:8	false		false	true	1784739324939385353	1784739325010548739	1784739325021768871	71.163969	54	83.453048	262144	262258		unavailable_no_direct_event		not_repeated_warm		not_on_path_native		not_on_path_native		not_on_path_native		not_on_path_native		not_on_path_native		not_on_path_native		not_on_path_native	50279198		not_on_path_native		not_on_path_native	50296799	complete
c2-native-attempt-v1	native	262144	38	warm_followup	3	s262144-g038-warm03	1ecc7719f07b48428c7719f07b384202	/guest/c2_native_sleep50_r351_direct_events_s262144_g038	0.0.1@1784738965726	35804fd0012f759d1f6e986216658afc2793dd376845ee956bb3fd2419bd0b42	898	true	present	not_on_path_native	not_on_path_native	match	complete	true	ok	782fed95b1ec	782fed95b1ec:8	false		false	true	1784739325021901554	1784739325089818330	1784739325095490645	67.916799	53	83.453048	262144	262258		unavailable_no_direct_event		not_repeated_warm		not_on_path_native		not_on_path_native		not_on_path_native		not_on_path_native		not_on_path_native		not_on_path_native		not_on_path_native	50198225		not_on_path_native		not_on_path_native	50205464	complete
c2-native-attempt-v1	native	262144	38	warm_followup	4	s262144-g038-warm04	96c57e92aed74fc2857e92aed75fc23a	/guest/c2_native_sleep50_r351_direct_events_s262144_g038	0.0.1@1784738965726	35804fd0012f759d1f6e986216658afc2793dd376845ee956bb3fd2419bd0b42	899	true	present	not_on_path_native	not_on_path_native	match	complete	true	ok	782fed95b1ec	782fed95b1ec:8	false		false	true	1784739325095636175	1784739325157431733	1784739325421396248	61.795212	52	83.453048	262144	262258		unavailable_no_direct_event		not_repeated_warm		not_on_path_native		not_on_path_native		not_on_path_native		not_on_path_native		not_on_path_native		not_on_path_native		not_on_path_native	50196773		not_on_path_native		not_on_path_native	50202744	complete
c2-native-attempt-v1	native	262144	38	warm_followup	5	s262144-g038-warm05	9b6ee667b1bb458faee667b1bb758f25	/guest/c2_native_sleep50_r351_direct_events_s262144_g038	0.0.1@1784738965726	35804fd0012f759d1f6e986216658afc2793dd376845ee956bb3fd2419bd0b42	900	true	present	not_on_path_native	not_on_path_native	match	complete	true	ok	782fed95b1ec	782fed95b1ec:8	false		false	true	1784739325421520871	1784739325485372279	1784739325746120443	63.851884	52	83.453048	262144	262258		unavailable_no_direct_event		not_repeated_warm		not_on_path_native		not_on_path_native		not_on_path_native		not_on_path_native		not_on_path_native		not_on_path_native		not_on_path_native	50160146		not_on_path_native		not_on_path_native	50172352	complete
c2-native-attempt-v1	native	1048576	38	fresh_first_use	0	s1048576-g038-fresh	dcf53303be4b41e0b53303be4bf1e0b7	/guest/c2_native_sleep50_r351_direct_events_s1048576_g038	0.0.1@1784738976600	625e68021f2e0269a8043ed5e5212c7866d4fbc189fb2d2eaaae048b59bee140	901	true	present	not_on_path_native	not_on_path_native	match	complete	true	ok	6bbc5de4d69a	6bbc5de4d69a:8	true	132	true	false	1784739325746255892	1784739326203753925	1784739326472610957	457.501396	190	142.129204	1048576	1048690		unavailable_no_direct_event	132000000	activation_annotation_initTime		not_on_path_native		not_on_path_native		not_on_path_native		not_on_path_native		not_on_path_native		not_on_path_native		not_on_path_native	52403043		not_on_path_native		not_on_path_native	52484680	complete
c2-native-attempt-v1	native	1048576	38	warm_followup	1	s1048576-g038-warm01	dec640c1c05b462c8640c1c05b562c7f	/guest/c2_native_sleep50_r351_direct_events_s1048576_g038	0.0.1@1784738976600	625e68021f2e0269a8043ed5e5212c7866d4fbc189fb2d2eaaae048b59bee140	902	true	present	not_on_path_native	not_on_path_native	match	complete	true	ok	6bbc5de4d69a	6bbc5de4d69a:8	false		false	true	1784739326472741791	1784739326548204044	1784739326812877911	75.462131	55	142.129204	1048576	1048690		unavailable_no_direct_event		not_repeated_warm		not_on_path_native		not_on_path_native		not_on_path_native		not_on_path_native		not_on_path_native		not_on_path_native		not_on_path_native	50269231		not_on_path_native		not_on_path_native	50290743	complete
c2-native-attempt-v1	native	1048576	38	warm_followup	2	s1048576-g038-warm02	4862ab054ff74ad1a2ab054ff75ad172	/guest/c2_native_sleep50_r351_direct_events_s1048576_g038	0.0.1@1784738976600	625e68021f2e0269a8043ed5e5212c7866d4fbc189fb2d2eaaae048b59bee140	903	true	present	not_on_path_native	not_on_path_native	match	complete	true	ok	6bbc5de4d69a	6bbc5de4d69a:8	false		false	true	1784739326813064749	1784739326884870225	1784739327149923946	71.805346	54	142.129204	1048576	1048690		unavailable_no_direct_event		not_repeated_warm		not_on_path_native		not_on_path_native		not_on_path_native		not_on_path_native		not_on_path_native		not_on_path_native		not_on_path_native	49602248		not_on_path_native		not_on_path_native	49639957	complete
c2-native-attempt-v1	native	1048576	38	warm_followup	3	s1048576-g038-warm03	18092a727d5b4a41892a727d5bca4169	/guest/c2_native_sleep50_r351_direct_events_s1048576_g038	0.0.1@1784738976600	625e68021f2e0269a8043ed5e5212c7866d4fbc189fb2d2eaaae048b59bee140	904	true	present	not_on_path_native	not_on_path_native	match	complete	true	ok	6bbc5de4d69a	6bbc5de4d69a:8	false		false	true	1784739327150051441	1784739327212209399	1784739327477557241	62.157989	53	142.129204	1048576	1048690		unavailable_no_direct_event		not_repeated_warm		not_on_path_native		not_on_path_native		not_on_path_native		not_on_path_native		not_on_path_native		not_on_path_native		not_on_path_native	50192835		not_on_path_native		not_on_path_native	50199543	complete
c2-native-attempt-v1	native	1048576	38	warm_followup	4	s1048576-g038-warm04	74405093653a4303805093653ad3038b	/guest/c2_native_sleep50_r351_direct_events_s1048576_g038	0.0.1@1784738976600	625e68021f2e0269a8043ed5e5212c7866d4fbc189fb2d2eaaae048b59bee140	905	true	present	not_on_path_native	not_on_path_native	match	complete	true	ok	6bbc5de4d69a	6bbc5de4d69a:8	false		false	true	1784739327477691818	1784739327541105862	1784739327547586025	63.414176	53	142.129204	1048576	1048690		unavailable_no_direct_event		not_repeated_warm		not_on_path_native		not_on_path_native		not_on_path_native		not_on_path_native		not_on_path_native		not_on_path_native		not_on_path_native	50236610		not_on_path_native		not_on_path_native	50243019	complete
c2-native-attempt-v1	native	1048576	38	warm_followup	5	s1048576-g038-warm05	e2c2c47544bc49cd82c47544bcf9cd8b	/guest/c2_native_sleep50_r351_direct_events_s1048576_g038	0.0.1@1784738976600	625e68021f2e0269a8043ed5e5212c7866d4fbc189fb2d2eaaae048b59bee140	906	true	present	not_on_path_native	not_on_path_native	match	complete	true	ok	6bbc5de4d69a	6bbc5de4d69a:8	false		false	true	1784739327547730080	1784739327613087174	1784739327874608428	65.357403	52	142.129204	1048576	1048690		unavailable_no_direct_event		not_repeated_warm		not_on_path_native		not_on_path_native		not_on_path_native		not_on_path_native		not_on_path_native		not_on_path_native		not_on_path_native	50195461		not_on_path_native		not_on_path_native	50201885	complete
c2-native-attempt-v1	native	4194304	38	fresh_first_use	0	s4194304-g038-fresh	f32da2dccd724e92ada2dccd724e922a	/guest/c2_native_sleep50_r351_direct_events_s4194304_g038	0.0.1@1784739002617	9c6602fb873e199d982b4e1d48acf9495def17e949e9f2c5c2e91e4222123dbf	907	true	present	not_on_path_native	not_on_path_native	match	complete	true	ok	5e1b66515d53	5e1b66515d53:8	true	362	true	false	1784739327874800520	1784739328421838679	1784739328685767103	547.038772	418	515.509133	4194304	4194418		unavailable_no_direct_event	362000000	activation_annotation_initTime		not_on_path_native		not_on_path_native		not_on_path_native		not_on_path_native		not_on_path_native		not_on_path_native		not_on_path_native	50645176		not_on_path_native		not_on_path_native	50706425	complete
c2-native-attempt-v1	native	4194304	38	warm_followup	1	s4194304-g038-warm01	4263b0d6ac6b4deca3b0d6ac6bedec70	/guest/c2_native_sleep50_r351_direct_events_s4194304_g038	0.0.1@1784739002617	9c6602fb873e199d982b4e1d48acf9495def17e949e9f2c5c2e91e4222123dbf	908	true	present	not_on_path_native	not_on_path_native	match	complete	true	ok	5e1b66515d53	5e1b66515d53:8	false		false	true	1784739328685913807	1784739328750285342	1784739328757067065	64.371585	53	515.509133	4194304	4194418		unavailable_no_direct_event		not_repeated_warm		not_on_path_native		not_on_path_native		not_on_path_native		not_on_path_native		not_on_path_native		not_on_path_native		not_on_path_native	50210620		not_on_path_native		not_on_path_native	50225228	complete
c2-native-attempt-v1	native	4194304	38	warm_followup	2	s4194304-g038-warm02	1a0098afac6942fd8098afac69c2fdca	/guest/c2_native_sleep50_r351_direct_events_s4194304_g038	0.0.1@1784739002617	9c6602fb873e199d982b4e1d48acf9495def17e949e9f2c5c2e91e4222123dbf	909	true	present	not_on_path_native	not_on_path_native	match	complete	true	ok	5e1b66515d53	5e1b66515d53:8	false		false	true	1784739328757214528	1784739328822109841	1784739328828857785	64.895648	52	515.509133	4194304	4194418		unavailable_no_direct_event		not_repeated_warm		not_on_path_native		not_on_path_native		not_on_path_native		not_on_path_native		not_on_path_native		not_on_path_native		not_on_path_native	50207148		not_on_path_native		not_on_path_native	50221245	complete
c2-native-attempt-v1	native	4194304	38	warm_followup	3	s4194304-g038-warm03	2e2bfc141a9544a4abfc141a9564a4ad	/guest/c2_native_sleep50_r351_direct_events_s4194304_g038	0.0.1@1784739002617	9c6602fb873e199d982b4e1d48acf9495def17e949e9f2c5c2e91e4222123dbf	910	true	present	not_on_path_native	not_on_path_native	match	complete	true	ok	5e1b66515d53	5e1b66515d53:8	false		false	true	1784739328829015114	1784739328893703392	1784739328900908102	64.688456	52	515.509133	4194304	4194418		unavailable_no_direct_event		not_repeated_warm		not_on_path_native		not_on_path_native		not_on_path_native		not_on_path_native		not_on_path_native		not_on_path_native		not_on_path_native	50168353		not_on_path_native		not_on_path_native	50173186	complete
c2-native-attempt-v1	native	4194304	38	warm_followup	4	s4194304-g038-warm04	e74b1c8a51ef4b428b1c8a51effb427a	/guest/c2_native_sleep50_r351_direct_events_s4194304_g038	0.0.1@1784739002617	9c6602fb873e199d982b4e1d48acf9495def17e949e9f2c5c2e91e4222123dbf	911	true	present	not_on_path_native	not_on_path_native	match	complete	true	ok	5e1b66515d53	5e1b66515d53:8	false		false	true	1784739328901021960	1784739328964964398	1784739329229104352	63.942496	51	515.509133	4194304	4194418		unavailable_no_direct_event		not_repeated_warm		not_on_path_native		not_on_path_native		not_on_path_native		not_on_path_native		not_on_path_native		not_on_path_native		not_on_path_native	50217518		not_on_path_native		not_on_path_native	50222405	complete
c2-native-attempt-v1	native	4194304	38	warm_followup	5	s4194304-g038-warm05	2742f62ef2b746ff82f62ef2b7c6ff78	/guest/c2_native_sleep50_r351_direct_events_s4194304_g038	0.0.1@1784739002617	9c6602fb873e199d982b4e1d48acf9495def17e949e9f2c5c2e91e4222123dbf	912	true	present	not_on_path_native	not_on_path_native	match	complete	true	ok	5e1b66515d53	5e1b66515d53:8	false		false	true	1784739329229243565	1784739329294376398	1784739329564696610	65.132879	52	515.509133	4194304	4194418		unavailable_no_direct_event		not_repeated_warm		not_on_path_native		not_on_path_native		not_on_path_native		not_on_path_native		not_on_path_native		not_on_path_native		not_on_path_native	50156771		not_on_path_native		not_on_path_native	50162616	complete
c2-native-attempt-v1	native	65536	39	fresh_first_use	0	s65536-g039-fresh	efc740fed67c44488740fed67cc44804	/guest/c2_native_sleep50_r351_direct_events_s65536_g039	0.0.1@1784738959879	eeb7719a13c4113116ae851d56a5e076470bdd6d2b350c8ebdb4040eac566a2f	913	true	present	not_on_path_native	not_on_path_native	match	complete	true	ok	1de3eb66fca1	1de3eb66fca1:8	true	121	true	false	1784739329564882665	1784739329964887977	1784739330228805308	400.005345	186	47.174539	65536	65650		unavailable_no_direct_event	121000000	activation_annotation_initTime		not_on_path_native		not_on_path_native		not_on_path_native		not_on_path_native		not_on_path_native		not_on_path_native		not_on_path_native	50831112		not_on_path_native		not_on_path_native	50897457	complete
c2-native-attempt-v1	native	65536	39	warm_followup	1	s65536-g039-warm01	660a612206654fa38a612206652fa358	/guest/c2_native_sleep50_r351_direct_events_s65536_g039	0.0.1@1784738959879	eeb7719a13c4113116ae851d56a5e076470bdd6d2b350c8ebdb4040eac566a2f	914	true	present	not_on_path_native	not_on_path_native	match	complete	true	ok	1de3eb66fca1	1de3eb66fca1:8	false		false	true	1784739330228932805	1784739330301220037	1784739330309321344	72.287362	54	47.174539	65536	65650		unavailable_no_direct_event		not_repeated_warm		not_on_path_native		not_on_path_native		not_on_path_native		not_on_path_native		not_on_path_native		not_on_path_native		not_on_path_native	49319075		not_on_path_native		not_on_path_native	49338473	complete
c2-native-attempt-v1	native	65536	39	warm_followup	2	s65536-g039-warm02	7edfa4c2fbf24b849fa4c2fbf2db8449	/guest/c2_native_sleep50_r351_direct_events_s65536_g039	0.0.1@1784738959879	eeb7719a13c4113116ae851d56a5e076470bdd6d2b350c8ebdb4040eac566a2f	915	true	present	not_on_path_native	not_on_path_native	match	complete	true	ok	1de3eb66fca1	1de3eb66fca1:8	false		false	true	1784739330309480870	1784739330375248146	1784739330381084914	65.767378	52	47.174539	65536	65650		unavailable_no_direct_event		not_repeated_warm		not_on_path_native		not_on_path_native		not_on_path_native		not_on_path_native		not_on_path_native		not_on_path_native		not_on_path_native	50228180		not_on_path_native		not_on_path_native	50243456	complete
c2-native-attempt-v1	native	65536	39	warm_followup	3	s65536-g039-warm03	513a13a19b42450eba13a19b42950ef8	/guest/c2_native_sleep50_r351_direct_events_s65536_g039	0.0.1@1784738959879	eeb7719a13c4113116ae851d56a5e076470bdd6d2b350c8ebdb4040eac566a2f	916	true	present	not_on_path_native	not_on_path_native	match	complete	true	ok	1de3eb66fca1	1de3eb66fca1:8	false		false	true	1784739330381224306	1784739330467042025	1784739330476059756	85.81805	52	47.174539	65536	65650		unavailable_no_direct_event		not_repeated_warm		not_on_path_native		not_on_path_native		not_on_path_native		not_on_path_native		not_on_path_native		not_on_path_native		not_on_path_native	50184607		not_on_path_native		not_on_path_native	50193307	complete
c2-native-attempt-v1	native	65536	39	warm_followup	4	s65536-g039-warm04	21ec0275029d492aac0275029d992aaa	/guest/c2_native_sleep50_r351_direct_events_s65536_g039	0.0.1@1784738959879	eeb7719a13c4113116ae851d56a5e076470bdd6d2b350c8ebdb4040eac566a2f	917	true	present	not_on_path_native	not_on_path_native	match	complete	true	ok	1de3eb66fca1	1de3eb66fca1:8	false		false	true	1784739330476201197	1784739330539269054	1784739330546690123	63.067907	52	47.174539	65536	65650		unavailable_no_direct_event		not_repeated_warm		not_on_path_native		not_on_path_native		not_on_path_native		not_on_path_native		not_on_path_native		not_on_path_native		not_on_path_native	50230409		not_on_path_native		not_on_path_native	50236327	complete
c2-native-attempt-v1	native	65536	39	warm_followup	5	s65536-g039-warm05	ae0093dbd5264c418093dbd526ec410a	/guest/c2_native_sleep50_r351_direct_events_s65536_g039	0.0.1@1784738959879	eeb7719a13c4113116ae851d56a5e076470bdd6d2b350c8ebdb4040eac566a2f	918	true	present	not_on_path_native	not_on_path_native	match	complete	true	ok	1de3eb66fca1	1de3eb66fca1:8	false		false	true	1784739330546857306	1784739330609900718	1784739330618237601	63.043408	52	47.174539	65536	65650		unavailable_no_direct_event		not_repeated_warm		not_on_path_native		not_on_path_native		not_on_path_native		not_on_path_native		not_on_path_native		not_on_path_native		not_on_path_native	50168786		not_on_path_native		not_on_path_native	50173756	complete
c2-native-attempt-v1	native	262144	39	fresh_first_use	0	s262144-g039-fresh	7a9c4794867444f29c47948674f4f296	/guest/c2_native_sleep50_r351_direct_events_s262144_g039	0.0.1@1784738965873	05c5b1e037f10db8a425dfd78748f796d4d7fe5124ecafaf8d422c5e5502cc9d	919	true	present	not_on_path_native	not_on_path_native	match	complete	true	ok	ce77acf8a9ad	ce77acf8a9ad:7	true	130	true	false	1784739330618352734	1784739330910564546	1784739331176545455	292.2124	195	62.990261	262144	262258		unavailable_no_direct_event	130000000	activation_annotation_initTime		not_on_path_native		not_on_path_native		not_on_path_native		not_on_path_native		not_on_path_native		not_on_path_native		not_on_path_native	52202338		not_on_path_native		not_on_path_native	52262907	complete
c2-native-attempt-v1	native	262144	39	warm_followup	1	s262144-g039-warm01	4f669e45e42948a3a69e45e429b8a3e1	/guest/c2_native_sleep50_r351_direct_events_s262144_g039	0.0.1@1784738965873	05c5b1e037f10db8a425dfd78748f796d4d7fe5124ecafaf8d422c5e5502cc9d	920	true	present	not_on_path_native	not_on_path_native	match	complete	true	ok	ce77acf8a9ad	ce77acf8a9ad:7	false		false	true	1784739331176682972	1784739331244961572	1784739331506231530	68.278624	53	62.990261	262144	262258		unavailable_no_direct_event		not_repeated_warm		not_on_path_native		not_on_path_native		not_on_path_native		not_on_path_native		not_on_path_native		not_on_path_native		not_on_path_native	50258079		not_on_path_native		not_on_path_native	50274422	complete
c2-native-attempt-v1	native	262144	39	warm_followup	2	s262144-g039-warm02	f0d2782640bf46de92782640bf56de3a	/guest/c2_native_sleep50_r351_direct_events_s262144_g039	0.0.1@1784738965873	05c5b1e037f10db8a425dfd78748f796d4d7fe5124ecafaf8d422c5e5502cc9d	921	true	present	not_on_path_native	not_on_path_native	match	complete	true	ok	ce77acf8a9ad	ce77acf8a9ad:7	false		false	true	1784739331506356804	1784739331571884122	1784739331838150760	65.527406	52	62.990261	262144	262258		unavailable_no_direct_event		not_repeated_warm		not_on_path_native		not_on_path_native		not_on_path_native		not_on_path_native		not_on_path_native		not_on_path_native		not_on_path_native	50250868		not_on_path_native		not_on_path_native	50266743	complete
c2-native-attempt-v1	native	262144	39	warm_followup	3	s262144-g039-warm03	f281937738b641b981937738b631b92d	/guest/c2_native_sleep50_r351_direct_events_s262144_g039	0.0.1@1784738965873	05c5b1e037f10db8a425dfd78748f796d4d7fe5124ecafaf8d422c5e5502cc9d	922	true	present	not_on_path_native	not_on_path_native	match	complete	true	ok	ce77acf8a9ad	ce77acf8a9ad:7	false		false	true	1784739331838316560	1784739331902340935	1784739331908616730	64.024446	52	62.990261	262144	262258		unavailable_no_direct_event		not_repeated_warm		not_on_path_native		not_on_path_native		not_on_path_native		not_on_path_native		not_on_path_native		not_on_path_native		not_on_path_native	50220396		not_on_path_native		not_on_path_native	50226109	complete
c2-native-attempt-v1	native	262144	39	warm_followup	4	s262144-g039-warm04	e4530f26e60a4139930f26e60a61390f	/guest/c2_native_sleep50_r351_direct_events_s262144_g039	0.0.1@1784738965873	05c5b1e037f10db8a425dfd78748f796d4d7fe5124ecafaf8d422c5e5502cc9d	923	true	present	not_on_path_native	not_on_path_native	match	complete	true	ok	ce77acf8a9ad	ce77acf8a9ad:7	false		false	true	1784739331908750181	1784739331970489844	1784739332235155711	61.740186	52	62.990261	262144	262258		unavailable_no_direct_event		not_repeated_warm		not_on_path_native		not_on_path_native		not_on_path_native		not_on_path_native		not_on_path_native		not_on_path_native		not_on_path_native	50192789		not_on_path_native		not_on_path_native	50197850	complete
c2-native-attempt-v1	native	262144	39	warm_followup	5	s262144-g039-warm05	22d5bc612f36444c95bc612f36f44cd7	/guest/c2_native_sleep50_r351_direct_events_s262144_g039	0.0.1@1784738965873	05c5b1e037f10db8a425dfd78748f796d4d7fe5124ecafaf8d422c5e5502cc9d	924	true	present	not_on_path_native	not_on_path_native	match	complete	true	ok	ce77acf8a9ad	ce77acf8a9ad:7	false		false	true	1784739332235276579	1784739332299413350	1784739332565024757	64.136637	52	62.990261	262144	262258		unavailable_no_direct_event		not_repeated_warm		not_on_path_native		not_on_path_native		not_on_path_native		not_on_path_native		not_on_path_native		not_on_path_native		not_on_path_native	50177678		not_on_path_native		not_on_path_native	50183443	complete
c2-native-attempt-v1	native	1048576	39	fresh_first_use	0	s1048576-g039-fresh	5208d74d7622423d88d74d7622f23de4	/guest/c2_native_sleep50_r351_direct_events_s1048576_g039	0.0.1@1784738976816	e44f1c936e10042ace872352ac94ddb8f90d514344a2438820a71b14deed620a	925	true	present	not_on_path_native	not_on_path_native	match	complete	true	ok	cfdc507fb8a4	cfdc507fb8a4:7	true	161	true	false	1784739332565182101	1784739332875349788	1784739333138375279	310.168238	218	162.412758	1048576	1048690		unavailable_no_direct_event	161000000	activation_annotation_initTime		not_on_path_native		not_on_path_native		not_on_path_native		not_on_path_native		not_on_path_native		not_on_path_native		not_on_path_native	49585094		not_on_path_native		not_on_path_native	49629577	complete
c2-native-attempt-v1	native	1048576	39	warm_followup	1	s1048576-g039-warm01	b26acd2df981422daacd2df981e22d36	/guest/c2_native_sleep50_r351_direct_events_s1048576_g039	0.0.1@1784738976816	e44f1c936e10042ace872352ac94ddb8f90d514344a2438820a71b14deed620a	926	true	present	not_on_path_native	not_on_path_native	match	complete	true	ok	cfdc507fb8a4	cfdc507fb8a4:7	false		false	true	1784739333138518483	1784739333202357201	1784739333473352644	63.838962	53	162.412758	1048576	1048690		unavailable_no_direct_event		not_repeated_warm		not_on_path_native		not_on_path_native		not_on_path_native		not_on_path_native		not_on_path_native		not_on_path_native		not_on_path_native	50197337		not_on_path_native		not_on_path_native	50214230	complete
c2-native-attempt-v1	native	1048576	39	warm_followup	2	s1048576-g039-warm02	37dd3c87ae6e47949d3c87ae6e779420	/guest/c2_native_sleep50_r351_direct_events_s1048576_g039	0.0.1@1784738976816	e44f1c936e10042ace872352ac94ddb8f90d514344a2438820a71b14deed620a	927	true	present	not_on_path_native	not_on_path_native	match	complete	true	ok	cfdc507fb8a4	cfdc507fb8a4:7	false		false	true	1784739333473484540	1784739333536488881	1784739333799066270	63.004617	52	162.412758	1048576	1048690		unavailable_no_direct_event		not_repeated_warm		not_on_path_native		not_on_path_native		not_on_path_native		not_on_path_native		not_on_path_native		not_on_path_native		not_on_path_native	50277572		not_on_path_native		not_on_path_native	50294906	complete
c2-native-attempt-v1	native	1048576	39	warm_followup	3	s1048576-g039-warm03	4ad7908f1f3742cf97908f1f37a2cfce	/guest/c2_native_sleep50_r351_direct_events_s1048576_g039	0.0.1@1784738976816	e44f1c936e10042ace872352ac94ddb8f90d514344a2438820a71b14deed620a	928	true	present	not_on_path_native	not_on_path_native	match	complete	true	ok	cfdc507fb8a4	cfdc507fb8a4:7	false		false	true	1784739333799204413	1784739333860867913	1784739334133541753	61.663332	52	162.412758	1048576	1048690		unavailable_no_direct_event		not_repeated_warm		not_on_path_native		not_on_path_native		not_on_path_native		not_on_path_native		not_on_path_native		not_on_path_native		not_on_path_native	50197751		not_on_path_native		not_on_path_native	50203112	complete
c2-native-attempt-v1	native	1048576	39	warm_followup	4	s1048576-g039-warm04	370dcb4127b44a958dcb4127b4da9571	/guest/c2_native_sleep50_r351_direct_events_s1048576_g039	0.0.1@1784738976816	e44f1c936e10042ace872352ac94ddb8f90d514344a2438820a71b14deed620a	929	true	present	not_on_path_native	not_on_path_native	match	complete	true	ok	cfdc507fb8a4	cfdc507fb8a4:7	false		false	true	1784739334133671403	1784739334200949166	1784739334206551049	67.277977	52	162.412758	1048576	1048690		unavailable_no_direct_event		not_repeated_warm		not_on_path_native		not_on_path_native		not_on_path_native		not_on_path_native		not_on_path_native		not_on_path_native		not_on_path_native	50199129		not_on_path_native		not_on_path_native	50206107	complete
c2-native-attempt-v1	native	1048576	39	warm_followup	5	s1048576-g039-warm05	51c0ac8b884447c280ac8b8844c7c286	/guest/c2_native_sleep50_r351_direct_events_s1048576_g039	0.0.1@1784738976816	e44f1c936e10042ace872352ac94ddb8f90d514344a2438820a71b14deed620a	930	true	present	not_on_path_native	not_on_path_native	match	complete	true	ok	cfdc507fb8a4	cfdc507fb8a4:7	false		false	true	1784739334206666375	1784739334268257409	1784739334530077167	61.5913	52	162.412758	1048576	1048690		unavailable_no_direct_event		not_repeated_warm		not_on_path_native		not_on_path_native		not_on_path_native		not_on_path_native		not_on_path_native		not_on_path_native		not_on_path_native	50268595		not_on_path_native		not_on_path_native	50275537	complete
c2-native-attempt-v1	native	4194304	39	fresh_first_use	0	s4194304-g039-fresh	26692fcc96ce4cb8a92fcc96cefcb8a3	/guest/c2_native_sleep50_r351_direct_events_s4194304_g039	0.0.1@1784739003274	1d3ba43a9df2c97a6b74b27ea007eb467c81add1d3a98d0184f4ce92afdd1540	931	true	present	not_on_path_native	not_on_path_native	match	complete	true	ok	b97332507c3f	b97332507c3f:7	true	447	true	false	1784739334530199659	1784739335304549940	1784739335312262773	774.350901	511	501.405433	4194304	4194418		unavailable_no_direct_event	447000000	activation_annotation_initTime		not_on_path_native		not_on_path_native		not_on_path_native		not_on_path_native		not_on_path_native		not_on_path_native		not_on_path_native	51364278		not_on_path_native		not_on_path_native	51418608	complete
c2-native-attempt-v1	native	4194304	39	warm_followup	1	s4194304-g039-warm01	9b9ae7f71bc64f9d9ae7f71bc67f9d98	/guest/c2_native_sleep50_r351_direct_events_s4194304_g039	0.0.1@1784739003274	1d3ba43a9df2c97a6b74b27ea007eb467c81add1d3a98d0184f4ce92afdd1540	932	true	present	not_on_path_native	not_on_path_native	match	complete	true	ok	b97332507c3f	b97332507c3f:7	false		false	true	1784739335312403152	1784739335387938841	1784739335651335133	75.535931	53	501.405433	4194304	4194418		unavailable_no_direct_event		not_repeated_warm		not_on_path_native		not_on_path_native		not_on_path_native		not_on_path_native		not_on_path_native		not_on_path_native		not_on_path_native	50317855		not_on_path_native		not_on_path_native	50337037	complete
c2-native-attempt-v1	native	4194304	39	warm_followup	2	s4194304-g039-warm02	4f4da5bb3e4f4a368da5bb3e4f9a3653	/guest/c2_native_sleep50_r351_direct_events_s4194304_g039	0.0.1@1784739003274	1d3ba43a9df2c97a6b74b27ea007eb467c81add1d3a98d0184f4ce92afdd1540	933	true	present	not_on_path_native	not_on_path_native	match	complete	true	ok	b97332507c3f	b97332507c3f:7	false		false	true	1784739335651474616	1784739335715646713	1784739335982590885	64.172327	53	501.405433	4194304	4194418		unavailable_no_direct_event		not_repeated_warm		not_on_path_native		not_on_path_native		not_on_path_native		not_on_path_native		not_on_path_native		not_on_path_native		not_on_path_native	50291620		not_on_path_native		not_on_path_native	50315294	complete
c2-native-attempt-v1	native	4194304	39	warm_followup	3	s4194304-g039-warm03	3da18eb5f9034876a18eb5f903e87633	/guest/c2_native_sleep50_r351_direct_events_s4194304_g039	0.0.1@1784739003274	1d3ba43a9df2c97a6b74b27ea007eb467c81add1d3a98d0184f4ce92afdd1540	934	true	present	not_on_path_native	not_on_path_native	match	complete	true	ok	b97332507c3f	b97332507c3f:7	false		false	true	1784739335982721627	1784739336046101812	1784739336310273210	63.380326	53	501.405433	4194304	4194418		unavailable_no_direct_event		not_repeated_warm		not_on_path_native		not_on_path_native		not_on_path_native		not_on_path_native		not_on_path_native		not_on_path_native		not_on_path_native	50360178		not_on_path_native		not_on_path_native	50367554	complete
c2-native-attempt-v1	native	4194304	39	warm_followup	4	s4194304-g039-warm04	2c1c6a54f6184b779c6a54f6183b77fa	/guest/c2_native_sleep50_r351_direct_events_s4194304_g039	0.0.1@1784739003274	1d3ba43a9df2c97a6b74b27ea007eb467c81add1d3a98d0184f4ce92afdd1540	935	true	present	not_on_path_native	not_on_path_native	match	complete	true	ok	b97332507c3f	b97332507c3f:7	false		false	true	1784739336310395386	1784739336374957521	1784739336637281155	64.562764	52	501.405433	4194304	4194418		unavailable_no_direct_event		not_repeated_warm		not_on_path_native		not_on_path_native		not_on_path_native		not_on_path_native		not_on_path_native		not_on_path_native		not_on_path_native	50220803		not_on_path_native		not_on_path_native	50227753	complete
c2-native-attempt-v1	native	4194304	39	warm_followup	5	s4194304-g039-warm05	e0bbb57408264a11bbb57408267a11f5	/guest/c2_native_sleep50_r351_direct_events_s4194304_g039	0.0.1@1784739003274	1d3ba43a9df2c97a6b74b27ea007eb467c81add1d3a98d0184f4ce92afdd1540	936	true	present	not_on_path_native	not_on_path_native	match	complete	true	ok	b97332507c3f	b97332507c3f:7	false		false	true	1784739336637412362	1784739336701858925	1784739336964173190	64.446613	53	501.405433	4194304	4194418		unavailable_no_direct_event		not_repeated_warm		not_on_path_native		not_on_path_native		not_on_path_native		not_on_path_native		not_on_path_native		not_on_path_native		not_on_path_native	50200962		not_on_path_native		not_on_path_native	50208970	complete
c2-native-attempt-v1	native	65536	40	fresh_first_use	0	s65536-g040-fresh	03c71b294cb74f2a871b294cb74f2a0b	/guest/c2_native_sleep50_r351_direct_events_s65536_g040	0.0.1@1784738959985	f7aff1636a9ea7a31ae88211d5f80e8419ec02171fdcdd75613ecac44c049cb5	937	true	present	not_on_path_native	not_on_path_native	match	complete	true	ok	482f97211348	482f97211348:7	true	113	true	false	1784739336964305410	1784739337212068456	1784739337480307600	247.763406	171	37.982283	65536	65650		unavailable_no_direct_event	113000000	activation_annotation_initTime		not_on_path_native		not_on_path_native		not_on_path_native		not_on_path_native		not_on_path_native		not_on_path_native		not_on_path_native	49847865		not_on_path_native		not_on_path_native	49902839	complete
c2-native-attempt-v1	native	65536	40	warm_followup	1	s65536-g040-warm01	9d8e394e5cff47108e394e5cffc7104f	/guest/c2_native_sleep50_r351_direct_events_s65536_g040	0.0.1@1784738959985	f7aff1636a9ea7a31ae88211d5f80e8419ec02171fdcdd75613ecac44c049cb5	938	true	present	not_on_path_native	not_on_path_native	match	complete	true	ok	482f97211348	482f97211348:7	false		false	true	1784739337480449579	1784739337544822528	1784739337807121374	64.37326	53	37.982283	65536	65650		unavailable_no_direct_event		not_repeated_warm		not_on_path_native		not_on_path_native		not_on_path_native		not_on_path_native		not_on_path_native		not_on_path_native		not_on_path_native	50245971		not_on_path_native		not_on_path_native	50260849	complete
c2-native-attempt-v1	native	65536	40	warm_followup	2	s65536-g040-warm02	06476ae2b8514b40876ae2b8514b40c4	/guest/c2_native_sleep50_r351_direct_events_s65536_g040	0.0.1@1784738959985	f7aff1636a9ea7a31ae88211d5f80e8419ec02171fdcdd75613ecac44c049cb5	939	true	present	not_on_path_native	not_on_path_native	match	complete	true	ok	482f97211348	482f97211348:7	false		false	true	1784739337807262150	1784739337869649986	1784739338132285161	62.387886	53	37.982283	65536	65650		unavailable_no_direct_event		not_repeated_warm		not_on_path_native		not_on_path_native		not_on_path_native		not_on_path_native		not_on_path_native		not_on_path_native		not_on_path_native	50294231		not_on_path_native		not_on_path_native	50314333	complete
c2-native-attempt-v1	native	65536	40	warm_followup	3	s65536-g040-warm03	f0fa2a187e53449bba2a187e53949b7d	/guest/c2_native_sleep50_r351_direct_events_s65536_g040	0.0.1@1784738959985	f7aff1636a9ea7a31ae88211d5f80e8419ec02171fdcdd75613ecac44c049cb5	940	true	present	not_on_path_native	not_on_path_native	match	complete	true	ok	482f97211348	482f97211348:7	false		false	true	1784739338132415709	1784739338195315262	1784739338458659473	62.899995	52	37.982283	65536	65650		unavailable_no_direct_event		not_repeated_warm		not_on_path_native		not_on_path_native		not_on_path_native		not_on_path_native		not_on_path_native		not_on_path_native		not_on_path_native	50197406		not_on_path_native		not_on_path_native	50202363	complete
c2-native-attempt-v1	native	65536	40	warm_followup	4	s65536-g040-warm04	d0301eb73bc2438cb01eb73bc2238c87	/guest/c2_native_sleep50_r351_direct_events_s65536_g040	0.0.1@1784738959985	f7aff1636a9ea7a31ae88211d5f80e8419ec02171fdcdd75613ecac44c049cb5	941	true	present	not_on_path_native	not_on_path_native	match	complete	true	ok	482f97211348	482f97211348:7	false		false	true	1784739338458780966	1784739338521770425	1784739338784692622	62.989774	52	37.982283	65536	65650		unavailable_no_direct_event		not_repeated_warm		not_on_path_native		not_on_path_native		not_on_path_native		not_on_path_native		not_on_path_native		not_on_path_native		not_on_path_native	50205243		not_on_path_native		not_on_path_native	50212871	complete
c2-native-attempt-v1	native	65536	40	warm_followup	5	s65536-g040-warm05	5cc26bb330f34a6f826bb330f35a6f10	/guest/c2_native_sleep50_r351_direct_events_s65536_g040	0.0.1@1784738959985	f7aff1636a9ea7a31ae88211d5f80e8419ec02171fdcdd75613ecac44c049cb5	942	true	present	not_on_path_native	not_on_path_native	match	complete	true	ok	482f97211348	482f97211348:7	false		false	true	1784739338784821607	1784739338847505302	1784739339108939251	62.683823	52	37.982283	65536	65650		unavailable_no_direct_event		not_repeated_warm		not_on_path_native		not_on_path_native		not_on_path_native		not_on_path_native		not_on_path_native		not_on_path_native		not_on_path_native	50175287		not_on_path_native		not_on_path_native	50181114	complete
c2-native-attempt-v1	native	262144	40	fresh_first_use	0	s262144-g040-fresh	298dd399f9fb4c9b8dd399f9fbbc9b4e	/guest/c2_native_sleep50_r351_direct_events_s262144_g040	0.0.1@1784738966011	52b64f557b5a0dd5d4e9573c6c4fb8e05058b8ecf867d32fd97e6a511148f94f	943	true	present	not_on_path_native	not_on_path_native	match	complete	true	ok	7785fa9a8fd7	7785fa9a8fd7:7	true	112	true	false	1784739339109083011	1784739339483011825	1784739339491113381	373.929401	184	53.130143	262144	262258		unavailable_no_direct_event	112000000	activation_annotation_initTime		not_on_path_native		not_on_path_native		not_on_path_native		not_on_path_native		not_on_path_native		not_on_path_native		not_on_path_native	52952383		not_on_path_native		not_on_path_native	53014215	complete
c2-native-attempt-v1	native	262144	40	warm_followup	1	s262144-g040-warm01	4c2d9d6b23964befad9d6b23961beff2	/guest/c2_native_sleep50_r351_direct_events_s262144_g040	0.0.1@1784738966011	52b64f557b5a0dd5d4e9573c6c4fb8e05058b8ecf867d32fd97e6a511148f94f	944	true	present	not_on_path_native	not_on_path_native	match	complete	true	ok	7785fa9a8fd7	7785fa9a8fd7:7	false		false	true	1784739339491244168	1784739339562185731	1784739339825948747	70.941852	55	53.130143	262144	262258		unavailable_no_direct_event		not_repeated_warm		not_on_path_native		not_on_path_native		not_on_path_native		not_on_path_native		not_on_path_native		not_on_path_native		not_on_path_native	50325612		not_on_path_native		not_on_path_native	50350833	complete
c2-native-attempt-v1	native	262144	40	warm_followup	2	s262144-g040-warm02	2b68c33d6b1244e6a8c33d6b1204e63d	/guest/c2_native_sleep50_r351_direct_events_s262144_g040	0.0.1@1784738966011	52b64f557b5a0dd5d4e9573c6c4fb8e05058b8ecf867d32fd97e6a511148f94f	945	true	present	not_on_path_native	not_on_path_native	match	complete	true	ok	7785fa9a8fd7	7785fa9a8fd7:7	false		false	true	1784739339826085793	1784739339889524266	1784739340150276878	63.43835	53	53.130143	262144	262258		unavailable_no_direct_event		not_repeated_warm		not_on_path_native		not_on_path_native		not_on_path_native		not_on_path_native		not_on_path_native		not_on_path_native		not_on_path_native	50296799		not_on_path_native		not_on_path_native	50315158	complete
c2-native-attempt-v1	native	262144	40	warm_followup	3	s262144-g040-warm03	0de38e4f98964832a38e4f9896983246	/guest/c2_native_sleep50_r351_direct_events_s262144_g040	0.0.1@1784738966011	52b64f557b5a0dd5d4e9573c6c4fb8e05058b8ecf867d32fd97e6a511148f94f	946	true	present	not_on_path_native	not_on_path_native	match	complete	true	ok	7785fa9a8fd7	7785fa9a8fd7:7	false		false	true	1784739340150412140	1784739340212805671	1784739340477962813	62.393598	52	53.130143	262144	262258		unavailable_no_direct_event		not_repeated_warm		not_on_path_native		not_on_path_native		not_on_path_native		not_on_path_native		not_on_path_native		not_on_path_native		not_on_path_native	50200101		not_on_path_native		not_on_path_native	50205961	complete
c2-native-attempt-v1	native	262144	40	warm_followup	4	s262144-g040-warm04	aac39d588f154b43839d588f15eb4393	/guest/c2_native_sleep50_r351_direct_events_s262144_g040	0.0.1@1784738966011	52b64f557b5a0dd5d4e9573c6c4fb8e05058b8ecf867d32fd97e6a511148f94f	947	true	present	not_on_path_native	not_on_path_native	match	complete	true	ok	7785fa9a8fd7	7785fa9a8fd7:7	false		false	true	1784739340478088682	1784739340540166846	1784739340805011589	62.078334	52	53.130143	262144	262258		unavailable_no_direct_event		not_repeated_warm		not_on_path_native		not_on_path_native		not_on_path_native		not_on_path_native		not_on_path_native		not_on_path_native		not_on_path_native	50185000		not_on_path_native		not_on_path_native	50190599	complete
c2-native-attempt-v1	native	262144	40	warm_followup	5	s262144-g040-warm05	8ffc8ef26de449cbbc8ef26de499cb7b	/guest/c2_native_sleep50_r351_direct_events_s262144_g040	0.0.1@1784738966011	52b64f557b5a0dd5d4e9573c6c4fb8e05058b8ecf867d32fd97e6a511148f94f	948	true	present	not_on_path_native	not_on_path_native	match	complete	true	ok	7785fa9a8fd7	7785fa9a8fd7:7	false		false	true	1784739340805129356	1784739340870369028	1784739340878537735	65.239864	56	53.130143	262144	262258		unavailable_no_direct_event		not_repeated_warm		not_on_path_native		not_on_path_native		not_on_path_native		not_on_path_native		not_on_path_native		not_on_path_native		not_on_path_native	50777194		not_on_path_native		not_on_path_native	50785253	complete
c2-native-attempt-v1	native	1048576	40	fresh_first_use	0	s1048576-g040-fresh	c60985b45d3c41408985b45d3c2140bb	/guest/c2_native_sleep50_r351_direct_events_s1048576_g040	0.0.1@1784738977074	305f6d5fdb07a20fa615e830caccae530ecdf226d66e5738e42ba8b5629bbebd	949	true	present	not_on_path_native	not_on_path_native	match	complete	true	ok	a2a8d70180c7	a2a8d70180c7:9	true	136	true	false	1784739340878652446	1784739341285923954	1784739341552696819	407.27935	202	157.128264	1048576	1048690		unavailable_no_direct_event	136000000	activation_annotation_initTime		not_on_path_native		not_on_path_native		not_on_path_native		not_on_path_native		not_on_path_native		not_on_path_native		not_on_path_native	51103125		not_on_path_native		not_on_path_native	51176700	complete
c2-native-attempt-v1	native	1048576	40	warm_followup	1	s1048576-g040-warm01	e32dde44d712413badde44d712713b82	/guest/c2_native_sleep50_r351_direct_events_s1048576_g040	0.0.1@1784738977074	305f6d5fdb07a20fa615e830caccae530ecdf226d66e5738e42ba8b5629bbebd	950	true	present	not_on_path_native	not_on_path_native	match	complete	true	ok	a2a8d70180c7	a2a8d70180c7:9	false		false	true	1784739341552829089	1784739342117785236	1784739342388126081	564.955961	53	157.128264	1048576	1048690		unavailable_no_direct_event		not_repeated_warm		not_on_path_native		not_on_path_native		not_on_path_native		not_on_path_native		not_on_path_native		not_on_path_native		not_on_path_native	50191017		not_on_path_native		not_on_path_native	50206857	complete
c2-native-attempt-v1	native	1048576	40	warm_followup	2	s1048576-g040-warm02	4815d2f04bec460095d2f04bece600dd	/guest/c2_native_sleep50_r351_direct_events_s1048576_g040	0.0.1@1784738977074	305f6d5fdb07a20fa615e830caccae530ecdf226d66e5738e42ba8b5629bbebd	951	true	present	not_on_path_native	not_on_path_native	match	complete	true	ok	a2a8d70180c7	a2a8d70180c7:9	false		false	true	1784739342388259097	1784739342455068168	1784739342465713712	66.80913	52	157.128264	1048576	1048690		unavailable_no_direct_event		not_repeated_warm		not_on_path_native		not_on_path_native		not_on_path_native		not_on_path_native		not_on_path_native		not_on_path_native		not_on_path_native	49367902		not_on_path_native		not_on_path_native	49386393	complete
c2-native-attempt-v1	native	1048576	40	warm_followup	3	s1048576-g040-warm03	8cca1bc1958b4ef88a1bc1958b4ef8bd	/guest/c2_native_sleep50_r351_direct_events_s1048576_g040	0.0.1@1784738977074	305f6d5fdb07a20fa615e830caccae530ecdf226d66e5738e42ba8b5629bbebd	952	true	present	not_on_path_native	not_on_path_native	match	complete	true	ok	a2a8d70180c7	a2a8d70180c7:9	false		false	true	1784739342465888200	1784739342532345996	1784739342798651764	66.457918	53	157.128264	1048576	1048690		unavailable_no_direct_event		not_repeated_warm		not_on_path_native		not_on_path_native		not_on_path_native		not_on_path_native		not_on_path_native		not_on_path_native		not_on_path_native	50199204		not_on_path_native		not_on_path_native	50205103	complete
c2-native-attempt-v1	native	1048576	40	warm_followup	4	s1048576-g040-warm04	3a515528449c483c915528449c983c3a	/guest/c2_native_sleep50_r351_direct_events_s1048576_g040	0.0.1@1784738977074	305f6d5fdb07a20fa615e830caccae530ecdf226d66e5738e42ba8b5629bbebd	953	true	present	not_on_path_native	not_on_path_native	match	complete	true	ok	a2a8d70180c7	a2a8d70180c7:9	false		false	true	1784739342798784199	1784739342862705380	1784739343126658198	63.920263	52	157.128264	1048576	1048690		unavailable_no_direct_event		not_repeated_warm		not_on_path_native		not_on_path_native		not_on_path_native		not_on_path_native		not_on_path_native		not_on_path_native		not_on_path_native	50195308		not_on_path_native		not_on_path_native	50202031	complete
c2-native-attempt-v1	native	1048576	40	warm_followup	5	s1048576-g040-warm05	b8ce82879aad47f58e82879aad97f5ee	/guest/c2_native_sleep50_r351_direct_events_s1048576_g040	0.0.1@1784738977074	305f6d5fdb07a20fa615e830caccae530ecdf226d66e5738e42ba8b5629bbebd	954	true	present	not_on_path_native	not_on_path_native	match	complete	true	ok	a2a8d70180c7	a2a8d70180c7:9	false		false	true	1784739343126801422	1784739343195217743	1784739343202683724	68.416905	54	157.128264	1048576	1048690		unavailable_no_direct_event		not_repeated_warm		not_on_path_native		not_on_path_native		not_on_path_native		not_on_path_native		not_on_path_native		not_on_path_native		not_on_path_native	50214422		not_on_path_native		not_on_path_native	50220784	complete
c2-native-attempt-v1	native	4194304	40	fresh_first_use	0	s4194304-g040-fresh	a92b72495d1d484cab72495d1d084c05	/guest/c2_native_sleep50_r351_direct_events_s4194304_g040	0.0.1@1784739003980	f3463995854e076e7dabe48c8471011163682ddc74813f09010a9ae5ae457c64	955	true	present	not_on_path_native	not_on_path_native	match	complete	true	ok	58e3d28fbd96	58e3d28fbd96:8	true	269	true	false	1784739343202844034	1784739343772327677	1784739344046904184	569.484825	333	561.235072	4194304	4194418		unavailable_no_direct_event	269000000	activation_annotation_initTime		not_on_path_native		not_on_path_native		not_on_path_native		not_on_path_native		not_on_path_native		not_on_path_native		not_on_path_native	49730503		not_on_path_native		not_on_path_native	49787280	complete
c2-native-attempt-v1	native	4194304	40	warm_followup	1	s4194304-g040-warm01	4fd7346a68134b8697346a68134b8622	/guest/c2_native_sleep50_r351_direct_events_s4194304_g040	0.0.1@1784739003980	f3463995854e076e7dabe48c8471011163682ddc74813f09010a9ae5ae457c64	956	true	present	not_on_path_native	not_on_path_native	match	complete	true	ok	58e3d28fbd96	58e3d28fbd96:8	false		false	true	1784739344047056294	1784739344112347472	1784739344378401599	65.290729	52	561.235072	4194304	4194418		unavailable_no_direct_event		not_repeated_warm		not_on_path_native		not_on_path_native		not_on_path_native		not_on_path_native		not_on_path_native		not_on_path_native		not_on_path_native	49264099		not_on_path_native		not_on_path_native	49280794	complete
c2-native-attempt-v1	native	4194304	40	warm_followup	2	s4194304-g040-warm02	c9d7122245214a059712224521ea05ad	/guest/c2_native_sleep50_r351_direct_events_s4194304_g040	0.0.1@1784739003980	f3463995854e076e7dabe48c8471011163682ddc74813f09010a9ae5ae457c64	957	true	present	not_on_path_native	not_on_path_native	match	complete	true	ok	58e3d28fbd96	58e3d28fbd96:8	false		false	true	1784739344378598529	1784739344446038158	1784739344710915914	67.439391	53	561.235072	4194304	4194418		unavailable_no_direct_event		not_repeated_warm		not_on_path_native		not_on_path_native		not_on_path_native		not_on_path_native		not_on_path_native		not_on_path_native		not_on_path_native	50274063		not_on_path_native		not_on_path_native	50297889	complete
c2-native-attempt-v1	native	4194304	40	warm_followup	3	s4194304-g040-warm03	0f54b5e23af5497594b5e23af5997529	/guest/c2_native_sleep50_r351_direct_events_s4194304_g040	0.0.1@1784739003980	f3463995854e076e7dabe48c8471011163682ddc74813f09010a9ae5ae457c64	958	true	present	not_on_path_native	not_on_path_native	match	complete	true	ok	58e3d28fbd96	58e3d28fbd96:8	false		false	true	1784739344711050834	1784739344799396055	1784739344807823879	88.345553	52	561.235072	4194304	4194418		unavailable_no_direct_event		not_repeated_warm		not_on_path_native		not_on_path_native		not_on_path_native		not_on_path_native		not_on_path_native		not_on_path_native		not_on_path_native	50242263		not_on_path_native		not_on_path_native	50249169	complete
c2-native-attempt-v1	native	4194304	40	warm_followup	4	s4194304-g040-warm04	fab05da9266d4fd9b05da9266d0fd9dd	/guest/c2_native_sleep50_r351_direct_events_s4194304_g040	0.0.1@1784739003980	f3463995854e076e7dabe48c8471011163682ddc74813f09010a9ae5ae457c64	959	true	present	not_on_path_native	not_on_path_native	match	complete	true	ok	58e3d28fbd96	58e3d28fbd96:8	false		false	true	1784739344808029120	1784739344871662528	1784739345138379666	63.633405	52	561.235072	4194304	4194418		unavailable_no_direct_event		not_repeated_warm		not_on_path_native		not_on_path_native		not_on_path_native		not_on_path_native		not_on_path_native		not_on_path_native		not_on_path_native	50204756		not_on_path_native		not_on_path_native	50210800	complete
c2-native-attempt-v1	native	4194304	40	warm_followup	5	s4194304-g040-warm05	efd868924e36474d9868924e36474d0e	/guest/c2_native_sleep50_r351_direct_events_s4194304_g040	0.0.1@1784739003980	f3463995854e076e7dabe48c8471011163682ddc74813f09010a9ae5ae457c64	960	true	present	not_on_path_native	not_on_path_native	match	complete	true	ok	58e3d28fbd96	58e3d28fbd96:8	false		false	true	1784739345138509518	1784739345201930309	1784739345474808909	63.420791	52	561.235072	4194304	4194418		unavailable_no_direct_event		not_repeated_warm		not_on_path_native		not_on_path_native		not_on_path_native		not_on_path_native		not_on_path_native		not_on_path_native		not_on_path_native	50203239		not_on_path_native		not_on_path_native	50209176	complete
