profile	workload_id	ordinal	logical_request_id	activation_id	terminal_success	output_verified	store_acknowledged	warm_eligible	warm_reason	selected_warm	same_worker_concurrent_request	same_worker_workload_compute_overlap	sample_exclusion_reason	target_binding_id	container_identity	worker	init_time_ms	activation_wait_time_ms	http_request_bytes	http_response_bytes	client_start_unix_ns	client_end_unix_ns	db_finish_unix_ns	blocking_latency_ms	full_flow_latency_ms	workload_duration_ms	function_duration_ms	application_input_bytes	application_output_bytes	application_output_sha256	result_json_bytes	verification_status
reusable-concurrency	compression-derived-random256k-level6-v1	1	1	1b60a6a0f3914723a0a6a0f391172348	true	true	true	true	RG270.operation=INPUT,RG270.warmed=true	true	false	false		4	target-binding:4	<deployment-ip>		34	1024	4652	1784788158660997597	1784788159226596802	1784788159240000000	565.599205	579.002403	488.108134	488.108134	262144	262207	902fb060a81c368caafcdc10768beda0604bdd238516e6a8cb850e83ee069fbc	4096	ok
reusable-concurrency	compression-derived-random256k-level6-v1	2	2	513896727be64c0bb896727be6ec0b33	true	true	true	true	RG270.operation=INPUT,RG270.warmed=true	false	true	true	excluded_same_worker_concurrent_request	5	target-binding:5	<deployment-ip>		26	1024	4652	1784788158671983920	1784788159265977669	1784788159295000064	593.993749	623.016144	517.849707	517.849707	262144	262207	902fb060a81c368caafcdc10768beda0604bdd238516e6a8cb850e83ee069fbc	4096	ok
reusable-concurrency	compression-derived-random256k-level6-v1	3	3	b77268feca84436fb268feca84236f38	true	true	true	true	RG270.operation=INPUT,RG270.warmed=true	false	true	true	excluded_same_worker_concurrent_request	7	target-binding:7	<deployment-ip>		27	1024	4652	1784788158673825141	1784788159283519396	1784788159290999808	609.694255	617.174667	523.865023	523.865023	262144	262207	902fb060a81c368caafcdc10768beda0604bdd238516e6a8cb850e83ee069fbc	4096	ok
reusable-concurrency	compression-derived-random256k-level6-v1	4	4	ba10c582545e46af90c582545e66af14	true	true	true	true	RG270.operation=INPUT,RG270.warmed=true	true	false	false		4	target-binding:4	<deployment-ip>		22	1024	4652	1784788159254498997	1784788159800773579	1784788159805000192	546.274582	550.501195	485.330133	485.330133	262144	262207	902fb060a81c368caafcdc10768beda0604bdd238516e6a8cb850e83ee069fbc	4096	ok
reusable-concurrency	compression-derived-random256k-level6-v1	5	5	8c75df1f270f436cb5df1f270f536ca5	true	true	true	true	RG270.operation=INPUT,RG270.warmed=true	false	true	true	excluded_same_worker_concurrent_request	5	target-binding:5	<deployment-ip>		12	1024	4652	1784788159322066080	1784788159870779504	1784788159867000064	548.713424	544.933984	501.58521	501.58521	262144	262207	902fb060a81c368caafcdc10768beda0604bdd238516e6a8cb850e83ee069fbc	4096	ok
reusable-concurrency	compression-derived-random256k-level6-v1	6	6	577e9f0b4eb6449dbe9f0b4eb6a49dee	true	true	true	true	RG270.operation=INPUT,RG270.warmed=true	false	true	true	excluded_same_worker_concurrent_request	7	target-binding:7	<deployment-ip>		13	1024	4652	1784788159514949250	1784788160098168442	1784788160100000000	583.219192	585.05075	536.772004	536.772004	262144	262207	902fb060a81c368caafcdc10768beda0604bdd238516e6a8cb850e83ee069fbc	4096	ok
reusable-concurrency	compression-derived-random256k-level6-v1	7	7	3e9031e9f3444f2b9031e9f3441f2bc1	true	true	true	true	RG270.operation=INPUT,RG270.warmed=true	true	false	false		4	target-binding:4	<deployment-ip>		10	1024	4652	1784788159811475136	1784788160249089530	1784788160252000000	437.614394	440.524864	393.064675	393.064675	262144	262207	902fb060a81c368caafcdc10768beda0604bdd238516e6a8cb850e83ee069fbc	4096	ok
reusable-concurrency	compression-derived-random256k-level6-v1	8	8	f12148b1ee174b1ca148b1ee179b1cbe	true	true	true	true	RG270.operation=INPUT,RG270.warmed=true	false	true	true	excluded_same_worker_concurrent_request	5	target-binding:5	<deployment-ip>		10	1024	4652	1784788159880827572	1784788160446142629	1784788160456999936	565.315057	576.172364	530.926151	530.926151	262144	262207	902fb060a81c368caafcdc10768beda0604bdd238516e6a8cb850e83ee069fbc	4096	ok
reusable-concurrency	compression-derived-random256k-level6-v1	9	9	c0ce1454c1d442af8e1454c1d4f2aff7	true	true	true	true	RG270.operation=INPUT,RG270.warmed=true	false	true	true	excluded_same_worker_concurrent_request	7	target-binding:7	<deployment-ip>		12	1024	4652	1784788160115130865	1784788160701167436	1784788160713999872	586.036571	598.869007	538.540783	538.540783	262144	262207	902fb060a81c368caafcdc10768beda0604bdd238516e6a8cb850e83ee069fbc	4096	ok
reusable-concurrency	compression-derived-random256k-level6-v1	10	10	31de56e9ce3d49e39e56e9ce3d69e37f	true	true	true	true	RG270.operation=INPUT,RG270.warmed=true	true	false	false		4	target-binding:4	<deployment-ip>		16	1024	4652	1784788160260889280	1784788160837067164	1784788160836000000	576.177884	575.11072	510.386341	510.386341	262144	262207	902fb060a81c368caafcdc10768beda0604bdd238516e6a8cb850e83ee069fbc	4096	ok
reusable-concurrency	compression-derived-random256k-level6-v1	11	11	46a2f9af98ad42e2a2f9af98ad92e25c	true	true	true	true	RG270.operation=INPUT,RG270.warmed=true	false	true	true	excluded_same_worker_concurrent_request	5	target-binding:5	<deployment-ip>		14	1024	4652	1784788160465665035	1784788161065799222	1784788161062000128	600.134187	596.335093	543.573628	543.573628	262144	262207	902fb060a81c368caafcdc10768beda0604bdd238516e6a8cb850e83ee069fbc	4096	ok
reusable-concurrency	compression-derived-random256k-level6-v1	12	12	3c83840f4726459c83840f4726159c9e	true	true	true	true	RG270.operation=INPUT,RG270.warmed=true	false	true	true	excluded_same_worker_concurrent_request	7	target-binding:7	<deployment-ip>		10	1024	4652	1784788160717786547	1784788161302008395	1784788161316000000	584.221848	598.213453	533.93454	533.93454	262144	262207	902fb060a81c368caafcdc10768beda0604bdd238516e6a8cb850e83ee069fbc	4096	ok
reusable-concurrency	compression-derived-random256k-level6-v1	13	13	ce8d14de6c87464a8d14de6c87f64a15	true	true	true	true	RG270.operation=INPUT,RG270.warmed=true	true	false	false		4	target-binding:4	<deployment-ip>		10	1024	4652	1784788160851524680	1784788161377073089	1784788161392000000	525.548409	540.47532	488.224401	488.224401	262144	262207	902fb060a81c368caafcdc10768beda0604bdd238516e6a8cb850e83ee069fbc	4096	ok
reusable-concurrency	compression-derived-random256k-level6-v1	14	14	3bc824bea71f41ef8824bea71f51efa2	true	true	true	true	RG270.operation=INPUT,RG270.warmed=true	false	true	true	excluded_same_worker_concurrent_request	5	target-binding:5	<deployment-ip>		12	1024	4652	1784788161078331732	1784788161534236653	1784788161532999936	455.904921	454.668204	403.636775	403.636775	262144	262207	902fb060a81c368caafcdc10768beda0604bdd238516e6a8cb850e83ee069fbc	4096	ok
reusable-concurrency	compression-derived-random256k-level6-v1	15	15	74f09db707d740e5b09db707d7e0e5c2	true	true	true	true	RG270.operation=INPUT,RG270.warmed=true	true	false	false		4	target-binding:4	<deployment-ip>		29	1024	4652	1784788161403067420	1784788162000072179	1784788162006000128	597.004759	602.932708	528.892213	528.892213	262144	262207	902fb060a81c368caafcdc10768beda0604bdd238516e6a8cb850e83ee069fbc	4096	ok
reusable-concurrency	compression-derived-random256k-level6-v1	16	16	edafa8d21e7b439bafa8d21e7b039bd0	true	true	true	true	RG270.operation=INPUT,RG270.warmed=true	false	true	true	excluded_same_worker_concurrent_request	5	target-binding:5	<deployment-ip>		23	1024	4652	1784788161550068908	1784788162131794348	1784788162137000192	581.72544	586.931284	511.47089	511.47089	262144	262207	902fb060a81c368caafcdc10768beda0604bdd238516e6a8cb850e83ee069fbc	4096	ok
reusable-concurrency	compression-derived-random256k-level6-v1	17	17	01e19b36b8e74355a19b36b8e77355eb	true	true	true	true	RG270.operation=INPUT,RG270.warmed=true	false	true	true	excluded_same_worker_concurrent_request	7	target-binding:7	<deployment-ip>		22	1024	4652	1784788161563354134	1784788162159172977	1784788162167000064	595.818843	603.64593	538.678838	538.678838	262144	262207	902fb060a81c368caafcdc10768beda0604bdd238516e6a8cb850e83ee069fbc	4096	ok
reusable-concurrency	compression-derived-random256k-level6-v1	18	18	4eb02bbeea564afeb02bbeea567afea0	true	true	true	true	RG270.operation=INPUT,RG270.warmed=true	true	false	false		4	target-binding:4	<deployment-ip>		14	1024	4652	1784788162027905742	1784788162608905894	1784788162631000064	581.000152	603.094322	522.600059	522.600059	262144	262207	902fb060a81c368caafcdc10768beda0604bdd238516e6a8cb850e83ee069fbc	4096	ok
reusable-concurrency	compression-derived-random256k-level6-v1	19	19	1fd9a5edaa5c472c99a5edaa5ce72ce8	true	true	true	true	RG270.operation=INPUT,RG270.warmed=true	false	true	true	excluded_same_worker_concurrent_request	7	target-binding:7	<deployment-ip>		20	1024	4652	1784788162146617969	1784788162761119078	1784788162770999808	614.501109	624.381839	517.051351	517.051351	262144	262207	902fb060a81c368caafcdc10768beda0604bdd238516e6a8cb850e83ee069fbc	4096	ok
reusable-concurrency	compression-derived-random256k-level6-v1	20	20	0b9080b8f4e344889080b8f4e3b48884	true	true	true	true	RG270.operation=INPUT,RG270.warmed=true	false	true	true	excluded_same_worker_concurrent_request	5	target-binding:5	<deployment-ip>		16	1024	4652	1784788162171905078	1784788162735721730	1784788162760000000	563.816652	588.094922	510.828674	510.828674	262144	262207	902fb060a81c368caafcdc10768beda0604bdd238516e6a8cb850e83ee069fbc	4096	ok
reusable-concurrency	compression-derived-random256k-level6-v1	21	21	47888eb133dc4365888eb133dc636534	true	true	true	true	RG270.operation=INPUT,RG270.warmed=true	true	false	false		4	target-binding:4	<deployment-ip>		14	1024	4652	1784788162830287070	1784788163414378909	1784788163421999872	584.091839	591.712802	529.552537	529.552537	262144	262207	902fb060a81c368caafcdc10768beda0604bdd238516e6a8cb850e83ee069fbc	4096	ok
reusable-concurrency	compression-derived-random256k-level6-v1	22	22	627e498be5f14323be498be5f19323ac	true	true	true	true	RG270.operation=INPUT,RG270.warmed=true	false	true	true	excluded_same_worker_concurrent_request	5	target-binding:5	<deployment-ip>		19	1024	4652	1784788162970713522	1784788163639898010	1784788163645999872	669.184488	675.28635	609.005353	609.005353	262144	262207	902fb060a81c368caafcdc10768beda0604bdd238516e6a8cb850e83ee069fbc	4096	ok
reusable-concurrency	compression-derived-random256k-level6-v1	23	23	aaf6613bfc8c4f82b6613bfc8ccf8258	true	true	true	true	RG270.operation=INPUT,RG270.warmed=true	false	true	true	excluded_same_worker_concurrent_request	7	target-binding:7	<deployment-ip>		16	1024	4652	1784788163013516438	1784788163731167343	1784788163730000128	717.650905	716.48369	638.958049	638.958049	262144	262207	902fb060a81c368caafcdc10768beda0604bdd238516e6a8cb850e83ee069fbc	4096	ok
reusable-concurrency	compression-derived-random256k-level6-v1	24	24	d90ba62d9996408e8ba62d9996f08e38	true	true	true	true	RG270.operation=INPUT,RG270.warmed=true	true	false	false		4	target-binding:4	<deployment-ip>		15	1024	4652	1784788163428514280	1784788163853715511	1784788163851000064	425.201231	422.485784	367.853999	367.853999	262144	262207	902fb060a81c368caafcdc10768beda0604bdd238516e6a8cb850e83ee069fbc	4096	ok
reusable-concurrency	compression-derived-random256k-level6-v1	25	25	94ed6fb34be041dfad6fb34be0c1df19	true	true	true	true	RG270.operation=INPUT,RG270.warmed=true	false	true	true	excluded_same_worker_concurrent_request	5	target-binding:5	<deployment-ip>		11	1024	4652	1784788163665282389	1784788164249164188	1784788164247000064	583.881799	581.717675	524.43552	524.43552	262144	262207	902fb060a81c368caafcdc10768beda0604bdd238516e6a8cb850e83ee069fbc	4096	ok
reusable-concurrency	compression-derived-random256k-level6-v1	26	26	baf0c694b66e45d9b0c694b66e35d959	true	true	true	true	RG270.operation=INPUT,RG270.warmed=true	false	true	true	excluded_same_worker_concurrent_request	7	target-binding:7	<deployment-ip>		11	1024	4652	1784788163740855585	1784788164314695107	1784788164312000000	573.839522	571.144415	517.085355	517.085355	262144	262207	902fb060a81c368caafcdc10768beda0604bdd238516e6a8cb850e83ee069fbc	4096	ok
reusable-concurrency	compression-derived-random256k-level6-v1	27	27	dd28dc2019f84855a8dc2019f8d8555c	true	true	true	true	RG270.operation=INPUT,RG270.warmed=true	true	false	false		4	target-binding:4	<deployment-ip>		13	1024	4652	1784788163863146542	1784788164406111093	1784788164424999936	542.964551	561.853394	494.958412	494.958412	262144	262207	902fb060a81c368caafcdc10768beda0604bdd238516e6a8cb850e83ee069fbc	4096	ok
reusable-concurrency	compression-derived-random256k-level6-v1	28	28	171c635c970f42f89c635c970f42f856	true	true	true	true	RG270.operation=INPUT,RG270.warmed=true	false	true	true	excluded_same_worker_concurrent_request	5	target-binding:5	<deployment-ip>		17	1024	4652	1784788164259488684	1784788164823527102	1784788164840000000	564.038418	580.511316	517.63461	517.63461	262144	262207	902fb060a81c368caafcdc10768beda0604bdd238516e6a8cb850e83ee069fbc	4096	ok
reusable-concurrency	compression-derived-random256k-level6-v1	29	29	31dc3906b5aa4d679c3906b5aa2d6759	true	true	true	true	RG270.operation=INPUT,RG270.warmed=true	false	true	true	excluded_same_worker_concurrent_request	7	target-binding:7	<deployment-ip>		17	1024	4652	1784788164325092103	1784788164895224560	1784788164897000192	570.132457	571.908089	514.520759	514.520759	262144	262207	902fb060a81c368caafcdc10768beda0604bdd238516e6a8cb850e83ee069fbc	4096	ok
reusable-concurrency	compression-derived-random256k-level6-v1	30	30	2b49ebac258c426d89ebac258ca26db5	true	true	true	true	RG270.operation=INPUT,RG270.warmed=true	true	false	false		4	target-binding:4	<deployment-ip>		12	1024	4652	1784788164637259421	1784788165195962734	1784788165191000064	558.703313	553.740643	490.530185	490.530185	262144	262207	902fb060a81c368caafcdc10768beda0604bdd238516e6a8cb850e83ee069fbc	4096	ok
reusable-concurrency	compression-derived-random256k-level6-v1	31	31	ad4239c1b7524e648239c1b752ee6480	true	true	true	true	RG270.operation=INPUT,RG270.warmed=true	false	true	true	excluded_same_worker_concurrent_request	5	target-binding:5	<deployment-ip>		11	1024	4652	1784788164907171061	1784788165444571053	1784788165461999872	537.399992	554.828811	500.674592	500.674592	262144	262207	902fb060a81c368caafcdc10768beda0604bdd238516e6a8cb850e83ee069fbc	4096	ok
reusable-concurrency	compression-derived-random256k-level6-v1	32	32	8d1a0a4bd66942e19a0a4bd669a2e120	true	true	true	true	RG270.operation=INPUT,RG270.warmed=true	false	true	true	excluded_same_worker_concurrent_request	7	target-binding:7	<deployment-ip>		13	1024	4652	1784788165050769761	1784788165600191482	1784788165616000000	549.421721	565.230239	513.608495	513.608495	262144	262207	902fb060a81c368caafcdc10768beda0604bdd238516e6a8cb850e83ee069fbc	4096	ok
reusable-concurrency	compression-derived-random256k-level6-v1	33	33	7e7cd34b80fe44efbcd34b80fe64efbc	true	true	true	true	RG270.operation=INPUT,RG270.warmed=true	false	true	false	excluded_same_worker_concurrent_request	4	target-binding:4	<deployment-ip>		16	1024	4652	1784788165209819689	1784788165685917760	1784788165714999808	476.098071	505.180119	417.26744	417.26744	262144	262207	902fb060a81c368caafcdc10768beda0604bdd238516e6a8cb850e83ee069fbc	4096	ok
reusable-concurrency	compression-derived-random256k-level6-v1	34	34	148611d6022b4fa68611d6022b7fa654	true	true	true	true	RG270.operation=INPUT,RG270.warmed=true	false	true	false	excluded_same_worker_concurrent_request	4	target-binding:4	<deployment-ip>		10	1024	4652	1784788165672737909	1784788166285418168	1784788166296000000	612.680259	623.262091	535.532794	535.532794	262144	262207	902fb060a81c368caafcdc10768beda0604bdd238516e6a8cb850e83ee069fbc	4096	ok
reusable-concurrency	compression-derived-random256k-level6-v1	35	35	03dfd39fb39442169fd39fb394e216ef	true	true	true	true	RG270.operation=INPUT,RG270.warmed=true	false	true	true	excluded_same_worker_concurrent_request	5	target-binding:5	<deployment-ip>		10	1024	4652	1784788165818571162	1784788166382946838	1784788166391000064	564.375676	572.428902	514.970407	514.970407	262144	262207	902fb060a81c368caafcdc10768beda0604bdd238516e6a8cb850e83ee069fbc	4096	ok
reusable-concurrency	compression-derived-random256k-level6-v1	36	36	6cca6eb81ee640ee8a6eb81ee6e0eedb	true	true	true	true	RG270.operation=INPUT,RG270.warmed=true	false	true	true	excluded_same_worker_concurrent_request	7	target-binding:7	<deployment-ip>		12	1024	4652	1784788165928300931	1784788166509483624	1784788166516000000	581.182693	587.699069	519.315801	519.315801	262144	262207	902fb060a81c368caafcdc10768beda0604bdd238516e6a8cb850e83ee069fbc	4096	ok
reusable-concurrency	compression-derived-random256k-level6-v1	37	37	5cbda28b655e4873bda28b655e9873aa	true	true	true	true	RG270.operation=INPUT,RG270.warmed=true	true	false	false		4	target-binding:4	<deployment-ip>		18	1024	4652	1784788166298688511	1784788166851815160	1784788166848999936	553.126649	550.311425	494.290888	494.290888	262144	262207	902fb060a81c368caafcdc10768beda0604bdd238516e6a8cb850e83ee069fbc	4096	ok
reusable-concurrency	compression-derived-random256k-level6-v1	38	38	2b77b1f07c0749e2b7b1f07c0719e283	true	true	true	true	RG270.operation=INPUT,RG270.warmed=true	false	true	true	excluded_same_worker_concurrent_request	5	target-binding:5	<deployment-ip>		12	1024	4652	1784788166394935358	1784788166964753780	1784788166970000128	569.818422	575.06477	520.954158	520.954158	262144	262207	902fb060a81c368caafcdc10768beda0604bdd238516e6a8cb850e83ee069fbc	4096	ok
reusable-concurrency	compression-derived-random256k-level6-v1	39	39	3fd491a1071041d29491a10710e1d2d5	true	true	true	true	RG270.operation=INPUT,RG270.warmed=true	false	true	true	excluded_same_worker_concurrent_request	7	target-binding:7	<deployment-ip>		24	1024	4652	1784788166523883947	1784788167117898981	1784788167125999872	594.015034	602.115925	536.331549	536.331549	262144	262207	902fb060a81c368caafcdc10768beda0604bdd238516e6a8cb850e83ee069fbc	4096	ok
reusable-concurrency	compression-derived-random256k-level6-v1	40	40	2dc0c5cdef40466580c5cdef40b66537	true	true	true	true	RG270.operation=INPUT,RG270.warmed=true	true	false	false		4	target-binding:4	<deployment-ip>		13	1024	4652	1784788166865183828	1784788167431765181	1784788167440999936	566.581353	575.816108	526.848687	526.848687	262144	262207	902fb060a81c368caafcdc10768beda0604bdd238516e6a8cb850e83ee069fbc	4096	ok
reusable-concurrency	compression-derived-random256k-level6-v1	41	41	c20431409b6e46878431409b6e868787	true	true	true	true	RG270.operation=INPUT,RG270.warmed=true	false	true	true	excluded_same_worker_concurrent_request	5	target-binding:5	<deployment-ip>		12	1024	4652	1784788166975493973	1784788167532041473	1784788167542000128	556.5475	566.506155	518.370734	518.370734	262144	262207	902fb060a81c368caafcdc10768beda0604bdd238516e6a8cb850e83ee069fbc	4096	ok
reusable-concurrency	compression-derived-random256k-level6-v1	42	42	24d4ae68d385483894ae68d385c8383b	true	true	true	true	RG270.operation=INPUT,RG270.warmed=true	false	true	true	excluded_same_worker_concurrent_request	7	target-binding:7	<deployment-ip>		28	1024	4652	1784788167136861522	1784788167735673744	1784788167734999808	598.812222	598.138286	518.138624	518.138624	262144	262207	902fb060a81c368caafcdc10768beda0604bdd238516e6a8cb850e83ee069fbc	4096	ok
reusable-concurrency	compression-derived-random256k-level6-v1	43	43	06b4c43bae124bacb4c43bae126bacfd	true	true	true	true	RG270.operation=INPUT,RG270.warmed=true	true	false	false		4	target-binding:4	<deployment-ip>		15	1024	4652	1784788167452723903	1784788167990706119	1784788168003000064	537.982216	550.276161	492.324768	492.324768	262144	262207	902fb060a81c368caafcdc10768beda0604bdd238516e6a8cb850e83ee069fbc	4096	ok
reusable-concurrency	compression-derived-random256k-level6-v1	44	44	fedd5e0343e244279d5e0343e25427c5	true	true	true	true	RG270.operation=INPUT,RG270.warmed=true	false	true	true	excluded_same_worker_concurrent_request	5	target-binding:5	<deployment-ip>		14	1024	4652	1784788167547366738	1784788168135678423	1784788168141999872	588.311685	594.633134	527.085334	527.085334	262144	262207	902fb060a81c368caafcdc10768beda0604bdd238516e6a8cb850e83ee069fbc	4096	ok
reusable-concurrency	compression-derived-random256k-level6-v1	45	45	a16733cc4e3a4a9fa733cc4e3a3a9fe8	true	true	true	true	RG270.operation=INPUT,RG270.warmed=true	false	true	true	excluded_same_worker_concurrent_request	7	target-binding:7	<deployment-ip>		27	1024	4652	1784788167763069496	1784788168353398307	1784788168351000064	590.328811	587.930568	514.949053	514.949053	262144	262207	902fb060a81c368caafcdc10768beda0604bdd238516e6a8cb850e83ee069fbc	4096	ok
reusable-concurrency	compression-derived-random256k-level6-v1	46	46	878795e9263d43288795e9263d332826	true	true	true	true	RG270.operation=INPUT,RG270.warmed=true	true	false	false		4	target-binding:4	<deployment-ip>		16	1024	4652	1784788168010116515	1784788168590711258	1784788168601000192	580.594743	590.883677	538.956159	538.956159	262144	262207	902fb060a81c368caafcdc10768beda0604bdd238516e6a8cb850e83ee069fbc	4096	ok
reusable-concurrency	compression-derived-random256k-level6-v1	47	47	40dfff74d08b44f09fff74d08b24f0d8	true	true	true	true	RG270.operation=INPUT,RG270.warmed=true	false	true	true	excluded_same_worker_concurrent_request	5	target-binding:5	<deployment-ip>		24	1024	4652	1784788168166173129	1784788168683160504	1784788168688999936	516.987375	522.826807	451.431662	451.431662	262144	262207	902fb060a81c368caafcdc10768beda0604bdd238516e6a8cb850e83ee069fbc	4096	ok
reusable-concurrency	compression-derived-random256k-level6-v1	48	48	a99f4518411646449f45184116d64444	true	true	true	true	RG270.operation=INPUT,RG270.warmed=true	false	true	true	excluded_same_worker_concurrent_request	7	target-binding:7	<deployment-ip>		13	1024	4652	1784788168362906752	1784788168821420533	1784788168820000000	458.513781	457.093248	406.416301	406.416301	262144	262207	902fb060a81c368caafcdc10768beda0604bdd238516e6a8cb850e83ee069fbc	4096	ok
reusable-concurrency	compression-derived-random256k-level6-v1	49	49	9a74de051d5b4834b4de051d5b7834ed	true	true	true	true	RG270.operation=INPUT,RG270.warmed=true	true	false	false		4	target-binding:4	<deployment-ip>		15	1024	4652	1784788168694351974	1784788169323740078	1784788169272999936	629.388104	578.647962	487.777778	487.777778	262144	262207	902fb060a81c368caafcdc10768beda0604bdd238516e6a8cb850e83ee069fbc	4096	ok
reusable-concurrency	compression-derived-random256k-level6-v1	50	50	58d671c06c6043979671c06c605397d8	true	true	true	true	RG270.operation=INPUT,RG270.warmed=true	false	true	true	excluded_same_worker_concurrent_request	5	target-binding:5	<deployment-ip>		14	1024	4652	1784788168830363021	1784788169404155427	1784788169416999936	573.792406	586.636915	527.507214	527.507214	262144	262207	902fb060a81c368caafcdc10768beda0604bdd238516e6a8cb850e83ee069fbc	4096	ok
reusable-concurrency	compression-derived-random256k-level6-v1	51	51	397742f71b174934b742f71b174934e1	true	true	true	true	RG270.operation=INPUT,RG270.warmed=true	false	true	true	excluded_same_worker_concurrent_request	7	target-binding:7	<deployment-ip>		14	1024	4652	1784788168859201201	1784788169437306888	1784788169459000064	578.105687	599.798863	496.042954	496.042954	262144	262207	902fb060a81c368caafcdc10768beda0604bdd238516e6a8cb850e83ee069fbc	4096	ok
reusable-concurrency	compression-derived-random256k-level6-v1	52	52	13baf2632a2f47a9baf2632a2ff7a956	true	true	true	true	RG270.operation=INPUT,RG270.warmed=true	true	false	false		4	target-binding:4	<deployment-ip>		49	1024	4652	1784788169335528364	1784788169867633068	1784788169874000128	532.104704	538.471764	420.359264	420.359264	262144	262207	902fb060a81c368caafcdc10768beda0604bdd238516e6a8cb850e83ee069fbc	4096	ok
reusable-concurrency	compression-derived-random256k-level6-v1	53	53	cf901b3333b34ece901b3333b38eced4	true	true	true	true	RG270.operation=INPUT,RG270.warmed=true	false	true	true	excluded_same_worker_concurrent_request	5	target-binding:5	<deployment-ip>		13	1024	4652	1784788169634949303	1784788170216913520	1784788170216000000	581.964217	581.050697	533.103273	533.103273	262144	262207	902fb060a81c368caafcdc10768beda0604bdd238516e6a8cb850e83ee069fbc	4096	ok
reusable-concurrency	compression-derived-random256k-level6-v1	54	54	b3b26bc71a9b4da3b26bc71a9bbda3f3	true	true	true	true	RG270.operation=INPUT,RG270.warmed=true	false	true	true	excluded_same_worker_concurrent_request	7	target-binding:7	<deployment-ip>		18	1024	4652	1784788169671315142	1784788170270697586	1784788170276999936	599.382444	605.684794	529.888302	529.888302	262144	262207	902fb060a81c368caafcdc10768beda0604bdd238516e6a8cb850e83ee069fbc	4096	ok
reusable-concurrency	compression-derived-random256k-level6-v1	55	55	4a9c5020a52f42989c5020a52f9298ae	true	true	true	true	RG270.operation=INPUT,RG270.warmed=true	true	false	false		4	target-binding:4	<deployment-ip>		27	1024	4652	1784788169880614049	1784788170454650413	1784788170452000000	574.036364	571.385951	493.208571	493.208571	262144	262207	902fb060a81c368caafcdc10768beda0604bdd238516e6a8cb850e83ee069fbc	4096	ok
reusable-concurrency	compression-derived-random256k-level6-v1	56	56	2fb530296c3d4e16b530296c3d7e160a	true	true	true	true	RG270.operation=INPUT,RG270.warmed=true	false	true	true	excluded_same_worker_concurrent_request	5	target-binding:5	<deployment-ip>		11	1024	4652	1784788170241335574	1784788170781972323	1784788170780999936	540.636749	539.664362	496.399827	496.399827	262144	262207	902fb060a81c368caafcdc10768beda0604bdd238516e6a8cb850e83ee069fbc	4096	ok
reusable-concurrency	compression-derived-random256k-level6-v1	57	57	d0863374302741bf863374302711bf2e	true	true	true	true	RG270.operation=INPUT,RG270.warmed=true	false	true	true	excluded_same_worker_concurrent_request	7	target-binding:7	<deployment-ip>		20	1024	4652	1784788170288225597	1784788170825702817	1784788170824000000	537.47722	535.774403	469.341084	469.341084	262144	262207	902fb060a81c368caafcdc10768beda0604bdd238516e6a8cb850e83ee069fbc	4096	ok
reusable-concurrency	compression-derived-random256k-level6-v1	58	58	8a7f1c2f099e40c8bf1c2f099e80c853	true	true	true	true	RG270.operation=INPUT,RG270.warmed=true	true	false	false		4	target-binding:4	<deployment-ip>		21	1024	4652	1784788170466077308	1784788171039450956	1784788171038000128	573.373648	571.92282	511.748903	511.748903	262144	262207	902fb060a81c368caafcdc10768beda0604bdd238516e6a8cb850e83ee069fbc	4096	ok
reusable-concurrency	compression-derived-random256k-level6-v1	59	59	274d72ef47e84e048d72ef47e82e048d	true	true	true	true	RG270.operation=INPUT,RG270.warmed=true	false	true	true	excluded_same_worker_concurrent_request	5	target-binding:5	<deployment-ip>		15	1024	4652	1784788170798756855	1784788171348302437	1784788171359000064	549.545582	560.243209	492.27025	492.27025	262144	262207	902fb060a81c368caafcdc10768beda0604bdd238516e6a8cb850e83ee069fbc	4096	ok
reusable-concurrency	compression-derived-random256k-level6-v1	60	60	e3612d9da60946b4a12d9da609b6b422	true	true	true	true	RG270.operation=INPUT,RG270.warmed=true	false	true	true	excluded_same_worker_concurrent_request	7	target-binding:7	<deployment-ip>		18	1024	4652	1784788170838377689	1784788171421026008	1784788171434000128	582.648319	595.622439	537.306321	537.306321	262144	262207	902fb060a81c368caafcdc10768beda0604bdd238516e6a8cb850e83ee069fbc	4096	ok
reusable-concurrency	compression-derived-random256k-level6-v1	61	61	a3ddbf70d48848329dbf70d4883832cb	true	true	true	true	RG270.operation=INPUT,RG270.warmed=true	true	false	false		4	target-binding:4	<deployment-ip>		19	1024	4652	1784788171060020880	1784788171523778728	1784788171532000000	463.757848	471.97912	421.44343	421.44343	262144	262207	902fb060a81c368caafcdc10768beda0604bdd238516e6a8cb850e83ee069fbc	4096	ok
reusable-concurrency	compression-derived-random256k-level6-v1	62	62	2aafa84ebec94b3dafa84ebec93b3dde	true	true	true	true	RG270.operation=INPUT,RG270.warmed=true	true	false	false		4	target-binding:4	<deployment-ip>		12	1024	4652	1784788171535096858	1784788171996667207	1784788172008000000	461.570349	472.903142	407.182348	407.182348	262144	262207	902fb060a81c368caafcdc10768beda0604bdd238516e6a8cb850e83ee069fbc	4096	ok
reusable-concurrency	compression-derived-random256k-level6-v1	63	63	ec2bd419438640b8abd419438680b891	true	true	true	true	RG270.operation=INPUT,RG270.warmed=true	false	true	true	excluded_same_worker_concurrent_request	5	target-binding:5	<deployment-ip>		18	1024	4652	1784788171579761246	1784788172137354129	1784788172144999936	557.592883	565.23869	510.615237	510.615237	262144	262207	902fb060a81c368caafcdc10768beda0604bdd238516e6a8cb850e83ee069fbc	4096	ok
reusable-concurrency	compression-derived-random256k-level6-v1	64	64	6c48aaf926eb415a88aaf926eb515afa	true	true	true	true	RG270.operation=INPUT,RG270.warmed=true	false	true	true	excluded_same_worker_concurrent_request	7	target-binding:7	<deployment-ip>		19	1024	4652	1784788171641837487	1784788172206297199	1784788172211000064	564.459712	569.162577	518.57216	518.57216	262144	262207	902fb060a81c368caafcdc10768beda0604bdd238516e6a8cb850e83ee069fbc	4096	ok
reusable-concurrency	compression-derived-random256k-level6-v1	65	65	e6f14d7a1f214214b14d7a1f2192143c	true	true	true	true	RG270.operation=INPUT,RG270.warmed=true	true	false	false		4	target-binding:4	<deployment-ip>		24	1024	4652	1784788172170583784	1784788172720584875	1784788172732000000	550.001091	561.416216	495.076089	495.076089	262144	262207	902fb060a81c368caafcdc10768beda0604bdd238516e6a8cb850e83ee069fbc	4096	ok
reusable-concurrency	compression-derived-random256k-level6-v1	66	66	4e766ecc48224e63b66ecc4822ae6304	true	true	true	true	RG270.operation=INPUT,RG270.warmed=true	false	true	true	excluded_same_worker_concurrent_request	5	target-binding:5	<deployment-ip>		20	1024	4652	1784788172221675092	1784788172783628949	1784788172783000064	561.953857	561.324972	502.884665	502.884665	262144	262207	902fb060a81c368caafcdc10768beda0604bdd238516e6a8cb850e83ee069fbc	4096	ok
reusable-concurrency	compression-derived-random256k-level6-v1	67	67	0ff2ae1810bb48fdb2ae1810bbb8fd79	true	true	true	true	RG270.operation=INPUT,RG270.warmed=true	false	true	true	excluded_same_worker_concurrent_request	7	target-binding:7	<deployment-ip>		14	1024	4652	1784788172259008814	1784788172828861028	1784788172831000064	569.852214	571.99125	523.060109	523.060109	262144	262207	902fb060a81c368caafcdc10768beda0604bdd238516e6a8cb850e83ee069fbc	4096	ok
reusable-concurrency	compression-derived-random256k-level6-v1	68	68	dae1388badea42f4a1388badeaf2f4f3	true	true	true	true	RG270.operation=INPUT,RG270.warmed=true	true	false	false		4	target-binding:4	<deployment-ip>		11	1024	4652	1784788172742138626	1784788173286602408	1784788173293999872	544.463782	551.861246	491.847602	491.847602	262144	262207	902fb060a81c368caafcdc10768beda0604bdd238516e6a8cb850e83ee069fbc	4096	ok
reusable-concurrency	compression-derived-random256k-level6-v1	69	69	dfc69d828739499a869d828739499aea	true	true	true	true	RG270.operation=INPUT,RG270.warmed=true	false	true	true	excluded_same_worker_concurrent_request	5	target-binding:5	<deployment-ip>		17	1024	4652	1784788172796335184	1784788173363592157	1784788173354000128	567.256973	557.664944	500.717997	500.717997	262144	262207	902fb060a81c368caafcdc10768beda0604bdd238516e6a8cb850e83ee069fbc	4096	ok
reusable-concurrency	compression-derived-random256k-level6-v1	70	70	6fd87295afc14776987295afc1277625	true	true	true	true	RG270.operation=INPUT,RG270.warmed=true	false	true	true	excluded_same_worker_concurrent_request	7	target-binding:7	<deployment-ip>		28	1024	4652	1784788172852983258	1784788173440653700	1784788173436999936	587.670442	584.016678	528.76477	528.76477	262144	262207	902fb060a81c368caafcdc10768beda0604bdd238516e6a8cb850e83ee069fbc	4096	ok
reusable-concurrency	compression-derived-random256k-level6-v1	71	71	8ec95c32865240eb895c32865230eb83	true	true	true	true	RG270.operation=INPUT,RG270.warmed=true	true	false	false		4	target-binding:4	<deployment-ip>		16	1024	4652	1784788173299048680	1784788173880550843	1784788173885999872	581.502163	586.951192	522.342453	522.342453	262144	262207	902fb060a81c368caafcdc10768beda0604bdd238516e6a8cb850e83ee069fbc	4096	ok
reusable-concurrency	compression-derived-random256k-level6-v1	72	72	8e869e0f4bde4b1a869e0f4bde0b1afe	true	true	true	true	RG270.operation=INPUT,RG270.warmed=true	false	true	true	excluded_same_worker_concurrent_request	5	target-binding:5	<deployment-ip>		14	1024	4652	1784788173381072389	1784788173939962235	1784788173946000128	558.889846	564.927739	508.499841	508.499841	262144	262207	902fb060a81c368caafcdc10768beda0604bdd238516e6a8cb850e83ee069fbc	4096	ok
reusable-concurrency	compression-derived-random256k-level6-v1	73	73	def3aa07a1d54758b3aa07a1d5375862	true	true	true	true	RG270.operation=INPUT,RG270.warmed=true	false	true	true	excluded_same_worker_concurrent_request	7	target-binding:7	<deployment-ip>		14	1024	4652	1784788173453857953	1784788174026295473	1784788174027000064	572.43752	573.142111	527.17358	527.17358	262144	262207	902fb060a81c368caafcdc10768beda0604bdd238516e6a8cb850e83ee069fbc	4096	ok
reusable-concurrency	compression-derived-random256k-level6-v1	74	74	658e55079d3b4eae8e55079d3baeaecc	true	true	true	true	RG270.operation=INPUT,RG270.warmed=true	true	false	false		4	target-binding:4	<deployment-ip>		10	1024	4652	1784788173893398142	1784788174420843471	1784788174430000128	527.445329	536.601986	488.309621	488.309621	262144	262207	902fb060a81c368caafcdc10768beda0604bdd238516e6a8cb850e83ee069fbc	4096	ok
reusable-concurrency	compression-derived-random256k-level6-v1	75	75	0317e626f79a4a8d97e626f79a1a8d2a	true	true	true	true	RG270.operation=INPUT,RG270.warmed=true	false	true	true	excluded_same_worker_concurrent_request	5	target-binding:5	<deployment-ip>		21	1024	4652	1784788173967446090	1784788174537024072	1784788174536999936	569.577982	569.553846	509.258691	509.258691	262144	262207	902fb060a81c368caafcdc10768beda0604bdd238516e6a8cb850e83ee069fbc	4096	ok
reusable-concurrency	compression-derived-random256k-level6-v1	76	76	de019e409de342d4819e409de3c2d493	true	true	true	true	RG270.operation=INPUT,RG270.warmed=true	false	true	true	excluded_same_worker_concurrent_request	7	target-binding:7	<deployment-ip>		23	1024	4652	1784788174036389611	1784788174635782401	1784788174639000064	599.39279	602.610453	542.285671	542.285671	262144	262207	902fb060a81c368caafcdc10768beda0604bdd238516e6a8cb850e83ee069fbc	4096	ok
reusable-concurrency	compression-derived-random256k-level6-v1	77	77	cb9fc2e7508a468b9fc2e7508a068bf3	true	true	true	true	RG270.operation=INPUT,RG270.warmed=true	true	false	false		4	target-binding:4	<deployment-ip>		31	1024	4652	1784788174432403998	1784788174982791107	1784788174987000064	550.387109	554.596066	487.546859	487.546859	262144	262207	902fb060a81c368caafcdc10768beda0604bdd238516e6a8cb850e83ee069fbc	4096	ok
reusable-concurrency	compression-derived-random256k-level6-v1	78	78	b6636c61b9c64adda36c61b9c6faddab	true	true	true	true	RG270.operation=INPUT,RG270.warmed=true	false	true	true	excluded_same_worker_concurrent_request	5	target-binding:5	<deployment-ip>		24	1024	4652	1784788174550707504	1784788175072323460	1784788175071000064	521.615956	520.29256	458.591284	458.591284	262144	262207	902fb060a81c368caafcdc10768beda0604bdd238516e6a8cb850e83ee069fbc	4096	ok
reusable-concurrency	compression-derived-random256k-level6-v1	79	79	0f18d831b2b94d4d98d831b2b98d4d04	true	true	true	true	RG270.operation=INPUT,RG270.warmed=true	false	true	true	excluded_same_worker_concurrent_request	7	target-binding:7	<deployment-ip>		33	1024	4652	1784788174647916188	1784788175304570592	1784788175319000064	656.654404	671.083876	581.488057	581.488057	262144	262207	902fb060a81c368caafcdc10768beda0604bdd238516e6a8cb850e83ee069fbc	4096	ok
reusable-concurrency	compression-derived-random256k-level6-v1	80	80	3d87bdfc5b724e7e87bdfc5b72be7efe	true	true	true	true	RG270.operation=INPUT,RG270.warmed=true	true	false	false		4	target-binding:4	<deployment-ip>		27	1024	4652	1784788174995217299	1784788175577622721	1784788175576999936	582.405422	581.782637	504.679286	504.679286	262144	262207	902fb060a81c368caafcdc10768beda0604bdd238516e6a8cb850e83ee069fbc	4096	ok
reusable-concurrency	compression-derived-random256k-level6-v1	81	81	62f7f16b87d7422db7f16b87d7722d87	true	true	true	true	RG270.operation=INPUT,RG270.warmed=true	false	true	true	excluded_same_worker_concurrent_request	5	target-binding:5	<deployment-ip>		28	1024	4652	1784788175092066164	1784788175654605761	1784788175658999808	562.539597	566.933644	504.208729	504.208729	262144	262207	902fb060a81c368caafcdc10768beda0604bdd238516e6a8cb850e83ee069fbc	4096	ok
reusable-concurrency	compression-derived-random256k-level6-v1	82	82	5acafeb42fc444288afeb42fc4942888	true	true	true	true	RG270.operation=INPUT,RG270.warmed=true	false	true	true	excluded_same_worker_concurrent_request	7	target-binding:7	<deployment-ip>		16	1024	4652	1784788175528686996	1784788176118549621	1784788176124999936	589.862625	596.31294	528.581197	528.581197	262144	262207	902fb060a81c368caafcdc10768beda0604bdd238516e6a8cb850e83ee069fbc	4096	ok
reusable-concurrency	compression-derived-random256k-level6-v1	83	83	920fe0427a1d4c788fe0427a1d8c78e6	true	true	true	true	RG270.operation=INPUT,RG270.warmed=true	false	true	false	excluded_same_worker_concurrent_request	4	target-binding:4	<deployment-ip>		14	1024	4652	1784788175590614276	1784788176159259809	1784788176193000192	568.645533	602.385916	521.584068	521.584068	262144	262207	902fb060a81c368caafcdc10768beda0604bdd238516e6a8cb850e83ee069fbc	4096	ok
reusable-concurrency	compression-derived-random256k-level6-v1	84	84	b39b67d4cf5948ae9b67d4cf5928ae20	true	true	true	true	RG270.operation=INPUT,RG270.warmed=true	false	true	true	excluded_same_worker_concurrent_request	5	target-binding:5	<deployment-ip>		17	1024	4652	1784788175665490603	1784788176241713183	1784788176265000192	576.22258	599.509589	494.376311	494.376311	262144	262207	902fb060a81c368caafcdc10768beda0604bdd238516e6a8cb850e83ee069fbc	4096	ok
reusable-concurrency	compression-derived-random256k-level6-v1	85	85	262e43c22b9e4966ae43c22b9e896683	true	true	true	true	RG270.operation=INPUT,RG270.warmed=true	false	true	false	excluded_same_worker_concurrent_request	4	target-binding:4	<deployment-ip>		18	1024	4652	1784788176148549239	1784788176681635807	1784788176692000000	533.086568	543.450761	481.805129	481.805129	262144	262207	902fb060a81c368caafcdc10768beda0604bdd238516e6a8cb850e83ee069fbc	4096	ok
reusable-concurrency	compression-derived-random256k-level6-v1	86	86	bcb81262b34f4df4b81262b34f9df485	true	true	true	true	RG270.operation=INPUT,RG270.warmed=true	false	true	true	excluded_same_worker_concurrent_request	5	target-binding:5	<deployment-ip>		12	1024	4652	1784788176398556706	1784788176963477060	1784788176963000064	564.920354	564.443358	515.597174	515.597174	262144	262207	902fb060a81c368caafcdc10768beda0604bdd238516e6a8cb850e83ee069fbc	4096	ok
reusable-concurrency	compression-derived-random256k-level6-v1	87	87	9f9859fab58b45fc9859fab58bd5fce6	true	true	true	true	RG270.operation=INPUT,RG270.warmed=true	false	true	true	excluded_same_worker_concurrent_request	7	target-binding:7	<deployment-ip>		9	1024	4651	1784788176468994907	1784788177023330947	1784788177028000000	554.33604	559.005093	492.36623	492.36623	262144	262207	902fb060a81c368caafcdc10768beda0604bdd238516e6a8cb850e83ee069fbc	4096	ok
reusable-concurrency	compression-derived-random256k-level6-v1	88	88	553d46b1c8e44f09bd46b1c8e4bf0960	true	true	true	true	RG270.operation=INPUT,RG270.warmed=true	true	false	false		4	target-binding:4	<deployment-ip>		10	1024	4652	1784788176705264823	1784788177232121240	1784788177230000128	526.856417	524.735305	484.367904	484.367904	262144	262207	902fb060a81c368caafcdc10768beda0604bdd238516e6a8cb850e83ee069fbc	4096	ok
reusable-concurrency	compression-derived-random256k-level6-v1	89	89	9eb50a5d15564ef6b50a5d1556def642	true	true	true	true	RG270.operation=INPUT,RG270.warmed=true	false	true	true	excluded_same_worker_concurrent_request	5	target-binding:5	<deployment-ip>		14	1024	4652	1784788176973507339	1784788177597094141	1784788177591000064	623.586802	617.492725	551.892012	551.892012	262144	262207	902fb060a81c368caafcdc10768beda0604bdd238516e6a8cb850e83ee069fbc	4096	ok
reusable-concurrency	compression-derived-random256k-level6-v1	90	90	71ef784c725b4f07af784c725bbf07ca	true	true	true	true	RG270.operation=INPUT,RG270.warmed=true	false	true	true	excluded_same_worker_concurrent_request	7	target-binding:7	<deployment-ip>		21	1024	4652	1784788177038567337	1784788177557048258	1784788177556000000	518.480921	517.432663	438.370171	438.370171	262144	262207	902fb060a81c368caafcdc10768beda0604bdd238516e6a8cb850e83ee069fbc	4096	ok
reusable-concurrency	compression-derived-random256k-level6-v1	91	91	ecf3c7b9298b45a8b3c7b9298bd5a889	true	true	true	true	RG270.operation=INPUT,RG270.warmed=true	true	false	false		4	target-binding:4	<deployment-ip>		11	1024	4652	1784788177241774434	1784788177761931151	1784788177772000000	520.156717	530.225566	482.617934	482.617934	262144	262207	902fb060a81c368caafcdc10768beda0604bdd238516e6a8cb850e83ee069fbc	4096	ok
reusable-concurrency	compression-derived-random256k-level6-v1	92	92	06c36ead2d1f4d34836ead2d1f7d345b	true	true	true	true	RG270.operation=INPUT,RG270.warmed=true	false	true	true	excluded_same_worker_concurrent_request	7	target-binding:7	<deployment-ip>		14	1024	4652	1784788177571313401	1784788178142917055	1784788178139000064	571.603654	567.686663	521.305148	521.305148	262144	262207	902fb060a81c368caafcdc10768beda0604bdd238516e6a8cb850e83ee069fbc	4096	ok
reusable-concurrency	compression-derived-random256k-level6-v1	93	93	33eae875be684c9faae875be687c9f36	true	true	true	true	RG270.operation=INPUT,RG270.warmed=true	false	true	true	excluded_same_worker_concurrent_request	5	target-binding:5	<deployment-ip>		9	1024	4651	1784788177617563663	1784788178190707407	1784788178200999936	573.143744	583.436273	527.719838	527.719838	262144	262207	902fb060a81c368caafcdc10768beda0604bdd238516e6a8cb850e83ee069fbc	4096	ok
reusable-concurrency	compression-derived-random256k-level6-v1	94	94	de65d1307e4a426ba5d1307e4a126b06	true	true	true	true	RG270.operation=INPUT,RG270.warmed=true	true	false	false		4	target-binding:4	<deployment-ip>		10	1024	4652	1784788177982902507	1784788178505605773	1784788178504000000	522.703266	521.097493	482.695339	482.695339	262144	262207	902fb060a81c368caafcdc10768beda0604bdd238516e6a8cb850e83ee069fbc	4096	ok
reusable-concurrency	compression-derived-random256k-level6-v1	95	95	9a082283114b4485882283114be485b4	true	true	true	true	RG270.operation=INPUT,RG270.warmed=true	false	true	true	excluded_same_worker_concurrent_request	7	target-binding:7	<deployment-ip>		19	1024	4652	1784788178161859651	1784788178786876063	1784788178793999872	625.016412	632.140221	554.270421	554.270421	262144	262207	902fb060a81c368caafcdc10768beda0604bdd238516e6a8cb850e83ee069fbc	4096	ok
reusable-concurrency	compression-derived-random256k-level6-v1	96	96	ce9f244e0ff541ef9f244e0ff5e1ef52	true	true	true	true	RG270.operation=INPUT,RG270.warmed=true	false	true	true	excluded_same_worker_concurrent_request	5	target-binding:5	<deployment-ip>		18	1024	4652	1784788178212412001	1784788178807527956	1784788178834000128	595.115955	621.588127	539.782432	539.782432	262144	262207	902fb060a81c368caafcdc10768beda0604bdd238516e6a8cb850e83ee069fbc	4096	ok
reusable-concurrency	compression-derived-random256k-level6-v1	97	97	847b0a1ec64e40adbb0a1ec64e30ad8e	true	true	true	true	RG270.operation=INPUT,RG270.warmed=true	false	true	false	excluded_same_worker_concurrent_request	4	target-binding:4	<deployment-ip>		10	1024	4652	1784788178514101936	1784788179055537129	1784788179060000000	541.435193	545.898064	487.037924	487.037924	262144	262207	902fb060a81c368caafcdc10768beda0604bdd238516e6a8cb850e83ee069fbc	4096	ok
reusable-concurrency	compression-derived-random256k-level6-v1	98	98	147c9145d6b447e4bc9145d6b4b7e48c	true	true	true	true	RG270.operation=INPUT,RG270.warmed=true	false	true	true	excluded_same_worker_concurrent_request	5	target-binding:5	<deployment-ip>		20	1024	4652	1784788178797273028	1784788179399651862	1784788179423000064	602.378834	625.727036	537.410503	537.410503	262144	262207	902fb060a81c368caafcdc10768beda0604bdd238516e6a8cb850e83ee069fbc	4096	ok
reusable-concurrency	compression-derived-random256k-level6-v1	99	99	e63a00ee3ae8435eba00ee3ae8835ef1	true	true	true	true	RG270.operation=INPUT,RG270.warmed=true	false	true	false	excluded_same_worker_concurrent_request	4	target-binding:4	<deployment-ip>		29	1024	4652	1784788179037914518	1784788179628186595	1784788179632999936	590.272077	595.085418	518.781247	518.781247	262144	262207	902fb060a81c368caafcdc10768beda0604bdd238516e6a8cb850e83ee069fbc	4096	ok
reusable-concurrency	compression-derived-random256k-level6-v1	100	100	f664548c19b14c4da4548c19b1ec4db9	true	true	true	true	RG270.operation=INPUT,RG270.warmed=true	false	true	true	excluded_same_worker_concurrent_request	7	target-binding:7	<deployment-ip>		23	1024	4652	1784788179088159996	1784788179557595569	1784788179566999808	469.435573	478.839812	395.102671	395.102671	262144	262207	902fb060a81c368caafcdc10768beda0604bdd238516e6a8cb850e83ee069fbc	4096	ok
reusable-concurrency	compression-derived-random256k-level6-v1	101	101	32252a9e8fd74fdba52a9e8fd7cfdbb6	true	true	true	true	RG270.operation=INPUT,RG270.warmed=true	false	true	true	excluded_same_worker_concurrent_request	5	target-binding:5	<deployment-ip>		34	1024	4652	1784788179585975151	1784788180170214412	1784788180168000000	584.239261	582.024849	508.046632	508.046632	262144	262207	902fb060a81c368caafcdc10768beda0604bdd238516e6a8cb850e83ee069fbc	4096	ok
reusable-concurrency	compression-derived-random256k-level6-v1	102	102	d72255ca10494dd3a255ca1049edd363	true	true	true	true	RG270.operation=INPUT,RG270.warmed=true	true	false	false		4	target-binding:4	<deployment-ip>		12	1024	4652	1784788179663744514	1784788180215710713	1784788180216000000	551.966199	552.255486	487.500879	487.500879	262144	262207	902fb060a81c368caafcdc10768beda0604bdd238516e6a8cb850e83ee069fbc	4096	ok
reusable-concurrency	compression-derived-random256k-level6-v1	103	103	5b191b5701ca46db991b5701ca26db3e	true	true	true	true	RG270.operation=INPUT,RG270.warmed=true	false	true	true	excluded_same_worker_concurrent_request	7	target-binding:7	<deployment-ip>		20	1024	4652	1784788179664496057	1784788180267645206	1784788180284000000	603.149149	619.503943	524.348012	524.348012	262144	262207	902fb060a81c368caafcdc10768beda0604bdd238516e6a8cb850e83ee069fbc	4096	ok
reusable-concurrency	compression-derived-random256k-level6-v1	104	104	dfe71cb2a361496da71cb2a361196dfc	true	true	true	true	RG270.operation=INPUT,RG270.warmed=true	false	true	true	excluded_same_worker_concurrent_request	5	target-binding:5	<deployment-ip>		15	1024	4652	1784788180185124301	1784788180778691550	1784788180768000000	593.567249	582.875699	527.249525	527.249525	262144	262207	902fb060a81c368caafcdc10768beda0604bdd238516e6a8cb850e83ee069fbc	4096	ok
reusable-concurrency	compression-derived-random256k-level6-v1	105	105	999a953d181f4a0b9a953d181f0a0b13	true	true	true	true	RG270.operation=INPUT,RG270.warmed=true	false	true	false	excluded_same_worker_concurrent_request	4	target-binding:4	<deployment-ip>		25	1024	4652	1784788180237008131	1784788180810600619	1784788180806999808	573.592488	569.991677	493.096268	493.096268	262144	262207	902fb060a81c368caafcdc10768beda0604bdd238516e6a8cb850e83ee069fbc	4096	ok
reusable-concurrency	compression-derived-random256k-level6-v1	106	106	f137ef39ed0346a4b7ef39ed0306a443	true	true	true	true	RG270.operation=INPUT,RG270.warmed=true	false	true	true	excluded_same_worker_concurrent_request	7	target-binding:7	<deployment-ip>		12	1024	4652	1784788180295330454	1784788180883397493	1784788180878000128	588.067039	582.669674	527.778364	527.778364	262144	262207	902fb060a81c368caafcdc10768beda0604bdd238516e6a8cb850e83ee069fbc	4096	ok
reusable-concurrency	compression-derived-random256k-level6-v1	107	107	1e834d8cbd84401e834d8cbd84d01e93	true	true	true	true	RG270.operation=INPUT,RG270.warmed=true	false	true	false	excluded_same_worker_concurrent_request	4	target-binding:4	<deployment-ip>		27	1024	4652	1784788180790294124	1784788181347048543	1784788181364000000	556.754419	573.705876	489.638372	489.638372	262144	262207	902fb060a81c368caafcdc10768beda0604bdd238516e6a8cb850e83ee069fbc	4096	ok
reusable-concurrency	compression-derived-random256k-level6-v1	108	108	ef9af3a3711541719af3a37115417110	true	true	true	true	RG270.operation=INPUT,RG270.warmed=true	false	true	true	excluded_same_worker_concurrent_request	5	target-binding:5	<deployment-ip>		17	1024	4652	1784788180852221121	1784788181433174180	1784788181441999872	580.953059	589.778751	537.37561	537.37561	262144	262207	902fb060a81c368caafcdc10768beda0604bdd238516e6a8cb850e83ee069fbc	4096	ok
reusable-concurrency	compression-derived-random256k-level6-v1	109	109	72bc56a3d3de447fbc56a3d3ded47fcf	true	true	true	true	RG270.operation=INPUT,RG270.warmed=true	false	true	true	excluded_same_worker_concurrent_request	7	target-binding:7	<deployment-ip>		42	1024	4652	1784788180907187335	1784788181506659151	1784788181520999936	599.471816	613.812601	521.484482	521.484482	262144	262207	902fb060a81c368caafcdc10768beda0604bdd238516e6a8cb850e83ee069fbc	4096	ok
reusable-concurrency	compression-derived-random256k-level6-v1	110	110	674272d99d2544718272d99d25c471f4	true	true	true	true	RG270.operation=INPUT,RG270.warmed=true	true	false	false		4	target-binding:4	<deployment-ip>		22	1024	4652	1784788181573827095	1784788182070479341	1784788182069999872	496.652246	496.172777	439.83257	439.83257	262144	262207	902fb060a81c368caafcdc10768beda0604bdd238516e6a8cb850e83ee069fbc	4096	ok
reusable-concurrency	compression-derived-random256k-level6-v1	111	111	4b4193dcfdbe491e8193dcfdbec91e6b	true	true	true	true	RG270.operation=INPUT,RG270.warmed=true	false	true	true	excluded_same_worker_concurrent_request	5	target-binding:5	<deployment-ip>		31	1024	4652	1784788181658983249	1784788182240218991	1784788182234999808	581.235742	576.016559	512.917693	512.917693	262144	262207	902fb060a81c368caafcdc10768beda0604bdd238516e6a8cb850e83ee069fbc	4096	ok
reusable-concurrency	compression-derived-random256k-level6-v1	112	112	569e72dcea5043a89e72dcea50c3a814	true	true	true	true	RG270.operation=INPUT,RG270.warmed=true	false	true	true	excluded_same_worker_concurrent_request	7	target-binding:7	<deployment-ip>		19	1024	4652	1784788181731058912	1784788182295794841	1784788182312999936	564.735929	581.941024	516.679936	516.679936	262144	262207	902fb060a81c368caafcdc10768beda0604bdd238516e6a8cb850e83ee069fbc	4096	ok
reusable-concurrency	compression-derived-random256k-level6-v1	113	113	8d65361b1a9a4e2aa5361b1a9a5e2ac3	true	true	true	true	RG270.operation=INPUT,RG270.warmed=true	true	false	false		4	target-binding:4	<deployment-ip>		20	1024	4652	1784788182082504548	1784788182621770621	1784788182631000064	539.266073	548.495516	486.406981	486.406981	262144	262207	902fb060a81c368caafcdc10768beda0604bdd238516e6a8cb850e83ee069fbc	4096	ok
reusable-concurrency	compression-derived-random256k-level6-v1	114	114	bc9145e5c14a43ab9145e5c14aa3ab89	true	true	true	true	RG270.operation=INPUT,RG270.warmed=true	false	true	true	excluded_same_worker_concurrent_request	5	target-binding:5	<deployment-ip>		18	1024	4652	1784788182250003677	1784788182823720311	1784788182836000000	573.716634	585.996323	517.328636	517.328636	262144	262207	902fb060a81c368caafcdc10768beda0604bdd238516e6a8cb850e83ee069fbc	4096	ok
reusable-concurrency	compression-derived-random256k-level6-v1	115	115	67d3040a3c4940d293040a3c4960d26b	true	true	true	true	RG270.operation=INPUT,RG270.warmed=true	false	true	true	excluded_same_worker_concurrent_request	7	target-binding:7	<deployment-ip>		15	1024	4652	1784788182323448397	1784788182882712805	1784788182882999808	559.264408	559.551411	505.589791	505.589791	262144	262207	902fb060a81c368caafcdc10768beda0604bdd238516e6a8cb850e83ee069fbc	4096	ok
reusable-concurrency	compression-derived-random256k-level6-v1	116	116	7356bd92623e469396bd92623e4693c1	true	true	true	true	RG270.operation=INPUT,RG270.warmed=true	true	false	false		4	target-binding:4	<deployment-ip>		11	1024	4652	1784788182847182150	1784788183381526991	1784788183378000128	534.344841	530.817978	486.08649	486.08649	262144	262207	902fb060a81c368caafcdc10768beda0604bdd238516e6a8cb850e83ee069fbc	4096	ok
reusable-concurrency	compression-derived-random256k-level6-v1	117	117	2ca7d0536a3540e3a7d0536a3530e3b7	true	true	true	true	RG270.operation=INPUT,RG270.warmed=true	false	true	true	excluded_same_worker_concurrent_request	5	target-binding:5	<deployment-ip>		9	1024	4651	1784788182899644660	1784788183451634066	1784788183453000192	551.989406	553.355532	513.835427	513.835427	262144	262207	902fb060a81c368caafcdc10768beda0604bdd238516e6a8cb850e83ee069fbc	4096	ok
reusable-concurrency	compression-derived-random256k-level6-v1	118	118	e591a2c3aaca4df891a2c3aacaadf868	true	true	true	true	RG270.operation=INPUT,RG270.warmed=true	false	true	true	excluded_same_worker_concurrent_request	7	target-binding:7	<deployment-ip>		10	1024	4652	1784788183041745841	1784788183597919932	1784788183596000000	556.174091	554.254159	511.396006	511.396006	262144	262207	902fb060a81c368caafcdc10768beda0604bdd238516e6a8cb850e83ee069fbc	4096	ok
reusable-concurrency	compression-derived-random256k-level6-v1	119	119	700f6bf1daaa4c248f6bf1daaa0c2459	true	true	true	true	RG270.operation=INPUT,RG270.warmed=true	true	false	false		4	target-binding:4	<deployment-ip>		10	1024	4652	1784788183395296678	1784788183925433836	1784788183934000128	530.137158	538.70345	482.666292	482.666292	262144	262207	902fb060a81c368caafcdc10768beda0604bdd238516e6a8cb850e83ee069fbc	4096	ok
reusable-concurrency	compression-derived-random256k-level6-v1	120	120	39957d6060d54af5957d6060d52af555	true	true	true	true	RG270.operation=INPUT,RG270.warmed=true	false	true	true	excluded_same_worker_concurrent_request	5	target-binding:5	<deployment-ip>		9	1024	4651	1784788183468610402	1784788184066367853	1784788184073999872	597.757451	605.38947	562.508066	562.508066	262144	262207	902fb060a81c368caafcdc10768beda0604bdd238516e6a8cb850e83ee069fbc	4096	ok
reusable-concurrency	compression-derived-random256k-level6-v1	121	121	c11eebac5a0a4df99eebac5a0a8df953	true	true	true	true	RG270.operation=INPUT,RG270.warmed=true	false	true	true	excluded_same_worker_concurrent_request	7	target-binding:7	<deployment-ip>		10	1024	4652	1784788183609127696	1784788184177157804	1784788184284000000	568.030108	674.872304	517.077354	517.077354	262144	262207	902fb060a81c368caafcdc10768beda0604bdd238516e6a8cb850e83ee069fbc	4096	ok
reusable-concurrency	compression-derived-random256k-level6-v1	122	122	da3095d272374c3ab095d272377c3aca	true	true	true	true	RG270.operation=INPUT,RG270.warmed=true	true	false	false		4	target-binding:4	<deployment-ip>		16	1024	4652	1784788184079610158	1784788184659209664	1784788184673000192	579.599506	593.390034	524.954101	524.954101	262144	262207	902fb060a81c368caafcdc10768beda0604bdd238516e6a8cb850e83ee069fbc	4096	ok
reusable-concurrency	compression-derived-random256k-level6-v1	123	123	9af0dcc139f540ccb0dcc139f520cc8f	true	true	true	true	RG270.operation=INPUT,RG270.warmed=true	false	true	true	excluded_same_worker_concurrent_request	5	target-binding:5	<deployment-ip>		18	1024	4652	1784788184146495770	1784788184691152397	1784788184706000128	544.656627	559.504358	491.263154	491.263154	262144	262207	902fb060a81c368caafcdc10768beda0604bdd238516e6a8cb850e83ee069fbc	4096	ok
reusable-concurrency	compression-derived-random256k-level6-v1	124	124	b7f48365cdfe40e9b48365cdfec0e91d	true	true	true	true	RG270.operation=INPUT,RG270.warmed=true	false	true	true	excluded_same_worker_concurrent_request	7	target-binding:7	<deployment-ip>		15	1024	4652	1784788184442708542	1784788185012778411	1784788185025000192	570.069869	582.29165	527.070836	527.070836	262144	262207	902fb060a81c368caafcdc10768beda0604bdd238516e6a8cb850e83ee069fbc	4096	ok
reusable-concurrency	compression-derived-random256k-level6-v1	125	125	c78f4150e58447ef8f4150e584e7ef6e	true	true	true	true	RG270.operation=INPUT,RG270.warmed=true	true	false	false		4	target-binding:4	<deployment-ip>		18	1024	4652	1784788184878920166	1784788185419220372	1784788185437999872	540.300206	559.079706	488.124752	488.124752	262144	262207	902fb060a81c368caafcdc10768beda0604bdd238516e6a8cb850e83ee069fbc	4096	ok
reusable-concurrency	compression-derived-random256k-level6-v1	126	126	7e3b0c111b8f4b32bb0c111b8fbb3200	true	true	true	true	RG270.operation=INPUT,RG270.warmed=true	false	true	true	excluded_same_worker_concurrent_request	5	target-binding:5	<deployment-ip>		28	1024	4652	1784788184929240092	1784788185488656153	1784788185500000000	559.416061	570.759908	506.203923	506.203923	262144	262207	902fb060a81c368caafcdc10768beda0604bdd238516e6a8cb850e83ee069fbc	4096	ok
reusable-concurrency	compression-derived-random256k-level6-v1	127	127	0743169f8dc8481283169f8dc8f812b3	true	true	true	true	RG270.operation=INPUT,RG270.warmed=true	false	true	true	excluded_same_worker_concurrent_request	7	target-binding:7	<deployment-ip>		10	1024	4652	1784788185242169649	1784788185781802444	1784788185779000064	539.632795	536.830415	500.945323	500.945323	262144	262207	902fb060a81c368caafcdc10768beda0604bdd238516e6a8cb850e83ee069fbc	4096	ok
reusable-concurrency	compression-derived-random256k-level6-v1	128	128	def71e792f054cc4b71e792f051cc4f1	true	true	true	true	RG270.operation=INPUT,RG270.warmed=true	true	false	false		4	target-binding:4	<deployment-ip>		13	1024	4652	1784788185644384518	1784788186186925137	1784788186186000128	542.540619	541.61561	488.575332	488.575332	262144	262207	902fb060a81c368caafcdc10768beda0604bdd238516e6a8cb850e83ee069fbc	4096	ok
reusable-concurrency	compression-derived-random256k-level6-v1	129	129	76b81e6c9d0a41f2b81e6c9d0a21f2bc	true	true	true	true	RG270.operation=INPUT,RG270.warmed=true	false	true	true	excluded_same_worker_concurrent_request	5	target-binding:5	<deployment-ip>		9	1024	4651	1784788185716327672	1784788186273186901	1784788186273999872	556.859229	557.6722	518.578401	518.578401	262144	262207	902fb060a81c368caafcdc10768beda0604bdd238516e6a8cb850e83ee069fbc	4096	ok
reusable-concurrency	compression-derived-random256k-level6-v1	130	130	fdae342b749848b8ae342b7498c8b8ca	true	true	true	true	RG270.operation=INPUT,RG270.warmed=true	false	true	true	excluded_same_worker_concurrent_request	7	target-binding:7	<deployment-ip>		15	1024	4652	1784788185791643507	1784788186358837333	1784788186357000192	567.193826	565.356685	516.758574	516.758574	262144	262207	902fb060a81c368caafcdc10768beda0604bdd238516e6a8cb850e83ee069fbc	4096	ok
reusable-concurrency	compression-derived-random256k-level6-v1	131	131	5eb9f823f2c34a00b9f823f2c35a00ca	true	true	true	true	RG270.operation=INPUT,RG270.warmed=true	true	false	false		4	target-binding:4	<deployment-ip>		15	1024	4652	1784788186206140535	1784788186570898365	1784788186581000192	364.75783	374.859657	324.726658	324.726658	262144	262207	902fb060a81c368caafcdc10768beda0604bdd238516e6a8cb850e83ee069fbc	4096	ok
reusable-concurrency	compression-derived-random256k-level6-v1	132	132	00f9f776551d4b6eb9f776551d1b6e22	true	true	true	true	RG270.operation=INPUT,RG270.warmed=true	false	true	true	excluded_same_worker_concurrent_request	5	target-binding:5	<deployment-ip>		16	1024	4652	1784788186292784388	1784788186850737919	1784788186864000000	557.953531	571.215612	515.964395	515.964395	262144	262207	902fb060a81c368caafcdc10768beda0604bdd238516e6a8cb850e83ee069fbc	4096	ok
reusable-concurrency	compression-derived-random256k-level6-v1	133	133	989d2abdbaa940b19d2abdbaa900b121	true	true	true	true	RG270.operation=INPUT,RG270.warmed=true	false	true	true	excluded_same_worker_concurrent_request	7	target-binding:7	<deployment-ip>		10	1024	4652	1784788186372972315	1784788186925016577	1784788186944000000	552.044262	571.027685	511.503532	511.503532	262144	262207	902fb060a81c368caafcdc10768beda0604bdd238516e6a8cb850e83ee069fbc	4096	ok
reusable-concurrency	compression-derived-random256k-level6-v1	134	134	a96c428300304633ac4283003056335b	true	true	true	true	RG270.operation=INPUT,RG270.warmed=true	true	false	false		4	target-binding:4	<deployment-ip>		18	1024	4652	1784788186584539329	1784788187119564796	1784788187124000000	535.025467	539.460671	486.022602	486.022602	262144	262207	902fb060a81c368caafcdc10768beda0604bdd238516e6a8cb850e83ee069fbc	4096	ok
reusable-concurrency	compression-derived-random256k-level6-v1	135	135	f0b90e1bb43f4dd2b90e1bb43fcdd21f	true	true	true	true	RG270.operation=INPUT,RG270.warmed=true	false	true	true	excluded_same_worker_concurrent_request	5	target-binding:5	<deployment-ip>		26	1024	4652	1784788186869652569	1784788187433482535	1784788187432000000	563.829966	562.347431	502.684927	502.684927	262144	262207	902fb060a81c368caafcdc10768beda0604bdd238516e6a8cb850e83ee069fbc	4096	ok
reusable-concurrency	compression-derived-random256k-level6-v1	136	136	cc9eb2b0108a4d7b9eb2b0108aad7b9f	true	true	true	true	RG270.operation=INPUT,RG270.warmed=true	true	false	false		4	target-binding:4	<deployment-ip>		11	1024	4652	1784788187136195518	1784788187659709029	1784788187671000064	523.513511	534.804546	485.090501	485.090501	262144	262207	902fb060a81c368caafcdc10768beda0604bdd238516e6a8cb850e83ee069fbc	4096	ok
reusable-concurrency	compression-derived-random256k-level6-v1	137	137	ec033e3b7eb744cc833e3b7eb7d4ccd8	true	true	true	true	RG270.operation=INPUT,RG270.warmed=true	false	true	true	excluded_same_worker_concurrent_request	7	target-binding:7	<deployment-ip>		9	1024	4651	1784788187181802915	1784788187740202677	1784788187749000192	558.399762	567.197277	519.230091	519.230091	262144	262207	902fb060a81c368caafcdc10768beda0604bdd238516e6a8cb850e83ee069fbc	4096	ok
reusable-concurrency	compression-derived-random256k-level6-v1	138	138	2fc3532b9a884ae883532b9a88dae8de	true	true	true	true	RG270.operation=INPUT,RG270.warmed=true	false	true	true	excluded_same_worker_concurrent_request	5	target-binding:5	<deployment-ip>		18	1024	4652	1784788187445880486	1784788188016573027	1784788188024000000	570.692541	578.119514	511.782415	511.782415	262144	262207	902fb060a81c368caafcdc10768beda0604bdd238516e6a8cb850e83ee069fbc	4096	ok
reusable-concurrency	compression-derived-random256k-level6-v1	139	139	9ceef7a932e44448aef7a932e4b448c4	true	true	true	true	RG270.operation=INPUT,RG270.warmed=true	true	false	false		4	target-binding:4	<deployment-ip>		18	1024	4652	1784788187675415128	1784788188235185281	1784788188232000000	559.770153	556.584872	497.612071	497.612071	262144	262207	902fb060a81c368caafcdc10768beda0604bdd238516e6a8cb850e83ee069fbc	4096	ok
reusable-concurrency	compression-derived-random256k-level6-v1	140	140	ed3bbe6b636c4840bbbe6b636cc840cb	true	true	true	true	RG270.operation=INPUT,RG270.warmed=true	false	true	true	excluded_same_worker_concurrent_request	7	target-binding:7	<deployment-ip>		26	1024	4652	1784788187764924904	1784788188383621402	1784788188391000064	618.696498	626.07516	549.068184	549.068184	262144	262207	902fb060a81c368caafcdc10768beda0604bdd238516e6a8cb850e83ee069fbc	4096	ok
reusable-concurrency	compression-derived-random256k-level6-v1	141	141	77a0e1226fd846d3a0e1226fd896d3da	true	true	true	true	RG270.operation=INPUT,RG270.warmed=true	false	true	true	excluded_same_worker_concurrent_request	5	target-binding:5	<deployment-ip>		22	1024	4652	1784788188033083908	1784788188600293407	1784788188607000064	567.209499	573.916156	509.968121	509.968121	262144	262207	902fb060a81c368caafcdc10768beda0604bdd238516e6a8cb850e83ee069fbc	4096	ok
reusable-concurrency	compression-derived-random256k-level6-v1	142	142	37110935019f465d910935019f465dc0	true	true	true	true	RG270.operation=INPUT,RG270.warmed=true	true	false	false		4	target-binding:4	<deployment-ip>		14	1024	4652	1784788188244591443	1784788188771341704	1784788188786000128	526.750261	541.408685	482.142519	482.142519	262144	262207	902fb060a81c368caafcdc10768beda0604bdd238516e6a8cb850e83ee069fbc	4096	ok
reusable-concurrency	compression-derived-random256k-level6-v1	143	143	b998512dddf6404598512dddf6704596	true	true	true	true	RG270.operation=INPUT,RG270.warmed=true	false	true	true	excluded_same_worker_concurrent_request	5	target-binding:5	<deployment-ip>		20	1024	4652	1784788188616948649	1784788189218079432	1784788189220999936	601.130783	604.051287	544.572114	544.572114	262144	262207	902fb060a81c368caafcdc10768beda0604bdd238516e6a8cb850e83ee069fbc	4096	ok
reusable-concurrency	compression-derived-random256k-level6-v1	144	144	1aec873c1bb84c48ac873c1bb83c485a	true	true	true	true	RG270.operation=INPUT,RG270.warmed=true	false	true	true	excluded_same_worker_concurrent_request	7	target-binding:7	<deployment-ip>		9	1024	4651	1784788188662666429	1784788189263171112	1784788189268999936	600.504683	606.333507	545.665925	545.665925	262144	262207	902fb060a81c368caafcdc10768beda0604bdd238516e6a8cb850e83ee069fbc	4096	ok
reusable-concurrency	compression-derived-random256k-level6-v1	145	145	40b088b1edcd4a67b088b1edcd9a677b	true	true	true	true	RG270.operation=INPUT,RG270.warmed=true	true	false	false		4	target-binding:4	<deployment-ip>		28	1024	4652	1784788188999681689	1784788189539392744	1784788189546999808	539.711055	547.318119	471.653278	471.653278	262144	262207	902fb060a81c368caafcdc10768beda0604bdd238516e6a8cb850e83ee069fbc	4096	ok
reusable-concurrency	compression-derived-random256k-level6-v1	146	146	b8d160ee14c841099160ee14c841095f	true	true	true	true	RG270.operation=INPUT,RG270.warmed=true	false	true	true	excluded_same_worker_concurrent_request	5	target-binding:5	<deployment-ip>		21	1024	4652	1784788189235394451	1784788189864991254	1784788189864000000	629.596803	628.605549	577.2462	577.2462	262144	262207	902fb060a81c368caafcdc10768beda0604bdd238516e6a8cb850e83ee069fbc	4096	ok
reusable-concurrency	compression-derived-random256k-level6-v1	147	147	d7c686913b864b458686913b86cb45c2	true	true	true	true	RG270.operation=INPUT,RG270.warmed=true	false	true	true	excluded_same_worker_concurrent_request	7	target-binding:7	<deployment-ip>		9	1024	4651	1784788189303073178	1784788189932713710	1784788189934000128	629.640532	630.92695	556.706857	556.706857	262144	262207	902fb060a81c368caafcdc10768beda0604bdd238516e6a8cb850e83ee069fbc	4096	ok
reusable-concurrency	compression-derived-random256k-level6-v1	148	148	bfc9169de883467689169de883767651	true	true	true	true	RG270.operation=INPUT,RG270.warmed=true	true	false	false		4	target-binding:4	<deployment-ip>		11	1024	4652	1784788189766943586	1784788190348177342	1784788190344999936	581.233756	578.05635	532.253872	532.253872	262144	262207	902fb060a81c368caafcdc10768beda0604bdd238516e6a8cb850e83ee069fbc	4096	ok
reusable-concurrency	compression-derived-random256k-level6-v1	149	149	b768f2539772432da8f2539772f32d99	true	true	true	true	RG270.operation=INPUT,RG270.warmed=true	false	true	true	excluded_same_worker_concurrent_request	5	target-binding:5	<deployment-ip>		21	1024	4652	1784788189876882703	1784788190406358859	1784788190407000064	529.476156	530.117361	461.014804	461.014804	262144	262207	902fb060a81c368caafcdc10768beda0604bdd238516e6a8cb850e83ee069fbc	4096	ok
reusable-concurrency	compression-derived-random256k-level6-v1	150	150	7c735321a5fe4b91b35321a5fe4b913d	true	true	true	true	RG270.operation=INPUT,RG270.warmed=true	false	true	true	excluded_same_worker_concurrent_request	7	target-binding:7	<deployment-ip>		17	1024	4652	1784788189945388745	1784788190445547308	1784788190453999872	500.158563	508.611127	456.823443	456.823443	262144	262207	902fb060a81c368caafcdc10768beda0604bdd238516e6a8cb850e83ee069fbc	4096	ok
reusable-concurrency	compression-derived-random256k-level6-v1	151	151	829443c1d2f249e29443c1d2f279e280	true	true	true	true	RG270.operation=INPUT,RG270.warmed=true	true	false	false		4	target-binding:4	<deployment-ip>		15	1024	4652	1784788190369489280	1784788190926327480	1784788190940999936	556.8382	571.510656	502.373475	502.373475	262144	262207	902fb060a81c368caafcdc10768beda0604bdd238516e6a8cb850e83ee069fbc	4096	ok
reusable-concurrency	compression-derived-random256k-level6-v1	152	152	e0e6f3e9b12d49ffa6f3e9b12d49ff0e	true	true	true	true	RG270.operation=INPUT,RG270.warmed=true	false	true	true	excluded_same_worker_concurrent_request	5	target-binding:5	<deployment-ip>		11	1024	4652	1784788190427166427	1784788190966795208	1784788190984000000	539.628781	556.833573	498.219823	498.219823	262144	262207	902fb060a81c368caafcdc10768beda0604bdd238516e6a8cb850e83ee069fbc	4096	ok
reusable-concurrency	compression-derived-random256k-level6-v1	153	153	cbc694d79cbe413b8694d79cbe113bda	true	true	true	true	RG270.operation=INPUT,RG270.warmed=true	false	true	true	excluded_same_worker_concurrent_request	7	target-binding:7	<deployment-ip>		9	1024	4651	1784788190480316475	1784788191086030651	1784788191108000000	605.714176	627.683525	560.092753	560.092753	262144	262207	902fb060a81c368caafcdc10768beda0604bdd238516e6a8cb850e83ee069fbc	4096	ok
reusable-concurrency	compression-derived-random256k-level6-v1	154	154	3b785e2b36d34b31b85e2b36d36b3147	true	true	true	true	RG270.operation=INPUT,RG270.warmed=true	true	false	false		4	target-binding:4	<deployment-ip>		16	1024	4652	1784788191159619183	1784788191724206142	1784788191727000064	564.586959	567.380881	487.740203	487.740203	262144	262207	902fb060a81c368caafcdc10768beda0604bdd238516e6a8cb850e83ee069fbc	4096	ok
reusable-concurrency	compression-derived-random256k-level6-v1	155	155	05e81af6ba3742fca81af6ba37f2fc1c	true	true	true	true	RG270.operation=INPUT,RG270.warmed=true	false	true	true	excluded_same_worker_concurrent_request	5	target-binding:5	<deployment-ip>		21	1024	4652	1784788191254212547	1784788191822071861	1784788191836000000	567.859314	581.787453	510.446374	510.446374	262144	262207	902fb060a81c368caafcdc10768beda0604bdd238516e6a8cb850e83ee069fbc	4096	ok
reusable-concurrency	compression-derived-random256k-level6-v1	156	156	835166f123c8478b9166f123c8e78bc2	true	true	true	true	RG270.operation=INPUT,RG270.warmed=true	false	true	true	excluded_same_worker_concurrent_request	7	target-binding:7	<deployment-ip>		25	1024	4652	1784788191344353048	1784788191903280758	1784788191912000000	558.92771	567.646952	512.082943	512.082943	262144	262207	902fb060a81c368caafcdc10768beda0604bdd238516e6a8cb850e83ee069fbc	4096	ok
reusable-concurrency	compression-derived-random256k-level6-v1	157	157	84dc792618de404d9c792618dea04d21	true	true	true	true	RG270.operation=INPUT,RG270.warmed=true	true	false	false		4	target-binding:4	<deployment-ip>		12	1024	4652	1784788191736040034	1784788192255387223	1784788192269999872	519.347189	533.959838	481.207809	481.207809	262144	262207	902fb060a81c368caafcdc10768beda0604bdd238516e6a8cb850e83ee069fbc	4096	ok
reusable-concurrency	compression-derived-random256k-level6-v1	158	158	c32e10e17b7f446cae10e17b7f646c68	true	true	true	true	RG270.operation=INPUT,RG270.warmed=true	false	true	true	excluded_same_worker_concurrent_request	5	target-binding:5	<deployment-ip>		12	1024	4652	1784788192042832274	1784788192587642781	1784788192608999936	544.810507	566.167662	497.340793	497.340793	262144	262207	902fb060a81c368caafcdc10768beda0604bdd238516e6a8cb850e83ee069fbc	4096	ok
reusable-concurrency	compression-derived-random256k-level6-v1	159	159	44e36c2e6b974d7aa36c2e6b97cd7a78	true	true	true	true	RG270.operation=INPUT,RG270.warmed=true	false	true	true	excluded_same_worker_concurrent_request	7	target-binding:7	<deployment-ip>		15	1024	4652	1784788192127300470	1784788192684721799	1784788192696000000	557.421329	568.69953	517.85927	517.85927	262144	262207	902fb060a81c368caafcdc10768beda0604bdd238516e6a8cb850e83ee069fbc	4096	ok
reusable-concurrency	compression-derived-random256k-level6-v1	160	160	61e9633261d1478da9633261d1178dcd	true	true	true	true	RG270.operation=INPUT,RG270.warmed=true	true	false	false		4	target-binding:4	<deployment-ip>		12	1024	4652	1784788192478730163	1784788193043904410	1784788193043000064	565.174247	564.269901	519.854174	519.854174	262144	262207	902fb060a81c368caafcdc10768beda0604bdd238516e6a8cb850e83ee069fbc	4096	ok
reusable-concurrency	compression-derived-random256k-level6-v1	161	161	489832c8604745419832c86047054175	true	true	true	true	RG270.operation=INPUT,RG270.warmed=true	false	true	true	excluded_same_worker_concurrent_request	5	target-binding:5	<deployment-ip>		22	1024	4652	1784788192697330976	1784788193285268032	1784788193290999808	587.937056	593.668832	530.409495	530.409495	262144	262207	902fb060a81c368caafcdc10768beda0604bdd238516e6a8cb850e83ee069fbc	4096	ok
reusable-concurrency	compression-derived-random256k-level6-v1	162	162	d16148523c06489ca148523c06489c0b	true	true	true	true	RG270.operation=INPUT,RG270.warmed=true	false	true	true	excluded_same_worker_concurrent_request	7	target-binding:7	<deployment-ip>		20	1024	4652	1784788192824967656	1784788193386002548	1784788193348000000	561.034892	523.032344	461.683326	461.683326	262144	262207	902fb060a81c368caafcdc10768beda0604bdd238516e6a8cb850e83ee069fbc	4096	ok
reusable-concurrency	compression-derived-random256k-level6-v1	163	163	7905bf449303415785bf4493037157c9	true	true	true	true	RG270.operation=INPUT,RG270.warmed=true	true	false	false		4	target-binding:4	<deployment-ip>		16	1024	4652	1784788193058262573	1784788193633821092	1784788193641999872	575.558519	583.737299	514.887632	514.887632	262144	262207	902fb060a81c368caafcdc10768beda0604bdd238516e6a8cb850e83ee069fbc	4096	ok
reusable-concurrency	compression-derived-random256k-level6-v1	164	164	13f1a5b80ae841f8b1a5b80ae881f8b4	true	true	true	true	RG270.operation=INPUT,RG270.warmed=true	false	true	true	excluded_same_worker_concurrent_request	5	target-binding:5	<deployment-ip>		84	1024	4652	1784788193298554633	1784788193880492309	1784788193913000192	581.937676	614.445559	464.723837	464.723837	262144	262207	902fb060a81c368caafcdc10768beda0604bdd238516e6a8cb850e83ee069fbc	4096	ok
reusable-concurrency	compression-derived-random256k-level6-v1	165	165	5366f99f515345e3a6f99f515365e37e	true	true	true	true	RG270.operation=INPUT,RG270.warmed=true	false	true	true	excluded_same_worker_concurrent_request	7	target-binding:7	<deployment-ip>		18	1024	4652	1784788193400888606	1784788193991676162	1784788193996000000	590.787556	595.111394	527.963615	527.963615	262144	262207	902fb060a81c368caafcdc10768beda0604bdd238516e6a8cb850e83ee069fbc	4096	ok
reusable-concurrency	compression-derived-random256k-level6-v1	166	166	d0402b34c86547d6802b34c86547d692	true	true	true	true	RG270.operation=INPUT,RG270.warmed=true	true	false	false		4	target-binding:4	<deployment-ip>		12	1024	4652	1784788193853575689	1784788194418325854	1784788194412000000	564.750165	558.424311	496.806261	496.806261	262144	262207	902fb060a81c368caafcdc10768beda0604bdd238516e6a8cb850e83ee069fbc	4096	ok
reusable-concurrency	compression-derived-random256k-level6-v1	167	167	aefb700179ad4de8bb700179ad4de86c	true	true	true	true	RG270.operation=INPUT,RG270.warmed=true	false	true	true	excluded_same_worker_concurrent_request	5	target-binding:5	<deployment-ip>		21	1024	4652	1784788194010272214	1784788194649157148	1784788194619000064	638.884934	608.72785	538.411534	538.411534	262144	262207	902fb060a81c368caafcdc10768beda0604bdd238516e6a8cb850e83ee069fbc	4096	ok
reusable-concurrency	compression-derived-random256k-level6-v1	168	168	84a90c76ded24b1aa90c76ded28b1a10	true	true	true	true	RG270.operation=INPUT,RG270.warmed=true	false	true	true	excluded_same_worker_concurrent_request	7	target-binding:7	<deployment-ip>		9	1024	4651	1784788194147445840	1784788194699931000	1784788194696999936	552.48516	549.554096	506.552466	506.552466	262144	262207	902fb060a81c368caafcdc10768beda0604bdd238516e6a8cb850e83ee069fbc	4096	ok
reusable-concurrency	compression-derived-random256k-level6-v1	169	169	150f918287f2470e8f918287f2270e29	true	true	true	true	RG270.operation=INPUT,RG270.warmed=true	true	false	false		4	target-binding:4	<deployment-ip>		53	1024	4652	1784788194431897606	1784788195044130613	1784788195053999872	612.233007	622.102266	488.022362	488.022362	262144	262207	902fb060a81c368caafcdc10768beda0604bdd238516e6a8cb850e83ee069fbc	4096	ok
reusable-concurrency	compression-derived-random256k-level6-v1	170	170	83feb31ba9e8447cbeb31ba9e8647c8f	true	true	true	true	RG270.operation=INPUT,RG270.warmed=true	false	true	true	excluded_same_worker_concurrent_request	5	target-binding:5	<deployment-ip>		50	1024	4652	1784788194664964785	1784788195327099924	1784788195318000128	662.135139	653.035343	536.098077	536.098077	262144	262207	902fb060a81c368caafcdc10768beda0604bdd238516e6a8cb850e83ee069fbc	4096	ok
reusable-concurrency	compression-derived-random256k-level6-v1	171	171	fe9e17aa35b044f29e17aa35b024f243	true	true	true	true	RG270.operation=INPUT,RG270.warmed=true	false	true	true	excluded_same_worker_concurrent_request	7	target-binding:7	<deployment-ip>		19	1024	4652	1784788194747127811	1784788195329017756	1784788195435000064	581.889945	687.872253	524.605542	524.605542	262144	262207	902fb060a81c368caafcdc10768beda0604bdd238516e6a8cb850e83ee069fbc	4096	ok
reusable-concurrency	compression-derived-random256k-level6-v1	172	172	cc0c5c9626d54de98c5c9626d50de90e	true	true	true	true	RG270.operation=INPUT,RG270.warmed=true	true	false	false		4	target-binding:4	<deployment-ip>		31	1024	4652	1784788195275292176	1784788195826932304	1784788195839000064	551.640128	563.707888	487.24756	487.24756	262144	262207	902fb060a81c368caafcdc10768beda0604bdd238516e6a8cb850e83ee069fbc	4096	ok
reusable-concurrency	compression-derived-random256k-level6-v1	173	173	fdbfba7f8b944270bfba7f8b94e27054	true	true	true	true	RG270.operation=INPUT,RG270.warmed=true	false	true	true	excluded_same_worker_concurrent_request	5	target-binding:5	<deployment-ip>		39	1024	4652	1784788195395137460	1784788196015009870	1784788196027000064	619.87241	631.862604	534.182694	534.182694	262144	262207	902fb060a81c368caafcdc10768beda0604bdd238516e6a8cb850e83ee069fbc	4096	ok
reusable-concurrency	compression-derived-random256k-level6-v1	174	174	1ee8d98348d34c8aa8d98348d3ec8af9	true	true	true	true	RG270.operation=INPUT,RG270.warmed=true	false	true	true	excluded_same_worker_concurrent_request	7	target-binding:7	<deployment-ip>		11	1024	4652	1784788195650591774	1784788196231678819	1784788196240000000	581.087045	589.408226	538.664859	538.664859	262144	262207	902fb060a81c368caafcdc10768beda0604bdd238516e6a8cb850e83ee069fbc	4096	ok
reusable-concurrency	compression-derived-random256k-level6-v1	175	175	cb6a01f4b249457caa01f4b249957c3a	true	true	true	true	RG270.operation=INPUT,RG270.warmed=true	true	false	false		4	target-binding:4	<deployment-ip>		14	1024	4652	1784788196028058892	1784788196554628397	1784788196569999872	526.569505	541.94098	488.408181	488.408181	262144	262207	902fb060a81c368caafcdc10768beda0604bdd238516e6a8cb850e83ee069fbc	4096	ok
reusable-concurrency	compression-derived-random256k-level6-v1	176	176	206151eb18d44f79a151eb18d40f795c	true	true	true	true	RG270.operation=INPUT,RG270.warmed=true	false	true	true	excluded_same_worker_concurrent_request	5	target-binding:5	<deployment-ip>		10	1024	4652	1784788196076686463	1784788196682503309	1784788196690000128	605.816846	613.313665	563.861604	563.861604	262144	262207	902fb060a81c368caafcdc10768beda0604bdd238516e6a8cb850e83ee069fbc	4096	ok
reusable-concurrency	compression-derived-random256k-level6-v1	177	177	027afb6141684ba4bafb6141686ba47e	true	true	true	true	RG270.operation=INPUT,RG270.warmed=true	false	true	true	excluded_same_worker_concurrent_request	7	target-binding:7	<deployment-ip>		9	1024	4651	1784788196255551601	1784788196834979643	1784788196826999808	579.428042	571.448207	525.74214	525.74214	262144	262207	902fb060a81c368caafcdc10768beda0604bdd238516e6a8cb850e83ee069fbc	4096	ok
reusable-concurrency	compression-derived-random256k-level6-v1	178	178	f00ed00589474e8d8ed00589472e8d16	true	true	true	true	RG270.operation=INPUT,RG270.warmed=true	true	false	false		4	target-binding:4	<deployment-ip>		14	1024	4652	1784788196783625490	1784788197320902202	1784788197332999936	537.276712	549.374446	492.678283	492.678283	262144	262207	902fb060a81c368caafcdc10768beda0604bdd238516e6a8cb850e83ee069fbc	4096	ok
reusable-concurrency	compression-derived-random256k-level6-v1	179	179	7e196606312145979966063121559711	true	true	true	true	RG270.operation=INPUT,RG270.warmed=true	false	true	true	excluded_same_worker_concurrent_request	5	target-binding:5	<deployment-ip>		21	1024	4652	1784788196862692601	1784788197437614578	1784788197454999808	574.921977	592.307207	529.87985	529.87985	262144	262207	902fb060a81c368caafcdc10768beda0604bdd238516e6a8cb850e83ee069fbc	4096	ok
reusable-concurrency	compression-derived-random256k-level6-v1	180	180	31875a3535ab4bc2875a3535ab1bc285	true	true	true	true	RG270.operation=INPUT,RG270.warmed=true	false	true	true	excluded_same_worker_concurrent_request	7	target-binding:7	<deployment-ip>		42	1024	4652	1784788196925788548	1784788197558003313	1784788197575000064	632.214765	649.211516	556.116486	556.116486	262144	262207	902fb060a81c368caafcdc10768beda0604bdd238516e6a8cb850e83ee069fbc	4096	ok
reusable-concurrency	compression-derived-random256k-level6-v1	181	181	c3cb3fcb9a744ff48b3fcb9a747ff4d2	true	true	true	true	RG270.operation=INPUT,RG270.warmed=true	true	false	false		4	target-binding:4	<deployment-ip>		14	1024	4652	1784788197551381391	1784788198015428454	1784788198013999872	464.047063	462.618481	401.232052	401.232052	262144	262207	902fb060a81c368caafcdc10768beda0604bdd238516e6a8cb850e83ee069fbc	4096	ok
reusable-concurrency	compression-derived-random256k-level6-v1	182	182	e6c66205807d43b2866205807d13b2dc	true	true	true	true	RG270.operation=INPUT,RG270.warmed=true	false	true	true	excluded_same_worker_concurrent_request	5	target-binding:5	<deployment-ip>		11	1024	4652	1784788197663680584	1784788198236947316	1784788198233999872	573.266732	570.319288	516.847417	516.847417	262144	262207	902fb060a81c368caafcdc10768beda0604bdd238516e6a8cb850e83ee069fbc	4096	ok
reusable-concurrency	compression-derived-random256k-level6-v1	183	183	ae724b3986aa48adb24b3986aae8ad23	true	true	true	true	RG270.operation=INPUT,RG270.warmed=true	false	true	true	excluded_same_worker_concurrent_request	7	target-binding:7	<deployment-ip>		10	1024	4652	1784788197805289782	1784788198368332505	1784788198365999872	563.042723	560.71009	520.701309	520.701309	262144	262207	902fb060a81c368caafcdc10768beda0604bdd238516e6a8cb850e83ee069fbc	4096	ok
reusable-concurrency	compression-derived-random256k-level6-v1	184	184	3e6eabdd382e4425aeabdd382e942549	true	true	true	true	RG270.operation=INPUT,RG270.warmed=true	true	false	false		4	target-binding:4	<deployment-ip>		16	1024	4652	1784788198029169865	1784788198563049452	1784788198566999808	533.879587	537.829943	473.520324	473.520324	262144	262207	902fb060a81c368caafcdc10768beda0604bdd238516e6a8cb850e83ee069fbc	4096	ok
reusable-concurrency	compression-derived-random256k-level6-v1	185	185	cd1190a2ba4b40709190a2ba4b407004	true	true	true	true	RG270.operation=INPUT,RG270.warmed=true	false	true	true	excluded_same_worker_concurrent_request	5	target-binding:5	<deployment-ip>		19	1024	4652	1784788198246937175	1784788198830312122	1784788198835000064	583.374947	588.062889	528.205226	528.205226	262144	262207	902fb060a81c368caafcdc10768beda0604bdd238516e6a8cb850e83ee069fbc	4096	ok
reusable-concurrency	compression-derived-random256k-level6-v1	186	186	a6434e1373e44de0834e1373e4bde04c	true	true	true	true	RG270.operation=INPUT,RG270.warmed=true	false	true	true	excluded_same_worker_concurrent_request	7	target-binding:7	<deployment-ip>		11	1024	4652	1784788198379105109	1784788198954060552	1784788198974999808	574.955443	595.894699	533.926539	533.926539	262144	262207	902fb060a81c368caafcdc10768beda0604bdd238516e6a8cb850e83ee069fbc	4096	ok
reusable-concurrency	compression-derived-random256k-level6-v1	187	187	810e938a7f584e148e938a7f58ee142f	true	true	true	true	RG270.operation=INPUT,RG270.warmed=true	true	false	false		4	target-binding:4	<deployment-ip>		15	1024	4652	1784788198574088731	1784788199106261266	1784788199101000192	532.172535	526.911461	473.831361	473.831361	262144	262207	902fb060a81c368caafcdc10768beda0604bdd238516e6a8cb850e83ee069fbc	4096	ok
reusable-concurrency	compression-derived-random256k-level6-v1	188	188	ac9792bb9a1b4c9a9792bb9a1b6c9afe	true	true	true	true	RG270.operation=INPUT,RG270.warmed=true	false	true	true	excluded_same_worker_concurrent_request	5	target-binding:5	<deployment-ip>		19	1024	4652	1784788198843532489	1784788199467666077	1784788199489000192	624.133588	645.467703	577.69594	577.69594	262144	262207	902fb060a81c368caafcdc10768beda0604bdd238516e6a8cb850e83ee069fbc	4096	ok
reusable-concurrency	compression-derived-random256k-level6-v1	189	189	bc8bc70c6ea54d348bc70c6ea59d342a	true	true	true	true	RG270.operation=INPUT,RG270.warmed=true	false	true	true	excluded_same_worker_concurrent_request	7	target-binding:7	<deployment-ip>		12	1024	4652	1784788198969717525	1784788199551852272	1784788199552000000	582.134747	582.282475	536.02949	536.02949	262144	262207	902fb060a81c368caafcdc10768beda0604bdd238516e6a8cb850e83ee069fbc	4096	ok
reusable-concurrency	compression-derived-random256k-level6-v1	190	190	22821b16cbff4795821b16cbff679573	true	true	true	true	RG270.operation=INPUT,RG270.warmed=true	true	false	false		4	target-binding:4	<deployment-ip>		14	1024	4652	1784788199116796605	1784788199652986449	1784788199668999936	536.189844	552.203331	479.05489	479.05489	262144	262207	902fb060a81c368caafcdc10768beda0604bdd238516e6a8cb850e83ee069fbc	4096	ok
reusable-concurrency	compression-derived-random256k-level6-v1	191	191	30b767ce391b4780b767ce391ba7800a	true	true	true	true	RG270.operation=INPUT,RG270.warmed=true	false	true	true	excluded_same_worker_concurrent_request	5	target-binding:5	<deployment-ip>		18	1024	4652	1784788199573767725	1784788200183929666	1784788200177999872	610.161941	604.232147	539.698373	539.698373	262144	262207	902fb060a81c368caafcdc10768beda0604bdd238516e6a8cb850e83ee069fbc	4096	ok
reusable-concurrency	compression-derived-random256k-level6-v1	192	192	3b64ef71d95941d6a4ef71d95941d6f5	true	true	true	true	RG270.operation=INPUT,RG270.warmed=true	true	false	false		4	target-binding:4	<deployment-ip>		26	1024	4652	1784788199701664206	1784788200270152671	1784788200265000192	568.488465	563.335986	495.979931	495.979931	262144	262207	902fb060a81c368caafcdc10768beda0604bdd238516e6a8cb850e83ee069fbc	4096	ok
reusable-concurrency	compression-derived-random256k-level6-v1	193	193	cb1960f7aeb5427b9960f7aeb5d27b8f	true	true	true	true	RG270.operation=INPUT,RG270.warmed=true	false	true	true	excluded_same_worker_concurrent_request	7	target-binding:7	<deployment-ip>		11	1024	4652	1784788199886876632	1784788200488711314	1784788200499000064	601.834682	612.123432	551.857624	551.857624	262144	262207	902fb060a81c368caafcdc10768beda0604bdd238516e6a8cb850e83ee069fbc	4096	ok
reusable-concurrency	compression-derived-random256k-level6-v1	194	194	e4db8af365bd4a449b8af365bdfa446b	true	true	true	true	RG270.operation=INPUT,RG270.warmed=true	false	true	true	excluded_same_worker_concurrent_request	5	target-binding:5	<deployment-ip>		17	1024	4652	1784788200193886181	1784788200748612962	1784788200747000064	554.726781	553.113883	501.378161	501.378161	262144	262207	902fb060a81c368caafcdc10768beda0604bdd238516e6a8cb850e83ee069fbc	4096	ok
reusable-concurrency	compression-derived-random256k-level6-v1	195	195	bf9b6af4448044459b6af44480e44585	true	true	true	true	RG270.operation=INPUT,RG270.warmed=true	true	false	false		4	target-binding:4	<deployment-ip>		10	1024	4652	1784788200284604152	1784788200833194706	1784788200829999872	548.590554	545.39572	488.039819	488.039819	262144	262207	902fb060a81c368caafcdc10768beda0604bdd238516e6a8cb850e83ee069fbc	4096	ok
reusable-concurrency	compression-derived-random256k-level6-v1	196	196	963ce6ca513c459ebce6ca513c759e4d	true	true	true	true	RG270.operation=INPUT,RG270.warmed=true	false	true	true	excluded_same_worker_concurrent_request	7	target-binding:7	<deployment-ip>		12	1024	4652	1784788200712806388	1784788201287472765	1784788201288000000	574.666377	575.193612	520.034153	520.034153	262144	262207	902fb060a81c368caafcdc10768beda0604bdd238516e6a8cb850e83ee069fbc	4096	ok
reusable-concurrency	compression-derived-random256k-level6-v1	197	197	e3ffd2e3018f4987bfd2e3018f698725	true	true	true	true	RG270.operation=INPUT,RG270.warmed=true	false	true	true	excluded_same_worker_concurrent_request	5	target-binding:5	<deployment-ip>		32	1024	4652	1784788200801931752	1784788201428111710	1784788201444999936	626.179958	643.068184	561.246213	561.246213	262144	262207	902fb060a81c368caafcdc10768beda0604bdd238516e6a8cb850e83ee069fbc	4096	ok
reusable-concurrency	compression-derived-random256k-level6-v1	198	198	eb9fa0b209fe48719fa0b209feb8719c	true	true	true	true	RG270.operation=INPUT,RG270.warmed=true	true	false	false		4	target-binding:4	<deployment-ip>		11	1024	4652	1784788200870257918	1784788201395136847	1784788201428999936	524.878929	558.742018	488.16812	488.16812	262144	262207	902fb060a81c368caafcdc10768beda0604bdd238516e6a8cb850e83ee069fbc	4096	ok
reusable-concurrency	compression-derived-random256k-level6-v1	199	199	d171930a26424b7fb1930a26420b7f89	true	true	true	true	RG270.operation=INPUT,RG270.warmed=true	false	true	true	excluded_same_worker_concurrent_request	7	target-binding:7	<deployment-ip>		15	1024	4652	1784788201299814583	1784788201884284956	1784788201888000000	584.470373	588.185417	528.830814	528.830814	262144	262207	902fb060a81c368caafcdc10768beda0604bdd238516e6a8cb850e83ee069fbc	4096	ok
reusable-concurrency	compression-derived-random256k-level6-v1	200	200	69f0215fcfa24b97b0215fcfa27b97d4	true	true	true	true	RG270.operation=INPUT,RG270.warmed=true	true	false	false		4	target-binding:4	<deployment-ip>		11	1024	4652	1784788201620390433	1784788202141354795	1784788202157999872	520.964362	537.609439	486.421928	486.421928	262144	262207	902fb060a81c368caafcdc10768beda0604bdd238516e6a8cb850e83ee069fbc	4096	ok
reusable-concurrency	compression-derived-random256k-level6-v1	201	201	33b34d0d922c4759b34d0d922c37590c	true	true	true	true	RG270.operation=INPUT,RG270.warmed=true	false	true	true	excluded_same_worker_concurrent_request	5	target-binding:5	<deployment-ip>		9	1024	4651	1784788201679437824	1784788202247269899	1784788202260000000	567.832075	580.562176	530.612264	530.612264	262144	262207	902fb060a81c368caafcdc10768beda0604bdd238516e6a8cb850e83ee069fbc	4096	ok
reusable-concurrency	compression-derived-random256k-level6-v1	202	202	ca2f98480ac247d8af98480ac217d80c	true	true	true	true	RG270.operation=INPUT,RG270.warmed=true	false	true	true	excluded_same_worker_concurrent_request	7	target-binding:7	<deployment-ip>		11	1024	4652	1784788201903692649	1784788202485317788	1784788202493999872	581.625139	590.307223	522.9094	522.9094	262144	262207	902fb060a81c368caafcdc10768beda0604bdd238516e6a8cb850e83ee069fbc	4096	ok
reusable-concurrency	compression-derived-random256k-level6-v1	203	203	52d0cf379b3948d590cf379b3958d511	true	true	true	true	RG270.operation=INPUT,RG270.warmed=true	true	false	false		4	target-binding:4	<deployment-ip>		13	1024	4652	1784788202364282389	1784788202894744824	1784788202894000128	530.462435	529.717739	486.001025	486.001025	262144	262207	902fb060a81c368caafcdc10768beda0604bdd238516e6a8cb850e83ee069fbc	4096	ok
reusable-concurrency	compression-derived-random256k-level6-v1	204	204	e406a3c4477b4e7d86a3c4477bde7d42	true	true	true	true	RG270.operation=INPUT,RG270.warmed=true	false	true	true	excluded_same_worker_concurrent_request	5	target-binding:5	<deployment-ip>		35	1024	4652	1784788202465603201	1784788203090137261	1784788203088999936	624.53406	623.396735	542.430844	542.430844	262144	262207	902fb060a81c368caafcdc10768beda0604bdd238516e6a8cb850e83ee069fbc	4096	ok
reusable-concurrency	compression-derived-random256k-level6-v1	205	205	d090eb951bef4ce390eb951bef7ce383	true	true	true	true	RG270.operation=INPUT,RG270.warmed=true	false	true	true	excluded_same_worker_concurrent_request	7	target-binding:7	<deployment-ip>		28	1024	4652	1784788202540289778	1784788203152870028	1784788203136000000	612.58025	595.710222	529.060435	529.060435	262144	262207	902fb060a81c368caafcdc10768beda0604bdd238516e6a8cb850e83ee069fbc	4096	ok
reusable-concurrency	compression-derived-random256k-level6-v1	206	206	c88092c5e7a34aa18092c5e7a37aa170	true	true	true	true	RG270.operation=INPUT,RG270.warmed=true	true	false	false		4	target-binding:4	<deployment-ip>		21	1024	4652	1784788202908079854	1784788203480982564	1784788203499000064	572.90271	590.92021	519.033804	519.033804	262144	262207	902fb060a81c368caafcdc10768beda0604bdd238516e6a8cb850e83ee069fbc	4096	ok
reusable-concurrency	compression-derived-random256k-level6-v1	207	207	2b5950677ac046319950677ac0d631af	true	true	true	true	RG270.operation=INPUT,RG270.warmed=true	false	true	true	excluded_same_worker_concurrent_request	5	target-binding:5	<deployment-ip>		35	1024	4652	1784788203101424521	1784788203712377904	1784788203721999872	610.953383	620.575351	544.161352	544.161352	262144	262207	902fb060a81c368caafcdc10768beda0604bdd238516e6a8cb850e83ee069fbc	4096	ok
reusable-concurrency	compression-derived-random256k-level6-v1	208	208	1b6fff809eed4ceaafff809eed0ceaeb	true	true	true	true	RG270.operation=INPUT,RG270.warmed=true	false	true	true	excluded_same_worker_concurrent_request	7	target-binding:7	<deployment-ip>		16	1024	4652	1784788203229870189	1784788203817550066	1784788203812000000	587.679877	582.129811	525.234383	525.234383	262144	262207	902fb060a81c368caafcdc10768beda0604bdd238516e6a8cb850e83ee069fbc	4096	ok
reusable-concurrency	compression-derived-random256k-level6-v1	209	209	24052592e00b4221852592e00bb221a5	true	true	true	true	RG270.operation=INPUT,RG270.warmed=true	true	false	false		4	target-binding:4	<deployment-ip>		18	1024	4652	1784788203705666961	1784788204254577880	1784788204253999872	548.910919	548.332911	488.19105	488.19105	262144	262207	902fb060a81c368caafcdc10768beda0604bdd238516e6a8cb850e83ee069fbc	4096	ok
reusable-concurrency	compression-derived-random256k-level6-v1	210	210	9e86d8025b27464186d8025b27a6418c	true	true	true	true	RG270.operation=INPUT,RG270.warmed=true	false	true	true	excluded_same_worker_concurrent_request	5	target-binding:5	<deployment-ip>		13	1024	4652	1784788203774321634	1784788204337952937	1784788204360000000	563.631303	585.678366	523.660354	523.660354	262144	262207	902fb060a81c368caafcdc10768beda0604bdd238516e6a8cb850e83ee069fbc	4096	ok
reusable-concurrency	compression-derived-random256k-level6-v1	211	211	94cbe2f933b4405c8be2f933b4005c7d	true	true	true	true	RG270.operation=INPUT,RG270.warmed=true	false	true	true	excluded_same_worker_concurrent_request	7	target-binding:7	<deployment-ip>		8	1024	4651	1784788203853463216	1784788204448649348	1784788204451000064	595.186132	597.536848	546.839732	546.839732	262144	262207	902fb060a81c368caafcdc10768beda0604bdd238516e6a8cb850e83ee069fbc	4096	ok
reusable-concurrency	compression-derived-random256k-level6-v1	212	212	881136e914664dc79136e914665dc725	true	true	true	true	RG270.operation=INPUT,RG270.warmed=true	true	false	false		4	target-binding:4	<deployment-ip>		14	1024	4652	1784788204273047197	1784788204801564822	1784788204816999936	528.517625	543.952739	484.095529	484.095529	262144	262207	902fb060a81c368caafcdc10768beda0604bdd238516e6a8cb850e83ee069fbc	4096	ok
reusable-concurrency	compression-derived-random256k-level6-v1	213	213	08c26a13e22b4065826a13e22bf065d0	true	true	true	true	RG270.operation=INPUT,RG270.warmed=true	false	true	true	excluded_same_worker_concurrent_request	5	target-binding:5	<deployment-ip>		15	1024	4652	1784788204383479813	1784788205006353283	1784788205024000000	622.87347	640.520187	571.404357	571.404357	262144	262207	902fb060a81c368caafcdc10768beda0604bdd238516e6a8cb850e83ee069fbc	4096	ok
reusable-concurrency	compression-derived-random256k-level6-v1	214	214	0c9372301c08499a9372301c08699a78	true	true	true	true	RG270.operation=INPUT,RG270.warmed=true	false	true	true	excluded_same_worker_concurrent_request	7	target-binding:7	<deployment-ip>		9	1024	4651	1784788204464649154	1784788204946836913	1784788204960000000	482.187759	495.350846	446.344481	446.344481	262144	262207	902fb060a81c368caafcdc10768beda0604bdd238516e6a8cb850e83ee069fbc	4096	ok
reusable-concurrency	compression-derived-random256k-level6-v1	215	215	2068e4aebe494120a8e4aebe49a12052	true	true	true	true	RG270.operation=INPUT,RG270.warmed=true	true	false	false		4	target-binding:4	<deployment-ip>		19	1024	4652	1784788205031957589	1784788205569903779	1784788205588000000	537.94619	556.042411	486.840736	486.840736	262144	262207	902fb060a81c368caafcdc10768beda0604bdd238516e6a8cb850e83ee069fbc	4096	ok
reusable-concurrency	compression-derived-random256k-level6-v1	216	216	5f024f749a72497f824f749a72497fc9	true	true	true	true	RG270.operation=INPUT,RG270.warmed=true	false	true	true	excluded_same_worker_concurrent_request	5	target-binding:5	<deployment-ip>		13	1024	4652	1784788205165467156	1784788205720504672	1784788205729000192	555.037516	563.533036	512.959917	512.959917	262144	262207	902fb060a81c368caafcdc10768beda0604bdd238516e6a8cb850e83ee069fbc	4096	ok
reusable-concurrency	compression-derived-random256k-level6-v1	217	217	4245638f9b874e2885638f9b87be2876	true	true	true	true	RG270.operation=INPUT,RG270.warmed=true	false	true	true	excluded_same_worker_concurrent_request	7	target-binding:7	<deployment-ip>		10	1024	4652	1784788205241102501	1784788205794404796	1784788205808000000	553.302295	566.897499	514.674888	514.674888	262144	262207	902fb060a81c368caafcdc10768beda0604bdd238516e6a8cb850e83ee069fbc	4096	ok
reusable-concurrency	compression-derived-random256k-level6-v1	218	218	1b5a82e9ba734e1b9a82e9ba731e1b95	true	true	true	true	RG270.operation=INPUT,RG270.warmed=true	true	false	false		4	target-binding:4	<deployment-ip>		13	1024	4652	1784788205736261144	1784788206316863130	1784788206332000000	580.601986	595.738856	533.467615	533.467615	262144	262207	902fb060a81c368caafcdc10768beda0604bdd238516e6a8cb850e83ee069fbc	4096	ok
reusable-concurrency	compression-derived-random256k-level6-v1	219	219	5f81e4eb51c74a5981e4eb51c71a5988	true	true	true	true	RG270.operation=INPUT,RG270.warmed=true	false	true	true	excluded_same_worker_concurrent_request	5	target-binding:5	<deployment-ip>		14	1024	4652	1784788205814484854	1784788206375783772	1784788206375000064	561.298918	560.51521	515.476527	515.476527	262144	262207	902fb060a81c368caafcdc10768beda0604bdd238516e6a8cb850e83ee069fbc	4096	ok
reusable-concurrency	compression-derived-random256k-level6-v1	220	220	fa5f0fbc53494df99f0fbc53492df9f2	true	true	true	true	RG270.operation=INPUT,RG270.warmed=true	false	true	true	excluded_same_worker_concurrent_request	7	target-binding:7	<deployment-ip>		22	1024	4652	1784788205814921798	1784788206395711983	1784788206464000000	580.790185	649.078202	526.588488	526.588488	262144	262207	902fb060a81c368caafcdc10768beda0604bdd238516e6a8cb850e83ee069fbc	4096	ok
reusable-concurrency	compression-derived-random256k-level6-v1	221	221	956f0eb7d0de4465af0eb7d0ded465b2	true	true	true	true	RG270.operation=INPUT,RG270.warmed=true	true	false	false		4	target-binding:4	<deployment-ip>		22	1024	4652	1784788206403009162	1784788206951118086	1784788206963000064	548.108924	559.990902	485.920071	485.920071	262144	262207	902fb060a81c368caafcdc10768beda0604bdd238516e6a8cb850e83ee069fbc	4096	ok
reusable-concurrency	compression-derived-random256k-level6-v1	222	222	6dabcedcd8c042d1abcedcd8c002d16f	true	true	true	true	RG270.operation=INPUT,RG270.warmed=true	false	true	true	excluded_same_worker_concurrent_request	5	target-binding:5	<deployment-ip>		10	1024	4652	1784788206543797344	1784788207030836211	1784788207043000064	487.038867	499.20272	415.107758	415.107758	262144	262207	902fb060a81c368caafcdc10768beda0604bdd238516e6a8cb850e83ee069fbc	4096	ok
reusable-concurrency	compression-derived-random256k-level6-v1	223	223	d1dfda9c90fa49a79fda9c90fa19a736	true	true	true	true	RG270.operation=INPUT,RG270.warmed=true	false	true	true	excluded_same_worker_concurrent_request	7	target-binding:7	<deployment-ip>		11	1024	4652	1784788206641336594	1784788207238217031	1784788207248000000	596.880437	606.663406	548.224339	548.224339	262144	262207	902fb060a81c368caafcdc10768beda0604bdd238516e6a8cb850e83ee069fbc	4096	ok
reusable-concurrency	compression-derived-random256k-level6-v1	224	224	046eb55351c04c27aeb55351c02c2700	true	true	true	true	RG270.operation=INPUT,RG270.warmed=true	true	false	false		4	target-binding:4	<deployment-ip>		16	1024	4652	1784788206969325813	1784788207566480524	1784788207572000000	597.154711	602.674187	536.960611	536.960611	262144	262207	902fb060a81c368caafcdc10768beda0604bdd238516e6a8cb850e83ee069fbc	4096	ok
reusable-concurrency	compression-derived-random256k-level6-v1	225	225	3cb475b698f5452fb475b698f5452f32	true	true	true	true	RG270.operation=INPUT,RG270.warmed=true	false	true	true	excluded_same_worker_concurrent_request	5	target-binding:5	<deployment-ip>		11	1024	4652	1784788207066036878	1784788207643836654	1784788207648000000	577.799776	581.963122	533.527849	533.527849	262144	262207	902fb060a81c368caafcdc10768beda0604bdd238516e6a8cb850e83ee069fbc	4096	ok
reusable-concurrency	compression-derived-random256k-level6-v1	226	226	f3c8bcd9c31b4bc588bcd9c31b5bc54c	true	true	true	true	RG270.operation=INPUT,RG270.warmed=true	false	true	true	excluded_same_worker_concurrent_request	7	target-binding:7	<deployment-ip>		22	1024	4652	1784788207252888449	1784788207726051908	1784788207744000000	473.163459	491.111551	416.766808	416.766808	262144	262207	902fb060a81c368caafcdc10768beda0604bdd238516e6a8cb850e83ee069fbc	4096	ok
reusable-concurrency	compression-derived-random256k-level6-v1	227	227	3282ce3dea6a46cf82ce3dea6a86cf67	true	true	true	true	RG270.operation=INPUT,RG270.warmed=true	true	false	false		4	target-binding:4	<deployment-ip>		11	1024	4652	1784788207578375391	1784788208097871278	1784788208104000000	519.495887	525.624609	479.342747	479.342747	262144	262207	902fb060a81c368caafcdc10768beda0604bdd238516e6a8cb850e83ee069fbc	4096	ok
reusable-concurrency	compression-derived-random256k-level6-v1	228	228	76454783c2df4bc2854783c2dfdbc258	true	true	true	true	RG270.operation=INPUT,RG270.warmed=true	false	true	true	excluded_same_worker_concurrent_request	5	target-binding:5	<deployment-ip>		12	1024	4652	1784788207661841498	1784788208193438305	1784788208198999808	531.596807	537.15831	489.05267	489.05267	262144	262207	902fb060a81c368caafcdc10768beda0604bdd238516e6a8cb850e83ee069fbc	4096	ok
reusable-concurrency	compression-derived-random256k-level6-v1	229	229	7050d6f09a99451290d6f09a999512b3	true	true	true	true	RG270.operation=INPUT,RG270.warmed=true	false	true	true	excluded_same_worker_concurrent_request	7	target-binding:7	<deployment-ip>		13	1024	4652	1784788207964759503	1784788208617269135	1784788208621999872	652.509632	657.240369	604.743093	604.743093	262144	262207	902fb060a81c368caafcdc10768beda0604bdd238516e6a8cb850e83ee069fbc	4096	ok
reusable-concurrency	compression-derived-random256k-level6-v1	230	230	af7698af51f74135b698af51f7113515	true	true	true	true	RG270.operation=INPUT,RG270.warmed=true	false	true	false	excluded_same_worker_concurrent_request	4	target-binding:4	<deployment-ip>		17	1024	4652	1784788208112291883	1784788208654100535	1784788208663000064	541.808652	550.708181	480.187426	480.187426	262144	262207	902fb060a81c368caafcdc10768beda0604bdd238516e6a8cb850e83ee069fbc	4096	ok
reusable-concurrency	compression-derived-random256k-level6-v1	231	231	eb3c64f681d94d3bbc64f681d9ed3bc5	true	true	true	true	RG270.operation=INPUT,RG270.warmed=true	false	true	true	excluded_same_worker_concurrent_request	5	target-binding:5	<deployment-ip>		14	1024	4652	1784788208218770570	1784788208756627829	1784788208808000000	537.857259	589.22943	493.591493	493.591493	262144	262207	902fb060a81c368caafcdc10768beda0604bdd238516e6a8cb850e83ee069fbc	4096	ok
reusable-concurrency	compression-derived-random256k-level6-v1	232	232	98c43e78b26f444c843e78b26fb44c2c	true	true	true	true	RG270.operation=INPUT,RG270.warmed=true	false	true	false	excluded_same_worker_concurrent_request	4	target-binding:4	<deployment-ip>		32	1024	4652	1784788208636909651	1784788209192139131	1784788209188999936	555.22948	552.090285	472.325698	472.325698	262144	262207	902fb060a81c368caafcdc10768beda0604bdd238516e6a8cb850e83ee069fbc	4096	ok
reusable-concurrency	compression-derived-random256k-level6-v1	233	233	669cdf5fd9a942569cdf5fd9a9325676	true	true	true	true	RG270.operation=INPUT,RG270.warmed=true	false	true	true	excluded_same_worker_concurrent_request	5	target-binding:5	<deployment-ip>		12	1024	4652	1784788208781536944	1784788209332995963	1784788209344000000	551.459019	562.463056	515.904196	515.904196	262144	262207	902fb060a81c368caafcdc10768beda0604bdd238516e6a8cb850e83ee069fbc	4096	ok
reusable-concurrency	compression-derived-random256k-level6-v1	234	234	da0dd4d329ce42658dd4d329cef26542	true	true	true	true	RG270.operation=INPUT,RG270.warmed=true	false	true	true	excluded_same_worker_concurrent_request	7	target-binding:7	<deployment-ip>		18	1024	4652	1784788209013871821	1784788209603752031	1784788209601000192	589.88021	587.128371	523.360247	523.360247	262144	262207	902fb060a81c368caafcdc10768beda0604bdd238516e6a8cb850e83ee069fbc	4096	ok
reusable-concurrency	compression-derived-random256k-level6-v1	235	235	2f7e96dc0e4e4a23be96dc0e4e5a2335	true	true	true	true	RG270.operation=INPUT,RG270.warmed=true	true	false	false		4	target-binding:4	<deployment-ip>		10	1024	4652	1784788209218448428	1784788209769366317	1784788209767000064	550.917889	548.551636	496.85734	496.85734	262144	262207	902fb060a81c368caafcdc10768beda0604bdd238516e6a8cb850e83ee069fbc	4096	ok
reusable-concurrency	compression-derived-random256k-level6-v1	236	236	8f9bbedcc7934ba39bbedcc7932ba3b7	true	true	true	true	RG270.operation=INPUT,RG270.warmed=true	false	true	true	excluded_same_worker_concurrent_request	5	target-binding:5	<deployment-ip>		12	1024	4652	1784788209354283933	1784788209913737294	1784788209915000064	559.453361	560.716131	510.09797	510.09797	262144	262207	902fb060a81c368caafcdc10768beda0604bdd238516e6a8cb850e83ee069fbc	4096	ok
reusable-concurrency	compression-derived-random256k-level6-v1	237	237	eeeeeb9aa5674786aeeb9aa567778675	true	true	true	true	RG270.operation=INPUT,RG270.warmed=true	false	true	true	excluded_same_worker_concurrent_request	7	target-binding:7	<deployment-ip>		12	1024	4652	1784788209613272979	1784788210326643293	1784788210329999872	713.370314	716.726893	666.277213	666.277213	262144	262207	902fb060a81c368caafcdc10768beda0604bdd238516e6a8cb850e83ee069fbc	4096	ok
reusable-concurrency	compression-derived-random256k-level6-v1	238	238	addf4966bb5d49079f4966bb5d590766	true	true	true	true	RG270.operation=INPUT,RG270.warmed=true	false	true	false	excluded_same_worker_concurrent_request	4	target-binding:4	<deployment-ip>		32	1024	4652	1784788209785349650	1784788210360253577	1784788210374000128	574.903927	588.650478	490.656134	490.656134	262144	262207	902fb060a81c368caafcdc10768beda0604bdd238516e6a8cb850e83ee069fbc	4096	ok
reusable-concurrency	compression-derived-random256k-level6-v1	239	239	65fbda38eb0a4f11bbda38eb0a1f11fd	true	true	true	true	RG270.operation=INPUT,RG270.warmed=true	false	true	true	excluded_same_worker_concurrent_request	5	target-binding:5	<deployment-ip>		15	1024	4652	1784788209933412096	1784788210620440732	1784788210618000128	687.028636	684.588032	634.843046	634.843046	262144	262207	902fb060a81c368caafcdc10768beda0604bdd238516e6a8cb850e83ee069fbc	4096	ok
reusable-concurrency	compression-derived-random256k-level6-v1	240	240	6777ebe429854795b7ebe429853795ab	true	true	true	true	RG270.operation=INPUT,RG270.warmed=true	false	true	false	excluded_same_worker_concurrent_request	4	target-binding:4	<deployment-ip>		22	1024	4652	1784788210345861683	1784788210797260816	1784788210796000000	451.399133	450.138317	370.294703	370.294703	262144	262207	902fb060a81c368caafcdc10768beda0604bdd238516e6a8cb850e83ee069fbc	4096	ok
reusable-concurrency	compression-derived-random256k-level6-v1	241	241	8e860220ba9846b0860220ba9806b0f6	true	true	true	true	RG270.operation=INPUT,RG270.warmed=true	false	true	true	excluded_same_worker_concurrent_request	7	target-binding:7	<deployment-ip>		11	1024	4652	1784788210442002918	1784788211039421173	1784788211036999936	597.418255	594.997018	538.321206	538.321206	262144	262207	902fb060a81c368caafcdc10768beda0604bdd238516e6a8cb850e83ee069fbc	4096	ok
reusable-concurrency	compression-derived-random256k-level6-v1	242	242	29967fa653424211967fa65342021188	true	true	true	true	RG270.operation=INPUT,RG270.warmed=true	false	true	true	excluded_same_worker_concurrent_request	5	target-binding:5	<deployment-ip>		11	1024	4652	1784788210629386781	1784788211166493606	1784788211164999936	537.106825	535.613155	476.112109	476.112109	262144	262207	902fb060a81c368caafcdc10768beda0604bdd238516e6a8cb850e83ee069fbc	4096	ok
reusable-concurrency	compression-derived-random256k-level6-v1	243	243	4a51cd6691fa482a91cd6691faf82a65	true	true	true	true	RG270.operation=INPUT,RG270.warmed=true	true	false	false		4	target-binding:4	<deployment-ip>		11	1024	4652	1784788210807448235	1784788211386177700	1784788211403000064	578.729465	595.551829	542.06501	542.06501	262144	262207	902fb060a81c368caafcdc10768beda0604bdd238516e6a8cb850e83ee069fbc	4096	ok
reusable-concurrency	compression-derived-random256k-level6-v1	244	244	a97aed5cdc0c4440baed5cdc0c3440f3	true	true	true	true	RG270.operation=INPUT,RG270.warmed=true	false	true	true	excluded_same_worker_concurrent_request	7	target-binding:7	<deployment-ip>		12	1024	4652	1784788211050005891	1784788211634711776	1784788211640999936	584.705885	590.994045	537.415492	537.415492	262144	262207	902fb060a81c368caafcdc10768beda0604bdd238516e6a8cb850e83ee069fbc	4096	ok
reusable-concurrency	compression-derived-random256k-level6-v1	245	245	63a51f82037d483aa51f82037d183ad9	true	true	true	true	RG270.operation=INPUT,RG270.warmed=true	false	true	true	excluded_same_worker_concurrent_request	5	target-binding:5	<deployment-ip>		8	1024	4651	1784788211174972771	1784788211759417491	1784788211766000128	584.44472	591.027357	533.343322	533.343322	262144	262207	902fb060a81c368caafcdc10768beda0604bdd238516e6a8cb850e83ee069fbc	4096	ok
reusable-concurrency	compression-derived-random256k-level6-v1	246	246	93f9dbe24e164819b9dbe24e1688196f	true	true	true	true	RG270.operation=INPUT,RG270.warmed=true	true	false	false		4	target-binding:4	<deployment-ip>		10	1024	4652	1784788211607340632	1784788212136061850	1784788212144000000	528.721218	536.659368	493.520723	493.520723	262144	262207	902fb060a81c368caafcdc10768beda0604bdd238516e6a8cb850e83ee069fbc	4096	ok
reusable-concurrency	compression-derived-random256k-level6-v1	247	247	545e8e9bcb7a40f49e8e9bcb7a80f406	true	true	true	true	RG270.operation=INPUT,RG270.warmed=true	false	true	true	excluded_same_worker_concurrent_request	7	target-binding:7	<deployment-ip>		8	1024	4651	1784788211691604642	1784788212271078564	1784788212268999936	579.473922	577.395294	533.455633	533.455633	262144	262207	902fb060a81c368caafcdc10768beda0604bdd238516e6a8cb850e83ee069fbc	4096	ok
reusable-concurrency	compression-derived-random256k-level6-v1	248	248	f6e8f850b87748eba8f850b87778eb14	true	true	true	true	RG270.operation=INPUT,RG270.warmed=true	false	true	true	excluded_same_worker_concurrent_request	5	target-binding:5	<deployment-ip>		20	1024	4652	1784788211778672300	1784788212365944216	1784788212379000064	587.271916	600.327764	530.484547	530.484547	262144	262207	902fb060a81c368caafcdc10768beda0604bdd238516e6a8cb850e83ee069fbc	4096	ok
reusable-concurrency	compression-derived-random256k-level6-v1	249	249	062e149d3cf14e66ae149d3cf1de6683	true	true	true	true	RG270.operation=INPUT,RG270.warmed=true	true	false	false		4	target-binding:4	<deployment-ip>		17	1024	4652	1784788212156570815	1784788212641987848	1784788212653000192	485.417033	496.429377	443.233595	443.233595	262144	262207	902fb060a81c368caafcdc10768beda0604bdd238516e6a8cb850e83ee069fbc	4096	ok
reusable-concurrency	compression-derived-random256k-level6-v1	250	250	ef5fbba3127642109fbba3127642102e	true	true	true	true	RG270.operation=INPUT,RG270.warmed=true	false	true	true	excluded_same_worker_concurrent_request	7	target-binding:7	<deployment-ip>		14	1024	4652	1784788212282408292	1784788212885761855	1784788212898000128	603.353563	615.591836	555.615717	555.615717	262144	262207	902fb060a81c368caafcdc10768beda0604bdd238516e6a8cb850e83ee069fbc	4096	ok
reusable-concurrency	compression-derived-random256k-level6-v1	251	251	868f5ddd12d4421e8f5ddd12d4e21e56	true	true	true	true	RG270.operation=INPUT,RG270.warmed=true	false	true	true	excluded_same_worker_concurrent_request	5	target-binding:5	<deployment-ip>		9	1024	4651	1784788212383119945	1784788212973836572	1784788212991000064	590.716627	607.880119	537.977945	537.977945	262144	262207	902fb060a81c368caafcdc10768beda0604bdd238516e6a8cb850e83ee069fbc	4096	ok
reusable-concurrency	compression-derived-random256k-level6-v1	252	252	e25a6980abcf45069a6980abcf35067d	true	true	true	true	RG270.operation=INPUT,RG270.warmed=true	true	false	false		4	target-binding:4	<deployment-ip>		14	1024	4652	1784788212657424874	1784788213181968846	1784788213187000064	524.543972	529.57519	479.210075	479.210075	262144	262207	902fb060a81c368caafcdc10768beda0604bdd238516e6a8cb850e83ee069fbc	4096	ok
reusable-concurrency	compression-derived-random256k-level6-v1	253	253	166279202512420fa279202512820fe4	true	true	true	true	RG270.operation=INPUT,RG270.warmed=true	false	true	true	excluded_same_worker_concurrent_request	7	target-binding:7	<deployment-ip>		8	1024	4651	1784788212901706249	1784788213511040180	1784788213512000000	609.333931	610.293751	554.500514	554.500514	262144	262207	902fb060a81c368caafcdc10768beda0604bdd238516e6a8cb850e83ee069fbc	4096	ok
reusable-concurrency	compression-derived-random256k-level6-v1	254	254	1451cf96ac15413991cf96ac154139a7	true	true	true	true	RG270.operation=INPUT,RG270.warmed=true	false	true	true	excluded_same_worker_concurrent_request	5	target-binding:5	<deployment-ip>		18	1024	4652	1784788213018375267	1784788213631610607	1784788213630000128	613.23534	611.624861	547.376717	547.376717	262144	262207	902fb060a81c368caafcdc10768beda0604bdd238516e6a8cb850e83ee069fbc	4096	ok
reusable-concurrency	compression-derived-random256k-level6-v1	255	255	6d3b7b9566a64c1dbb7b9566a67c1d1c	true	true	true	true	RG270.operation=INPUT,RG270.warmed=true	true	false	false		4	target-binding:4	<deployment-ip>		12	1024	4652	1784788213197728248	1784788213728506894	1784788213731000064	530.778646	533.271816	485.934222	485.934222	262144	262207	902fb060a81c368caafcdc10768beda0604bdd238516e6a8cb850e83ee069fbc	4096	ok
reusable-concurrency	compression-derived-random256k-level6-v1	256	256	b5532a77e9944fe3932a77e9940fe3d5	true	true	true	true	RG270.operation=INPUT,RG270.warmed=true	false	true	true	excluded_same_worker_concurrent_request	7	target-binding:7	<deployment-ip>		9	1024	4651	1784788213521063029	1784788214102205898	1784788214108999936	581.142869	587.936907	524.976585	524.976585	262144	262207	902fb060a81c368caafcdc10768beda0604bdd238516e6a8cb850e83ee069fbc	4096	ok
reusable-concurrency	compression-derived-random256k-level6-v1	257	257	2e7a9771c3e14339ba9771c3e1433972	true	true	true	true	RG270.operation=INPUT,RG270.warmed=true	false	true	true	excluded_same_worker_concurrent_request	5	target-binding:5	<deployment-ip>		11	1024	4652	1784788213641595493	1784788214222096057	1784788214226000128	580.500564	584.404635	533.763512	533.763512	262144	262207	902fb060a81c368caafcdc10768beda0604bdd238516e6a8cb850e83ee069fbc	4096	ok
reusable-concurrency	compression-derived-random256k-level6-v1	258	258	db0586eb6e814f928586eb6e819f9253	true	true	true	true	RG270.operation=INPUT,RG270.warmed=true	false	true	false	excluded_same_worker_concurrent_request	4	target-binding:4	<deployment-ip>		11	1024	4652	1784788213736896005	1784788214241893634	1784788214272000000	504.997629	535.103995	461.313785	461.313785	262144	262207	902fb060a81c368caafcdc10768beda0604bdd238516e6a8cb850e83ee069fbc	4096	ok
reusable-concurrency	compression-derived-random256k-level6-v1	259	259	427bdf16cccf412abbdf16cccf912a0e	true	true	true	true	RG270.operation=INPUT,RG270.warmed=true	false	true	true	excluded_same_worker_concurrent_request	7	target-binding:7	<deployment-ip>		21	1024	4652	1784788214114659860	1784788214634580380	1784788214635000064	519.92052	520.340204	454.176204	454.176204	262144	262207	902fb060a81c368caafcdc10768beda0604bdd238516e6a8cb850e83ee069fbc	4096	ok
reusable-concurrency	compression-derived-random256k-level6-v1	260	260	772e3a5357d74a4eae3a5357d79a4e8c	true	true	true	true	RG270.operation=INPUT,RG270.warmed=true	false	true	false	excluded_same_worker_concurrent_request	4	target-binding:4	<deployment-ip>		36	1024	4652	1784788214234449880	1784788214838914596	1784788214845999872	604.464716	611.549992	529.054118	529.054118	262144	262207	902fb060a81c368caafcdc10768beda0604bdd238516e6a8cb850e83ee069fbc	4096	ok
reusable-concurrency	compression-derived-random256k-level6-v1	261	261	82a8b6e9973947cda8b6e9973947cdf3	true	true	true	true	RG270.operation=INPUT,RG270.warmed=true	false	true	true	excluded_same_worker_concurrent_request	5	target-binding:5	<deployment-ip>		10	1024	4652	1784788214487275705	1784788215088535621	1784788215083000064	601.259916	595.724359	544.462421	544.462421	262144	262207	902fb060a81c368caafcdc10768beda0604bdd238516e6a8cb850e83ee069fbc	4096	ok
reusable-concurrency	compression-derived-random256k-level6-v1	262	262	21c12de59bb74214812de59bb7121486	true	true	true	true	RG270.operation=INPUT,RG270.warmed=true	false	true	true	excluded_same_worker_concurrent_request	7	target-binding:7	<deployment-ip>		10	1024	4652	1784788214645769004	1784788215230932069	1784788215243000064	585.163065	597.23106	544.657046	544.657046	262144	262207	902fb060a81c368caafcdc10768beda0604bdd238516e6a8cb850e83ee069fbc	4096	ok
reusable-concurrency	compression-derived-random256k-level6-v1	263	263	716669d9b8d8485fa669d9b8d8685fe1	true	true	true	true	RG270.operation=INPUT,RG270.warmed=true	true	false	false		4	target-binding:4	<deployment-ip>		14	1024	4652	1784788214856014374	1784788215326418047	1784788215334000128	470.403673	477.985754	429.352612	429.352612	262144	262207	902fb060a81c368caafcdc10768beda0604bdd238516e6a8cb850e83ee069fbc	4096	ok
reusable-concurrency	compression-derived-random256k-level6-v1	264	264	b99332cb8367403d9332cb8367703d15	true	true	true	true	RG270.operation=INPUT,RG270.warmed=true	false	true	true	excluded_same_worker_concurrent_request	5	target-binding:5	<deployment-ip>		18	1024	4652	1784788215101698349	1784788215740056812	1784788215737999872	638.358463	636.301523	572.156146	572.156146	262144	262207	902fb060a81c368caafcdc10768beda0604bdd238516e6a8cb850e83ee069fbc	4096	ok
reusable-concurrency	compression-derived-random256k-level6-v1	265	265	9dabf7b94f3a45f9abf7b94f3a95f99d	true	true	true	true	RG270.operation=INPUT,RG270.warmed=true	false	true	true	excluded_same_worker_concurrent_request	7	target-binding:7	<deployment-ip>		11	1024	4652	1784788215253032769	1784788215856129304	1784788215877000192	603.096535	623.967423	543.079599	543.079599	262144	262207	902fb060a81c368caafcdc10768beda0604bdd238516e6a8cb850e83ee069fbc	4096	ok
reusable-concurrency	compression-derived-random256k-level6-v1	266	266	ff5e938034774a6d9e938034777a6d8b	true	true	true	true	RG270.operation=INPUT,RG270.warmed=true	true	false	false		4	target-binding:4	<deployment-ip>		15	1024	4652	1784788215339488850	1784788215876167851	1784788215875000064	536.679001	535.511214	485.038113	485.038113	262144	262207	902fb060a81c368caafcdc10768beda0604bdd238516e6a8cb850e83ee069fbc	4096	ok
reusable-concurrency	compression-derived-random256k-level6-v1	267	267	978b85df6fd240aa8b85df6fd240aa91	true	true	true	true	RG270.operation=INPUT,RG270.warmed=true	false	true	true	excluded_same_worker_concurrent_request	5	target-binding:5	<deployment-ip>		13	1024	4652	1784788215755744067	1784788216359785133	1784788216345999872	604.041066	590.255805	520.806633	520.806633	262144	262207	902fb060a81c368caafcdc10768beda0604bdd238516e6a8cb850e83ee069fbc	4096	ok
reusable-concurrency	compression-derived-random256k-level6-v1	268	268	2ad1bc9012924b7791bc9012920b77c8	true	true	true	true	RG270.operation=INPUT,RG270.warmed=true	true	false	false		4	target-binding:4	<deployment-ip>		12	1024	4652	1784788215903261036	1784788216455211545	1784788216450000128	551.950509	546.739092	489.112189	489.112189	262144	262207	902fb060a81c368caafcdc10768beda0604bdd238516e6a8cb850e83ee069fbc	4096	ok
reusable-concurrency	compression-derived-random256k-level6-v1	269	269	32fd6d1cb9ef471bbd6d1cb9ef371b90	true	true	true	true	RG270.operation=INPUT,RG270.warmed=true	false	true	true	excluded_same_worker_concurrent_request	7	target-binding:7	<deployment-ip>		11	1024	4652	1784788216092356239	1784788216641257147	1784788216660000000	548.900908	567.643761	509.423743	509.423743	262144	262207	902fb060a81c368caafcdc10768beda0604bdd238516e6a8cb850e83ee069fbc	4096	ok
reusable-concurrency	compression-derived-random256k-level6-v1	270	270	61f2b006a9674447b2b006a9673447a6	true	true	true	true	RG270.operation=INPUT,RG270.warmed=true	false	true	true	excluded_same_worker_concurrent_request	5	target-binding:5	<deployment-ip>		34	1024	4652	1784788216375589880	1784788216957501639	1784788216960999936	581.911759	585.410056	515.88956	515.88956	262144	262207	902fb060a81c368caafcdc10768beda0604bdd238516e6a8cb850e83ee069fbc	4096	ok
reusable-concurrency	compression-derived-random256k-level6-v1	271	271	8f5b856061f64ab69b856061f65ab66d	true	true	true	true	RG270.operation=INPUT,RG270.warmed=true	true	false	false		4	target-binding:4	<deployment-ip>		43	1024	4652	1784788216501270867	1784788217040451419	1784788217036000000	539.180552	534.729133	457.920701	457.920701	262144	262207	902fb060a81c368caafcdc10768beda0604bdd238516e6a8cb850e83ee069fbc	4096	ok
reusable-concurrency	compression-derived-random256k-level6-v1	272	272	e7ecbc049af145deacbc049af1e5de18	true	true	true	true	RG270.operation=INPUT,RG270.warmed=true	false	true	true	excluded_same_worker_concurrent_request	7	target-binding:7	<deployment-ip>		10	1024	4652	1784788216865125013	1784788217431502655	1784788217443000064	566.377642	577.875051	524.06912	524.06912	262144	262207	902fb060a81c368caafcdc10768beda0604bdd238516e6a8cb850e83ee069fbc	4096	ok
reusable-concurrency	compression-derived-random256k-level6-v1	273	273	85d5f29f0d3a447b95f29f0d3ad47bc5	true	true	true	true	RG270.operation=INPUT,RG270.warmed=true	false	true	true	excluded_same_worker_concurrent_request	5	target-binding:5	<deployment-ip>		10	1024	4652	1784788216967974152	1784788217517805161	1784788217552000000	549.831009	584.025848	515.17181	515.17181	262144	262207	902fb060a81c368caafcdc10768beda0604bdd238516e6a8cb850e83ee069fbc	4096	ok
reusable-concurrency	compression-derived-random256k-level6-v1	274	274	a83e591b68d44ebebe591b68d42ebe2a	true	true	true	true	RG270.operation=INPUT,RG270.warmed=true	true	false	false		4	target-binding:4	<deployment-ip>		13	1024	4652	1784788217073351986	1784788217685890218	1784788217700999936	612.538232	627.64795	575.648062	575.648062	262144	262207	902fb060a81c368caafcdc10768beda0604bdd238516e6a8cb850e83ee069fbc	4096	ok
reusable-concurrency	compression-derived-random256k-level6-v1	275	275	cf25bc384bef45eba5bc384bef25ebf9	true	true	true	true	RG270.operation=INPUT,RG270.warmed=true	false	true	true	excluded_same_worker_concurrent_request	5	target-binding:5	<deployment-ip>		12	1024	4652	1784788217656418761	1784788218202799046	1784788218207000064	546.380285	550.581303	510.728307	510.728307	262144	262207	902fb060a81c368caafcdc10768beda0604bdd238516e6a8cb850e83ee069fbc	4096	ok
reusable-concurrency	compression-derived-random256k-level6-v1	276	276	22284bf1ebf5446fa84bf1ebf5146f05	true	true	true	true	RG270.operation=INPUT,RG270.warmed=true	true	false	false		4	target-binding:4	<deployment-ip>		14	1024	4652	1784788217761088309	1784788218483500121	1784788218500000000	722.411812	738.911691	666.838336	666.838336	262144	262207	902fb060a81c368caafcdc10768beda0604bdd238516e6a8cb850e83ee069fbc	4096	ok
reusable-concurrency	compression-derived-random256k-level6-v1	277	277	24530449a4d64a76930449a4d6aa7636	true	true	true	true	RG270.operation=INPUT,RG270.warmed=true	false	true	true	excluded_same_worker_concurrent_request	7	target-binding:7	<deployment-ip>		8	1024	4651	1784788217762084035	1784788218316149285	1784788218332000000	554.06525	569.915965	510.547957	510.547957	262144	262207	902fb060a81c368caafcdc10768beda0604bdd238516e6a8cb850e83ee069fbc	4096	ok
reusable-concurrency	compression-derived-random256k-level6-v1	278	278	652492b667434e64a492b66743fe6441	true	true	true	true	RG270.operation=INPUT,RG270.warmed=true	false	true	true	excluded_same_worker_concurrent_request	5	target-binding:5	<deployment-ip>		17	1024	4652	1784788218213291336	1784788218754979750	1784788218752999936	541.688414	539.7086	495.874558	495.874558	262144	262207	902fb060a81c368caafcdc10768beda0604bdd238516e6a8cb850e83ee069fbc	4096	ok
reusable-concurrency	compression-derived-random256k-level6-v1	279	279	936a3a9f00194c63aa3a9f0019fc6357	true	true	true	true	RG270.operation=INPUT,RG270.warmed=true	true	false	false		4	target-binding:4	<deployment-ip>		16	1024	4652	1784788218547338605	1784788219082231065	1784788219086999808	534.89246	539.661203	473.682885	473.682885	262144	262207	902fb060a81c368caafcdc10768beda0604bdd238516e6a8cb850e83ee069fbc	4096	ok
reusable-concurrency	compression-derived-random256k-level6-v1	280	280	435cdeb88df648039cdeb88df6c8034b	true	true	true	true	RG270.operation=INPUT,RG270.warmed=true	false	true	true	excluded_same_worker_concurrent_request	7	target-binding:7	<deployment-ip>		9	1024	4651	1784788218703806711	1784788219247614484	1784788219257999872	543.807773	554.193161	511.986934	511.986934	262144	262207	902fb060a81c368caafcdc10768beda0604bdd238516e6a8cb850e83ee069fbc	4096	ok
reusable-concurrency	compression-derived-random256k-level6-v1	281	281	9f0a3a9cdd7d468b8a3a9cdd7d068b78	true	true	true	true	RG270.operation=INPUT,RG270.warmed=true	false	true	true	excluded_same_worker_concurrent_request	5	target-binding:5	<deployment-ip>		12	1024	4652	1784788218785947212	1784788219348714141	1784788219351000064	562.766929	565.052852	524.94428	524.94428	262144	262207	902fb060a81c368caafcdc10768beda0604bdd238516e6a8cb850e83ee069fbc	4096	ok
reusable-concurrency	compression-derived-random256k-level6-v1	282	282	8bdaf1820aad408a9af1820aadd08a54	true	true	true	true	RG270.operation=INPUT,RG270.warmed=true	true	false	false		4	target-binding:4	<deployment-ip>		18	1024	4652	1784788219091998783	1784788219629477164	1784788219638000128	537.478381	546.001345	479.476821	479.476821	262144	262207	902fb060a81c368caafcdc10768beda0604bdd238516e6a8cb850e83ee069fbc	4096	ok
reusable-concurrency	compression-derived-random256k-level6-v1	283	283	eae9b36ba1c048b5a9b36ba1c0d8b53f	true	true	true	true	RG270.operation=INPUT,RG270.warmed=true	false	true	true	excluded_same_worker_concurrent_request	7	target-binding:7	<deployment-ip>		8	1024	4651	1784788219273627661	1784788219823127175	1784788219835000064	549.499514	561.372403	514.298908	514.298908	262144	262207	902fb060a81c368caafcdc10768beda0604bdd238516e6a8cb850e83ee069fbc	4096	ok
reusable-concurrency	compression-derived-random256k-level6-v1	284	284	8f8fe7ce2f284c008fe7ce2f28fc005b	true	true	true	true	RG270.operation=INPUT,RG270.warmed=true	false	true	true	excluded_same_worker_concurrent_request	5	target-binding:5	<deployment-ip>		8	1024	4651	1784788219358952976	1784788219926741278	1784788219940999936	567.788302	582.04696	524.49582	524.49582	262144	262207	902fb060a81c368caafcdc10768beda0604bdd238516e6a8cb850e83ee069fbc	4096	ok
reusable-concurrency	compression-derived-random256k-level6-v1	285	285	c657fbb101724a6f97fbb10172ba6fec	true	true	true	true	RG270.operation=INPUT,RG270.warmed=true	true	false	false		4	target-binding:4	<deployment-ip>		14	1024	4652	1784788219644504756	1784788220187660534	1784788220186000128	543.155778	541.495372	475.683715	475.683715	262144	262207	902fb060a81c368caafcdc10768beda0604bdd238516e6a8cb850e83ee069fbc	4096	ok
reusable-concurrency	compression-derived-random256k-level6-v1	286	286	bb0c1a96d56b44038c1a96d56b040348	true	true	true	true	RG270.operation=INPUT,RG270.warmed=true	false	true	true	excluded_same_worker_concurrent_request	5	target-binding:5	<deployment-ip>		10	1024	4652	1784788220047569535	1784788220597307225	1784788220609999872	549.73769	562.430337	509.84626	509.84626	262144	262207	902fb060a81c368caafcdc10768beda0604bdd238516e6a8cb850e83ee069fbc	4096	ok
reusable-concurrency	compression-derived-random256k-level6-v1	287	287	7aa31de85a3f4777a31de85a3fa77774	true	true	true	true	RG270.operation=INPUT,RG270.warmed=true	false	true	true	excluded_same_worker_concurrent_request	7	target-binding:7	<deployment-ip>		13	1024	4652	1784788220148125962	1784788220704350419	1784788220713999872	556.224457	565.87391	508.333128	508.333128	262144	262207	902fb060a81c368caafcdc10768beda0604bdd238516e6a8cb850e83ee069fbc	4096	ok
reusable-concurrency	compression-derived-random256k-level6-v1	288	288	feba730817fa4e97ba730817fa8e9715	true	true	true	true	RG270.operation=INPUT,RG270.warmed=true	true	false	false		4	target-binding:4	<deployment-ip>		10	1024	4652	1784788220248758245	1784788220767149807	1784788220786000128	518.391562	537.241883	476.95786	476.95786	262144	262207	902fb060a81c368caafcdc10768beda0604bdd238516e6a8cb850e83ee069fbc	4096	ok
reusable-concurrency	compression-derived-random256k-level6-v1	289	289	05898f269ab34219898f269ab3c219b4	true	true	true	true	RG270.operation=INPUT,RG270.warmed=true	false	true	true	excluded_same_worker_concurrent_request	5	target-binding:5	<deployment-ip>		22	1024	4652	1784788220617117162	1784788221107591615	1784788221115000064	490.474453	497.882902	440.36798	440.36798	262144	262207	902fb060a81c368caafcdc10768beda0604bdd238516e6a8cb850e83ee069fbc	4096	ok
reusable-concurrency	compression-derived-random256k-level6-v1	290	290	0b9eeab8e93347899eeab8e933978929	true	true	true	true	RG270.operation=INPUT,RG270.warmed=true	false	true	true	excluded_same_worker_concurrent_request	7	target-binding:7	<deployment-ip>		8	1024	4651	1784788220721238537	1784788221424221795	1784788221448999936	702.983258	727.761399	663.760646	663.760646	262144	262207	902fb060a81c368caafcdc10768beda0604bdd238516e6a8cb850e83ee069fbc	4096	ok
reusable-concurrency	compression-derived-random256k-level6-v1	291	291	ce2083684e764b20a083684e761b20cb	true	true	true	true	RG270.operation=INPUT,RG270.warmed=true	true	false	false		4	target-binding:4	<deployment-ip>		18	1024	4652	1784788220999351196	1784788221528948308	1784788221543000064	529.597112	543.648868	479.847896	479.847896	262144	262207	902fb060a81c368caafcdc10768beda0604bdd238516e6a8cb850e83ee069fbc	4096	ok
reusable-concurrency	compression-derived-random256k-level6-v1	292	292	247ed5fa075f44edbed5fa075fa4ed6a	true	true	true	true	RG270.operation=INPUT,RG270.warmed=true	false	true	true	excluded_same_worker_concurrent_request	5	target-binding:5	<deployment-ip>		22	1024	4652	1784788221120824570	1784788221765972613	1784788221780000000	645.148043	659.17543	580.861637	580.861637	262144	262207	902fb060a81c368caafcdc10768beda0604bdd238516e6a8cb850e83ee069fbc	4096	ok
reusable-concurrency	compression-derived-random256k-level6-v1	293	293	cc1e7f6d2bea484d9e7f6d2bea084d66	true	true	true	true	RG270.operation=INPUT,RG270.warmed=true	true	false	false		4	target-binding:4	<deployment-ip>		13	1024	4652	1784788221647467604	1784788222187787035	1784788222180999936	540.319431	533.532332	486.71184	486.71184	262144	262207	902fb060a81c368caafcdc10768beda0604bdd238516e6a8cb850e83ee069fbc	4096	ok
reusable-concurrency	compression-derived-random256k-level6-v1	294	294	29e4096d3d9a41c8a4096d3d9a21c836	true	true	true	true	RG270.operation=INPUT,RG270.warmed=true	false	true	true	excluded_same_worker_concurrent_request	5	target-binding:5	<deployment-ip>		18	1024	4652	1784788221755061488	1784788222337015421	1784788222332999936	581.953933	577.938448	520.227178	520.227178	262144	262207	902fb060a81c368caafcdc10768beda0604bdd238516e6a8cb850e83ee069fbc	4096	ok
reusable-concurrency	compression-derived-random256k-level6-v1	295	295	7554d1317ceb47e594d1317ceb27e51e	true	true	true	true	RG270.operation=INPUT,RG270.warmed=true	false	true	true	excluded_same_worker_concurrent_request	7	target-binding:7	<deployment-ip>		9	1024	4651	1784788221840057041	1784788222429687998	1784788222426000128	589.630957	585.943087	534.87068	534.87068	262144	262207	902fb060a81c368caafcdc10768beda0604bdd238516e6a8cb850e83ee069fbc	4096	ok
reusable-concurrency	compression-derived-random256k-level6-v1	296	296	410bba48cea348418bba48cea3f84162	true	true	true	true	RG270.operation=INPUT,RG270.warmed=true	true	false	false		4	target-binding:4	<deployment-ip>		9	1024	4651	1784788222198137544	1784788222717953895	1784788222736000000	519.816351	537.862456	484.756535	484.756535	262144	262207	902fb060a81c368caafcdc10768beda0604bdd238516e6a8cb850e83ee069fbc	4096	ok
reusable-concurrency	compression-derived-random256k-level6-v1	297	297	621d8f0158e34e2a9d8f0158e3ee2ae0	true	true	true	true	RG270.operation=INPUT,RG270.warmed=true	false	true	true	excluded_same_worker_concurrent_request	5	target-binding:5	<deployment-ip>		31	1024	4652	1784788222352253463	1784788222995746708	1784788222996000000	643.493245	643.746537	571.855815	571.855815	262144	262207	902fb060a81c368caafcdc10768beda0604bdd238516e6a8cb850e83ee069fbc	4096	ok
reusable-concurrency	compression-derived-random256k-level6-v1	298	298	c01b6b4df2b340659b6b4df2b34065bf	true	true	true	true	RG270.operation=INPUT,RG270.warmed=true	false	true	true	excluded_same_worker_concurrent_request	7	target-binding:7	<deployment-ip>		9	1024	4651	1784788222462614820	1784788223085747215	1784788223072000000	623.132395	609.38518	553.136839	553.136839	262144	262207	902fb060a81c368caafcdc10768beda0604bdd238516e6a8cb850e83ee069fbc	4096	ok
reusable-concurrency	compression-derived-random256k-level6-v1	299	299	9b6f5971d66e450aaf5971d66ef50af5	true	true	true	true	RG270.operation=INPUT,RG270.warmed=true	true	false	false		4	target-binding:4	<deployment-ip>		10	1024	4652	1784788222950701723	1784788223542318852	1784788223536999936	591.617129	586.298213	543.410797	543.410797	262144	262207	902fb060a81c368caafcdc10768beda0604bdd238516e6a8cb850e83ee069fbc	4096	ok
reusable-concurrency	compression-derived-random256k-level6-v1	300	300	17e342dec76c4e5ba342dec76c3e5ba2	true	true	true	true	RG270.operation=INPUT,RG270.warmed=true	false	true	false	excluded_same_worker_concurrent_request	5	target-binding:5	<deployment-ip>		24	1024	4652	1784788223059845167	1784788223718068735	1784788223733999872	658.223568	674.154705	587.356431	587.356431	262144	262207	902fb060a81c368caafcdc10768beda0604bdd238516e6a8cb850e83ee069fbc	4096	ok
