profile	phase	ordinal	logical_request_id	attempt_id	activation_id	workload_id	workload_logic_hash	terminal_success	output_verified	verification_status	application_input_bytes	application_input_sha256	application_output_bytes	application_output_sha256	full_output_included	result_json_bytes	action_fqen	action_revision	action_identity_sha256	workload_artifact_sha256	activation_action_fqen	container_hostname	container_pid	container_identity	init_time_ms	activation_wait_time_ms	warm_eligible	warm_reason	timing_status	workload_duration_ns	function_duration_ns
asyncs	measured	1	1	1	3b75a2976176475cb5a2976176d75c6c	compression-derived-random256k-level6-v1	c5-gzip-level6-random256k-v1	true	true	ok	262144	04f7209a1428aceb9b838a3043af314defd245fab3da383edf7753f23133d184	262207	902fb060a81c368caafcdc10768beda0604bdd238516e6a8cb850e83ee069fbc	false	4096	/guest/c5_asyncs_representative_warm_v1	0.0.4@1784759769207	caf8366ad4263db5edf76f58d728a6fba5e12e0f6820d327f5bbecaa34265108	836ea3df370f0373319456aa13fdad1b6297ff4747839c5c685be615390bae8d	/guest/c5_asyncs_representative_warm_v1	fe2cceff68c2		fe2cceff68c2		332	true	warm	complete	169381806	235805676
asyncs	measured	2	2	1	915fd7dfe4214caa9fd7dfe4212caa0d	compression-derived-random256k-level6-v1	c5-gzip-level6-random256k-v1	true	true	ok	262144	04f7209a1428aceb9b838a3043af314defd245fab3da383edf7753f23133d184	262207	902fb060a81c368caafcdc10768beda0604bdd238516e6a8cb850e83ee069fbc	false	4096	/guest/c5_asyncs_representative_warm_v1	0.0.4@1784759769207	caf8366ad4263db5edf76f58d728a6fba5e12e0f6820d327f5bbecaa34265108	836ea3df370f0373319456aa13fdad1b6297ff4747839c5c685be615390bae8d	/guest/c5_asyncs_representative_warm_v1	ecf3e7a38895		ecf3e7a38895		348	true	warm	complete	210017587	282349335
asyncs	measured	3	3	1	9e134ba9c2a94f85934ba9c2a96f855d	compression-derived-random256k-level6-v1	c5-gzip-level6-random256k-v1	true	true	ok	262144	04f7209a1428aceb9b838a3043af314defd245fab3da383edf7753f23133d184	262207	902fb060a81c368caafcdc10768beda0604bdd238516e6a8cb850e83ee069fbc	false	4096	/guest/c5_asyncs_representative_warm_v1	0.0.4@1784759769207	caf8366ad4263db5edf76f58d728a6fba5e12e0f6820d327f5bbecaa34265108	836ea3df370f0373319456aa13fdad1b6297ff4747839c5c685be615390bae8d	/guest/c5_asyncs_representative_warm_v1	7eab2344c813		7eab2344c813		207	true	warm	complete	241215213	318557130
asyncs	measured	4	4	1	5d7badd58be04d95bbadd58be08d9537	compression-derived-random256k-level6-v1	c5-gzip-level6-random256k-v1	true	true	ok	262144	04f7209a1428aceb9b838a3043af314defd245fab3da383edf7753f23133d184	262207	902fb060a81c368caafcdc10768beda0604bdd238516e6a8cb850e83ee069fbc	false	4096	/guest/c5_asyncs_representative_warm_v1	0.0.4@1784759769207	caf8366ad4263db5edf76f58d728a6fba5e12e0f6820d327f5bbecaa34265108	836ea3df370f0373319456aa13fdad1b6297ff4747839c5c685be615390bae8d	/guest/c5_asyncs_representative_warm_v1	ecf3e7a38895		ecf3e7a38895		13	true	warm	complete	208971321	286382683
asyncs	measured	5	5	1	3fe87b9a9a4d485ea87b9a9a4d385efe	compression-derived-random256k-level6-v1	c5-gzip-level6-random256k-v1	true	true	ok	262144	04f7209a1428aceb9b838a3043af314defd245fab3da383edf7753f23133d184	262207	902fb060a81c368caafcdc10768beda0604bdd238516e6a8cb850e83ee069fbc	false	4096	/guest/c5_asyncs_representative_warm_v1	0.0.4@1784759769207	caf8366ad4263db5edf76f58d728a6fba5e12e0f6820d327f5bbecaa34265108	836ea3df370f0373319456aa13fdad1b6297ff4747839c5c685be615390bae8d	/guest/c5_asyncs_representative_warm_v1	fe2cceff68c2		fe2cceff68c2		12	true	warm	complete	172285604	240563880
asyncs	measured	6	6	1	1dc8e9288af14a7f88e9288af10a7fef	compression-derived-random256k-level6-v1	c5-gzip-level6-random256k-v1	true	true	ok	262144	04f7209a1428aceb9b838a3043af314defd245fab3da383edf7753f23133d184	262207	902fb060a81c368caafcdc10768beda0604bdd238516e6a8cb850e83ee069fbc	false	4096	/guest/c5_asyncs_representative_warm_v1	0.0.4@1784759769207	caf8366ad4263db5edf76f58d728a6fba5e12e0f6820d327f5bbecaa34265108	836ea3df370f0373319456aa13fdad1b6297ff4747839c5c685be615390bae8d	/guest/c5_asyncs_representative_warm_v1	7eab2344c813		7eab2344c813		12	true	warm	complete	219478358	292555306
asyncs	measured	7	7	1	33f98378156d41e7b98378156d71e7dc	compression-derived-random256k-level6-v1	c5-gzip-level6-random256k-v1	true	true	ok	262144	04f7209a1428aceb9b838a3043af314defd245fab3da383edf7753f23133d184	262207	902fb060a81c368caafcdc10768beda0604bdd238516e6a8cb850e83ee069fbc	false	4096	/guest/c5_asyncs_representative_warm_v1	0.0.4@1784759769207	caf8366ad4263db5edf76f58d728a6fba5e12e0f6820d327f5bbecaa34265108	836ea3df370f0373319456aa13fdad1b6297ff4747839c5c685be615390bae8d	/guest/c5_asyncs_representative_warm_v1	fe2cceff68c2		fe2cceff68c2		7	true	warm	complete	169617538	231685358
asyncs	measured	8	8	1	4c7641910f024d25b641910f02ed255d	compression-derived-random256k-level6-v1	c5-gzip-level6-random256k-v1	true	true	ok	262144	04f7209a1428aceb9b838a3043af314defd245fab3da383edf7753f23133d184	262207	902fb060a81c368caafcdc10768beda0604bdd238516e6a8cb850e83ee069fbc	false	4096	/guest/c5_asyncs_representative_warm_v1	0.0.4@1784759769207	caf8366ad4263db5edf76f58d728a6fba5e12e0f6820d327f5bbecaa34265108	836ea3df370f0373319456aa13fdad1b6297ff4747839c5c685be615390bae8d	/guest/c5_asyncs_representative_warm_v1	ecf3e7a38895		ecf3e7a38895		6	true	warm	complete	233908717	309726008
asyncs	measured	9	9	1	8f82723846754a8482723846752a8427	compression-derived-random256k-level6-v1	c5-gzip-level6-random256k-v1	true	true	ok	262144	04f7209a1428aceb9b838a3043af314defd245fab3da383edf7753f23133d184	262207	902fb060a81c368caafcdc10768beda0604bdd238516e6a8cb850e83ee069fbc	false	4096	/guest/c5_asyncs_representative_warm_v1	0.0.4@1784759769207	caf8366ad4263db5edf76f58d728a6fba5e12e0f6820d327f5bbecaa34265108	836ea3df370f0373319456aa13fdad1b6297ff4747839c5c685be615390bae8d	/guest/c5_asyncs_representative_warm_v1	7eab2344c813		7eab2344c813		16	true	warm	complete	207283729	286759215
asyncs	measured	10	10	1	7a3873041438401eb873041438201efd	compression-derived-random256k-level6-v1	c5-gzip-level6-random256k-v1	true	true	ok	262144	04f7209a1428aceb9b838a3043af314defd245fab3da383edf7753f23133d184	262207	902fb060a81c368caafcdc10768beda0604bdd238516e6a8cb850e83ee069fbc	false	4096	/guest/c5_asyncs_representative_warm_v1	0.0.4@1784759769207	caf8366ad4263db5edf76f58d728a6fba5e12e0f6820d327f5bbecaa34265108	836ea3df370f0373319456aa13fdad1b6297ff4747839c5c685be615390bae8d	/guest/c5_asyncs_representative_warm_v1	fe2cceff68c2		fe2cceff68c2		7	true	warm	complete	168421962	231480510
asyncs	measured	11	11	1	ae91bda6548c4eb691bda6548c5eb6e9	compression-derived-random256k-level6-v1	c5-gzip-level6-random256k-v1	true	true	ok	262144	04f7209a1428aceb9b838a3043af314defd245fab3da383edf7753f23133d184	262207	902fb060a81c368caafcdc10768beda0604bdd238516e6a8cb850e83ee069fbc	false	4096	/guest/c5_asyncs_representative_warm_v1	0.0.4@1784759769207	caf8366ad4263db5edf76f58d728a6fba5e12e0f6820d327f5bbecaa34265108	836ea3df370f0373319456aa13fdad1b6297ff4747839c5c685be615390bae8d	/guest/c5_asyncs_representative_warm_v1	ecf3e7a38895		ecf3e7a38895		9	true	warm	complete	167480869	232155325
asyncs	measured	12	12	1	8bdddcfff6c041e59ddcfff6c061e5f1	compression-derived-random256k-level6-v1	c5-gzip-level6-random256k-v1	true	true	ok	262144	04f7209a1428aceb9b838a3043af314defd245fab3da383edf7753f23133d184	262207	902fb060a81c368caafcdc10768beda0604bdd238516e6a8cb850e83ee069fbc	false	4096	/guest/c5_asyncs_representative_warm_v1	0.0.4@1784759769207	caf8366ad4263db5edf76f58d728a6fba5e12e0f6820d327f5bbecaa34265108	836ea3df370f0373319456aa13fdad1b6297ff4747839c5c685be615390bae8d	/guest/c5_asyncs_representative_warm_v1	fe2cceff68c2		fe2cceff68c2		18	true	warm	complete	168034513	230103690
asyncs	measured	13	13	1	0b9ccda85a5a4a519ccda85a5a5a5178	compression-derived-random256k-level6-v1	c5-gzip-level6-random256k-v1	true	true	ok	262144	04f7209a1428aceb9b838a3043af314defd245fab3da383edf7753f23133d184	262207	902fb060a81c368caafcdc10768beda0604bdd238516e6a8cb850e83ee069fbc	false	4096	/guest/c5_asyncs_representative_warm_v1	0.0.4@1784759769207	caf8366ad4263db5edf76f58d728a6fba5e12e0f6820d327f5bbecaa34265108	836ea3df370f0373319456aa13fdad1b6297ff4747839c5c685be615390bae8d	/guest/c5_asyncs_representative_warm_v1	7eab2344c813		7eab2344c813		18	true	warm	complete	213643925	290917238
asyncs	measured	14	14	1	09ec0f546546466eac0f546546e66e51	compression-derived-random256k-level6-v1	c5-gzip-level6-random256k-v1	true	true	ok	262144	04f7209a1428aceb9b838a3043af314defd245fab3da383edf7753f23133d184	262207	902fb060a81c368caafcdc10768beda0604bdd238516e6a8cb850e83ee069fbc	false	4096	/guest/c5_asyncs_representative_warm_v1	0.0.4@1784759769207	caf8366ad4263db5edf76f58d728a6fba5e12e0f6820d327f5bbecaa34265108	836ea3df370f0373319456aa13fdad1b6297ff4747839c5c685be615390bae8d	/guest/c5_asyncs_representative_warm_v1	ecf3e7a38895		ecf3e7a38895		8	true	warm	complete	213870147	293420068
asyncs	measured	15	15	1	64268fee75794b4aa68fee75791b4ad7	compression-derived-random256k-level6-v1	c5-gzip-level6-random256k-v1	true	true	ok	262144	04f7209a1428aceb9b838a3043af314defd245fab3da383edf7753f23133d184	262207	902fb060a81c368caafcdc10768beda0604bdd238516e6a8cb850e83ee069fbc	false	4096	/guest/c5_asyncs_representative_warm_v1	0.0.4@1784759769207	caf8366ad4263db5edf76f58d728a6fba5e12e0f6820d327f5bbecaa34265108	836ea3df370f0373319456aa13fdad1b6297ff4747839c5c685be615390bae8d	/guest/c5_asyncs_representative_warm_v1	fe2cceff68c2		fe2cceff68c2		7	true	warm	complete	169079914	231137791
asyncs	measured	16	16	1	7237b4b12fe74155b7b4b12fe72155a8	compression-derived-random256k-level6-v1	c5-gzip-level6-random256k-v1	true	true	ok	262144	04f7209a1428aceb9b838a3043af314defd245fab3da383edf7753f23133d184	262207	902fb060a81c368caafcdc10768beda0604bdd238516e6a8cb850e83ee069fbc	false	4096	/guest/c5_asyncs_representative_warm_v1	0.0.4@1784759769207	caf8366ad4263db5edf76f58d728a6fba5e12e0f6820d327f5bbecaa34265108	836ea3df370f0373319456aa13fdad1b6297ff4747839c5c685be615390bae8d	/guest/c5_asyncs_representative_warm_v1	ecf3e7a38895		ecf3e7a38895		7	true	warm	complete	168302859	230821800
asyncs	measured	17	17	1	7cd47939208043509479392080a35076	compression-derived-random256k-level6-v1	c5-gzip-level6-random256k-v1	true	true	ok	262144	04f7209a1428aceb9b838a3043af314defd245fab3da383edf7753f23133d184	262207	902fb060a81c368caafcdc10768beda0604bdd238516e6a8cb850e83ee069fbc	false	4096	/guest/c5_asyncs_representative_warm_v1	0.0.4@1784759769207	caf8366ad4263db5edf76f58d728a6fba5e12e0f6820d327f5bbecaa34265108	836ea3df370f0373319456aa13fdad1b6297ff4747839c5c685be615390bae8d	/guest/c5_asyncs_representative_warm_v1	fe2cceff68c2		fe2cceff68c2		6	true	warm	complete	169269396	231291270
asyncs	measured	18	18	1	74ca81d368ad4b978a81d368adcb976c	compression-derived-random256k-level6-v1	c5-gzip-level6-random256k-v1	true	true	ok	262144	04f7209a1428aceb9b838a3043af314defd245fab3da383edf7753f23133d184	262207	902fb060a81c368caafcdc10768beda0604bdd238516e6a8cb850e83ee069fbc	false	4096	/guest/c5_asyncs_representative_warm_v1	0.0.4@1784759769207	caf8366ad4263db5edf76f58d728a6fba5e12e0f6820d327f5bbecaa34265108	836ea3df370f0373319456aa13fdad1b6297ff4747839c5c685be615390bae8d	/guest/c5_asyncs_representative_warm_v1	ecf3e7a38895		ecf3e7a38895		6	true	warm	complete	190114718	259853689
asyncs	measured	19	19	1	8322d71c956e4e08a2d71c956ece08d3	compression-derived-random256k-level6-v1	c5-gzip-level6-random256k-v1	true	true	ok	262144	04f7209a1428aceb9b838a3043af314defd245fab3da383edf7753f23133d184	262207	902fb060a81c368caafcdc10768beda0604bdd238516e6a8cb850e83ee069fbc	false	4096	/guest/c5_asyncs_representative_warm_v1	0.0.4@1784759769207	caf8366ad4263db5edf76f58d728a6fba5e12e0f6820d327f5bbecaa34265108	836ea3df370f0373319456aa13fdad1b6297ff4747839c5c685be615390bae8d	/guest/c5_asyncs_representative_warm_v1	7eab2344c813		7eab2344c813		8	true	warm	complete	204249672	273287345
asyncs	measured	20	20	1	d0fd6292920541f0bd62929205e1f0ec	compression-derived-random256k-level6-v1	c5-gzip-level6-random256k-v1	true	true	ok	262144	04f7209a1428aceb9b838a3043af314defd245fab3da383edf7753f23133d184	262207	902fb060a81c368caafcdc10768beda0604bdd238516e6a8cb850e83ee069fbc	false	4096	/guest/c5_asyncs_representative_warm_v1	0.0.4@1784759769207	caf8366ad4263db5edf76f58d728a6fba5e12e0f6820d327f5bbecaa34265108	836ea3df370f0373319456aa13fdad1b6297ff4747839c5c685be615390bae8d	/guest/c5_asyncs_representative_warm_v1	fe2cceff68c2		fe2cceff68c2		7	true	warm	complete	168946325	231415621
asyncs	measured	21	21	1	10c05c9991094594805c9991095594ef	compression-derived-random256k-level6-v1	c5-gzip-level6-random256k-v1	true	true	ok	262144	04f7209a1428aceb9b838a3043af314defd245fab3da383edf7753f23133d184	262207	902fb060a81c368caafcdc10768beda0604bdd238516e6a8cb850e83ee069fbc	false	4096	/guest/c5_asyncs_representative_warm_v1	0.0.4@1784759769207	caf8366ad4263db5edf76f58d728a6fba5e12e0f6820d327f5bbecaa34265108	836ea3df370f0373319456aa13fdad1b6297ff4747839c5c685be615390bae8d	/guest/c5_asyncs_representative_warm_v1	fe2cceff68c2		fe2cceff68c2		15	true	warm	complete	168799080	231200721
asyncs	measured	22	22	1	6c9cf747156f48a59cf747156f38a583	compression-derived-random256k-level6-v1	c5-gzip-level6-random256k-v1	true	true	ok	262144	04f7209a1428aceb9b838a3043af314defd245fab3da383edf7753f23133d184	262207	902fb060a81c368caafcdc10768beda0604bdd238516e6a8cb850e83ee069fbc	false	4096	/guest/c5_asyncs_representative_warm_v1	0.0.4@1784759769207	caf8366ad4263db5edf76f58d728a6fba5e12e0f6820d327f5bbecaa34265108	836ea3df370f0373319456aa13fdad1b6297ff4747839c5c685be615390bae8d	/guest/c5_asyncs_representative_warm_v1	ecf3e7a38895		ecf3e7a38895		7	true	warm	complete	199870288	271289631
asyncs	measured	23	23	1	5694f1b05b10402394f1b05b10e023a5	compression-derived-random256k-level6-v1	c5-gzip-level6-random256k-v1	true	true	ok	262144	04f7209a1428aceb9b838a3043af314defd245fab3da383edf7753f23133d184	262207	902fb060a81c368caafcdc10768beda0604bdd238516e6a8cb850e83ee069fbc	false	4096	/guest/c5_asyncs_representative_warm_v1	0.0.4@1784759769207	caf8366ad4263db5edf76f58d728a6fba5e12e0f6820d327f5bbecaa34265108	836ea3df370f0373319456aa13fdad1b6297ff4747839c5c685be615390bae8d	/guest/c5_asyncs_representative_warm_v1	7eab2344c813		7eab2344c813		8	true	warm	complete	212526881	287355019
asyncs	measured	24	24	1	61cb8a0641bc49938b8a0641bcd993cd	compression-derived-random256k-level6-v1	c5-gzip-level6-random256k-v1	true	true	ok	262144	04f7209a1428aceb9b838a3043af314defd245fab3da383edf7753f23133d184	262207	902fb060a81c368caafcdc10768beda0604bdd238516e6a8cb850e83ee069fbc	false	4096	/guest/c5_asyncs_representative_warm_v1	0.0.4@1784759769207	caf8366ad4263db5edf76f58d728a6fba5e12e0f6820d327f5bbecaa34265108	836ea3df370f0373319456aa13fdad1b6297ff4747839c5c685be615390bae8d	/guest/c5_asyncs_representative_warm_v1	fe2cceff68c2		fe2cceff68c2		8	true	warm	complete	169303831	231514228
asyncs	measured	25	25	1	9a811d7347e746eb811d7347e756eb50	compression-derived-random256k-level6-v1	c5-gzip-level6-random256k-v1	true	true	ok	262144	04f7209a1428aceb9b838a3043af314defd245fab3da383edf7753f23133d184	262207	902fb060a81c368caafcdc10768beda0604bdd238516e6a8cb850e83ee069fbc	false	4096	/guest/c5_asyncs_representative_warm_v1	0.0.4@1784759769207	caf8366ad4263db5edf76f58d728a6fba5e12e0f6820d327f5bbecaa34265108	836ea3df370f0373319456aa13fdad1b6297ff4747839c5c685be615390bae8d	/guest/c5_asyncs_representative_warm_v1	ecf3e7a38895		ecf3e7a38895		7	true	warm	complete	213708816	288520744
asyncs	measured	26	26	1	fa4d5c12e9ec4fc18d5c12e9ecbfc100	compression-derived-random256k-level6-v1	c5-gzip-level6-random256k-v1	true	true	ok	262144	04f7209a1428aceb9b838a3043af314defd245fab3da383edf7753f23133d184	262207	902fb060a81c368caafcdc10768beda0604bdd238516e6a8cb850e83ee069fbc	false	4096	/guest/c5_asyncs_representative_warm_v1	0.0.4@1784759769207	caf8366ad4263db5edf76f58d728a6fba5e12e0f6820d327f5bbecaa34265108	836ea3df370f0373319456aa13fdad1b6297ff4747839c5c685be615390bae8d	/guest/c5_asyncs_representative_warm_v1	7eab2344c813		7eab2344c813		6	true	warm	complete	214772133	286025281
asyncs	measured	27	27	1	adc0c2c0650f473c80c2c0650f273c5f	compression-derived-random256k-level6-v1	c5-gzip-level6-random256k-v1	true	true	ok	262144	04f7209a1428aceb9b838a3043af314defd245fab3da383edf7753f23133d184	262207	902fb060a81c368caafcdc10768beda0604bdd238516e6a8cb850e83ee069fbc	false	4096	/guest/c5_asyncs_representative_warm_v1	0.0.4@1784759769207	caf8366ad4263db5edf76f58d728a6fba5e12e0f6820d327f5bbecaa34265108	836ea3df370f0373319456aa13fdad1b6297ff4747839c5c685be615390bae8d	/guest/c5_asyncs_representative_warm_v1	fe2cceff68c2		fe2cceff68c2		8	true	warm	complete	168957022	231570985
asyncs	measured	28	28	1	800e1021c2ba423b8e1021c2ba823b5e	compression-derived-random256k-level6-v1	c5-gzip-level6-random256k-v1	true	true	ok	262144	04f7209a1428aceb9b838a3043af314defd245fab3da383edf7753f23133d184	262207	902fb060a81c368caafcdc10768beda0604bdd238516e6a8cb850e83ee069fbc	false	4096	/guest/c5_asyncs_representative_warm_v1	0.0.4@1784759769207	caf8366ad4263db5edf76f58d728a6fba5e12e0f6820d327f5bbecaa34265108	836ea3df370f0373319456aa13fdad1b6297ff4747839c5c685be615390bae8d	/guest/c5_asyncs_representative_warm_v1	ecf3e7a38895		ecf3e7a38895		14	true	warm	complete	187970533	259523030
asyncs	measured	29	29	1	9223fbb0d4f946ffa3fbb0d4f9c6ff5a	compression-derived-random256k-level6-v1	c5-gzip-level6-random256k-v1	true	true	ok	262144	04f7209a1428aceb9b838a3043af314defd245fab3da383edf7753f23133d184	262207	902fb060a81c368caafcdc10768beda0604bdd238516e6a8cb850e83ee069fbc	false	4096	/guest/c5_asyncs_representative_warm_v1	0.0.4@1784759769207	caf8366ad4263db5edf76f58d728a6fba5e12e0f6820d327f5bbecaa34265108	836ea3df370f0373319456aa13fdad1b6297ff4747839c5c685be615390bae8d	/guest/c5_asyncs_representative_warm_v1	7eab2344c813		7eab2344c813		8	true	warm	complete	198075312	265766275
asyncs	measured	30	30	1	499fa29c61294f349fa29c61297f34fe	compression-derived-random256k-level6-v1	c5-gzip-level6-random256k-v1	true	true	ok	262144	04f7209a1428aceb9b838a3043af314defd245fab3da383edf7753f23133d184	262207	902fb060a81c368caafcdc10768beda0604bdd238516e6a8cb850e83ee069fbc	false	4096	/guest/c5_asyncs_representative_warm_v1	0.0.4@1784759769207	caf8366ad4263db5edf76f58d728a6fba5e12e0f6820d327f5bbecaa34265108	836ea3df370f0373319456aa13fdad1b6297ff4747839c5c685be615390bae8d	/guest/c5_asyncs_representative_warm_v1	fe2cceff68c2		fe2cceff68c2		8	true	warm	complete	168343784	230983003
asyncs	measured	31	31	1	b97e4827a26a41a9be4827a26a51a948	compression-derived-random256k-level6-v1	c5-gzip-level6-random256k-v1	true	true	ok	262144	04f7209a1428aceb9b838a3043af314defd245fab3da383edf7753f23133d184	262207	902fb060a81c368caafcdc10768beda0604bdd238516e6a8cb850e83ee069fbc	false	4096	/guest/c5_asyncs_representative_warm_v1	0.0.4@1784759769207	caf8366ad4263db5edf76f58d728a6fba5e12e0f6820d327f5bbecaa34265108	836ea3df370f0373319456aa13fdad1b6297ff4747839c5c685be615390bae8d	/guest/c5_asyncs_representative_warm_v1	ecf3e7a38895		ecf3e7a38895		7	true	warm	complete	214353160	286991506
asyncs	measured	32	32	1	d9a7074430a340f9a7074430a3f0f939	compression-derived-random256k-level6-v1	c5-gzip-level6-random256k-v1	true	true	ok	262144	04f7209a1428aceb9b838a3043af314defd245fab3da383edf7753f23133d184	262207	902fb060a81c368caafcdc10768beda0604bdd238516e6a8cb850e83ee069fbc	false	4096	/guest/c5_asyncs_representative_warm_v1	0.0.4@1784759769207	caf8366ad4263db5edf76f58d728a6fba5e12e0f6820d327f5bbecaa34265108	836ea3df370f0373319456aa13fdad1b6297ff4747839c5c685be615390bae8d	/guest/c5_asyncs_representative_warm_v1	7eab2344c813		7eab2344c813		7	true	warm	complete	209543317	286606691
asyncs	measured	33	33	1	9f1beac27d8c4c219beac27d8ccc21aa	compression-derived-random256k-level6-v1	c5-gzip-level6-random256k-v1	true	true	ok	262144	04f7209a1428aceb9b838a3043af314defd245fab3da383edf7753f23133d184	262207	902fb060a81c368caafcdc10768beda0604bdd238516e6a8cb850e83ee069fbc	false	4096	/guest/c5_asyncs_representative_warm_v1	0.0.4@1784759769207	caf8366ad4263db5edf76f58d728a6fba5e12e0f6820d327f5bbecaa34265108	836ea3df370f0373319456aa13fdad1b6297ff4747839c5c685be615390bae8d	/guest/c5_asyncs_representative_warm_v1	fe2cceff68c2		fe2cceff68c2		6	true	warm	complete	168463020	231950928
asyncs	measured	34	34	1	b90778a4615b4dcf8778a4615b5dcf47	compression-derived-random256k-level6-v1	c5-gzip-level6-random256k-v1	true	true	ok	262144	04f7209a1428aceb9b838a3043af314defd245fab3da383edf7753f23133d184	262207	902fb060a81c368caafcdc10768beda0604bdd238516e6a8cb850e83ee069fbc	false	4096	/guest/c5_asyncs_representative_warm_v1	0.0.4@1784759769207	caf8366ad4263db5edf76f58d728a6fba5e12e0f6820d327f5bbecaa34265108	836ea3df370f0373319456aa13fdad1b6297ff4747839c5c685be615390bae8d	/guest/c5_asyncs_representative_warm_v1	ecf3e7a38895		ecf3e7a38895		7	true	warm	complete	215255125	287474451
asyncs	measured	35	35	1	72017596097647d48175960976d7d4f9	compression-derived-random256k-level6-v1	c5-gzip-level6-random256k-v1	true	true	ok	262144	04f7209a1428aceb9b838a3043af314defd245fab3da383edf7753f23133d184	262207	902fb060a81c368caafcdc10768beda0604bdd238516e6a8cb850e83ee069fbc	false	4096	/guest/c5_asyncs_representative_warm_v1	0.0.4@1784759769207	caf8366ad4263db5edf76f58d728a6fba5e12e0f6820d327f5bbecaa34265108	836ea3df370f0373319456aa13fdad1b6297ff4747839c5c685be615390bae8d	/guest/c5_asyncs_representative_warm_v1	7eab2344c813		7eab2344c813		8	true	warm	complete	210437190	300117121
asyncs	measured	36	36	1	6f060abd01fa4660860abd01faf66005	compression-derived-random256k-level6-v1	c5-gzip-level6-random256k-v1	true	true	ok	262144	04f7209a1428aceb9b838a3043af314defd245fab3da383edf7753f23133d184	262207	902fb060a81c368caafcdc10768beda0604bdd238516e6a8cb850e83ee069fbc	false	4096	/guest/c5_asyncs_representative_warm_v1	0.0.4@1784759769207	caf8366ad4263db5edf76f58d728a6fba5e12e0f6820d327f5bbecaa34265108	836ea3df370f0373319456aa13fdad1b6297ff4747839c5c685be615390bae8d	/guest/c5_asyncs_representative_warm_v1	fe2cceff68c2		fe2cceff68c2		6	true	warm	complete	168306023	230320387
asyncs	measured	37	37	1	362ed01cba164832aed01cba1668321e	compression-derived-random256k-level6-v1	c5-gzip-level6-random256k-v1	true	true	ok	262144	04f7209a1428aceb9b838a3043af314defd245fab3da383edf7753f23133d184	262207	902fb060a81c368caafcdc10768beda0604bdd238516e6a8cb850e83ee069fbc	false	4096	/guest/c5_asyncs_representative_warm_v1	0.0.4@1784759769207	caf8366ad4263db5edf76f58d728a6fba5e12e0f6820d327f5bbecaa34265108	836ea3df370f0373319456aa13fdad1b6297ff4747839c5c685be615390bae8d	/guest/c5_asyncs_representative_warm_v1	fe2cceff68c2		fe2cceff68c2		14	true	warm	complete	168360945	232952723
asyncs	measured	38	38	1	cdbb13021a6d48d4bb13021a6d18d4b0	compression-derived-random256k-level6-v1	c5-gzip-level6-random256k-v1	true	true	ok	262144	04f7209a1428aceb9b838a3043af314defd245fab3da383edf7753f23133d184	262207	902fb060a81c368caafcdc10768beda0604bdd238516e6a8cb850e83ee069fbc	false	4096	/guest/c5_asyncs_representative_warm_v1	0.0.4@1784759769207	caf8366ad4263db5edf76f58d728a6fba5e12e0f6820d327f5bbecaa34265108	836ea3df370f0373319456aa13fdad1b6297ff4747839c5c685be615390bae8d	/guest/c5_asyncs_representative_warm_v1	ecf3e7a38895		ecf3e7a38895		8	true	warm	complete	212342807	287627869
asyncs	measured	39	39	1	073806162a4346c7b806162a4316c72c	compression-derived-random256k-level6-v1	c5-gzip-level6-random256k-v1	true	true	ok	262144	04f7209a1428aceb9b838a3043af314defd245fab3da383edf7753f23133d184	262207	902fb060a81c368caafcdc10768beda0604bdd238516e6a8cb850e83ee069fbc	false	4096	/guest/c5_asyncs_representative_warm_v1	0.0.4@1784759769207	caf8366ad4263db5edf76f58d728a6fba5e12e0f6820d327f5bbecaa34265108	836ea3df370f0373319456aa13fdad1b6297ff4747839c5c685be615390bae8d	/guest/c5_asyncs_representative_warm_v1	7eab2344c813		7eab2344c813		6	true	warm	complete	218497489	298154527
asyncs	measured	40	40	1	a8c25284f2a74662825284f2a7566284	compression-derived-random256k-level6-v1	c5-gzip-level6-random256k-v1	true	true	ok	262144	04f7209a1428aceb9b838a3043af314defd245fab3da383edf7753f23133d184	262207	902fb060a81c368caafcdc10768beda0604bdd238516e6a8cb850e83ee069fbc	false	4096	/guest/c5_asyncs_representative_warm_v1	0.0.4@1784759769207	caf8366ad4263db5edf76f58d728a6fba5e12e0f6820d327f5bbecaa34265108	836ea3df370f0373319456aa13fdad1b6297ff4747839c5c685be615390bae8d	/guest/c5_asyncs_representative_warm_v1	fe2cceff68c2		fe2cceff68c2		7	true	warm	complete	169326240	232161510
asyncs	measured	41	41	1	422aa3aceba6486eaaa3aceba6f86e03	compression-derived-random256k-level6-v1	c5-gzip-level6-random256k-v1	true	true	ok	262144	04f7209a1428aceb9b838a3043af314defd245fab3da383edf7753f23133d184	262207	902fb060a81c368caafcdc10768beda0604bdd238516e6a8cb850e83ee069fbc	false	4096	/guest/c5_asyncs_representative_warm_v1	0.0.4@1784759769207	caf8366ad4263db5edf76f58d728a6fba5e12e0f6820d327f5bbecaa34265108	836ea3df370f0373319456aa13fdad1b6297ff4747839c5c685be615390bae8d	/guest/c5_asyncs_representative_warm_v1	ecf3e7a38895		ecf3e7a38895		13	true	warm	complete	221265971	294937304
asyncs	measured	42	42	1	b8292d00cebc4f40a92d00cebc8f4020	compression-derived-random256k-level6-v1	c5-gzip-level6-random256k-v1	true	true	ok	262144	04f7209a1428aceb9b838a3043af314defd245fab3da383edf7753f23133d184	262207	902fb060a81c368caafcdc10768beda0604bdd238516e6a8cb850e83ee069fbc	false	4096	/guest/c5_asyncs_representative_warm_v1	0.0.4@1784759769207	caf8366ad4263db5edf76f58d728a6fba5e12e0f6820d327f5bbecaa34265108	836ea3df370f0373319456aa13fdad1b6297ff4747839c5c685be615390bae8d	/guest/c5_asyncs_representative_warm_v1	7eab2344c813		7eab2344c813		7	true	warm	complete	209821170	287146097
asyncs	measured	43	43	1	b0091075ffa4430b891075ffa4a30b40	compression-derived-random256k-level6-v1	c5-gzip-level6-random256k-v1	true	true	ok	262144	04f7209a1428aceb9b838a3043af314defd245fab3da383edf7753f23133d184	262207	902fb060a81c368caafcdc10768beda0604bdd238516e6a8cb850e83ee069fbc	false	4096	/guest/c5_asyncs_representative_warm_v1	0.0.4@1784759769207	caf8366ad4263db5edf76f58d728a6fba5e12e0f6820d327f5bbecaa34265108	836ea3df370f0373319456aa13fdad1b6297ff4747839c5c685be615390bae8d	/guest/c5_asyncs_representative_warm_v1	fe2cceff68c2		fe2cceff68c2		7	true	warm	complete	169052531	231550374
asyncs	measured	44	44	1	681cd935afe6443f9cd935afe6543fc7	compression-derived-random256k-level6-v1	c5-gzip-level6-random256k-v1	true	true	ok	262144	04f7209a1428aceb9b838a3043af314defd245fab3da383edf7753f23133d184	262207	902fb060a81c368caafcdc10768beda0604bdd238516e6a8cb850e83ee069fbc	false	4096	/guest/c5_asyncs_representative_warm_v1	0.0.4@1784759769207	caf8366ad4263db5edf76f58d728a6fba5e12e0f6820d327f5bbecaa34265108	836ea3df370f0373319456aa13fdad1b6297ff4747839c5c685be615390bae8d	/guest/c5_asyncs_representative_warm_v1	fe2cceff68c2		fe2cceff68c2		6	true	warm	complete	169016932	231411259
asyncs	measured	45	45	1	0f600072e7b047aea00072e7b0b7ae4a	compression-derived-random256k-level6-v1	c5-gzip-level6-random256k-v1	true	true	ok	262144	04f7209a1428aceb9b838a3043af314defd245fab3da383edf7753f23133d184	262207	902fb060a81c368caafcdc10768beda0604bdd238516e6a8cb850e83ee069fbc	false	4096	/guest/c5_asyncs_representative_warm_v1	0.0.4@1784759769207	caf8366ad4263db5edf76f58d728a6fba5e12e0f6820d327f5bbecaa34265108	836ea3df370f0373319456aa13fdad1b6297ff4747839c5c685be615390bae8d	/guest/c5_asyncs_representative_warm_v1	ecf3e7a38895		ecf3e7a38895		20	true	warm	complete	211905305	288315145
asyncs	measured	46	46	1	d000c6cd60834aa380c6cd60836aa388	compression-derived-random256k-level6-v1	c5-gzip-level6-random256k-v1	true	true	ok	262144	04f7209a1428aceb9b838a3043af314defd245fab3da383edf7753f23133d184	262207	902fb060a81c368caafcdc10768beda0604bdd238516e6a8cb850e83ee069fbc	false	4096	/guest/c5_asyncs_representative_warm_v1	0.0.4@1784759769207	caf8366ad4263db5edf76f58d728a6fba5e12e0f6820d327f5bbecaa34265108	836ea3df370f0373319456aa13fdad1b6297ff4747839c5c685be615390bae8d	/guest/c5_asyncs_representative_warm_v1	7eab2344c813		7eab2344c813		7	true	warm	complete	217973185	298887267
asyncs	measured	47	47	1	b7f2c4adf2df4895b2c4adf2df289586	compression-derived-random256k-level6-v1	c5-gzip-level6-random256k-v1	true	true	ok	262144	04f7209a1428aceb9b838a3043af314defd245fab3da383edf7753f23133d184	262207	902fb060a81c368caafcdc10768beda0604bdd238516e6a8cb850e83ee069fbc	false	4096	/guest/c5_asyncs_representative_warm_v1	0.0.4@1784759769207	caf8366ad4263db5edf76f58d728a6fba5e12e0f6820d327f5bbecaa34265108	836ea3df370f0373319456aa13fdad1b6297ff4747839c5c685be615390bae8d	/guest/c5_asyncs_representative_warm_v1	fe2cceff68c2		fe2cceff68c2		7	true	warm	complete	168056611	230296709
asyncs	measured	48	48	1	6309fc9db7b8428989fc9db7b8b289a3	compression-derived-random256k-level6-v1	c5-gzip-level6-random256k-v1	true	true	ok	262144	04f7209a1428aceb9b838a3043af314defd245fab3da383edf7753f23133d184	262207	902fb060a81c368caafcdc10768beda0604bdd238516e6a8cb850e83ee069fbc	false	4096	/guest/c5_asyncs_representative_warm_v1	0.0.4@1784759769207	caf8366ad4263db5edf76f58d728a6fba5e12e0f6820d327f5bbecaa34265108	836ea3df370f0373319456aa13fdad1b6297ff4747839c5c685be615390bae8d	/guest/c5_asyncs_representative_warm_v1	ecf3e7a38895		ecf3e7a38895		9	true	warm	complete	217154616	299910044
asyncs	measured	49	49	1	85471c49b8fb4b30871c49b8fb3b30f1	compression-derived-random256k-level6-v1	c5-gzip-level6-random256k-v1	true	true	ok	262144	04f7209a1428aceb9b838a3043af314defd245fab3da383edf7753f23133d184	262207	902fb060a81c368caafcdc10768beda0604bdd238516e6a8cb850e83ee069fbc	false	4096	/guest/c5_asyncs_representative_warm_v1	0.0.4@1784759769207	caf8366ad4263db5edf76f58d728a6fba5e12e0f6820d327f5bbecaa34265108	836ea3df370f0373319456aa13fdad1b6297ff4747839c5c685be615390bae8d	/guest/c5_asyncs_representative_warm_v1	7eab2344c813		7eab2344c813		10	true	warm	complete	214996052	294171837
asyncs	measured	50	50	1	302a7fc589ed46deaa7fc589eda6deb3	compression-derived-random256k-level6-v1	c5-gzip-level6-random256k-v1	true	true	ok	262144	04f7209a1428aceb9b838a3043af314defd245fab3da383edf7753f23133d184	262207	902fb060a81c368caafcdc10768beda0604bdd238516e6a8cb850e83ee069fbc	false	4096	/guest/c5_asyncs_representative_warm_v1	0.0.4@1784759769207	caf8366ad4263db5edf76f58d728a6fba5e12e0f6820d327f5bbecaa34265108	836ea3df370f0373319456aa13fdad1b6297ff4747839c5c685be615390bae8d	/guest/c5_asyncs_representative_warm_v1	fe2cceff68c2		fe2cceff68c2		9	true	warm	complete	168893919	231204751
asyncs	measured	51	51	1	f0d54ba24a324ba8954ba24a324ba8b1	compression-derived-random256k-level6-v1	c5-gzip-level6-random256k-v1	true	true	ok	262144	04f7209a1428aceb9b838a3043af314defd245fab3da383edf7753f23133d184	262207	902fb060a81c368caafcdc10768beda0604bdd238516e6a8cb850e83ee069fbc	false	4096	/guest/c5_asyncs_representative_warm_v1	0.0.4@1784759769207	caf8366ad4263db5edf76f58d728a6fba5e12e0f6820d327f5bbecaa34265108	836ea3df370f0373319456aa13fdad1b6297ff4747839c5c685be615390bae8d	/guest/c5_asyncs_representative_warm_v1	fe2cceff68c2		fe2cceff68c2		23	true	warm	complete	169110799	231454725
asyncs	measured	52	52	1	b4b45c5e5a144103b45c5e5a144103a8	compression-derived-random256k-level6-v1	c5-gzip-level6-random256k-v1	true	true	ok	262144	04f7209a1428aceb9b838a3043af314defd245fab3da383edf7753f23133d184	262207	902fb060a81c368caafcdc10768beda0604bdd238516e6a8cb850e83ee069fbc	false	4096	/guest/c5_asyncs_representative_warm_v1	0.0.4@1784759769207	caf8366ad4263db5edf76f58d728a6fba5e12e0f6820d327f5bbecaa34265108	836ea3df370f0373319456aa13fdad1b6297ff4747839c5c685be615390bae8d	/guest/c5_asyncs_representative_warm_v1	ecf3e7a38895		ecf3e7a38895		11	true	warm	complete	218638442	288785095
asyncs	measured	53	53	1	6846e6aa72c0484c86e6aa72c0884cbb	compression-derived-random256k-level6-v1	c5-gzip-level6-random256k-v1	true	true	ok	262144	04f7209a1428aceb9b838a3043af314defd245fab3da383edf7753f23133d184	262207	902fb060a81c368caafcdc10768beda0604bdd238516e6a8cb850e83ee069fbc	false	4096	/guest/c5_asyncs_representative_warm_v1	0.0.4@1784759769207	caf8366ad4263db5edf76f58d728a6fba5e12e0f6820d327f5bbecaa34265108	836ea3df370f0373319456aa13fdad1b6297ff4747839c5c685be615390bae8d	/guest/c5_asyncs_representative_warm_v1	7eab2344c813		7eab2344c813		9	true	warm	complete	220997809	302759209
asyncs	measured	54	54	1	2f292db09a3440f4a92db09a3410f47b	compression-derived-random256k-level6-v1	c5-gzip-level6-random256k-v1	true	true	ok	262144	04f7209a1428aceb9b838a3043af314defd245fab3da383edf7753f23133d184	262207	902fb060a81c368caafcdc10768beda0604bdd238516e6a8cb850e83ee069fbc	false	4096	/guest/c5_asyncs_representative_warm_v1	0.0.4@1784759769207	caf8366ad4263db5edf76f58d728a6fba5e12e0f6820d327f5bbecaa34265108	836ea3df370f0373319456aa13fdad1b6297ff4747839c5c685be615390bae8d	/guest/c5_asyncs_representative_warm_v1	fe2cceff68c2		fe2cceff68c2		9	true	warm	complete	168733632	230692601
asyncs	measured	55	55	1	7183f897bf904d5b83f897bf901d5b4c	compression-derived-random256k-level6-v1	c5-gzip-level6-random256k-v1	true	true	ok	262144	04f7209a1428aceb9b838a3043af314defd245fab3da383edf7753f23133d184	262207	902fb060a81c368caafcdc10768beda0604bdd238516e6a8cb850e83ee069fbc	false	4096	/guest/c5_asyncs_representative_warm_v1	0.0.4@1784759769207	caf8366ad4263db5edf76f58d728a6fba5e12e0f6820d327f5bbecaa34265108	836ea3df370f0373319456aa13fdad1b6297ff4747839c5c685be615390bae8d	/guest/c5_asyncs_representative_warm_v1	ecf3e7a38895		ecf3e7a38895		14	true	warm	complete	209730008	291019378
asyncs	measured	56	56	1	79d3170d2a2d4fa593170d2a2ddfa578	compression-derived-random256k-level6-v1	c5-gzip-level6-random256k-v1	true	true	ok	262144	04f7209a1428aceb9b838a3043af314defd245fab3da383edf7753f23133d184	262207	902fb060a81c368caafcdc10768beda0604bdd238516e6a8cb850e83ee069fbc	false	4096	/guest/c5_asyncs_representative_warm_v1	0.0.4@1784759769207	caf8366ad4263db5edf76f58d728a6fba5e12e0f6820d327f5bbecaa34265108	836ea3df370f0373319456aa13fdad1b6297ff4747839c5c685be615390bae8d	/guest/c5_asyncs_representative_warm_v1	7eab2344c813		7eab2344c813		7	true	warm	complete	220362216	297890588
asyncs	measured	57	57	1	70c34d5ffc1c444b834d5ffc1c544b52	compression-derived-random256k-level6-v1	c5-gzip-level6-random256k-v1	true	true	ok	262144	04f7209a1428aceb9b838a3043af314defd245fab3da383edf7753f23133d184	262207	902fb060a81c368caafcdc10768beda0604bdd238516e6a8cb850e83ee069fbc	false	4096	/guest/c5_asyncs_representative_warm_v1	0.0.4@1784759769207	caf8366ad4263db5edf76f58d728a6fba5e12e0f6820d327f5bbecaa34265108	836ea3df370f0373319456aa13fdad1b6297ff4747839c5c685be615390bae8d	/guest/c5_asyncs_representative_warm_v1	fe2cceff68c2		fe2cceff68c2		7	true	warm	complete	168293084	231438698
asyncs	measured	58	58	1	90c086da693a4f388086da693a0f3825	compression-derived-random256k-level6-v1	c5-gzip-level6-random256k-v1	true	true	ok	262144	04f7209a1428aceb9b838a3043af314defd245fab3da383edf7753f23133d184	262207	902fb060a81c368caafcdc10768beda0604bdd238516e6a8cb850e83ee069fbc	false	4096	/guest/c5_asyncs_representative_warm_v1	0.0.4@1784759769207	caf8366ad4263db5edf76f58d728a6fba5e12e0f6820d327f5bbecaa34265108	836ea3df370f0373319456aa13fdad1b6297ff4747839c5c685be615390bae8d	/guest/c5_asyncs_representative_warm_v1	ecf3e7a38895		ecf3e7a38895		17	true	warm	complete	212478852	284064015
asyncs	measured	59	59	1	985f86ebf91d43569f86ebf91d535682	compression-derived-random256k-level6-v1	c5-gzip-level6-random256k-v1	true	true	ok	262144	04f7209a1428aceb9b838a3043af314defd245fab3da383edf7753f23133d184	262207	902fb060a81c368caafcdc10768beda0604bdd238516e6a8cb850e83ee069fbc	false	4096	/guest/c5_asyncs_representative_warm_v1	0.0.4@1784759769207	caf8366ad4263db5edf76f58d728a6fba5e12e0f6820d327f5bbecaa34265108	836ea3df370f0373319456aa13fdad1b6297ff4747839c5c685be615390bae8d	/guest/c5_asyncs_representative_warm_v1	7eab2344c813		7eab2344c813		8	true	warm	complete	217156905	295538201
asyncs	measured	60	60	1	a9adacb626e04435adacb626e01435c5	compression-derived-random256k-level6-v1	c5-gzip-level6-random256k-v1	true	true	ok	262144	04f7209a1428aceb9b838a3043af314defd245fab3da383edf7753f23133d184	262207	902fb060a81c368caafcdc10768beda0604bdd238516e6a8cb850e83ee069fbc	false	4096	/guest/c5_asyncs_representative_warm_v1	0.0.4@1784759769207	caf8366ad4263db5edf76f58d728a6fba5e12e0f6820d327f5bbecaa34265108	836ea3df370f0373319456aa13fdad1b6297ff4747839c5c685be615390bae8d	/guest/c5_asyncs_representative_warm_v1	fe2cceff68c2		fe2cceff68c2		7	true	warm	complete	168091961	231412341
asyncs	measured	61	61	1	fa441f0b20ca44d5841f0b20cad4d50c	compression-derived-random256k-level6-v1	c5-gzip-level6-random256k-v1	true	true	ok	262144	04f7209a1428aceb9b838a3043af314defd245fab3da383edf7753f23133d184	262207	902fb060a81c368caafcdc10768beda0604bdd238516e6a8cb850e83ee069fbc	false	4096	/guest/c5_asyncs_representative_warm_v1	0.0.4@1784759769207	caf8366ad4263db5edf76f58d728a6fba5e12e0f6820d327f5bbecaa34265108	836ea3df370f0373319456aa13fdad1b6297ff4747839c5c685be615390bae8d	/guest/c5_asyncs_representative_warm_v1	ecf3e7a38895		ecf3e7a38895		12	true	warm	complete	167899297	230431127
asyncs	measured	62	62	1	bc984d9ed1564380984d9ed15623802f	compression-derived-random256k-level6-v1	c5-gzip-level6-random256k-v1	true	true	ok	262144	04f7209a1428aceb9b838a3043af314defd245fab3da383edf7753f23133d184	262207	902fb060a81c368caafcdc10768beda0604bdd238516e6a8cb850e83ee069fbc	false	4096	/guest/c5_asyncs_representative_warm_v1	0.0.4@1784759769207	caf8366ad4263db5edf76f58d728a6fba5e12e0f6820d327f5bbecaa34265108	836ea3df370f0373319456aa13fdad1b6297ff4747839c5c685be615390bae8d	/guest/c5_asyncs_representative_warm_v1	fe2cceff68c2		fe2cceff68c2		17	true	warm	complete	167913290	229569898
asyncs	measured	63	63	1	08a3d658a13a4a6da3d658a13a4a6dc9	compression-derived-random256k-level6-v1	c5-gzip-level6-random256k-v1	true	true	ok	262144	04f7209a1428aceb9b838a3043af314defd245fab3da383edf7753f23133d184	262207	902fb060a81c368caafcdc10768beda0604bdd238516e6a8cb850e83ee069fbc	false	4096	/guest/c5_asyncs_representative_warm_v1	0.0.4@1784759769207	caf8366ad4263db5edf76f58d728a6fba5e12e0f6820d327f5bbecaa34265108	836ea3df370f0373319456aa13fdad1b6297ff4747839c5c685be615390bae8d	/guest/c5_asyncs_representative_warm_v1	ecf3e7a38895		ecf3e7a38895		12	true	warm	complete	167917427	230411929
asyncs	measured	64	64	1	1fb14714c7804a3db14714c7809a3d0b	compression-derived-random256k-level6-v1	c5-gzip-level6-random256k-v1	true	true	ok	262144	04f7209a1428aceb9b838a3043af314defd245fab3da383edf7753f23133d184	262207	902fb060a81c368caafcdc10768beda0604bdd238516e6a8cb850e83ee069fbc	false	4096	/guest/c5_asyncs_representative_warm_v1	0.0.4@1784759769207	caf8366ad4263db5edf76f58d728a6fba5e12e0f6820d327f5bbecaa34265108	836ea3df370f0373319456aa13fdad1b6297ff4747839c5c685be615390bae8d	/guest/c5_asyncs_representative_warm_v1	fe2cceff68c2		fe2cceff68c2		9	true	warm	complete	168051569	230172638
asyncs	measured	65	65	1	93d7a20e505849bb97a20e505899bbc4	compression-derived-random256k-level6-v1	c5-gzip-level6-random256k-v1	true	true	ok	262144	04f7209a1428aceb9b838a3043af314defd245fab3da383edf7753f23133d184	262207	902fb060a81c368caafcdc10768beda0604bdd238516e6a8cb850e83ee069fbc	false	4096	/guest/c5_asyncs_representative_warm_v1	0.0.4@1784759769207	caf8366ad4263db5edf76f58d728a6fba5e12e0f6820d327f5bbecaa34265108	836ea3df370f0373319456aa13fdad1b6297ff4747839c5c685be615390bae8d	/guest/c5_asyncs_representative_warm_v1	ecf3e7a38895		ecf3e7a38895		12	true	warm	complete	209628461	282289771
asyncs	measured	66	66	1	0105892201d049b185892201d059b1c4	compression-derived-random256k-level6-v1	c5-gzip-level6-random256k-v1	true	true	ok	262144	04f7209a1428aceb9b838a3043af314defd245fab3da383edf7753f23133d184	262207	902fb060a81c368caafcdc10768beda0604bdd238516e6a8cb850e83ee069fbc	false	4096	/guest/c5_asyncs_representative_warm_v1	0.0.4@1784759769207	caf8366ad4263db5edf76f58d728a6fba5e12e0f6820d327f5bbecaa34265108	836ea3df370f0373319456aa13fdad1b6297ff4747839c5c685be615390bae8d	/guest/c5_asyncs_representative_warm_v1	fe2cceff68c2		fe2cceff68c2		9	true	warm	complete	172674245	235073020
asyncs	measured	67	67	1	31e3dc1a58ec4b94a3dc1a58ec7b94d4	compression-derived-random256k-level6-v1	c5-gzip-level6-random256k-v1	true	true	ok	262144	04f7209a1428aceb9b838a3043af314defd245fab3da383edf7753f23133d184	262207	902fb060a81c368caafcdc10768beda0604bdd238516e6a8cb850e83ee069fbc	false	4096	/guest/c5_asyncs_representative_warm_v1	0.0.4@1784759769207	caf8366ad4263db5edf76f58d728a6fba5e12e0f6820d327f5bbecaa34265108	836ea3df370f0373319456aa13fdad1b6297ff4747839c5c685be615390bae8d	/guest/c5_asyncs_representative_warm_v1	7eab2344c813		7eab2344c813		7	true	warm	complete	215247771	289181028
asyncs	measured	68	68	1	f3d44a41c1334be6944a41c1332be6d2	compression-derived-random256k-level6-v1	c5-gzip-level6-random256k-v1	true	true	ok	262144	04f7209a1428aceb9b838a3043af314defd245fab3da383edf7753f23133d184	262207	902fb060a81c368caafcdc10768beda0604bdd238516e6a8cb850e83ee069fbc	false	4096	/guest/c5_asyncs_representative_warm_v1	0.0.4@1784759769207	caf8366ad4263db5edf76f58d728a6fba5e12e0f6820d327f5bbecaa34265108	836ea3df370f0373319456aa13fdad1b6297ff4747839c5c685be615390bae8d	/guest/c5_asyncs_representative_warm_v1	fe2cceff68c2		fe2cceff68c2		11	true	warm	complete	169027821	231337952
asyncs	measured	69	69	1	b3e30b49784143a1a30b49784123a1ba	compression-derived-random256k-level6-v1	c5-gzip-level6-random256k-v1	true	true	ok	262144	04f7209a1428aceb9b838a3043af314defd245fab3da383edf7753f23133d184	262207	902fb060a81c368caafcdc10768beda0604bdd238516e6a8cb850e83ee069fbc	false	4096	/guest/c5_asyncs_representative_warm_v1	0.0.4@1784759769207	caf8366ad4263db5edf76f58d728a6fba5e12e0f6820d327f5bbecaa34265108	836ea3df370f0373319456aa13fdad1b6297ff4747839c5c685be615390bae8d	/guest/c5_asyncs_representative_warm_v1	ecf3e7a38895		ecf3e7a38895		8	true	warm	complete	167974511	234304258
asyncs	measured	70	70	1	462eb842d5534df8aeb842d5537df86f	compression-derived-random256k-level6-v1	c5-gzip-level6-random256k-v1	true	true	ok	262144	04f7209a1428aceb9b838a3043af314defd245fab3da383edf7753f23133d184	262207	902fb060a81c368caafcdc10768beda0604bdd238516e6a8cb850e83ee069fbc	false	4096	/guest/c5_asyncs_representative_warm_v1	0.0.4@1784759769207	caf8366ad4263db5edf76f58d728a6fba5e12e0f6820d327f5bbecaa34265108	836ea3df370f0373319456aa13fdad1b6297ff4747839c5c685be615390bae8d	/guest/c5_asyncs_representative_warm_v1	fe2cceff68c2		fe2cceff68c2		19	true	warm	complete	168305341	231072453
asyncs	measured	71	71	1	83f184051b5e47feb184051b5e97febf	compression-derived-random256k-level6-v1	c5-gzip-level6-random256k-v1	true	true	ok	262144	04f7209a1428aceb9b838a3043af314defd245fab3da383edf7753f23133d184	262207	902fb060a81c368caafcdc10768beda0604bdd238516e6a8cb850e83ee069fbc	false	4096	/guest/c5_asyncs_representative_warm_v1	0.0.4@1784759769207	caf8366ad4263db5edf76f58d728a6fba5e12e0f6820d327f5bbecaa34265108	836ea3df370f0373319456aa13fdad1b6297ff4747839c5c685be615390bae8d	/guest/c5_asyncs_representative_warm_v1	ecf3e7a38895		ecf3e7a38895		8	true	warm	complete	168364326	237029010
asyncs	measured	72	72	1	a1bb61fbd0194c53bb61fbd0193c538f	compression-derived-random256k-level6-v1	c5-gzip-level6-random256k-v1	true	true	ok	262144	04f7209a1428aceb9b838a3043af314defd245fab3da383edf7753f23133d184	262207	902fb060a81c368caafcdc10768beda0604bdd238516e6a8cb850e83ee069fbc	false	4096	/guest/c5_asyncs_representative_warm_v1	0.0.4@1784759769207	caf8366ad4263db5edf76f58d728a6fba5e12e0f6820d327f5bbecaa34265108	836ea3df370f0373319456aa13fdad1b6297ff4747839c5c685be615390bae8d	/guest/c5_asyncs_representative_warm_v1	7eab2344c813		7eab2344c813		8	true	warm	complete	207912972	286855416
asyncs	measured	73	73	1	487fd5f4b6804bf9bfd5f4b6808bf966	compression-derived-random256k-level6-v1	c5-gzip-level6-random256k-v1	true	true	ok	262144	04f7209a1428aceb9b838a3043af314defd245fab3da383edf7753f23133d184	262207	902fb060a81c368caafcdc10768beda0604bdd238516e6a8cb850e83ee069fbc	false	4096	/guest/c5_asyncs_representative_warm_v1	0.0.4@1784759769207	caf8366ad4263db5edf76f58d728a6fba5e12e0f6820d327f5bbecaa34265108	836ea3df370f0373319456aa13fdad1b6297ff4747839c5c685be615390bae8d	/guest/c5_asyncs_representative_warm_v1	fe2cceff68c2		fe2cceff68c2		9	true	warm	complete	168138084	234959280
asyncs	measured	74	74	1	6786bc314b7d435686bc314b7dc35681	compression-derived-random256k-level6-v1	c5-gzip-level6-random256k-v1	true	true	ok	262144	04f7209a1428aceb9b838a3043af314defd245fab3da383edf7753f23133d184	262207	902fb060a81c368caafcdc10768beda0604bdd238516e6a8cb850e83ee069fbc	false	4096	/guest/c5_asyncs_representative_warm_v1	0.0.4@1784759769207	caf8366ad4263db5edf76f58d728a6fba5e12e0f6820d327f5bbecaa34265108	836ea3df370f0373319456aa13fdad1b6297ff4747839c5c685be615390bae8d	/guest/c5_asyncs_representative_warm_v1	ecf3e7a38895		ecf3e7a38895		13	true	warm	complete	206576939	275148990
asyncs	measured	75	75	1	592de53f8f4f4fc9ade53f8f4fffc954	compression-derived-random256k-level6-v1	c5-gzip-level6-random256k-v1	true	true	ok	262144	04f7209a1428aceb9b838a3043af314defd245fab3da383edf7753f23133d184	262207	902fb060a81c368caafcdc10768beda0604bdd238516e6a8cb850e83ee069fbc	false	4096	/guest/c5_asyncs_representative_warm_v1	0.0.4@1784759769207	caf8366ad4263db5edf76f58d728a6fba5e12e0f6820d327f5bbecaa34265108	836ea3df370f0373319456aa13fdad1b6297ff4747839c5c685be615390bae8d	/guest/c5_asyncs_representative_warm_v1	fe2cceff68c2		fe2cceff68c2		28	true	warm	complete	169039269	231356833
asyncs	measured	76	76	1	7149091c4e874e5489091c4e87be54b2	compression-derived-random256k-level6-v1	c5-gzip-level6-random256k-v1	true	true	ok	262144	04f7209a1428aceb9b838a3043af314defd245fab3da383edf7753f23133d184	262207	902fb060a81c368caafcdc10768beda0604bdd238516e6a8cb850e83ee069fbc	false	4096	/guest/c5_asyncs_representative_warm_v1	0.0.4@1784759769207	caf8366ad4263db5edf76f58d728a6fba5e12e0f6820d327f5bbecaa34265108	836ea3df370f0373319456aa13fdad1b6297ff4747839c5c685be615390bae8d	/guest/c5_asyncs_representative_warm_v1	7eab2344c813		7eab2344c813		17	true	warm	complete	208474531	282776323
asyncs	measured	77	77	1	5fd71291777e4c81971291777e7c813c	compression-derived-random256k-level6-v1	c5-gzip-level6-random256k-v1	true	true	ok	262144	04f7209a1428aceb9b838a3043af314defd245fab3da383edf7753f23133d184	262207	902fb060a81c368caafcdc10768beda0604bdd238516e6a8cb850e83ee069fbc	false	4096	/guest/c5_asyncs_representative_warm_v1	0.0.4@1784759769207	caf8366ad4263db5edf76f58d728a6fba5e12e0f6820d327f5bbecaa34265108	836ea3df370f0373319456aa13fdad1b6297ff4747839c5c685be615390bae8d	/guest/c5_asyncs_representative_warm_v1	ecf3e7a38895		ecf3e7a38895		23	true	warm	complete	207300754	284755263
asyncs	measured	78	78	1	a0da007ba3404f589a007ba340bf5827	compression-derived-random256k-level6-v1	c5-gzip-level6-random256k-v1	true	true	ok	262144	04f7209a1428aceb9b838a3043af314defd245fab3da383edf7753f23133d184	262207	902fb060a81c368caafcdc10768beda0604bdd238516e6a8cb850e83ee069fbc	false	4096	/guest/c5_asyncs_representative_warm_v1	0.0.4@1784759769207	caf8366ad4263db5edf76f58d728a6fba5e12e0f6820d327f5bbecaa34265108	836ea3df370f0373319456aa13fdad1b6297ff4747839c5c685be615390bae8d	/guest/c5_asyncs_representative_warm_v1	fe2cceff68c2		fe2cceff68c2		8	true	warm	complete	168966138	237771463
asyncs	measured	79	79	1	7b755ec69c1f43f3b55ec69c1fb3f3c5	compression-derived-random256k-level6-v1	c5-gzip-level6-random256k-v1	true	true	ok	262144	04f7209a1428aceb9b838a3043af314defd245fab3da383edf7753f23133d184	262207	902fb060a81c368caafcdc10768beda0604bdd238516e6a8cb850e83ee069fbc	false	4096	/guest/c5_asyncs_representative_warm_v1	0.0.4@1784759769207	caf8366ad4263db5edf76f58d728a6fba5e12e0f6820d327f5bbecaa34265108	836ea3df370f0373319456aa13fdad1b6297ff4747839c5c685be615390bae8d	/guest/c5_asyncs_representative_warm_v1	7eab2344c813		7eab2344c813		14	true	warm	complete	213747771	294138556
asyncs	measured	80	80	1	aabbf3c3da024961bbf3c3da027961a6	compression-derived-random256k-level6-v1	c5-gzip-level6-random256k-v1	true	true	ok	262144	04f7209a1428aceb9b838a3043af314defd245fab3da383edf7753f23133d184	262207	902fb060a81c368caafcdc10768beda0604bdd238516e6a8cb850e83ee069fbc	false	4096	/guest/c5_asyncs_representative_warm_v1	0.0.4@1784759769207	caf8366ad4263db5edf76f58d728a6fba5e12e0f6820d327f5bbecaa34265108	836ea3df370f0373319456aa13fdad1b6297ff4747839c5c685be615390bae8d	/guest/c5_asyncs_representative_warm_v1	ecf3e7a38895		ecf3e7a38895		11	true	warm	complete	212749315	286929796
asyncs	measured	81	81	1	61629dc12b4841dba29dc12b4821dbf7	compression-derived-random256k-level6-v1	c5-gzip-level6-random256k-v1	true	true	ok	262144	04f7209a1428aceb9b838a3043af314defd245fab3da383edf7753f23133d184	262207	902fb060a81c368caafcdc10768beda0604bdd238516e6a8cb850e83ee069fbc	false	4096	/guest/c5_asyncs_representative_warm_v1	0.0.4@1784759769207	caf8366ad4263db5edf76f58d728a6fba5e12e0f6820d327f5bbecaa34265108	836ea3df370f0373319456aa13fdad1b6297ff4747839c5c685be615390bae8d	/guest/c5_asyncs_representative_warm_v1	fe2cceff68c2		fe2cceff68c2		10	true	warm	complete	168839893	231039451
asyncs	measured	82	82	1	c3a16e87669c4185a16e87669cb18555	compression-derived-random256k-level6-v1	c5-gzip-level6-random256k-v1	true	true	ok	262144	04f7209a1428aceb9b838a3043af314defd245fab3da383edf7753f23133d184	262207	902fb060a81c368caafcdc10768beda0604bdd238516e6a8cb850e83ee069fbc	false	4096	/guest/c5_asyncs_representative_warm_v1	0.0.4@1784759769207	caf8366ad4263db5edf76f58d728a6fba5e12e0f6820d327f5bbecaa34265108	836ea3df370f0373319456aa13fdad1b6297ff4747839c5c685be615390bae8d	/guest/c5_asyncs_representative_warm_v1	ecf3e7a38895		ecf3e7a38895		15	true	warm	complete	218289857	289412048
asyncs	measured	83	83	1	6d93d909c15a44f893d909c15ab4f8ae	compression-derived-random256k-level6-v1	c5-gzip-level6-random256k-v1	true	true	ok	262144	04f7209a1428aceb9b838a3043af314defd245fab3da383edf7753f23133d184	262207	902fb060a81c368caafcdc10768beda0604bdd238516e6a8cb850e83ee069fbc	false	4096	/guest/c5_asyncs_representative_warm_v1	0.0.4@1784759769207	caf8366ad4263db5edf76f58d728a6fba5e12e0f6820d327f5bbecaa34265108	836ea3df370f0373319456aa13fdad1b6297ff4747839c5c685be615390bae8d	/guest/c5_asyncs_representative_warm_v1	7eab2344c813		7eab2344c813		11	true	warm	complete	216734220	296796701
asyncs	measured	84	84	1	bded535726cc4b17ad535726ccfb17f5	compression-derived-random256k-level6-v1	c5-gzip-level6-random256k-v1	true	true	ok	262144	04f7209a1428aceb9b838a3043af314defd245fab3da383edf7753f23133d184	262207	902fb060a81c368caafcdc10768beda0604bdd238516e6a8cb850e83ee069fbc	false	4096	/guest/c5_asyncs_representative_warm_v1	0.0.4@1784759769207	caf8366ad4263db5edf76f58d728a6fba5e12e0f6820d327f5bbecaa34265108	836ea3df370f0373319456aa13fdad1b6297ff4747839c5c685be615390bae8d	/guest/c5_asyncs_representative_warm_v1	fe2cceff68c2		fe2cceff68c2		8	true	warm	complete	168332300	230751223
asyncs	measured	85	85	1	fea18adc9d664c81a18adc9d66cc811e	compression-derived-random256k-level6-v1	c5-gzip-level6-random256k-v1	true	true	ok	262144	04f7209a1428aceb9b838a3043af314defd245fab3da383edf7753f23133d184	262207	902fb060a81c368caafcdc10768beda0604bdd238516e6a8cb850e83ee069fbc	false	4096	/guest/c5_asyncs_representative_warm_v1	0.0.4@1784759769207	caf8366ad4263db5edf76f58d728a6fba5e12e0f6820d327f5bbecaa34265108	836ea3df370f0373319456aa13fdad1b6297ff4747839c5c685be615390bae8d	/guest/c5_asyncs_representative_warm_v1	ecf3e7a38895		ecf3e7a38895		10	true	warm	complete	214664270	286117158
asyncs	measured	86	86	1	4d540493babf4538940493babfa538d7	compression-derived-random256k-level6-v1	c5-gzip-level6-random256k-v1	true	true	ok	262144	04f7209a1428aceb9b838a3043af314defd245fab3da383edf7753f23133d184	262207	902fb060a81c368caafcdc10768beda0604bdd238516e6a8cb850e83ee069fbc	false	4096	/guest/c5_asyncs_representative_warm_v1	0.0.4@1784759769207	caf8366ad4263db5edf76f58d728a6fba5e12e0f6820d327f5bbecaa34265108	836ea3df370f0373319456aa13fdad1b6297ff4747839c5c685be615390bae8d	/guest/c5_asyncs_representative_warm_v1	7eab2344c813		7eab2344c813		8	true	warm	complete	214125433	290803128
asyncs	measured	87	87	1	94b36d6399d0492bb36d6399d0292b95	compression-derived-random256k-level6-v1	c5-gzip-level6-random256k-v1	true	true	ok	262144	04f7209a1428aceb9b838a3043af314defd245fab3da383edf7753f23133d184	262207	902fb060a81c368caafcdc10768beda0604bdd238516e6a8cb850e83ee069fbc	false	4096	/guest/c5_asyncs_representative_warm_v1	0.0.4@1784759769207	caf8366ad4263db5edf76f58d728a6fba5e12e0f6820d327f5bbecaa34265108	836ea3df370f0373319456aa13fdad1b6297ff4747839c5c685be615390bae8d	/guest/c5_asyncs_representative_warm_v1	fe2cceff68c2		fe2cceff68c2		5	true	warm	complete	168236513	231729421
asyncs	measured	88	88	1	d6d0ff28b003459090ff28b003e59005	compression-derived-random256k-level6-v1	c5-gzip-level6-random256k-v1	true	true	ok	262144	04f7209a1428aceb9b838a3043af314defd245fab3da383edf7753f23133d184	262207	902fb060a81c368caafcdc10768beda0604bdd238516e6a8cb850e83ee069fbc	false	4096	/guest/c5_asyncs_representative_warm_v1	0.0.4@1784759769207	caf8366ad4263db5edf76f58d728a6fba5e12e0f6820d327f5bbecaa34265108	836ea3df370f0373319456aa13fdad1b6297ff4747839c5c685be615390bae8d	/guest/c5_asyncs_representative_warm_v1	fe2cceff68c2		fe2cceff68c2		12	true	warm	complete	167854205	230469082
asyncs	measured	89	89	1	89d9cc83895f483399cc83895fe833ec	compression-derived-random256k-level6-v1	c5-gzip-level6-random256k-v1	true	true	ok	262144	04f7209a1428aceb9b838a3043af314defd245fab3da383edf7753f23133d184	262207	902fb060a81c368caafcdc10768beda0604bdd238516e6a8cb850e83ee069fbc	false	4096	/guest/c5_asyncs_representative_warm_v1	0.0.4@1784759769207	caf8366ad4263db5edf76f58d728a6fba5e12e0f6820d327f5bbecaa34265108	836ea3df370f0373319456aa13fdad1b6297ff4747839c5c685be615390bae8d	/guest/c5_asyncs_representative_warm_v1	ecf3e7a38895		ecf3e7a38895		10	true	warm	complete	211082233	281725286
asyncs	measured	90	90	1	e8dc60de14b949049c60de14b969040b	compression-derived-random256k-level6-v1	c5-gzip-level6-random256k-v1	true	true	ok	262144	04f7209a1428aceb9b838a3043af314defd245fab3da383edf7753f23133d184	262207	902fb060a81c368caafcdc10768beda0604bdd238516e6a8cb850e83ee069fbc	false	4096	/guest/c5_asyncs_representative_warm_v1	0.0.4@1784759769207	caf8366ad4263db5edf76f58d728a6fba5e12e0f6820d327f5bbecaa34265108	836ea3df370f0373319456aa13fdad1b6297ff4747839c5c685be615390bae8d	/guest/c5_asyncs_representative_warm_v1	7eab2344c813		7eab2344c813		8	true	warm	complete	217063213	297217122
asyncs	measured	91	91	1	40b7d959487e4798b7d959487e579867	compression-derived-random256k-level6-v1	c5-gzip-level6-random256k-v1	true	true	ok	262144	04f7209a1428aceb9b838a3043af314defd245fab3da383edf7753f23133d184	262207	902fb060a81c368caafcdc10768beda0604bdd238516e6a8cb850e83ee069fbc	false	4096	/guest/c5_asyncs_representative_warm_v1	0.0.4@1784759769207	caf8366ad4263db5edf76f58d728a6fba5e12e0f6820d327f5bbecaa34265108	836ea3df370f0373319456aa13fdad1b6297ff4747839c5c685be615390bae8d	/guest/c5_asyncs_representative_warm_v1	fe2cceff68c2		fe2cceff68c2		7	true	warm	complete	167782710	230020497
asyncs	measured	92	92	1	7f2324aaa8a34d43a324aaa8a3dd4343	compression-derived-random256k-level6-v1	c5-gzip-level6-random256k-v1	true	true	ok	262144	04f7209a1428aceb9b838a3043af314defd245fab3da383edf7753f23133d184	262207	902fb060a81c368caafcdc10768beda0604bdd238516e6a8cb850e83ee069fbc	false	4096	/guest/c5_asyncs_representative_warm_v1	0.0.4@1784759769207	caf8366ad4263db5edf76f58d728a6fba5e12e0f6820d327f5bbecaa34265108	836ea3df370f0373319456aa13fdad1b6297ff4747839c5c685be615390bae8d	/guest/c5_asyncs_representative_warm_v1	fe2cceff68c2		fe2cceff68c2		20	true	warm	complete	168433109	230629644
asyncs	measured	93	93	1	ad3fb9de5aaa4aaabfb9de5aaafaaafc	compression-derived-random256k-level6-v1	c5-gzip-level6-random256k-v1	true	true	ok	262144	04f7209a1428aceb9b838a3043af314defd245fab3da383edf7753f23133d184	262207	902fb060a81c368caafcdc10768beda0604bdd238516e6a8cb850e83ee069fbc	false	4096	/guest/c5_asyncs_representative_warm_v1	0.0.4@1784759769207	caf8366ad4263db5edf76f58d728a6fba5e12e0f6820d327f5bbecaa34265108	836ea3df370f0373319456aa13fdad1b6297ff4747839c5c685be615390bae8d	/guest/c5_asyncs_representative_warm_v1	ecf3e7a38895		ecf3e7a38895		12	true	warm	complete	167061561	233187039
asyncs	measured	94	94	1	9b3dbfd15c95497abdbfd15c95097a4b	compression-derived-random256k-level6-v1	c5-gzip-level6-random256k-v1	true	true	ok	262144	04f7209a1428aceb9b838a3043af314defd245fab3da383edf7753f23133d184	262207	902fb060a81c368caafcdc10768beda0604bdd238516e6a8cb850e83ee069fbc	false	4096	/guest/c5_asyncs_representative_warm_v1	0.0.4@1784759769207	caf8366ad4263db5edf76f58d728a6fba5e12e0f6820d327f5bbecaa34265108	836ea3df370f0373319456aa13fdad1b6297ff4747839c5c685be615390bae8d	/guest/c5_asyncs_representative_warm_v1	7eab2344c813		7eab2344c813		8	true	warm	complete	172069708	239723185
asyncs	measured	95	95	1	e973dac5a62b465db3dac5a62bc65de7	compression-derived-random256k-level6-v1	c5-gzip-level6-random256k-v1	true	true	ok	262144	04f7209a1428aceb9b838a3043af314defd245fab3da383edf7753f23133d184	262207	902fb060a81c368caafcdc10768beda0604bdd238516e6a8cb850e83ee069fbc	false	4096	/guest/c5_asyncs_representative_warm_v1	0.0.4@1784759769207	caf8366ad4263db5edf76f58d728a6fba5e12e0f6820d327f5bbecaa34265108	836ea3df370f0373319456aa13fdad1b6297ff4747839c5c685be615390bae8d	/guest/c5_asyncs_representative_warm_v1	fe2cceff68c2		fe2cceff68c2		7	true	warm	complete	168190546	230339803
asyncs	measured	96	96	1	b0c7c9e7239347be87c9e7239397be0b	compression-derived-random256k-level6-v1	c5-gzip-level6-random256k-v1	true	true	ok	262144	04f7209a1428aceb9b838a3043af314defd245fab3da383edf7753f23133d184	262207	902fb060a81c368caafcdc10768beda0604bdd238516e6a8cb850e83ee069fbc	false	4096	/guest/c5_asyncs_representative_warm_v1	0.0.4@1784759769207	caf8366ad4263db5edf76f58d728a6fba5e12e0f6820d327f5bbecaa34265108	836ea3df370f0373319456aa13fdad1b6297ff4747839c5c685be615390bae8d	/guest/c5_asyncs_representative_warm_v1	ecf3e7a38895		ecf3e7a38895		12	true	warm	complete	211360017	292367065
asyncs	measured	97	97	1	db5756e8078a4bb19756e8078aebb1b9	compression-derived-random256k-level6-v1	c5-gzip-level6-random256k-v1	true	true	ok	262144	04f7209a1428aceb9b838a3043af314defd245fab3da383edf7753f23133d184	262207	902fb060a81c368caafcdc10768beda0604bdd238516e6a8cb850e83ee069fbc	false	4096	/guest/c5_asyncs_representative_warm_v1	0.0.4@1784759769207	caf8366ad4263db5edf76f58d728a6fba5e12e0f6820d327f5bbecaa34265108	836ea3df370f0373319456aa13fdad1b6297ff4747839c5c685be615390bae8d	/guest/c5_asyncs_representative_warm_v1	7eab2344c813		7eab2344c813		7	true	warm	complete	218452083	297762980
asyncs	measured	98	98	1	3cfe102302e344f4be102302e324f457	compression-derived-random256k-level6-v1	c5-gzip-level6-random256k-v1	true	true	ok	262144	04f7209a1428aceb9b838a3043af314defd245fab3da383edf7753f23133d184	262207	902fb060a81c368caafcdc10768beda0604bdd238516e6a8cb850e83ee069fbc	false	4096	/guest/c5_asyncs_representative_warm_v1	0.0.4@1784759769207	caf8366ad4263db5edf76f58d728a6fba5e12e0f6820d327f5bbecaa34265108	836ea3df370f0373319456aa13fdad1b6297ff4747839c5c685be615390bae8d	/guest/c5_asyncs_representative_warm_v1	fe2cceff68c2		fe2cceff68c2		10	true	warm	complete	168335801	230865416
asyncs	measured	99	99	1	903d249af56341ddbd249af56391dd2a	compression-derived-random256k-level6-v1	c5-gzip-level6-random256k-v1	true	true	ok	262144	04f7209a1428aceb9b838a3043af314defd245fab3da383edf7753f23133d184	262207	902fb060a81c368caafcdc10768beda0604bdd238516e6a8cb850e83ee069fbc	false	4096	/guest/c5_asyncs_representative_warm_v1	0.0.4@1784759769207	caf8366ad4263db5edf76f58d728a6fba5e12e0f6820d327f5bbecaa34265108	836ea3df370f0373319456aa13fdad1b6297ff4747839c5c685be615390bae8d	/guest/c5_asyncs_representative_warm_v1	ecf3e7a38895		ecf3e7a38895		11	true	warm	complete	218890244	296982893
asyncs	measured	100	100	1	25d93f3d8364450f993f3d8364050f7f	compression-derived-random256k-level6-v1	c5-gzip-level6-random256k-v1	true	true	ok	262144	04f7209a1428aceb9b838a3043af314defd245fab3da383edf7753f23133d184	262207	902fb060a81c368caafcdc10768beda0604bdd238516e6a8cb850e83ee069fbc	false	4096	/guest/c5_asyncs_representative_warm_v1	0.0.4@1784759769207	caf8366ad4263db5edf76f58d728a6fba5e12e0f6820d327f5bbecaa34265108	836ea3df370f0373319456aa13fdad1b6297ff4747839c5c685be615390bae8d	/guest/c5_asyncs_representative_warm_v1	7eab2344c813		7eab2344c813		9	true	warm	complete	215037020	291358244
asyncs	measured	101	101	1	8682dd34141443d482dd34141493d493	compression-derived-random256k-level6-v1	c5-gzip-level6-random256k-v1	true	true	ok	262144	04f7209a1428aceb9b838a3043af314defd245fab3da383edf7753f23133d184	262207	902fb060a81c368caafcdc10768beda0604bdd238516e6a8cb850e83ee069fbc	false	4096	/guest/c5_asyncs_representative_warm_v1	0.0.4@1784759769207	caf8366ad4263db5edf76f58d728a6fba5e12e0f6820d327f5bbecaa34265108	836ea3df370f0373319456aa13fdad1b6297ff4747839c5c685be615390bae8d	/guest/c5_asyncs_representative_warm_v1	fe2cceff68c2		fe2cceff68c2		8	true	warm	complete	168233632	236381707
asyncs	measured	102	102	1	bac59194842d4122859194842d812270	compression-derived-random256k-level6-v1	c5-gzip-level6-random256k-v1	true	true	ok	262144	04f7209a1428aceb9b838a3043af314defd245fab3da383edf7753f23133d184	262207	902fb060a81c368caafcdc10768beda0604bdd238516e6a8cb850e83ee069fbc	false	4096	/guest/c5_asyncs_representative_warm_v1	0.0.4@1784759769207	caf8366ad4263db5edf76f58d728a6fba5e12e0f6820d327f5bbecaa34265108	836ea3df370f0373319456aa13fdad1b6297ff4747839c5c685be615390bae8d	/guest/c5_asyncs_representative_warm_v1	7eab2344c813		7eab2344c813		14	true	warm	complete	214439788	292326044
asyncs	measured	103	103	1	c894e2c72f8446a394e2c72f84a6a3a2	compression-derived-random256k-level6-v1	c5-gzip-level6-random256k-v1	true	true	ok	262144	04f7209a1428aceb9b838a3043af314defd245fab3da383edf7753f23133d184	262207	902fb060a81c368caafcdc10768beda0604bdd238516e6a8cb850e83ee069fbc	false	4096	/guest/c5_asyncs_representative_warm_v1	0.0.4@1784759769207	caf8366ad4263db5edf76f58d728a6fba5e12e0f6820d327f5bbecaa34265108	836ea3df370f0373319456aa13fdad1b6297ff4747839c5c685be615390bae8d	/guest/c5_asyncs_representative_warm_v1	ecf3e7a38895		ecf3e7a38895		14	true	warm	complete	216541566	296654561
asyncs	measured	104	104	1	3c603f087b9a4809a03f087b9a980919	compression-derived-random256k-level6-v1	c5-gzip-level6-random256k-v1	true	true	ok	262144	04f7209a1428aceb9b838a3043af314defd245fab3da383edf7753f23133d184	262207	902fb060a81c368caafcdc10768beda0604bdd238516e6a8cb850e83ee069fbc	false	4096	/guest/c5_asyncs_representative_warm_v1	0.0.4@1784759769207	caf8366ad4263db5edf76f58d728a6fba5e12e0f6820d327f5bbecaa34265108	836ea3df370f0373319456aa13fdad1b6297ff4747839c5c685be615390bae8d	/guest/c5_asyncs_representative_warm_v1	fe2cceff68c2		fe2cceff68c2		8	true	warm	complete	167781630	232309891
asyncs	measured	105	105	1	1f69406c619e4c9ea9406c619e5c9e6c	compression-derived-random256k-level6-v1	c5-gzip-level6-random256k-v1	true	true	ok	262144	04f7209a1428aceb9b838a3043af314defd245fab3da383edf7753f23133d184	262207	902fb060a81c368caafcdc10768beda0604bdd238516e6a8cb850e83ee069fbc	false	4096	/guest/c5_asyncs_representative_warm_v1	0.0.4@1784759769207	caf8366ad4263db5edf76f58d728a6fba5e12e0f6820d327f5bbecaa34265108	836ea3df370f0373319456aa13fdad1b6297ff4747839c5c685be615390bae8d	/guest/c5_asyncs_representative_warm_v1	ecf3e7a38895		ecf3e7a38895		7	true	warm	complete	167302556	230052015
asyncs	measured	106	106	1	8c86a5046395454986a504639595492f	compression-derived-random256k-level6-v1	c5-gzip-level6-random256k-v1	true	true	ok	262144	04f7209a1428aceb9b838a3043af314defd245fab3da383edf7753f23133d184	262207	902fb060a81c368caafcdc10768beda0604bdd238516e6a8cb850e83ee069fbc	false	4096	/guest/c5_asyncs_representative_warm_v1	0.0.4@1784759769207	caf8366ad4263db5edf76f58d728a6fba5e12e0f6820d327f5bbecaa34265108	836ea3df370f0373319456aa13fdad1b6297ff4747839c5c685be615390bae8d	/guest/c5_asyncs_representative_warm_v1	fe2cceff68c2		fe2cceff68c2		8	true	warm	complete	168152791	230375221
asyncs	measured	107	107	1	468603c7dced40498603c7dced3049af	compression-derived-random256k-level6-v1	c5-gzip-level6-random256k-v1	true	true	ok	262144	04f7209a1428aceb9b838a3043af314defd245fab3da383edf7753f23133d184	262207	902fb060a81c368caafcdc10768beda0604bdd238516e6a8cb850e83ee069fbc	false	4096	/guest/c5_asyncs_representative_warm_v1	0.0.4@1784759769207	caf8366ad4263db5edf76f58d728a6fba5e12e0f6820d327f5bbecaa34265108	836ea3df370f0373319456aa13fdad1b6297ff4747839c5c685be615390bae8d	/guest/c5_asyncs_representative_warm_v1	ecf3e7a38895		ecf3e7a38895		8	true	warm	complete	214036513	283895734
asyncs	measured	108	108	1	97510924ca9b4f93910924ca9b2f93ad	compression-derived-random256k-level6-v1	c5-gzip-level6-random256k-v1	true	true	ok	262144	04f7209a1428aceb9b838a3043af314defd245fab3da383edf7753f23133d184	262207	902fb060a81c368caafcdc10768beda0604bdd238516e6a8cb850e83ee069fbc	false	4096	/guest/c5_asyncs_representative_warm_v1	0.0.4@1784759769207	caf8366ad4263db5edf76f58d728a6fba5e12e0f6820d327f5bbecaa34265108	836ea3df370f0373319456aa13fdad1b6297ff4747839c5c685be615390bae8d	/guest/c5_asyncs_representative_warm_v1	7eab2344c813		7eab2344c813		15	true	warm	complete	216311505	296113280
asyncs	measured	109	109	1	aa0a8c1873bb494f8a8c1873bba94f6e	compression-derived-random256k-level6-v1	c5-gzip-level6-random256k-v1	true	true	ok	262144	04f7209a1428aceb9b838a3043af314defd245fab3da383edf7753f23133d184	262207	902fb060a81c368caafcdc10768beda0604bdd238516e6a8cb850e83ee069fbc	false	4096	/guest/c5_asyncs_representative_warm_v1	0.0.4@1784759769207	caf8366ad4263db5edf76f58d728a6fba5e12e0f6820d327f5bbecaa34265108	836ea3df370f0373319456aa13fdad1b6297ff4747839c5c685be615390bae8d	/guest/c5_asyncs_representative_warm_v1	fe2cceff68c2		fe2cceff68c2		8	true	warm	complete	168654217	230658886
asyncs	measured	110	110	1	82934e02931d4a34934e02931d5a34ec	compression-derived-random256k-level6-v1	c5-gzip-level6-random256k-v1	true	true	ok	262144	04f7209a1428aceb9b838a3043af314defd245fab3da383edf7753f23133d184	262207	902fb060a81c368caafcdc10768beda0604bdd238516e6a8cb850e83ee069fbc	false	4096	/guest/c5_asyncs_representative_warm_v1	0.0.4@1784759769207	caf8366ad4263db5edf76f58d728a6fba5e12e0f6820d327f5bbecaa34265108	836ea3df370f0373319456aa13fdad1b6297ff4747839c5c685be615390bae8d	/guest/c5_asyncs_representative_warm_v1	ecf3e7a38895		ecf3e7a38895		15	true	warm	complete	209300773	303053684
asyncs	measured	111	111	1	dc04039ba263404784039ba26360479f	compression-derived-random256k-level6-v1	c5-gzip-level6-random256k-v1	true	true	ok	262144	04f7209a1428aceb9b838a3043af314defd245fab3da383edf7753f23133d184	262207	902fb060a81c368caafcdc10768beda0604bdd238516e6a8cb850e83ee069fbc	false	4096	/guest/c5_asyncs_representative_warm_v1	0.0.4@1784759769207	caf8366ad4263db5edf76f58d728a6fba5e12e0f6820d327f5bbecaa34265108	836ea3df370f0373319456aa13fdad1b6297ff4747839c5c685be615390bae8d	/guest/c5_asyncs_representative_warm_v1	7eab2344c813		7eab2344c813		11	true	warm	complete	217505256	301395196
asyncs	measured	112	112	1	03a8fb1a59634a56a8fb1a59630a56df	compression-derived-random256k-level6-v1	c5-gzip-level6-random256k-v1	true	true	ok	262144	04f7209a1428aceb9b838a3043af314defd245fab3da383edf7753f23133d184	262207	902fb060a81c368caafcdc10768beda0604bdd238516e6a8cb850e83ee069fbc	false	4096	/guest/c5_asyncs_representative_warm_v1	0.0.4@1784759769207	caf8366ad4263db5edf76f58d728a6fba5e12e0f6820d327f5bbecaa34265108	836ea3df370f0373319456aa13fdad1b6297ff4747839c5c685be615390bae8d	/guest/c5_asyncs_representative_warm_v1	fe2cceff68c2		fe2cceff68c2		17	true	warm	complete	168175754	230814176
asyncs	measured	113	113	1	f10c247d53ea4ca18c247d53eabca15c	compression-derived-random256k-level6-v1	c5-gzip-level6-random256k-v1	true	true	ok	262144	04f7209a1428aceb9b838a3043af314defd245fab3da383edf7753f23133d184	262207	902fb060a81c368caafcdc10768beda0604bdd238516e6a8cb850e83ee069fbc	false	4096	/guest/c5_asyncs_representative_warm_v1	0.0.4@1784759769207	caf8366ad4263db5edf76f58d728a6fba5e12e0f6820d327f5bbecaa34265108	836ea3df370f0373319456aa13fdad1b6297ff4747839c5c685be615390bae8d	/guest/c5_asyncs_representative_warm_v1	ecf3e7a38895		ecf3e7a38895		8	true	warm	complete	211492993	288970632
asyncs	measured	114	114	1	495a3eec131344b09a3eec131344b0c9	compression-derived-random256k-level6-v1	c5-gzip-level6-random256k-v1	true	true	ok	262144	04f7209a1428aceb9b838a3043af314defd245fab3da383edf7753f23133d184	262207	902fb060a81c368caafcdc10768beda0604bdd238516e6a8cb850e83ee069fbc	false	4096	/guest/c5_asyncs_representative_warm_v1	0.0.4@1784759769207	caf8366ad4263db5edf76f58d728a6fba5e12e0f6820d327f5bbecaa34265108	836ea3df370f0373319456aa13fdad1b6297ff4747839c5c685be615390bae8d	/guest/c5_asyncs_representative_warm_v1	7eab2344c813		7eab2344c813		11	true	warm	complete	219128626	300559320
asyncs	measured	115	115	1	ffbd673c618544cebd673c618534cef7	compression-derived-random256k-level6-v1	c5-gzip-level6-random256k-v1	true	true	ok	262144	04f7209a1428aceb9b838a3043af314defd245fab3da383edf7753f23133d184	262207	902fb060a81c368caafcdc10768beda0604bdd238516e6a8cb850e83ee069fbc	false	4096	/guest/c5_asyncs_representative_warm_v1	0.0.4@1784759769207	caf8366ad4263db5edf76f58d728a6fba5e12e0f6820d327f5bbecaa34265108	836ea3df370f0373319456aa13fdad1b6297ff4747839c5c685be615390bae8d	/guest/c5_asyncs_representative_warm_v1	fe2cceff68c2		fe2cceff68c2		7	true	warm	complete	168603975	230842117
asyncs	measured	116	116	1	505ffafc322c46709ffafc322cb67070	compression-derived-random256k-level6-v1	c5-gzip-level6-random256k-v1	true	true	ok	262144	04f7209a1428aceb9b838a3043af314defd245fab3da383edf7753f23133d184	262207	902fb060a81c368caafcdc10768beda0604bdd238516e6a8cb850e83ee069fbc	false	4096	/guest/c5_asyncs_representative_warm_v1	0.0.4@1784759769207	caf8366ad4263db5edf76f58d728a6fba5e12e0f6820d327f5bbecaa34265108	836ea3df370f0373319456aa13fdad1b6297ff4747839c5c685be615390bae8d	/guest/c5_asyncs_representative_warm_v1	ecf3e7a38895		ecf3e7a38895		9	true	warm	complete	172750533	245920746
asyncs	measured	117	117	1	0d7c25003d9544b7bc25003d9534b7f5	compression-derived-random256k-level6-v1	c5-gzip-level6-random256k-v1	true	true	ok	262144	04f7209a1428aceb9b838a3043af314defd245fab3da383edf7753f23133d184	262207	902fb060a81c368caafcdc10768beda0604bdd238516e6a8cb850e83ee069fbc	false	4096	/guest/c5_asyncs_representative_warm_v1	0.0.4@1784759769207	caf8366ad4263db5edf76f58d728a6fba5e12e0f6820d327f5bbecaa34265108	836ea3df370f0373319456aa13fdad1b6297ff4747839c5c685be615390bae8d	/guest/c5_asyncs_representative_warm_v1	fe2cceff68c2		fe2cceff68c2		7	true	warm	complete	167830965	229989587
asyncs	measured	118	118	1	9e26b9e47d344e60a6b9e47d342e60fa	compression-derived-random256k-level6-v1	c5-gzip-level6-random256k-v1	true	true	ok	262144	04f7209a1428aceb9b838a3043af314defd245fab3da383edf7753f23133d184	262207	902fb060a81c368caafcdc10768beda0604bdd238516e6a8cb850e83ee069fbc	false	4096	/guest/c5_asyncs_representative_warm_v1	0.0.4@1784759769207	caf8366ad4263db5edf76f58d728a6fba5e12e0f6820d327f5bbecaa34265108	836ea3df370f0373319456aa13fdad1b6297ff4747839c5c685be615390bae8d	/guest/c5_asyncs_representative_warm_v1	ecf3e7a38895		ecf3e7a38895		12	true	warm	complete	210587298	281330896
asyncs	measured	119	119	1	fb70e801e3f04360b0e801e3f0136080	compression-derived-random256k-level6-v1	c5-gzip-level6-random256k-v1	true	true	ok	262144	04f7209a1428aceb9b838a3043af314defd245fab3da383edf7753f23133d184	262207	902fb060a81c368caafcdc10768beda0604bdd238516e6a8cb850e83ee069fbc	false	4096	/guest/c5_asyncs_representative_warm_v1	0.0.4@1784759769207	caf8366ad4263db5edf76f58d728a6fba5e12e0f6820d327f5bbecaa34265108	836ea3df370f0373319456aa13fdad1b6297ff4747839c5c685be615390bae8d	/guest/c5_asyncs_representative_warm_v1	7eab2344c813		7eab2344c813		7	true	warm	complete	216062200	300455126
asyncs	measured	120	120	1	2a01f2b1bfd7400881f2b1bfd730083f	compression-derived-random256k-level6-v1	c5-gzip-level6-random256k-v1	true	true	ok	262144	04f7209a1428aceb9b838a3043af314defd245fab3da383edf7753f23133d184	262207	902fb060a81c368caafcdc10768beda0604bdd238516e6a8cb850e83ee069fbc	false	4096	/guest/c5_asyncs_representative_warm_v1	0.0.4@1784759769207	caf8366ad4263db5edf76f58d728a6fba5e12e0f6820d327f5bbecaa34265108	836ea3df370f0373319456aa13fdad1b6297ff4747839c5c685be615390bae8d	/guest/c5_asyncs_representative_warm_v1	fe2cceff68c2		fe2cceff68c2		9	true	warm	complete	169229012	231801052
asyncs	measured	121	121	1	825a135047a34e3d9a135047a3ee3da2	compression-derived-random256k-level6-v1	c5-gzip-level6-random256k-v1	true	true	ok	262144	04f7209a1428aceb9b838a3043af314defd245fab3da383edf7753f23133d184	262207	902fb060a81c368caafcdc10768beda0604bdd238516e6a8cb850e83ee069fbc	false	4096	/guest/c5_asyncs_representative_warm_v1	0.0.4@1784759769207	caf8366ad4263db5edf76f58d728a6fba5e12e0f6820d327f5bbecaa34265108	836ea3df370f0373319456aa13fdad1b6297ff4747839c5c685be615390bae8d	/guest/c5_asyncs_representative_warm_v1	fe2cceff68c2		fe2cceff68c2		20	true	warm	complete	171442420	239182908
asyncs	measured	122	122	1	5a0d9490711c4a068d9490711c6a0656	compression-derived-random256k-level6-v1	c5-gzip-level6-random256k-v1	true	true	ok	262144	04f7209a1428aceb9b838a3043af314defd245fab3da383edf7753f23133d184	262207	902fb060a81c368caafcdc10768beda0604bdd238516e6a8cb850e83ee069fbc	false	4096	/guest/c5_asyncs_representative_warm_v1	0.0.4@1784759769207	caf8366ad4263db5edf76f58d728a6fba5e12e0f6820d327f5bbecaa34265108	836ea3df370f0373319456aa13fdad1b6297ff4747839c5c685be615390bae8d	/guest/c5_asyncs_representative_warm_v1	ecf3e7a38895		ecf3e7a38895		13	true	warm	complete	168604327	238321954
asyncs	measured	123	123	1	a661cba132fc4b6ea1cba132fc1b6e9b	compression-derived-random256k-level6-v1	c5-gzip-level6-random256k-v1	true	true	ok	262144	04f7209a1428aceb9b838a3043af314defd245fab3da383edf7753f23133d184	262207	902fb060a81c368caafcdc10768beda0604bdd238516e6a8cb850e83ee069fbc	false	4096	/guest/c5_asyncs_representative_warm_v1	0.0.4@1784759769207	caf8366ad4263db5edf76f58d728a6fba5e12e0f6820d327f5bbecaa34265108	836ea3df370f0373319456aa13fdad1b6297ff4747839c5c685be615390bae8d	/guest/c5_asyncs_representative_warm_v1	7eab2344c813		7eab2344c813		9	true	warm	complete	205808827	280578968
asyncs	measured	124	124	1	c6035394858b4695835394858bf695e6	compression-derived-random256k-level6-v1	c5-gzip-level6-random256k-v1	true	true	ok	262144	04f7209a1428aceb9b838a3043af314defd245fab3da383edf7753f23133d184	262207	902fb060a81c368caafcdc10768beda0604bdd238516e6a8cb850e83ee069fbc	false	4096	/guest/c5_asyncs_representative_warm_v1	0.0.4@1784759769207	caf8366ad4263db5edf76f58d728a6fba5e12e0f6820d327f5bbecaa34265108	836ea3df370f0373319456aa13fdad1b6297ff4747839c5c685be615390bae8d	/guest/c5_asyncs_representative_warm_v1	fe2cceff68c2		fe2cceff68c2		17	true	warm	complete	168048363	230409361
asyncs	measured	125	125	1	bc82b633ec17424882b633ec17b2480e	compression-derived-random256k-level6-v1	c5-gzip-level6-random256k-v1	true	true	ok	262144	04f7209a1428aceb9b838a3043af314defd245fab3da383edf7753f23133d184	262207	902fb060a81c368caafcdc10768beda0604bdd238516e6a8cb850e83ee069fbc	false	4096	/guest/c5_asyncs_representative_warm_v1	0.0.4@1784759769207	caf8366ad4263db5edf76f58d728a6fba5e12e0f6820d327f5bbecaa34265108	836ea3df370f0373319456aa13fdad1b6297ff4747839c5c685be615390bae8d	/guest/c5_asyncs_representative_warm_v1	ecf3e7a38895		ecf3e7a38895		13	true	warm	complete	209004013	289068061
asyncs	measured	126	126	1	5fa687e785214b38a687e785211b3890	compression-derived-random256k-level6-v1	c5-gzip-level6-random256k-v1	true	true	ok	262144	04f7209a1428aceb9b838a3043af314defd245fab3da383edf7753f23133d184	262207	902fb060a81c368caafcdc10768beda0604bdd238516e6a8cb850e83ee069fbc	false	4096	/guest/c5_asyncs_representative_warm_v1	0.0.4@1784759769207	caf8366ad4263db5edf76f58d728a6fba5e12e0f6820d327f5bbecaa34265108	836ea3df370f0373319456aa13fdad1b6297ff4747839c5c685be615390bae8d	/guest/c5_asyncs_representative_warm_v1	7eab2344c813		7eab2344c813		7	true	warm	complete	184985605	253232659
asyncs	measured	127	127	1	6ecadd58af6044498add58af60d44948	compression-derived-random256k-level6-v1	c5-gzip-level6-random256k-v1	true	true	ok	262144	04f7209a1428aceb9b838a3043af314defd245fab3da383edf7753f23133d184	262207	902fb060a81c368caafcdc10768beda0604bdd238516e6a8cb850e83ee069fbc	false	4096	/guest/c5_asyncs_representative_warm_v1	0.0.4@1784759769207	caf8366ad4263db5edf76f58d728a6fba5e12e0f6820d327f5bbecaa34265108	836ea3df370f0373319456aa13fdad1b6297ff4747839c5c685be615390bae8d	/guest/c5_asyncs_representative_warm_v1	fe2cceff68c2		fe2cceff68c2		7	true	warm	complete	168286347	231480701
asyncs	measured	128	128	1	623ab0c270644ebdbab0c27064febd9f	compression-derived-random256k-level6-v1	c5-gzip-level6-random256k-v1	true	true	ok	262144	04f7209a1428aceb9b838a3043af314defd245fab3da383edf7753f23133d184	262207	902fb060a81c368caafcdc10768beda0604bdd238516e6a8cb850e83ee069fbc	false	4096	/guest/c5_asyncs_representative_warm_v1	0.0.4@1784759769207	caf8366ad4263db5edf76f58d728a6fba5e12e0f6820d327f5bbecaa34265108	836ea3df370f0373319456aa13fdad1b6297ff4747839c5c685be615390bae8d	/guest/c5_asyncs_representative_warm_v1	ecf3e7a38895		ecf3e7a38895		9	true	warm	complete	291666224	361380147
asyncs	measured	129	129	1	6d422934acb0470c822934acb0970c82	compression-derived-random256k-level6-v1	c5-gzip-level6-random256k-v1	true	true	ok	262144	04f7209a1428aceb9b838a3043af314defd245fab3da383edf7753f23133d184	262207	902fb060a81c368caafcdc10768beda0604bdd238516e6a8cb850e83ee069fbc	false	4096	/guest/c5_asyncs_representative_warm_v1	0.0.4@1784759769207	caf8366ad4263db5edf76f58d728a6fba5e12e0f6820d327f5bbecaa34265108	836ea3df370f0373319456aa13fdad1b6297ff4747839c5c685be615390bae8d	/guest/c5_asyncs_representative_warm_v1	7eab2344c813		7eab2344c813		7	true	warm	complete	309219431	404833045
asyncs	measured	130	130	1	1d4727fed3e74e1a8727fed3e75e1ad9	compression-derived-random256k-level6-v1	c5-gzip-level6-random256k-v1	true	true	ok	262144	04f7209a1428aceb9b838a3043af314defd245fab3da383edf7753f23133d184	262207	902fb060a81c368caafcdc10768beda0604bdd238516e6a8cb850e83ee069fbc	false	4096	/guest/c5_asyncs_representative_warm_v1	0.0.4@1784759769207	caf8366ad4263db5edf76f58d728a6fba5e12e0f6820d327f5bbecaa34265108	836ea3df370f0373319456aa13fdad1b6297ff4747839c5c685be615390bae8d	/guest/c5_asyncs_representative_warm_v1	fe2cceff68c2		fe2cceff68c2		15	true	warm	complete	171468162	237557764
asyncs	measured	131	131	1	b9c4a17fb54240e284a17fb54220e244	compression-derived-random256k-level6-v1	c5-gzip-level6-random256k-v1	true	true	ok	262144	04f7209a1428aceb9b838a3043af314defd245fab3da383edf7753f23133d184	262207	902fb060a81c368caafcdc10768beda0604bdd238516e6a8cb850e83ee069fbc	false	4096	/guest/c5_asyncs_representative_warm_v1	0.0.4@1784759769207	caf8366ad4263db5edf76f58d728a6fba5e12e0f6820d327f5bbecaa34265108	836ea3df370f0373319456aa13fdad1b6297ff4747839c5c685be615390bae8d	/guest/c5_asyncs_representative_warm_v1	fe2cceff68c2		fe2cceff68c2		24	true	warm	complete	168489694	230846483
asyncs	measured	132	132	1	87ab5deaa84e4369ab5deaa84e636948	compression-derived-random256k-level6-v1	c5-gzip-level6-random256k-v1	true	true	ok	262144	04f7209a1428aceb9b838a3043af314defd245fab3da383edf7753f23133d184	262207	902fb060a81c368caafcdc10768beda0604bdd238516e6a8cb850e83ee069fbc	false	4096	/guest/c5_asyncs_representative_warm_v1	0.0.4@1784759769207	caf8366ad4263db5edf76f58d728a6fba5e12e0f6820d327f5bbecaa34265108	836ea3df370f0373319456aa13fdad1b6297ff4747839c5c685be615390bae8d	/guest/c5_asyncs_representative_warm_v1	ecf3e7a38895		ecf3e7a38895		19	true	warm	complete	196990952	273289769
asyncs	measured	133	133	1	9a1fb82d69f04c7a9fb82d69f0fc7aa3	compression-derived-random256k-level6-v1	c5-gzip-level6-random256k-v1	true	true	ok	262144	04f7209a1428aceb9b838a3043af314defd245fab3da383edf7753f23133d184	262207	902fb060a81c368caafcdc10768beda0604bdd238516e6a8cb850e83ee069fbc	false	4096	/guest/c5_asyncs_representative_warm_v1	0.0.4@1784759769207	caf8366ad4263db5edf76f58d728a6fba5e12e0f6820d327f5bbecaa34265108	836ea3df370f0373319456aa13fdad1b6297ff4747839c5c685be615390bae8d	/guest/c5_asyncs_representative_warm_v1	7eab2344c813		7eab2344c813		16	true	warm	complete	217508488	290055891
asyncs	measured	134	134	1	58f03ac08be34788b03ac08be3e788c2	compression-derived-random256k-level6-v1	c5-gzip-level6-random256k-v1	true	true	ok	262144	04f7209a1428aceb9b838a3043af314defd245fab3da383edf7753f23133d184	262207	902fb060a81c368caafcdc10768beda0604bdd238516e6a8cb850e83ee069fbc	false	4096	/guest/c5_asyncs_representative_warm_v1	0.0.4@1784759769207	caf8366ad4263db5edf76f58d728a6fba5e12e0f6820d327f5bbecaa34265108	836ea3df370f0373319456aa13fdad1b6297ff4747839c5c685be615390bae8d	/guest/c5_asyncs_representative_warm_v1	fe2cceff68c2		fe2cceff68c2		9	true	warm	complete	168913993	234485402
asyncs	measured	135	135	1	dddb238c534446c09b238c534446c067	compression-derived-random256k-level6-v1	c5-gzip-level6-random256k-v1	true	true	ok	262144	04f7209a1428aceb9b838a3043af314defd245fab3da383edf7753f23133d184	262207	902fb060a81c368caafcdc10768beda0604bdd238516e6a8cb850e83ee069fbc	false	4096	/guest/c5_asyncs_representative_warm_v1	0.0.4@1784759769207	caf8366ad4263db5edf76f58d728a6fba5e12e0f6820d327f5bbecaa34265108	836ea3df370f0373319456aa13fdad1b6297ff4747839c5c685be615390bae8d	/guest/c5_asyncs_representative_warm_v1	ecf3e7a38895		ecf3e7a38895		16	true	warm	complete	202737760	281459400
asyncs	measured	136	136	1	2d6abe529a494c71aabe529a49dc717b	compression-derived-random256k-level6-v1	c5-gzip-level6-random256k-v1	true	true	ok	262144	04f7209a1428aceb9b838a3043af314defd245fab3da383edf7753f23133d184	262207	902fb060a81c368caafcdc10768beda0604bdd238516e6a8cb850e83ee069fbc	false	4096	/guest/c5_asyncs_representative_warm_v1	0.0.4@1784759769207	caf8366ad4263db5edf76f58d728a6fba5e12e0f6820d327f5bbecaa34265108	836ea3df370f0373319456aa13fdad1b6297ff4747839c5c685be615390bae8d	/guest/c5_asyncs_representative_warm_v1	7eab2344c813		7eab2344c813		7	true	warm	complete	226670350	310917330
asyncs	measured	137	137	1	ca6693baee714d93a693baee713d9399	compression-derived-random256k-level6-v1	c5-gzip-level6-random256k-v1	true	true	ok	262144	04f7209a1428aceb9b838a3043af314defd245fab3da383edf7753f23133d184	262207	902fb060a81c368caafcdc10768beda0604bdd238516e6a8cb850e83ee069fbc	false	4096	/guest/c5_asyncs_representative_warm_v1	0.0.4@1784759769207	caf8366ad4263db5edf76f58d728a6fba5e12e0f6820d327f5bbecaa34265108	836ea3df370f0373319456aa13fdad1b6297ff4747839c5c685be615390bae8d	/guest/c5_asyncs_representative_warm_v1	fe2cceff68c2		fe2cceff68c2		14	true	warm	complete	169234150	231481908
asyncs	measured	138	138	1	d1dbcfdfe21b42c19bcfdfe21ba2c1c0	compression-derived-random256k-level6-v1	c5-gzip-level6-random256k-v1	true	true	ok	262144	04f7209a1428aceb9b838a3043af314defd245fab3da383edf7753f23133d184	262207	902fb060a81c368caafcdc10768beda0604bdd238516e6a8cb850e83ee069fbc	false	4096	/guest/c5_asyncs_representative_warm_v1	0.0.4@1784759769207	caf8366ad4263db5edf76f58d728a6fba5e12e0f6820d327f5bbecaa34265108	836ea3df370f0373319456aa13fdad1b6297ff4747839c5c685be615390bae8d	/guest/c5_asyncs_representative_warm_v1	ecf3e7a38895		ecf3e7a38895		9	true	warm	complete	177892860	276882731
asyncs	measured	139	139	1	9b53e09b33934b2d93e09b3393bb2d2f	compression-derived-random256k-level6-v1	c5-gzip-level6-random256k-v1	true	true	ok	262144	04f7209a1428aceb9b838a3043af314defd245fab3da383edf7753f23133d184	262207	902fb060a81c368caafcdc10768beda0604bdd238516e6a8cb850e83ee069fbc	false	4096	/guest/c5_asyncs_representative_warm_v1	0.0.4@1784759769207	caf8366ad4263db5edf76f58d728a6fba5e12e0f6820d327f5bbecaa34265108	836ea3df370f0373319456aa13fdad1b6297ff4747839c5c685be615390bae8d	/guest/c5_asyncs_representative_warm_v1	fe2cceff68c2		fe2cceff68c2		20	true	warm	complete	168138331	230219677
asyncs	measured	140	140	1	f8c580ca95ed42158580ca95ed62151d	compression-derived-random256k-level6-v1	c5-gzip-level6-random256k-v1	true	true	ok	262144	04f7209a1428aceb9b838a3043af314defd245fab3da383edf7753f23133d184	262207	902fb060a81c368caafcdc10768beda0604bdd238516e6a8cb850e83ee069fbc	false	4096	/guest/c5_asyncs_representative_warm_v1	0.0.4@1784759769207	caf8366ad4263db5edf76f58d728a6fba5e12e0f6820d327f5bbecaa34265108	836ea3df370f0373319456aa13fdad1b6297ff4747839c5c685be615390bae8d	/guest/c5_asyncs_representative_warm_v1	ecf3e7a38895		ecf3e7a38895		7	true	warm	complete	167976876	244724206
asyncs	measured	141	141	1	5fb1ab59220f4de2b1ab59220f2de2e4	compression-derived-random256k-level6-v1	c5-gzip-level6-random256k-v1	true	true	ok	262144	04f7209a1428aceb9b838a3043af314defd245fab3da383edf7753f23133d184	262207	902fb060a81c368caafcdc10768beda0604bdd238516e6a8cb850e83ee069fbc	false	4096	/guest/c5_asyncs_representative_warm_v1	0.0.4@1784759769207	caf8366ad4263db5edf76f58d728a6fba5e12e0f6820d327f5bbecaa34265108	836ea3df370f0373319456aa13fdad1b6297ff4747839c5c685be615390bae8d	/guest/c5_asyncs_representative_warm_v1	7eab2344c813		7eab2344c813		8	true	warm	complete	212220056	288562752
asyncs	measured	142	142	1	350344f74d5d45b28344f74d5dd5b200	compression-derived-random256k-level6-v1	c5-gzip-level6-random256k-v1	true	true	ok	262144	04f7209a1428aceb9b838a3043af314defd245fab3da383edf7753f23133d184	262207	902fb060a81c368caafcdc10768beda0604bdd238516e6a8cb850e83ee069fbc	false	4096	/guest/c5_asyncs_representative_warm_v1	0.0.4@1784759769207	caf8366ad4263db5edf76f58d728a6fba5e12e0f6820d327f5bbecaa34265108	836ea3df370f0373319456aa13fdad1b6297ff4747839c5c685be615390bae8d	/guest/c5_asyncs_representative_warm_v1	fe2cceff68c2		fe2cceff68c2		11	true	warm	complete	169028404	231625168
asyncs	measured	143	143	1	d528778e45ed4515a8778e45edf5151d	compression-derived-random256k-level6-v1	c5-gzip-level6-random256k-v1	true	true	ok	262144	04f7209a1428aceb9b838a3043af314defd245fab3da383edf7753f23133d184	262207	902fb060a81c368caafcdc10768beda0604bdd238516e6a8cb850e83ee069fbc	false	4096	/guest/c5_asyncs_representative_warm_v1	0.0.4@1784759769207	caf8366ad4263db5edf76f58d728a6fba5e12e0f6820d327f5bbecaa34265108	836ea3df370f0373319456aa13fdad1b6297ff4747839c5c685be615390bae8d	/guest/c5_asyncs_representative_warm_v1	ecf3e7a38895		ecf3e7a38895		13	true	warm	complete	207611785	280843895
asyncs	measured	144	144	1	615844c4556b440a9844c4556b040a42	compression-derived-random256k-level6-v1	c5-gzip-level6-random256k-v1	true	true	ok	262144	04f7209a1428aceb9b838a3043af314defd245fab3da383edf7753f23133d184	262207	902fb060a81c368caafcdc10768beda0604bdd238516e6a8cb850e83ee069fbc	false	4096	/guest/c5_asyncs_representative_warm_v1	0.0.4@1784759769207	caf8366ad4263db5edf76f58d728a6fba5e12e0f6820d327f5bbecaa34265108	836ea3df370f0373319456aa13fdad1b6297ff4747839c5c685be615390bae8d	/guest/c5_asyncs_representative_warm_v1	fe2cceff68c2		fe2cceff68c2		8	true	warm	complete	170048923	232190538
asyncs	measured	145	145	1	622ac979d2064122aac979d2065122d5	compression-derived-random256k-level6-v1	c5-gzip-level6-random256k-v1	true	true	ok	262144	04f7209a1428aceb9b838a3043af314defd245fab3da383edf7753f23133d184	262207	902fb060a81c368caafcdc10768beda0604bdd238516e6a8cb850e83ee069fbc	false	4096	/guest/c5_asyncs_representative_warm_v1	0.0.4@1784759769207	caf8366ad4263db5edf76f58d728a6fba5e12e0f6820d327f5bbecaa34265108	836ea3df370f0373319456aa13fdad1b6297ff4747839c5c685be615390bae8d	/guest/c5_asyncs_representative_warm_v1	7eab2344c813		7eab2344c813		9	true	warm	complete	279762307	354365204
asyncs	measured	146	146	1	2ae5207dea784fb8a5207dea786fb877	compression-derived-random256k-level6-v1	c5-gzip-level6-random256k-v1	true	true	ok	262144	04f7209a1428aceb9b838a3043af314defd245fab3da383edf7753f23133d184	262207	902fb060a81c368caafcdc10768beda0604bdd238516e6a8cb850e83ee069fbc	false	4096	/guest/c5_asyncs_representative_warm_v1	0.0.4@1784759769207	caf8366ad4263db5edf76f58d728a6fba5e12e0f6820d327f5bbecaa34265108	836ea3df370f0373319456aa13fdad1b6297ff4747839c5c685be615390bae8d	/guest/c5_asyncs_representative_warm_v1	ecf3e7a38895		ecf3e7a38895		11	true	warm	complete	236372986	312389175
asyncs	measured	147	147	1	0230ad90ea294076b0ad90ea29907670	compression-derived-random256k-level6-v1	c5-gzip-level6-random256k-v1	true	true	ok	262144	04f7209a1428aceb9b838a3043af314defd245fab3da383edf7753f23133d184	262207	902fb060a81c368caafcdc10768beda0604bdd238516e6a8cb850e83ee069fbc	false	4096	/guest/c5_asyncs_representative_warm_v1	0.0.4@1784759769207	caf8366ad4263db5edf76f58d728a6fba5e12e0f6820d327f5bbecaa34265108	836ea3df370f0373319456aa13fdad1b6297ff4747839c5c685be615390bae8d	/guest/c5_asyncs_representative_warm_v1	fe2cceff68c2		fe2cceff68c2		8	true	warm	complete	169418598	237508015
asyncs	measured	148	148	1	0751ed6322284ba891ed6322284ba80d	compression-derived-random256k-level6-v1	c5-gzip-level6-random256k-v1	true	true	ok	262144	04f7209a1428aceb9b838a3043af314defd245fab3da383edf7753f23133d184	262207	902fb060a81c368caafcdc10768beda0604bdd238516e6a8cb850e83ee069fbc	false	4096	/guest/c5_asyncs_representative_warm_v1	0.0.4@1784759769207	caf8366ad4263db5edf76f58d728a6fba5e12e0f6820d327f5bbecaa34265108	836ea3df370f0373319456aa13fdad1b6297ff4747839c5c685be615390bae8d	/guest/c5_asyncs_representative_warm_v1	ecf3e7a38895		ecf3e7a38895		13	true	warm	complete	167870753	230390451
asyncs	measured	149	149	1	65edc1a203d1498eadc1a203d1498e8a	compression-derived-random256k-level6-v1	c5-gzip-level6-random256k-v1	true	true	ok	262144	04f7209a1428aceb9b838a3043af314defd245fab3da383edf7753f23133d184	262207	902fb060a81c368caafcdc10768beda0604bdd238516e6a8cb850e83ee069fbc	false	4096	/guest/c5_asyncs_representative_warm_v1	0.0.4@1784759769207	caf8366ad4263db5edf76f58d728a6fba5e12e0f6820d327f5bbecaa34265108	836ea3df370f0373319456aa13fdad1b6297ff4747839c5c685be615390bae8d	/guest/c5_asyncs_representative_warm_v1	fe2cceff68c2		fe2cceff68c2		8	true	warm	complete	168687367	231664706
asyncs	measured	150	150	1	83beed7d847e4f95beed7d847e2f958f	compression-derived-random256k-level6-v1	c5-gzip-level6-random256k-v1	true	true	ok	262144	04f7209a1428aceb9b838a3043af314defd245fab3da383edf7753f23133d184	262207	902fb060a81c368caafcdc10768beda0604bdd238516e6a8cb850e83ee069fbc	false	4096	/guest/c5_asyncs_representative_warm_v1	0.0.4@1784759769207	caf8366ad4263db5edf76f58d728a6fba5e12e0f6820d327f5bbecaa34265108	836ea3df370f0373319456aa13fdad1b6297ff4747839c5c685be615390bae8d	/guest/c5_asyncs_representative_warm_v1	ecf3e7a38895		ecf3e7a38895		9	true	warm	complete	204516969	274381756
asyncs	measured	151	151	1	8229b1f131294de5a9b1f13129fde545	compression-derived-random256k-level6-v1	c5-gzip-level6-random256k-v1	true	true	ok	262144	04f7209a1428aceb9b838a3043af314defd245fab3da383edf7753f23133d184	262207	902fb060a81c368caafcdc10768beda0604bdd238516e6a8cb850e83ee069fbc	false	4096	/guest/c5_asyncs_representative_warm_v1	0.0.4@1784759769207	caf8366ad4263db5edf76f58d728a6fba5e12e0f6820d327f5bbecaa34265108	836ea3df370f0373319456aa13fdad1b6297ff4747839c5c685be615390bae8d	/guest/c5_asyncs_representative_warm_v1	7eab2344c813		7eab2344c813		7	true	warm	complete	215501351	290977452
asyncs	measured	152	152	1	2fd8176776764e5498176776761e54ef	compression-derived-random256k-level6-v1	c5-gzip-level6-random256k-v1	true	true	ok	262144	04f7209a1428aceb9b838a3043af314defd245fab3da383edf7753f23133d184	262207	902fb060a81c368caafcdc10768beda0604bdd238516e6a8cb850e83ee069fbc	false	4096	/guest/c5_asyncs_representative_warm_v1	0.0.4@1784759769207	caf8366ad4263db5edf76f58d728a6fba5e12e0f6820d327f5bbecaa34265108	836ea3df370f0373319456aa13fdad1b6297ff4747839c5c685be615390bae8d	/guest/c5_asyncs_representative_warm_v1	fe2cceff68c2		fe2cceff68c2		11	true	warm	complete	169363731	236880170
asyncs	measured	153	153	1	75a0128325f14007a0128325f1400746	compression-derived-random256k-level6-v1	c5-gzip-level6-random256k-v1	true	true	ok	262144	04f7209a1428aceb9b838a3043af314defd245fab3da383edf7753f23133d184	262207	902fb060a81c368caafcdc10768beda0604bdd238516e6a8cb850e83ee069fbc	false	4096	/guest/c5_asyncs_representative_warm_v1	0.0.4@1784759769207	caf8366ad4263db5edf76f58d728a6fba5e12e0f6820d327f5bbecaa34265108	836ea3df370f0373319456aa13fdad1b6297ff4747839c5c685be615390bae8d	/guest/c5_asyncs_representative_warm_v1	ecf3e7a38895		ecf3e7a38895		7	true	warm	complete	205932730	281268994
asyncs	measured	154	154	1	876d71c0f9dc4ff2ad71c0f9dcfff271	compression-derived-random256k-level6-v1	c5-gzip-level6-random256k-v1	true	true	ok	262144	04f7209a1428aceb9b838a3043af314defd245fab3da383edf7753f23133d184	262207	902fb060a81c368caafcdc10768beda0604bdd238516e6a8cb850e83ee069fbc	false	4096	/guest/c5_asyncs_representative_warm_v1	0.0.4@1784759769207	caf8366ad4263db5edf76f58d728a6fba5e12e0f6820d327f5bbecaa34265108	836ea3df370f0373319456aa13fdad1b6297ff4747839c5c685be615390bae8d	/guest/c5_asyncs_representative_warm_v1	7eab2344c813		7eab2344c813		13	true	warm	complete	216005510	288872162
asyncs	measured	155	155	1	3cd43a403e5145cb943a403e5105cbfc	compression-derived-random256k-level6-v1	c5-gzip-level6-random256k-v1	true	true	ok	262144	04f7209a1428aceb9b838a3043af314defd245fab3da383edf7753f23133d184	262207	902fb060a81c368caafcdc10768beda0604bdd238516e6a8cb850e83ee069fbc	false	4096	/guest/c5_asyncs_representative_warm_v1	0.0.4@1784759769207	caf8366ad4263db5edf76f58d728a6fba5e12e0f6820d327f5bbecaa34265108	836ea3df370f0373319456aa13fdad1b6297ff4747839c5c685be615390bae8d	/guest/c5_asyncs_representative_warm_v1	fe2cceff68c2		fe2cceff68c2		16	true	warm	complete	168496726	230596177
asyncs	measured	156	156	1	b59160766ac64c8b9160766ac6bc8bdb	compression-derived-random256k-level6-v1	c5-gzip-level6-random256k-v1	true	true	ok	262144	04f7209a1428aceb9b838a3043af314defd245fab3da383edf7753f23133d184	262207	902fb060a81c368caafcdc10768beda0604bdd238516e6a8cb850e83ee069fbc	false	4096	/guest/c5_asyncs_representative_warm_v1	0.0.4@1784759769207	caf8366ad4263db5edf76f58d728a6fba5e12e0f6820d327f5bbecaa34265108	836ea3df370f0373319456aa13fdad1b6297ff4747839c5c685be615390bae8d	/guest/c5_asyncs_representative_warm_v1	ecf3e7a38895		ecf3e7a38895		17	true	warm	complete	168018865	231679060
asyncs	measured	157	157	1	83c52a0dfdc946b2852a0dfdc9f6b26d	compression-derived-random256k-level6-v1	c5-gzip-level6-random256k-v1	true	true	ok	262144	04f7209a1428aceb9b838a3043af314defd245fab3da383edf7753f23133d184	262207	902fb060a81c368caafcdc10768beda0604bdd238516e6a8cb850e83ee069fbc	false	4096	/guest/c5_asyncs_representative_warm_v1	0.0.4@1784759769207	caf8366ad4263db5edf76f58d728a6fba5e12e0f6820d327f5bbecaa34265108	836ea3df370f0373319456aa13fdad1b6297ff4747839c5c685be615390bae8d	/guest/c5_asyncs_representative_warm_v1	fe2cceff68c2		fe2cceff68c2		21	true	warm	complete	168658226	230908500
asyncs	measured	158	158	1	17e38d1b1c6a4d46a38d1b1c6a2d46af	compression-derived-random256k-level6-v1	c5-gzip-level6-random256k-v1	true	true	ok	262144	04f7209a1428aceb9b838a3043af314defd245fab3da383edf7753f23133d184	262207	902fb060a81c368caafcdc10768beda0604bdd238516e6a8cb850e83ee069fbc	false	4096	/guest/c5_asyncs_representative_warm_v1	0.0.4@1784759769207	caf8366ad4263db5edf76f58d728a6fba5e12e0f6820d327f5bbecaa34265108	836ea3df370f0373319456aa13fdad1b6297ff4747839c5c685be615390bae8d	/guest/c5_asyncs_representative_warm_v1	ecf3e7a38895		ecf3e7a38895		13	true	warm	complete	213296223	286147057
asyncs	measured	159	159	1	e7dc26bd7aa54fa89c26bd7aa58fa8f0	compression-derived-random256k-level6-v1	c5-gzip-level6-random256k-v1	true	true	ok	262144	04f7209a1428aceb9b838a3043af314defd245fab3da383edf7753f23133d184	262207	902fb060a81c368caafcdc10768beda0604bdd238516e6a8cb850e83ee069fbc	false	4096	/guest/c5_asyncs_representative_warm_v1	0.0.4@1784759769207	caf8366ad4263db5edf76f58d728a6fba5e12e0f6820d327f5bbecaa34265108	836ea3df370f0373319456aa13fdad1b6297ff4747839c5c685be615390bae8d	/guest/c5_asyncs_representative_warm_v1	7eab2344c813		7eab2344c813		17	true	warm	complete	208126908	290517702
asyncs	measured	160	160	1	f2256be4295940d6a56be42959c0d600	compression-derived-random256k-level6-v1	c5-gzip-level6-random256k-v1	true	true	ok	262144	04f7209a1428aceb9b838a3043af314defd245fab3da383edf7753f23133d184	262207	902fb060a81c368caafcdc10768beda0604bdd238516e6a8cb850e83ee069fbc	false	4096	/guest/c5_asyncs_representative_warm_v1	0.0.4@1784759769207	caf8366ad4263db5edf76f58d728a6fba5e12e0f6820d327f5bbecaa34265108	836ea3df370f0373319456aa13fdad1b6297ff4747839c5c685be615390bae8d	/guest/c5_asyncs_representative_warm_v1	fe2cceff68c2		fe2cceff68c2		8	true	warm	complete	169357381	231794853
asyncs	measured	161	161	1	7df3b45b4ce44e48b3b45b4ce4de488a	compression-derived-random256k-level6-v1	c5-gzip-level6-random256k-v1	true	true	ok	262144	04f7209a1428aceb9b838a3043af314defd245fab3da383edf7753f23133d184	262207	902fb060a81c368caafcdc10768beda0604bdd238516e6a8cb850e83ee069fbc	false	4096	/guest/c5_asyncs_representative_warm_v1	0.0.4@1784759769207	caf8366ad4263db5edf76f58d728a6fba5e12e0f6820d327f5bbecaa34265108	836ea3df370f0373319456aa13fdad1b6297ff4747839c5c685be615390bae8d	/guest/c5_asyncs_representative_warm_v1	ecf3e7a38895		ecf3e7a38895		20	true	warm	complete	167840949	231176132
asyncs	measured	162	162	1	4132474f42f5401fb2474f42f5c01f9a	compression-derived-random256k-level6-v1	c5-gzip-level6-random256k-v1	true	true	ok	262144	04f7209a1428aceb9b838a3043af314defd245fab3da383edf7753f23133d184	262207	902fb060a81c368caafcdc10768beda0604bdd238516e6a8cb850e83ee069fbc	false	4096	/guest/c5_asyncs_representative_warm_v1	0.0.4@1784759769207	caf8366ad4263db5edf76f58d728a6fba5e12e0f6820d327f5bbecaa34265108	836ea3df370f0373319456aa13fdad1b6297ff4747839c5c685be615390bae8d	/guest/c5_asyncs_representative_warm_v1	fe2cceff68c2		fe2cceff68c2		12	true	warm	complete	168764834	231398034
asyncs	measured	163	163	1	aa19415827d94a9b99415827d96a9baa	compression-derived-random256k-level6-v1	c5-gzip-level6-random256k-v1	true	true	ok	262144	04f7209a1428aceb9b838a3043af314defd245fab3da383edf7753f23133d184	262207	902fb060a81c368caafcdc10768beda0604bdd238516e6a8cb850e83ee069fbc	false	4096	/guest/c5_asyncs_representative_warm_v1	0.0.4@1784759769207	caf8366ad4263db5edf76f58d728a6fba5e12e0f6820d327f5bbecaa34265108	836ea3df370f0373319456aa13fdad1b6297ff4747839c5c685be615390bae8d	/guest/c5_asyncs_representative_warm_v1	ecf3e7a38895		ecf3e7a38895		9	true	warm	complete	189643276	262015193
asyncs	measured	164	164	1	b921447ae9dc4359a1447ae9dc6359e3	compression-derived-random256k-level6-v1	c5-gzip-level6-random256k-v1	true	true	ok	262144	04f7209a1428aceb9b838a3043af314defd245fab3da383edf7753f23133d184	262207	902fb060a81c368caafcdc10768beda0604bdd238516e6a8cb850e83ee069fbc	false	4096	/guest/c5_asyncs_representative_warm_v1	0.0.4@1784759769207	caf8366ad4263db5edf76f58d728a6fba5e12e0f6820d327f5bbecaa34265108	836ea3df370f0373319456aa13fdad1b6297ff4747839c5c685be615390bae8d	/guest/c5_asyncs_representative_warm_v1	7eab2344c813		7eab2344c813		18	true	warm	complete	197480865	265799713
asyncs	measured	165	165	1	f66581c41d9b4e58a581c41d9bfe58f4	compression-derived-random256k-level6-v1	c5-gzip-level6-random256k-v1	true	true	ok	262144	04f7209a1428aceb9b838a3043af314defd245fab3da383edf7753f23133d184	262207	902fb060a81c368caafcdc10768beda0604bdd238516e6a8cb850e83ee069fbc	false	4096	/guest/c5_asyncs_representative_warm_v1	0.0.4@1784759769207	caf8366ad4263db5edf76f58d728a6fba5e12e0f6820d327f5bbecaa34265108	836ea3df370f0373319456aa13fdad1b6297ff4747839c5c685be615390bae8d	/guest/c5_asyncs_representative_warm_v1	fe2cceff68c2		fe2cceff68c2		12	true	warm	complete	167848315	230092223
asyncs	measured	166	166	1	9d078e7978784db2878e7978785db2f7	compression-derived-random256k-level6-v1	c5-gzip-level6-random256k-v1	true	true	ok	262144	04f7209a1428aceb9b838a3043af314defd245fab3da383edf7753f23133d184	262207	902fb060a81c368caafcdc10768beda0604bdd238516e6a8cb850e83ee069fbc	false	4096	/guest/c5_asyncs_representative_warm_v1	0.0.4@1784759769207	caf8366ad4263db5edf76f58d728a6fba5e12e0f6820d327f5bbecaa34265108	836ea3df370f0373319456aa13fdad1b6297ff4747839c5c685be615390bae8d	/guest/c5_asyncs_representative_warm_v1	ecf3e7a38895		ecf3e7a38895		7	true	warm	complete	207381263	277859768
asyncs	measured	167	167	1	cc9f9a99d3d64b4c9f9a99d3d6bb4c52	compression-derived-random256k-level6-v1	c5-gzip-level6-random256k-v1	true	true	ok	262144	04f7209a1428aceb9b838a3043af314defd245fab3da383edf7753f23133d184	262207	902fb060a81c368caafcdc10768beda0604bdd238516e6a8cb850e83ee069fbc	false	4096	/guest/c5_asyncs_representative_warm_v1	0.0.4@1784759769207	caf8366ad4263db5edf76f58d728a6fba5e12e0f6820d327f5bbecaa34265108	836ea3df370f0373319456aa13fdad1b6297ff4747839c5c685be615390bae8d	/guest/c5_asyncs_representative_warm_v1	7eab2344c813		7eab2344c813		7	true	warm	complete	216462336	295834981
asyncs	measured	168	168	1	ac73a37450894c8ab3a37450892c8a64	compression-derived-random256k-level6-v1	c5-gzip-level6-random256k-v1	true	true	ok	262144	04f7209a1428aceb9b838a3043af314defd245fab3da383edf7753f23133d184	262207	902fb060a81c368caafcdc10768beda0604bdd238516e6a8cb850e83ee069fbc	false	4096	/guest/c5_asyncs_representative_warm_v1	0.0.4@1784759769207	caf8366ad4263db5edf76f58d728a6fba5e12e0f6820d327f5bbecaa34265108	836ea3df370f0373319456aa13fdad1b6297ff4747839c5c685be615390bae8d	/guest/c5_asyncs_representative_warm_v1	fe2cceff68c2		fe2cceff68c2		9	true	warm	complete	168638431	231811195
asyncs	measured	169	169	1	af6becda9eae445dabecda9eae645df7	compression-derived-random256k-level6-v1	c5-gzip-level6-random256k-v1	true	true	ok	262144	04f7209a1428aceb9b838a3043af314defd245fab3da383edf7753f23133d184	262207	902fb060a81c368caafcdc10768beda0604bdd238516e6a8cb850e83ee069fbc	false	4096	/guest/c5_asyncs_representative_warm_v1	0.0.4@1784759769207	caf8366ad4263db5edf76f58d728a6fba5e12e0f6820d327f5bbecaa34265108	836ea3df370f0373319456aa13fdad1b6297ff4747839c5c685be615390bae8d	/guest/c5_asyncs_representative_warm_v1	ecf3e7a38895		ecf3e7a38895		9	true	warm	complete	205644456	281592487
asyncs	measured	170	170	1	2977acb1645e490db7acb1645e690d2c	compression-derived-random256k-level6-v1	c5-gzip-level6-random256k-v1	true	true	ok	262144	04f7209a1428aceb9b838a3043af314defd245fab3da383edf7753f23133d184	262207	902fb060a81c368caafcdc10768beda0604bdd238516e6a8cb850e83ee069fbc	false	4096	/guest/c5_asyncs_representative_warm_v1	0.0.4@1784759769207	caf8366ad4263db5edf76f58d728a6fba5e12e0f6820d327f5bbecaa34265108	836ea3df370f0373319456aa13fdad1b6297ff4747839c5c685be615390bae8d	/guest/c5_asyncs_representative_warm_v1	7eab2344c813		7eab2344c813		12	true	warm	complete	217352928	295690525
asyncs	measured	171	171	1	bd4188c0e43b4f628188c0e43bbf62a7	compression-derived-random256k-level6-v1	c5-gzip-level6-random256k-v1	true	true	ok	262144	04f7209a1428aceb9b838a3043af314defd245fab3da383edf7753f23133d184	262207	902fb060a81c368caafcdc10768beda0604bdd238516e6a8cb850e83ee069fbc	false	4096	/guest/c5_asyncs_representative_warm_v1	0.0.4@1784759769207	caf8366ad4263db5edf76f58d728a6fba5e12e0f6820d327f5bbecaa34265108	836ea3df370f0373319456aa13fdad1b6297ff4747839c5c685be615390bae8d	/guest/c5_asyncs_representative_warm_v1	fe2cceff68c2		fe2cceff68c2		11	true	warm	complete	168564226	230986582
asyncs	measured	172	172	1	9d8e7bf539e64b7b8e7bf539e60b7b7c	compression-derived-random256k-level6-v1	c5-gzip-level6-random256k-v1	true	true	ok	262144	04f7209a1428aceb9b838a3043af314defd245fab3da383edf7753f23133d184	262207	902fb060a81c368caafcdc10768beda0604bdd238516e6a8cb850e83ee069fbc	false	4096	/guest/c5_asyncs_representative_warm_v1	0.0.4@1784759769207	caf8366ad4263db5edf76f58d728a6fba5e12e0f6820d327f5bbecaa34265108	836ea3df370f0373319456aa13fdad1b6297ff4747839c5c685be615390bae8d	/guest/c5_asyncs_representative_warm_v1	ecf3e7a38895		ecf3e7a38895		7	true	warm	complete	171108907	243531817
asyncs	measured	173	173	1	b22ff226f73f4684aff226f73f76843b	compression-derived-random256k-level6-v1	c5-gzip-level6-random256k-v1	true	true	ok	262144	04f7209a1428aceb9b838a3043af314defd245fab3da383edf7753f23133d184	262207	902fb060a81c368caafcdc10768beda0604bdd238516e6a8cb850e83ee069fbc	false	4096	/guest/c5_asyncs_representative_warm_v1	0.0.4@1784759769207	caf8366ad4263db5edf76f58d728a6fba5e12e0f6820d327f5bbecaa34265108	836ea3df370f0373319456aa13fdad1b6297ff4747839c5c685be615390bae8d	/guest/c5_asyncs_representative_warm_v1	7eab2344c813		7eab2344c813		7	true	warm	complete	207601509	282454145
asyncs	measured	174	174	1	acd7a4830d1e405597a4830d1e4055fd	compression-derived-random256k-level6-v1	c5-gzip-level6-random256k-v1	true	true	ok	262144	04f7209a1428aceb9b838a3043af314defd245fab3da383edf7753f23133d184	262207	902fb060a81c368caafcdc10768beda0604bdd238516e6a8cb850e83ee069fbc	false	4096	/guest/c5_asyncs_representative_warm_v1	0.0.4@1784759769207	caf8366ad4263db5edf76f58d728a6fba5e12e0f6820d327f5bbecaa34265108	836ea3df370f0373319456aa13fdad1b6297ff4747839c5c685be615390bae8d	/guest/c5_asyncs_representative_warm_v1	fe2cceff68c2		fe2cceff68c2		18	true	warm	complete	168215378	230457175
asyncs	measured	175	175	1	246b4a4627204bfaab4a4627205bfa53	compression-derived-random256k-level6-v1	c5-gzip-level6-random256k-v1	true	true	ok	262144	04f7209a1428aceb9b838a3043af314defd245fab3da383edf7753f23133d184	262207	902fb060a81c368caafcdc10768beda0604bdd238516e6a8cb850e83ee069fbc	false	4096	/guest/c5_asyncs_representative_warm_v1	0.0.4@1784759769207	caf8366ad4263db5edf76f58d728a6fba5e12e0f6820d327f5bbecaa34265108	836ea3df370f0373319456aa13fdad1b6297ff4747839c5c685be615390bae8d	/guest/c5_asyncs_representative_warm_v1	ecf3e7a38895		ecf3e7a38895		13	true	warm	complete	204684110	279188761
asyncs	measured	176	176	1	6e45c9e370e64c7485c9e370e6dc7477	compression-derived-random256k-level6-v1	c5-gzip-level6-random256k-v1	true	true	ok	262144	04f7209a1428aceb9b838a3043af314defd245fab3da383edf7753f23133d184	262207	902fb060a81c368caafcdc10768beda0604bdd238516e6a8cb850e83ee069fbc	false	4096	/guest/c5_asyncs_representative_warm_v1	0.0.4@1784759769207	caf8366ad4263db5edf76f58d728a6fba5e12e0f6820d327f5bbecaa34265108	836ea3df370f0373319456aa13fdad1b6297ff4747839c5c685be615390bae8d	/guest/c5_asyncs_representative_warm_v1	fe2cceff68c2		fe2cceff68c2		8	true	warm	complete	169583818	232319750
asyncs	measured	177	177	1	687d5fec3c594245bd5fec3c5942459b	compression-derived-random256k-level6-v1	c5-gzip-level6-random256k-v1	true	true	ok	262144	04f7209a1428aceb9b838a3043af314defd245fab3da383edf7753f23133d184	262207	902fb060a81c368caafcdc10768beda0604bdd238516e6a8cb850e83ee069fbc	false	4096	/guest/c5_asyncs_representative_warm_v1	0.0.4@1784759769207	caf8366ad4263db5edf76f58d728a6fba5e12e0f6820d327f5bbecaa34265108	836ea3df370f0373319456aa13fdad1b6297ff4747839c5c685be615390bae8d	/guest/c5_asyncs_representative_warm_v1	7eab2344c813		7eab2344c813		10	true	warm	complete	203376176	277816315
asyncs	measured	178	178	1	1093731e2f214b6e93731e2f21db6ef2	compression-derived-random256k-level6-v1	c5-gzip-level6-random256k-v1	true	true	ok	262144	04f7209a1428aceb9b838a3043af314defd245fab3da383edf7753f23133d184	262207	902fb060a81c368caafcdc10768beda0604bdd238516e6a8cb850e83ee069fbc	false	4096	/guest/c5_asyncs_representative_warm_v1	0.0.4@1784759769207	caf8366ad4263db5edf76f58d728a6fba5e12e0f6820d327f5bbecaa34265108	836ea3df370f0373319456aa13fdad1b6297ff4747839c5c685be615390bae8d	/guest/c5_asyncs_representative_warm_v1	ecf3e7a38895		ecf3e7a38895		14	true	warm	complete	207140453	283270491
asyncs	measured	179	179	1	7601688073444e7b8168807344fe7bc1	compression-derived-random256k-level6-v1	c5-gzip-level6-random256k-v1	true	true	ok	262144	04f7209a1428aceb9b838a3043af314defd245fab3da383edf7753f23133d184	262207	902fb060a81c368caafcdc10768beda0604bdd238516e6a8cb850e83ee069fbc	false	4096	/guest/c5_asyncs_representative_warm_v1	0.0.4@1784759769207	caf8366ad4263db5edf76f58d728a6fba5e12e0f6820d327f5bbecaa34265108	836ea3df370f0373319456aa13fdad1b6297ff4747839c5c685be615390bae8d	/guest/c5_asyncs_representative_warm_v1	fe2cceff68c2		fe2cceff68c2		16	true	warm	complete	192921875	261585860
asyncs	measured	180	180	1	879c00e61c5a4a859c00e61c5aba8549	compression-derived-random256k-level6-v1	c5-gzip-level6-random256k-v1	true	true	ok	262144	04f7209a1428aceb9b838a3043af314defd245fab3da383edf7753f23133d184	262207	902fb060a81c368caafcdc10768beda0604bdd238516e6a8cb850e83ee069fbc	false	4096	/guest/c5_asyncs_representative_warm_v1	0.0.4@1784759769207	caf8366ad4263db5edf76f58d728a6fba5e12e0f6820d327f5bbecaa34265108	836ea3df370f0373319456aa13fdad1b6297ff4747839c5c685be615390bae8d	/guest/c5_asyncs_representative_warm_v1	7eab2344c813		7eab2344c813		6	true	warm	complete	195231338	269478792
asyncs	measured	181	181	1	533286b9bd0b4672b286b9bd0b26721a	compression-derived-random256k-level6-v1	c5-gzip-level6-random256k-v1	true	true	ok	262144	04f7209a1428aceb9b838a3043af314defd245fab3da383edf7753f23133d184	262207	902fb060a81c368caafcdc10768beda0604bdd238516e6a8cb850e83ee069fbc	false	4096	/guest/c5_asyncs_representative_warm_v1	0.0.4@1784759769207	caf8366ad4263db5edf76f58d728a6fba5e12e0f6820d327f5bbecaa34265108	836ea3df370f0373319456aa13fdad1b6297ff4747839c5c685be615390bae8d	/guest/c5_asyncs_representative_warm_v1	ecf3e7a38895		ecf3e7a38895		11	true	warm	complete	197475720	265713581
asyncs	measured	182	182	1	7e8e7cbb581c478e8e7cbb581c378e2a	compression-derived-random256k-level6-v1	c5-gzip-level6-random256k-v1	true	true	ok	262144	04f7209a1428aceb9b838a3043af314defd245fab3da383edf7753f23133d184	262207	902fb060a81c368caafcdc10768beda0604bdd238516e6a8cb850e83ee069fbc	false	4096	/guest/c5_asyncs_representative_warm_v1	0.0.4@1784759769207	caf8366ad4263db5edf76f58d728a6fba5e12e0f6820d327f5bbecaa34265108	836ea3df370f0373319456aa13fdad1b6297ff4747839c5c685be615390bae8d	/guest/c5_asyncs_representative_warm_v1	fe2cceff68c2		fe2cceff68c2		7	true	warm	complete	168234017	230690035
asyncs	measured	183	183	1	e0847de91238468c847de91238f68cbe	compression-derived-random256k-level6-v1	c5-gzip-level6-random256k-v1	true	true	ok	262144	04f7209a1428aceb9b838a3043af314defd245fab3da383edf7753f23133d184	262207	902fb060a81c368caafcdc10768beda0604bdd238516e6a8cb850e83ee069fbc	false	4096	/guest/c5_asyncs_representative_warm_v1	0.0.4@1784759769207	caf8366ad4263db5edf76f58d728a6fba5e12e0f6820d327f5bbecaa34265108	836ea3df370f0373319456aa13fdad1b6297ff4747839c5c685be615390bae8d	/guest/c5_asyncs_representative_warm_v1	ecf3e7a38895		ecf3e7a38895		7	true	warm	complete	182005340	251262932
asyncs	measured	184	184	1	05909894a4674f7f909894a4677f7fdf	compression-derived-random256k-level6-v1	c5-gzip-level6-random256k-v1	true	true	ok	262144	04f7209a1428aceb9b838a3043af314defd245fab3da383edf7753f23133d184	262207	902fb060a81c368caafcdc10768beda0604bdd238516e6a8cb850e83ee069fbc	false	4096	/guest/c5_asyncs_representative_warm_v1	0.0.4@1784759769207	caf8366ad4263db5edf76f58d728a6fba5e12e0f6820d327f5bbecaa34265108	836ea3df370f0373319456aa13fdad1b6297ff4747839c5c685be615390bae8d	/guest/c5_asyncs_representative_warm_v1	7eab2344c813		7eab2344c813		7	true	warm	complete	202920224	278235879
asyncs	measured	185	185	1	8986cd0445c046b086cd0445c0a6b0a8	compression-derived-random256k-level6-v1	c5-gzip-level6-random256k-v1	true	true	ok	262144	04f7209a1428aceb9b838a3043af314defd245fab3da383edf7753f23133d184	262207	902fb060a81c368caafcdc10768beda0604bdd238516e6a8cb850e83ee069fbc	false	4096	/guest/c5_asyncs_representative_warm_v1	0.0.4@1784759769207	caf8366ad4263db5edf76f58d728a6fba5e12e0f6820d327f5bbecaa34265108	836ea3df370f0373319456aa13fdad1b6297ff4747839c5c685be615390bae8d	/guest/c5_asyncs_representative_warm_v1	fe2cceff68c2		fe2cceff68c2		13	true	warm	complete	168959846	231191832
asyncs	measured	186	186	1	c36ef22b963540c8aef22b9635a0c8e1	compression-derived-random256k-level6-v1	c5-gzip-level6-random256k-v1	true	true	ok	262144	04f7209a1428aceb9b838a3043af314defd245fab3da383edf7753f23133d184	262207	902fb060a81c368caafcdc10768beda0604bdd238516e6a8cb850e83ee069fbc	false	4096	/guest/c5_asyncs_representative_warm_v1	0.0.4@1784759769207	caf8366ad4263db5edf76f58d728a6fba5e12e0f6820d327f5bbecaa34265108	836ea3df370f0373319456aa13fdad1b6297ff4747839c5c685be615390bae8d	/guest/c5_asyncs_representative_warm_v1	ecf3e7a38895		ecf3e7a38895		9	true	warm	complete	199897113	277329371
asyncs	measured	187	187	1	97c7438dc76e4d7b87438dc76ead7b31	compression-derived-random256k-level6-v1	c5-gzip-level6-random256k-v1	true	true	ok	262144	04f7209a1428aceb9b838a3043af314defd245fab3da383edf7753f23133d184	262207	902fb060a81c368caafcdc10768beda0604bdd238516e6a8cb850e83ee069fbc	false	4096	/guest/c5_asyncs_representative_warm_v1	0.0.4@1784759769207	caf8366ad4263db5edf76f58d728a6fba5e12e0f6820d327f5bbecaa34265108	836ea3df370f0373319456aa13fdad1b6297ff4747839c5c685be615390bae8d	/guest/c5_asyncs_representative_warm_v1	fe2cceff68c2		fe2cceff68c2		14	true	warm	complete	174129624	242622053
asyncs	measured	188	188	1	d0fa4321a5134890ba4321a513489008	compression-derived-random256k-level6-v1	c5-gzip-level6-random256k-v1	true	true	ok	262144	04f7209a1428aceb9b838a3043af314defd245fab3da383edf7753f23133d184	262207	902fb060a81c368caafcdc10768beda0604bdd238516e6a8cb850e83ee069fbc	false	4096	/guest/c5_asyncs_representative_warm_v1	0.0.4@1784759769207	caf8366ad4263db5edf76f58d728a6fba5e12e0f6820d327f5bbecaa34265108	836ea3df370f0373319456aa13fdad1b6297ff4747839c5c685be615390bae8d	/guest/c5_asyncs_representative_warm_v1	7eab2344c813		7eab2344c813		8	true	warm	complete	211777314	288235650
asyncs	measured	189	189	1	1d436e2fa9aa40e8836e2fa9aa10e807	compression-derived-random256k-level6-v1	c5-gzip-level6-random256k-v1	true	true	ok	262144	04f7209a1428aceb9b838a3043af314defd245fab3da383edf7753f23133d184	262207	902fb060a81c368caafcdc10768beda0604bdd238516e6a8cb850e83ee069fbc	false	4096	/guest/c5_asyncs_representative_warm_v1	0.0.4@1784759769207	caf8366ad4263db5edf76f58d728a6fba5e12e0f6820d327f5bbecaa34265108	836ea3df370f0373319456aa13fdad1b6297ff4747839c5c685be615390bae8d	/guest/c5_asyncs_representative_warm_v1	ecf3e7a38895		ecf3e7a38895		16	true	warm	complete	203181726	280834403
asyncs	measured	190	190	1	2fec9e172cf34d0bac9e172cf33d0b98	compression-derived-random256k-level6-v1	c5-gzip-level6-random256k-v1	true	true	ok	262144	04f7209a1428aceb9b838a3043af314defd245fab3da383edf7753f23133d184	262207	902fb060a81c368caafcdc10768beda0604bdd238516e6a8cb850e83ee069fbc	false	4096	/guest/c5_asyncs_representative_warm_v1	0.0.4@1784759769207	caf8366ad4263db5edf76f58d728a6fba5e12e0f6820d327f5bbecaa34265108	836ea3df370f0373319456aa13fdad1b6297ff4747839c5c685be615390bae8d	/guest/c5_asyncs_representative_warm_v1	fe2cceff68c2		fe2cceff68c2		12	true	warm	complete	168283012	230725452
asyncs	measured	191	191	1	cfa1dd4051b54857a1dd4051b5485789	compression-derived-random256k-level6-v1	c5-gzip-level6-random256k-v1	true	true	ok	262144	04f7209a1428aceb9b838a3043af314defd245fab3da383edf7753f23133d184	262207	902fb060a81c368caafcdc10768beda0604bdd238516e6a8cb850e83ee069fbc	false	4096	/guest/c5_asyncs_representative_warm_v1	0.0.4@1784759769207	caf8366ad4263db5edf76f58d728a6fba5e12e0f6820d327f5bbecaa34265108	836ea3df370f0373319456aa13fdad1b6297ff4747839c5c685be615390bae8d	/guest/c5_asyncs_representative_warm_v1	7eab2344c813		7eab2344c813		14	true	warm	complete	193040906	260515007
asyncs	measured	192	192	1	5fa214f7569f4785a214f7569f5785ad	compression-derived-random256k-level6-v1	c5-gzip-level6-random256k-v1	true	true	ok	262144	04f7209a1428aceb9b838a3043af314defd245fab3da383edf7753f23133d184	262207	902fb060a81c368caafcdc10768beda0604bdd238516e6a8cb850e83ee069fbc	false	4096	/guest/c5_asyncs_representative_warm_v1	0.0.4@1784759769207	caf8366ad4263db5edf76f58d728a6fba5e12e0f6820d327f5bbecaa34265108	836ea3df370f0373319456aa13fdad1b6297ff4747839c5c685be615390bae8d	/guest/c5_asyncs_representative_warm_v1	fe2cceff68c2		fe2cceff68c2		18	true	warm	complete	169018015	231466515
asyncs	measured	193	193	1	02a0da168eb04f11a0da168eb06f116f	compression-derived-random256k-level6-v1	c5-gzip-level6-random256k-v1	true	true	ok	262144	04f7209a1428aceb9b838a3043af314defd245fab3da383edf7753f23133d184	262207	902fb060a81c368caafcdc10768beda0604bdd238516e6a8cb850e83ee069fbc	false	4096	/guest/c5_asyncs_representative_warm_v1	0.0.4@1784759769207	caf8366ad4263db5edf76f58d728a6fba5e12e0f6820d327f5bbecaa34265108	836ea3df370f0373319456aa13fdad1b6297ff4747839c5c685be615390bae8d	/guest/c5_asyncs_representative_warm_v1	ecf3e7a38895		ecf3e7a38895		10	true	warm	complete	207675430	278305248
asyncs	measured	194	194	1	625ccc473fe641c19ccc473fe691c16a	compression-derived-random256k-level6-v1	c5-gzip-level6-random256k-v1	true	true	ok	262144	04f7209a1428aceb9b838a3043af314defd245fab3da383edf7753f23133d184	262207	902fb060a81c368caafcdc10768beda0604bdd238516e6a8cb850e83ee069fbc	false	4096	/guest/c5_asyncs_representative_warm_v1	0.0.4@1784759769207	caf8366ad4263db5edf76f58d728a6fba5e12e0f6820d327f5bbecaa34265108	836ea3df370f0373319456aa13fdad1b6297ff4747839c5c685be615390bae8d	/guest/c5_asyncs_representative_warm_v1	7eab2344c813		7eab2344c813		7	true	warm	complete	213528952	308378507
asyncs	measured	195	195	1	83230190fa4f4a9ba30190fa4ffa9b42	compression-derived-random256k-level6-v1	c5-gzip-level6-random256k-v1	true	true	ok	262144	04f7209a1428aceb9b838a3043af314defd245fab3da383edf7753f23133d184	262207	902fb060a81c368caafcdc10768beda0604bdd238516e6a8cb850e83ee069fbc	false	4096	/guest/c5_asyncs_representative_warm_v1	0.0.4@1784759769207	caf8366ad4263db5edf76f58d728a6fba5e12e0f6820d327f5bbecaa34265108	836ea3df370f0373319456aa13fdad1b6297ff4747839c5c685be615390bae8d	/guest/c5_asyncs_representative_warm_v1	fe2cceff68c2		fe2cceff68c2		11	true	warm	complete	167869028	231774462
asyncs	measured	196	196	1	7348016e15254bfb88016e15259bfb53	compression-derived-random256k-level6-v1	c5-gzip-level6-random256k-v1	true	true	ok	262144	04f7209a1428aceb9b838a3043af314defd245fab3da383edf7753f23133d184	262207	902fb060a81c368caafcdc10768beda0604bdd238516e6a8cb850e83ee069fbc	false	4096	/guest/c5_asyncs_representative_warm_v1	0.0.4@1784759769207	caf8366ad4263db5edf76f58d728a6fba5e12e0f6820d327f5bbecaa34265108	836ea3df370f0373319456aa13fdad1b6297ff4747839c5c685be615390bae8d	/guest/c5_asyncs_representative_warm_v1	ecf3e7a38895		ecf3e7a38895		10	true	warm	complete	296245314	367906030
asyncs	measured	197	197	1	572295c958f84ba6a295c958f88ba610	compression-derived-random256k-level6-v1	c5-gzip-level6-random256k-v1	true	true	ok	262144	04f7209a1428aceb9b838a3043af314defd245fab3da383edf7753f23133d184	262207	902fb060a81c368caafcdc10768beda0604bdd238516e6a8cb850e83ee069fbc	false	4096	/guest/c5_asyncs_representative_warm_v1	0.0.4@1784759769207	caf8366ad4263db5edf76f58d728a6fba5e12e0f6820d327f5bbecaa34265108	836ea3df370f0373319456aa13fdad1b6297ff4747839c5c685be615390bae8d	/guest/c5_asyncs_representative_warm_v1	7eab2344c813		7eab2344c813		14	true	warm	complete	298787575	393241900
asyncs	measured	198	198	1	1af7c0177c8b425cb7c0177c8b425c17	compression-derived-random256k-level6-v1	c5-gzip-level6-random256k-v1	true	true	ok	262144	04f7209a1428aceb9b838a3043af314defd245fab3da383edf7753f23133d184	262207	902fb060a81c368caafcdc10768beda0604bdd238516e6a8cb850e83ee069fbc	false	4096	/guest/c5_asyncs_representative_warm_v1	0.0.4@1784759769207	caf8366ad4263db5edf76f58d728a6fba5e12e0f6820d327f5bbecaa34265108	836ea3df370f0373319456aa13fdad1b6297ff4747839c5c685be615390bae8d	/guest/c5_asyncs_representative_warm_v1	fe2cceff68c2		fe2cceff68c2		16	true	warm	complete	168635971	230385874
asyncs	measured	199	199	1	348a18873d83487a8a18873d83a87ab1	compression-derived-random256k-level6-v1	c5-gzip-level6-random256k-v1	true	true	ok	262144	04f7209a1428aceb9b838a3043af314defd245fab3da383edf7753f23133d184	262207	902fb060a81c368caafcdc10768beda0604bdd238516e6a8cb850e83ee069fbc	false	4096	/guest/c5_asyncs_representative_warm_v1	0.0.4@1784759769207	caf8366ad4263db5edf76f58d728a6fba5e12e0f6820d327f5bbecaa34265108	836ea3df370f0373319456aa13fdad1b6297ff4747839c5c685be615390bae8d	/guest/c5_asyncs_representative_warm_v1	fe2cceff68c2		fe2cceff68c2		11	true	warm	complete	168453101	230607367
asyncs	measured	200	200	1	758c878acdc74e1e8c878acdc79e1e7c	compression-derived-random256k-level6-v1	c5-gzip-level6-random256k-v1	true	true	ok	262144	04f7209a1428aceb9b838a3043af314defd245fab3da383edf7753f23133d184	262207	902fb060a81c368caafcdc10768beda0604bdd238516e6a8cb850e83ee069fbc	false	4096	/guest/c5_asyncs_representative_warm_v1	0.0.4@1784759769207	caf8366ad4263db5edf76f58d728a6fba5e12e0f6820d327f5bbecaa34265108	836ea3df370f0373319456aa13fdad1b6297ff4747839c5c685be615390bae8d	/guest/c5_asyncs_representative_warm_v1	ecf3e7a38895		ecf3e7a38895		9	true	warm	complete	174796370	247017875
asyncs	measured	201	201	1	1f605304dfa44210a05304dfa49210ec	compression-derived-random256k-level6-v1	c5-gzip-level6-random256k-v1	true	true	ok	262144	04f7209a1428aceb9b838a3043af314defd245fab3da383edf7753f23133d184	262207	902fb060a81c368caafcdc10768beda0604bdd238516e6a8cb850e83ee069fbc	false	4096	/guest/c5_asyncs_representative_warm_v1	0.0.4@1784759769207	caf8366ad4263db5edf76f58d728a6fba5e12e0f6820d327f5bbecaa34265108	836ea3df370f0373319456aa13fdad1b6297ff4747839c5c685be615390bae8d	/guest/c5_asyncs_representative_warm_v1	fe2cceff68c2		fe2cceff68c2		7	true	warm	complete	168965474	231300002
asyncs	measured	202	202	1	a91798f9373a4eff9798f9373aceffae	compression-derived-random256k-level6-v1	c5-gzip-level6-random256k-v1	true	true	ok	262144	04f7209a1428aceb9b838a3043af314defd245fab3da383edf7753f23133d184	262207	902fb060a81c368caafcdc10768beda0604bdd238516e6a8cb850e83ee069fbc	false	4096	/guest/c5_asyncs_representative_warm_v1	0.0.4@1784759769207	caf8366ad4263db5edf76f58d728a6fba5e12e0f6820d327f5bbecaa34265108	836ea3df370f0373319456aa13fdad1b6297ff4747839c5c685be615390bae8d	/guest/c5_asyncs_representative_warm_v1	ecf3e7a38895		ecf3e7a38895		6	true	warm	complete	200449794	269562886
asyncs	measured	203	203	1	097378d6e50a4a75b378d6e50a6a752b	compression-derived-random256k-level6-v1	c5-gzip-level6-random256k-v1	true	true	ok	262144	04f7209a1428aceb9b838a3043af314defd245fab3da383edf7753f23133d184	262207	902fb060a81c368caafcdc10768beda0604bdd238516e6a8cb850e83ee069fbc	false	4096	/guest/c5_asyncs_representative_warm_v1	0.0.4@1784759769207	caf8366ad4263db5edf76f58d728a6fba5e12e0f6820d327f5bbecaa34265108	836ea3df370f0373319456aa13fdad1b6297ff4747839c5c685be615390bae8d	/guest/c5_asyncs_representative_warm_v1	7eab2344c813		7eab2344c813		14	true	warm	complete	218547636	289794413
asyncs	measured	204	204	1	b651a8fb187e469491a8fb187ee69404	compression-derived-random256k-level6-v1	c5-gzip-level6-random256k-v1	true	true	ok	262144	04f7209a1428aceb9b838a3043af314defd245fab3da383edf7753f23133d184	262207	902fb060a81c368caafcdc10768beda0604bdd238516e6a8cb850e83ee069fbc	false	4096	/guest/c5_asyncs_representative_warm_v1	0.0.4@1784759769207	caf8366ad4263db5edf76f58d728a6fba5e12e0f6820d327f5bbecaa34265108	836ea3df370f0373319456aa13fdad1b6297ff4747839c5c685be615390bae8d	/guest/c5_asyncs_representative_warm_v1	fe2cceff68c2		fe2cceff68c2		13	true	warm	complete	168849315	231553915
asyncs	measured	205	205	1	c4bc09943b3348e3bc09943b33f8e369	compression-derived-random256k-level6-v1	c5-gzip-level6-random256k-v1	true	true	ok	262144	04f7209a1428aceb9b838a3043af314defd245fab3da383edf7753f23133d184	262207	902fb060a81c368caafcdc10768beda0604bdd238516e6a8cb850e83ee069fbc	false	4096	/guest/c5_asyncs_representative_warm_v1	0.0.4@1784759769207	caf8366ad4263db5edf76f58d728a6fba5e12e0f6820d327f5bbecaa34265108	836ea3df370f0373319456aa13fdad1b6297ff4747839c5c685be615390bae8d	/guest/c5_asyncs_representative_warm_v1	ecf3e7a38895		ecf3e7a38895		13	true	warm	complete	195698963	275807237
asyncs	measured	206	206	1	f9f5c0afebb34b1db5c0afebb36b1dd6	compression-derived-random256k-level6-v1	c5-gzip-level6-random256k-v1	true	true	ok	262144	04f7209a1428aceb9b838a3043af314defd245fab3da383edf7753f23133d184	262207	902fb060a81c368caafcdc10768beda0604bdd238516e6a8cb850e83ee069fbc	false	4096	/guest/c5_asyncs_representative_warm_v1	0.0.4@1784759769207	caf8366ad4263db5edf76f58d728a6fba5e12e0f6820d327f5bbecaa34265108	836ea3df370f0373319456aa13fdad1b6297ff4747839c5c685be615390bae8d	/guest/c5_asyncs_representative_warm_v1	fe2cceff68c2		fe2cceff68c2		18	true	warm	complete	168259390	230352557
asyncs	measured	207	207	1	0c6bdcc3788e4e65abdcc3788ebe655a	compression-derived-random256k-level6-v1	c5-gzip-level6-random256k-v1	true	true	ok	262144	04f7209a1428aceb9b838a3043af314defd245fab3da383edf7753f23133d184	262207	902fb060a81c368caafcdc10768beda0604bdd238516e6a8cb850e83ee069fbc	false	4096	/guest/c5_asyncs_representative_warm_v1	0.0.4@1784759769207	caf8366ad4263db5edf76f58d728a6fba5e12e0f6820d327f5bbecaa34265108	836ea3df370f0373319456aa13fdad1b6297ff4747839c5c685be615390bae8d	/guest/c5_asyncs_representative_warm_v1	7eab2344c813		7eab2344c813		9	true	warm	complete	209720234	278597621
asyncs	measured	208	208	1	263715437e48433cb715437e48833cf9	compression-derived-random256k-level6-v1	c5-gzip-level6-random256k-v1	true	true	ok	262144	04f7209a1428aceb9b838a3043af314defd245fab3da383edf7753f23133d184	262207	902fb060a81c368caafcdc10768beda0604bdd238516e6a8cb850e83ee069fbc	false	4096	/guest/c5_asyncs_representative_warm_v1	0.0.4@1784759769207	caf8366ad4263db5edf76f58d728a6fba5e12e0f6820d327f5bbecaa34265108	836ea3df370f0373319456aa13fdad1b6297ff4747839c5c685be615390bae8d	/guest/c5_asyncs_representative_warm_v1	fe2cceff68c2		fe2cceff68c2		38	true	warm	complete	168759702	230934253
asyncs	measured	209	209	1	6b3dbc261fad4f2bbdbc261faddf2b67	compression-derived-random256k-level6-v1	c5-gzip-level6-random256k-v1	true	true	ok	262144	04f7209a1428aceb9b838a3043af314defd245fab3da383edf7753f23133d184	262207	902fb060a81c368caafcdc10768beda0604bdd238516e6a8cb850e83ee069fbc	false	4096	/guest/c5_asyncs_representative_warm_v1	0.0.4@1784759769207	caf8366ad4263db5edf76f58d728a6fba5e12e0f6820d327f5bbecaa34265108	836ea3df370f0373319456aa13fdad1b6297ff4747839c5c685be615390bae8d	/guest/c5_asyncs_representative_warm_v1	ecf3e7a38895		ecf3e7a38895		20	true	warm	complete	209260427	294389901
asyncs	measured	210	210	1	9092ad40e359441592ad40e3591415cc	compression-derived-random256k-level6-v1	c5-gzip-level6-random256k-v1	true	true	ok	262144	04f7209a1428aceb9b838a3043af314defd245fab3da383edf7753f23133d184	262207	902fb060a81c368caafcdc10768beda0604bdd238516e6a8cb850e83ee069fbc	false	4096	/guest/c5_asyncs_representative_warm_v1	0.0.4@1784759769207	caf8366ad4263db5edf76f58d728a6fba5e12e0f6820d327f5bbecaa34265108	836ea3df370f0373319456aa13fdad1b6297ff4747839c5c685be615390bae8d	/guest/c5_asyncs_representative_warm_v1	7eab2344c813		7eab2344c813		15	true	warm	complete	215088353	287576426
asyncs	measured	211	211	1	7e3d8fc1b4924f33bd8fc1b4924f3392	compression-derived-random256k-level6-v1	c5-gzip-level6-random256k-v1	true	true	ok	262144	04f7209a1428aceb9b838a3043af314defd245fab3da383edf7753f23133d184	262207	902fb060a81c368caafcdc10768beda0604bdd238516e6a8cb850e83ee069fbc	false	4096	/guest/c5_asyncs_representative_warm_v1	0.0.4@1784759769207	caf8366ad4263db5edf76f58d728a6fba5e12e0f6820d327f5bbecaa34265108	836ea3df370f0373319456aa13fdad1b6297ff4747839c5c685be615390bae8d	/guest/c5_asyncs_representative_warm_v1	fe2cceff68c2		fe2cceff68c2		20	true	warm	complete	168551806	231831918
asyncs	measured	212	212	1	0e2506b6bcff40a8a506b6bcff00a819	compression-derived-random256k-level6-v1	c5-gzip-level6-random256k-v1	true	true	ok	262144	04f7209a1428aceb9b838a3043af314defd245fab3da383edf7753f23133d184	262207	902fb060a81c368caafcdc10768beda0604bdd238516e6a8cb850e83ee069fbc	false	4096	/guest/c5_asyncs_representative_warm_v1	0.0.4@1784759769207	caf8366ad4263db5edf76f58d728a6fba5e12e0f6820d327f5bbecaa34265108	836ea3df370f0373319456aa13fdad1b6297ff4747839c5c685be615390bae8d	/guest/c5_asyncs_representative_warm_v1	ecf3e7a38895		ecf3e7a38895		19	true	warm	complete	199083799	269803229
asyncs	measured	213	213	1	6c42918b00bb459082918b00bba5906b	compression-derived-random256k-level6-v1	c5-gzip-level6-random256k-v1	true	true	ok	262144	04f7209a1428aceb9b838a3043af314defd245fab3da383edf7753f23133d184	262207	902fb060a81c368caafcdc10768beda0604bdd238516e6a8cb850e83ee069fbc	false	4096	/guest/c5_asyncs_representative_warm_v1	0.0.4@1784759769207	caf8366ad4263db5edf76f58d728a6fba5e12e0f6820d327f5bbecaa34265108	836ea3df370f0373319456aa13fdad1b6297ff4747839c5c685be615390bae8d	/guest/c5_asyncs_representative_warm_v1	7eab2344c813		7eab2344c813		17	true	warm	complete	226159907	297496158
asyncs	measured	214	214	1	fcf214a5f08b4c14b214a5f08b5c14de	compression-derived-random256k-level6-v1	c5-gzip-level6-random256k-v1	true	true	ok	262144	04f7209a1428aceb9b838a3043af314defd245fab3da383edf7753f23133d184	262207	902fb060a81c368caafcdc10768beda0604bdd238516e6a8cb850e83ee069fbc	false	4096	/guest/c5_asyncs_representative_warm_v1	0.0.4@1784759769207	caf8366ad4263db5edf76f58d728a6fba5e12e0f6820d327f5bbecaa34265108	836ea3df370f0373319456aa13fdad1b6297ff4747839c5c685be615390bae8d	/guest/c5_asyncs_representative_warm_v1	fe2cceff68c2		fe2cceff68c2		10	true	warm	complete	169390807	231908243
asyncs	measured	215	215	1	fbd87a22e56e4e04987a22e56e3e0428	compression-derived-random256k-level6-v1	c5-gzip-level6-random256k-v1	true	true	ok	262144	04f7209a1428aceb9b838a3043af314defd245fab3da383edf7753f23133d184	262207	902fb060a81c368caafcdc10768beda0604bdd238516e6a8cb850e83ee069fbc	false	4096	/guest/c5_asyncs_representative_warm_v1	0.0.4@1784759769207	caf8366ad4263db5edf76f58d728a6fba5e12e0f6820d327f5bbecaa34265108	836ea3df370f0373319456aa13fdad1b6297ff4747839c5c685be615390bae8d	/guest/c5_asyncs_representative_warm_v1	ecf3e7a38895		ecf3e7a38895		25	true	warm	complete	205327220	279675224
asyncs	measured	216	216	1	a51e826a3a3b4fc29e826a3a3bafc20d	compression-derived-random256k-level6-v1	c5-gzip-level6-random256k-v1	true	true	ok	262144	04f7209a1428aceb9b838a3043af314defd245fab3da383edf7753f23133d184	262207	902fb060a81c368caafcdc10768beda0604bdd238516e6a8cb850e83ee069fbc	false	4096	/guest/c5_asyncs_representative_warm_v1	0.0.4@1784759769207	caf8366ad4263db5edf76f58d728a6fba5e12e0f6820d327f5bbecaa34265108	836ea3df370f0373319456aa13fdad1b6297ff4747839c5c685be615390bae8d	/guest/c5_asyncs_representative_warm_v1	7eab2344c813		7eab2344c813		9	true	warm	complete	219214234	291534233
asyncs	measured	217	217	1	c1cb6e507ff649a68b6e507ff6d9a69e	compression-derived-random256k-level6-v1	c5-gzip-level6-random256k-v1	true	true	ok	262144	04f7209a1428aceb9b838a3043af314defd245fab3da383edf7753f23133d184	262207	902fb060a81c368caafcdc10768beda0604bdd238516e6a8cb850e83ee069fbc	false	4096	/guest/c5_asyncs_representative_warm_v1	0.0.4@1784759769207	caf8366ad4263db5edf76f58d728a6fba5e12e0f6820d327f5bbecaa34265108	836ea3df370f0373319456aa13fdad1b6297ff4747839c5c685be615390bae8d	/guest/c5_asyncs_representative_warm_v1	fe2cceff68c2		fe2cceff68c2		10	true	warm	complete	167797849	230037683
asyncs	measured	218	218	1	a9dd2c1810794e619d2c181079ee61a3	compression-derived-random256k-level6-v1	c5-gzip-level6-random256k-v1	true	true	ok	262144	04f7209a1428aceb9b838a3043af314defd245fab3da383edf7753f23133d184	262207	902fb060a81c368caafcdc10768beda0604bdd238516e6a8cb850e83ee069fbc	false	4096	/guest/c5_asyncs_representative_warm_v1	0.0.4@1784759769207	caf8366ad4263db5edf76f58d728a6fba5e12e0f6820d327f5bbecaa34265108	836ea3df370f0373319456aa13fdad1b6297ff4747839c5c685be615390bae8d	/guest/c5_asyncs_representative_warm_v1	ecf3e7a38895		ecf3e7a38895		7	true	warm	complete	199496678	273067579
asyncs	measured	219	219	1	f33f8e32d98647d8bf8e32d98677d897	compression-derived-random256k-level6-v1	c5-gzip-level6-random256k-v1	true	true	ok	262144	04f7209a1428aceb9b838a3043af314defd245fab3da383edf7753f23133d184	262207	902fb060a81c368caafcdc10768beda0604bdd238516e6a8cb850e83ee069fbc	false	4096	/guest/c5_asyncs_representative_warm_v1	0.0.4@1784759769207	caf8366ad4263db5edf76f58d728a6fba5e12e0f6820d327f5bbecaa34265108	836ea3df370f0373319456aa13fdad1b6297ff4747839c5c685be615390bae8d	/guest/c5_asyncs_representative_warm_v1	fe2cceff68c2		fe2cceff68c2		7	true	warm	complete	168364505	231489954
asyncs	measured	220	220	1	5fcb802f596f4d278b802f596f4d27ae	compression-derived-random256k-level6-v1	c5-gzip-level6-random256k-v1	true	true	ok	262144	04f7209a1428aceb9b838a3043af314defd245fab3da383edf7753f23133d184	262207	902fb060a81c368caafcdc10768beda0604bdd238516e6a8cb850e83ee069fbc	false	4096	/guest/c5_asyncs_representative_warm_v1	0.0.4@1784759769207	caf8366ad4263db5edf76f58d728a6fba5e12e0f6820d327f5bbecaa34265108	836ea3df370f0373319456aa13fdad1b6297ff4747839c5c685be615390bae8d	/guest/c5_asyncs_representative_warm_v1	7eab2344c813		7eab2344c813		8	true	warm	complete	209263445	278601817
asyncs	measured	221	221	1	cb3f1edc00d048eabf1edc00d0a8eac6	compression-derived-random256k-level6-v1	c5-gzip-level6-random256k-v1	true	true	ok	262144	04f7209a1428aceb9b838a3043af314defd245fab3da383edf7753f23133d184	262207	902fb060a81c368caafcdc10768beda0604bdd238516e6a8cb850e83ee069fbc	false	4096	/guest/c5_asyncs_representative_warm_v1	0.0.4@1784759769207	caf8366ad4263db5edf76f58d728a6fba5e12e0f6820d327f5bbecaa34265108	836ea3df370f0373319456aa13fdad1b6297ff4747839c5c685be615390bae8d	/guest/c5_asyncs_representative_warm_v1	fe2cceff68c2		fe2cceff68c2		13	true	warm	complete	169138918	231208249
asyncs	measured	222	222	1	67fa675f6935444eba675f6935944e5d	compression-derived-random256k-level6-v1	c5-gzip-level6-random256k-v1	true	true	ok	262144	04f7209a1428aceb9b838a3043af314defd245fab3da383edf7753f23133d184	262207	902fb060a81c368caafcdc10768beda0604bdd238516e6a8cb850e83ee069fbc	false	4096	/guest/c5_asyncs_representative_warm_v1	0.0.4@1784759769207	caf8366ad4263db5edf76f58d728a6fba5e12e0f6820d327f5bbecaa34265108	836ea3df370f0373319456aa13fdad1b6297ff4747839c5c685be615390bae8d	/guest/c5_asyncs_representative_warm_v1	ecf3e7a38895		ecf3e7a38895		9	true	warm	complete	201746452	275502985
asyncs	measured	223	223	1	a5bcb9898c6a4bc6bcb9898c6a2bc698	compression-derived-random256k-level6-v1	c5-gzip-level6-random256k-v1	true	true	ok	262144	04f7209a1428aceb9b838a3043af314defd245fab3da383edf7753f23133d184	262207	902fb060a81c368caafcdc10768beda0604bdd238516e6a8cb850e83ee069fbc	false	4096	/guest/c5_asyncs_representative_warm_v1	0.0.4@1784759769207	caf8366ad4263db5edf76f58d728a6fba5e12e0f6820d327f5bbecaa34265108	836ea3df370f0373319456aa13fdad1b6297ff4747839c5c685be615390bae8d	/guest/c5_asyncs_representative_warm_v1	7eab2344c813		7eab2344c813		9	true	warm	complete	215805003	300335418
asyncs	measured	224	224	1	77e7f983997f4737a7f983997f873764	compression-derived-random256k-level6-v1	c5-gzip-level6-random256k-v1	true	true	ok	262144	04f7209a1428aceb9b838a3043af314defd245fab3da383edf7753f23133d184	262207	902fb060a81c368caafcdc10768beda0604bdd238516e6a8cb850e83ee069fbc	false	4096	/guest/c5_asyncs_representative_warm_v1	0.0.4@1784759769207	caf8366ad4263db5edf76f58d728a6fba5e12e0f6820d327f5bbecaa34265108	836ea3df370f0373319456aa13fdad1b6297ff4747839c5c685be615390bae8d	/guest/c5_asyncs_representative_warm_v1	fe2cceff68c2		fe2cceff68c2		14	true	warm	complete	168951464	232834642
asyncs	measured	225	225	1	dc6232a8294f4ea3a232a8294f0ea3b2	compression-derived-random256k-level6-v1	c5-gzip-level6-random256k-v1	true	true	ok	262144	04f7209a1428aceb9b838a3043af314defd245fab3da383edf7753f23133d184	262207	902fb060a81c368caafcdc10768beda0604bdd238516e6a8cb850e83ee069fbc	false	4096	/guest/c5_asyncs_representative_warm_v1	0.0.4@1784759769207	caf8366ad4263db5edf76f58d728a6fba5e12e0f6820d327f5bbecaa34265108	836ea3df370f0373319456aa13fdad1b6297ff4747839c5c685be615390bae8d	/guest/c5_asyncs_representative_warm_v1	ecf3e7a38895		ecf3e7a38895		19	true	warm	complete	185992557	276678287
asyncs	measured	226	226	1	593cad10faac4db4bcad10faacddb427	compression-derived-random256k-level6-v1	c5-gzip-level6-random256k-v1	true	true	ok	262144	04f7209a1428aceb9b838a3043af314defd245fab3da383edf7753f23133d184	262207	902fb060a81c368caafcdc10768beda0604bdd238516e6a8cb850e83ee069fbc	false	4096	/guest/c5_asyncs_representative_warm_v1	0.0.4@1784759769207	caf8366ad4263db5edf76f58d728a6fba5e12e0f6820d327f5bbecaa34265108	836ea3df370f0373319456aa13fdad1b6297ff4747839c5c685be615390bae8d	/guest/c5_asyncs_representative_warm_v1	fe2cceff68c2		fe2cceff68c2		11	true	warm	complete	168936091	235263059
asyncs	measured	227	227	1	1f4beee00414487f8beee00414b87f59	compression-derived-random256k-level6-v1	c5-gzip-level6-random256k-v1	true	true	ok	262144	04f7209a1428aceb9b838a3043af314defd245fab3da383edf7753f23133d184	262207	902fb060a81c368caafcdc10768beda0604bdd238516e6a8cb850e83ee069fbc	false	4096	/guest/c5_asyncs_representative_warm_v1	0.0.4@1784759769207	caf8366ad4263db5edf76f58d728a6fba5e12e0f6820d327f5bbecaa34265108	836ea3df370f0373319456aa13fdad1b6297ff4747839c5c685be615390bae8d	/guest/c5_asyncs_representative_warm_v1	7eab2344c813		7eab2344c813		14	true	warm	complete	215826958	296497322
asyncs	measured	228	228	1	d19764a43a324d9e9764a43a322d9e78	compression-derived-random256k-level6-v1	c5-gzip-level6-random256k-v1	true	true	ok	262144	04f7209a1428aceb9b838a3043af314defd245fab3da383edf7753f23133d184	262207	902fb060a81c368caafcdc10768beda0604bdd238516e6a8cb850e83ee069fbc	false	4096	/guest/c5_asyncs_representative_warm_v1	0.0.4@1784759769207	caf8366ad4263db5edf76f58d728a6fba5e12e0f6820d327f5bbecaa34265108	836ea3df370f0373319456aa13fdad1b6297ff4747839c5c685be615390bae8d	/guest/c5_asyncs_representative_warm_v1	ecf3e7a38895		ecf3e7a38895		10	true	warm	complete	215092229	294843835
asyncs	measured	229	229	1	364baed20dc042c18baed20dc002c173	compression-derived-random256k-level6-v1	c5-gzip-level6-random256k-v1	true	true	ok	262144	04f7209a1428aceb9b838a3043af314defd245fab3da383edf7753f23133d184	262207	902fb060a81c368caafcdc10768beda0604bdd238516e6a8cb850e83ee069fbc	false	4096	/guest/c5_asyncs_representative_warm_v1	0.0.4@1784759769207	caf8366ad4263db5edf76f58d728a6fba5e12e0f6820d327f5bbecaa34265108	836ea3df370f0373319456aa13fdad1b6297ff4747839c5c685be615390bae8d	/guest/c5_asyncs_representative_warm_v1	fe2cceff68c2		fe2cceff68c2		11	true	warm	complete	168157906	230828549
asyncs	measured	230	230	1	5d0250edadf240238250edadf20023e1	compression-derived-random256k-level6-v1	c5-gzip-level6-random256k-v1	true	true	ok	262144	04f7209a1428aceb9b838a3043af314defd245fab3da383edf7753f23133d184	262207	902fb060a81c368caafcdc10768beda0604bdd238516e6a8cb850e83ee069fbc	false	4096	/guest/c5_asyncs_representative_warm_v1	0.0.4@1784759769207	caf8366ad4263db5edf76f58d728a6fba5e12e0f6820d327f5bbecaa34265108	836ea3df370f0373319456aa13fdad1b6297ff4747839c5c685be615390bae8d	/guest/c5_asyncs_representative_warm_v1	7eab2344c813		7eab2344c813		13	true	warm	complete	173810420	241648875
asyncs	measured	231	231	1	224ba1d725d640898ba1d725d6808978	compression-derived-random256k-level6-v1	c5-gzip-level6-random256k-v1	true	true	ok	262144	04f7209a1428aceb9b838a3043af314defd245fab3da383edf7753f23133d184	262207	902fb060a81c368caafcdc10768beda0604bdd238516e6a8cb850e83ee069fbc	false	4096	/guest/c5_asyncs_representative_warm_v1	0.0.4@1784759769207	caf8366ad4263db5edf76f58d728a6fba5e12e0f6820d327f5bbecaa34265108	836ea3df370f0373319456aa13fdad1b6297ff4747839c5c685be615390bae8d	/guest/c5_asyncs_representative_warm_v1	fe2cceff68c2		fe2cceff68c2		13	true	warm	complete	167953586	230269802
asyncs	measured	232	232	1	4c5ddcc129424c3d9ddcc12942fc3d94	compression-derived-random256k-level6-v1	c5-gzip-level6-random256k-v1	true	true	ok	262144	04f7209a1428aceb9b838a3043af314defd245fab3da383edf7753f23133d184	262207	902fb060a81c368caafcdc10768beda0604bdd238516e6a8cb850e83ee069fbc	false	4096	/guest/c5_asyncs_representative_warm_v1	0.0.4@1784759769207	caf8366ad4263db5edf76f58d728a6fba5e12e0f6820d327f5bbecaa34265108	836ea3df370f0373319456aa13fdad1b6297ff4747839c5c685be615390bae8d	/guest/c5_asyncs_representative_warm_v1	ecf3e7a38895		ecf3e7a38895		10	true	warm	complete	211191633	281307587
asyncs	measured	233	233	1	5f84c27834f0421284c27834f0021209	compression-derived-random256k-level6-v1	c5-gzip-level6-random256k-v1	true	true	ok	262144	04f7209a1428aceb9b838a3043af314defd245fab3da383edf7753f23133d184	262207	902fb060a81c368caafcdc10768beda0604bdd238516e6a8cb850e83ee069fbc	false	4096	/guest/c5_asyncs_representative_warm_v1	0.0.4@1784759769207	caf8366ad4263db5edf76f58d728a6fba5e12e0f6820d327f5bbecaa34265108	836ea3df370f0373319456aa13fdad1b6297ff4747839c5c685be615390bae8d	/guest/c5_asyncs_representative_warm_v1	7eab2344c813		7eab2344c813		10	true	warm	complete	217600506	299264106
asyncs	measured	234	234	1	d1d2c2e120d04d4692c2e120d0ed4663	compression-derived-random256k-level6-v1	c5-gzip-level6-random256k-v1	true	true	ok	262144	04f7209a1428aceb9b838a3043af314defd245fab3da383edf7753f23133d184	262207	902fb060a81c368caafcdc10768beda0604bdd238516e6a8cb850e83ee069fbc	false	4096	/guest/c5_asyncs_representative_warm_v1	0.0.4@1784759769207	caf8366ad4263db5edf76f58d728a6fba5e12e0f6820d327f5bbecaa34265108	836ea3df370f0373319456aa13fdad1b6297ff4747839c5c685be615390bae8d	/guest/c5_asyncs_representative_warm_v1	fe2cceff68c2		fe2cceff68c2		9	true	warm	complete	168361119	230449312
asyncs	measured	235	235	1	df45e5815c8c46ed85e5815c8cb6ed9f	compression-derived-random256k-level6-v1	c5-gzip-level6-random256k-v1	true	true	ok	262144	04f7209a1428aceb9b838a3043af314defd245fab3da383edf7753f23133d184	262207	902fb060a81c368caafcdc10768beda0604bdd238516e6a8cb850e83ee069fbc	false	4096	/guest/c5_asyncs_representative_warm_v1	0.0.4@1784759769207	caf8366ad4263db5edf76f58d728a6fba5e12e0f6820d327f5bbecaa34265108	836ea3df370f0373319456aa13fdad1b6297ff4747839c5c685be615390bae8d	/guest/c5_asyncs_representative_warm_v1	ecf3e7a38895		ecf3e7a38895		18	true	warm	complete	210004677	282635894
asyncs	measured	236	236	1	5fa01cee58e04cb6a01cee58e03cb6f0	compression-derived-random256k-level6-v1	c5-gzip-level6-random256k-v1	true	true	ok	262144	04f7209a1428aceb9b838a3043af314defd245fab3da383edf7753f23133d184	262207	902fb060a81c368caafcdc10768beda0604bdd238516e6a8cb850e83ee069fbc	false	4096	/guest/c5_asyncs_representative_warm_v1	0.0.4@1784759769207	caf8366ad4263db5edf76f58d728a6fba5e12e0f6820d327f5bbecaa34265108	836ea3df370f0373319456aa13fdad1b6297ff4747839c5c685be615390bae8d	/guest/c5_asyncs_representative_warm_v1	fe2cceff68c2		fe2cceff68c2		9	true	warm	complete	170354946	232585744
asyncs	measured	237	237	1	5af578e5a87c4c9ab578e5a87ccc9adb	compression-derived-random256k-level6-v1	c5-gzip-level6-random256k-v1	true	true	ok	262144	04f7209a1428aceb9b838a3043af314defd245fab3da383edf7753f23133d184	262207	902fb060a81c368caafcdc10768beda0604bdd238516e6a8cb850e83ee069fbc	false	4096	/guest/c5_asyncs_representative_warm_v1	0.0.4@1784759769207	caf8366ad4263db5edf76f58d728a6fba5e12e0f6820d327f5bbecaa34265108	836ea3df370f0373319456aa13fdad1b6297ff4747839c5c685be615390bae8d	/guest/c5_asyncs_representative_warm_v1	7eab2344c813		7eab2344c813		10	true	warm	complete	207771174	282474982
asyncs	measured	238	238	1	7334a11682674a2db4a11682672a2d7a	compression-derived-random256k-level6-v1	c5-gzip-level6-random256k-v1	true	true	ok	262144	04f7209a1428aceb9b838a3043af314defd245fab3da383edf7753f23133d184	262207	902fb060a81c368caafcdc10768beda0604bdd238516e6a8cb850e83ee069fbc	false	4096	/guest/c5_asyncs_representative_warm_v1	0.0.4@1784759769207	caf8366ad4263db5edf76f58d728a6fba5e12e0f6820d327f5bbecaa34265108	836ea3df370f0373319456aa13fdad1b6297ff4747839c5c685be615390bae8d	/guest/c5_asyncs_representative_warm_v1	fe2cceff68c2		fe2cceff68c2		9	true	warm	complete	168758847	230931255
asyncs	measured	239	239	1	f085975e2050466785975e205056670f	compression-derived-random256k-level6-v1	c5-gzip-level6-random256k-v1	true	true	ok	262144	04f7209a1428aceb9b838a3043af314defd245fab3da383edf7753f23133d184	262207	902fb060a81c368caafcdc10768beda0604bdd238516e6a8cb850e83ee069fbc	false	4096	/guest/c5_asyncs_representative_warm_v1	0.0.4@1784759769207	caf8366ad4263db5edf76f58d728a6fba5e12e0f6820d327f5bbecaa34265108	836ea3df370f0373319456aa13fdad1b6297ff4747839c5c685be615390bae8d	/guest/c5_asyncs_representative_warm_v1	ecf3e7a38895		ecf3e7a38895		6	true	warm	complete	203846826	281591199
asyncs	measured	240	240	1	2a78ef060c8d4fc1b8ef060c8d1fc13d	compression-derived-random256k-level6-v1	c5-gzip-level6-random256k-v1	true	true	ok	262144	04f7209a1428aceb9b838a3043af314defd245fab3da383edf7753f23133d184	262207	902fb060a81c368caafcdc10768beda0604bdd238516e6a8cb850e83ee069fbc	false	4096	/guest/c5_asyncs_representative_warm_v1	0.0.4@1784759769207	caf8366ad4263db5edf76f58d728a6fba5e12e0f6820d327f5bbecaa34265108	836ea3df370f0373319456aa13fdad1b6297ff4747839c5c685be615390bae8d	/guest/c5_asyncs_representative_warm_v1	7eab2344c813		7eab2344c813		7	true	warm	complete	216672577	293224639
asyncs	measured	241	241	1	586a4935245749ccaa4935245719cc7f	compression-derived-random256k-level6-v1	c5-gzip-level6-random256k-v1	true	true	ok	262144	04f7209a1428aceb9b838a3043af314defd245fab3da383edf7753f23133d184	262207	902fb060a81c368caafcdc10768beda0604bdd238516e6a8cb850e83ee069fbc	false	4096	/guest/c5_asyncs_representative_warm_v1	0.0.4@1784759769207	caf8366ad4263db5edf76f58d728a6fba5e12e0f6820d327f5bbecaa34265108	836ea3df370f0373319456aa13fdad1b6297ff4747839c5c685be615390bae8d	/guest/c5_asyncs_representative_warm_v1	fe2cceff68c2		fe2cceff68c2		9	true	warm	complete	168143359	230126748
asyncs	measured	242	242	1	f397c60eb37a452d97c60eb37a552d04	compression-derived-random256k-level6-v1	c5-gzip-level6-random256k-v1	true	true	ok	262144	04f7209a1428aceb9b838a3043af314defd245fab3da383edf7753f23133d184	262207	902fb060a81c368caafcdc10768beda0604bdd238516e6a8cb850e83ee069fbc	false	4096	/guest/c5_asyncs_representative_warm_v1	0.0.4@1784759769207	caf8366ad4263db5edf76f58d728a6fba5e12e0f6820d327f5bbecaa34265108	836ea3df370f0373319456aa13fdad1b6297ff4747839c5c685be615390bae8d	/guest/c5_asyncs_representative_warm_v1	ecf3e7a38895		ecf3e7a38895		18	true	warm	complete	167766974	234016972
asyncs	measured	243	243	1	3bf9f69fca5a4316b9f69fca5a131661	compression-derived-random256k-level6-v1	c5-gzip-level6-random256k-v1	true	true	ok	262144	04f7209a1428aceb9b838a3043af314defd245fab3da383edf7753f23133d184	262207	902fb060a81c368caafcdc10768beda0604bdd238516e6a8cb850e83ee069fbc	false	4096	/guest/c5_asyncs_representative_warm_v1	0.0.4@1784759769207	caf8366ad4263db5edf76f58d728a6fba5e12e0f6820d327f5bbecaa34265108	836ea3df370f0373319456aa13fdad1b6297ff4747839c5c685be615390bae8d	/guest/c5_asyncs_representative_warm_v1	fe2cceff68c2		fe2cceff68c2		7	true	warm	complete	169476036	232324544
asyncs	measured	244	244	1	f7dd7ada4ad944799d7ada4ad97479e2	compression-derived-random256k-level6-v1	c5-gzip-level6-random256k-v1	true	true	ok	262144	04f7209a1428aceb9b838a3043af314defd245fab3da383edf7753f23133d184	262207	902fb060a81c368caafcdc10768beda0604bdd238516e6a8cb850e83ee069fbc	false	4096	/guest/c5_asyncs_representative_warm_v1	0.0.4@1784759769207	caf8366ad4263db5edf76f58d728a6fba5e12e0f6820d327f5bbecaa34265108	836ea3df370f0373319456aa13fdad1b6297ff4747839c5c685be615390bae8d	/guest/c5_asyncs_representative_warm_v1	7eab2344c813		7eab2344c813		41	true	warm	complete	258966318	336272003
asyncs	measured	245	245	1	0b23dadd143c41b6a3dadd143c61b6c0	compression-derived-random256k-level6-v1	c5-gzip-level6-random256k-v1	true	true	ok	262144	04f7209a1428aceb9b838a3043af314defd245fab3da383edf7753f23133d184	262207	902fb060a81c368caafcdc10768beda0604bdd238516e6a8cb850e83ee069fbc	false	4096	/guest/c5_asyncs_representative_warm_v1	0.0.4@1784759769207	caf8366ad4263db5edf76f58d728a6fba5e12e0f6820d327f5bbecaa34265108	836ea3df370f0373319456aa13fdad1b6297ff4747839c5c685be615390bae8d	/guest/c5_asyncs_representative_warm_v1	ecf3e7a38895		ecf3e7a38895		9	true	warm	complete	258180527	380655180
asyncs	measured	246	246	1	ab139fb72ba14716939fb72ba1571644	compression-derived-random256k-level6-v1	c5-gzip-level6-random256k-v1	true	true	ok	262144	04f7209a1428aceb9b838a3043af314defd245fab3da383edf7753f23133d184	262207	902fb060a81c368caafcdc10768beda0604bdd238516e6a8cb850e83ee069fbc	false	4096	/guest/c5_asyncs_representative_warm_v1	0.0.4@1784759769207	caf8366ad4263db5edf76f58d728a6fba5e12e0f6820d327f5bbecaa34265108	836ea3df370f0373319456aa13fdad1b6297ff4747839c5c685be615390bae8d	/guest/c5_asyncs_representative_warm_v1	fe2cceff68c2		fe2cceff68c2		7	true	warm	complete	168193054	230715738
asyncs	measured	247	247	1	4962a5311a514330a2a5311a5183301d	compression-derived-random256k-level6-v1	c5-gzip-level6-random256k-v1	true	true	ok	262144	04f7209a1428aceb9b838a3043af314defd245fab3da383edf7753f23133d184	262207	902fb060a81c368caafcdc10768beda0604bdd238516e6a8cb850e83ee069fbc	false	4096	/guest/c5_asyncs_representative_warm_v1	0.0.4@1784759769207	caf8366ad4263db5edf76f58d728a6fba5e12e0f6820d327f5bbecaa34265108	836ea3df370f0373319456aa13fdad1b6297ff4747839c5c685be615390bae8d	/guest/c5_asyncs_representative_warm_v1	7eab2344c813		7eab2344c813		8	true	warm	complete	201196419	278243639
asyncs	measured	248	248	1	b55fa37c2d774af69fa37c2d77baf6dc	compression-derived-random256k-level6-v1	c5-gzip-level6-random256k-v1	true	true	ok	262144	04f7209a1428aceb9b838a3043af314defd245fab3da383edf7753f23133d184	262207	902fb060a81c368caafcdc10768beda0604bdd238516e6a8cb850e83ee069fbc	false	4096	/guest/c5_asyncs_representative_warm_v1	0.0.4@1784759769207	caf8366ad4263db5edf76f58d728a6fba5e12e0f6820d327f5bbecaa34265108	836ea3df370f0373319456aa13fdad1b6297ff4747839c5c685be615390bae8d	/guest/c5_asyncs_representative_warm_v1	fe2cceff68c2		fe2cceff68c2		20	true	warm	complete	168171959	230398191
asyncs	measured	249	249	1	c3346f6204fe4e5db46f6204fede5dbf	compression-derived-random256k-level6-v1	c5-gzip-level6-random256k-v1	true	true	ok	262144	04f7209a1428aceb9b838a3043af314defd245fab3da383edf7753f23133d184	262207	902fb060a81c368caafcdc10768beda0604bdd238516e6a8cb850e83ee069fbc	false	4096	/guest/c5_asyncs_representative_warm_v1	0.0.4@1784759769207	caf8366ad4263db5edf76f58d728a6fba5e12e0f6820d327f5bbecaa34265108	836ea3df370f0373319456aa13fdad1b6297ff4747839c5c685be615390bae8d	/guest/c5_asyncs_representative_warm_v1	ecf3e7a38895		ecf3e7a38895		8	true	warm	complete	206265228	280755953
asyncs	measured	250	250	1	a16a5810b89448e5aa5810b89498e5fe	compression-derived-random256k-level6-v1	c5-gzip-level6-random256k-v1	true	true	ok	262144	04f7209a1428aceb9b838a3043af314defd245fab3da383edf7753f23133d184	262207	902fb060a81c368caafcdc10768beda0604bdd238516e6a8cb850e83ee069fbc	false	4096	/guest/c5_asyncs_representative_warm_v1	0.0.4@1784759769207	caf8366ad4263db5edf76f58d728a6fba5e12e0f6820d327f5bbecaa34265108	836ea3df370f0373319456aa13fdad1b6297ff4747839c5c685be615390bae8d	/guest/c5_asyncs_representative_warm_v1	7eab2344c813		7eab2344c813		10	true	warm	complete	195330254	263482277
asyncs	measured	251	251	1	ba1c6f3044534f0b9c6f304453ff0b91	compression-derived-random256k-level6-v1	c5-gzip-level6-random256k-v1	true	true	ok	262144	04f7209a1428aceb9b838a3043af314defd245fab3da383edf7753f23133d184	262207	902fb060a81c368caafcdc10768beda0604bdd238516e6a8cb850e83ee069fbc	false	4096	/guest/c5_asyncs_representative_warm_v1	0.0.4@1784759769207	caf8366ad4263db5edf76f58d728a6fba5e12e0f6820d327f5bbecaa34265108	836ea3df370f0373319456aa13fdad1b6297ff4747839c5c685be615390bae8d	/guest/c5_asyncs_representative_warm_v1	fe2cceff68c2		fe2cceff68c2		7	true	warm	complete	168893041	230826233
asyncs	measured	252	252	1	2eb0636d5c5248b3b0636d5c52b8b36a	compression-derived-random256k-level6-v1	c5-gzip-level6-random256k-v1	true	true	ok	262144	04f7209a1428aceb9b838a3043af314defd245fab3da383edf7753f23133d184	262207	902fb060a81c368caafcdc10768beda0604bdd238516e6a8cb850e83ee069fbc	false	4096	/guest/c5_asyncs_representative_warm_v1	0.0.4@1784759769207	caf8366ad4263db5edf76f58d728a6fba5e12e0f6820d327f5bbecaa34265108	836ea3df370f0373319456aa13fdad1b6297ff4747839c5c685be615390bae8d	/guest/c5_asyncs_representative_warm_v1	ecf3e7a38895		ecf3e7a38895		6	true	warm	complete	203610371	275834186
asyncs	measured	253	253	1	baf9eba6eea04f40b9eba6eea08f4003	compression-derived-random256k-level6-v1	c5-gzip-level6-random256k-v1	true	true	ok	262144	04f7209a1428aceb9b838a3043af314defd245fab3da383edf7753f23133d184	262207	902fb060a81c368caafcdc10768beda0604bdd238516e6a8cb850e83ee069fbc	false	4096	/guest/c5_asyncs_representative_warm_v1	0.0.4@1784759769207	caf8366ad4263db5edf76f58d728a6fba5e12e0f6820d327f5bbecaa34265108	836ea3df370f0373319456aa13fdad1b6297ff4747839c5c685be615390bae8d	/guest/c5_asyncs_representative_warm_v1	7eab2344c813		7eab2344c813		8	true	warm	complete	209213272	281933489
asyncs	measured	254	254	1	d73055139b974d5bb055139b977d5b59	compression-derived-random256k-level6-v1	c5-gzip-level6-random256k-v1	true	true	ok	262144	04f7209a1428aceb9b838a3043af314defd245fab3da383edf7753f23133d184	262207	902fb060a81c368caafcdc10768beda0604bdd238516e6a8cb850e83ee069fbc	false	4096	/guest/c5_asyncs_representative_warm_v1	0.0.4@1784759769207	caf8366ad4263db5edf76f58d728a6fba5e12e0f6820d327f5bbecaa34265108	836ea3df370f0373319456aa13fdad1b6297ff4747839c5c685be615390bae8d	/guest/c5_asyncs_representative_warm_v1	fe2cceff68c2		fe2cceff68c2		13	true	warm	complete	168474050	230638373
asyncs	measured	255	255	1	fbd8fbcf1f61497498fbcf1f61c974f9	compression-derived-random256k-level6-v1	c5-gzip-level6-random256k-v1	true	true	ok	262144	04f7209a1428aceb9b838a3043af314defd245fab3da383edf7753f23133d184	262207	902fb060a81c368caafcdc10768beda0604bdd238516e6a8cb850e83ee069fbc	false	4096	/guest/c5_asyncs_representative_warm_v1	0.0.4@1784759769207	caf8366ad4263db5edf76f58d728a6fba5e12e0f6820d327f5bbecaa34265108	836ea3df370f0373319456aa13fdad1b6297ff4747839c5c685be615390bae8d	/guest/c5_asyncs_representative_warm_v1	ecf3e7a38895		ecf3e7a38895		7	true	warm	complete	200422669	275081757
asyncs	measured	256	256	1	46b6635244b34d76b6635244b39d7620	compression-derived-random256k-level6-v1	c5-gzip-level6-random256k-v1	true	true	ok	262144	04f7209a1428aceb9b838a3043af314defd245fab3da383edf7753f23133d184	262207	902fb060a81c368caafcdc10768beda0604bdd238516e6a8cb850e83ee069fbc	false	4096	/guest/c5_asyncs_representative_warm_v1	0.0.4@1784759769207	caf8366ad4263db5edf76f58d728a6fba5e12e0f6820d327f5bbecaa34265108	836ea3df370f0373319456aa13fdad1b6297ff4747839c5c685be615390bae8d	/guest/c5_asyncs_representative_warm_v1	7eab2344c813		7eab2344c813		31	true	warm	complete	213024529	282929873
asyncs	measured	257	257	1	be5ca52bb962448a9ca52bb962148aab	compression-derived-random256k-level6-v1	c5-gzip-level6-random256k-v1	true	true	ok	262144	04f7209a1428aceb9b838a3043af314defd245fab3da383edf7753f23133d184	262207	902fb060a81c368caafcdc10768beda0604bdd238516e6a8cb850e83ee069fbc	false	4096	/guest/c5_asyncs_representative_warm_v1	0.0.4@1784759769207	caf8366ad4263db5edf76f58d728a6fba5e12e0f6820d327f5bbecaa34265108	836ea3df370f0373319456aa13fdad1b6297ff4747839c5c685be615390bae8d	/guest/c5_asyncs_representative_warm_v1	fe2cceff68c2		fe2cceff68c2		19	true	warm	complete	168250022	230437221
asyncs	measured	258	258	1	8959759414ae4b8899759414aedb8872	compression-derived-random256k-level6-v1	c5-gzip-level6-random256k-v1	true	true	ok	262144	04f7209a1428aceb9b838a3043af314defd245fab3da383edf7753f23133d184	262207	902fb060a81c368caafcdc10768beda0604bdd238516e6a8cb850e83ee069fbc	false	4096	/guest/c5_asyncs_representative_warm_v1	0.0.4@1784759769207	caf8366ad4263db5edf76f58d728a6fba5e12e0f6820d327f5bbecaa34265108	836ea3df370f0373319456aa13fdad1b6297ff4747839c5c685be615390bae8d	/guest/c5_asyncs_representative_warm_v1	fe2cceff68c2		fe2cceff68c2		9	true	warm	complete	168363388	230199906
asyncs	measured	259	259	1	6071614bd7494951b1614bd7492951f0	compression-derived-random256k-level6-v1	c5-gzip-level6-random256k-v1	true	true	ok	262144	04f7209a1428aceb9b838a3043af314defd245fab3da383edf7753f23133d184	262207	902fb060a81c368caafcdc10768beda0604bdd238516e6a8cb850e83ee069fbc	false	4096	/guest/c5_asyncs_representative_warm_v1	0.0.4@1784759769207	caf8366ad4263db5edf76f58d728a6fba5e12e0f6820d327f5bbecaa34265108	836ea3df370f0373319456aa13fdad1b6297ff4747839c5c685be615390bae8d	/guest/c5_asyncs_representative_warm_v1	ecf3e7a38895		ecf3e7a38895		19	true	warm	complete	201088656	272302265
asyncs	measured	260	260	1	cff17c663a074f4bb17c663a075f4b15	compression-derived-random256k-level6-v1	c5-gzip-level6-random256k-v1	true	true	ok	262144	04f7209a1428aceb9b838a3043af314defd245fab3da383edf7753f23133d184	262207	902fb060a81c368caafcdc10768beda0604bdd238516e6a8cb850e83ee069fbc	false	4096	/guest/c5_asyncs_representative_warm_v1	0.0.4@1784759769207	caf8366ad4263db5edf76f58d728a6fba5e12e0f6820d327f5bbecaa34265108	836ea3df370f0373319456aa13fdad1b6297ff4747839c5c685be615390bae8d	/guest/c5_asyncs_representative_warm_v1	7eab2344c813		7eab2344c813		12	true	warm	complete	205229308	273902493
asyncs	measured	261	261	1	6fb431388df94e64b431388df9ce6480	compression-derived-random256k-level6-v1	c5-gzip-level6-random256k-v1	true	true	ok	262144	04f7209a1428aceb9b838a3043af314defd245fab3da383edf7753f23133d184	262207	902fb060a81c368caafcdc10768beda0604bdd238516e6a8cb850e83ee069fbc	false	4096	/guest/c5_asyncs_representative_warm_v1	0.0.4@1784759769207	caf8366ad4263db5edf76f58d728a6fba5e12e0f6820d327f5bbecaa34265108	836ea3df370f0373319456aa13fdad1b6297ff4747839c5c685be615390bae8d	/guest/c5_asyncs_representative_warm_v1	fe2cceff68c2		fe2cceff68c2		14	true	warm	complete	168189912	230814837
asyncs	measured	262	262	1	e208f1e8d9e6464688f1e8d9e6a646a6	compression-derived-random256k-level6-v1	c5-gzip-level6-random256k-v1	true	true	ok	262144	04f7209a1428aceb9b838a3043af314defd245fab3da383edf7753f23133d184	262207	902fb060a81c368caafcdc10768beda0604bdd238516e6a8cb850e83ee069fbc	false	4096	/guest/c5_asyncs_representative_warm_v1	0.0.4@1784759769207	caf8366ad4263db5edf76f58d728a6fba5e12e0f6820d327f5bbecaa34265108	836ea3df370f0373319456aa13fdad1b6297ff4747839c5c685be615390bae8d	/guest/c5_asyncs_representative_warm_v1	ecf3e7a38895		ecf3e7a38895		14	true	warm	complete	199410941	273860449
asyncs	measured	263	263	1	79392598d68247a3b92598d68247a3cf	compression-derived-random256k-level6-v1	c5-gzip-level6-random256k-v1	true	true	ok	262144	04f7209a1428aceb9b838a3043af314defd245fab3da383edf7753f23133d184	262207	902fb060a81c368caafcdc10768beda0604bdd238516e6a8cb850e83ee069fbc	false	4096	/guest/c5_asyncs_representative_warm_v1	0.0.4@1784759769207	caf8366ad4263db5edf76f58d728a6fba5e12e0f6820d327f5bbecaa34265108	836ea3df370f0373319456aa13fdad1b6297ff4747839c5c685be615390bae8d	/guest/c5_asyncs_representative_warm_v1	7eab2344c813		7eab2344c813		13	true	warm	complete	212590998	289755853
asyncs	measured	264	264	1	d63bb5d33bc74776bbb5d33bc7b77622	compression-derived-random256k-level6-v1	c5-gzip-level6-random256k-v1	true	true	ok	262144	04f7209a1428aceb9b838a3043af314defd245fab3da383edf7753f23133d184	262207	902fb060a81c368caafcdc10768beda0604bdd238516e6a8cb850e83ee069fbc	false	4096	/guest/c5_asyncs_representative_warm_v1	0.0.4@1784759769207	caf8366ad4263db5edf76f58d728a6fba5e12e0f6820d327f5bbecaa34265108	836ea3df370f0373319456aa13fdad1b6297ff4747839c5c685be615390bae8d	/guest/c5_asyncs_representative_warm_v1	fe2cceff68c2		fe2cceff68c2		6	true	warm	complete	168476972	230463016
asyncs	measured	265	265	1	b1c17015a3814f45817015a3817f456c	compression-derived-random256k-level6-v1	c5-gzip-level6-random256k-v1	true	true	ok	262144	04f7209a1428aceb9b838a3043af314defd245fab3da383edf7753f23133d184	262207	902fb060a81c368caafcdc10768beda0604bdd238516e6a8cb850e83ee069fbc	false	4096	/guest/c5_asyncs_representative_warm_v1	0.0.4@1784759769207	caf8366ad4263db5edf76f58d728a6fba5e12e0f6820d327f5bbecaa34265108	836ea3df370f0373319456aa13fdad1b6297ff4747839c5c685be615390bae8d	/guest/c5_asyncs_representative_warm_v1	ecf3e7a38895		ecf3e7a38895		14	true	warm	complete	175427346	242605592
asyncs	measured	266	266	1	ebef093866764343af09386676e343c5	compression-derived-random256k-level6-v1	c5-gzip-level6-random256k-v1	true	true	ok	262144	04f7209a1428aceb9b838a3043af314defd245fab3da383edf7753f23133d184	262207	902fb060a81c368caafcdc10768beda0604bdd238516e6a8cb850e83ee069fbc	false	4096	/guest/c5_asyncs_representative_warm_v1	0.0.4@1784759769207	caf8366ad4263db5edf76f58d728a6fba5e12e0f6820d327f5bbecaa34265108	836ea3df370f0373319456aa13fdad1b6297ff4747839c5c685be615390bae8d	/guest/c5_asyncs_representative_warm_v1	fe2cceff68c2		fe2cceff68c2		7	true	warm	complete	168179281	230226700
asyncs	measured	267	267	1	7ed7248a70c94e8997248a70c9de89b0	compression-derived-random256k-level6-v1	c5-gzip-level6-random256k-v1	true	true	ok	262144	04f7209a1428aceb9b838a3043af314defd245fab3da383edf7753f23133d184	262207	902fb060a81c368caafcdc10768beda0604bdd238516e6a8cb850e83ee069fbc	false	4096	/guest/c5_asyncs_representative_warm_v1	0.0.4@1784759769207	caf8366ad4263db5edf76f58d728a6fba5e12e0f6820d327f5bbecaa34265108	836ea3df370f0373319456aa13fdad1b6297ff4747839c5c685be615390bae8d	/guest/c5_asyncs_representative_warm_v1	ecf3e7a38895		ecf3e7a38895		7	true	warm	complete	167467430	235855061
asyncs	measured	268	268	1	fab9b4d248fa48d0b9b4d248fa18d0ff	compression-derived-random256k-level6-v1	c5-gzip-level6-random256k-v1	true	true	ok	262144	04f7209a1428aceb9b838a3043af314defd245fab3da383edf7753f23133d184	262207	902fb060a81c368caafcdc10768beda0604bdd238516e6a8cb850e83ee069fbc	false	4096	/guest/c5_asyncs_representative_warm_v1	0.0.4@1784759769207	caf8366ad4263db5edf76f58d728a6fba5e12e0f6820d327f5bbecaa34265108	836ea3df370f0373319456aa13fdad1b6297ff4747839c5c685be615390bae8d	/guest/c5_asyncs_representative_warm_v1	fe2cceff68c2		fe2cceff68c2		7	true	warm	complete	169705572	231943910
asyncs	measured	269	269	1	fd3d0445f2214a28bd0445f221ca2825	compression-derived-random256k-level6-v1	c5-gzip-level6-random256k-v1	true	true	ok	262144	04f7209a1428aceb9b838a3043af314defd245fab3da383edf7753f23133d184	262207	902fb060a81c368caafcdc10768beda0604bdd238516e6a8cb850e83ee069fbc	false	4096	/guest/c5_asyncs_representative_warm_v1	0.0.4@1784759769207	caf8366ad4263db5edf76f58d728a6fba5e12e0f6820d327f5bbecaa34265108	836ea3df370f0373319456aa13fdad1b6297ff4747839c5c685be615390bae8d	/guest/c5_asyncs_representative_warm_v1	7eab2344c813		7eab2344c813		11	true	warm	complete	199434922	273621284
asyncs	measured	270	270	1	3c18c5b383994d4398c5b38399cd43e8	compression-derived-random256k-level6-v1	c5-gzip-level6-random256k-v1	true	true	ok	262144	04f7209a1428aceb9b838a3043af314defd245fab3da383edf7753f23133d184	262207	902fb060a81c368caafcdc10768beda0604bdd238516e6a8cb850e83ee069fbc	false	4096	/guest/c5_asyncs_representative_warm_v1	0.0.4@1784759769207	caf8366ad4263db5edf76f58d728a6fba5e12e0f6820d327f5bbecaa34265108	836ea3df370f0373319456aa13fdad1b6297ff4747839c5c685be615390bae8d	/guest/c5_asyncs_representative_warm_v1	ecf3e7a38895		ecf3e7a38895		18	true	warm	complete	206336228	279079660
asyncs	measured	271	271	1	5d5ba8485f2b4d7b9ba8485f2b7d7b2e	compression-derived-random256k-level6-v1	c5-gzip-level6-random256k-v1	true	true	ok	262144	04f7209a1428aceb9b838a3043af314defd245fab3da383edf7753f23133d184	262207	902fb060a81c368caafcdc10768beda0604bdd238516e6a8cb850e83ee069fbc	false	4096	/guest/c5_asyncs_representative_warm_v1	0.0.4@1784759769207	caf8366ad4263db5edf76f58d728a6fba5e12e0f6820d327f5bbecaa34265108	836ea3df370f0373319456aa13fdad1b6297ff4747839c5c685be615390bae8d	/guest/c5_asyncs_representative_warm_v1	fe2cceff68c2		fe2cceff68c2		19	true	warm	complete	168434639	234101969
asyncs	measured	272	272	1	ea6fb48f2c0640acafb48f2c0660ac27	compression-derived-random256k-level6-v1	c5-gzip-level6-random256k-v1	true	true	ok	262144	04f7209a1428aceb9b838a3043af314defd245fab3da383edf7753f23133d184	262207	902fb060a81c368caafcdc10768beda0604bdd238516e6a8cb850e83ee069fbc	false	4096	/guest/c5_asyncs_representative_warm_v1	0.0.4@1784759769207	caf8366ad4263db5edf76f58d728a6fba5e12e0f6820d327f5bbecaa34265108	836ea3df370f0373319456aa13fdad1b6297ff4747839c5c685be615390bae8d	/guest/c5_asyncs_representative_warm_v1	7eab2344c813		7eab2344c813		19	true	warm	complete	187926978	264895566
asyncs	measured	273	273	1	0c30e5dcc0d4484cb0e5dcc0d4784c42	compression-derived-random256k-level6-v1	c5-gzip-level6-random256k-v1	true	true	ok	262144	04f7209a1428aceb9b838a3043af314defd245fab3da383edf7753f23133d184	262207	902fb060a81c368caafcdc10768beda0604bdd238516e6a8cb850e83ee069fbc	false	4096	/guest/c5_asyncs_representative_warm_v1	0.0.4@1784759769207	caf8366ad4263db5edf76f58d728a6fba5e12e0f6820d327f5bbecaa34265108	836ea3df370f0373319456aa13fdad1b6297ff4747839c5c685be615390bae8d	/guest/c5_asyncs_representative_warm_v1	fe2cceff68c2		fe2cceff68c2		20	true	warm	complete	168187341	230410354
asyncs	measured	274	274	1	ba04d8f5bb984db284d8f5bb98ddb21d	compression-derived-random256k-level6-v1	c5-gzip-level6-random256k-v1	true	true	ok	262144	04f7209a1428aceb9b838a3043af314defd245fab3da383edf7753f23133d184	262207	902fb060a81c368caafcdc10768beda0604bdd238516e6a8cb850e83ee069fbc	false	4096	/guest/c5_asyncs_representative_warm_v1	0.0.4@1784759769207	caf8366ad4263db5edf76f58d728a6fba5e12e0f6820d327f5bbecaa34265108	836ea3df370f0373319456aa13fdad1b6297ff4747839c5c685be615390bae8d	/guest/c5_asyncs_representative_warm_v1	ecf3e7a38895		ecf3e7a38895		8	true	warm	complete	203721050	278031176
asyncs	measured	275	275	1	2d2b1efc476943a4ab1efc4769b3a427	compression-derived-random256k-level6-v1	c5-gzip-level6-random256k-v1	true	true	ok	262144	04f7209a1428aceb9b838a3043af314defd245fab3da383edf7753f23133d184	262207	902fb060a81c368caafcdc10768beda0604bdd238516e6a8cb850e83ee069fbc	false	4096	/guest/c5_asyncs_representative_warm_v1	0.0.4@1784759769207	caf8366ad4263db5edf76f58d728a6fba5e12e0f6820d327f5bbecaa34265108	836ea3df370f0373319456aa13fdad1b6297ff4747839c5c685be615390bae8d	/guest/c5_asyncs_representative_warm_v1	7eab2344c813		7eab2344c813		9	true	warm	complete	200693305	275269567
asyncs	measured	276	276	1	e47ab25ffe0340b9bab25ffe03f0b9b6	compression-derived-random256k-level6-v1	c5-gzip-level6-random256k-v1	true	true	ok	262144	04f7209a1428aceb9b838a3043af314defd245fab3da383edf7753f23133d184	262207	902fb060a81c368caafcdc10768beda0604bdd238516e6a8cb850e83ee069fbc	false	4096	/guest/c5_asyncs_representative_warm_v1	0.0.4@1784759769207	caf8366ad4263db5edf76f58d728a6fba5e12e0f6820d327f5bbecaa34265108	836ea3df370f0373319456aa13fdad1b6297ff4747839c5c685be615390bae8d	/guest/c5_asyncs_representative_warm_v1	fe2cceff68c2		fe2cceff68c2		7	true	warm	complete	168256197	230860327
asyncs	measured	277	277	1	baaae3998e6a458eaae3998e6a558ef9	compression-derived-random256k-level6-v1	c5-gzip-level6-random256k-v1	true	true	ok	262144	04f7209a1428aceb9b838a3043af314defd245fab3da383edf7753f23133d184	262207	902fb060a81c368caafcdc10768beda0604bdd238516e6a8cb850e83ee069fbc	false	4096	/guest/c5_asyncs_representative_warm_v1	0.0.4@1784759769207	caf8366ad4263db5edf76f58d728a6fba5e12e0f6820d327f5bbecaa34265108	836ea3df370f0373319456aa13fdad1b6297ff4747839c5c685be615390bae8d	/guest/c5_asyncs_representative_warm_v1	ecf3e7a38895		ecf3e7a38895		13	true	warm	complete	193858919	271209941
asyncs	measured	278	278	1	ed8d629fa85847da8d629fa85837daba	compression-derived-random256k-level6-v1	c5-gzip-level6-random256k-v1	true	true	ok	262144	04f7209a1428aceb9b838a3043af314defd245fab3da383edf7753f23133d184	262207	902fb060a81c368caafcdc10768beda0604bdd238516e6a8cb850e83ee069fbc	false	4096	/guest/c5_asyncs_representative_warm_v1	0.0.4@1784759769207	caf8366ad4263db5edf76f58d728a6fba5e12e0f6820d327f5bbecaa34265108	836ea3df370f0373319456aa13fdad1b6297ff4747839c5c685be615390bae8d	/guest/c5_asyncs_representative_warm_v1	fe2cceff68c2		fe2cceff68c2		22	true	warm	complete	169208293	231886860
asyncs	measured	279	279	1	ed206e80bb4a4740a06e80bb4ad7401c	compression-derived-random256k-level6-v1	c5-gzip-level6-random256k-v1	true	true	ok	262144	04f7209a1428aceb9b838a3043af314defd245fab3da383edf7753f23133d184	262207	902fb060a81c368caafcdc10768beda0604bdd238516e6a8cb850e83ee069fbc	false	4096	/guest/c5_asyncs_representative_warm_v1	0.0.4@1784759769207	caf8366ad4263db5edf76f58d728a6fba5e12e0f6820d327f5bbecaa34265108	836ea3df370f0373319456aa13fdad1b6297ff4747839c5c685be615390bae8d	/guest/c5_asyncs_representative_warm_v1	7eab2344c813		7eab2344c813		9	true	warm	complete	199653653	275666913
asyncs	measured	280	280	1	4b18bd849ff7475698bd849ff7b75641	compression-derived-random256k-level6-v1	c5-gzip-level6-random256k-v1	true	true	ok	262144	04f7209a1428aceb9b838a3043af314defd245fab3da383edf7753f23133d184	262207	902fb060a81c368caafcdc10768beda0604bdd238516e6a8cb850e83ee069fbc	false	4096	/guest/c5_asyncs_representative_warm_v1	0.0.4@1784759769207	caf8366ad4263db5edf76f58d728a6fba5e12e0f6820d327f5bbecaa34265108	836ea3df370f0373319456aa13fdad1b6297ff4747839c5c685be615390bae8d	/guest/c5_asyncs_representative_warm_v1	ecf3e7a38895		ecf3e7a38895		11	true	warm	complete	203839057	280012714
asyncs	measured	281	281	1	4ec6dae00eec418186dae00eecd181c9	compression-derived-random256k-level6-v1	c5-gzip-level6-random256k-v1	true	true	ok	262144	04f7209a1428aceb9b838a3043af314defd245fab3da383edf7753f23133d184	262207	902fb060a81c368caafcdc10768beda0604bdd238516e6a8cb850e83ee069fbc	false	4096	/guest/c5_asyncs_representative_warm_v1	0.0.4@1784759769207	caf8366ad4263db5edf76f58d728a6fba5e12e0f6820d327f5bbecaa34265108	836ea3df370f0373319456aa13fdad1b6297ff4747839c5c685be615390bae8d	/guest/c5_asyncs_representative_warm_v1	fe2cceff68c2		fe2cceff68c2		11	true	warm	complete	169299069	231778454
asyncs	measured	282	282	1	e6eee3fd86234cc1aee3fd86239cc1f6	compression-derived-random256k-level6-v1	c5-gzip-level6-random256k-v1	true	true	ok	262144	04f7209a1428aceb9b838a3043af314defd245fab3da383edf7753f23133d184	262207	902fb060a81c368caafcdc10768beda0604bdd238516e6a8cb850e83ee069fbc	false	4096	/guest/c5_asyncs_representative_warm_v1	0.0.4@1784759769207	caf8366ad4263db5edf76f58d728a6fba5e12e0f6820d327f5bbecaa34265108	836ea3df370f0373319456aa13fdad1b6297ff4747839c5c685be615390bae8d	/guest/c5_asyncs_representative_warm_v1	7eab2344c813		7eab2344c813		11	true	warm	complete	201142803	278117839
asyncs	measured	283	283	1	debeb2c705c647b2beb2c705c697b22f	compression-derived-random256k-level6-v1	c5-gzip-level6-random256k-v1	true	true	ok	262144	04f7209a1428aceb9b838a3043af314defd245fab3da383edf7753f23133d184	262207	902fb060a81c368caafcdc10768beda0604bdd238516e6a8cb850e83ee069fbc	false	4096	/guest/c5_asyncs_representative_warm_v1	0.0.4@1784759769207	caf8366ad4263db5edf76f58d728a6fba5e12e0f6820d327f5bbecaa34265108	836ea3df370f0373319456aa13fdad1b6297ff4747839c5c685be615390bae8d	/guest/c5_asyncs_representative_warm_v1	ecf3e7a38895		ecf3e7a38895		13	true	warm	complete	200841947	275082815
asyncs	measured	284	284	1	4628406eaac34e23a8406eaac3ce2368	compression-derived-random256k-level6-v1	c5-gzip-level6-random256k-v1	true	true	ok	262144	04f7209a1428aceb9b838a3043af314defd245fab3da383edf7753f23133d184	262207	902fb060a81c368caafcdc10768beda0604bdd238516e6a8cb850e83ee069fbc	false	4096	/guest/c5_asyncs_representative_warm_v1	0.0.4@1784759769207	caf8366ad4263db5edf76f58d728a6fba5e12e0f6820d327f5bbecaa34265108	836ea3df370f0373319456aa13fdad1b6297ff4747839c5c685be615390bae8d	/guest/c5_asyncs_representative_warm_v1	fe2cceff68c2		fe2cceff68c2		7	true	warm	complete	168024868	229972738
asyncs	measured	285	285	1	07f3a581d8a1491bb3a581d8a1891bec	compression-derived-random256k-level6-v1	c5-gzip-level6-random256k-v1	true	true	ok	262144	04f7209a1428aceb9b838a3043af314defd245fab3da383edf7753f23133d184	262207	902fb060a81c368caafcdc10768beda0604bdd238516e6a8cb850e83ee069fbc	false	4096	/guest/c5_asyncs_representative_warm_v1	0.0.4@1784759769207	caf8366ad4263db5edf76f58d728a6fba5e12e0f6820d327f5bbecaa34265108	836ea3df370f0373319456aa13fdad1b6297ff4747839c5c685be615390bae8d	/guest/c5_asyncs_representative_warm_v1	7eab2344c813		7eab2344c813		11	true	warm	complete	196542935	285006904
asyncs	measured	286	286	1	c2072c7d61934d1d872c7d61937d1dc9	compression-derived-random256k-level6-v1	c5-gzip-level6-random256k-v1	true	true	ok	262144	04f7209a1428aceb9b838a3043af314defd245fab3da383edf7753f23133d184	262207	902fb060a81c368caafcdc10768beda0604bdd238516e6a8cb850e83ee069fbc	false	4096	/guest/c5_asyncs_representative_warm_v1	0.0.4@1784759769207	caf8366ad4263db5edf76f58d728a6fba5e12e0f6820d327f5bbecaa34265108	836ea3df370f0373319456aa13fdad1b6297ff4747839c5c685be615390bae8d	/guest/c5_asyncs_representative_warm_v1	fe2cceff68c2		fe2cceff68c2		10	true	warm	complete	168381865	231689008
asyncs	measured	287	287	1	93e051d15f8b4c9ea051d15f8b9c9edc	compression-derived-random256k-level6-v1	c5-gzip-level6-random256k-v1	true	true	ok	262144	04f7209a1428aceb9b838a3043af314defd245fab3da383edf7753f23133d184	262207	902fb060a81c368caafcdc10768beda0604bdd238516e6a8cb850e83ee069fbc	false	4096	/guest/c5_asyncs_representative_warm_v1	0.0.4@1784759769207	caf8366ad4263db5edf76f58d728a6fba5e12e0f6820d327f5bbecaa34265108	836ea3df370f0373319456aa13fdad1b6297ff4747839c5c685be615390bae8d	/guest/c5_asyncs_representative_warm_v1	ecf3e7a38895		ecf3e7a38895		8	true	warm	complete	203201722	279908668
asyncs	measured	288	288	1	d47daf1d47ce495ebdaf1d47ce695ec6	compression-derived-random256k-level6-v1	c5-gzip-level6-random256k-v1	true	true	ok	262144	04f7209a1428aceb9b838a3043af314defd245fab3da383edf7753f23133d184	262207	902fb060a81c368caafcdc10768beda0604bdd238516e6a8cb850e83ee069fbc	false	4096	/guest/c5_asyncs_representative_warm_v1	0.0.4@1784759769207	caf8366ad4263db5edf76f58d728a6fba5e12e0f6820d327f5bbecaa34265108	836ea3df370f0373319456aa13fdad1b6297ff4747839c5c685be615390bae8d	/guest/c5_asyncs_representative_warm_v1	7eab2344c813		7eab2344c813		14	true	warm	complete	208820017	282078123
asyncs	measured	289	289	1	f6f26d3f02324cf7b26d3f02327cf74f	compression-derived-random256k-level6-v1	c5-gzip-level6-random256k-v1	true	true	ok	262144	04f7209a1428aceb9b838a3043af314defd245fab3da383edf7753f23133d184	262207	902fb060a81c368caafcdc10768beda0604bdd238516e6a8cb850e83ee069fbc	false	4096	/guest/c5_asyncs_representative_warm_v1	0.0.4@1784759769207	caf8366ad4263db5edf76f58d728a6fba5e12e0f6820d327f5bbecaa34265108	836ea3df370f0373319456aa13fdad1b6297ff4747839c5c685be615390bae8d	/guest/c5_asyncs_representative_warm_v1	fe2cceff68c2		fe2cceff68c2		11	true	warm	complete	169087437	233247611
asyncs	measured	290	290	1	4c7b7a12287c4a09bb7a12287cba090c	compression-derived-random256k-level6-v1	c5-gzip-level6-random256k-v1	true	true	ok	262144	04f7209a1428aceb9b838a3043af314defd245fab3da383edf7753f23133d184	262207	902fb060a81c368caafcdc10768beda0604bdd238516e6a8cb850e83ee069fbc	false	4096	/guest/c5_asyncs_representative_warm_v1	0.0.4@1784759769207	caf8366ad4263db5edf76f58d728a6fba5e12e0f6820d327f5bbecaa34265108	836ea3df370f0373319456aa13fdad1b6297ff4747839c5c685be615390bae8d	/guest/c5_asyncs_representative_warm_v1	ecf3e7a38895		ecf3e7a38895		9	true	warm	complete	204862883	284158108
asyncs	measured	291	291	1	17679ad9107b4f1da79ad9107b4f1dc4	compression-derived-random256k-level6-v1	c5-gzip-level6-random256k-v1	true	true	ok	262144	04f7209a1428aceb9b838a3043af314defd245fab3da383edf7753f23133d184	262207	902fb060a81c368caafcdc10768beda0604bdd238516e6a8cb850e83ee069fbc	false	4096	/guest/c5_asyncs_representative_warm_v1	0.0.4@1784759769207	caf8366ad4263db5edf76f58d728a6fba5e12e0f6820d327f5bbecaa34265108	836ea3df370f0373319456aa13fdad1b6297ff4747839c5c685be615390bae8d	/guest/c5_asyncs_representative_warm_v1	7eab2344c813		7eab2344c813		13	true	warm	complete	192643834	260498270
asyncs	measured	292	292	1	1f371959e43e4a3eb71959e43e3a3e44	compression-derived-random256k-level6-v1	c5-gzip-level6-random256k-v1	true	true	ok	262144	04f7209a1428aceb9b838a3043af314defd245fab3da383edf7753f23133d184	262207	902fb060a81c368caafcdc10768beda0604bdd238516e6a8cb850e83ee069fbc	false	4096	/guest/c5_asyncs_representative_warm_v1	0.0.4@1784759769207	caf8366ad4263db5edf76f58d728a6fba5e12e0f6820d327f5bbecaa34265108	836ea3df370f0373319456aa13fdad1b6297ff4747839c5c685be615390bae8d	/guest/c5_asyncs_representative_warm_v1	fe2cceff68c2		fe2cceff68c2		8	true	warm	complete	168492620	230906099
asyncs	measured	293	293	1	6c7d4e63ce73478abd4e63ce73b78a37	compression-derived-random256k-level6-v1	c5-gzip-level6-random256k-v1	true	true	ok	262144	04f7209a1428aceb9b838a3043af314defd245fab3da383edf7753f23133d184	262207	902fb060a81c368caafcdc10768beda0604bdd238516e6a8cb850e83ee069fbc	false	4096	/guest/c5_asyncs_representative_warm_v1	0.0.4@1784759769207	caf8366ad4263db5edf76f58d728a6fba5e12e0f6820d327f5bbecaa34265108	836ea3df370f0373319456aa13fdad1b6297ff4747839c5c685be615390bae8d	/guest/c5_asyncs_representative_warm_v1	fe2cceff68c2		fe2cceff68c2		16	true	warm	complete	168443896	232883047
asyncs	measured	294	294	1	4f9da623f75a45d49da623f75a55d499	compression-derived-random256k-level6-v1	c5-gzip-level6-random256k-v1	true	true	ok	262144	04f7209a1428aceb9b838a3043af314defd245fab3da383edf7753f23133d184	262207	902fb060a81c368caafcdc10768beda0604bdd238516e6a8cb850e83ee069fbc	false	4096	/guest/c5_asyncs_representative_warm_v1	0.0.4@1784759769207	caf8366ad4263db5edf76f58d728a6fba5e12e0f6820d327f5bbecaa34265108	836ea3df370f0373319456aa13fdad1b6297ff4747839c5c685be615390bae8d	/guest/c5_asyncs_representative_warm_v1	ecf3e7a38895		ecf3e7a38895		7	true	warm	complete	207942481	282140549
asyncs	measured	295	295	1	0bf02d5ccf16463bb02d5ccf16163be8	compression-derived-random256k-level6-v1	c5-gzip-level6-random256k-v1	true	true	ok	262144	04f7209a1428aceb9b838a3043af314defd245fab3da383edf7753f23133d184	262207	902fb060a81c368caafcdc10768beda0604bdd238516e6a8cb850e83ee069fbc	false	4096	/guest/c5_asyncs_representative_warm_v1	0.0.4@1784759769207	caf8366ad4263db5edf76f58d728a6fba5e12e0f6820d327f5bbecaa34265108	836ea3df370f0373319456aa13fdad1b6297ff4747839c5c685be615390bae8d	/guest/c5_asyncs_representative_warm_v1	7eab2344c813		7eab2344c813		9	true	warm	complete	213028449	325651628
asyncs	measured	296	296	1	3883981ea0b44e4b83981ea0b41e4b5a	compression-derived-random256k-level6-v1	c5-gzip-level6-random256k-v1	true	true	ok	262144	04f7209a1428aceb9b838a3043af314defd245fab3da383edf7753f23133d184	262207	902fb060a81c368caafcdc10768beda0604bdd238516e6a8cb850e83ee069fbc	false	4096	/guest/c5_asyncs_representative_warm_v1	0.0.4@1784759769207	caf8366ad4263db5edf76f58d728a6fba5e12e0f6820d327f5bbecaa34265108	836ea3df370f0373319456aa13fdad1b6297ff4747839c5c685be615390bae8d	/guest/c5_asyncs_representative_warm_v1	fe2cceff68c2		fe2cceff68c2		6	true	warm	complete	168781695	231128482
asyncs	measured	297	297	1	7503ed806b8646af83ed806b8646afaf	compression-derived-random256k-level6-v1	c5-gzip-level6-random256k-v1	true	true	ok	262144	04f7209a1428aceb9b838a3043af314defd245fab3da383edf7753f23133d184	262207	902fb060a81c368caafcdc10768beda0604bdd238516e6a8cb850e83ee069fbc	false	4096	/guest/c5_asyncs_representative_warm_v1	0.0.4@1784759769207	caf8366ad4263db5edf76f58d728a6fba5e12e0f6820d327f5bbecaa34265108	836ea3df370f0373319456aa13fdad1b6297ff4747839c5c685be615390bae8d	/guest/c5_asyncs_representative_warm_v1	ecf3e7a38895		ecf3e7a38895		6	true	warm	complete	202381647	278052371
asyncs	measured	298	298	1	3d0079dc6c4542498079dc6c45b24945	compression-derived-random256k-level6-v1	c5-gzip-level6-random256k-v1	true	true	ok	262144	04f7209a1428aceb9b838a3043af314defd245fab3da383edf7753f23133d184	262207	902fb060a81c368caafcdc10768beda0604bdd238516e6a8cb850e83ee069fbc	false	4096	/guest/c5_asyncs_representative_warm_v1	0.0.4@1784759769207	caf8366ad4263db5edf76f58d728a6fba5e12e0f6820d327f5bbecaa34265108	836ea3df370f0373319456aa13fdad1b6297ff4747839c5c685be615390bae8d	/guest/c5_asyncs_representative_warm_v1	fe2cceff68c2		fe2cceff68c2		13	true	warm	complete	168618452	231824563
asyncs	measured	299	299	1	346536bab9c64590a536bab9c6c5908f	compression-derived-random256k-level6-v1	c5-gzip-level6-random256k-v1	true	true	ok	262144	04f7209a1428aceb9b838a3043af314defd245fab3da383edf7753f23133d184	262207	902fb060a81c368caafcdc10768beda0604bdd238516e6a8cb850e83ee069fbc	false	4096	/guest/c5_asyncs_representative_warm_v1	0.0.4@1784759769207	caf8366ad4263db5edf76f58d728a6fba5e12e0f6820d327f5bbecaa34265108	836ea3df370f0373319456aa13fdad1b6297ff4747839c5c685be615390bae8d	/guest/c5_asyncs_representative_warm_v1	7eab2344c813		7eab2344c813		9	true	warm	complete	209065984	277323291
asyncs	measured	300	300	1	9197947f35a2477d97947f35a2b77d74	compression-derived-random256k-level6-v1	c5-gzip-level6-random256k-v1	true	true	ok	262144	04f7209a1428aceb9b838a3043af314defd245fab3da383edf7753f23133d184	262207	902fb060a81c368caafcdc10768beda0604bdd238516e6a8cb850e83ee069fbc	false	4096	/guest/c5_asyncs_representative_warm_v1	0.0.4@1784759769207	caf8366ad4263db5edf76f58d728a6fba5e12e0f6820d327f5bbecaa34265108	836ea3df370f0373319456aa13fdad1b6297ff4747839c5c685be615390bae8d	/guest/c5_asyncs_representative_warm_v1	fe2cceff68c2		fe2cceff68c2		13	true	warm	complete	168141984	230631446
