profile	workload_id	ordinal	logical_request_id	activation_id	terminal_success	output_verified	store_acknowledged	warm_eligible	warm_reason	selected_warm	same_worker_concurrent_request	same_worker_workload_compute_overlap	sample_exclusion_reason	target_binding_id	container_identity	worker	init_time_ms	activation_wait_time_ms	http_request_bytes	http_response_bytes	client_start_unix_ns	client_end_unix_ns	db_finish_unix_ns	blocking_latency_ms	full_flow_latency_ms	workload_duration_ms	function_duration_ms	application_input_bytes	application_output_bytes	application_output_sha256	result_json_bytes	verification_status
reusable-concurrency	dynamic-html-derived-v1	1	1	fb90a8b3255345ef90a8b32553f5ef15	true	true	true	true	RG270.operation=INPUT,RG270.warmed=true	false	true	true	excluded_same_worker_concurrent_request	5	target-binding:5	<deployment-ip>		296	1024	4654	1784788046972400885	1784788049062508614	1784788049134000128	2090.107729	2161.599243	1701.04693	1701.04693	436	5701	cdb9944b223ec3c2b4cd08d7befbb9dc1f5aaccb0a82398268912268f3fc5d88	4096	ok
reusable-concurrency	dynamic-html-derived-v1	2	2	952930d7dd094f49a930d7dd095f4984	true	true	true	false	RG270.operation=CODE_INPUT	false	true	true	excluded_same_worker_concurrent_request	7	target-binding:7	<deployment-ip>	109	802	1024	4685	1784788046975206433	1784788049463564717	1784788049484000000	2488.358284	2508.793567	1460.141477	1460.141477	436	5701	cdb9944b223ec3c2b4cd08d7befbb9dc1f5aaccb0a82398268912268f3fc5d88	4096	ok
reusable-concurrency	dynamic-html-derived-v1	3	3	32eb27ee62e1429bab27ee62e1929b55	true	true	true	false	RG270.operation=CODE_INPUT	false	false	false		4	target-binding:4	<deployment-ip>	54	1160	1024	4685	1784788046977801933	1784788049603667129	1784788049658999808	2625.865196	2681.197875	1173.499975	1173.499975	436	5701	cdb9944b223ec3c2b4cd08d7befbb9dc1f5aaccb0a82398268912268f3fc5d88	4096	ok
reusable-concurrency	dynamic-html-derived-v1	4	4	d1e031ca89c04100a031ca89c0c1007a	true	true	true	true	RG270.operation=INPUT,RG270.warmed=true	false	true	true	excluded_same_worker_concurrent_request	5	target-binding:5	<deployment-ip>		25	1024	4653	1784788049327090625	1784788050781844342	1784788050789999872	1454.753717	1462.909247	1332.209246	1332.209246	436	5701	cdb9944b223ec3c2b4cd08d7befbb9dc1f5aaccb0a82398268912268f3fc5d88	4096	ok
reusable-concurrency	dynamic-html-derived-v1	5	5	5f622d5129da4c0ea22d5129da7c0e17	true	true	true	true	RG270.operation=INPUT,RG270.warmed=true	false	true	true	excluded_same_worker_concurrent_request	7	target-binding:7	<deployment-ip>		21	1024	4653	1784788049496418165	1784788051046142201	1784788051072999936	1549.724036	1576.581771	1455.061673	1455.061673	436	5701	cdb9944b223ec3c2b4cd08d7befbb9dc1f5aaccb0a82398268912268f3fc5d88	4096	ok
reusable-concurrency	dynamic-html-derived-v1	6	6	dd68ae5ce34243c1a8ae5ce34263c19e	true	true	true	true	RG270.operation=INPUT,RG270.warmed=true	true	false	false		4	target-binding:4	<deployment-ip>		24	1024	4652	1784788049837550944	1784788050677085739	1784788050683000064	839.534795	845.44912	754.379412	754.379412	436	5701	cdb9944b223ec3c2b4cd08d7befbb9dc1f5aaccb0a82398268912268f3fc5d88	4096	ok
reusable-concurrency	dynamic-html-derived-v1	7	7	738e570bea5240468e570bea52f046e4	true	true	true	true	RG270.operation=INPUT,RG270.warmed=true	true	false	false		4	target-binding:4	<deployment-ip>		41	1024	4652	1784788050695329634	1784788051550586593	1784788051578000128	855.256959	882.670494	750.574307	750.574307	436	5701	cdb9944b223ec3c2b4cd08d7befbb9dc1f5aaccb0a82398268912268f3fc5d88	4096	ok
reusable-concurrency	dynamic-html-derived-v1	8	8	23b3ec984ce24ea0b3ec984ce26ea011	true	true	true	true	RG270.operation=INPUT,RG270.warmed=true	false	true	true	excluded_same_worker_concurrent_request	5	target-binding:5	<deployment-ip>		24	1024	4653	1784788050820111741	1784788052467647524	1784788052489000192	1647.535783	1668.888451	1554.369934	1554.369934	436	5701	cdb9944b223ec3c2b4cd08d7befbb9dc1f5aaccb0a82398268912268f3fc5d88	4096	ok
reusable-concurrency	dynamic-html-derived-v1	9	9	95b06307246d4ff7b06307246d2ff7bd	true	true	true	true	RG270.operation=INPUT,RG270.warmed=true	false	true	true	excluded_same_worker_concurrent_request	7	target-binding:7	<deployment-ip>		26	1024	4653	1784788051088129346	1784788052761483893	1784788052788999936	1673.354547	1700.87059	1580.192577	1580.192577	436	5701	cdb9944b223ec3c2b4cd08d7befbb9dc1f5aaccb0a82398268912268f3fc5d88	4096	ok
reusable-concurrency	dynamic-html-derived-v1	10	10	e6f98e0fafc74341b98e0fafc7e341bb	true	true	true	true	RG270.operation=INPUT,RG270.warmed=true	true	false	false		4	target-binding:4	<deployment-ip>		23	1024	4652	1784788051797984946	1784788052635072535	1784788052645999872	837.087589	848.014926	777.545612	777.545612	436	5701	cdb9944b223ec3c2b4cd08d7befbb9dc1f5aaccb0a82398268912268f3fc5d88	4096	ok
reusable-concurrency	dynamic-html-derived-v1	11	11	401f812d2c734efa9f812d2c735efa44	true	true	true	true	RG270.operation=INPUT,RG270.warmed=true	false	true	true	excluded_same_worker_concurrent_request	5	target-binding:5	<deployment-ip>		20	1024	4653	1784788052494411113	1784788053822613955	1784788053872999936	1328.202842	1378.588823	1256.526064	1256.526064	436	5701	cdb9944b223ec3c2b4cd08d7befbb9dc1f5aaccb0a82398268912268f3fc5d88	4096	ok
reusable-concurrency	dynamic-html-derived-v1	12	12	3f5adec0ee2c41bf9adec0ee2c01bfb1	true	true	true	true	RG270.operation=INPUT,RG270.warmed=true	true	false	false		4	target-binding:4	<deployment-ip>		28	1024	4652	1784788052668401617	1784788053474484979	1784788053492999936	806.083362	824.598319	748.635272	748.635272	436	5701	cdb9944b223ec3c2b4cd08d7befbb9dc1f5aaccb0a82398268912268f3fc5d88	4096	ok
reusable-concurrency	dynamic-html-derived-v1	13	13	bdb76e9f0cbe4827b76e9f0cbe182710	true	true	true	true	RG270.operation=INPUT,RG270.warmed=true	false	true	true	excluded_same_worker_concurrent_request	7	target-binding:7	<deployment-ip>		22	1024	4653	1784788052997026478	1784788054744889090	1784788054760999936	1747.862612	1763.973458	1672.282175	1672.282175	436	5701	cdb9944b223ec3c2b4cd08d7befbb9dc1f5aaccb0a82398268912268f3fc5d88	4096	ok
reusable-concurrency	dynamic-html-derived-v1	14	14	5d8b59366ef44f8d8b59366ef40f8df1	true	true	true	true	RG270.operation=INPUT,RG270.warmed=true	true	false	false		4	target-binding:4	<deployment-ip>		39	1024	4652	1784788053510362449	1784788054410866568	1784788054428000000	900.504119	917.637551	823.000576	823.000576	436	5701	cdb9944b223ec3c2b4cd08d7befbb9dc1f5aaccb0a82398268912268f3fc5d88	4096	ok
reusable-concurrency	dynamic-html-derived-v1	15	15	4fa13ffa0d4442e0a13ffa0d4472e028	true	true	true	true	RG270.operation=INPUT,RG270.warmed=true	false	true	true	excluded_same_worker_concurrent_request	5	target-binding:5	<deployment-ip>		35	1024	4653	1784788054063057897	1784788055836392476	1784788055859000064	1773.334579	1795.942167	1642.754522	1642.754522	436	5701	cdb9944b223ec3c2b4cd08d7befbb9dc1f5aaccb0a82398268912268f3fc5d88	4096	ok
reusable-concurrency	dynamic-html-derived-v1	16	16	ae7ff70419fa4784bff70419faf78405	true	true	true	true	RG270.operation=INPUT,RG270.warmed=true	true	false	false		4	target-binding:4	<deployment-ip>		18	1024	4652	1784788054447366261	1784788055340776752	1784788055367000064	893.410491	919.633803	841.708798	841.708798	436	5701	cdb9944b223ec3c2b4cd08d7befbb9dc1f5aaccb0a82398268912268f3fc5d88	4096	ok
reusable-concurrency	dynamic-html-derived-v1	17	17	66b7718ec45a4336b7718ec45ae3368d	true	true	true	true	RG270.operation=INPUT,RG270.warmed=true	false	true	true	excluded_same_worker_concurrent_request	7	target-binding:7	<deployment-ip>		20	1024	4653	1784788054776152731	1784788056377420288	1784788056364999936	1601.267557	1588.847205	1486.612762	1486.612762	436	5701	cdb9944b223ec3c2b4cd08d7befbb9dc1f5aaccb0a82398268912268f3fc5d88	4096	ok
reusable-concurrency	dynamic-html-derived-v1	18	18	304224fced7d4eeb8224fced7deeeb79	true	true	true	true	RG270.operation=INPUT,RG270.warmed=true	true	false	false		4	target-binding:4	<deployment-ip>		21	1024	4652	1784788055589538636	1784788056474919615	1784788056492999936	885.380979	903.4613	824.784772	824.784772	436	5701	cdb9944b223ec3c2b4cd08d7befbb9dc1f5aaccb0a82398268912268f3fc5d88	4096	ok
reusable-concurrency	dynamic-html-derived-v1	19	19	4305f0256715495485f0256715e954ab	true	true	true	true	RG270.operation=INPUT,RG270.warmed=true	false	true	true	excluded_same_worker_concurrent_request	5	target-binding:5	<deployment-ip>		20	1024	4653	1784788056093927020	1784788057530599430	1784788057516999936	1436.67241	1423.072916	1328.320796	1328.320796	436	5701	cdb9944b223ec3c2b4cd08d7befbb9dc1f5aaccb0a82398268912268f3fc5d88	4096	ok
reusable-concurrency	dynamic-html-derived-v1	20	20	2eba5143c12b4080ba5143c12b408088	true	true	true	true	RG270.operation=INPUT,RG270.warmed=true	false	true	true	excluded_same_worker_concurrent_request	7	target-binding:7	<deployment-ip>		41	1024	4653	1784788056405026123	1784788057963868832	1784788057992000000	1558.842709	1586.973877	1449.734758	1449.734758	436	5701	cdb9944b223ec3c2b4cd08d7befbb9dc1f5aaccb0a82398268912268f3fc5d88	4096	ok
reusable-concurrency	dynamic-html-derived-v1	21	21	4e6244c9d357473da244c9d357d73d6b	true	true	true	true	RG270.operation=INPUT,RG270.warmed=true	true	false	false		4	target-binding:4	<deployment-ip>		18	1024	4652	1784788056527518290	1784788057285517154	1784788057306999808	757.998864	779.481518	680.171606	680.171606	436	5701	cdb9944b223ec3c2b4cd08d7befbb9dc1f5aaccb0a82398268912268f3fc5d88	4096	ok
reusable-concurrency	dynamic-html-derived-v1	22	22	988c10171dfa4b088c10171dfa1b087f	true	true	true	true	RG270.operation=INPUT,RG270.warmed=true	true	false	false		4	target-binding:4	<deployment-ip>		24	1024	4652	1784788057316266605	1784788058065908332	1784788058078000128	749.641727	761.733523	672.163368	672.163368	436	5701	cdb9944b223ec3c2b4cd08d7befbb9dc1f5aaccb0a82398268912268f3fc5d88	4096	ok
reusable-concurrency	dynamic-html-derived-v1	23	23	30ed2295175541a4ad2295175561a410	true	true	true	true	RG270.operation=INPUT,RG270.warmed=true	false	true	true	excluded_same_worker_concurrent_request	5	target-binding:5	<deployment-ip>		22	1024	4653	1784788057557028750	1784788059265842112	1784788059255000064	1708.813362	1697.971314	1607.343779	1607.343779	436	5701	cdb9944b223ec3c2b4cd08d7befbb9dc1f5aaccb0a82398268912268f3fc5d88	4096	ok
reusable-concurrency	dynamic-html-derived-v1	24	24	e72402f44e6a4198a402f44e6a819840	true	true	true	true	RG270.operation=INPUT,RG270.warmed=true	true	false	false		4	target-binding:4	<deployment-ip>		30	1024	4652	1784788058126522507	1784788058971275856	1784788059008999936	844.753349	882.477429	762.174736	762.174736	436	5701	cdb9944b223ec3c2b4cd08d7befbb9dc1f5aaccb0a82398268912268f3fc5d88	4096	ok
reusable-concurrency	dynamic-html-derived-v1	25	25	539b93582d4840e99b93582d4890e992	true	true	true	true	RG270.operation=INPUT,RG270.warmed=true	false	true	true	excluded_same_worker_concurrent_request	7	target-binding:7	<deployment-ip>		23	1024	4653	1784788058210738992	1784788059970946059	1784788059974999808	1760.207067	1764.260816	1653.277823	1653.277823	436	5701	cdb9944b223ec3c2b4cd08d7befbb9dc1f5aaccb0a82398268912268f3fc5d88	4096	ok
reusable-concurrency	dynamic-html-derived-v1	26	26	8121c0e057c846d1a1c0e057c826d19d	true	true	true	true	RG270.operation=INPUT,RG270.warmed=true	true	false	false		4	target-binding:4	<deployment-ip>		24	1024	4652	1784788059021021645	1784788059899973358	1784788059910000128	878.951713	888.978483	782.280075	782.280075	436	5701	cdb9944b223ec3c2b4cd08d7befbb9dc1f5aaccb0a82398268912268f3fc5d88	4096	ok
reusable-concurrency	dynamic-html-derived-v1	27	27	5eb3cce1262d45cdb3cce1262d65cdcd	true	true	true	true	RG270.operation=INPUT,RG270.warmed=true	false	true	true	excluded_same_worker_concurrent_request	5	target-binding:5	<deployment-ip>		22	1024	4653	1784788059279566606	1784788060804839779	1784788060826999808	1525.273173	1547.433202	1436.813672	1436.813672	436	5701	cdb9944b223ec3c2b4cd08d7befbb9dc1f5aaccb0a82398268912268f3fc5d88	4096	ok
reusable-concurrency	dynamic-html-derived-v1	28	28	39409041386d440d809041386d140d0b	true	true	true	true	RG270.operation=INPUT,RG270.warmed=true	true	false	false		4	target-binding:4	<deployment-ip>		27	1024	4652	1784788059926690938	1784788060755278950	1784788060788000000	828.588012	861.309062	766.77285	766.77285	436	5701	cdb9944b223ec3c2b4cd08d7befbb9dc1f5aaccb0a82398268912268f3fc5d88	4096	ok
reusable-concurrency	dynamic-html-derived-v1	29	29	4b8cb14891c34daa8cb14891c31daa0a	true	true	true	true	RG270.operation=INPUT,RG270.warmed=true	false	true	true	excluded_same_worker_concurrent_request	7	target-binding:7	<deployment-ip>		27	1024	4653	1784788060001541679	1784788061431452438	1784788061488000000	1429.910759	1486.458321	1324.490029	1324.490029	436	5701	cdb9944b223ec3c2b4cd08d7befbb9dc1f5aaccb0a82398268912268f3fc5d88	4096	ok
reusable-concurrency	dynamic-html-derived-v1	30	30	5df859a1b0204221b859a1b020422145	true	true	true	true	RG270.operation=INPUT,RG270.warmed=true	true	false	false		4	target-binding:4	<deployment-ip>		20	1024	4652	1784788060996843456	1784788061837759434	1784788061844999936	840.915978	848.15648	768.993038	768.993038	436	5701	cdb9944b223ec3c2b4cd08d7befbb9dc1f5aaccb0a82398268912268f3fc5d88	4096	ok
reusable-concurrency	dynamic-html-derived-v1	31	31	c5a66b8aeb2749e9a66b8aeb27a9e93e	true	true	true	true	RG270.operation=INPUT,RG270.warmed=true	false	true	true	excluded_same_worker_concurrent_request	5	target-binding:5	<deployment-ip>		29	1024	4653	1784788061041336667	1784788062587914299	1784788062611000064	1546.577632	1569.663397	1460.31296	1460.31296	436	5701	cdb9944b223ec3c2b4cd08d7befbb9dc1f5aaccb0a82398268912268f3fc5d88	4096	ok
reusable-concurrency	dynamic-html-derived-v1	32	32	0ccd3354ec674f9f8d3354ec67af9f20	true	true	true	true	RG270.operation=INPUT,RG270.warmed=true	false	true	true	excluded_same_worker_concurrent_request	7	target-binding:7	<deployment-ip>		20	1024	4653	1784788061716894940	1784788063353127008	1784788063351000064	1636.232068	1634.105124	1547.541686	1547.541686	436	5701	cdb9944b223ec3c2b4cd08d7befbb9dc1f5aaccb0a82398268912268f3fc5d88	4096	ok
reusable-concurrency	dynamic-html-derived-v1	33	33	2c76edf55f1a4dfcb6edf55f1afdfc25	true	true	true	true	RG270.operation=INPUT,RG270.warmed=true	true	false	false		4	target-binding:4	<deployment-ip>		27	1024	4652	1784788061863200958	1784788062700182558	1784788062720000000	836.9816	856.799042	772.401272	772.401272	436	5701	cdb9944b223ec3c2b4cd08d7befbb9dc1f5aaccb0a82398268912268f3fc5d88	4096	ok
reusable-concurrency	dynamic-html-derived-v1	34	34	9ff4d09e75754621b4d09e75752621d5	true	true	true	true	RG270.operation=INPUT,RG270.warmed=true	false	true	true	excluded_same_worker_concurrent_request	5	target-binding:5	<deployment-ip>		24	1024	4653	1784788062607075351	1784788064202446977	1784788064204000000	1595.371626	1596.924649	1501.06664	1501.06664	436	5701	cdb9944b223ec3c2b4cd08d7befbb9dc1f5aaccb0a82398268912268f3fc5d88	4096	ok
reusable-concurrency	dynamic-html-derived-v1	35	35	8b672bbf15194a22a72bbf15198a22db	true	true	true	true	RG270.operation=INPUT,RG270.warmed=true	true	false	false		4	target-binding:4	<deployment-ip>		15	1024	4652	1784788062729089547	1784788063517439577	1784788063515000064	788.35003	785.910517	717.152314	717.152314	436	5701	cdb9944b223ec3c2b4cd08d7befbb9dc1f5aaccb0a82398268912268f3fc5d88	4096	ok
reusable-concurrency	dynamic-html-derived-v1	36	36	dbf1c5876c1a45c0b1c5876c1aa5c0a2	true	true	true	true	RG270.operation=INPUT,RG270.warmed=true	false	true	true	excluded_same_worker_concurrent_request	7	target-binding:7	<deployment-ip>		25	1024	4653	1784788063375148886	1784788064760258886	1784788064756999936	1385.11	1381.85105	1288.934451	1288.934451	436	5701	cdb9944b223ec3c2b4cd08d7befbb9dc1f5aaccb0a82398268912268f3fc5d88	4096	ok
reusable-concurrency	dynamic-html-derived-v1	37	37	442ca358100545e3aca358100515e32b	true	true	true	true	RG270.operation=INPUT,RG270.warmed=true	true	false	false		4	target-binding:4	<deployment-ip>		24	1024	4652	1784788063539925606	1784788064517109941	1784788064515000064	977.184335	975.074458	880.168259	880.168259	436	5701	cdb9944b223ec3c2b4cd08d7befbb9dc1f5aaccb0a82398268912268f3fc5d88	4096	ok
reusable-concurrency	dynamic-html-derived-v1	38	38	40807ed7a64740b6807ed7a647a0b692	true	true	true	true	RG270.operation=INPUT,RG270.warmed=true	false	true	true	excluded_same_worker_concurrent_request	5	target-binding:5	<deployment-ip>		23	1024	4653	1784788064223851832	1784788065972793713	1784788065983000064	1748.941881	1759.148232	1614.075215	1614.075215	436	5701	cdb9944b223ec3c2b4cd08d7befbb9dc1f5aaccb0a82398268912268f3fc5d88	4096	ok
reusable-concurrency	dynamic-html-derived-v1	39	39	5fc24adfa3044b52824adfa304ab52ad	true	true	true	true	RG270.operation=INPUT,RG270.warmed=true	true	false	false		4	target-binding:4	<deployment-ip>		20	1024	4652	1784788064541520689	1784788065390901209	1784788065372999936	849.38052	831.479247	748.941969	748.941969	436	5701	cdb9944b223ec3c2b4cd08d7befbb9dc1f5aaccb0a82398268912268f3fc5d88	4096	ok
reusable-concurrency	dynamic-html-derived-v1	40	40	73024e2701ff40a0824e2701ff70a0da	true	true	true	true	RG270.operation=INPUT,RG270.warmed=true	false	true	true	excluded_same_worker_concurrent_request	7	target-binding:7	<deployment-ip>		28	1024	4653	1784788064773740173	1784788066673887046	1784788066672000000	1900.146873	1898.259827	1803.260593	1803.260593	436	5701	cdb9944b223ec3c2b4cd08d7befbb9dc1f5aaccb0a82398268912268f3fc5d88	4096	ok
reusable-concurrency	dynamic-html-derived-v1	41	41	a3212cafc68b4befa12cafc68babef3a	true	true	true	true	RG270.operation=INPUT,RG270.warmed=true	true	false	false		4	target-binding:4	<deployment-ip>		35	1024	4652	1784788065442506131	1784788066314041028	1784788066311000064	871.534897	868.493933	777.831302	777.831302	436	5701	cdb9944b223ec3c2b4cd08d7befbb9dc1f5aaccb0a82398268912268f3fc5d88	4096	ok
reusable-concurrency	dynamic-html-derived-v1	42	42	c5ad039cb9a34497ad039cb9a3949718	true	true	true	true	RG270.operation=INPUT,RG270.warmed=true	false	true	true	excluded_same_worker_concurrent_request	5	target-binding:5	<deployment-ip>		31	1024	4653	1784788066013073335	1784788067551294434	1784788067560000000	1538.221099	1546.926665	1425.34371	1425.34371	436	5701	cdb9944b223ec3c2b4cd08d7befbb9dc1f5aaccb0a82398268912268f3fc5d88	4096	ok
reusable-concurrency	dynamic-html-derived-v1	43	43	274386e06b3541b28386e06b3541b2ba	true	true	true	true	RG270.operation=INPUT,RG270.warmed=true	true	false	false		4	target-binding:4	<deployment-ip>		16	1024	4652	1784788066331223128	1784788067154319000	1784788067172000000	823.095872	840.776872	771.716489	771.716489	436	5701	cdb9944b223ec3c2b4cd08d7befbb9dc1f5aaccb0a82398268912268f3fc5d88	4096	ok
reusable-concurrency	dynamic-html-derived-v1	44	44	69ab6b3f90644000ab6b3f9064b0002f	true	true	true	true	RG270.operation=INPUT,RG270.warmed=true	false	true	true	excluded_same_worker_concurrent_request	7	target-binding:7	<deployment-ip>		25	1024	4653	1784788066690174268	1784788068118758976	1784788068114000128	1428.584708	1423.82586	1345.695658	1345.695658	436	5701	cdb9944b223ec3c2b4cd08d7befbb9dc1f5aaccb0a82398268912268f3fc5d88	4096	ok
reusable-concurrency	dynamic-html-derived-v1	45	45	cc7fc2c0068e490cbfc2c0068ea90cdc	true	true	true	true	RG270.operation=INPUT,RG270.warmed=true	true	false	false		4	target-binding:4	<deployment-ip>		40	1024	4652	1784788067182601406	1784788067899882841	1784788067924000000	717.281435	741.398594	645.065852	645.065852	436	5701	cdb9944b223ec3c2b4cd08d7befbb9dc1f5aaccb0a82398268912268f3fc5d88	4096	ok
reusable-concurrency	dynamic-html-derived-v1	46	46	03f9497aced144bbb9497aced1f4bb66	true	true	true	true	RG270.operation=INPUT,RG270.warmed=true	false	true	true	excluded_same_worker_concurrent_request	5	target-binding:5	<deployment-ip>		22	1024	4652	1784788067567952720	1784788068551290846	1784788068556999936	983.338126	989.047216	919.853175	919.853175	436	5701	cdb9944b223ec3c2b4cd08d7befbb9dc1f5aaccb0a82398268912268f3fc5d88	4096	ok
reusable-concurrency	dynamic-html-derived-v1	47	47	bdef52f9247549a0af52f9247539a0e2	true	true	true	true	RG270.operation=INPUT,RG270.warmed=true	true	false	false		4	target-binding:4	<deployment-ip>		22	1024	4652	1784788067943768551	1784788068781197195	1784788068789999872	837.428644	846.231321	772.083252	772.083252	436	5701	cdb9944b223ec3c2b4cd08d7befbb9dc1f5aaccb0a82398268912268f3fc5d88	4096	ok
reusable-concurrency	dynamic-html-derived-v1	48	48	3d6808cb3f434952a808cb3f431952e4	true	true	true	true	RG270.operation=INPUT,RG270.warmed=true	false	true	true	excluded_same_worker_concurrent_request	7	target-binding:7	<deployment-ip>		25	1024	4652	1784788068142112546	1784788069153874985	1784788069152000000	1011.762439	1009.887454	935.79626	935.79626	436	5701	cdb9944b223ec3c2b4cd08d7befbb9dc1f5aaccb0a82398268912268f3fc5d88	4096	ok
reusable-concurrency	dynamic-html-derived-v1	49	49	a74c0def9c7147858c0def9c71878500	true	true	true	true	RG270.operation=INPUT,RG270.warmed=true	false	true	true	excluded_same_worker_concurrent_request	5	target-binding:5	<deployment-ip>		21	1024	4652	1784788068570395648	1784788069535896306	1784788069559000064	965.500658	988.604416	903.583102	903.583102	436	5701	cdb9944b223ec3c2b4cd08d7befbb9dc1f5aaccb0a82398268912268f3fc5d88	4096	ok
reusable-concurrency	dynamic-html-derived-v1	50	50	b5b5c9b07ff047feb5c9b07ff0e7fe95	true	true	true	true	RG270.operation=INPUT,RG270.warmed=true	true	false	false		4	target-binding:4	<deployment-ip>		41	1024	4652	1784788068813847928	1784788069685950012	1784788069692000000	872.102084	878.152072	787.374974	787.374974	436	5701	cdb9944b223ec3c2b4cd08d7befbb9dc1f5aaccb0a82398268912268f3fc5d88	4096	ok
reusable-concurrency	dynamic-html-derived-v1	51	51	ddea95ce72a34246aa95ce72a3524636	true	true	true	true	RG270.operation=INPUT,RG270.warmed=true	false	true	true	excluded_same_worker_concurrent_request	7	target-binding:7	<deployment-ip>		18	1024	4652	1784788069176487064	1784788070112138842	1784788070120000000	935.651778	943.512936	870.48773	870.48773	436	5701	cdb9944b223ec3c2b4cd08d7befbb9dc1f5aaccb0a82398268912268f3fc5d88	4096	ok
reusable-concurrency	dynamic-html-derived-v1	52	52	da5f4b4f125d4baf9f4b4f125d6bafb2	true	true	true	true	RG270.operation=INPUT,RG270.warmed=true	true	false	false		4	target-binding:4	<deployment-ip>		24	1024	4652	1784788069714570626	1784788070611422742	1784788070604999936	896.852116	890.42931	816.349372	816.349372	436	5701	cdb9944b223ec3c2b4cd08d7befbb9dc1f5aaccb0a82398268912268f3fc5d88	4096	ok
reusable-concurrency	dynamic-html-derived-v1	53	53	85093a4f69824e55893a4f69820e557a	true	true	true	true	RG270.operation=INPUT,RG270.warmed=true	false	true	true	excluded_same_worker_concurrent_request	5	target-binding:5	<deployment-ip>		21	1024	4652	1784788069777521969	1784788070708059185	1784788070712999936	930.537216	935.477967	857.941193	857.941193	436	5701	cdb9944b223ec3c2b4cd08d7befbb9dc1f5aaccb0a82398268912268f3fc5d88	4096	ok
reusable-concurrency	dynamic-html-derived-v1	54	54	12172473f04140c2972473f04190c2fe	true	true	true	true	RG270.operation=INPUT,RG270.warmed=true	false	true	true	excluded_same_worker_concurrent_request	7	target-binding:7	<deployment-ip>		47	1024	4652	1784788070129237445	1784788071100541077	1784788071088000000	971.303632	958.762555	879.978841	879.978841	436	5701	cdb9944b223ec3c2b4cd08d7befbb9dc1f5aaccb0a82398268912268f3fc5d88	4096	ok
reusable-concurrency	dynamic-html-derived-v1	55	55	026ac9fbac364764aac9fbac36d76480	true	true	true	true	RG270.operation=INPUT,RG270.warmed=true	true	false	false		4	target-binding:4	<deployment-ip>		18	1024	4652	1784788070625029602	1784788071384249237	1784788071404999936	759.219635	779.970334	704.466105	704.466105	436	5701	cdb9944b223ec3c2b4cd08d7befbb9dc1f5aaccb0a82398268912268f3fc5d88	4096	ok
reusable-concurrency	dynamic-html-derived-v1	56	56	8862be5a1c224ac9a2be5a1c22fac992	true	true	true	true	RG270.operation=INPUT,RG270.warmed=true	false	true	true	excluded_same_worker_concurrent_request	5	target-binding:5	<deployment-ip>		18	1024	4652	1784788070737830086	1784788071683931103	1784788071688999936	946.101017	951.16985	892.800851	892.800851	436	5701	cdb9944b223ec3c2b4cd08d7befbb9dc1f5aaccb0a82398268912268f3fc5d88	4096	ok
reusable-concurrency	dynamic-html-derived-v1	57	57	d6e0165d4afb487ea0165d4afbe87e93	true	true	true	true	RG270.operation=INPUT,RG270.warmed=true	false	true	true	excluded_same_worker_concurrent_request	7	target-binding:7	<deployment-ip>		30	1024	4652	1784788071125780354	1784788072084693088	1784788072080000000	958.912734	954.219646	883.280979	883.280979	436	5701	cdb9944b223ec3c2b4cd08d7befbb9dc1f5aaccb0a82398268912268f3fc5d88	4096	ok
reusable-concurrency	dynamic-html-derived-v1	58	58	f128fffbf44a4841a8fffbf44a6841cb	true	true	true	true	RG270.operation=INPUT,RG270.warmed=true	true	false	false		4	target-binding:4	<deployment-ip>		25	1024	4652	1784788071621498791	1784788072563815816	1784788072560000000	942.317025	938.501209	866.625752	866.625752	436	5701	cdb9944b223ec3c2b4cd08d7befbb9dc1f5aaccb0a82398268912268f3fc5d88	4096	ok
reusable-concurrency	dynamic-html-derived-v1	59	59	88679f1db319433fa79f1db319d33f4d	true	true	true	true	RG270.operation=INPUT,RG270.warmed=true	false	true	true	excluded_same_worker_concurrent_request	5	target-binding:5	<deployment-ip>		29	1024	4652	1784788071697586112	1784788072656361028	1784788072663000064	958.774916	965.413952	886.817639	886.817639	436	5701	cdb9944b223ec3c2b4cd08d7befbb9dc1f5aaccb0a82398268912268f3fc5d88	4096	ok
reusable-concurrency	dynamic-html-derived-v1	60	60	677bafe96af84653bbafe96af8b65352	true	true	true	true	RG270.operation=INPUT,RG270.warmed=true	false	true	true	excluded_same_worker_concurrent_request	7	target-binding:7	<deployment-ip>		24	1024	4652	1784788072098066409	1784788073077686131	1784788073079000064	979.619722	980.933655	913.551519	913.551519	436	5701	cdb9944b223ec3c2b4cd08d7befbb9dc1f5aaccb0a82398268912268f3fc5d88	4096	ok
reusable-concurrency	dynamic-html-derived-v1	61	61	4c129a5222d0471f929a5222d0c71fdb	true	true	true	true	RG270.operation=INPUT,RG270.warmed=true	true	false	false		4	target-binding:4	<deployment-ip>		29	1024	4652	1784788072583316015	1784788073452791156	1784788073463000064	869.475141	879.684049	789.988527	789.988527	436	5701	cdb9944b223ec3c2b4cd08d7befbb9dc1f5aaccb0a82398268912268f3fc5d88	4096	ok
reusable-concurrency	dynamic-html-derived-v1	62	62	0fcc1990f50e4e168c1990f50eee16ca	true	true	true	true	RG270.operation=INPUT,RG270.warmed=true	false	true	true	excluded_same_worker_concurrent_request	5	target-binding:5	<deployment-ip>		21	1024	4652	1784788072672876897	1784788073625543907	1784788073627000064	952.66701	954.123167	892.982947	892.982947	436	5701	cdb9944b223ec3c2b4cd08d7befbb9dc1f5aaccb0a82398268912268f3fc5d88	4096	ok
reusable-concurrency	dynamic-html-derived-v1	63	63	72a2540d4b7e43dba2540d4b7e53db96	true	true	true	true	RG270.operation=INPUT,RG270.warmed=true	false	true	true	excluded_same_worker_concurrent_request	7	target-binding:7	<deployment-ip>		19	1024	4652	1784788073092479113	1784788074067079634	1784788074064999936	974.600521	972.520823	909.982632	909.982632	436	5701	cdb9944b223ec3c2b4cd08d7befbb9dc1f5aaccb0a82398268912268f3fc5d88	4096	ok
reusable-concurrency	dynamic-html-derived-v1	64	64	6478fdf749844ea1b8fdf749840ea19b	true	true	true	true	RG270.operation=INPUT,RG270.warmed=true	true	false	false		4	target-binding:4	<deployment-ip>		25	1024	4652	1784788073495175687	1784788074340831608	1784788074345999872	845.655921	850.824185	760.888926	760.888926	436	5701	cdb9944b223ec3c2b4cd08d7befbb9dc1f5aaccb0a82398268912268f3fc5d88	4096	ok
reusable-concurrency	dynamic-html-derived-v1	65	65	051514f59e0947499514f59e09374967	true	true	true	true	RG270.operation=INPUT,RG270.warmed=true	false	true	true	excluded_same_worker_concurrent_request	5	target-binding:5	<deployment-ip>		26	1024	4652	1784788073645764850	1784788074620662990	1784788074607000064	974.89814	961.235214	889.245747	889.245747	436	5701	cdb9944b223ec3c2b4cd08d7befbb9dc1f5aaccb0a82398268912268f3fc5d88	4096	ok
reusable-concurrency	dynamic-html-derived-v1	66	66	668ff11316744c818ff1131674ac8182	true	true	true	true	RG270.operation=INPUT,RG270.warmed=true	false	true	true	excluded_same_worker_concurrent_request	7	target-binding:7	<deployment-ip>		16	1024	4652	1784788074099612903	1784788075061385386	1784788075056000000	961.772483	956.387097	887.649845	887.649845	436	5701	cdb9944b223ec3c2b4cd08d7befbb9dc1f5aaccb0a82398268912268f3fc5d88	4096	ok
reusable-concurrency	dynamic-html-derived-v1	67	67	bbb361ac5cd044a3b361ac5cd044a366	true	true	true	true	RG270.operation=INPUT,RG270.warmed=true	true	false	false		4	target-binding:4	<deployment-ip>		24	1024	4652	1784788074365019334	1784788075208944971	1784788075207000064	843.925637	841.98073	765.271955	765.271955	436	5701	cdb9944b223ec3c2b4cd08d7befbb9dc1f5aaccb0a82398268912268f3fc5d88	4096	ok
reusable-concurrency	dynamic-html-derived-v1	68	68	4dedab9464f14e97adab9464f10e97cf	true	true	true	true	RG270.operation=INPUT,RG270.warmed=true	false	true	true	excluded_same_worker_concurrent_request	5	target-binding:5	<deployment-ip>		12	1024	4652	1784788074637649278	1784788075583619090	1784788075583000064	945.969812	945.350786	896.922136	896.922136	436	5701	cdb9944b223ec3c2b4cd08d7befbb9dc1f5aaccb0a82398268912268f3fc5d88	4096	ok
reusable-concurrency	dynamic-html-derived-v1	69	69	752adea421674284aadea42167128402	true	true	true	true	RG270.operation=INPUT,RG270.warmed=true	false	true	true	excluded_same_worker_concurrent_request	7	target-binding:7	<deployment-ip>		15	1024	4652	1784788075079435401	1784788075999840147	1784788076026000128	920.404746	946.564727	879.890722	879.890722	436	5701	cdb9944b223ec3c2b4cd08d7befbb9dc1f5aaccb0a82398268912268f3fc5d88	4096	ok
reusable-concurrency	dynamic-html-derived-v1	70	70	5c957cb4cc5f4d10957cb4cc5f5d10f9	true	true	true	true	RG270.operation=INPUT,RG270.warmed=true	true	false	false		4	target-binding:4	<deployment-ip>		23	1024	4652	1784788075224835938	1784788076044913056	1784788076049999872	820.077118	825.163934	750.197998	750.197998	436	5701	cdb9944b223ec3c2b4cd08d7befbb9dc1f5aaccb0a82398268912268f3fc5d88	4096	ok
reusable-concurrency	dynamic-html-derived-v1	71	71	3d91bee26947456891bee269478568de	true	true	true	true	RG270.operation=INPUT,RG270.warmed=true	false	true	true	excluded_same_worker_concurrent_request	5	target-binding:5	<deployment-ip>		19	1024	4652	1784788075599575034	1784788076537682853	1784788076546999808	938.107819	947.424774	873.755282	873.755282	436	5701	cdb9944b223ec3c2b4cd08d7befbb9dc1f5aaccb0a82398268912268f3fc5d88	4096	ok
reusable-concurrency	dynamic-html-derived-v1	72	72	34b85909ffd740afb85909ffd7a0af60	true	true	true	true	RG270.operation=INPUT,RG270.warmed=true	true	false	false		4	target-binding:4	<deployment-ip>		21	1024	4652	1784788076070419567	1784788076932918359	1784788076936000000	862.498792	865.580433	804.735515	804.735515	436	5701	cdb9944b223ec3c2b4cd08d7befbb9dc1f5aaccb0a82398268912268f3fc5d88	4096	ok
reusable-concurrency	dynamic-html-derived-v1	73	73	08b45ddb8b5b40b3b45ddb8b5b90b36f	true	true	true	true	RG270.operation=INPUT,RG270.warmed=true	false	true	true	excluded_same_worker_concurrent_request	7	target-binding:7	<deployment-ip>		21	1024	4652	1784788076240238471	1784788077153177787	1784788077151000064	912.939316	910.761593	843.758217	843.758217	436	5701	cdb9944b223ec3c2b4cd08d7befbb9dc1f5aaccb0a82398268912268f3fc5d88	4096	ok
reusable-concurrency	dynamic-html-derived-v1	74	74	e36a59411fd1495faa59411fd1295f69	true	true	true	true	RG270.operation=INPUT,RG270.warmed=true	false	true	true	excluded_same_worker_concurrent_request	5	target-binding:5	<deployment-ip>		27	1024	4652	1784788076551470232	1784788077468576269	1784788077472999936	917.106037	921.529704	814.469769	814.469769	436	5701	cdb9944b223ec3c2b4cd08d7befbb9dc1f5aaccb0a82398268912268f3fc5d88	4096	ok
reusable-concurrency	dynamic-html-derived-v1	75	75	1bed09f4c21e4b03ad09f4c21e8b03a4	true	true	true	true	RG270.operation=INPUT,RG270.warmed=true	true	false	false		4	target-binding:4	<deployment-ip>		23	1024	4652	1784788076961106820	1784788077883773933	1784788077890000128	922.667113	928.893308	853.774216	853.774216	436	5701	cdb9944b223ec3c2b4cd08d7befbb9dc1f5aaccb0a82398268912268f3fc5d88	4096	ok
reusable-concurrency	dynamic-html-derived-v1	76	76	0d13de31af0e4ab993de31af0e2ab909	true	true	true	true	RG270.operation=INPUT,RG270.warmed=true	false	true	true	excluded_same_worker_concurrent_request	7	target-binding:7	<deployment-ip>		52	1024	4652	1784788077170434210	1784788078001449214	1784788077999000064	831.015004	828.565854	729.495469	729.495469	436	5701	cdb9944b223ec3c2b4cd08d7befbb9dc1f5aaccb0a82398268912268f3fc5d88	4096	ok
reusable-concurrency	dynamic-html-derived-v1	77	77	d4fbab35a8804840bbab35a88038403d	true	true	true	true	RG270.operation=INPUT,RG270.warmed=true	false	true	true	excluded_same_worker_concurrent_request	5	target-binding:5	<deployment-ip>		22	1024	4652	1784788077519001712	1784788078418279214	1784788078418999808	899.277502	899.998096	817.828034	817.828034	436	5701	cdb9944b223ec3c2b4cd08d7befbb9dc1f5aaccb0a82398268912268f3fc5d88	4096	ok
reusable-concurrency	dynamic-html-derived-v1	78	78	de998ef39aa349de998ef39aa389de06	true	true	true	true	RG270.operation=INPUT,RG270.warmed=true	true	false	false		4	target-binding:4	<deployment-ip>		28	1024	4652	1784788077915174998	1784788078708473696	1784788078727000064	793.298698	811.825066	731.171311	731.171311	436	5701	cdb9944b223ec3c2b4cd08d7befbb9dc1f5aaccb0a82398268912268f3fc5d88	4096	ok
reusable-concurrency	dynamic-html-derived-v1	79	79	008517479fa14de98517479fa14de99b	true	true	true	true	RG270.operation=INPUT,RG270.warmed=true	false	true	true	excluded_same_worker_concurrent_request	7	target-binding:7	<deployment-ip>		36	1024	4652	1784788078021776003	1784788079029188420	1784788079033999872	1007.412417	1012.223869	897.181417	897.181417	436	5701	cdb9944b223ec3c2b4cd08d7befbb9dc1f5aaccb0a82398268912268f3fc5d88	4096	ok
reusable-concurrency	dynamic-html-derived-v1	80	80	e9a12d1fb2854d4aa12d1fb2858d4a4f	true	true	true	true	RG270.operation=INPUT,RG270.warmed=true	false	true	true	excluded_same_worker_concurrent_request	5	target-binding:5	<deployment-ip>		62	1024	4652	1784788078444742777	1784788079441983423	1784788079446000128	997.240646	1001.257351	888.233169	888.233169	436	5701	cdb9944b223ec3c2b4cd08d7befbb9dc1f5aaccb0a82398268912268f3fc5d88	4096	ok
reusable-concurrency	dynamic-html-derived-v1	81	81	e25fb2c3ee154a079fb2c3ee154a0703	true	true	true	true	RG270.operation=INPUT,RG270.warmed=true	true	false	false		4	target-binding:4	<deployment-ip>		20	1024	4652	1784788078736547933	1784788079597186905	1784788079595000064	860.638972	858.452131	783.698095	783.698095	436	5701	cdb9944b223ec3c2b4cd08d7befbb9dc1f5aaccb0a82398268912268f3fc5d88	4096	ok
reusable-concurrency	dynamic-html-derived-v1	82	82	05a38176f7194faaa38176f719cfaac2	true	true	true	true	RG270.operation=INPUT,RG270.warmed=true	false	true	true	excluded_same_worker_concurrent_request	7	target-binding:7	<deployment-ip>		37	1024	4652	1784788079055298299	1784788080015114188	1784788080020999936	959.815889	965.701637	874.652638	874.652638	436	5701	cdb9944b223ec3c2b4cd08d7befbb9dc1f5aaccb0a82398268912268f3fc5d88	4096	ok
reusable-concurrency	dynamic-html-derived-v1	83	83	bdc996e389164bd18996e389167bd1f0	true	true	true	true	RG270.operation=INPUT,RG270.warmed=true	false	true	true	excluded_same_worker_concurrent_request	5	target-binding:5	<deployment-ip>		21	1024	4652	1784788079463390564	1784788080412415121	1784788080436999936	949.024557	973.609372	896.818721	896.818721	436	5701	cdb9944b223ec3c2b4cd08d7befbb9dc1f5aaccb0a82398268912268f3fc5d88	4096	ok
reusable-concurrency	dynamic-html-derived-v1	84	84	12aa2f7c481f4babaa2f7c481f1babf0	true	true	true	true	RG270.operation=INPUT,RG270.warmed=true	true	false	false		4	target-binding:4	<deployment-ip>		18	1024	4652	1784788079624974654	1784788080449218845	1784788080468000000	824.244191	843.025346	748.591137	748.591137	436	5701	cdb9944b223ec3c2b4cd08d7befbb9dc1f5aaccb0a82398268912268f3fc5d88	4096	ok
reusable-concurrency	dynamic-html-derived-v1	85	85	756c7dfe2f414ee1ac7dfe2f410ee1d1	true	true	true	true	RG270.operation=INPUT,RG270.warmed=true	false	true	true	excluded_same_worker_concurrent_request	7	target-binding:7	<deployment-ip>		24	1024	4652	1784788080032859327	1784788080924100623	1784788080924999936	891.241296	892.140609	822.198415	822.198415	436	5701	cdb9944b223ec3c2b4cd08d7befbb9dc1f5aaccb0a82398268912268f3fc5d88	4096	ok
reusable-concurrency	dynamic-html-derived-v1	86	86	917c684a2e614561bc684a2e61a5613d	true	true	true	true	RG270.operation=INPUT,RG270.warmed=true	true	false	false		4	target-binding:4	<deployment-ip>		17	1024	4652	1784788080649784909	1784788081402921950	1784788081435000064	753.137041	785.215155	696.464282	696.464282	436	5701	cdb9944b223ec3c2b4cd08d7befbb9dc1f5aaccb0a82398268912268f3fc5d88	4096	ok
reusable-concurrency	dynamic-html-derived-v1	87	87	abc25550b15c4db0825550b15c4db070	true	true	true	true	RG270.operation=INPUT,RG270.warmed=true	false	true	true	excluded_same_worker_concurrent_request	5	target-binding:5	<deployment-ip>		16	1024	4652	1784788080706902463	1784788081514330336	1784788081526000128	807.427873	819.097665	750.457804	750.457804	436	5701	cdb9944b223ec3c2b4cd08d7befbb9dc1f5aaccb0a82398268912268f3fc5d88	4096	ok
reusable-concurrency	dynamic-html-derived-v1	88	88	53249a93d89e408ca49a93d89ed08c2c	true	true	true	true	RG270.operation=INPUT,RG270.warmed=true	false	true	true	excluded_same_worker_concurrent_request	7	target-binding:7	<deployment-ip>		12	1024	4652	1784788080945594244	1784788081783623498	1784788081768000000	838.029254	822.405756	760.225351	760.225351	436	5701	cdb9944b223ec3c2b4cd08d7befbb9dc1f5aaccb0a82398268912268f3fc5d88	4096	ok
reusable-concurrency	dynamic-html-derived-v1	89	89	e2853f1f7d664495853f1f7d66f4952f	true	true	true	true	RG270.operation=INPUT,RG270.warmed=true	true	false	false		4	target-binding:4	<deployment-ip>		16	1024	4652	1784788081646513830	1784788082379548194	1784788082375000064	733.034364	728.486234	655.620247	655.620247	436	5701	cdb9944b223ec3c2b4cd08d7befbb9dc1f5aaccb0a82398268912268f3fc5d88	4096	ok
reusable-concurrency	dynamic-html-derived-v1	90	90	90ede46de11043d8ade46de11073d8f8	true	true	true	true	RG270.operation=INPUT,RG270.warmed=true	false	true	true	excluded_same_worker_concurrent_request	5	target-binding:5	<deployment-ip>		23	1024	4652	1784788081745852089	1784788082761561429	1784788082760999936	1015.70934	1015.147847	926.45758	926.45758	436	5701	cdb9944b223ec3c2b4cd08d7befbb9dc1f5aaccb0a82398268912268f3fc5d88	4096	ok
reusable-concurrency	dynamic-html-derived-v1	91	91	b55e5756f1b943e89e5756f1b993e80d	true	true	true	true	RG270.operation=INPUT,RG270.warmed=true	false	true	true	excluded_same_worker_concurrent_request	7	target-binding:7	<deployment-ip>		16	1024	4652	1784788081814518649	1784788082741921290	1784788082740000000	927.402641	925.481351	859.283256	859.283256	436	5701	cdb9944b223ec3c2b4cd08d7befbb9dc1f5aaccb0a82398268912268f3fc5d88	4096	ok
reusable-concurrency	dynamic-html-derived-v1	92	92	42776f5ccdbe4629b76f5ccdbed6297f	true	true	true	true	RG270.operation=INPUT,RG270.warmed=true	true	false	false		4	target-binding:4	<deployment-ip>		22	1024	4652	1784788082400858788	1784788083241192422	1784788083252999936	840.333634	852.141148	774.673837	774.673837	436	5701	cdb9944b223ec3c2b4cd08d7befbb9dc1f5aaccb0a82398268912268f3fc5d88	4096	ok
reusable-concurrency	dynamic-html-derived-v1	93	93	39ae8fa54d9449a1ae8fa54d94f9a17f	true	true	true	true	RG270.operation=INPUT,RG270.warmed=true	false	true	true	excluded_same_worker_concurrent_request	5	target-binding:5	<deployment-ip>		15	1024	4652	1784788082775795962	1784788083737863774	1784788083756999936	962.067812	981.203974	907.528974	907.528974	436	5701	cdb9944b223ec3c2b4cd08d7befbb9dc1f5aaccb0a82398268912268f3fc5d88	4096	ok
reusable-concurrency	dynamic-html-derived-v1	94	94	9aca48ff87f348868a48ff87f37886f8	true	true	true	true	RG270.operation=INPUT,RG270.warmed=true	false	true	true	excluded_same_worker_concurrent_request	7	target-binding:7	<deployment-ip>		25	1024	4652	1784788082801729304	1784788083719920591	1784788083732000000	918.191287	930.270696	857.595738	857.595738	436	5701	cdb9944b223ec3c2b4cd08d7befbb9dc1f5aaccb0a82398268912268f3fc5d88	4096	ok
reusable-concurrency	dynamic-html-derived-v1	95	95	766f7c1ee5724a71af7c1ee572aa71e6	true	true	true	true	RG270.operation=INPUT,RG270.warmed=true	true	false	false		4	target-binding:4	<deployment-ip>		22	1024	4652	1784788083260582853	1784788084132985327	1784788084130000128	872.402474	869.417275	794.089423	794.089423	436	5701	cdb9944b223ec3c2b4cd08d7befbb9dc1f5aaccb0a82398268912268f3fc5d88	4096	ok
reusable-concurrency	dynamic-html-derived-v1	96	96	3f72c191cc3048dfb2c191cc3048df16	true	true	true	true	RG270.operation=INPUT,RG270.warmed=true	false	true	true	excluded_same_worker_concurrent_request	5	target-binding:5	<deployment-ip>		34	1024	4652	1784788083771493536	1784788084764467414	1784788084793999872	992.973878	1022.506336	905.25516	905.25516	436	5701	cdb9944b223ec3c2b4cd08d7befbb9dc1f5aaccb0a82398268912268f3fc5d88	4096	ok
reusable-concurrency	dynamic-html-derived-v1	97	97	08204dafc95e4b5aa04dafc95e4b5ace	true	true	true	true	RG270.operation=INPUT,RG270.warmed=true	false	true	true	excluded_same_worker_concurrent_request	7	target-binding:7	<deployment-ip>		28	1024	4652	1784788083829056662	1784788084788051302	1784788084808999936	958.99464	979.943274	876.311448	876.311448	436	5701	cdb9944b223ec3c2b4cd08d7befbb9dc1f5aaccb0a82398268912268f3fc5d88	4096	ok
reusable-concurrency	dynamic-html-derived-v1	98	98	1375e0945eb4477ab5e0945eb4f77a65	true	true	true	true	RG270.operation=INPUT,RG270.warmed=true	false	true	false	excluded_same_worker_concurrent_request	4	target-binding:4	<deployment-ip>		31	1024	4652	1784788084154364273	1784788085033970799	1784788085027000064	879.606526	872.635791	775.597887	775.597887	436	5701	cdb9944b223ec3c2b4cd08d7befbb9dc1f5aaccb0a82398268912268f3fc5d88	4096	ok
reusable-concurrency	dynamic-html-derived-v1	99	99	f530ae7d36b0412fb0ae7d36b0b12f39	true	true	true	true	RG270.operation=INPUT,RG270.warmed=true	false	true	false	excluded_same_worker_concurrent_request	4	target-binding:4	<deployment-ip>		54	1024	4652	1784788084990562997	1784788085667118103	1784788085691000064	676.555106	700.437067	566.073636	566.073636	436	5701	cdb9944b223ec3c2b4cd08d7befbb9dc1f5aaccb0a82398268912268f3fc5d88	4096	ok
reusable-concurrency	dynamic-html-derived-v1	100	100	75149bd620064b79949bd62006bb79a9	true	true	true	true	RG270.operation=INPUT,RG270.warmed=true	false	true	true	excluded_same_worker_concurrent_request	5	target-binding:5	<deployment-ip>		28	1024	4652	1784788085065914573	1784788086037899051	1784788086033999872	971.984478	968.085299	887.923598	887.923598	436	5701	cdb9944b223ec3c2b4cd08d7befbb9dc1f5aaccb0a82398268912268f3fc5d88	4096	ok
reusable-concurrency	dynamic-html-derived-v1	101	101	a0136bb1eafc4a48936bb1eafcfa48cf	true	true	true	true	RG270.operation=INPUT,RG270.warmed=true	false	true	true	excluded_same_worker_concurrent_request	7	target-binding:7	<deployment-ip>		30	1024	4652	1784788085109015572	1784788086080583451	1784788086088000000	971.567879	978.984428	887.409019	887.409019	436	5701	cdb9944b223ec3c2b4cd08d7befbb9dc1f5aaccb0a82398268912268f3fc5d88	4096	ok
reusable-concurrency	dynamic-html-derived-v1	102	102	c40db8d436de43538db8d436de935348	true	true	true	true	RG270.operation=INPUT,RG270.warmed=true	true	false	false		4	target-binding:4	<deployment-ip>		23	1024	4652	1784788085915483666	1784788086773051197	1784788086796999936	857.567531	881.51627	784.404243	784.404243	436	5701	cdb9944b223ec3c2b4cd08d7befbb9dc1f5aaccb0a82398268912268f3fc5d88	4096	ok
reusable-concurrency	dynamic-html-derived-v1	103	103	80251bf680fe45daa51bf680fe65daef	true	true	true	true	RG270.operation=INPUT,RG270.warmed=true	false	true	true	excluded_same_worker_concurrent_request	5	target-binding:5	<deployment-ip>		37	1024	4652	1784788086059139646	1784788087058995938	1784788087083000064	999.856292	1023.860418	896.718618	896.718618	436	5701	cdb9944b223ec3c2b4cd08d7befbb9dc1f5aaccb0a82398268912268f3fc5d88	4096	ok
reusable-concurrency	dynamic-html-derived-v1	104	104	84c7159343db4ebe87159343db2ebe5c	true	true	true	true	RG270.operation=INPUT,RG270.warmed=true	false	true	true	excluded_same_worker_concurrent_request	7	target-binding:7	<deployment-ip>		22	1024	4652	1784788086118682612	1784788087061730136	1784788087083000064	943.047524	964.317452	867.263698	867.263698	436	5701	cdb9944b223ec3c2b4cd08d7befbb9dc1f5aaccb0a82398268912268f3fc5d88	4096	ok
reusable-concurrency	dynamic-html-derived-v1	105	105	1aa8ea76d2f7425fa8ea76d2f7325ff5	true	true	true	true	RG270.operation=INPUT,RG270.warmed=true	true	false	false		4	target-binding:4	<deployment-ip>		31	1024	4652	1784788087022424087	1784788087855111615	1784788087862999808	832.687528	840.575721	762.685244	762.685244	436	5701	cdb9944b223ec3c2b4cd08d7befbb9dc1f5aaccb0a82398268912268f3fc5d88	4096	ok
reusable-concurrency	dynamic-html-derived-v1	106	106	f357f94e10ce477697f94e10ce37765a	true	true	true	true	RG270.operation=INPUT,RG270.warmed=true	false	true	true	excluded_same_worker_concurrent_request	5	target-binding:5	<deployment-ip>		41	1024	4652	1784788087092508665	1784788088052726385	1784788088052999936	960.21772	960.491271	864.307242	864.307242	436	5701	cdb9944b223ec3c2b4cd08d7befbb9dc1f5aaccb0a82398268912268f3fc5d88	4096	ok
reusable-concurrency	dynamic-html-derived-v1	107	107	062bff74aaab4e49abff74aaab3e4968	true	true	true	true	RG270.operation=INPUT,RG270.warmed=true	false	true	true	excluded_same_worker_concurrent_request	7	target-binding:7	<deployment-ip>		29	1024	4652	1784788087133875087	1784788088116450871	1784788088114000128	982.575784	980.125041	900.779597	900.779597	436	5701	cdb9944b223ec3c2b4cd08d7befbb9dc1f5aaccb0a82398268912268f3fc5d88	4096	ok
reusable-concurrency	dynamic-html-derived-v1	108	108	a867d65da1c149c5a7d65da1c109c5a1	true	true	true	true	RG270.operation=INPUT,RG270.warmed=true	true	false	false		4	target-binding:4	<deployment-ip>		22	1024	4652	1784788087885578049	1784788088749120071	1784788088765000192	863.542022	879.422143	805.658346	805.658346	436	5701	cdb9944b223ec3c2b4cd08d7befbb9dc1f5aaccb0a82398268912268f3fc5d88	4096	ok
reusable-concurrency	dynamic-html-derived-v1	109	109	8df8f466987d49cfb8f466987d19cfc6	true	true	true	true	RG270.operation=INPUT,RG270.warmed=true	false	true	true	excluded_same_worker_concurrent_request	5	target-binding:5	<deployment-ip>		16	1024	4652	1784788088066999232	1784788088847869457	1784788088867000064	780.870225	800.000832	716.419042	716.419042	436	5701	cdb9944b223ec3c2b4cd08d7befbb9dc1f5aaccb0a82398268912268f3fc5d88	4096	ok
reusable-concurrency	dynamic-html-derived-v1	110	110	ac40cbf08892432f80cbf08892d32f51	true	true	true	true	RG270.operation=INPUT,RG270.warmed=true	false	true	true	excluded_same_worker_concurrent_request	7	target-binding:7	<deployment-ip>		22	1024	4652	1784788088138696809	1784788088956071514	1784788088953999872	817.374705	815.303063	746.765456	746.765456	436	5701	cdb9944b223ec3c2b4cd08d7befbb9dc1f5aaccb0a82398268912268f3fc5d88	4096	ok
reusable-concurrency	dynamic-html-derived-v1	111	111	b25e09af749747af9e09af749737af8a	true	true	true	true	RG270.operation=INPUT,RG270.warmed=true	true	false	false		4	target-binding:4	<deployment-ip>		32	1024	4652	1784788088978298095	1784788089811153796	1784788089811000064	832.855701	832.701969	748.54811	748.54811	436	5701	cdb9944b223ec3c2b4cd08d7befbb9dc1f5aaccb0a82398268912268f3fc5d88	4096	ok
reusable-concurrency	dynamic-html-derived-v1	112	112	dd0d74a2b1454b6b8d74a2b145ab6b84	true	true	true	true	RG270.operation=INPUT,RG270.warmed=true	false	true	true	excluded_same_worker_concurrent_request	5	target-binding:5	<deployment-ip>		26	1024	4652	1784788089045007081	1784788089990802610	1784788089997999872	945.795529	952.992791	881.01934	881.01934	436	5701	cdb9944b223ec3c2b4cd08d7befbb9dc1f5aaccb0a82398268912268f3fc5d88	4096	ok
reusable-concurrency	dynamic-html-derived-v1	113	113	cb4b4b0691c6492e8b4b0691c6992ecf	true	true	true	true	RG270.operation=INPUT,RG270.warmed=true	false	true	true	excluded_same_worker_concurrent_request	7	target-binding:7	<deployment-ip>		27	1024	4652	1784788089127998486	1784788090101987256	1784788090112000000	973.98877	984.001514	917.504672	917.504672	436	5701	cdb9944b223ec3c2b4cd08d7befbb9dc1f5aaccb0a82398268912268f3fc5d88	4096	ok
reusable-concurrency	dynamic-html-derived-v1	114	114	8b8d554df98043e58d554df980e3e54a	true	true	true	true	RG270.operation=INPUT,RG270.warmed=true	true	false	false		4	target-binding:4	<deployment-ip>		22	1024	4652	1784788089834791573	1784788090661137962	1784788090660000000	826.346389	825.208427	760.28205	760.28205	436	5701	cdb9944b223ec3c2b4cd08d7befbb9dc1f5aaccb0a82398268912268f3fc5d88	4096	ok
reusable-concurrency	dynamic-html-derived-v1	115	115	e5c8650b08584a4888650b0858ea480a	true	true	true	true	RG270.operation=INPUT,RG270.warmed=true	false	true	true	excluded_same_worker_concurrent_request	5	target-binding:5	<deployment-ip>		30	1024	4652	1784788090013498220	1784788090960549511	1784788090960999936	947.051291	947.501716	862.788624	862.788624	436	5701	cdb9944b223ec3c2b4cd08d7befbb9dc1f5aaccb0a82398268912268f3fc5d88	4096	ok
reusable-concurrency	dynamic-html-derived-v1	116	116	030a260794774b888a260794775b8814	true	true	true	true	RG270.operation=INPUT,RG270.warmed=true	false	true	true	excluded_same_worker_concurrent_request	7	target-binding:7	<deployment-ip>		37	1024	4652	1784788090138568649	1784788091131579871	1784788091125999872	993.011222	987.431223	916.292012	916.292012	436	5701	cdb9944b223ec3c2b4cd08d7befbb9dc1f5aaccb0a82398268912268f3fc5d88	4096	ok
reusable-concurrency	dynamic-html-derived-v1	117	117	dc4d83cc1ee94a9a8d83cc1ee92a9ad3	true	true	true	true	RG270.operation=INPUT,RG270.warmed=true	true	false	false		4	target-binding:4	<deployment-ip>		22	1024	4652	1784788090678244300	1784788091354600450	1784788091372000000	676.35615	693.7557	594.162748	594.162748	436	5701	cdb9944b223ec3c2b4cd08d7befbb9dc1f5aaccb0a82398268912268f3fc5d88	4096	ok
reusable-concurrency	dynamic-html-derived-v1	118	118	861f8e063f5449049f8e063f54a9046f	true	true	true	true	RG270.operation=INPUT,RG270.warmed=true	false	true	true	excluded_same_worker_concurrent_request	5	target-binding:5	<deployment-ip>		29	1024	4652	1784788090979767580	1784788091978404663	1784788091979000064	998.637083	999.232484	919.232137	919.232137	436	5701	cdb9944b223ec3c2b4cd08d7befbb9dc1f5aaccb0a82398268912268f3fc5d88	4096	ok
reusable-concurrency	dynamic-html-derived-v1	119	119	5a5f88d4d9a949979f88d4d9a9e997d3	true	true	true	true	RG270.operation=INPUT,RG270.warmed=true	false	true	true	excluded_same_worker_concurrent_request	7	target-binding:7	<deployment-ip>		25	1024	4652	1784788091154579804	1784788092113220716	1784788092109999872	958.640912	955.420068	879.044078	879.044078	436	5701	cdb9944b223ec3c2b4cd08d7befbb9dc1f5aaccb0a82398268912268f3fc5d88	4096	ok
reusable-concurrency	dynamic-html-derived-v1	120	120	8d72761074c24eeab2761074c2feea15	true	true	true	true	RG270.operation=INPUT,RG270.warmed=true	true	false	false		4	target-binding:4	<deployment-ip>		18	1024	4652	1784788091585845595	1784788092432496986	1784788092423000064	846.651391	837.154469	779.858271	779.858271	436	5701	cdb9944b223ec3c2b4cd08d7befbb9dc1f5aaccb0a82398268912268f3fc5d88	4096	ok
reusable-concurrency	dynamic-html-derived-v1	121	121	7fc4f207a5794ad084f207a5798ad03d	true	true	true	true	RG270.operation=INPUT,RG270.warmed=true	false	true	true	excluded_same_worker_concurrent_request	5	target-binding:5	<deployment-ip>		20	1024	4652	1784788091991130531	1784788092957040026	1784788092964000000	965.909495	972.869469	906.798153	906.798153	436	5701	cdb9944b223ec3c2b4cd08d7befbb9dc1f5aaccb0a82398268912268f3fc5d88	4096	ok
reusable-concurrency	dynamic-html-derived-v1	122	122	25df462ded1349e49f462ded13e9e455	true	true	true	true	RG270.operation=INPUT,RG270.warmed=true	false	true	true	excluded_same_worker_concurrent_request	7	target-binding:7	<deployment-ip>		18	1024	4652	1784788092125578287	1784788093076359505	1784788093072000000	950.781218	946.421713	889.361838	889.361838	436	5701	cdb9944b223ec3c2b4cd08d7befbb9dc1f5aaccb0a82398268912268f3fc5d88	4096	ok
reusable-concurrency	dynamic-html-derived-v1	123	123	81a40a26f6a04174a40a26f6a04174f9	true	true	true	true	RG270.operation=INPUT,RG270.warmed=true	true	false	false		4	target-binding:4	<deployment-ip>		27	1024	4652	1784788092455191684	1784788093300435937	1784788093308999936	845.244253	853.808252	776.243779	776.243779	436	5701	cdb9944b223ec3c2b4cd08d7befbb9dc1f5aaccb0a82398268912268f3fc5d88	4096	ok
reusable-concurrency	dynamic-html-derived-v1	124	124	1ec3ed9d0829444f83ed9d0829744fa3	true	true	true	true	RG270.operation=INPUT,RG270.warmed=true	false	true	true	excluded_same_worker_concurrent_request	5	target-binding:5	<deployment-ip>		27	1024	4652	1784788092982722619	1784788093940639092	1784788093964999936	957.916473	982.277317	895.898892	895.898892	436	5701	cdb9944b223ec3c2b4cd08d7befbb9dc1f5aaccb0a82398268912268f3fc5d88	4096	ok
reusable-concurrency	dynamic-html-derived-v1	125	125	815859972fbf4d5a9859972fbf6d5a0e	true	true	true	true	RG270.operation=INPUT,RG270.warmed=true	false	true	true	excluded_same_worker_concurrent_request	7	target-binding:7	<deployment-ip>		16	1024	4652	1784788093090509557	1784788094021784297	1784788094026000128	931.27474	935.490571	881.923421	881.923421	436	5701	cdb9944b223ec3c2b4cd08d7befbb9dc1f5aaccb0a82398268912268f3fc5d88	4096	ok
reusable-concurrency	dynamic-html-derived-v1	126	126	cc6ee5819eb34288aee5819eb322882c	true	true	true	true	RG270.operation=INPUT,RG270.warmed=true	true	false	false		4	target-binding:4	<deployment-ip>		24	1024	4652	1784788093314153839	1784788094109585393	1784788094105999872	795.431554	791.846033	720.885961	720.885961	436	5701	cdb9944b223ec3c2b4cd08d7befbb9dc1f5aaccb0a82398268912268f3fc5d88	4096	ok
reusable-concurrency	dynamic-html-derived-v1	127	127	8e5018496718462390184967188623b9	true	true	true	true	RG270.operation=INPUT,RG270.warmed=true	false	true	true	excluded_same_worker_concurrent_request	5	target-binding:5	<deployment-ip>		15	1024	4652	1784788094040805349	1784788094961801035	1784788094959000064	920.995686	918.194715	872.063528	872.063528	436	5701	cdb9944b223ec3c2b4cd08d7befbb9dc1f5aaccb0a82398268912268f3fc5d88	4096	ok
reusable-concurrency	dynamic-html-derived-v1	128	128	6c5f23f4a45d476d9f23f4a45da76dae	true	true	true	true	RG270.operation=INPUT,RG270.warmed=true	false	true	false	excluded_same_worker_concurrent_request	4	target-binding:4	<deployment-ip>		37	1024	4652	1784788094123274689	1784788094995930518	1784788094997999872	872.655829	874.725183	780.966663	780.966663	436	5701	cdb9944b223ec3c2b4cd08d7befbb9dc1f5aaccb0a82398268912268f3fc5d88	4096	ok
reusable-concurrency	dynamic-html-derived-v1	129	129	8d53d5a49a77466b93d5a49a77466bef	true	true	true	true	RG270.operation=INPUT,RG270.warmed=true	false	true	true	excluded_same_worker_concurrent_request	7	target-binding:7	<deployment-ip>		28	1024	4652	1784788094183136534	1784788095119491999	1784788095125999872	936.355465	942.863338	868.579556	868.579556	436	5701	cdb9944b223ec3c2b4cd08d7befbb9dc1f5aaccb0a82398268912268f3fc5d88	4096	ok
reusable-concurrency	dynamic-html-derived-v1	130	130	283e8ff126cb4834be8ff126cbc83400	true	true	true	true	RG270.operation=INPUT,RG270.warmed=true	false	true	false	excluded_same_worker_concurrent_request	4	target-binding:4	<deployment-ip>		30	1024	4652	1784788094990562932	1784788095840696135	1784788095855000064	850.133203	864.437132	777.336902	777.336902	436	5701	cdb9944b223ec3c2b4cd08d7befbb9dc1f5aaccb0a82398268912268f3fc5d88	4096	ok
reusable-concurrency	dynamic-html-derived-v1	131	131	7c291540340e4964a91540340e09643c	true	true	true	true	RG270.operation=INPUT,RG270.warmed=true	false	true	true	excluded_same_worker_concurrent_request	5	target-binding:5	<deployment-ip>		18	1024	4652	1784788095048761837	1784788095901992449	1784788095933000192	853.230612	884.238355	789.911545	789.911545	436	5701	cdb9944b223ec3c2b4cd08d7befbb9dc1f5aaccb0a82398268912268f3fc5d88	4096	ok
reusable-concurrency	dynamic-html-derived-v1	132	132	07389783201146fbb89783201136fb8a	true	true	true	true	RG270.operation=INPUT,RG270.warmed=true	false	true	true	excluded_same_worker_concurrent_request	7	target-binding:7	<deployment-ip>		17	1024	4652	1784788095136402996	1784788095993093785	1784788095997999872	856.690789	861.596876	789.744034	789.744034	436	5701	cdb9944b223ec3c2b4cd08d7befbb9dc1f5aaccb0a82398268912268f3fc5d88	4096	ok
reusable-concurrency	dynamic-html-derived-v1	133	133	0ed7a0a1f5ae479497a0a1f5ae1794bf	true	true	true	true	RG270.operation=INPUT,RG270.warmed=true	true	false	false		4	target-binding:4	<deployment-ip>		31	1024	4652	1784788095862919187	1784788096700355358	1784788096707000064	837.436171	844.080877	768.089453	768.089453	436	5701	cdb9944b223ec3c2b4cd08d7befbb9dc1f5aaccb0a82398268912268f3fc5d88	4096	ok
reusable-concurrency	dynamic-html-derived-v1	134	134	0c46356cd0b54e2586356cd0b5be2519	true	true	true	true	RG270.operation=INPUT,RG270.warmed=true	false	true	true	excluded_same_worker_concurrent_request	5	target-binding:5	<deployment-ip>		28	1024	4652	1784788096008362795	1784788096863837262	1784788096861999872	855.474467	853.637077	786.543905	786.543905	436	5701	cdb9944b223ec3c2b4cd08d7befbb9dc1f5aaccb0a82398268912268f3fc5d88	4096	ok
reusable-concurrency	dynamic-html-derived-v1	135	135	3ca43bbfabfd4810a43bbfabfda8108d	true	true	true	true	RG270.operation=INPUT,RG270.warmed=true	false	true	true	excluded_same_worker_concurrent_request	7	target-binding:7	<deployment-ip>		14	1024	4652	1784788096149218911	1784788097025255888	1784788097028999936	876.036977	879.781025	812.795829	812.795829	436	5701	cdb9944b223ec3c2b4cd08d7befbb9dc1f5aaccb0a82398268912268f3fc5d88	4096	ok
reusable-concurrency	dynamic-html-derived-v1	136	136	e44ae9197cb147b98ae9197cb197b9d4	true	true	true	true	RG270.operation=INPUT,RG270.warmed=true	true	false	false		4	target-binding:4	<deployment-ip>		21	1024	4652	1784788096716911273	1784788097542587348	1784788097559000064	825.676075	842.088791	769.217376	769.217376	436	5701	cdb9944b223ec3c2b4cd08d7befbb9dc1f5aaccb0a82398268912268f3fc5d88	4096	ok
reusable-concurrency	dynamic-html-derived-v1	137	137	39739b46149a4620b39b46149ac620a0	true	true	true	true	RG270.operation=INPUT,RG270.warmed=true	false	true	true	excluded_same_worker_concurrent_request	5	target-binding:5	<deployment-ip>		18	1024	4652	1784788096892356829	1784788097891191085	1784788097890000128	998.834256	997.643299	924.618912	924.618912	436	5701	cdb9944b223ec3c2b4cd08d7befbb9dc1f5aaccb0a82398268912268f3fc5d88	4096	ok
reusable-concurrency	dynamic-html-derived-v1	138	138	2758ada2e4874ee598ada2e4876ee563	true	true	true	true	RG270.operation=INPUT,RG270.warmed=true	false	true	true	excluded_same_worker_concurrent_request	7	target-binding:7	<deployment-ip>		16	1024	4652	1784788097058400163	1784788097996583123	1784788097996000000	938.18296	937.599837	878.185307	878.185307	436	5701	cdb9944b223ec3c2b4cd08d7befbb9dc1f5aaccb0a82398268912268f3fc5d88	4096	ok
reusable-concurrency	dynamic-html-derived-v1	139	139	6aecbd3d61b24985acbd3d61b299859f	true	true	true	true	RG270.operation=INPUT,RG270.warmed=true	true	false	false		4	target-binding:4	<deployment-ip>		11	1024	4652	1784788097770402308	1784788098565235139	1784788098571000064	794.832831	800.597756	744.60106	744.60106	436	5701	cdb9944b223ec3c2b4cd08d7befbb9dc1f5aaccb0a82398268912268f3fc5d88	4096	ok
reusable-concurrency	dynamic-html-derived-v1	140	140	8ef50fa144294417b50fa14429841767	true	true	true	true	RG270.operation=INPUT,RG270.warmed=true	false	true	true	excluded_same_worker_concurrent_request	5	target-binding:5	<deployment-ip>		20	1024	4652	1784788097902923114	1784788098699090653	1784788098696999936	796.167539	794.076822	720.527959	720.527959	436	5701	cdb9944b223ec3c2b4cd08d7befbb9dc1f5aaccb0a82398268912268f3fc5d88	4096	ok
reusable-concurrency	dynamic-html-derived-v1	141	141	c9d256d8431e4bed9256d8431e9bedf8	true	true	true	true	RG270.operation=INPUT,RG270.warmed=true	false	true	true	excluded_same_worker_concurrent_request	7	target-binding:7	<deployment-ip>		16	1024	4652	1784788098018865973	1784788098907531835	1784788098904000000	888.665862	885.134027	801.863545	801.863545	436	5701	cdb9944b223ec3c2b4cd08d7befbb9dc1f5aaccb0a82398268912268f3fc5d88	4096	ok
reusable-concurrency	dynamic-html-derived-v1	142	142	0c81e0e0d07941fe81e0e0d079c1fe3c	true	true	true	true	RG270.operation=INPUT,RG270.warmed=true	true	false	false		4	target-binding:4	<deployment-ip>		22	1024	4652	1784788098595380585	1784788099433429560	1784788099443000064	838.048975	847.619479	781.128935	781.128935	436	5701	cdb9944b223ec3c2b4cd08d7befbb9dc1f5aaccb0a82398268912268f3fc5d88	4096	ok
reusable-concurrency	dynamic-html-derived-v1	143	143	e4acddb0945f4284acddb0945f4284bd	true	true	true	true	RG270.operation=INPUT,RG270.warmed=true	false	true	true	excluded_same_worker_concurrent_request	5	target-binding:5	<deployment-ip>		13	1024	4652	1784788098719187435	1784788099565993061	1784788099562000128	846.805626	842.812693	791.096326	791.096326	436	5701	cdb9944b223ec3c2b4cd08d7befbb9dc1f5aaccb0a82398268912268f3fc5d88	4096	ok
reusable-concurrency	dynamic-html-derived-v1	144	144	15a71fbc16f5404ca71fbc16f5d04cc3	true	true	true	true	RG270.operation=INPUT,RG270.warmed=true	false	true	true	excluded_same_worker_concurrent_request	7	target-binding:7	<deployment-ip>		12	1024	4652	1784788098917562766	1784788099722619545	1784788099720000000	805.056779	802.437234	746.246126	746.246126	436	5701	cdb9944b223ec3c2b4cd08d7befbb9dc1f5aaccb0a82398268912268f3fc5d88	4096	ok
reusable-concurrency	dynamic-html-derived-v1	145	145	d33b8439d16145abbb8439d16125abb6	true	true	true	true	RG270.operation=INPUT,RG270.warmed=true	true	false	false		4	target-binding:4	<deployment-ip>		16	1024	4652	1784788099456968244	1784788100291830075	1784788100292000000	834.861831	835.031756	779.861575	779.861575	436	5701	cdb9944b223ec3c2b4cd08d7befbb9dc1f5aaccb0a82398268912268f3fc5d88	4096	ok
reusable-concurrency	dynamic-html-derived-v1	146	146	0fe0b3215fa74ba2a0b3215fa74ba20d	true	true	true	true	RG270.operation=INPUT,RG270.warmed=true	false	true	true	excluded_same_worker_concurrent_request	5	target-binding:5	<deployment-ip>		24	1024	4652	1784788099584627063	1784788100405411716	1784788100408999936	820.784653	824.372873	750.104786	750.104786	436	5701	cdb9944b223ec3c2b4cd08d7befbb9dc1f5aaccb0a82398268912268f3fc5d88	4096	ok
reusable-concurrency	dynamic-html-derived-v1	147	147	da5d269a4d8344c39d269a4d83f4c3de	true	true	true	true	RG270.operation=INPUT,RG270.warmed=true	false	true	true	excluded_same_worker_concurrent_request	7	target-binding:7	<deployment-ip>		18	1024	4652	1784788099745532373	1784788100572696988	1784788100571000064	827.164615	825.467691	763.821972	763.821972	436	5701	cdb9944b223ec3c2b4cd08d7befbb9dc1f5aaccb0a82398268912268f3fc5d88	4096	ok
reusable-concurrency	dynamic-html-derived-v1	148	148	947f971ad19742e9bf971ad197e2e98a	true	true	true	true	RG270.operation=INPUT,RG270.warmed=true	true	false	false		4	target-binding:4	<deployment-ip>		18	1024	4652	1784788100310115068	1784788101156892069	1784788101152000000	846.777001	841.884932	780.03493	780.03493	436	5701	cdb9944b223ec3c2b4cd08d7befbb9dc1f5aaccb0a82398268912268f3fc5d88	4096	ok
reusable-concurrency	dynamic-html-derived-v1	149	149	62f2dd2965d94ee2b2dd2965d92ee2df	true	true	true	true	RG270.operation=INPUT,RG270.warmed=true	false	true	true	excluded_same_worker_concurrent_request	5	target-binding:5	<deployment-ip>		14	1024	4652	1784788100428103624	1784788101364309458	1784788101384000000	936.205834	955.896376	879.537045	879.537045	436	5701	cdb9944b223ec3c2b4cd08d7befbb9dc1f5aaccb0a82398268912268f3fc5d88	4096	ok
reusable-concurrency	dynamic-html-derived-v1	150	150	38887ebfa2714614887ebfa271b614a3	true	true	true	true	RG270.operation=INPUT,RG270.warmed=true	false	true	true	excluded_same_worker_concurrent_request	7	target-binding:7	<deployment-ip>		15	1024	4652	1784788100596850590	1784788101553257110	1784788101566999808	956.40652	970.149218	899.549433	899.549433	436	5701	cdb9944b223ec3c2b4cd08d7befbb9dc1f5aaccb0a82398268912268f3fc5d88	4096	ok
reusable-concurrency	dynamic-html-derived-v1	151	151	11805d6c66474e98805d6c66475e98bb	true	true	true	true	RG270.operation=INPUT,RG270.warmed=true	true	false	false		4	target-binding:4	<deployment-ip>		21	1024	4652	1784788101169017637	1784788102037553843	1784788102032999936	868.536206	863.982299	796.629886	796.629886	436	5701	cdb9944b223ec3c2b4cd08d7befbb9dc1f5aaccb0a82398268912268f3fc5d88	4096	ok
reusable-concurrency	dynamic-html-derived-v1	152	152	c8d4b1df9d6f457794b1df9d6f057743	true	true	true	true	RG270.operation=INPUT,RG270.warmed=true	false	true	true	excluded_same_worker_concurrent_request	5	target-binding:5	<deployment-ip>		18	1024	4652	1784788101390356789	1784788102342879119	1784788102351000064	952.52233	960.643275	896.063395	896.063395	436	5701	cdb9944b223ec3c2b4cd08d7befbb9dc1f5aaccb0a82398268912268f3fc5d88	4096	ok
reusable-concurrency	dynamic-html-derived-v1	153	153	3d98f48d58e9403298f48d58e92032e8	true	true	true	true	RG270.operation=INPUT,RG270.warmed=true	false	true	true	excluded_same_worker_concurrent_request	7	target-binding:7	<deployment-ip>		34	1024	4652	1784788101589997755	1784788102592217238	1784788102596999936	1002.219483	1007.002181	923.765246	923.765246	436	5701	cdb9944b223ec3c2b4cd08d7befbb9dc1f5aaccb0a82398268912268f3fc5d88	4096	ok
reusable-concurrency	dynamic-html-derived-v1	154	154	797d6bc83609449abd6bc83609149ad2	true	true	true	true	RG270.operation=INPUT,RG270.warmed=true	true	false	false		4	target-binding:4	<deployment-ip>		16	1024	4652	1784788102059456584	1784788102896581148	1784788102892999936	837.124564	833.543352	766.180833	766.180833	436	5701	cdb9944b223ec3c2b4cd08d7befbb9dc1f5aaccb0a82398268912268f3fc5d88	4096	ok
reusable-concurrency	dynamic-html-derived-v1	155	155	61d2dadac7c4405d92dadac7c4805d4f	true	true	true	true	RG270.operation=INPUT,RG270.warmed=true	false	true	true	excluded_same_worker_concurrent_request	5	target-binding:5	<deployment-ip>		16	1024	4652	1784788102359756215	1784788103281771703	1784788103305000192	922.015488	945.243977	871.0518	871.0518	436	5701	cdb9944b223ec3c2b4cd08d7befbb9dc1f5aaccb0a82398268912268f3fc5d88	4096	ok
reusable-concurrency	dynamic-html-derived-v1	156	156	c268f868640c426ea8f868640c626e52	true	true	true	true	RG270.operation=INPUT,RG270.warmed=true	false	true	true	excluded_same_worker_concurrent_request	7	target-binding:7	<deployment-ip>		14	1024	4652	1784788102606762657	1784788103532568209	1784788103538000128	925.805552	931.237471	880.696991	880.696991	436	5701	cdb9944b223ec3c2b4cd08d7befbb9dc1f5aaccb0a82398268912268f3fc5d88	4096	ok
reusable-concurrency	dynamic-html-derived-v1	157	157	990d72e06c034c158d72e06c036c1525	true	true	true	true	RG270.operation=INPUT,RG270.warmed=true	true	false	false		4	target-binding:4	<deployment-ip>		18	1024	4652	1784788102907847744	1784788103808456267	1784788103820000000	900.608523	912.152256	846.897035	846.897035	436	5701	cdb9944b223ec3c2b4cd08d7befbb9dc1f5aaccb0a82398268912268f3fc5d88	4096	ok
reusable-concurrency	dynamic-html-derived-v1	158	158	ac349a80b8d746a2b49a80b8d7c6a211	true	true	true	true	RG270.operation=INPUT,RG270.warmed=true	false	true	true	excluded_same_worker_concurrent_request	5	target-binding:5	<deployment-ip>		45	1024	4652	1784788103521772113	1784788104499799129	1784788104517999872	978.027016	996.227759	893.847588	893.847588	436	5701	cdb9944b223ec3c2b4cd08d7befbb9dc1f5aaccb0a82398268912268f3fc5d88	4096	ok
reusable-concurrency	dynamic-html-derived-v1	159	159	6cd8a11939d04d3e98a11939d07d3e60	true	true	true	true	RG270.operation=INPUT,RG270.warmed=true	false	true	true	excluded_same_worker_concurrent_request	7	target-binding:7	<deployment-ip>		18	1024	4652	1784788103590028292	1784788104533974404	1784788104549999872	943.946112	959.97158	893.524716	893.524716	436	5701	cdb9944b223ec3c2b4cd08d7befbb9dc1f5aaccb0a82398268912268f3fc5d88	4096	ok
reusable-concurrency	dynamic-html-derived-v1	160	160	feec5c91468e47d0ac5c91468eb7d0c1	true	true	true	true	RG270.operation=INPUT,RG270.warmed=true	true	false	false		4	target-binding:4	<deployment-ip>		15	1024	4652	1784788104039472670	1784788104960734696	1784788104972000000	921.262026	932.52733	867.79311	867.79311	436	5701	cdb9944b223ec3c2b4cd08d7befbb9dc1f5aaccb0a82398268912268f3fc5d88	4096	ok
reusable-concurrency	dynamic-html-derived-v1	161	161	4772aa979c034a6ab2aa979c03aa6ab8	true	true	true	true	RG270.operation=INPUT,RG270.warmed=true	false	true	true	excluded_same_worker_concurrent_request	5	target-binding:5	<deployment-ip>		26	1024	4652	1784788104723540073	1784788105645699950	1784788105656000000	922.159877	932.459927	861.166013	861.166013	436	5701	cdb9944b223ec3c2b4cd08d7befbb9dc1f5aaccb0a82398268912268f3fc5d88	4096	ok
reusable-concurrency	dynamic-html-derived-v1	162	162	e78a11bb81dd4bd28a11bb81ddbbd286	true	true	true	true	RG270.operation=INPUT,RG270.warmed=true	false	true	true	excluded_same_worker_concurrent_request	7	target-binding:7	<deployment-ip>		35	1024	4652	1784788104781301456	1784788105694742806	1784788105728000000	913.44135	946.698544	831.737387	831.737387	436	5701	cdb9944b223ec3c2b4cd08d7befbb9dc1f5aaccb0a82398268912268f3fc5d88	4096	ok
reusable-concurrency	dynamic-html-derived-v1	163	163	831784643bba40a19784643bbaa0a12b	true	true	true	true	RG270.operation=INPUT,RG270.warmed=true	true	false	false		4	target-binding:4	<deployment-ip>		24	1024	4652	1784788104975461417	1784788105900266593	1784788105900000000	924.805176	924.538583	852.68777	852.68777	436	5701	cdb9944b223ec3c2b4cd08d7befbb9dc1f5aaccb0a82398268912268f3fc5d88	4096	ok
reusable-concurrency	dynamic-html-derived-v1	164	164	4c13decc25ea4e6e93decc25ea9e6ee6	true	true	true	true	RG270.operation=INPUT,RG270.warmed=true	false	true	true	excluded_same_worker_concurrent_request	5	target-binding:5	<deployment-ip>		35	1024	4652	1784788105667981620	1784788106591604745	1784788106595000064	923.623125	927.018444	840.961002	840.961002	436	5701	cdb9944b223ec3c2b4cd08d7befbb9dc1f5aaccb0a82398268912268f3fc5d88	4096	ok
reusable-concurrency	dynamic-html-derived-v1	165	165	6b26a36ce0f440cca6a36ce0f4d0cc75	true	true	true	true	RG270.operation=INPUT,RG270.warmed=true	true	false	false		4	target-binding:4	<deployment-ip>		13	1024	4652	1784788105910180577	1784788106740289703	1784788106770999808	830.109126	860.819231	774.884291	774.884291	436	5701	cdb9944b223ec3c2b4cd08d7befbb9dc1f5aaccb0a82398268912268f3fc5d88	4096	ok
reusable-concurrency	dynamic-html-derived-v1	166	166	2bbb4db4b3ad48a7bb4db4b3ad48a7c1	true	true	true	true	RG270.operation=INPUT,RG270.warmed=true	false	true	true	excluded_same_worker_concurrent_request	7	target-binding:7	<deployment-ip>		13	1024	4652	1784788105971133300	1784788106994815012	1784788106996999936	1023.681712	1025.866636	966.074916	966.074916	436	5701	cdb9944b223ec3c2b4cd08d7befbb9dc1f5aaccb0a82398268912268f3fc5d88	4096	ok
reusable-concurrency	dynamic-html-derived-v1	167	167	1ca3c02fdf9b48c8a3c02fdf9b58c8c4	true	true	true	true	RG270.operation=INPUT,RG270.warmed=true	false	true	true	excluded_same_worker_concurrent_request	5	target-binding:5	<deployment-ip>		18	1024	4652	1784788106603683291	1784788107529056346	1784788107526000128	925.373055	922.316837	854.24094	854.24094	436	5701	cdb9944b223ec3c2b4cd08d7befbb9dc1f5aaccb0a82398268912268f3fc5d88	4096	ok
reusable-concurrency	dynamic-html-derived-v1	168	168	2f8e46b45fad42618e46b45fadb26154	true	true	true	true	RG270.operation=INPUT,RG270.warmed=true	true	false	false		4	target-binding:4	<deployment-ip>		34	1024	4652	1784788106991809674	1784788107907152610	1784788107901999872	915.342936	910.190198	827.788262	827.788262	436	5701	cdb9944b223ec3c2b4cd08d7befbb9dc1f5aaccb0a82398268912268f3fc5d88	4096	ok
reusable-concurrency	dynamic-html-derived-v1	169	169	ff0efef75d3044fc8efef75d3084fc85	true	true	true	true	RG270.operation=INPUT,RG270.warmed=true	false	true	true	excluded_same_worker_concurrent_request	7	target-binding:7	<deployment-ip>		21	1024	4652	1784788107049026466	1784788107987299023	1784788107983000064	938.272557	933.973598	874.827896	874.827896	436	5701	cdb9944b223ec3c2b4cd08d7befbb9dc1f5aaccb0a82398268912268f3fc5d88	4096	ok
reusable-concurrency	dynamic-html-derived-v1	170	170	29fc85ce235042bcbc85ce235012bcef	true	true	true	true	RG270.operation=INPUT,RG270.warmed=true	false	true	true	excluded_same_worker_concurrent_request	5	target-binding:5	<deployment-ip>		21	1024	4652	1784788107544432097	1784788108482355934	1784788108477999872	937.923837	933.567775	875.507394	875.507394	436	5701	cdb9944b223ec3c2b4cd08d7befbb9dc1f5aaccb0a82398268912268f3fc5d88	4096	ok
reusable-concurrency	dynamic-html-derived-v1	171	171	56924e2f56974afa924e2f5697dafa50	true	true	true	true	RG270.operation=INPUT,RG270.warmed=true	true	false	false		4	target-binding:4	<deployment-ip>		27	1024	4652	1784788107919702590	1784788108834767548	1784788108832999936	915.064958	913.297346	846.048013	846.048013	436	5701	cdb9944b223ec3c2b4cd08d7befbb9dc1f5aaccb0a82398268912268f3fc5d88	4096	ok
reusable-concurrency	dynamic-html-derived-v1	172	172	6624e66844904227a4e66844909227e1	true	true	true	true	RG270.operation=INPUT,RG270.warmed=true	false	true	true	excluded_same_worker_concurrent_request	7	target-binding:7	<deployment-ip>		15	1024	4652	1784788108020852225	1784788108952132050	1784788108951000064	931.279825	930.147839	880.619453	880.619453	436	5701	cdb9944b223ec3c2b4cd08d7befbb9dc1f5aaccb0a82398268912268f3fc5d88	4096	ok
reusable-concurrency	dynamic-html-derived-v1	173	173	6ca380aa01db4234a380aa01dbc234a4	true	true	true	true	RG270.operation=INPUT,RG270.warmed=true	false	true	true	excluded_same_worker_concurrent_request	5	target-binding:5	<deployment-ip>		22	1024	4652	1784788108498306883	1784788109457180912	1784788109451000064	958.874029	952.693181	894.677997	894.677997	436	5701	cdb9944b223ec3c2b4cd08d7befbb9dc1f5aaccb0a82398268912268f3fc5d88	4096	ok
reusable-concurrency	dynamic-html-derived-v1	174	174	ae63901146ab4217a3901146ab721700	true	true	true	true	RG270.operation=INPUT,RG270.warmed=true	true	false	false		4	target-binding:4	<deployment-ip>		15	1024	4652	1784788108844854755	1784788109673106825	1784788109671000064	828.25207	826.145309	769.322763	769.322763	436	5701	cdb9944b223ec3c2b4cd08d7befbb9dc1f5aaccb0a82398268912268f3fc5d88	4096	ok
reusable-concurrency	dynamic-html-derived-v1	175	175	e13c3aa3f4394fd7bc3aa3f4394fd7dd	true	true	true	true	RG270.operation=INPUT,RG270.warmed=true	false	true	true	excluded_same_worker_concurrent_request	7	target-binding:7	<deployment-ip>		13	1024	4652	1784788108966282653	1784788109909483742	1784788109911000064	943.201089	944.717411	901.262443	901.262443	436	5701	cdb9944b223ec3c2b4cd08d7befbb9dc1f5aaccb0a82398268912268f3fc5d88	4096	ok
reusable-concurrency	dynamic-html-derived-v1	176	176	c8654a99b6e84caea54a99b6e83caeb9	true	true	true	true	RG270.operation=INPUT,RG270.warmed=true	false	true	true	excluded_same_worker_concurrent_request	5	target-binding:5	<deployment-ip>		16	1024	4652	1784788109470469338	1784788110402379187	1784788110405999872	931.909849	935.530534	876.561052	876.561052	436	5701	cdb9944b223ec3c2b4cd08d7befbb9dc1f5aaccb0a82398268912268f3fc5d88	4096	ok
reusable-concurrency	dynamic-html-derived-v1	177	177	01cf374614b742ca8f374614b782caf5	true	true	true	true	RG270.operation=INPUT,RG270.warmed=true	true	false	false		4	target-binding:4	<deployment-ip>		20	1024	4652	1784788109689081408	1784788110510472232	1784788110515000064	821.390824	825.918656	759.105101	759.105101	436	5701	cdb9944b223ec3c2b4cd08d7befbb9dc1f5aaccb0a82398268912268f3fc5d88	4096	ok
reusable-concurrency	dynamic-html-derived-v1	178	178	751e8f02fca74a4d9e8f02fca7da4d27	true	true	true	true	RG270.operation=INPUT,RG270.warmed=true	false	true	true	excluded_same_worker_concurrent_request	7	target-binding:7	<deployment-ip>		21	1024	4652	1784788109924591870	1784788110861949829	1784788110875000064	937.357959	950.408194	878.454481	878.454481	436	5701	cdb9944b223ec3c2b4cd08d7befbb9dc1f5aaccb0a82398268912268f3fc5d88	4096	ok
reusable-concurrency	dynamic-html-derived-v1	179	179	ae3896d3b55f4b4db896d3b55f4b4de5	true	true	true	true	RG270.operation=INPUT,RG270.warmed=true	false	true	true	excluded_same_worker_concurrent_request	5	target-binding:5	<deployment-ip>		15	1024	4652	1784788110426399110	1784788111342229115	1784788111375000064	915.830005	948.600954	876.444646	876.444646	436	5701	cdb9944b223ec3c2b4cd08d7befbb9dc1f5aaccb0a82398268912268f3fc5d88	4096	ok
reusable-concurrency	dynamic-html-derived-v1	180	180	128677825c414f418677825c41af41d1	true	true	true	true	RG270.operation=INPUT,RG270.warmed=true	true	false	false		4	target-binding:4	<deployment-ip>		19	1024	4652	1784788110527324887	1784788111355063750	1784788111369999872	827.738863	842.674985	778.817005	778.817005	436	5701	cdb9944b223ec3c2b4cd08d7befbb9dc1f5aaccb0a82398268912268f3fc5d88	4096	ok
reusable-concurrency	dynamic-html-derived-v1	181	181	71ff96acd7734c80bf96acd773fc8010	true	true	true	true	RG270.operation=INPUT,RG270.warmed=true	false	true	true	excluded_same_worker_concurrent_request	7	target-binding:7	<deployment-ip>		16	1024	4652	1784788110889174503	1784788111802290268	1784788111804000000	913.115765	914.825497	855.854392	855.854392	436	5701	cdb9944b223ec3c2b4cd08d7befbb9dc1f5aaccb0a82398268912268f3fc5d88	4096	ok
reusable-concurrency	dynamic-html-derived-v1	182	182	ef174f8e5f164500974f8e5f16750066	true	true	true	true	RG270.operation=INPUT,RG270.warmed=true	true	false	false		4	target-binding:4	<deployment-ip>		16	1024	4652	1784788111584641418	1784788112428191691	1784788112423000064	843.550273	838.358646	785.202362	785.202362	436	5701	cdb9944b223ec3c2b4cd08d7befbb9dc1f5aaccb0a82398268912268f3fc5d88	4096	ok
reusable-concurrency	dynamic-html-derived-v1	183	183	ed29240cfe3c4166a9240cfe3c41662f	true	true	true	true	RG270.operation=INPUT,RG270.warmed=true	false	true	true	excluded_same_worker_concurrent_request	5	target-binding:5	<deployment-ip>		11	1024	4652	1784788111642300040	1784788112578634712	1784788112576999936	936.334672	934.699896	885.810062	885.810062	436	5701	cdb9944b223ec3c2b4cd08d7befbb9dc1f5aaccb0a82398268912268f3fc5d88	4096	ok
reusable-concurrency	dynamic-html-derived-v1	184	184	2da3a969c76b4b82a3a969c76bcb82a8	true	true	true	true	RG270.operation=INPUT,RG270.warmed=true	false	true	true	excluded_same_worker_concurrent_request	7	target-binding:7	<deployment-ip>		20	1024	4652	1784788111815997807	1784788112749693418	1784788112760000000	933.695611	944.002193	880.989723	880.989723	436	5701	cdb9944b223ec3c2b4cd08d7befbb9dc1f5aaccb0a82398268912268f3fc5d88	4096	ok
reusable-concurrency	dynamic-html-derived-v1	185	185	3450e6e598a5455190e6e598a5d55175	true	true	true	true	RG270.operation=INPUT,RG270.warmed=true	true	false	false		4	target-binding:4	<deployment-ip>		15	1024	4652	1784788112445472293	1784788113303774780	1784788113304000000	858.302487	858.527707	790.033226	790.033226	436	5701	cdb9944b223ec3c2b4cd08d7befbb9dc1f5aaccb0a82398268912268f3fc5d88	4096	ok
reusable-concurrency	dynamic-html-derived-v1	186	186	15073d0798014ec2873d0798017ec2d2	true	true	true	true	RG270.operation=INPUT,RG270.warmed=true	false	true	true	excluded_same_worker_concurrent_request	5	target-binding:5	<deployment-ip>		20	1024	4652	1784788112611143242	1784788113558398952	1784788113575000064	947.25571	963.856822	875.96915	875.96915	436	5701	cdb9944b223ec3c2b4cd08d7befbb9dc1f5aaccb0a82398268912268f3fc5d88	4096	ok
reusable-concurrency	dynamic-html-derived-v1	187	187	60256d4250294c7ca56d4250298c7c76	true	true	true	true	RG270.operation=INPUT,RG270.warmed=true	false	true	true	excluded_same_worker_concurrent_request	7	target-binding:7	<deployment-ip>		25	1024	4652	1784788112982581277	1784788113914794611	1784788113940000000	932.213334	957.418723	859.240667	859.240667	436	5701	cdb9944b223ec3c2b4cd08d7befbb9dc1f5aaccb0a82398268912268f3fc5d88	4096	ok
reusable-concurrency	dynamic-html-derived-v1	188	188	a45eefcb147148ab9eefcb1471d8ab18	true	true	true	true	RG270.operation=INPUT,RG270.warmed=true	true	false	false		4	target-binding:4	<deployment-ip>		25	1024	4652	1784788113315795543	1784788114207276295	1784788114219000064	891.480752	903.204521	826.793877	826.793877	436	5701	cdb9944b223ec3c2b4cd08d7befbb9dc1f5aaccb0a82398268912268f3fc5d88	4096	ok
reusable-concurrency	dynamic-html-derived-v1	189	189	6cedec2719df4603adec2719df260361	true	true	true	true	RG270.operation=INPUT,RG270.warmed=true	false	true	true	excluded_same_worker_concurrent_request	5	target-binding:5	<deployment-ip>		18	1024	4652	1784788113789834725	1784788114706717643	1784788114720000000	916.882918	930.165275	868.832055	868.832055	436	5701	cdb9944b223ec3c2b4cd08d7befbb9dc1f5aaccb0a82398268912268f3fc5d88	4096	ok
reusable-concurrency	dynamic-html-derived-v1	190	190	6d4ba069dac842038ba069dac8c2036e	true	true	true	true	RG270.operation=INPUT,RG270.warmed=true	false	true	true	excluded_same_worker_concurrent_request	7	target-binding:7	<deployment-ip>		16	1024	4652	1784788114150963254	1784788115067990694	1784788115062000128	917.02744	911.036874	859.552421	859.552421	436	5701	cdb9944b223ec3c2b4cd08d7befbb9dc1f5aaccb0a82398268912268f3fc5d88	4096	ok
reusable-concurrency	dynamic-html-derived-v1	191	191	9d42c89339c842a382c89339c8d2a34b	true	true	true	true	RG270.operation=INPUT,RG270.warmed=true	true	false	false		4	target-binding:4	<deployment-ip>		12	1024	4652	1784788114436037827	1784788115258024446	1784788115267000064	821.986619	830.962237	777.753618	777.753618	436	5701	cdb9944b223ec3c2b4cd08d7befbb9dc1f5aaccb0a82398268912268f3fc5d88	4096	ok
reusable-concurrency	dynamic-html-derived-v1	192	192	2e67fe310fed43b6a7fe310feda3b643	true	true	true	true	RG270.operation=INPUT,RG270.warmed=true	false	true	true	excluded_same_worker_concurrent_request	5	target-binding:5	<deployment-ip>		11	1024	4652	1784788114931686846	1784788115878576517	1784788115872999936	946.889671	941.31309	897.479737	897.479737	436	5701	cdb9944b223ec3c2b4cd08d7befbb9dc1f5aaccb0a82398268912268f3fc5d88	4096	ok
reusable-concurrency	dynamic-html-derived-v1	193	193	c3dbc9a524aa437e9bc9a524aab37eac	true	true	true	true	RG270.operation=INPUT,RG270.warmed=true	false	true	true	excluded_same_worker_concurrent_request	7	target-binding:7	<deployment-ip>		19	1024	4652	1784788115081775175	1784788116041445185	1784788116042000128	959.67001	960.224953	897.333736	897.333736	436	5701	cdb9944b223ec3c2b4cd08d7befbb9dc1f5aaccb0a82398268912268f3fc5d88	4096	ok
reusable-concurrency	dynamic-html-derived-v1	194	194	10768694d7ef4903b68694d7efd90374	true	true	true	true	RG270.operation=INPUT,RG270.warmed=true	true	false	false		4	target-binding:4	<deployment-ip>		20	1024	4652	1784788115274004733	1784788116124722217	1784788116131000064	850.717484	856.995331	780.220453	780.220453	436	5701	cdb9944b223ec3c2b4cd08d7befbb9dc1f5aaccb0a82398268912268f3fc5d88	4096	ok
reusable-concurrency	dynamic-html-derived-v1	195	195	f29bcefed4964a489bcefed4967a4880	true	true	true	true	RG270.operation=INPUT,RG270.warmed=true	false	true	true	excluded_same_worker_concurrent_request	5	target-binding:5	<deployment-ip>		18	1024	4652	1784788115890556916	1784788116787427136	1784788116784000000	896.87022	893.443084	822.925366	822.925366	436	5701	cdb9944b223ec3c2b4cd08d7befbb9dc1f5aaccb0a82398268912268f3fc5d88	4096	ok
reusable-concurrency	dynamic-html-derived-v1	196	196	6a606f2967404d71a06f296740dd7165	true	true	true	true	RG270.operation=INPUT,RG270.warmed=true	false	true	true	excluded_same_worker_concurrent_request	7	target-binding:7	<deployment-ip>		25	1024	4652	1784788116054814342	1784788117047291136	1784788117042000128	992.476794	987.185786	917.019533	917.019533	436	5701	cdb9944b223ec3c2b4cd08d7befbb9dc1f5aaccb0a82398268912268f3fc5d88	4096	ok
reusable-concurrency	dynamic-html-derived-v1	197	197	6d97557c40a3487d97557c40a3087db4	true	true	true	true	RG270.operation=INPUT,RG270.warmed=true	true	false	false		4	target-binding:4	<deployment-ip>		21	1024	4652	1784788116150785155	1784788116987926785	1784788116993999872	837.14163	843.214717	785.495454	785.495454	436	5701	cdb9944b223ec3c2b4cd08d7befbb9dc1f5aaccb0a82398268912268f3fc5d88	4096	ok
reusable-concurrency	dynamic-html-derived-v1	198	198	30845e3a8f5445d2845e3a8f5475d2cc	true	true	true	true	RG270.operation=INPUT,RG270.warmed=true	false	true	true	excluded_same_worker_concurrent_request	5	target-binding:5	<deployment-ip>		20	1024	4652	1784788116803201881	1784788117781521028	1784788117775000064	978.319147	971.798183	900.307721	900.307721	436	5701	cdb9944b223ec3c2b4cd08d7befbb9dc1f5aaccb0a82398268912268f3fc5d88	4096	ok
reusable-concurrency	dynamic-html-derived-v1	199	199	a223301b7e4a4c38a3301b7e4a5c386f	true	true	true	true	RG270.operation=INPUT,RG270.warmed=true	true	false	false		4	target-binding:4	<deployment-ip>		35	1024	4652	1784788117001339316	1784788117870569132	1784788117865999872	869.229816	864.660556	789.159041	789.159041	436	5701	cdb9944b223ec3c2b4cd08d7befbb9dc1f5aaccb0a82398268912268f3fc5d88	4096	ok
reusable-concurrency	dynamic-html-derived-v1	200	200	dc52f1005cc64c6d92f1005cc62c6dd6	true	true	true	true	RG270.operation=INPUT,RG270.warmed=true	false	true	true	excluded_same_worker_concurrent_request	7	target-binding:7	<deployment-ip>		11	1024	4652	1784788117084137932	1784788118040806115	1784788118036000000	956.668183	951.862068	896.140201	896.140201	436	5701	cdb9944b223ec3c2b4cd08d7befbb9dc1f5aaccb0a82398268912268f3fc5d88	4096	ok
reusable-concurrency	dynamic-html-derived-v1	201	201	abfdfd35e8904034bdfd35e890403405	true	true	true	true	RG270.operation=INPUT,RG270.warmed=true	false	true	true	excluded_same_worker_concurrent_request	5	target-binding:5	<deployment-ip>		19	1024	4652	1784788117803143786	1784788118774751326	1784788118772999936	971.60754	969.85615	909.323329	909.323329	436	5701	cdb9944b223ec3c2b4cd08d7befbb9dc1f5aaccb0a82398268912268f3fc5d88	4096	ok
reusable-concurrency	dynamic-html-derived-v1	202	202	c87c1bc4edc94f5ebc1bc4edc9ef5e86	true	true	true	true	RG270.operation=INPUT,RG270.warmed=true	true	false	false		4	target-binding:4	<deployment-ip>		27	1024	4652	1784788117916584791	1784788118760065300	1784788118762000128	843.480509	845.415337	780.700986	780.700986	436	5701	cdb9944b223ec3c2b4cd08d7befbb9dc1f5aaccb0a82398268912268f3fc5d88	4096	ok
reusable-concurrency	dynamic-html-derived-v1	203	203	f3748aabe5bf4a7db48aabe5bfaa7da2	true	true	true	true	RG270.operation=INPUT,RG270.warmed=true	false	true	true	excluded_same_worker_concurrent_request	7	target-binding:7	<deployment-ip>		21	1024	4652	1784788118058337366	1784788119069833798	1784788119068000000	1011.496432	1009.662634	930.599554	930.599554	436	5701	cdb9944b223ec3c2b4cd08d7befbb9dc1f5aaccb0a82398268912268f3fc5d88	4096	ok
reusable-concurrency	dynamic-html-derived-v1	204	204	5b3628dda75a4197b628dda75aa19748	true	true	true	true	RG270.operation=INPUT,RG270.warmed=true	true	false	false		4	target-binding:4	<deployment-ip>		24	1024	4652	1784788118789763804	1784788119636192358	1784788119631000064	846.428554	841.23626	781.296634	781.296634	436	5701	cdb9944b223ec3c2b4cd08d7befbb9dc1f5aaccb0a82398268912268f3fc5d88	4096	ok
reusable-concurrency	dynamic-html-derived-v1	205	205	ffd9d6afba3c4f1499d6afba3c4f14d8	true	true	true	true	RG270.operation=INPUT,RG270.warmed=true	false	true	true	excluded_same_worker_concurrent_request	5	target-binding:5	<deployment-ip>		12	1024	4652	1784788118842750235	1784788119711301715	1784788119709000192	868.55148	866.249957	799.382747	799.382747	436	5701	cdb9944b223ec3c2b4cd08d7befbb9dc1f5aaccb0a82398268912268f3fc5d88	4096	ok
reusable-concurrency	dynamic-html-derived-v1	206	206	254918ec1e384bf08918ec1e387bf0ee	true	true	true	true	RG270.operation=INPUT,RG270.warmed=true	false	true	true	excluded_same_worker_concurrent_request	7	target-binding:7	<deployment-ip>		22	1024	4652	1784788119083815915	1784788119900335714	1784788119898999808	816.519799	815.183893	736.345686	736.345686	436	5701	cdb9944b223ec3c2b4cd08d7befbb9dc1f5aaccb0a82398268912268f3fc5d88	4096	ok
reusable-concurrency	dynamic-html-derived-v1	207	207	306aeb97064c4ce9aaeb97064c1ce93d	true	true	true	true	RG270.operation=INPUT,RG270.warmed=true	true	false	false		4	target-binding:4	<deployment-ip>		20	1024	4652	1784788119648694950	1784788120488486643	1784788120489000192	839.791693	840.305242	785.552701	785.552701	436	5701	cdb9944b223ec3c2b4cd08d7befbb9dc1f5aaccb0a82398268912268f3fc5d88	4096	ok
reusable-concurrency	dynamic-html-derived-v1	208	208	b27eb431096043e1beb431096053e1b2	true	true	true	true	RG270.operation=INPUT,RG270.warmed=true	false	true	true	excluded_same_worker_concurrent_request	5	target-binding:5	<deployment-ip>		11	1024	4652	1784788119734397478	1784788120619500066	1784788120615000064	885.102588	880.602586	826.399859	826.399859	436	5701	cdb9944b223ec3c2b4cd08d7befbb9dc1f5aaccb0a82398268912268f3fc5d88	4096	ok
reusable-concurrency	dynamic-html-derived-v1	209	209	190737ba233f43308737ba233f033077	true	true	true	true	RG270.operation=INPUT,RG270.warmed=true	false	true	true	excluded_same_worker_concurrent_request	7	target-binding:7	<deployment-ip>		18	1024	4652	1784788119912095970	1784788120888185639	1784788120872000000	976.089669	959.90403	904.705868	904.705868	436	5701	cdb9944b223ec3c2b4cd08d7befbb9dc1f5aaccb0a82398268912268f3fc5d88	4096	ok
reusable-concurrency	dynamic-html-derived-v1	210	210	3566e978fc9e4a31a6e978fc9e8a318b	true	true	true	true	RG270.operation=INPUT,RG270.warmed=true	true	false	false		4	target-binding:4	<deployment-ip>		29	1024	4652	1784788120506272345	1784788121347461918	1784788121360000000	841.189573	853.727655	778.988245	778.988245	436	5701	cdb9944b223ec3c2b4cd08d7befbb9dc1f5aaccb0a82398268912268f3fc5d88	4096	ok
reusable-concurrency	dynamic-html-derived-v1	211	211	24b677deedde4833b677deedde3833b5	true	true	true	true	RG270.operation=INPUT,RG270.warmed=true	false	true	true	excluded_same_worker_concurrent_request	5	target-binding:5	<deployment-ip>		28	1024	4652	1784788120645305435	1784788121589652151	1784788121601000192	944.346716	955.694757	882.300101	882.300101	436	5701	cdb9944b223ec3c2b4cd08d7befbb9dc1f5aaccb0a82398268912268f3fc5d88	4096	ok
reusable-concurrency	dynamic-html-derived-v1	212	212	cdf45dfc38044b0eb45dfc38040b0e76	true	true	true	true	RG270.operation=INPUT,RG270.warmed=true	false	true	true	excluded_same_worker_concurrent_request	7	target-binding:7	<deployment-ip>		16	1024	4652	1784788120907497565	1784788121814797988	1784788121809999872	907.300423	902.502307	858.417026	858.417026	436	5701	cdb9944b223ec3c2b4cd08d7befbb9dc1f5aaccb0a82398268912268f3fc5d88	4096	ok
reusable-concurrency	dynamic-html-derived-v1	213	213	7eafe0c7e0294644afe0c7e0291644cd	true	true	true	true	RG270.operation=INPUT,RG270.warmed=true	true	false	false		4	target-binding:4	<deployment-ip>		20	1024	4652	1784788121365847005	1784788122198777063	1784788122196000000	832.930058	830.152995	778.085077	778.085077	436	5701	cdb9944b223ec3c2b4cd08d7befbb9dc1f5aaccb0a82398268912268f3fc5d88	4096	ok
reusable-concurrency	dynamic-html-derived-v1	214	214	9420cc3145ff4069a0cc3145ff006974	true	true	true	true	RG270.operation=INPUT,RG270.warmed=true	false	true	true	excluded_same_worker_concurrent_request	5	target-binding:5	<deployment-ip>		12	1024	4652	1784788121825696716	1784788122749471925	1784788122757999872	923.775209	932.303156	885.700733	885.700733	436	5701	cdb9944b223ec3c2b4cd08d7befbb9dc1f5aaccb0a82398268912268f3fc5d88	4096	ok
reusable-concurrency	dynamic-html-derived-v1	215	215	f5aa291022be4c18aa291022be3c182d	true	true	true	true	RG270.operation=INPUT,RG270.warmed=true	false	true	true	excluded_same_worker_concurrent_request	7	target-binding:7	<deployment-ip>		12	1024	4652	1784788121879908803	1784788122784337737	1784788122799000064	904.428934	919.091261	857.31765	857.31765	436	5701	cdb9944b223ec3c2b4cd08d7befbb9dc1f5aaccb0a82398268912268f3fc5d88	4096	ok
reusable-concurrency	dynamic-html-derived-v1	216	216	588112f4b3364b2a8112f4b3362b2a36	true	true	true	true	RG270.operation=INPUT,RG270.warmed=true	true	false	false		4	target-binding:4	<deployment-ip>		22	1024	4652	1784788122209971153	1784788123140266648	1784788123142999808	930.295495	933.028655	868.50321	868.50321	436	5701	cdb9944b223ec3c2b4cd08d7befbb9dc1f5aaccb0a82398268912268f3fc5d88	4096	ok
reusable-concurrency	dynamic-html-derived-v1	217	217	19f8ba57dfc24fabb8ba57dfc2efabee	true	true	true	true	RG270.operation=INPUT,RG270.warmed=true	false	true	true	excluded_same_worker_concurrent_request	5	target-binding:5	<deployment-ip>		53	1024	4652	1784788122766793800	1784788123729803975	1784788123742000128	963.010175	975.206328	883.142334	883.142334	436	5701	cdb9944b223ec3c2b4cd08d7befbb9dc1f5aaccb0a82398268912268f3fc5d88	4096	ok
reusable-concurrency	dynamic-html-derived-v1	218	218	0e5ea1c77d174aa69ea1c77d17eaa620	true	true	true	true	RG270.operation=INPUT,RG270.warmed=true	false	true	true	excluded_same_worker_concurrent_request	7	target-binding:7	<deployment-ip>		18	1024	4652	1784788122832779303	1784788123801218968	1784788123798000128	968.439665	965.220825	905.969065	905.969065	436	5701	cdb9944b223ec3c2b4cd08d7befbb9dc1f5aaccb0a82398268912268f3fc5d88	4096	ok
reusable-concurrency	dynamic-html-derived-v1	219	219	c8a616aee3ad41faa616aee3adc1fa76	true	true	true	true	RG270.operation=INPUT,RG270.warmed=true	true	false	false		4	target-binding:4	<deployment-ip>		16	1024	4652	1784788123153670146	1784788123995629584	1784788124036000000	841.959438	882.329854	780.398338	780.398338	436	5701	cdb9944b223ec3c2b4cd08d7befbb9dc1f5aaccb0a82398268912268f3fc5d88	4096	ok
reusable-concurrency	dynamic-html-derived-v1	220	220	bf8dd7b915b34a1a8dd7b915b33a1a81	true	true	true	true	RG270.operation=INPUT,RG270.warmed=true	false	true	true	excluded_same_worker_concurrent_request	5	target-binding:5	<deployment-ip>		21	1024	4652	1784788123750543647	1784788124681761528	1784788124704999936	931.217881	954.456289	873.047132	873.047132	436	5701	cdb9944b223ec3c2b4cd08d7befbb9dc1f5aaccb0a82398268912268f3fc5d88	4096	ok
reusable-concurrency	dynamic-html-derived-v1	221	221	4017d32da32c4f0897d32da32c9f0849	true	true	true	true	RG270.operation=INPUT,RG270.warmed=true	false	true	true	excluded_same_worker_concurrent_request	7	target-binding:7	<deployment-ip>		17	1024	4652	1784788123846639782	1784788124778141368	1784788124793999872	931.501586	947.36009	881.613908	881.613908	436	5701	cdb9944b223ec3c2b4cd08d7befbb9dc1f5aaccb0a82398268912268f3fc5d88	4096	ok
reusable-concurrency	dynamic-html-derived-v1	222	222	1d76a2c73c2c4571b6a2c73c2cc5718e	true	true	true	true	RG270.operation=INPUT,RG270.warmed=true	true	false	false		4	target-binding:4	<deployment-ip>		18	1024	4652	1784788124012325929	1784788124869446347	1784788124876000000	857.120418	863.674071	789.334282	789.334282	436	5701	cdb9944b223ec3c2b4cd08d7befbb9dc1f5aaccb0a82398268912268f3fc5d88	4096	ok
reusable-concurrency	dynamic-html-derived-v1	223	223	bd4bac0e93a447c38bac0e93a437c3cb	true	true	true	true	RG270.operation=INPUT,RG270.warmed=true	true	false	false		4	target-binding:4	<deployment-ip>		13	1024	4652	1784788124888013412	1784788125724703679	1784788125728000000	836.690267	839.986588	786.724488	786.724488	436	5701	cdb9944b223ec3c2b4cd08d7befbb9dc1f5aaccb0a82398268912268f3fc5d88	4096	ok
reusable-concurrency	dynamic-html-derived-v1	224	224	6558ed53f85a4d0298ed53f85a1d0234	true	true	true	true	RG270.operation=INPUT,RG270.warmed=true	false	true	true	excluded_same_worker_concurrent_request	5	target-binding:5	<deployment-ip>		10	1024	4652	1784788124956712830	1784788125875619395	1784788125868000000	918.906565	911.28717	862.919705	862.919705	436	5701	cdb9944b223ec3c2b4cd08d7befbb9dc1f5aaccb0a82398268912268f3fc5d88	4096	ok
reusable-concurrency	dynamic-html-derived-v1	225	225	f8834754da4a4bb6834754da4acbb605	true	true	true	true	RG270.operation=INPUT,RG270.warmed=true	false	true	true	excluded_same_worker_concurrent_request	7	target-binding:7	<deployment-ip>		33	1024	4652	1784788125048371499	1784788125966136289	1784788125980000000	917.76479	931.628501	854.201012	854.201012	436	5701	cdb9944b223ec3c2b4cd08d7befbb9dc1f5aaccb0a82398268912268f3fc5d88	4096	ok
reusable-concurrency	dynamic-html-derived-v1	226	226	1bd347c1db1b4d749347c1db1bcd7477	true	true	true	true	RG270.operation=INPUT,RG270.warmed=true	true	false	false		4	target-binding:4	<deployment-ip>		19	1024	4652	1784788125747419712	1784788126565436825	1784788126575000064	818.017113	827.580352	752.514277	752.514277	436	5701	cdb9944b223ec3c2b4cd08d7befbb9dc1f5aaccb0a82398268912268f3fc5d88	4096	ok
reusable-concurrency	dynamic-html-derived-v1	227	227	d7e830a32ecd4b6ba830a32ecd7b6b6a	true	true	true	true	RG270.operation=INPUT,RG270.warmed=true	false	true	true	excluded_same_worker_concurrent_request	5	target-binding:5	<deployment-ip>		14	1024	4652	1784788125886299629	1784788126873345530	1784788126864999936	987.045901	978.700307	895.626538	895.626538	436	5701	cdb9944b223ec3c2b4cd08d7befbb9dc1f5aaccb0a82398268912268f3fc5d88	4096	ok
reusable-concurrency	dynamic-html-derived-v1	228	228	bc3820b17c5240f1b820b17c5290f1bb	true	true	true	true	RG270.operation=INPUT,RG270.warmed=true	false	true	true	excluded_same_worker_concurrent_request	7	target-binding:7	<deployment-ip>		31	1024	4652	1784788126015484348	1784788126984603758	1784788126987000064	969.11941	971.515716	886.597832	886.597832	436	5701	cdb9944b223ec3c2b4cd08d7befbb9dc1f5aaccb0a82398268912268f3fc5d88	4096	ok
reusable-concurrency	dynamic-html-derived-v1	229	229	3bec910452584f64ac91045258bf64f2	true	true	true	true	RG270.operation=INPUT,RG270.warmed=true	true	false	false		4	target-binding:4	<deployment-ip>		18	1024	4652	1784788126593644765	1784788127419296604	1784788127436999936	825.651839	843.355171	775.097633	775.097633	436	5701	cdb9944b223ec3c2b4cd08d7befbb9dc1f5aaccb0a82398268912268f3fc5d88	4096	ok
reusable-concurrency	dynamic-html-derived-v1	230	230	b48818da06b74bb98818da06b75bb970	true	true	true	true	RG270.operation=INPUT,RG270.warmed=true	false	true	true	excluded_same_worker_concurrent_request	5	target-binding:5	<deployment-ip>		22	1024	4652	1784788126895360725	1784788127673304301	1784788127692000000	777.943576	796.639275	720.597731	720.597731	436	5701	cdb9944b223ec3c2b4cd08d7befbb9dc1f5aaccb0a82398268912268f3fc5d88	4096	ok
reusable-concurrency	dynamic-html-derived-v1	231	231	d50ab2d208d546978ab2d208d5c697f9	true	true	true	true	RG270.operation=INPUT,RG270.warmed=true	false	true	true	excluded_same_worker_concurrent_request	7	target-binding:7	<deployment-ip>		15	1024	4652	1784788126997198280	1784788127770867126	1784788127785000192	773.668846	787.801912	702.01037	702.01037	436	5701	cdb9944b223ec3c2b4cd08d7befbb9dc1f5aaccb0a82398268912268f3fc5d88	4096	ok
reusable-concurrency	dynamic-html-derived-v1	232	232	44690f01f4614f93a90f01f4610f934a	true	true	true	true	RG270.operation=INPUT,RG270.warmed=true	true	false	false		4	target-binding:4	<deployment-ip>		30	1024	4652	1784788127452217387	1784788128278738067	1784788128275000064	826.52068	822.782677	764.07848	764.07848	436	5701	cdb9944b223ec3c2b4cd08d7befbb9dc1f5aaccb0a82398268912268f3fc5d88	4096	ok
reusable-concurrency	dynamic-html-derived-v1	233	233	34e1e6de66f245d4a1e6de66f2d5d44e	true	true	true	true	RG270.operation=INPUT,RG270.warmed=true	false	true	true	excluded_same_worker_concurrent_request	5	target-binding:5	<deployment-ip>		14	1024	4652	1784788127903825334	1784788128870449764	1784788128878000128	966.62443	974.174794	909.82745	909.82745	436	5701	cdb9944b223ec3c2b4cd08d7befbb9dc1f5aaccb0a82398268912268f3fc5d88	4096	ok
reusable-concurrency	dynamic-html-derived-v1	234	234	ccabbc4619874fdcabbc461987bfdc3b	true	true	true	true	RG270.operation=INPUT,RG270.warmed=true	false	true	true	excluded_same_worker_concurrent_request	7	target-binding:7	<deployment-ip>		13	1024	4652	1784788127991366159	1784788128894991587	1784788128934000128	903.625428	942.633969	856.210604	856.210604	436	5701	cdb9944b223ec3c2b4cd08d7befbb9dc1f5aaccb0a82398268912268f3fc5d88	4096	ok
reusable-concurrency	dynamic-html-derived-v1	235	235	eb3b15de2679424bbb15de2679c24bd3	true	true	true	true	RG270.operation=INPUT,RG270.warmed=true	true	false	false		4	target-binding:4	<deployment-ip>		19	1024	4652	1784788128303443624	1784788129042657536	1784788129042000128	739.213912	738.556504	688.235423	688.235423	436	5701	cdb9944b223ec3c2b4cd08d7befbb9dc1f5aaccb0a82398268912268f3fc5d88	4096	ok
reusable-concurrency	dynamic-html-derived-v1	236	236	61790ca6cb274628b90ca6cb27c628b8	true	true	true	true	RG270.operation=INPUT,RG270.warmed=true	false	true	true	excluded_same_worker_concurrent_request	5	target-binding:5	<deployment-ip>		20	1024	4652	1784788128909288692	1784788129839836064	1784788129851000064	930.547372	941.711372	872.418295	872.418295	436	5701	cdb9944b223ec3c2b4cd08d7befbb9dc1f5aaccb0a82398268912268f3fc5d88	4096	ok
reusable-concurrency	dynamic-html-derived-v1	237	237	ff35aae3e4e04592b5aae3e4e0159250	true	true	true	true	RG270.operation=INPUT,RG270.warmed=true	false	true	false	excluded_same_worker_concurrent_request	4	target-binding:4	<deployment-ip>		11	1024	4652	1784788129057233041	1784788129890453588	1784788129884000000	833.220547	826.766959	777.863588	777.863588	436	5701	cdb9944b223ec3c2b4cd08d7befbb9dc1f5aaccb0a82398268912268f3fc5d88	4096	ok
reusable-concurrency	dynamic-html-derived-v1	238	238	f4fc4b4a4b774647bc4b4a4b77164728	true	true	true	true	RG270.operation=INPUT,RG270.warmed=true	false	true	true	excluded_same_worker_concurrent_request	7	target-binding:7	<deployment-ip>		11	1024	4652	1784788129158168786	1784788130146499634	1784788130144000000	988.330848	985.831214	925.009194	925.009194	436	5701	cdb9944b223ec3c2b4cd08d7befbb9dc1f5aaccb0a82398268912268f3fc5d88	4096	ok
reusable-concurrency	dynamic-html-derived-v1	239	239	aa201d1dca5341c8a01d1dca5301c89d	true	true	true	true	RG270.operation=INPUT,RG270.warmed=true	false	true	false	excluded_same_worker_concurrent_request	4	target-binding:4	<deployment-ip>		34	1024	4652	1784788129866126470	1784788130731014732	1784788130728000000	864.888262	861.87353	779.693619	779.693619	436	5701	cdb9944b223ec3c2b4cd08d7befbb9dc1f5aaccb0a82398268912268f3fc5d88	4096	ok
reusable-concurrency	dynamic-html-derived-v1	240	240	a4e33275b7e44126a33275b7e49126eb	true	true	true	true	RG270.operation=INPUT,RG270.warmed=true	false	true	true	excluded_same_worker_concurrent_request	5	target-binding:5	<deployment-ip>		12	1024	4652	1784788129963341872	1784788130895859103	1784788130904999936	932.517231	941.658064	879.15386	879.15386	436	5701	cdb9944b223ec3c2b4cd08d7befbb9dc1f5aaccb0a82398268912268f3fc5d88	4096	ok
reusable-concurrency	dynamic-html-derived-v1	241	241	387370973ee14f41b370973ee13f4175	true	true	true	true	RG270.operation=INPUT,RG270.warmed=true	false	true	true	excluded_same_worker_concurrent_request	7	target-binding:7	<deployment-ip>		18	1024	4652	1784788130157400765	1784788131120629544	1784788131127000064	963.228779	969.599299	900.653547	900.653547	436	5701	cdb9944b223ec3c2b4cd08d7befbb9dc1f5aaccb0a82398268912268f3fc5d88	4096	ok
reusable-concurrency	dynamic-html-derived-v1	242	242	c231bb25d7bb4777b1bb25d7bbb77788	true	true	true	true	RG270.operation=INPUT,RG270.warmed=true	true	false	false		4	target-binding:4	<deployment-ip>		13	1024	4652	1784788130742455948	1784788131560930349	1784788131571000064	818.474401	828.544116	779.878533	779.878533	436	5701	cdb9944b223ec3c2b4cd08d7befbb9dc1f5aaccb0a82398268912268f3fc5d88	4096	ok
reusable-concurrency	dynamic-html-derived-v1	243	243	26658d995a8549efa58d995a8569efb6	true	true	true	true	RG270.operation=INPUT,RG270.warmed=true	false	true	true	excluded_same_worker_concurrent_request	5	target-binding:5	<deployment-ip>		16	1024	4652	1784788130910994233	1784788131868607670	1784788131896000000	957.613437	985.005767	895.471873	895.471873	436	5701	cdb9944b223ec3c2b4cd08d7befbb9dc1f5aaccb0a82398268912268f3fc5d88	4096	ok
reusable-concurrency	dynamic-html-derived-v1	244	244	6309d5c1cdff4fb489d5c1cdff6fb475	true	true	true	true	RG270.operation=INPUT,RG270.warmed=true	false	true	true	excluded_same_worker_concurrent_request	7	target-binding:7	<deployment-ip>		25	1024	4652	1784788131137124634	1784788132080360485	1784788132108999936	943.235851	971.875302	884.116903	884.116903	436	5701	cdb9944b223ec3c2b4cd08d7befbb9dc1f5aaccb0a82398268912268f3fc5d88	4096	ok
reusable-concurrency	dynamic-html-derived-v1	245	245	42e9dd2912f44909a9dd2912f4e909ec	true	true	true	true	RG270.operation=INPUT,RG270.warmed=true	true	false	false		4	target-binding:4	<deployment-ip>		14	1024	4652	1784788131578856290	1784788132412123247	1784788132414000128	833.266957	835.143838	782.330932	782.330932	436	5701	cdb9944b223ec3c2b4cd08d7befbb9dc1f5aaccb0a82398268912268f3fc5d88	4096	ok
reusable-concurrency	dynamic-html-derived-v1	246	246	eb4e4955655446ab8e4955655406ab36	true	true	true	true	RG270.operation=INPUT,RG270.warmed=true	false	true	true	excluded_same_worker_concurrent_request	5	target-binding:5	<deployment-ip>		18	1024	4652	1784788132113472479	1784788133098259945	1784788133096000000	984.787466	982.527521	897.541545	897.541545	436	5701	cdb9944b223ec3c2b4cd08d7befbb9dc1f5aaccb0a82398268912268f3fc5d88	4096	ok
reusable-concurrency	dynamic-html-derived-v1	247	247	db690b76603c4586a90b76603c658675	true	true	true	true	RG270.operation=INPUT,RG270.warmed=true	false	true	true	excluded_same_worker_concurrent_request	7	target-binding:7	<deployment-ip>		12	1024	4653	1784788132305262120	1784788133350012745	1784788133348000000	1044.750625	1042.73788	995.058238	995.058238	436	5701	cdb9944b223ec3c2b4cd08d7befbb9dc1f5aaccb0a82398268912268f3fc5d88	4096	ok
reusable-concurrency	dynamic-html-derived-v1	248	248	4acba2ea0bf94b6f8ba2ea0bf93b6ff7	true	true	true	true	RG270.operation=INPUT,RG270.warmed=true	true	false	false		4	target-binding:4	<deployment-ip>		26	1024	4652	1784788132424930766	1784788133257678714	1784788133256999936	832.747948	832.06917	769.657801	769.657801	436	5701	cdb9944b223ec3c2b4cd08d7befbb9dc1f5aaccb0a82398268912268f3fc5d88	4096	ok
reusable-concurrency	dynamic-html-derived-v1	249	249	6cc1c9ce3ef4433e81c9ce3ef4333e25	true	true	true	true	RG270.operation=INPUT,RG270.warmed=true	false	true	true	excluded_same_worker_concurrent_request	5	target-binding:5	<deployment-ip>		20	1024	4652	1784788133120975504	1784788134153162872	1784788134151000064	1032.187368	1030.02456	968.894489	968.894489	436	5701	cdb9944b223ec3c2b4cd08d7befbb9dc1f5aaccb0a82398268912268f3fc5d88	4096	ok
reusable-concurrency	dynamic-html-derived-v1	250	250	ac529b298c334b54929b298c336b5401	true	true	true	true	RG270.operation=INPUT,RG270.warmed=true	true	false	false		4	target-binding:4	<deployment-ip>		32	1024	4652	1784788133278140283	1784788134131542136	1784788134127000064	853.401853	848.859781	776.127592	776.127592	436	5701	cdb9944b223ec3c2b4cd08d7befbb9dc1f5aaccb0a82398268912268f3fc5d88	4096	ok
reusable-concurrency	dynamic-html-derived-v1	251	251	76b03765f0884d0cb03765f0882d0cd6	true	true	true	true	RG270.operation=INPUT,RG270.warmed=true	false	true	true	excluded_same_worker_concurrent_request	7	target-binding:7	<deployment-ip>		16	1024	4652	1784788133390694915	1784788134171787139	1784788134171000064	781.092224	780.305149	715.150096	715.150096	436	5701	cdb9944b223ec3c2b4cd08d7befbb9dc1f5aaccb0a82398268912268f3fc5d88	4096	ok
reusable-concurrency	dynamic-html-derived-v1	252	252	aac75f7fb63247b4875f7fb63297b489	true	true	true	true	RG270.operation=INPUT,RG270.warmed=true	true	false	false		4	target-binding:4	<deployment-ip>		39	1024	4652	1784788134185364512	1784788135034881677	1784788135028999936	849.517165	843.635424	762.833677	762.833677	436	5701	cdb9944b223ec3c2b4cd08d7befbb9dc1f5aaccb0a82398268912268f3fc5d88	4096	ok
reusable-concurrency	dynamic-html-derived-v1	253	253	bd34f1c8e32f4aeab4f1c8e32fcaea56	true	true	true	true	RG270.operation=INPUT,RG270.warmed=true	false	true	true	excluded_same_worker_concurrent_request	5	target-binding:5	<deployment-ip>		17	1024	4652	1784788134273731634	1784788135127222768	1784788135135000064	853.491134	861.26843	800.742171	800.742171	436	5701	cdb9944b223ec3c2b4cd08d7befbb9dc1f5aaccb0a82398268912268f3fc5d88	4096	ok
reusable-concurrency	dynamic-html-derived-v1	254	254	eca3358fdb134a8ba3358fdb13da8b98	true	true	true	true	RG270.operation=INPUT,RG270.warmed=true	false	true	true	excluded_same_worker_concurrent_request	7	target-binding:7	<deployment-ip>		42	1024	4652	1784788134274767568	1784788135198263314	1784788135194999808	923.495746	920.23224	832.280158	832.280158	436	5701	cdb9944b223ec3c2b4cd08d7befbb9dc1f5aaccb0a82398268912268f3fc5d88	4096	ok
reusable-concurrency	dynamic-html-derived-v1	255	255	76898d77b37b48a1898d77b37bc8a15c	true	true	true	true	RG270.operation=INPUT,RG270.warmed=true	true	false	false		4	target-binding:4	<deployment-ip>		18	1024	4652	1784788135058777422	1784788135870083120	1784788135881999872	811.305698	823.22245	759.796441	759.796441	436	5701	cdb9944b223ec3c2b4cd08d7befbb9dc1f5aaccb0a82398268912268f3fc5d88	4096	ok
reusable-concurrency	dynamic-html-derived-v1	256	256	22315051a28a44e2b15051a28a84e223	true	true	true	true	RG270.operation=INPUT,RG270.warmed=true	false	true	true	excluded_same_worker_concurrent_request	5	target-binding:5	<deployment-ip>		16	1024	4652	1784788135143608643	1784788135935133760	1784788135932000000	791.525117	788.391357	735.858742	735.858742	436	5701	cdb9944b223ec3c2b4cd08d7befbb9dc1f5aaccb0a82398268912268f3fc5d88	4096	ok
reusable-concurrency	dynamic-html-derived-v1	257	257	1713bd86e98742c093bd86e98772c037	true	true	true	true	RG270.operation=INPUT,RG270.warmed=true	false	true	true	excluded_same_worker_concurrent_request	7	target-binding:7	<deployment-ip>		12	1024	4652	1784788135242652911	1784788136063929488	1784788136061000192	821.276577	818.347281	771.930902	771.930902	436	5701	cdb9944b223ec3c2b4cd08d7befbb9dc1f5aaccb0a82398268912268f3fc5d88	4096	ok
reusable-concurrency	dynamic-html-derived-v1	258	258	ba016dfecdb64484816dfecdb6b48458	true	true	true	true	RG270.operation=INPUT,RG270.warmed=true	true	false	false		4	target-binding:4	<deployment-ip>		17	1024	4652	1784788135891540993	1784788136719066735	1784788136716999936	827.525742	825.458943	768.607982	768.607982	436	5701	cdb9944b223ec3c2b4cd08d7befbb9dc1f5aaccb0a82398268912268f3fc5d88	4096	ok
reusable-concurrency	dynamic-html-derived-v1	259	259	6ca02e9a4e274e2ca02e9a4e278e2cd9	true	true	true	true	RG270.operation=INPUT,RG270.warmed=true	false	true	true	excluded_same_worker_concurrent_request	5	target-binding:5	<deployment-ip>		10	1024	4652	1784788135980787096	1784788136769590489	1784788136764000000	788.803393	783.212904	737.561457	737.561457	436	5701	cdb9944b223ec3c2b4cd08d7befbb9dc1f5aaccb0a82398268912268f3fc5d88	4096	ok
reusable-concurrency	dynamic-html-derived-v1	260	260	894ef3fee28b4df78ef3fee28b2df795	true	true	true	true	RG270.operation=INPUT,RG270.warmed=true	false	true	true	excluded_same_worker_concurrent_request	7	target-binding:7	<deployment-ip>		23	1024	4652	1784788136076648317	1784788136896433029	1784788136855000064	819.784712	778.351747	713.432821	713.432821	436	5701	cdb9944b223ec3c2b4cd08d7befbb9dc1f5aaccb0a82398268912268f3fc5d88	4096	ok
reusable-concurrency	dynamic-html-derived-v1	261	261	60835a8887be44e9835a8887bef4e968	true	true	true	true	RG270.operation=INPUT,RG270.warmed=true	true	false	false		4	target-binding:4	<deployment-ip>		23	1024	4652	1784788136731060227	1784788137495071303	1784788137499000064	764.011076	767.939837	704.031702	704.031702	436	5701	cdb9944b223ec3c2b4cd08d7befbb9dc1f5aaccb0a82398268912268f3fc5d88	4096	ok
reusable-concurrency	dynamic-html-derived-v1	262	262	24ff1715bf2a491bbf1715bf2ae91bd2	true	true	true	true	RG270.operation=INPUT,RG270.warmed=true	false	true	true	excluded_same_worker_concurrent_request	5	target-binding:5	<deployment-ip>		12	1024	4652	1784788136831778005	1784788137755763185	1784788137753999872	923.98518	922.221867	861.13002	861.13002	436	5701	cdb9944b223ec3c2b4cd08d7befbb9dc1f5aaccb0a82398268912268f3fc5d88	4096	ok
reusable-concurrency	dynamic-html-derived-v1	263	263	c0380688f1844bd3b80688f1848bd3a7	true	true	true	true	RG270.operation=INPUT,RG270.warmed=true	false	true	true	excluded_same_worker_concurrent_request	7	target-binding:7	<deployment-ip>		11	1024	4653	1784788136963386689	1784788138018476554	1784788138016999936	1055.089865	1053.613247	1006.003315	1006.003315	436	5701	cdb9944b223ec3c2b4cd08d7befbb9dc1f5aaccb0a82398268912268f3fc5d88	4096	ok
reusable-concurrency	dynamic-html-derived-v1	264	264	2353e0988bf741ad93e0988bf701adfa	true	true	true	true	RG270.operation=INPUT,RG270.warmed=true	true	false	false		4	target-binding:4	<deployment-ip>		15	1024	4652	1784788137507670041	1784788138205854369	1784788138211000064	698.184328	703.330023	640.129992	640.129992	436	5701	cdb9944b223ec3c2b4cd08d7befbb9dc1f5aaccb0a82398268912268f3fc5d88	4096	ok
reusable-concurrency	dynamic-html-derived-v1	265	265	e0756e9d38e64433b56e9d38e6043347	true	true	true	true	RG270.operation=INPUT,RG270.warmed=true	false	true	true	excluded_same_worker_concurrent_request	5	target-binding:5	<deployment-ip>		11	1024	4652	1784788137767093441	1784788138779330925	1784788138792000000	1012.237484	1024.906559	968.737664	968.737664	436	5701	cdb9944b223ec3c2b4cd08d7befbb9dc1f5aaccb0a82398268912268f3fc5d88	4096	ok
reusable-concurrency	dynamic-html-derived-v1	266	266	323ea7e7fc534192bea7e7fc532192a1	true	true	true	true	RG270.operation=INPUT,RG270.warmed=true	false	true	true	excluded_same_worker_concurrent_request	7	target-binding:7	<deployment-ip>		20	1024	4652	1784788138034011255	1784788138943812814	1784788138948000000	909.801559	913.988745	838.084365	838.084365	436	5701	cdb9944b223ec3c2b4cd08d7befbb9dc1f5aaccb0a82398268912268f3fc5d88	4096	ok
reusable-concurrency	dynamic-html-derived-v1	267	267	fb0e70749d2a48bb8e70749d2ad8bb4c	true	true	true	true	RG270.operation=INPUT,RG270.warmed=true	true	false	false		4	target-binding:4	<deployment-ip>		18	1024	4652	1784788138222927650	1784788139055304204	1784788139055000064	832.376554	832.072414	776.485397	776.485397	436	5701	cdb9944b223ec3c2b4cd08d7befbb9dc1f5aaccb0a82398268912268f3fc5d88	4096	ok
reusable-concurrency	dynamic-html-derived-v1	268	268	0a989246b24349cc989246b243e9cca4	true	true	true	true	RG270.operation=INPUT,RG270.warmed=true	false	true	true	excluded_same_worker_concurrent_request	5	target-binding:5	<deployment-ip>		18	1024	4652	1784788138958252835	1784788139935074790	1784788139932000000	976.821955	973.747165	898.909482	898.909482	436	5701	cdb9944b223ec3c2b4cd08d7befbb9dc1f5aaccb0a82398268912268f3fc5d88	4096	ok
reusable-concurrency	dynamic-html-derived-v1	269	269	9acf122a0b8a48818f122a0b8a08811b	true	true	true	true	RG270.operation=INPUT,RG270.warmed=true	true	false	false		4	target-binding:4	<deployment-ip>		15	1024	4652	1784788139066984087	1784788139900067154	1784788139905999872	833.083067	839.015785	772.46438	772.46438	436	5701	cdb9944b223ec3c2b4cd08d7befbb9dc1f5aaccb0a82398268912268f3fc5d88	4096	ok
reusable-concurrency	dynamic-html-derived-v1	270	270	fc816507a54f45d8816507a54f95d8bd	true	true	true	true	RG270.operation=INPUT,RG270.warmed=true	false	true	true	excluded_same_worker_concurrent_request	7	target-binding:7	<deployment-ip>		17	1024	4652	1784788139139809891	1784788140053851676	1784788140044000000	914.041785	904.190109	856.20017	856.20017	436	5701	cdb9944b223ec3c2b4cd08d7befbb9dc1f5aaccb0a82398268912268f3fc5d88	4096	ok
reusable-concurrency	dynamic-html-derived-v1	271	271	f9ee34f515204552ae34f51520d5528b	true	true	true	true	RG270.operation=INPUT,RG270.warmed=true	true	false	false		4	target-binding:4	<deployment-ip>		27	1024	4652	1784788139911655183	1784788140749762342	1784788140756000000	838.107159	844.344817	756.302541	756.302541	436	5701	cdb9944b223ec3c2b4cd08d7befbb9dc1f5aaccb0a82398268912268f3fc5d88	4096	ok
reusable-concurrency	dynamic-html-derived-v1	272	272	b76355c45a0c49b5a355c45a0c39b5e9	true	true	true	true	RG270.operation=INPUT,RG270.warmed=true	false	true	true	excluded_same_worker_concurrent_request	5	target-binding:5	<deployment-ip>		10	1024	4652	1784788140009500971	1784788140929327371	1784788140940000000	919.8264	930.499029	880.331646	880.331646	436	5701	cdb9944b223ec3c2b4cd08d7befbb9dc1f5aaccb0a82398268912268f3fc5d88	4096	ok
reusable-concurrency	dynamic-html-derived-v1	273	273	f8b0d3ed19b54cd5b0d3ed19b5ecd5ce	true	true	true	true	RG270.operation=INPUT,RG270.warmed=true	false	true	true	excluded_same_worker_concurrent_request	7	target-binding:7	<deployment-ip>		11	1024	4652	1784788140096700405	1784788141030412101	1784788141027000064	933.711696	930.299659	857.801843	857.801843	436	5701	cdb9944b223ec3c2b4cd08d7befbb9dc1f5aaccb0a82398268912268f3fc5d88	4096	ok
reusable-concurrency	dynamic-html-derived-v1	274	274	44575c6ef7dc419a975c6ef7dc419a48	true	true	true	true	RG270.operation=INPUT,RG270.warmed=true	true	false	false		4	target-binding:4	<deployment-ip>		14	1024	4652	1784788140763909957	1784788141573217562	1784788141580000000	809.307605	816.090043	765.643545	765.643545	436	5701	cdb9944b223ec3c2b4cd08d7befbb9dc1f5aaccb0a82398268912268f3fc5d88	4096	ok
reusable-concurrency	dynamic-html-derived-v1	275	275	2d5229b0c884454d9229b0c884254d8c	true	true	true	true	RG270.operation=INPUT,RG270.warmed=true	false	true	true	excluded_same_worker_concurrent_request	5	target-binding:5	<deployment-ip>		21	1024	4652	1784788140950446856	1784788141893002921	1784788141900999936	942.556065	950.55308	893.033019	893.033019	436	5701	cdb9944b223ec3c2b4cd08d7befbb9dc1f5aaccb0a82398268912268f3fc5d88	4096	ok
reusable-concurrency	dynamic-html-derived-v1	276	276	9b3699c670a2467fb699c670a2a67f2d	true	true	true	true	RG270.operation=INPUT,RG270.warmed=true	false	true	true	excluded_same_worker_concurrent_request	7	target-binding:7	<deployment-ip>		15	1024	4652	1784788141051887116	1784788141994268885	1784788141993999872	942.381769	942.112756	879.89451	879.89451	436	5701	cdb9944b223ec3c2b4cd08d7befbb9dc1f5aaccb0a82398268912268f3fc5d88	4096	ok
reusable-concurrency	dynamic-html-derived-v1	277	277	1a87fb35bcee4d9187fb35bcee6d91a5	true	true	true	true	RG270.operation=INPUT,RG270.warmed=true	true	false	false		4	target-binding:4	<deployment-ip>		18	1024	4652	1784788141586933625	1784788142348270543	1784788142348000000	761.336918	761.066375	699.332414	699.332414	436	5701	cdb9944b223ec3c2b4cd08d7befbb9dc1f5aaccb0a82398268912268f3fc5d88	4096	ok
reusable-concurrency	dynamic-html-derived-v1	278	278	776902305ac94630a902305ac986305f	true	true	true	true	RG270.operation=INPUT,RG270.warmed=true	false	true	true	excluded_same_worker_concurrent_request	5	target-binding:5	<deployment-ip>		12	1024	4652	1784788141907999863	1784788142848012704	1784788142845999872	940.012841	938.000009	885.590013	885.590013	436	5701	cdb9944b223ec3c2b4cd08d7befbb9dc1f5aaccb0a82398268912268f3fc5d88	4096	ok
reusable-concurrency	dynamic-html-derived-v1	279	279	a5934a18519f43a0934a18519f83a06e	true	true	true	true	RG270.operation=INPUT,RG270.warmed=true	false	true	true	excluded_same_worker_concurrent_request	7	target-binding:7	<deployment-ip>		12	1024	4652	1784788142006616014	1784788142952228487	1784788142953999872	945.612473	947.383858	881.513199	881.513199	436	5701	cdb9944b223ec3c2b4cd08d7befbb9dc1f5aaccb0a82398268912268f3fc5d88	4096	ok
reusable-concurrency	dynamic-html-derived-v1	280	280	170c722f1d8a4b928c722f1d8aeb92e5	true	true	true	true	RG270.operation=INPUT,RG270.warmed=true	true	false	false		4	target-binding:4	<deployment-ip>		20	1024	4652	1784788142360496944	1784788143176894719	1784788143178999808	816.397775	818.502864	762.190515	762.190515	436	5701	cdb9944b223ec3c2b4cd08d7befbb9dc1f5aaccb0a82398268912268f3fc5d88	4096	ok
reusable-concurrency	dynamic-html-derived-v1	281	281	029fad5ecd184c539fad5ecd18cc5304	true	true	true	true	RG270.operation=INPUT,RG270.warmed=true	false	true	true	excluded_same_worker_concurrent_request	5	target-binding:5	<deployment-ip>		16	1024	4652	1784788142858617038	1784788143805246495	1784788143820000000	946.629457	961.382962	897.360544	897.360544	436	5701	cdb9944b223ec3c2b4cd08d7befbb9dc1f5aaccb0a82398268912268f3fc5d88	4096	ok
reusable-concurrency	dynamic-html-derived-v1	282	282	c017ddbe56c94b0697ddbe56c93b06df	true	true	true	true	RG270.operation=INPUT,RG270.warmed=true	false	true	true	excluded_same_worker_concurrent_request	7	target-binding:7	<deployment-ip>		11	1024	4652	1784788142965212127	1784788143876813986	1784788143892000000	911.601859	926.787873	877.325287	877.325287	436	5701	cdb9944b223ec3c2b4cd08d7befbb9dc1f5aaccb0a82398268912268f3fc5d88	4096	ok
reusable-concurrency	dynamic-html-derived-v1	283	283	e65201598c134d7b9201598c13fd7b29	true	true	true	true	RG270.operation=INPUT,RG270.warmed=true	true	false	false		4	target-binding:4	<deployment-ip>		12	1024	4652	1784788143189493125	1784788144025301783	1784788144022000128	835.808658	832.507003	783.866673	783.866673	436	5701	cdb9944b223ec3c2b4cd08d7befbb9dc1f5aaccb0a82398268912268f3fc5d88	4096	ok
reusable-concurrency	dynamic-html-derived-v1	284	284	9b5a292fea4e43f19a292fea4e83f124	true	true	true	true	RG270.operation=INPUT,RG270.warmed=true	true	false	false		4	target-binding:4	<deployment-ip>		16	1024	4652	1784788144043991609	1784788144871870818	1784788144896000000	827.879209	852.008391	778.27571	778.27571	436	5701	cdb9944b223ec3c2b4cd08d7befbb9dc1f5aaccb0a82398268912268f3fc5d88	4096	ok
reusable-concurrency	dynamic-html-derived-v1	285	285	debebb11f2b1436bbebb11f2b1a36b73	true	true	true	true	RG270.operation=INPUT,RG270.warmed=true	false	true	true	excluded_same_worker_concurrent_request	5	target-binding:5	<deployment-ip>		23	1024	4652	1784788144135186962	1784788145077952434	1784788145075000064	942.765472	939.813102	879.074044	879.074044	436	5701	cdb9944b223ec3c2b4cd08d7befbb9dc1f5aaccb0a82398268912268f3fc5d88	4096	ok
reusable-concurrency	dynamic-html-derived-v1	286	286	416e927c0af64a8bae927c0af67a8b10	true	true	true	true	RG270.operation=INPUT,RG270.warmed=true	false	true	true	excluded_same_worker_concurrent_request	7	target-binding:7	<deployment-ip>		13	1024	4652	1784788144135982925	1784788145132687686	1784788145140000000	996.704761	1004.017075	927.63145	927.63145	436	5701	cdb9944b223ec3c2b4cd08d7befbb9dc1f5aaccb0a82398268912268f3fc5d88	4096	ok
reusable-concurrency	dynamic-html-derived-v1	287	287	55979789d2a14e29979789d2a12e29c0	true	true	true	true	RG270.operation=INPUT,RG270.warmed=true	true	false	false		4	target-binding:4	<deployment-ip>		47	1024	4652	1784788145097632925	1784788145917228837	1784788145915000064	819.595912	817.367139	709.259324	709.259324	436	5701	cdb9944b223ec3c2b4cd08d7befbb9dc1f5aaccb0a82398268912268f3fc5d88	4096	ok
reusable-concurrency	dynamic-html-derived-v1	288	288	90d9437e72d143e499437e72d133e4ee	true	true	true	true	RG270.operation=INPUT,RG270.warmed=true	false	true	true	excluded_same_worker_concurrent_request	7	target-binding:7	<deployment-ip>		15	1024	4652	1784788145211464920	1784788146156531318	1784788146155000064	945.066398	943.535144	876.756227	876.756227	436	5701	cdb9944b223ec3c2b4cd08d7befbb9dc1f5aaccb0a82398268912268f3fc5d88	4096	ok
reusable-concurrency	dynamic-html-derived-v1	289	289	fa8e9ef696ec48e98e9ef696ec88e922	true	true	true	true	RG270.operation=INPUT,RG270.warmed=true	false	true	true	excluded_same_worker_concurrent_request	5	target-binding:5	<deployment-ip>		14	1024	4652	1784788145212322793	1784788146180479023	1784788146174000128	968.15623	961.677335	911.043474	911.043474	436	5701	cdb9944b223ec3c2b4cd08d7befbb9dc1f5aaccb0a82398268912268f3fc5d88	4096	ok
reusable-concurrency	dynamic-html-derived-v1	290	290	15b1bc018fb8474ab1bc018fb8474a62	true	true	true	true	RG270.operation=INPUT,RG270.warmed=true	true	false	false		4	target-binding:4	<deployment-ip>		18	1024	4652	1784788145933831996	1784788146768168337	1784788146782000128	834.336341	848.168132	778.053427	778.053427	436	5701	cdb9944b223ec3c2b4cd08d7befbb9dc1f5aaccb0a82398268912268f3fc5d88	4096	ok
reusable-concurrency	dynamic-html-derived-v1	291	291	f5249d4e99694f53a49d4e99692f5381	true	true	true	true	RG270.operation=INPUT,RG270.warmed=true	false	true	true	excluded_same_worker_concurrent_request	5	target-binding:5	<deployment-ip>		27	1024	4652	1784788146189183028	1784788147146217542	1784788147152000000	957.034514	962.816972	886.988225	886.988225	436	5701	cdb9944b223ec3c2b4cd08d7befbb9dc1f5aaccb0a82398268912268f3fc5d88	4096	ok
reusable-concurrency	dynamic-html-derived-v1	292	292	fe9002340795427e9002340795c27e8f	true	true	true	true	RG270.operation=INPUT,RG270.warmed=true	false	true	true	excluded_same_worker_concurrent_request	7	target-binding:7	<deployment-ip>		10	1024	4652	1784788146270012135	1784788147205269990	1784788147200000000	935.257855	929.987865	863.503399	863.503399	436	5701	cdb9944b223ec3c2b4cd08d7befbb9dc1f5aaccb0a82398268912268f3fc5d88	4096	ok
reusable-concurrency	dynamic-html-derived-v1	293	293	bdf8632aeb0048bdb8632aeb0048bdba	true	true	true	true	RG270.operation=INPUT,RG270.warmed=true	true	false	false		4	target-binding:4	<deployment-ip>		32	1024	4652	1784788146994089682	1784788147858000817	1784788147869999872	863.911135	875.91019	777.588964	777.588964	436	5701	cdb9944b223ec3c2b4cd08d7befbb9dc1f5aaccb0a82398268912268f3fc5d88	4096	ok
reusable-concurrency	dynamic-html-derived-v1	294	294	b69bf34c865141a99bf34c865111a9d2	true	true	true	true	RG270.operation=INPUT,RG270.warmed=true	false	true	true	excluded_same_worker_concurrent_request	5	target-binding:5	<deployment-ip>		42	1024	4652	1784788147159151485	1784788148138545631	1784788148155000064	979.394146	995.848579	903.591164	903.591164	436	5701	cdb9944b223ec3c2b4cd08d7befbb9dc1f5aaccb0a82398268912268f3fc5d88	4096	ok
reusable-concurrency	dynamic-html-derived-v1	295	295	26367b60775843f1b67b60775813f151	true	true	true	true	RG270.operation=INPUT,RG270.warmed=true	false	true	true	excluded_same_worker_concurrent_request	7	target-binding:7	<deployment-ip>		16	1024	4652	1784788147270036385	1784788148240544845	1784788148276999936	970.50846	1006.963551	930.031225	930.031225	436	5701	cdb9944b223ec3c2b4cd08d7befbb9dc1f5aaccb0a82398268912268f3fc5d88	4096	ok
reusable-concurrency	dynamic-html-derived-v1	296	296	52ec7ad1c3fd4fb3ac7ad1c3fd1fb31e	true	true	true	true	RG270.operation=INPUT,RG270.warmed=true	true	false	false		4	target-binding:4	<deployment-ip>		18	1024	4652	1784788148078385225	1784788148901083604	1784788148908999936	822.698379	830.614711	778.741218	778.741218	436	5701	cdb9944b223ec3c2b4cd08d7befbb9dc1f5aaccb0a82398268912268f3fc5d88	4096	ok
reusable-concurrency	dynamic-html-derived-v1	297	297	39d5360cc7ea486b95360cc7eaa86bc2	true	true	true	true	RG270.operation=INPUT,RG270.warmed=true	false	true	true	excluded_same_worker_concurrent_request	5	target-binding:5	<deployment-ip>		19	1024	4652	1784788148370175398	1784788149316087417	1784788149308999936	945.912019	938.824538	885.506027	885.506027	436	5701	cdb9944b223ec3c2b4cd08d7befbb9dc1f5aaccb0a82398268912268f3fc5d88	4096	ok
reusable-concurrency	dynamic-html-derived-v1	298	298	3bb54f482dcb40afb54f482dcb10af10	true	true	true	true	RG270.operation=INPUT,RG270.warmed=true	false	true	true	excluded_same_worker_concurrent_request	7	target-binding:7	<deployment-ip>		11	1024	4652	1784788148467681690	1784788149392020226	1784788149372999936	924.338536	905.318246	862.030176	862.030176	436	5701	cdb9944b223ec3c2b4cd08d7befbb9dc1f5aaccb0a82398268912268f3fc5d88	4096	ok
reusable-concurrency	dynamic-html-derived-v1	299	299	325ea943fd974e079ea943fd972e0708	true	true	true	true	RG270.operation=INPUT,RG270.warmed=true	true	false	false		4	target-binding:4	<deployment-ip>		13	1024	4652	1784788148919611193	1784788149759224264	1784788149752999936	839.613071	833.388743	788.009493	788.009493	436	5701	cdb9944b223ec3c2b4cd08d7befbb9dc1f5aaccb0a82398268912268f3fc5d88	4096	ok
reusable-concurrency	dynamic-html-derived-v1	300	300	09128913050e495e928913050e595e8e	true	true	true	true	RG270.operation=INPUT,RG270.warmed=true	false	true	false	excluded_same_worker_concurrent_request	5	target-binding:5	<deployment-ip>		16	1024	4652	1784788149328025095	1784788150170833364	1784788150176000000	842.808269	847.974905	788.638097	788.638097	436	5701	cdb9944b223ec3c2b4cd08d7befbb9dc1f5aaccb0a82398268912268f3fc5d88	4096	ok
