profile	phase	ordinal	logical_request_id	attempt_id	activation_id	workload_id	workload_logic_hash	terminal_success	output_verified	verification_status	application_input_bytes	application_input_sha256	application_output_bytes	application_output_sha256	full_output_included	result_json_bytes	action_fqen	action_revision	action_identity_sha256	workload_artifact_sha256	activation_action_fqen	container_hostname	container_pid	container_identity	init_time_ms	activation_wait_time_ms	warm_eligible	warm_reason	timing_status	workload_duration_ns	function_duration_ns
native	measured	1	1	1	00b56351c13b4413b56351c13b641374	compression-derived-random256k-level6-v1	c5-gzip-level6-random256k-v1	true	true	ok	262144	04f7209a1428aceb9b838a3043af314defd245fab3da383edf7753f23133d184	262244	bc620013d295a3b741947823c358090ccb586c99ebd5750d79d760b1f6c299c0	false	4096	/guest/c5_native_function_warm_low_contention_352_direct_events	0.0.1@1784741948012	7c95d7eb747a585de4ba37797448eeea20f9011253d96f6672edd9740afe5c34	e37c0920ad877a89cf2f9f769aa05e9e08a4e9f802f6d509a45a4db56edbeba8	/guest/c5_native_function_warm_low_contention_352_direct_events	db7517d89754	8	db7517d89754:8		126	true	warm_no_init_interval	complete	7020755	7043583
native	measured	2	2	1	128495dfa5104ec38495dfa5102ec3f1	compression-derived-random256k-level6-v1	c5-gzip-level6-random256k-v1	true	true	ok	262144	04f7209a1428aceb9b838a3043af314defd245fab3da383edf7753f23133d184	262244	bc620013d295a3b741947823c358090ccb586c99ebd5750d79d760b1f6c299c0	false	4096	/guest/c5_native_function_warm_low_contention_352_direct_events	0.0.1@1784741948012	7c95d7eb747a585de4ba37797448eeea20f9011253d96f6672edd9740afe5c34	e37c0920ad877a89cf2f9f769aa05e9e08a4e9f802f6d509a45a4db56edbeba8	/guest/c5_native_function_warm_low_contention_352_direct_events	db7517d89754	8	db7517d89754:8		147	true	warm_no_init_interval	complete	6248926	6262269
native	measured	3	3	1	429ff448923c476b9ff448923c076b7b	compression-derived-random256k-level6-v1	c5-gzip-level6-random256k-v1	true	true	ok	262144	04f7209a1428aceb9b838a3043af314defd245fab3da383edf7753f23133d184	262244	bc620013d295a3b741947823c358090ccb586c99ebd5750d79d760b1f6c299c0	false	4096	/guest/c5_native_function_warm_low_contention_352_direct_events	0.0.1@1784741948012	7c95d7eb747a585de4ba37797448eeea20f9011253d96f6672edd9740afe5c34	e37c0920ad877a89cf2f9f769aa05e9e08a4e9f802f6d509a45a4db56edbeba8	/guest/c5_native_function_warm_low_contention_352_direct_events	db7517d89754	8	db7517d89754:8		137	true	warm_no_init_interval	complete	6102161	6117511
native	measured	4	4	1	87a0fc4aa4924b64a0fc4aa4924b6483	compression-derived-random256k-level6-v1	c5-gzip-level6-random256k-v1	true	true	ok	262144	04f7209a1428aceb9b838a3043af314defd245fab3da383edf7753f23133d184	262244	bc620013d295a3b741947823c358090ccb586c99ebd5750d79d760b1f6c299c0	false	4096	/guest/c5_native_function_warm_low_contention_352_direct_events	0.0.1@1784741948012	7c95d7eb747a585de4ba37797448eeea20f9011253d96f6672edd9740afe5c34	e37c0920ad877a89cf2f9f769aa05e9e08a4e9f802f6d509a45a4db56edbeba8	/guest/c5_native_function_warm_low_contention_352_direct_events	db7517d89754	8	db7517d89754:8		49	true	warm_no_init_interval	complete	7397329	7413595
native	measured	5	5	1	3eeef8ff3b0f4d15aef8ff3b0fdd15c1	compression-derived-random256k-level6-v1	c5-gzip-level6-random256k-v1	true	true	ok	262144	04f7209a1428aceb9b838a3043af314defd245fab3da383edf7753f23133d184	262244	bc620013d295a3b741947823c358090ccb586c99ebd5750d79d760b1f6c299c0	false	4096	/guest/c5_native_function_warm_low_contention_352_direct_events	0.0.1@1784741948012	7c95d7eb747a585de4ba37797448eeea20f9011253d96f6672edd9740afe5c34	e37c0920ad877a89cf2f9f769aa05e9e08a4e9f802f6d509a45a4db56edbeba8	/guest/c5_native_function_warm_low_contention_352_direct_events	412815d5a6fc	8	412815d5a6fc:8		22	true	warm_no_init_interval	complete	5836007	5860299
native	measured	6	6	1	f1276fba28744a0ea76fba2874ca0ed3	compression-derived-random256k-level6-v1	c5-gzip-level6-random256k-v1	true	true	ok	262144	04f7209a1428aceb9b838a3043af314defd245fab3da383edf7753f23133d184	262244	bc620013d295a3b741947823c358090ccb586c99ebd5750d79d760b1f6c299c0	false	4096	/guest/c5_native_function_warm_low_contention_352_direct_events	0.0.1@1784741948012	7c95d7eb747a585de4ba37797448eeea20f9011253d96f6672edd9740afe5c34	e37c0920ad877a89cf2f9f769aa05e9e08a4e9f802f6d509a45a4db56edbeba8	/guest/c5_native_function_warm_low_contention_352_direct_events	db7517d89754	8	db7517d89754:8		16	true	warm_no_init_interval	complete	12939643	12956819
native	measured	7	7	1	fd9a9f235e4b40f39a9f235e4bb0f3dc	compression-derived-random256k-level6-v1	c5-gzip-level6-random256k-v1	true	true	ok	262144	04f7209a1428aceb9b838a3043af314defd245fab3da383edf7753f23133d184	262244	bc620013d295a3b741947823c358090ccb586c99ebd5750d79d760b1f6c299c0	false	4096	/guest/c5_native_function_warm_low_contention_352_direct_events	0.0.1@1784741948012	7c95d7eb747a585de4ba37797448eeea20f9011253d96f6672edd9740afe5c34	e37c0920ad877a89cf2f9f769aa05e9e08a4e9f802f6d509a45a4db56edbeba8	/guest/c5_native_function_warm_low_contention_352_direct_events	db7517d89754	8	db7517d89754:8		19	true	warm_no_init_interval	complete	7766246	7782838
native	measured	8	8	1	6289d6d452894dc389d6d45289cdc34f	compression-derived-random256k-level6-v1	c5-gzip-level6-random256k-v1	true	true	ok	262144	04f7209a1428aceb9b838a3043af314defd245fab3da383edf7753f23133d184	262244	bc620013d295a3b741947823c358090ccb586c99ebd5750d79d760b1f6c299c0	false	4096	/guest/c5_native_function_warm_low_contention_352_direct_events	0.0.1@1784741948012	7c95d7eb747a585de4ba37797448eeea20f9011253d96f6672edd9740afe5c34	e37c0920ad877a89cf2f9f769aa05e9e08a4e9f802f6d509a45a4db56edbeba8	/guest/c5_native_function_warm_low_contention_352_direct_events	412815d5a6fc	8	412815d5a6fc:8		10	true	warm_no_init_interval	complete	5837689	5864308
native	measured	9	9	1	bcaff5693afe4c84aff5693afe9c8440	compression-derived-random256k-level6-v1	c5-gzip-level6-random256k-v1	true	true	ok	262144	04f7209a1428aceb9b838a3043af314defd245fab3da383edf7753f23133d184	262244	bc620013d295a3b741947823c358090ccb586c99ebd5750d79d760b1f6c299c0	false	4096	/guest/c5_native_function_warm_low_contention_352_direct_events	0.0.1@1784741948012	7c95d7eb747a585de4ba37797448eeea20f9011253d96f6672edd9740afe5c34	e37c0920ad877a89cf2f9f769aa05e9e08a4e9f802f6d509a45a4db56edbeba8	/guest/c5_native_function_warm_low_contention_352_direct_events	db7517d89754	8	db7517d89754:8		7	true	warm_no_init_interval	complete	5630545	5642672
native	measured	10	10	1	7fab9a399a37448cab9a399a37c48ca6	compression-derived-random256k-level6-v1	c5-gzip-level6-random256k-v1	true	true	ok	262144	04f7209a1428aceb9b838a3043af314defd245fab3da383edf7753f23133d184	262244	bc620013d295a3b741947823c358090ccb586c99ebd5750d79d760b1f6c299c0	false	4096	/guest/c5_native_function_warm_low_contention_352_direct_events	0.0.1@1784741948012	7c95d7eb747a585de4ba37797448eeea20f9011253d96f6672edd9740afe5c34	e37c0920ad877a89cf2f9f769aa05e9e08a4e9f802f6d509a45a4db56edbeba8	/guest/c5_native_function_warm_low_contention_352_direct_events	db7517d89754	8	db7517d89754:8		38	true	warm_no_init_interval	complete	6889325	6907428
native	measured	11	11	1	4375e50651804bfdb5e50651808bfd7d	compression-derived-random256k-level6-v1	c5-gzip-level6-random256k-v1	true	true	ok	262144	04f7209a1428aceb9b838a3043af314defd245fab3da383edf7753f23133d184	262244	bc620013d295a3b741947823c358090ccb586c99ebd5750d79d760b1f6c299c0	false	4096	/guest/c5_native_function_warm_low_contention_352_direct_events	0.0.1@1784741948012	7c95d7eb747a585de4ba37797448eeea20f9011253d96f6672edd9740afe5c34	e37c0920ad877a89cf2f9f769aa05e9e08a4e9f802f6d509a45a4db56edbeba8	/guest/c5_native_function_warm_low_contention_352_direct_events	db7517d89754	8	db7517d89754:8		12	true	warm_no_init_interval	complete	5631460	5643644
native	measured	12	12	1	4f2ef64666854bebaef6466685dbebae	compression-derived-random256k-level6-v1	c5-gzip-level6-random256k-v1	true	true	ok	262144	04f7209a1428aceb9b838a3043af314defd245fab3da383edf7753f23133d184	262244	bc620013d295a3b741947823c358090ccb586c99ebd5750d79d760b1f6c299c0	false	4096	/guest/c5_native_function_warm_low_contention_352_direct_events	0.0.1@1784741948012	7c95d7eb747a585de4ba37797448eeea20f9011253d96f6672edd9740afe5c34	e37c0920ad877a89cf2f9f769aa05e9e08a4e9f802f6d509a45a4db56edbeba8	/guest/c5_native_function_warm_low_contention_352_direct_events	412815d5a6fc	8	412815d5a6fc:8		8	true	warm_no_init_interval	complete	5757297	5782554
native	measured	13	13	1	8c727337a3c044cab27337a3c024ca0a	compression-derived-random256k-level6-v1	c5-gzip-level6-random256k-v1	true	true	ok	262144	04f7209a1428aceb9b838a3043af314defd245fab3da383edf7753f23133d184	262244	bc620013d295a3b741947823c358090ccb586c99ebd5750d79d760b1f6c299c0	false	4096	/guest/c5_native_function_warm_low_contention_352_direct_events	0.0.1@1784741948012	7c95d7eb747a585de4ba37797448eeea20f9011253d96f6672edd9740afe5c34	e37c0920ad877a89cf2f9f769aa05e9e08a4e9f802f6d509a45a4db56edbeba8	/guest/c5_native_function_warm_low_contention_352_direct_events	db7517d89754	8	db7517d89754:8		27	true	warm_no_init_interval	complete	5729555	5741902
native	measured	14	14	1	2d74d8635e34457bb4d8635e34b57bae	compression-derived-random256k-level6-v1	c5-gzip-level6-random256k-v1	true	true	ok	262144	04f7209a1428aceb9b838a3043af314defd245fab3da383edf7753f23133d184	262244	bc620013d295a3b741947823c358090ccb586c99ebd5750d79d760b1f6c299c0	false	4096	/guest/c5_native_function_warm_low_contention_352_direct_events	0.0.1@1784741948012	7c95d7eb747a585de4ba37797448eeea20f9011253d96f6672edd9740afe5c34	e37c0920ad877a89cf2f9f769aa05e9e08a4e9f802f6d509a45a4db56edbeba8	/guest/c5_native_function_warm_low_contention_352_direct_events	412815d5a6fc	8	412815d5a6fc:8		29	true	warm_no_init_interval	complete	5990175	6015285
native	measured	15	15	1	d2071cea646b434a871cea646b434a6c	compression-derived-random256k-level6-v1	c5-gzip-level6-random256k-v1	true	true	ok	262144	04f7209a1428aceb9b838a3043af314defd245fab3da383edf7753f23133d184	262244	bc620013d295a3b741947823c358090ccb586c99ebd5750d79d760b1f6c299c0	false	4096	/guest/c5_native_function_warm_low_contention_352_direct_events	0.0.1@1784741948012	7c95d7eb747a585de4ba37797448eeea20f9011253d96f6672edd9740afe5c34	e37c0920ad877a89cf2f9f769aa05e9e08a4e9f802f6d509a45a4db56edbeba8	/guest/c5_native_function_warm_low_contention_352_direct_events	db7517d89754	8	db7517d89754:8		33	true	warm_no_init_interval	complete	5679041	5692593
native	measured	16	16	1	9c3db280b3e040c4bdb280b3e080c4f2	compression-derived-random256k-level6-v1	c5-gzip-level6-random256k-v1	true	true	ok	262144	04f7209a1428aceb9b838a3043af314defd245fab3da383edf7753f23133d184	262244	bc620013d295a3b741947823c358090ccb586c99ebd5750d79d760b1f6c299c0	false	4096	/guest/c5_native_function_warm_low_contention_352_direct_events	0.0.1@1784741948012	7c95d7eb747a585de4ba37797448eeea20f9011253d96f6672edd9740afe5c34	e37c0920ad877a89cf2f9f769aa05e9e08a4e9f802f6d509a45a4db56edbeba8	/guest/c5_native_function_warm_low_contention_352_direct_events	db7517d89754	8	db7517d89754:8		38	true	warm_no_init_interval	complete	6634483	6651572
native	measured	17	17	1	1860a91a56f149faa0a91a56f1a9faf2	compression-derived-random256k-level6-v1	c5-gzip-level6-random256k-v1	true	true	ok	262144	04f7209a1428aceb9b838a3043af314defd245fab3da383edf7753f23133d184	262244	bc620013d295a3b741947823c358090ccb586c99ebd5750d79d760b1f6c299c0	false	4096	/guest/c5_native_function_warm_low_contention_352_direct_events	0.0.1@1784741948012	7c95d7eb747a585de4ba37797448eeea20f9011253d96f6672edd9740afe5c34	e37c0920ad877a89cf2f9f769aa05e9e08a4e9f802f6d509a45a4db56edbeba8	/guest/c5_native_function_warm_low_contention_352_direct_events	412815d5a6fc	8	412815d5a6fc:8		17	true	warm_no_init_interval	complete	5660925	5687334
native	measured	18	18	1	fbbcce72397b439fbcce72397b739f2d	compression-derived-random256k-level6-v1	c5-gzip-level6-random256k-v1	true	true	ok	262144	04f7209a1428aceb9b838a3043af314defd245fab3da383edf7753f23133d184	262244	bc620013d295a3b741947823c358090ccb586c99ebd5750d79d760b1f6c299c0	false	4096	/guest/c5_native_function_warm_low_contention_352_direct_events	0.0.1@1784741948012	7c95d7eb747a585de4ba37797448eeea20f9011253d96f6672edd9740afe5c34	e37c0920ad877a89cf2f9f769aa05e9e08a4e9f802f6d509a45a4db56edbeba8	/guest/c5_native_function_warm_low_contention_352_direct_events	db7517d89754	8	db7517d89754:8		22	true	warm_no_init_interval	complete	5975207	5992339
native	measured	19	19	1	20ecb9968aff4b9eacb9968aff2b9ef6	compression-derived-random256k-level6-v1	c5-gzip-level6-random256k-v1	true	true	ok	262144	04f7209a1428aceb9b838a3043af314defd245fab3da383edf7753f23133d184	262244	bc620013d295a3b741947823c358090ccb586c99ebd5750d79d760b1f6c299c0	false	4096	/guest/c5_native_function_warm_low_contention_352_direct_events	0.0.1@1784741948012	7c95d7eb747a585de4ba37797448eeea20f9011253d96f6672edd9740afe5c34	e37c0920ad877a89cf2f9f769aa05e9e08a4e9f802f6d509a45a4db56edbeba8	/guest/c5_native_function_warm_low_contention_352_direct_events	db7517d89754	8	db7517d89754:8		9	true	warm_no_init_interval	complete	5683850	5696250
native	measured	20	20	1	81046d34ecb8474d846d34ecb8b74d42	compression-derived-random256k-level6-v1	c5-gzip-level6-random256k-v1	true	true	ok	262144	04f7209a1428aceb9b838a3043af314defd245fab3da383edf7753f23133d184	262244	bc620013d295a3b741947823c358090ccb586c99ebd5750d79d760b1f6c299c0	false	4096	/guest/c5_native_function_warm_low_contention_352_direct_events	0.0.1@1784741948012	7c95d7eb747a585de4ba37797448eeea20f9011253d96f6672edd9740afe5c34	e37c0920ad877a89cf2f9f769aa05e9e08a4e9f802f6d509a45a4db56edbeba8	/guest/c5_native_function_warm_low_contention_352_direct_events	db7517d89754	8	db7517d89754:8		14	true	warm_no_init_interval	complete	7386704	7401101
native	measured	21	21	1	dced5e88d4084129ad5e88d408c12933	compression-derived-random256k-level6-v1	c5-gzip-level6-random256k-v1	true	true	ok	262144	04f7209a1428aceb9b838a3043af314defd245fab3da383edf7753f23133d184	262244	bc620013d295a3b741947823c358090ccb586c99ebd5750d79d760b1f6c299c0	false	4096	/guest/c5_native_function_warm_low_contention_352_direct_events	0.0.1@1784741948012	7c95d7eb747a585de4ba37797448eeea20f9011253d96f6672edd9740afe5c34	e37c0920ad877a89cf2f9f769aa05e9e08a4e9f802f6d509a45a4db56edbeba8	/guest/c5_native_function_warm_low_contention_352_direct_events	db7517d89754	8	db7517d89754:8		6	true	warm_no_init_interval	complete	7360963	7379314
native	measured	22	22	1	afb32a075cd94dfbb32a075cd9fdfbd8	compression-derived-random256k-level6-v1	c5-gzip-level6-random256k-v1	true	true	ok	262144	04f7209a1428aceb9b838a3043af314defd245fab3da383edf7753f23133d184	262244	bc620013d295a3b741947823c358090ccb586c99ebd5750d79d760b1f6c299c0	false	4096	/guest/c5_native_function_warm_low_contention_352_direct_events	0.0.1@1784741948012	7c95d7eb747a585de4ba37797448eeea20f9011253d96f6672edd9740afe5c34	e37c0920ad877a89cf2f9f769aa05e9e08a4e9f802f6d509a45a4db56edbeba8	/guest/c5_native_function_warm_low_contention_352_direct_events	db7517d89754	8	db7517d89754:8		7	true	warm_no_init_interval	complete	5619304	5632586
native	measured	23	23	1	6de38fdad5654431a38fdad565343105	compression-derived-random256k-level6-v1	c5-gzip-level6-random256k-v1	true	true	ok	262144	04f7209a1428aceb9b838a3043af314defd245fab3da383edf7753f23133d184	262244	bc620013d295a3b741947823c358090ccb586c99ebd5750d79d760b1f6c299c0	false	4096	/guest/c5_native_function_warm_low_contention_352_direct_events	0.0.1@1784741948012	7c95d7eb747a585de4ba37797448eeea20f9011253d96f6672edd9740afe5c34	e37c0920ad877a89cf2f9f769aa05e9e08a4e9f802f6d509a45a4db56edbeba8	/guest/c5_native_function_warm_low_contention_352_direct_events	db7517d89754	8	db7517d89754:8		5	true	warm_no_init_interval	complete	5644065	5656960
native	measured	24	24	1	11adbe858bce4c3badbe858bceec3b1f	compression-derived-random256k-level6-v1	c5-gzip-level6-random256k-v1	true	true	ok	262144	04f7209a1428aceb9b838a3043af314defd245fab3da383edf7753f23133d184	262244	bc620013d295a3b741947823c358090ccb586c99ebd5750d79d760b1f6c299c0	false	4096	/guest/c5_native_function_warm_low_contention_352_direct_events	0.0.1@1784741948012	7c95d7eb747a585de4ba37797448eeea20f9011253d96f6672edd9740afe5c34	e37c0920ad877a89cf2f9f769aa05e9e08a4e9f802f6d509a45a4db56edbeba8	/guest/c5_native_function_warm_low_contention_352_direct_events	db7517d89754	8	db7517d89754:8		8	true	warm_no_init_interval	complete	5628376	5643267
native	measured	25	25	1	385444e504524ef99444e504529ef953	compression-derived-random256k-level6-v1	c5-gzip-level6-random256k-v1	true	true	ok	262144	04f7209a1428aceb9b838a3043af314defd245fab3da383edf7753f23133d184	262244	bc620013d295a3b741947823c358090ccb586c99ebd5750d79d760b1f6c299c0	false	4096	/guest/c5_native_function_warm_low_contention_352_direct_events	0.0.1@1784741948012	7c95d7eb747a585de4ba37797448eeea20f9011253d96f6672edd9740afe5c34	e37c0920ad877a89cf2f9f769aa05e9e08a4e9f802f6d509a45a4db56edbeba8	/guest/c5_native_function_warm_low_contention_352_direct_events	db7517d89754	8	db7517d89754:8		14	true	warm_no_init_interval	complete	6105671	6119980
native	measured	26	26	1	88cf9df68ecc47118f9df68ecc771188	compression-derived-random256k-level6-v1	c5-gzip-level6-random256k-v1	true	true	ok	262144	04f7209a1428aceb9b838a3043af314defd245fab3da383edf7753f23133d184	262244	bc620013d295a3b741947823c358090ccb586c99ebd5750d79d760b1f6c299c0	false	4096	/guest/c5_native_function_warm_low_contention_352_direct_events	0.0.1@1784741948012	7c95d7eb747a585de4ba37797448eeea20f9011253d96f6672edd9740afe5c34	e37c0920ad877a89cf2f9f769aa05e9e08a4e9f802f6d509a45a4db56edbeba8	/guest/c5_native_function_warm_low_contention_352_direct_events	db7517d89754	8	db7517d89754:8		56	true	warm_no_init_interval	complete	5833029	5847985
native	measured	27	27	1	bf715b9eb5f24fedb15b9eb5f28fed75	compression-derived-random256k-level6-v1	c5-gzip-level6-random256k-v1	true	true	ok	262144	04f7209a1428aceb9b838a3043af314defd245fab3da383edf7753f23133d184	262244	bc620013d295a3b741947823c358090ccb586c99ebd5750d79d760b1f6c299c0	false	4096	/guest/c5_native_function_warm_low_contention_352_direct_events	0.0.1@1784741948012	7c95d7eb747a585de4ba37797448eeea20f9011253d96f6672edd9740afe5c34	e37c0920ad877a89cf2f9f769aa05e9e08a4e9f802f6d509a45a4db56edbeba8	/guest/c5_native_function_warm_low_contention_352_direct_events	412815d5a6fc	8	412815d5a6fc:8		21	true	warm_no_init_interval	complete	5528183	5550682
native	measured	28	28	1	3fc1392c55d8413681392c55d8c13668	compression-derived-random256k-level6-v1	c5-gzip-level6-random256k-v1	true	true	ok	262144	04f7209a1428aceb9b838a3043af314defd245fab3da383edf7753f23133d184	262244	bc620013d295a3b741947823c358090ccb586c99ebd5750d79d760b1f6c299c0	false	4096	/guest/c5_native_function_warm_low_contention_352_direct_events	0.0.1@1784741948012	7c95d7eb747a585de4ba37797448eeea20f9011253d96f6672edd9740afe5c34	e37c0920ad877a89cf2f9f769aa05e9e08a4e9f802f6d509a45a4db56edbeba8	/guest/c5_native_function_warm_low_contention_352_direct_events	db7517d89754	8	db7517d89754:8		22	true	warm_no_init_interval	complete	7226128	7241065
native	measured	29	29	1	f2f4f7c5cc9f4f1db4f7c5cc9f5f1d70	compression-derived-random256k-level6-v1	c5-gzip-level6-random256k-v1	true	true	ok	262144	04f7209a1428aceb9b838a3043af314defd245fab3da383edf7753f23133d184	262244	bc620013d295a3b741947823c358090ccb586c99ebd5750d79d760b1f6c299c0	false	4096	/guest/c5_native_function_warm_low_contention_352_direct_events	0.0.1@1784741948012	7c95d7eb747a585de4ba37797448eeea20f9011253d96f6672edd9740afe5c34	e37c0920ad877a89cf2f9f769aa05e9e08a4e9f802f6d509a45a4db56edbeba8	/guest/c5_native_function_warm_low_contention_352_direct_events	412815d5a6fc	8	412815d5a6fc:8		15	true	warm_no_init_interval	complete	5610750	5636453
native	measured	30	30	1	062b7d5611ff46a2ab7d5611ff66a281	compression-derived-random256k-level6-v1	c5-gzip-level6-random256k-v1	true	true	ok	262144	04f7209a1428aceb9b838a3043af314defd245fab3da383edf7753f23133d184	262244	bc620013d295a3b741947823c358090ccb586c99ebd5750d79d760b1f6c299c0	false	4096	/guest/c5_native_function_warm_low_contention_352_direct_events	0.0.1@1784741948012	7c95d7eb747a585de4ba37797448eeea20f9011253d96f6672edd9740afe5c34	e37c0920ad877a89cf2f9f769aa05e9e08a4e9f802f6d509a45a4db56edbeba8	/guest/c5_native_function_warm_low_contention_352_direct_events	db7517d89754	8	db7517d89754:8		11	true	warm_no_init_interval	complete	5626265	5638900
native	measured	31	31	1	e3f2adf228604584b2adf22860858420	compression-derived-random256k-level6-v1	c5-gzip-level6-random256k-v1	true	true	ok	262144	04f7209a1428aceb9b838a3043af314defd245fab3da383edf7753f23133d184	262244	bc620013d295a3b741947823c358090ccb586c99ebd5750d79d760b1f6c299c0	false	4096	/guest/c5_native_function_warm_low_contention_352_direct_events	0.0.1@1784741948012	7c95d7eb747a585de4ba37797448eeea20f9011253d96f6672edd9740afe5c34	e37c0920ad877a89cf2f9f769aa05e9e08a4e9f802f6d509a45a4db56edbeba8	/guest/c5_native_function_warm_low_contention_352_direct_events	db7517d89754	8	db7517d89754:8		21	true	warm_no_init_interval	complete	5670184	5685911
native	measured	32	32	1	97cadb29698147858adb2969817785b5	compression-derived-random256k-level6-v1	c5-gzip-level6-random256k-v1	true	true	ok	262144	04f7209a1428aceb9b838a3043af314defd245fab3da383edf7753f23133d184	262244	bc620013d295a3b741947823c358090ccb586c99ebd5750d79d760b1f6c299c0	false	4096	/guest/c5_native_function_warm_low_contention_352_direct_events	0.0.1@1784741948012	7c95d7eb747a585de4ba37797448eeea20f9011253d96f6672edd9740afe5c34	e37c0920ad877a89cf2f9f769aa05e9e08a4e9f802f6d509a45a4db56edbeba8	/guest/c5_native_function_warm_low_contention_352_direct_events	412815d5a6fc	8	412815d5a6fc:8		21	true	warm_no_init_interval	complete	5547916	5573319
native	measured	33	33	1	fc8654eba86d45ab8654eba86d85ab16	compression-derived-random256k-level6-v1	c5-gzip-level6-random256k-v1	true	true	ok	262144	04f7209a1428aceb9b838a3043af314defd245fab3da383edf7753f23133d184	262244	bc620013d295a3b741947823c358090ccb586c99ebd5750d79d760b1f6c299c0	false	4096	/guest/c5_native_function_warm_low_contention_352_direct_events	0.0.1@1784741948012	7c95d7eb747a585de4ba37797448eeea20f9011253d96f6672edd9740afe5c34	e37c0920ad877a89cf2f9f769aa05e9e08a4e9f802f6d509a45a4db56edbeba8	/guest/c5_native_function_warm_low_contention_352_direct_events	db7517d89754	8	db7517d89754:8		24	true	warm_no_init_interval	complete	5731476	5744618
native	measured	34	34	1	9ef310f335194b46b310f335199b462a	compression-derived-random256k-level6-v1	c5-gzip-level6-random256k-v1	true	true	ok	262144	04f7209a1428aceb9b838a3043af314defd245fab3da383edf7753f23133d184	262244	bc620013d295a3b741947823c358090ccb586c99ebd5750d79d760b1f6c299c0	false	4096	/guest/c5_native_function_warm_low_contention_352_direct_events	0.0.1@1784741948012	7c95d7eb747a585de4ba37797448eeea20f9011253d96f6672edd9740afe5c34	e37c0920ad877a89cf2f9f769aa05e9e08a4e9f802f6d509a45a4db56edbeba8	/guest/c5_native_function_warm_low_contention_352_direct_events	db7517d89754	8	db7517d89754:8		12	true	warm_no_init_interval	complete	6094934	6109989
native	measured	35	35	1	80536ea316824df7936ea31682edf796	compression-derived-random256k-level6-v1	c5-gzip-level6-random256k-v1	true	true	ok	262144	04f7209a1428aceb9b838a3043af314defd245fab3da383edf7753f23133d184	262244	bc620013d295a3b741947823c358090ccb586c99ebd5750d79d760b1f6c299c0	false	4096	/guest/c5_native_function_warm_low_contention_352_direct_events	0.0.1@1784741948012	7c95d7eb747a585de4ba37797448eeea20f9011253d96f6672edd9740afe5c34	e37c0920ad877a89cf2f9f769aa05e9e08a4e9f802f6d509a45a4db56edbeba8	/guest/c5_native_function_warm_low_contention_352_direct_events	412815d5a6fc	8	412815d5a6fc:8		20	true	warm_no_init_interval	complete	6086030	6111954
native	measured	36	36	1	f25fc7ff6e1640d69fc7ff6e1640d6c3	compression-derived-random256k-level6-v1	c5-gzip-level6-random256k-v1	true	true	ok	262144	04f7209a1428aceb9b838a3043af314defd245fab3da383edf7753f23133d184	262244	bc620013d295a3b741947823c358090ccb586c99ebd5750d79d760b1f6c299c0	false	4096	/guest/c5_native_function_warm_low_contention_352_direct_events	0.0.1@1784741948012	7c95d7eb747a585de4ba37797448eeea20f9011253d96f6672edd9740afe5c34	e37c0920ad877a89cf2f9f769aa05e9e08a4e9f802f6d509a45a4db56edbeba8	/guest/c5_native_function_warm_low_contention_352_direct_events	db7517d89754	8	db7517d89754:8		27	true	warm_no_init_interval	complete	5619329	5632590
native	measured	37	37	1	103fc306b0e34b98bfc306b0e30b985c	compression-derived-random256k-level6-v1	c5-gzip-level6-random256k-v1	true	true	ok	262144	04f7209a1428aceb9b838a3043af314defd245fab3da383edf7753f23133d184	262244	bc620013d295a3b741947823c358090ccb586c99ebd5750d79d760b1f6c299c0	false	4096	/guest/c5_native_function_warm_low_contention_352_direct_events	0.0.1@1784741948012	7c95d7eb747a585de4ba37797448eeea20f9011253d96f6672edd9740afe5c34	e37c0920ad877a89cf2f9f769aa05e9e08a4e9f802f6d509a45a4db56edbeba8	/guest/c5_native_function_warm_low_contention_352_direct_events	db7517d89754	8	db7517d89754:8		20	true	warm_no_init_interval	complete	5599143	5615808
native	measured	38	38	1	6591a26476924fa891a26476921fa853	compression-derived-random256k-level6-v1	c5-gzip-level6-random256k-v1	true	true	ok	262144	04f7209a1428aceb9b838a3043af314defd245fab3da383edf7753f23133d184	262244	bc620013d295a3b741947823c358090ccb586c99ebd5750d79d760b1f6c299c0	false	4096	/guest/c5_native_function_warm_low_contention_352_direct_events	0.0.1@1784741948012	7c95d7eb747a585de4ba37797448eeea20f9011253d96f6672edd9740afe5c34	e37c0920ad877a89cf2f9f769aa05e9e08a4e9f802f6d509a45a4db56edbeba8	/guest/c5_native_function_warm_low_contention_352_direct_events	412815d5a6fc	8	412815d5a6fc:8		18	true	warm_no_init_interval	complete	6307706	6333476
native	measured	39	39	1	71cfb3aacec84cf98fb3aacec84cf931	compression-derived-random256k-level6-v1	c5-gzip-level6-random256k-v1	true	true	ok	262144	04f7209a1428aceb9b838a3043af314defd245fab3da383edf7753f23133d184	262244	bc620013d295a3b741947823c358090ccb586c99ebd5750d79d760b1f6c299c0	false	4096	/guest/c5_native_function_warm_low_contention_352_direct_events	0.0.1@1784741948012	7c95d7eb747a585de4ba37797448eeea20f9011253d96f6672edd9740afe5c34	e37c0920ad877a89cf2f9f769aa05e9e08a4e9f802f6d509a45a4db56edbeba8	/guest/c5_native_function_warm_low_contention_352_direct_events	db7517d89754	8	db7517d89754:8		8	true	warm_no_init_interval	complete	5868412	5882162
native	measured	40	40	1	177b5f0afc87427dbb5f0afc87c27d72	compression-derived-random256k-level6-v1	c5-gzip-level6-random256k-v1	true	true	ok	262144	04f7209a1428aceb9b838a3043af314defd245fab3da383edf7753f23133d184	262244	bc620013d295a3b741947823c358090ccb586c99ebd5750d79d760b1f6c299c0	false	4096	/guest/c5_native_function_warm_low_contention_352_direct_events	0.0.1@1784741948012	7c95d7eb747a585de4ba37797448eeea20f9011253d96f6672edd9740afe5c34	e37c0920ad877a89cf2f9f769aa05e9e08a4e9f802f6d509a45a4db56edbeba8	/guest/c5_native_function_warm_low_contention_352_direct_events	db7517d89754	8	db7517d89754:8		18	true	warm_no_init_interval	complete	5569363	5582079
native	measured	41	41	1	6ee16728db814b69a16728db813b69a7	compression-derived-random256k-level6-v1	c5-gzip-level6-random256k-v1	true	true	ok	262144	04f7209a1428aceb9b838a3043af314defd245fab3da383edf7753f23133d184	262244	bc620013d295a3b741947823c358090ccb586c99ebd5750d79d760b1f6c299c0	false	4096	/guest/c5_native_function_warm_low_contention_352_direct_events	0.0.1@1784741948012	7c95d7eb747a585de4ba37797448eeea20f9011253d96f6672edd9740afe5c34	e37c0920ad877a89cf2f9f769aa05e9e08a4e9f802f6d509a45a4db56edbeba8	/guest/c5_native_function_warm_low_contention_352_direct_events	db7517d89754	8	db7517d89754:8		21	true	warm_no_init_interval	complete	5632417	5649196
native	measured	42	42	1	49f32928a5604eaeb32928a560ceae8b	compression-derived-random256k-level6-v1	c5-gzip-level6-random256k-v1	true	true	ok	262144	04f7209a1428aceb9b838a3043af314defd245fab3da383edf7753f23133d184	262244	bc620013d295a3b741947823c358090ccb586c99ebd5750d79d760b1f6c299c0	false	4096	/guest/c5_native_function_warm_low_contention_352_direct_events	0.0.1@1784741948012	7c95d7eb747a585de4ba37797448eeea20f9011253d96f6672edd9740afe5c34	e37c0920ad877a89cf2f9f769aa05e9e08a4e9f802f6d509a45a4db56edbeba8	/guest/c5_native_function_warm_low_contention_352_direct_events	412815d5a6fc	8	412815d5a6fc:8		27	true	warm_no_init_interval	complete	7149565	7177343
native	measured	43	43	1	ee7f9c2cd7a644bdbf9c2cd7a684bd20	compression-derived-random256k-level6-v1	c5-gzip-level6-random256k-v1	true	true	ok	262144	04f7209a1428aceb9b838a3043af314defd245fab3da383edf7753f23133d184	262244	bc620013d295a3b741947823c358090ccb586c99ebd5750d79d760b1f6c299c0	false	4096	/guest/c5_native_function_warm_low_contention_352_direct_events	0.0.1@1784741948012	7c95d7eb747a585de4ba37797448eeea20f9011253d96f6672edd9740afe5c34	e37c0920ad877a89cf2f9f769aa05e9e08a4e9f802f6d509a45a4db56edbeba8	/guest/c5_native_function_warm_low_contention_352_direct_events	db7517d89754	8	db7517d89754:8		37	true	warm_no_init_interval	complete	5627019	5639888
native	measured	44	44	1	01a184e6d54c4dcea184e6d54cddceaf	compression-derived-random256k-level6-v1	c5-gzip-level6-random256k-v1	true	true	ok	262144	04f7209a1428aceb9b838a3043af314defd245fab3da383edf7753f23133d184	262244	bc620013d295a3b741947823c358090ccb586c99ebd5750d79d760b1f6c299c0	false	4096	/guest/c5_native_function_warm_low_contention_352_direct_events	0.0.1@1784741948012	7c95d7eb747a585de4ba37797448eeea20f9011253d96f6672edd9740afe5c34	e37c0920ad877a89cf2f9f769aa05e9e08a4e9f802f6d509a45a4db56edbeba8	/guest/c5_native_function_warm_low_contention_352_direct_events	db7517d89754	8	db7517d89754:8		34	true	warm_no_init_interval	complete	7263754	7278778
native	measured	45	45	1	cc30a9624f504a69b0a9624f50ba69b9	compression-derived-random256k-level6-v1	c5-gzip-level6-random256k-v1	true	true	ok	262144	04f7209a1428aceb9b838a3043af314defd245fab3da383edf7753f23133d184	262244	bc620013d295a3b741947823c358090ccb586c99ebd5750d79d760b1f6c299c0	false	4096	/guest/c5_native_function_warm_low_contention_352_direct_events	0.0.1@1784741948012	7c95d7eb747a585de4ba37797448eeea20f9011253d96f6672edd9740afe5c34	e37c0920ad877a89cf2f9f769aa05e9e08a4e9f802f6d509a45a4db56edbeba8	/guest/c5_native_function_warm_low_contention_352_direct_events	412815d5a6fc	8	412815d5a6fc:8		17	true	warm_no_init_interval	complete	6756802	6785137
native	measured	46	46	1	669a0523570b4fe09a0523570bffe01e	compression-derived-random256k-level6-v1	c5-gzip-level6-random256k-v1	true	true	ok	262144	04f7209a1428aceb9b838a3043af314defd245fab3da383edf7753f23133d184	262244	bc620013d295a3b741947823c358090ccb586c99ebd5750d79d760b1f6c299c0	false	4096	/guest/c5_native_function_warm_low_contention_352_direct_events	0.0.1@1784741948012	7c95d7eb747a585de4ba37797448eeea20f9011253d96f6672edd9740afe5c34	e37c0920ad877a89cf2f9f769aa05e9e08a4e9f802f6d509a45a4db56edbeba8	/guest/c5_native_function_warm_low_contention_352_direct_events	db7517d89754	8	db7517d89754:8		14	true	warm_no_init_interval	complete	5809388	5822538
native	measured	47	47	1	1b803c72926a4ee9803c72926a0ee95a	compression-derived-random256k-level6-v1	c5-gzip-level6-random256k-v1	true	true	ok	262144	04f7209a1428aceb9b838a3043af314defd245fab3da383edf7753f23133d184	262244	bc620013d295a3b741947823c358090ccb586c99ebd5750d79d760b1f6c299c0	false	4096	/guest/c5_native_function_warm_low_contention_352_direct_events	0.0.1@1784741948012	7c95d7eb747a585de4ba37797448eeea20f9011253d96f6672edd9740afe5c34	e37c0920ad877a89cf2f9f769aa05e9e08a4e9f802f6d509a45a4db56edbeba8	/guest/c5_native_function_warm_low_contention_352_direct_events	db7517d89754	8	db7517d89754:8		21	true	warm_no_init_interval	complete	5742107	5755131
native	measured	48	48	1	43bec13f92eb40ecbec13f92eb10ec92	compression-derived-random256k-level6-v1	c5-gzip-level6-random256k-v1	true	true	ok	262144	04f7209a1428aceb9b838a3043af314defd245fab3da383edf7753f23133d184	262244	bc620013d295a3b741947823c358090ccb586c99ebd5750d79d760b1f6c299c0	false	4096	/guest/c5_native_function_warm_low_contention_352_direct_events	0.0.1@1784741948012	7c95d7eb747a585de4ba37797448eeea20f9011253d96f6672edd9740afe5c34	e37c0920ad877a89cf2f9f769aa05e9e08a4e9f802f6d509a45a4db56edbeba8	/guest/c5_native_function_warm_low_contention_352_direct_events	412815d5a6fc	8	412815d5a6fc:8		12	true	warm_no_init_interval	complete	5702869	5726323
native	measured	49	49	1	88f09aa21ca34e93b09aa21ca3be93d1	compression-derived-random256k-level6-v1	c5-gzip-level6-random256k-v1	true	true	ok	262144	04f7209a1428aceb9b838a3043af314defd245fab3da383edf7753f23133d184	262244	bc620013d295a3b741947823c358090ccb586c99ebd5750d79d760b1f6c299c0	false	4096	/guest/c5_native_function_warm_low_contention_352_direct_events	0.0.1@1784741948012	7c95d7eb747a585de4ba37797448eeea20f9011253d96f6672edd9740afe5c34	e37c0920ad877a89cf2f9f769aa05e9e08a4e9f802f6d509a45a4db56edbeba8	/guest/c5_native_function_warm_low_contention_352_direct_events	db7517d89754	8	db7517d89754:8		15	true	warm_no_init_interval	complete	6095822	6112342
native	measured	50	50	1	e487fac9dc8f45cd87fac9dc8f35cdd5	compression-derived-random256k-level6-v1	c5-gzip-level6-random256k-v1	true	true	ok	262144	04f7209a1428aceb9b838a3043af314defd245fab3da383edf7753f23133d184	262244	bc620013d295a3b741947823c358090ccb586c99ebd5750d79d760b1f6c299c0	false	4096	/guest/c5_native_function_warm_low_contention_352_direct_events	0.0.1@1784741948012	7c95d7eb747a585de4ba37797448eeea20f9011253d96f6672edd9740afe5c34	e37c0920ad877a89cf2f9f769aa05e9e08a4e9f802f6d509a45a4db56edbeba8	/guest/c5_native_function_warm_low_contention_352_direct_events	db7517d89754	8	db7517d89754:8		14	true	warm_no_init_interval	complete	5454533	5472792
native	measured	51	51	1	323002d457d54762b002d457d547624b	compression-derived-random256k-level6-v1	c5-gzip-level6-random256k-v1	true	true	ok	262144	04f7209a1428aceb9b838a3043af314defd245fab3da383edf7753f23133d184	262244	bc620013d295a3b741947823c358090ccb586c99ebd5750d79d760b1f6c299c0	false	4096	/guest/c5_native_function_warm_low_contention_352_direct_events	0.0.1@1784741948012	7c95d7eb747a585de4ba37797448eeea20f9011253d96f6672edd9740afe5c34	e37c0920ad877a89cf2f9f769aa05e9e08a4e9f802f6d509a45a4db56edbeba8	/guest/c5_native_function_warm_low_contention_352_direct_events	db7517d89754	8	db7517d89754:8		20	true	warm_no_init_interval	complete	5497236	5513601
native	measured	52	52	1	943d71f9d7034e52bd71f9d7031e52f4	compression-derived-random256k-level6-v1	c5-gzip-level6-random256k-v1	true	true	ok	262144	04f7209a1428aceb9b838a3043af314defd245fab3da383edf7753f23133d184	262244	bc620013d295a3b741947823c358090ccb586c99ebd5750d79d760b1f6c299c0	false	4096	/guest/c5_native_function_warm_low_contention_352_direct_events	0.0.1@1784741948012	7c95d7eb747a585de4ba37797448eeea20f9011253d96f6672edd9740afe5c34	e37c0920ad877a89cf2f9f769aa05e9e08a4e9f802f6d509a45a4db56edbeba8	/guest/c5_native_function_warm_low_contention_352_direct_events	db7517d89754	8	db7517d89754:8		9	true	warm_no_init_interval	complete	5595478	5608095
native	measured	53	53	1	acf55e9e55fc4daeb55e9e55fc3dae88	compression-derived-random256k-level6-v1	c5-gzip-level6-random256k-v1	true	true	ok	262144	04f7209a1428aceb9b838a3043af314defd245fab3da383edf7753f23133d184	262244	bc620013d295a3b741947823c358090ccb586c99ebd5750d79d760b1f6c299c0	false	4096	/guest/c5_native_function_warm_low_contention_352_direct_events	0.0.1@1784741948012	7c95d7eb747a585de4ba37797448eeea20f9011253d96f6672edd9740afe5c34	e37c0920ad877a89cf2f9f769aa05e9e08a4e9f802f6d509a45a4db56edbeba8	/guest/c5_native_function_warm_low_contention_352_direct_events	db7517d89754	8	db7517d89754:8		13	true	warm_no_init_interval	complete	5613834	5625999
native	measured	54	54	1	8a1f104d345e441d9f104d345ee41d64	compression-derived-random256k-level6-v1	c5-gzip-level6-random256k-v1	true	true	ok	262144	04f7209a1428aceb9b838a3043af314defd245fab3da383edf7753f23133d184	262244	bc620013d295a3b741947823c358090ccb586c99ebd5750d79d760b1f6c299c0	false	4096	/guest/c5_native_function_warm_low_contention_352_direct_events	0.0.1@1784741948012	7c95d7eb747a585de4ba37797448eeea20f9011253d96f6672edd9740afe5c34	e37c0920ad877a89cf2f9f769aa05e9e08a4e9f802f6d509a45a4db56edbeba8	/guest/c5_native_function_warm_low_contention_352_direct_events	412815d5a6fc	8	412815d5a6fc:8		7	true	warm_no_init_interval	complete	5692265	5718359
native	measured	55	55	1	bfb2123a523143b7b2123a5231a3b7e6	compression-derived-random256k-level6-v1	c5-gzip-level6-random256k-v1	true	true	ok	262144	04f7209a1428aceb9b838a3043af314defd245fab3da383edf7753f23133d184	262244	bc620013d295a3b741947823c358090ccb586c99ebd5750d79d760b1f6c299c0	false	4096	/guest/c5_native_function_warm_low_contention_352_direct_events	0.0.1@1784741948012	7c95d7eb747a585de4ba37797448eeea20f9011253d96f6672edd9740afe5c34	e37c0920ad877a89cf2f9f769aa05e9e08a4e9f802f6d509a45a4db56edbeba8	/guest/c5_native_function_warm_low_contention_352_direct_events	db7517d89754	8	db7517d89754:8		8	true	warm_no_init_interval	complete	5634241	5647260
native	measured	56	56	1	d09e59d21ee341ca9e59d21ee3e1ca41	compression-derived-random256k-level6-v1	c5-gzip-level6-random256k-v1	true	true	ok	262144	04f7209a1428aceb9b838a3043af314defd245fab3da383edf7753f23133d184	262244	bc620013d295a3b741947823c358090ccb586c99ebd5750d79d760b1f6c299c0	false	4096	/guest/c5_native_function_warm_low_contention_352_direct_events	0.0.1@1784741948012	7c95d7eb747a585de4ba37797448eeea20f9011253d96f6672edd9740afe5c34	e37c0920ad877a89cf2f9f769aa05e9e08a4e9f802f6d509a45a4db56edbeba8	/guest/c5_native_function_warm_low_contention_352_direct_events	412815d5a6fc	8	412815d5a6fc:8		8	true	warm_no_init_interval	complete	5714814	5736430
native	measured	57	57	1	f67fd3f0cf324591bfd3f0cf325591ff	compression-derived-random256k-level6-v1	c5-gzip-level6-random256k-v1	true	true	ok	262144	04f7209a1428aceb9b838a3043af314defd245fab3da383edf7753f23133d184	262244	bc620013d295a3b741947823c358090ccb586c99ebd5750d79d760b1f6c299c0	false	4096	/guest/c5_native_function_warm_low_contention_352_direct_events	0.0.1@1784741948012	7c95d7eb747a585de4ba37797448eeea20f9011253d96f6672edd9740afe5c34	e37c0920ad877a89cf2f9f769aa05e9e08a4e9f802f6d509a45a4db56edbeba8	/guest/c5_native_function_warm_low_contention_352_direct_events	db7517d89754	8	db7517d89754:8		17	true	warm_no_init_interval	complete	5654610	5667377
native	measured	58	58	1	8e725abffe134e99b25abffe131e9919	compression-derived-random256k-level6-v1	c5-gzip-level6-random256k-v1	true	true	ok	262144	04f7209a1428aceb9b838a3043af314defd245fab3da383edf7753f23133d184	262244	bc620013d295a3b741947823c358090ccb586c99ebd5750d79d760b1f6c299c0	false	4096	/guest/c5_native_function_warm_low_contention_352_direct_events	0.0.1@1784741948012	7c95d7eb747a585de4ba37797448eeea20f9011253d96f6672edd9740afe5c34	e37c0920ad877a89cf2f9f769aa05e9e08a4e9f802f6d509a45a4db56edbeba8	/guest/c5_native_function_warm_low_contention_352_direct_events	412815d5a6fc	8	412815d5a6fc:8		23	true	warm_no_init_interval	complete	5720582	5746602
native	measured	59	59	1	7feb1b8c050349bcab1b8c0503f9bc3c	compression-derived-random256k-level6-v1	c5-gzip-level6-random256k-v1	true	true	ok	262144	04f7209a1428aceb9b838a3043af314defd245fab3da383edf7753f23133d184	262244	bc620013d295a3b741947823c358090ccb586c99ebd5750d79d760b1f6c299c0	false	4096	/guest/c5_native_function_warm_low_contention_352_direct_events	0.0.1@1784741948012	7c95d7eb747a585de4ba37797448eeea20f9011253d96f6672edd9740afe5c34	e37c0920ad877a89cf2f9f769aa05e9e08a4e9f802f6d509a45a4db56edbeba8	/guest/c5_native_function_warm_low_contention_352_direct_events	db7517d89754	8	db7517d89754:8		9	true	warm_no_init_interval	complete	5634158	5650719
native	measured	60	60	1	a62cb6569f924588acb6569f9285888f	compression-derived-random256k-level6-v1	c5-gzip-level6-random256k-v1	true	true	ok	262144	04f7209a1428aceb9b838a3043af314defd245fab3da383edf7753f23133d184	262244	bc620013d295a3b741947823c358090ccb586c99ebd5750d79d760b1f6c299c0	false	4096	/guest/c5_native_function_warm_low_contention_352_direct_events	0.0.1@1784741948012	7c95d7eb747a585de4ba37797448eeea20f9011253d96f6672edd9740afe5c34	e37c0920ad877a89cf2f9f769aa05e9e08a4e9f802f6d509a45a4db56edbeba8	/guest/c5_native_function_warm_low_contention_352_direct_events	db7517d89754	8	db7517d89754:8		28	true	warm_no_init_interval	complete	5654899	5676510
native	measured	61	61	1	9d69221f94e649b3a9221f94e619b34c	compression-derived-random256k-level6-v1	c5-gzip-level6-random256k-v1	true	true	ok	262144	04f7209a1428aceb9b838a3043af314defd245fab3da383edf7753f23133d184	262244	bc620013d295a3b741947823c358090ccb586c99ebd5750d79d760b1f6c299c0	false	4096	/guest/c5_native_function_warm_low_contention_352_direct_events	0.0.1@1784741948012	7c95d7eb747a585de4ba37797448eeea20f9011253d96f6672edd9740afe5c34	e37c0920ad877a89cf2f9f769aa05e9e08a4e9f802f6d509a45a4db56edbeba8	/guest/c5_native_function_warm_low_contention_352_direct_events	412815d5a6fc	8	412815d5a6fc:8		18	true	warm_no_init_interval	complete	5585708	5608300
native	measured	62	62	1	312f524b88454246af524b8845f2469f	compression-derived-random256k-level6-v1	c5-gzip-level6-random256k-v1	true	true	ok	262144	04f7209a1428aceb9b838a3043af314defd245fab3da383edf7753f23133d184	262244	bc620013d295a3b741947823c358090ccb586c99ebd5750d79d760b1f6c299c0	false	4096	/guest/c5_native_function_warm_low_contention_352_direct_events	0.0.1@1784741948012	7c95d7eb747a585de4ba37797448eeea20f9011253d96f6672edd9740afe5c34	e37c0920ad877a89cf2f9f769aa05e9e08a4e9f802f6d509a45a4db56edbeba8	/guest/c5_native_function_warm_low_contention_352_direct_events	db7517d89754	8	db7517d89754:8		10	true	warm_no_init_interval	complete	5575971	5591951
native	measured	63	63	1	73bc7c7f64be4490bc7c7f64bed49072	compression-derived-random256k-level6-v1	c5-gzip-level6-random256k-v1	true	true	ok	262144	04f7209a1428aceb9b838a3043af314defd245fab3da383edf7753f23133d184	262244	bc620013d295a3b741947823c358090ccb586c99ebd5750d79d760b1f6c299c0	false	4096	/guest/c5_native_function_warm_low_contention_352_direct_events	0.0.1@1784741948012	7c95d7eb747a585de4ba37797448eeea20f9011253d96f6672edd9740afe5c34	e37c0920ad877a89cf2f9f769aa05e9e08a4e9f802f6d509a45a4db56edbeba8	/guest/c5_native_function_warm_low_contention_352_direct_events	db7517d89754	8	db7517d89754:8		14	true	warm_no_init_interval	complete	5427607	5440622
native	measured	64	64	1	4d0a24413f6841b38a24413f6891b3ed	compression-derived-random256k-level6-v1	c5-gzip-level6-random256k-v1	true	true	ok	262144	04f7209a1428aceb9b838a3043af314defd245fab3da383edf7753f23133d184	262244	bc620013d295a3b741947823c358090ccb586c99ebd5750d79d760b1f6c299c0	false	4096	/guest/c5_native_function_warm_low_contention_352_direct_events	0.0.1@1784741948012	7c95d7eb747a585de4ba37797448eeea20f9011253d96f6672edd9740afe5c34	e37c0920ad877a89cf2f9f769aa05e9e08a4e9f802f6d509a45a4db56edbeba8	/guest/c5_native_function_warm_low_contention_352_direct_events	db7517d89754	8	db7517d89754:8		9	true	warm_no_init_interval	complete	5551003	5569256
native	measured	65	65	1	23634f43360c46cea34f43360cf6ce8e	compression-derived-random256k-level6-v1	c5-gzip-level6-random256k-v1	true	true	ok	262144	04f7209a1428aceb9b838a3043af314defd245fab3da383edf7753f23133d184	262244	bc620013d295a3b741947823c358090ccb586c99ebd5750d79d760b1f6c299c0	false	4096	/guest/c5_native_function_warm_low_contention_352_direct_events	0.0.1@1784741948012	7c95d7eb747a585de4ba37797448eeea20f9011253d96f6672edd9740afe5c34	e37c0920ad877a89cf2f9f769aa05e9e08a4e9f802f6d509a45a4db56edbeba8	/guest/c5_native_function_warm_low_contention_352_direct_events	412815d5a6fc	8	412815d5a6fc:8		15	true	warm_no_init_interval	complete	5588005	5611627
native	measured	66	66	1	ddbbfe3593364e0abbfe3593369e0a07	compression-derived-random256k-level6-v1	c5-gzip-level6-random256k-v1	true	true	ok	262144	04f7209a1428aceb9b838a3043af314defd245fab3da383edf7753f23133d184	262244	bc620013d295a3b741947823c358090ccb586c99ebd5750d79d760b1f6c299c0	false	4096	/guest/c5_native_function_warm_low_contention_352_direct_events	0.0.1@1784741948012	7c95d7eb747a585de4ba37797448eeea20f9011253d96f6672edd9740afe5c34	e37c0920ad877a89cf2f9f769aa05e9e08a4e9f802f6d509a45a4db56edbeba8	/guest/c5_native_function_warm_low_contention_352_direct_events	db7517d89754	8	db7517d89754:8		9	true	warm_no_init_interval	complete	5634540	5647338
native	measured	67	67	1	0efe4a36f5f54207be4a36f5f58207da	compression-derived-random256k-level6-v1	c5-gzip-level6-random256k-v1	true	true	ok	262144	04f7209a1428aceb9b838a3043af314defd245fab3da383edf7753f23133d184	262244	bc620013d295a3b741947823c358090ccb586c99ebd5750d79d760b1f6c299c0	false	4096	/guest/c5_native_function_warm_low_contention_352_direct_events	0.0.1@1784741948012	7c95d7eb747a585de4ba37797448eeea20f9011253d96f6672edd9740afe5c34	e37c0920ad877a89cf2f9f769aa05e9e08a4e9f802f6d509a45a4db56edbeba8	/guest/c5_native_function_warm_low_contention_352_direct_events	db7517d89754	8	db7517d89754:8		12	true	warm_no_init_interval	complete	5640310	5653144
native	measured	68	68	1	5c74505979ed4ab6b4505979edeab6be	compression-derived-random256k-level6-v1	c5-gzip-level6-random256k-v1	true	true	ok	262144	04f7209a1428aceb9b838a3043af314defd245fab3da383edf7753f23133d184	262244	bc620013d295a3b741947823c358090ccb586c99ebd5750d79d760b1f6c299c0	false	4096	/guest/c5_native_function_warm_low_contention_352_direct_events	0.0.1@1784741948012	7c95d7eb747a585de4ba37797448eeea20f9011253d96f6672edd9740afe5c34	e37c0920ad877a89cf2f9f769aa05e9e08a4e9f802f6d509a45a4db56edbeba8	/guest/c5_native_function_warm_low_contention_352_direct_events	db7517d89754	8	db7517d89754:8		9	true	warm_no_init_interval	complete	5652182	5665126
native	measured	69	69	1	5b86caee9e48490f86caee9e48f90f17	compression-derived-random256k-level6-v1	c5-gzip-level6-random256k-v1	true	true	ok	262144	04f7209a1428aceb9b838a3043af314defd245fab3da383edf7753f23133d184	262244	bc620013d295a3b741947823c358090ccb586c99ebd5750d79d760b1f6c299c0	false	4096	/guest/c5_native_function_warm_low_contention_352_direct_events	0.0.1@1784741948012	7c95d7eb747a585de4ba37797448eeea20f9011253d96f6672edd9740afe5c34	e37c0920ad877a89cf2f9f769aa05e9e08a4e9f802f6d509a45a4db56edbeba8	/guest/c5_native_function_warm_low_contention_352_direct_events	db7517d89754	8	db7517d89754:8		8	true	warm_no_init_interval	complete	8195493	8212316
native	measured	70	70	1	565f361aa002442c9f361aa002b42cae	compression-derived-random256k-level6-v1	c5-gzip-level6-random256k-v1	true	true	ok	262144	04f7209a1428aceb9b838a3043af314defd245fab3da383edf7753f23133d184	262244	bc620013d295a3b741947823c358090ccb586c99ebd5750d79d760b1f6c299c0	false	4096	/guest/c5_native_function_warm_low_contention_352_direct_events	0.0.1@1784741948012	7c95d7eb747a585de4ba37797448eeea20f9011253d96f6672edd9740afe5c34	e37c0920ad877a89cf2f9f769aa05e9e08a4e9f802f6d509a45a4db56edbeba8	/guest/c5_native_function_warm_low_contention_352_direct_events	db7517d89754	8	db7517d89754:8		14	true	warm_no_init_interval	complete	7940022	7956787
native	measured	71	71	1	0848c4c0a98e430488c4c0a98ec3041b	compression-derived-random256k-level6-v1	c5-gzip-level6-random256k-v1	true	true	ok	262144	04f7209a1428aceb9b838a3043af314defd245fab3da383edf7753f23133d184	262244	bc620013d295a3b741947823c358090ccb586c99ebd5750d79d760b1f6c299c0	false	4096	/guest/c5_native_function_warm_low_contention_352_direct_events	0.0.1@1784741948012	7c95d7eb747a585de4ba37797448eeea20f9011253d96f6672edd9740afe5c34	e37c0920ad877a89cf2f9f769aa05e9e08a4e9f802f6d509a45a4db56edbeba8	/guest/c5_native_function_warm_low_contention_352_direct_events	db7517d89754	8	db7517d89754:8		26	true	warm_no_init_interval	complete	8402778	8419500
native	measured	72	72	1	8309e87cd864436789e87cd864036779	compression-derived-random256k-level6-v1	c5-gzip-level6-random256k-v1	true	true	ok	262144	04f7209a1428aceb9b838a3043af314defd245fab3da383edf7753f23133d184	262244	bc620013d295a3b741947823c358090ccb586c99ebd5750d79d760b1f6c299c0	false	4096	/guest/c5_native_function_warm_low_contention_352_direct_events	0.0.1@1784741948012	7c95d7eb747a585de4ba37797448eeea20f9011253d96f6672edd9740afe5c34	e37c0920ad877a89cf2f9f769aa05e9e08a4e9f802f6d509a45a4db56edbeba8	/guest/c5_native_function_warm_low_contention_352_direct_events	412815d5a6fc	8	412815d5a6fc:8		19	true	warm_no_init_interval	complete	5758083	5788795
native	measured	73	73	1	b43188d00a3a464eb188d00a3a564e70	compression-derived-random256k-level6-v1	c5-gzip-level6-random256k-v1	true	true	ok	262144	04f7209a1428aceb9b838a3043af314defd245fab3da383edf7753f23133d184	262244	bc620013d295a3b741947823c358090ccb586c99ebd5750d79d760b1f6c299c0	false	4096	/guest/c5_native_function_warm_low_contention_352_direct_events	0.0.1@1784741948012	7c95d7eb747a585de4ba37797448eeea20f9011253d96f6672edd9740afe5c34	e37c0920ad877a89cf2f9f769aa05e9e08a4e9f802f6d509a45a4db56edbeba8	/guest/c5_native_function_warm_low_contention_352_direct_events	db7517d89754	8	db7517d89754:8		12	true	warm_no_init_interval	complete	8486053	8503085
native	measured	74	74	1	89375dfa38584861b75dfa3858e86184	compression-derived-random256k-level6-v1	c5-gzip-level6-random256k-v1	true	true	ok	262144	04f7209a1428aceb9b838a3043af314defd245fab3da383edf7753f23133d184	262244	bc620013d295a3b741947823c358090ccb586c99ebd5750d79d760b1f6c299c0	false	4096	/guest/c5_native_function_warm_low_contention_352_direct_events	0.0.1@1784741948012	7c95d7eb747a585de4ba37797448eeea20f9011253d96f6672edd9740afe5c34	e37c0920ad877a89cf2f9f769aa05e9e08a4e9f802f6d509a45a4db56edbeba8	/guest/c5_native_function_warm_low_contention_352_direct_events	db7517d89754	8	db7517d89754:8		22	true	warm_no_init_interval	complete	5855864	5870180
native	measured	75	75	1	45c2ec028b204c2982ec028b20ac2988	compression-derived-random256k-level6-v1	c5-gzip-level6-random256k-v1	true	true	ok	262144	04f7209a1428aceb9b838a3043af314defd245fab3da383edf7753f23133d184	262244	bc620013d295a3b741947823c358090ccb586c99ebd5750d79d760b1f6c299c0	false	4096	/guest/c5_native_function_warm_low_contention_352_direct_events	0.0.1@1784741948012	7c95d7eb747a585de4ba37797448eeea20f9011253d96f6672edd9740afe5c34	e37c0920ad877a89cf2f9f769aa05e9e08a4e9f802f6d509a45a4db56edbeba8	/guest/c5_native_function_warm_low_contention_352_direct_events	412815d5a6fc	8	412815d5a6fc:8		15	true	warm_no_init_interval	complete	5541318	5590271
native	measured	76	76	1	b64eb3400b0548988eb3400b0588987e	compression-derived-random256k-level6-v1	c5-gzip-level6-random256k-v1	true	true	ok	262144	04f7209a1428aceb9b838a3043af314defd245fab3da383edf7753f23133d184	262244	bc620013d295a3b741947823c358090ccb586c99ebd5750d79d760b1f6c299c0	false	4096	/guest/c5_native_function_warm_low_contention_352_direct_events	0.0.1@1784741948012	7c95d7eb747a585de4ba37797448eeea20f9011253d96f6672edd9740afe5c34	e37c0920ad877a89cf2f9f769aa05e9e08a4e9f802f6d509a45a4db56edbeba8	/guest/c5_native_function_warm_low_contention_352_direct_events	db7517d89754	8	db7517d89754:8		14	true	warm_no_init_interval	complete	5469691	5485411
native	measured	77	77	1	be0b9e42d4464cf38b9e42d4462cf31a	compression-derived-random256k-level6-v1	c5-gzip-level6-random256k-v1	true	true	ok	262144	04f7209a1428aceb9b838a3043af314defd245fab3da383edf7753f23133d184	262244	bc620013d295a3b741947823c358090ccb586c99ebd5750d79d760b1f6c299c0	false	4096	/guest/c5_native_function_warm_low_contention_352_direct_events	0.0.1@1784741948012	7c95d7eb747a585de4ba37797448eeea20f9011253d96f6672edd9740afe5c34	e37c0920ad877a89cf2f9f769aa05e9e08a4e9f802f6d509a45a4db56edbeba8	/guest/c5_native_function_warm_low_contention_352_direct_events	db7517d89754	8	db7517d89754:8		15	true	warm_no_init_interval	complete	5568649	5581404
native	measured	78	78	1	78895144be414488895144be4134884c	compression-derived-random256k-level6-v1	c5-gzip-level6-random256k-v1	true	true	ok	262144	04f7209a1428aceb9b838a3043af314defd245fab3da383edf7753f23133d184	262244	bc620013d295a3b741947823c358090ccb586c99ebd5750d79d760b1f6c299c0	false	4096	/guest/c5_native_function_warm_low_contention_352_direct_events	0.0.1@1784741948012	7c95d7eb747a585de4ba37797448eeea20f9011253d96f6672edd9740afe5c34	e37c0920ad877a89cf2f9f769aa05e9e08a4e9f802f6d509a45a4db56edbeba8	/guest/c5_native_function_warm_low_contention_352_direct_events	412815d5a6fc	8	412815d5a6fc:8		14	true	warm_no_init_interval	complete	5769253	5793399
native	measured	79	79	1	566d5f049d304580ad5f049d30c580ac	compression-derived-random256k-level6-v1	c5-gzip-level6-random256k-v1	true	true	ok	262144	04f7209a1428aceb9b838a3043af314defd245fab3da383edf7753f23133d184	262244	bc620013d295a3b741947823c358090ccb586c99ebd5750d79d760b1f6c299c0	false	4096	/guest/c5_native_function_warm_low_contention_352_direct_events	0.0.1@1784741948012	7c95d7eb747a585de4ba37797448eeea20f9011253d96f6672edd9740afe5c34	e37c0920ad877a89cf2f9f769aa05e9e08a4e9f802f6d509a45a4db56edbeba8	/guest/c5_native_function_warm_low_contention_352_direct_events	db7517d89754	8	db7517d89754:8		9	true	warm_no_init_interval	complete	5924700	5940630
native	measured	80	80	1	83f363d0eb00473fb363d0eb00d73fde	compression-derived-random256k-level6-v1	c5-gzip-level6-random256k-v1	true	true	ok	262144	04f7209a1428aceb9b838a3043af314defd245fab3da383edf7753f23133d184	262244	bc620013d295a3b741947823c358090ccb586c99ebd5750d79d760b1f6c299c0	false	4096	/guest/c5_native_function_warm_low_contention_352_direct_events	0.0.1@1784741948012	7c95d7eb747a585de4ba37797448eeea20f9011253d96f6672edd9740afe5c34	e37c0920ad877a89cf2f9f769aa05e9e08a4e9f802f6d509a45a4db56edbeba8	/guest/c5_native_function_warm_low_contention_352_direct_events	db7517d89754	8	db7517d89754:8		14	true	warm_no_init_interval	complete	5667440	5680329
native	measured	81	81	1	2daf94fd507a479faf94fd507a179fe3	compression-derived-random256k-level6-v1	c5-gzip-level6-random256k-v1	true	true	ok	262144	04f7209a1428aceb9b838a3043af314defd245fab3da383edf7753f23133d184	262244	bc620013d295a3b741947823c358090ccb586c99ebd5750d79d760b1f6c299c0	false	4096	/guest/c5_native_function_warm_low_contention_352_direct_events	0.0.1@1784741948012	7c95d7eb747a585de4ba37797448eeea20f9011253d96f6672edd9740afe5c34	e37c0920ad877a89cf2f9f769aa05e9e08a4e9f802f6d509a45a4db56edbeba8	/guest/c5_native_function_warm_low_contention_352_direct_events	db7517d89754	8	db7517d89754:8		10	true	warm_no_init_interval	complete	5611539	5631881
native	measured	82	82	1	8645a77eeb00444585a77eeb00e44554	compression-derived-random256k-level6-v1	c5-gzip-level6-random256k-v1	true	true	ok	262144	04f7209a1428aceb9b838a3043af314defd245fab3da383edf7753f23133d184	262244	bc620013d295a3b741947823c358090ccb586c99ebd5750d79d760b1f6c299c0	false	4096	/guest/c5_native_function_warm_low_contention_352_direct_events	0.0.1@1784741948012	7c95d7eb747a585de4ba37797448eeea20f9011253d96f6672edd9740afe5c34	e37c0920ad877a89cf2f9f769aa05e9e08a4e9f802f6d509a45a4db56edbeba8	/guest/c5_native_function_warm_low_contention_352_direct_events	db7517d89754	8	db7517d89754:8		20	true	warm_no_init_interval	complete	5629248	5642853
native	measured	83	83	1	11444431f6cb4862844431f6cb486238	compression-derived-random256k-level6-v1	c5-gzip-level6-random256k-v1	true	true	ok	262144	04f7209a1428aceb9b838a3043af314defd245fab3da383edf7753f23133d184	262244	bc620013d295a3b741947823c358090ccb586c99ebd5750d79d760b1f6c299c0	false	4096	/guest/c5_native_function_warm_low_contention_352_direct_events	0.0.1@1784741948012	7c95d7eb747a585de4ba37797448eeea20f9011253d96f6672edd9740afe5c34	e37c0920ad877a89cf2f9f769aa05e9e08a4e9f802f6d509a45a4db56edbeba8	/guest/c5_native_function_warm_low_contention_352_direct_events	db7517d89754	8	db7517d89754:8		18	true	warm_no_init_interval	complete	5660551	5672726
native	measured	84	84	1	7a300f62a5b041c8b00f62a5b0c1c837	compression-derived-random256k-level6-v1	c5-gzip-level6-random256k-v1	true	true	ok	262144	04f7209a1428aceb9b838a3043af314defd245fab3da383edf7753f23133d184	262244	bc620013d295a3b741947823c358090ccb586c99ebd5750d79d760b1f6c299c0	false	4096	/guest/c5_native_function_warm_low_contention_352_direct_events	0.0.1@1784741948012	7c95d7eb747a585de4ba37797448eeea20f9011253d96f6672edd9740afe5c34	e37c0920ad877a89cf2f9f769aa05e9e08a4e9f802f6d509a45a4db56edbeba8	/guest/c5_native_function_warm_low_contention_352_direct_events	db7517d89754	8	db7517d89754:8		12	true	warm_no_init_interval	complete	5602750	5616451
native	measured	85	85	1	422ac254998945d9aac254998905d996	compression-derived-random256k-level6-v1	c5-gzip-level6-random256k-v1	true	true	ok	262144	04f7209a1428aceb9b838a3043af314defd245fab3da383edf7753f23133d184	262244	bc620013d295a3b741947823c358090ccb586c99ebd5750d79d760b1f6c299c0	false	4096	/guest/c5_native_function_warm_low_contention_352_direct_events	0.0.1@1784741948012	7c95d7eb747a585de4ba37797448eeea20f9011253d96f6672edd9740afe5c34	e37c0920ad877a89cf2f9f769aa05e9e08a4e9f802f6d509a45a4db56edbeba8	/guest/c5_native_function_warm_low_contention_352_direct_events	db7517d89754	8	db7517d89754:8		39	true	warm_no_init_interval	complete	5631982	5645937
native	measured	86	86	1	745cdebf3b5b42ee9cdebf3b5b92eeaf	compression-derived-random256k-level6-v1	c5-gzip-level6-random256k-v1	true	true	ok	262144	04f7209a1428aceb9b838a3043af314defd245fab3da383edf7753f23133d184	262244	bc620013d295a3b741947823c358090ccb586c99ebd5750d79d760b1f6c299c0	false	4096	/guest/c5_native_function_warm_low_contention_352_direct_events	0.0.1@1784741948012	7c95d7eb747a585de4ba37797448eeea20f9011253d96f6672edd9740afe5c34	e37c0920ad877a89cf2f9f769aa05e9e08a4e9f802f6d509a45a4db56edbeba8	/guest/c5_native_function_warm_low_contention_352_direct_events	db7517d89754	8	db7517d89754:8		19	true	warm_no_init_interval	complete	5969128	5982342
native	measured	87	87	1	4a27926322ff46a7a7926322ff76a705	compression-derived-random256k-level6-v1	c5-gzip-level6-random256k-v1	true	true	ok	262144	04f7209a1428aceb9b838a3043af314defd245fab3da383edf7753f23133d184	262244	bc620013d295a3b741947823c358090ccb586c99ebd5750d79d760b1f6c299c0	false	4096	/guest/c5_native_function_warm_low_contention_352_direct_events	0.0.1@1784741948012	7c95d7eb747a585de4ba37797448eeea20f9011253d96f6672edd9740afe5c34	e37c0920ad877a89cf2f9f769aa05e9e08a4e9f802f6d509a45a4db56edbeba8	/guest/c5_native_function_warm_low_contention_352_direct_events	412815d5a6fc	8	412815d5a6fc:8		14	true	warm_no_init_interval	complete	5706243	5728603
native	measured	88	88	1	96c9666332494b6889666332494b680b	compression-derived-random256k-level6-v1	c5-gzip-level6-random256k-v1	true	true	ok	262144	04f7209a1428aceb9b838a3043af314defd245fab3da383edf7753f23133d184	262244	bc620013d295a3b741947823c358090ccb586c99ebd5750d79d760b1f6c299c0	false	4096	/guest/c5_native_function_warm_low_contention_352_direct_events	0.0.1@1784741948012	7c95d7eb747a585de4ba37797448eeea20f9011253d96f6672edd9740afe5c34	e37c0920ad877a89cf2f9f769aa05e9e08a4e9f802f6d509a45a4db56edbeba8	/guest/c5_native_function_warm_low_contention_352_direct_events	db7517d89754	8	db7517d89754:8		16	true	warm_no_init_interval	complete	5669164	5682478
native	measured	89	89	1	53f1fe98b95d4e79b1fe98b95d0e7977	compression-derived-random256k-level6-v1	c5-gzip-level6-random256k-v1	true	true	ok	262144	04f7209a1428aceb9b838a3043af314defd245fab3da383edf7753f23133d184	262244	bc620013d295a3b741947823c358090ccb586c99ebd5750d79d760b1f6c299c0	false	4096	/guest/c5_native_function_warm_low_contention_352_direct_events	0.0.1@1784741948012	7c95d7eb747a585de4ba37797448eeea20f9011253d96f6672edd9740afe5c34	e37c0920ad877a89cf2f9f769aa05e9e08a4e9f802f6d509a45a4db56edbeba8	/guest/c5_native_function_warm_low_contention_352_direct_events	412815d5a6fc	8	412815d5a6fc:8		34	true	warm_no_init_interval	complete	8152990	8182969
native	measured	90	90	1	76ad0db510cd41d4ad0db510cd01d43c	compression-derived-random256k-level6-v1	c5-gzip-level6-random256k-v1	true	true	ok	262144	04f7209a1428aceb9b838a3043af314defd245fab3da383edf7753f23133d184	262244	bc620013d295a3b741947823c358090ccb586c99ebd5750d79d760b1f6c299c0	false	4096	/guest/c5_native_function_warm_low_contention_352_direct_events	0.0.1@1784741948012	7c95d7eb747a585de4ba37797448eeea20f9011253d96f6672edd9740afe5c34	e37c0920ad877a89cf2f9f769aa05e9e08a4e9f802f6d509a45a4db56edbeba8	/guest/c5_native_function_warm_low_contention_352_direct_events	db7517d89754	8	db7517d89754:8		23	true	warm_no_init_interval	complete	5456077	5470381
native	measured	91	91	1	57035cc50d404180835cc50d40c18009	compression-derived-random256k-level6-v1	c5-gzip-level6-random256k-v1	true	true	ok	262144	04f7209a1428aceb9b838a3043af314defd245fab3da383edf7753f23133d184	262244	bc620013d295a3b741947823c358090ccb586c99ebd5750d79d760b1f6c299c0	false	4096	/guest/c5_native_function_warm_low_contention_352_direct_events	0.0.1@1784741948012	7c95d7eb747a585de4ba37797448eeea20f9011253d96f6672edd9740afe5c34	e37c0920ad877a89cf2f9f769aa05e9e08a4e9f802f6d509a45a4db56edbeba8	/guest/c5_native_function_warm_low_contention_352_direct_events	db7517d89754	8	db7517d89754:8		28	true	warm_no_init_interval	complete	5418345	5432325
native	measured	92	92	1	c17bfd57ec4f4e9bbbfd57ec4f4e9b94	compression-derived-random256k-level6-v1	c5-gzip-level6-random256k-v1	true	true	ok	262144	04f7209a1428aceb9b838a3043af314defd245fab3da383edf7753f23133d184	262244	bc620013d295a3b741947823c358090ccb586c99ebd5750d79d760b1f6c299c0	false	4096	/guest/c5_native_function_warm_low_contention_352_direct_events	0.0.1@1784741948012	7c95d7eb747a585de4ba37797448eeea20f9011253d96f6672edd9740afe5c34	e37c0920ad877a89cf2f9f769aa05e9e08a4e9f802f6d509a45a4db56edbeba8	/guest/c5_native_function_warm_low_contention_352_direct_events	db7517d89754	8	db7517d89754:8		33	true	warm_no_init_interval	complete	6988674	7003433
native	measured	93	93	1	3c8fd2631ac744578fd2631ac7c4571c	compression-derived-random256k-level6-v1	c5-gzip-level6-random256k-v1	true	true	ok	262144	04f7209a1428aceb9b838a3043af314defd245fab3da383edf7753f23133d184	262244	bc620013d295a3b741947823c358090ccb586c99ebd5750d79d760b1f6c299c0	false	4096	/guest/c5_native_function_warm_low_contention_352_direct_events	0.0.1@1784741948012	7c95d7eb747a585de4ba37797448eeea20f9011253d96f6672edd9740afe5c34	e37c0920ad877a89cf2f9f769aa05e9e08a4e9f802f6d509a45a4db56edbeba8	/guest/c5_native_function_warm_low_contention_352_direct_events	412815d5a6fc	8	412815d5a6fc:8		44	true	warm_no_init_interval	complete	5737447	5760365
native	measured	94	94	1	216676d4b8ee43a9a676d4b8ee23a97a	compression-derived-random256k-level6-v1	c5-gzip-level6-random256k-v1	true	true	ok	262144	04f7209a1428aceb9b838a3043af314defd245fab3da383edf7753f23133d184	262244	bc620013d295a3b741947823c358090ccb586c99ebd5750d79d760b1f6c299c0	false	4096	/guest/c5_native_function_warm_low_contention_352_direct_events	0.0.1@1784741948012	7c95d7eb747a585de4ba37797448eeea20f9011253d96f6672edd9740afe5c34	e37c0920ad877a89cf2f9f769aa05e9e08a4e9f802f6d509a45a4db56edbeba8	/guest/c5_native_function_warm_low_contention_352_direct_events	db7517d89754	8	db7517d89754:8		18	true	warm_no_init_interval	complete	5477859	5492968
native	measured	95	95	1	69bc194375ad4b1dbc194375ad9b1d9b	compression-derived-random256k-level6-v1	c5-gzip-level6-random256k-v1	true	true	ok	262144	04f7209a1428aceb9b838a3043af314defd245fab3da383edf7753f23133d184	262244	bc620013d295a3b741947823c358090ccb586c99ebd5750d79d760b1f6c299c0	false	4096	/guest/c5_native_function_warm_low_contention_352_direct_events	0.0.1@1784741948012	7c95d7eb747a585de4ba37797448eeea20f9011253d96f6672edd9740afe5c34	e37c0920ad877a89cf2f9f769aa05e9e08a4e9f802f6d509a45a4db56edbeba8	/guest/c5_native_function_warm_low_contention_352_direct_events	db7517d89754	8	db7517d89754:8		17	true	warm_no_init_interval	complete	5482746	5496980
native	measured	96	96	1	815d7a92710441229d7a927104212250	compression-derived-random256k-level6-v1	c5-gzip-level6-random256k-v1	true	true	ok	262144	04f7209a1428aceb9b838a3043af314defd245fab3da383edf7753f23133d184	262244	bc620013d295a3b741947823c358090ccb586c99ebd5750d79d760b1f6c299c0	false	4096	/guest/c5_native_function_warm_low_contention_352_direct_events	0.0.1@1784741948012	7c95d7eb747a585de4ba37797448eeea20f9011253d96f6672edd9740afe5c34	e37c0920ad877a89cf2f9f769aa05e9e08a4e9f802f6d509a45a4db56edbeba8	/guest/c5_native_function_warm_low_contention_352_direct_events	db7517d89754	8	db7517d89754:8		21	true	warm_no_init_interval	complete	6000729	6016046
native	measured	97	97	1	f1b1b683b99946cfb1b683b999c6cf96	compression-derived-random256k-level6-v1	c5-gzip-level6-random256k-v1	true	true	ok	262144	04f7209a1428aceb9b838a3043af314defd245fab3da383edf7753f23133d184	262244	bc620013d295a3b741947823c358090ccb586c99ebd5750d79d760b1f6c299c0	false	4096	/guest/c5_native_function_warm_low_contention_352_direct_events	0.0.1@1784741948012	7c95d7eb747a585de4ba37797448eeea20f9011253d96f6672edd9740afe5c34	e37c0920ad877a89cf2f9f769aa05e9e08a4e9f802f6d509a45a4db56edbeba8	/guest/c5_native_function_warm_low_contention_352_direct_events	db7517d89754	8	db7517d89754:8		14	true	warm_no_init_interval	complete	5454775	5468066
native	measured	98	98	1	b0f4aeb5f9b948f8b4aeb5f9b9c8f8b6	compression-derived-random256k-level6-v1	c5-gzip-level6-random256k-v1	true	true	ok	262144	04f7209a1428aceb9b838a3043af314defd245fab3da383edf7753f23133d184	262244	bc620013d295a3b741947823c358090ccb586c99ebd5750d79d760b1f6c299c0	false	4096	/guest/c5_native_function_warm_low_contention_352_direct_events	0.0.1@1784741948012	7c95d7eb747a585de4ba37797448eeea20f9011253d96f6672edd9740afe5c34	e37c0920ad877a89cf2f9f769aa05e9e08a4e9f802f6d509a45a4db56edbeba8	/guest/c5_native_function_warm_low_contention_352_direct_events	412815d5a6fc	8	412815d5a6fc:8		10	true	warm_no_init_interval	complete	5944993	5972845
native	measured	99	99	1	aac86b3966764df9886b396676fdf946	compression-derived-random256k-level6-v1	c5-gzip-level6-random256k-v1	true	true	ok	262144	04f7209a1428aceb9b838a3043af314defd245fab3da383edf7753f23133d184	262244	bc620013d295a3b741947823c358090ccb586c99ebd5750d79d760b1f6c299c0	false	4096	/guest/c5_native_function_warm_low_contention_352_direct_events	0.0.1@1784741948012	7c95d7eb747a585de4ba37797448eeea20f9011253d96f6672edd9740afe5c34	e37c0920ad877a89cf2f9f769aa05e9e08a4e9f802f6d509a45a4db56edbeba8	/guest/c5_native_function_warm_low_contention_352_direct_events	db7517d89754	8	db7517d89754:8		12	true	warm_no_init_interval	complete	5481347	5494462
native	measured	100	100	1	a61a3d061877418e9a3d061877018e87	compression-derived-random256k-level6-v1	c5-gzip-level6-random256k-v1	true	true	ok	262144	04f7209a1428aceb9b838a3043af314defd245fab3da383edf7753f23133d184	262244	bc620013d295a3b741947823c358090ccb586c99ebd5750d79d760b1f6c299c0	false	4096	/guest/c5_native_function_warm_low_contention_352_direct_events	0.0.1@1784741948012	7c95d7eb747a585de4ba37797448eeea20f9011253d96f6672edd9740afe5c34	e37c0920ad877a89cf2f9f769aa05e9e08a4e9f802f6d509a45a4db56edbeba8	/guest/c5_native_function_warm_low_contention_352_direct_events	412815d5a6fc	8	412815d5a6fc:8		20	true	warm_no_init_interval	complete	5728205	5753011
native	measured	101	101	1	9c36a9b0ff5a48b4b6a9b0ff5a88b44e	compression-derived-random256k-level6-v1	c5-gzip-level6-random256k-v1	true	true	ok	262144	04f7209a1428aceb9b838a3043af314defd245fab3da383edf7753f23133d184	262244	bc620013d295a3b741947823c358090ccb586c99ebd5750d79d760b1f6c299c0	false	4096	/guest/c5_native_function_warm_low_contention_352_direct_events	0.0.1@1784741948012	7c95d7eb747a585de4ba37797448eeea20f9011253d96f6672edd9740afe5c34	e37c0920ad877a89cf2f9f769aa05e9e08a4e9f802f6d509a45a4db56edbeba8	/guest/c5_native_function_warm_low_contention_352_direct_events	db7517d89754	8	db7517d89754:8		15	true	warm_no_init_interval	complete	5544281	5559643
native	measured	102	102	1	c3cb254680954a5e8b25468095ca5ed9	compression-derived-random256k-level6-v1	c5-gzip-level6-random256k-v1	true	true	ok	262144	04f7209a1428aceb9b838a3043af314defd245fab3da383edf7753f23133d184	262244	bc620013d295a3b741947823c358090ccb586c99ebd5750d79d760b1f6c299c0	false	4096	/guest/c5_native_function_warm_low_contention_352_direct_events	0.0.1@1784741948012	7c95d7eb747a585de4ba37797448eeea20f9011253d96f6672edd9740afe5c34	e37c0920ad877a89cf2f9f769aa05e9e08a4e9f802f6d509a45a4db56edbeba8	/guest/c5_native_function_warm_low_contention_352_direct_events	db7517d89754	8	db7517d89754:8		22	true	warm_no_init_interval	complete	5463106	5480005
native	measured	103	103	1	a4a3bc71f39d4a9ea3bc71f39d0a9e8d	compression-derived-random256k-level6-v1	c5-gzip-level6-random256k-v1	true	true	ok	262144	04f7209a1428aceb9b838a3043af314defd245fab3da383edf7753f23133d184	262244	bc620013d295a3b741947823c358090ccb586c99ebd5750d79d760b1f6c299c0	false	4096	/guest/c5_native_function_warm_low_contention_352_direct_events	0.0.1@1784741948012	7c95d7eb747a585de4ba37797448eeea20f9011253d96f6672edd9740afe5c34	e37c0920ad877a89cf2f9f769aa05e9e08a4e9f802f6d509a45a4db56edbeba8	/guest/c5_native_function_warm_low_contention_352_direct_events	db7517d89754	8	db7517d89754:8		33	true	warm_no_init_interval	complete	5491480	5506291
native	measured	104	104	1	b1002cc364404b7f802cc364402b7f66	compression-derived-random256k-level6-v1	c5-gzip-level6-random256k-v1	true	true	ok	262144	04f7209a1428aceb9b838a3043af314defd245fab3da383edf7753f23133d184	262244	bc620013d295a3b741947823c358090ccb586c99ebd5750d79d760b1f6c299c0	false	4096	/guest/c5_native_function_warm_low_contention_352_direct_events	0.0.1@1784741948012	7c95d7eb747a585de4ba37797448eeea20f9011253d96f6672edd9740afe5c34	e37c0920ad877a89cf2f9f769aa05e9e08a4e9f802f6d509a45a4db56edbeba8	/guest/c5_native_function_warm_low_contention_352_direct_events	db7517d89754	8	db7517d89754:8		24	true	warm_no_init_interval	complete	7953507	7970026
native	measured	105	105	1	92d373ef2f9248209373ef2f92082068	compression-derived-random256k-level6-v1	c5-gzip-level6-random256k-v1	true	true	ok	262144	04f7209a1428aceb9b838a3043af314defd245fab3da383edf7753f23133d184	262244	bc620013d295a3b741947823c358090ccb586c99ebd5750d79d760b1f6c299c0	false	4096	/guest/c5_native_function_warm_low_contention_352_direct_events	0.0.1@1784741948012	7c95d7eb747a585de4ba37797448eeea20f9011253d96f6672edd9740afe5c34	e37c0920ad877a89cf2f9f769aa05e9e08a4e9f802f6d509a45a4db56edbeba8	/guest/c5_native_function_warm_low_contention_352_direct_events	412815d5a6fc	8	412815d5a6fc:8		12	true	warm_no_init_interval	complete	5551025	5576207
native	measured	106	106	1	2516c1a1fe2f40c496c1a1fe2fa0c4be	compression-derived-random256k-level6-v1	c5-gzip-level6-random256k-v1	true	true	ok	262144	04f7209a1428aceb9b838a3043af314defd245fab3da383edf7753f23133d184	262244	bc620013d295a3b741947823c358090ccb586c99ebd5750d79d760b1f6c299c0	false	4096	/guest/c5_native_function_warm_low_contention_352_direct_events	0.0.1@1784741948012	7c95d7eb747a585de4ba37797448eeea20f9011253d96f6672edd9740afe5c34	e37c0920ad877a89cf2f9f769aa05e9e08a4e9f802f6d509a45a4db56edbeba8	/guest/c5_native_function_warm_low_contention_352_direct_events	db7517d89754	8	db7517d89754:8		12	true	warm_no_init_interval	complete	5426565	5440361
native	measured	107	107	1	5218b3620fd44cb698b3620fd41cb6ba	compression-derived-random256k-level6-v1	c5-gzip-level6-random256k-v1	true	true	ok	262144	04f7209a1428aceb9b838a3043af314defd245fab3da383edf7753f23133d184	262244	bc620013d295a3b741947823c358090ccb586c99ebd5750d79d760b1f6c299c0	false	4096	/guest/c5_native_function_warm_low_contention_352_direct_events	0.0.1@1784741948012	7c95d7eb747a585de4ba37797448eeea20f9011253d96f6672edd9740afe5c34	e37c0920ad877a89cf2f9f769aa05e9e08a4e9f802f6d509a45a4db56edbeba8	/guest/c5_native_function_warm_low_contention_352_direct_events	db7517d89754	8	db7517d89754:8		11	true	warm_no_init_interval	complete	5459285	5472141
native	measured	108	108	1	ad3c328424f34b83bc328424f3eb83b5	compression-derived-random256k-level6-v1	c5-gzip-level6-random256k-v1	true	true	ok	262144	04f7209a1428aceb9b838a3043af314defd245fab3da383edf7753f23133d184	262244	bc620013d295a3b741947823c358090ccb586c99ebd5750d79d760b1f6c299c0	false	4096	/guest/c5_native_function_warm_low_contention_352_direct_events	0.0.1@1784741948012	7c95d7eb747a585de4ba37797448eeea20f9011253d96f6672edd9740afe5c34	e37c0920ad877a89cf2f9f769aa05e9e08a4e9f802f6d509a45a4db56edbeba8	/guest/c5_native_function_warm_low_contention_352_direct_events	db7517d89754	8	db7517d89754:8		25	true	warm_no_init_interval	complete	5476376	5489795
native	measured	109	109	1	c30a079776de47618a079776ded761cd	compression-derived-random256k-level6-v1	c5-gzip-level6-random256k-v1	true	true	ok	262144	04f7209a1428aceb9b838a3043af314defd245fab3da383edf7753f23133d184	262244	bc620013d295a3b741947823c358090ccb586c99ebd5750d79d760b1f6c299c0	false	4096	/guest/c5_native_function_warm_low_contention_352_direct_events	0.0.1@1784741948012	7c95d7eb747a585de4ba37797448eeea20f9011253d96f6672edd9740afe5c34	e37c0920ad877a89cf2f9f769aa05e9e08a4e9f802f6d509a45a4db56edbeba8	/guest/c5_native_function_warm_low_contention_352_direct_events	db7517d89754	8	db7517d89754:8		18	true	warm_no_init_interval	complete	5439644	5456343
native	measured	110	110	1	00129fece61c4928929fece61cb92825	compression-derived-random256k-level6-v1	c5-gzip-level6-random256k-v1	true	true	ok	262144	04f7209a1428aceb9b838a3043af314defd245fab3da383edf7753f23133d184	262244	bc620013d295a3b741947823c358090ccb586c99ebd5750d79d760b1f6c299c0	false	4096	/guest/c5_native_function_warm_low_contention_352_direct_events	0.0.1@1784741948012	7c95d7eb747a585de4ba37797448eeea20f9011253d96f6672edd9740afe5c34	e37c0920ad877a89cf2f9f769aa05e9e08a4e9f802f6d509a45a4db56edbeba8	/guest/c5_native_function_warm_low_contention_352_direct_events	db7517d89754	8	db7517d89754:8		17	true	warm_no_init_interval	complete	6849916	6871736
native	measured	111	111	1	03aea93abba64149aea93abba6714998	compression-derived-random256k-level6-v1	c5-gzip-level6-random256k-v1	true	true	ok	262144	04f7209a1428aceb9b838a3043af314defd245fab3da383edf7753f23133d184	262244	bc620013d295a3b741947823c358090ccb586c99ebd5750d79d760b1f6c299c0	false	4096	/guest/c5_native_function_warm_low_contention_352_direct_events	0.0.1@1784741948012	7c95d7eb747a585de4ba37797448eeea20f9011253d96f6672edd9740afe5c34	e37c0920ad877a89cf2f9f769aa05e9e08a4e9f802f6d509a45a4db56edbeba8	/guest/c5_native_function_warm_low_contention_352_direct_events	db7517d89754	8	db7517d89754:8		23	true	warm_no_init_interval	complete	6244714	6260260
native	measured	112	112	1	8771887d6a8b4abcb1887d6a8b9abca7	compression-derived-random256k-level6-v1	c5-gzip-level6-random256k-v1	true	true	ok	262144	04f7209a1428aceb9b838a3043af314defd245fab3da383edf7753f23133d184	262244	bc620013d295a3b741947823c358090ccb586c99ebd5750d79d760b1f6c299c0	false	4096	/guest/c5_native_function_warm_low_contention_352_direct_events	0.0.1@1784741948012	7c95d7eb747a585de4ba37797448eeea20f9011253d96f6672edd9740afe5c34	e37c0920ad877a89cf2f9f769aa05e9e08a4e9f802f6d509a45a4db56edbeba8	/guest/c5_native_function_warm_low_contention_352_direct_events	412815d5a6fc	8	412815d5a6fc:8		23	true	warm_no_init_interval	complete	5604855	5630231
native	measured	113	113	1	b161e66488f74abda1e66488f7babd7b	compression-derived-random256k-level6-v1	c5-gzip-level6-random256k-v1	true	true	ok	262144	04f7209a1428aceb9b838a3043af314defd245fab3da383edf7753f23133d184	262244	bc620013d295a3b741947823c358090ccb586c99ebd5750d79d760b1f6c299c0	false	4096	/guest/c5_native_function_warm_low_contention_352_direct_events	0.0.1@1784741948012	7c95d7eb747a585de4ba37797448eeea20f9011253d96f6672edd9740afe5c34	e37c0920ad877a89cf2f9f769aa05e9e08a4e9f802f6d509a45a4db56edbeba8	/guest/c5_native_function_warm_low_contention_352_direct_events	db7517d89754	8	db7517d89754:8		9	true	warm_no_init_interval	complete	8446260	8463387
native	measured	114	114	1	9a0d72b9e8dc4ccc8d72b9e8dc2ccc8a	compression-derived-random256k-level6-v1	c5-gzip-level6-random256k-v1	true	true	ok	262144	04f7209a1428aceb9b838a3043af314defd245fab3da383edf7753f23133d184	262244	bc620013d295a3b741947823c358090ccb586c99ebd5750d79d760b1f6c299c0	false	4096	/guest/c5_native_function_warm_low_contention_352_direct_events	0.0.1@1784741948012	7c95d7eb747a585de4ba37797448eeea20f9011253d96f6672edd9740afe5c34	e37c0920ad877a89cf2f9f769aa05e9e08a4e9f802f6d509a45a4db56edbeba8	/guest/c5_native_function_warm_low_contention_352_direct_events	db7517d89754	8	db7517d89754:8		18	true	warm_no_init_interval	complete	9458471	9476472
native	measured	115	115	1	de8511ea982f41a58511ea982f31a5d3	compression-derived-random256k-level6-v1	c5-gzip-level6-random256k-v1	true	true	ok	262144	04f7209a1428aceb9b838a3043af314defd245fab3da383edf7753f23133d184	262244	bc620013d295a3b741947823c358090ccb586c99ebd5750d79d760b1f6c299c0	false	4096	/guest/c5_native_function_warm_low_contention_352_direct_events	0.0.1@1784741948012	7c95d7eb747a585de4ba37797448eeea20f9011253d96f6672edd9740afe5c34	e37c0920ad877a89cf2f9f769aa05e9e08a4e9f802f6d509a45a4db56edbeba8	/guest/c5_native_function_warm_low_contention_352_direct_events	412815d5a6fc	8	412815d5a6fc:8		13	true	warm_no_init_interval	complete	5906889	5933519
native	measured	116	116	1	01c1cd1730934d3081cd173093fd308c	compression-derived-random256k-level6-v1	c5-gzip-level6-random256k-v1	true	true	ok	262144	04f7209a1428aceb9b838a3043af314defd245fab3da383edf7753f23133d184	262244	bc620013d295a3b741947823c358090ccb586c99ebd5750d79d760b1f6c299c0	false	4096	/guest/c5_native_function_warm_low_contention_352_direct_events	0.0.1@1784741948012	7c95d7eb747a585de4ba37797448eeea20f9011253d96f6672edd9740afe5c34	e37c0920ad877a89cf2f9f769aa05e9e08a4e9f802f6d509a45a4db56edbeba8	/guest/c5_native_function_warm_low_contention_352_direct_events	db7517d89754	8	db7517d89754:8		13	true	warm_no_init_interval	complete	8518277	8535647
native	measured	117	117	1	6194cbe25a4b428c94cbe25a4bc28c20	compression-derived-random256k-level6-v1	c5-gzip-level6-random256k-v1	true	true	ok	262144	04f7209a1428aceb9b838a3043af314defd245fab3da383edf7753f23133d184	262244	bc620013d295a3b741947823c358090ccb586c99ebd5750d79d760b1f6c299c0	false	4096	/guest/c5_native_function_warm_low_contention_352_direct_events	0.0.1@1784741948012	7c95d7eb747a585de4ba37797448eeea20f9011253d96f6672edd9740afe5c34	e37c0920ad877a89cf2f9f769aa05e9e08a4e9f802f6d509a45a4db56edbeba8	/guest/c5_native_function_warm_low_contention_352_direct_events	412815d5a6fc	8	412815d5a6fc:8		13	true	warm_no_init_interval	complete	5572310	5601971
native	measured	118	118	1	bb55703447094d179570344709fd17f8	compression-derived-random256k-level6-v1	c5-gzip-level6-random256k-v1	true	true	ok	262144	04f7209a1428aceb9b838a3043af314defd245fab3da383edf7753f23133d184	262244	bc620013d295a3b741947823c358090ccb586c99ebd5750d79d760b1f6c299c0	false	4096	/guest/c5_native_function_warm_low_contention_352_direct_events	0.0.1@1784741948012	7c95d7eb747a585de4ba37797448eeea20f9011253d96f6672edd9740afe5c34	e37c0920ad877a89cf2f9f769aa05e9e08a4e9f802f6d509a45a4db56edbeba8	/guest/c5_native_function_warm_low_contention_352_direct_events	db7517d89754	8	db7517d89754:8		12	true	warm_no_init_interval	complete	8855942	8877929
native	measured	119	119	1	431f94d4184443789f94d41844d378b6	compression-derived-random256k-level6-v1	c5-gzip-level6-random256k-v1	true	true	ok	262144	04f7209a1428aceb9b838a3043af314defd245fab3da383edf7753f23133d184	262244	bc620013d295a3b741947823c358090ccb586c99ebd5750d79d760b1f6c299c0	false	4096	/guest/c5_native_function_warm_low_contention_352_direct_events	0.0.1@1784741948012	7c95d7eb747a585de4ba37797448eeea20f9011253d96f6672edd9740afe5c34	e37c0920ad877a89cf2f9f769aa05e9e08a4e9f802f6d509a45a4db56edbeba8	/guest/c5_native_function_warm_low_contention_352_direct_events	412815d5a6fc	8	412815d5a6fc:8		11	true	warm_no_init_interval	complete	5612293	5633449
native	measured	120	120	1	32758f0cf0c84b5eb58f0cf0c89b5e78	compression-derived-random256k-level6-v1	c5-gzip-level6-random256k-v1	true	true	ok	262144	04f7209a1428aceb9b838a3043af314defd245fab3da383edf7753f23133d184	262244	bc620013d295a3b741947823c358090ccb586c99ebd5750d79d760b1f6c299c0	false	4096	/guest/c5_native_function_warm_low_contention_352_direct_events	0.0.1@1784741948012	7c95d7eb747a585de4ba37797448eeea20f9011253d96f6672edd9740afe5c34	e37c0920ad877a89cf2f9f769aa05e9e08a4e9f802f6d509a45a4db56edbeba8	/guest/c5_native_function_warm_low_contention_352_direct_events	db7517d89754	8	db7517d89754:8		28	true	warm_no_init_interval	complete	5491705	5507285
native	measured	121	121	1	ebeb9307dc7841ebab9307dc78d1ebb6	compression-derived-random256k-level6-v1	c5-gzip-level6-random256k-v1	true	true	ok	262144	04f7209a1428aceb9b838a3043af314defd245fab3da383edf7753f23133d184	262244	bc620013d295a3b741947823c358090ccb586c99ebd5750d79d760b1f6c299c0	false	4096	/guest/c5_native_function_warm_low_contention_352_direct_events	0.0.1@1784741948012	7c95d7eb747a585de4ba37797448eeea20f9011253d96f6672edd9740afe5c34	e37c0920ad877a89cf2f9f769aa05e9e08a4e9f802f6d509a45a4db56edbeba8	/guest/c5_native_function_warm_low_contention_352_direct_events	db7517d89754	8	db7517d89754:8		30	true	warm_no_init_interval	complete	5512242	5533196
native	measured	122	122	1	7fb1c7aa788a4e2bb1c7aa788a1e2bfb	compression-derived-random256k-level6-v1	c5-gzip-level6-random256k-v1	true	true	ok	262144	04f7209a1428aceb9b838a3043af314defd245fab3da383edf7753f23133d184	262244	bc620013d295a3b741947823c358090ccb586c99ebd5750d79d760b1f6c299c0	false	4096	/guest/c5_native_function_warm_low_contention_352_direct_events	0.0.1@1784741948012	7c95d7eb747a585de4ba37797448eeea20f9011253d96f6672edd9740afe5c34	e37c0920ad877a89cf2f9f769aa05e9e08a4e9f802f6d509a45a4db56edbeba8	/guest/c5_native_function_warm_low_contention_352_direct_events	412815d5a6fc	8	412815d5a6fc:8		20	true	warm_no_init_interval	complete	5718099	5741053
native	measured	123	123	1	188e5445bc4046418e5445bc406641dc	compression-derived-random256k-level6-v1	c5-gzip-level6-random256k-v1	true	true	ok	262144	04f7209a1428aceb9b838a3043af314defd245fab3da383edf7753f23133d184	262244	bc620013d295a3b741947823c358090ccb586c99ebd5750d79d760b1f6c299c0	false	4096	/guest/c5_native_function_warm_low_contention_352_direct_events	0.0.1@1784741948012	7c95d7eb747a585de4ba37797448eeea20f9011253d96f6672edd9740afe5c34	e37c0920ad877a89cf2f9f769aa05e9e08a4e9f802f6d509a45a4db56edbeba8	/guest/c5_native_function_warm_low_contention_352_direct_events	db7517d89754	8	db7517d89754:8		15	true	warm_no_init_interval	complete	7857543	7874352
native	measured	124	124	1	e3a127122c374479a127122c37a47971	compression-derived-random256k-level6-v1	c5-gzip-level6-random256k-v1	true	true	ok	262144	04f7209a1428aceb9b838a3043af314defd245fab3da383edf7753f23133d184	262244	bc620013d295a3b741947823c358090ccb586c99ebd5750d79d760b1f6c299c0	false	4096	/guest/c5_native_function_warm_low_contention_352_direct_events	0.0.1@1784741948012	7c95d7eb747a585de4ba37797448eeea20f9011253d96f6672edd9740afe5c34	e37c0920ad877a89cf2f9f769aa05e9e08a4e9f802f6d509a45a4db56edbeba8	/guest/c5_native_function_warm_low_contention_352_direct_events	db7517d89754	8	db7517d89754:8		15	true	warm_no_init_interval	complete	5491034	5504250
native	measured	125	125	1	6de54a6612ca48d1a54a6612cab8d1f0	compression-derived-random256k-level6-v1	c5-gzip-level6-random256k-v1	true	true	ok	262144	04f7209a1428aceb9b838a3043af314defd245fab3da383edf7753f23133d184	262244	bc620013d295a3b741947823c358090ccb586c99ebd5750d79d760b1f6c299c0	false	4096	/guest/c5_native_function_warm_low_contention_352_direct_events	0.0.1@1784741948012	7c95d7eb747a585de4ba37797448eeea20f9011253d96f6672edd9740afe5c34	e37c0920ad877a89cf2f9f769aa05e9e08a4e9f802f6d509a45a4db56edbeba8	/guest/c5_native_function_warm_low_contention_352_direct_events	db7517d89754	8	db7517d89754:8		22	true	warm_no_init_interval	complete	6482202	6517029
native	measured	126	126	1	49f984ad4be942ccb984ad4be9e2ccc6	compression-derived-random256k-level6-v1	c5-gzip-level6-random256k-v1	true	true	ok	262144	04f7209a1428aceb9b838a3043af314defd245fab3da383edf7753f23133d184	262244	bc620013d295a3b741947823c358090ccb586c99ebd5750d79d760b1f6c299c0	false	4096	/guest/c5_native_function_warm_low_contention_352_direct_events	0.0.1@1784741948012	7c95d7eb747a585de4ba37797448eeea20f9011253d96f6672edd9740afe5c34	e37c0920ad877a89cf2f9f769aa05e9e08a4e9f802f6d509a45a4db56edbeba8	/guest/c5_native_function_warm_low_contention_352_direct_events	db7517d89754	8	db7517d89754:8		30	true	warm_no_init_interval	complete	7635795	7654213
native	measured	127	127	1	d35d93a9597140239d93a959712023a9	compression-derived-random256k-level6-v1	c5-gzip-level6-random256k-v1	true	true	ok	262144	04f7209a1428aceb9b838a3043af314defd245fab3da383edf7753f23133d184	262244	bc620013d295a3b741947823c358090ccb586c99ebd5750d79d760b1f6c299c0	false	4096	/guest/c5_native_function_warm_low_contention_352_direct_events	0.0.1@1784741948012	7c95d7eb747a585de4ba37797448eeea20f9011253d96f6672edd9740afe5c34	e37c0920ad877a89cf2f9f769aa05e9e08a4e9f802f6d509a45a4db56edbeba8	/guest/c5_native_function_warm_low_contention_352_direct_events	412815d5a6fc	8	412815d5a6fc:8		19	true	warm_no_init_interval	complete	5692547	5723377
native	measured	128	128	1	bec0bbdf624543a280bbdf624533a2e0	compression-derived-random256k-level6-v1	c5-gzip-level6-random256k-v1	true	true	ok	262144	04f7209a1428aceb9b838a3043af314defd245fab3da383edf7753f23133d184	262244	bc620013d295a3b741947823c358090ccb586c99ebd5750d79d760b1f6c299c0	false	4096	/guest/c5_native_function_warm_low_contention_352_direct_events	0.0.1@1784741948012	7c95d7eb747a585de4ba37797448eeea20f9011253d96f6672edd9740afe5c34	e37c0920ad877a89cf2f9f769aa05e9e08a4e9f802f6d509a45a4db56edbeba8	/guest/c5_native_function_warm_low_contention_352_direct_events	db7517d89754	8	db7517d89754:8		13	true	warm_no_init_interval	complete	7920168	7937736
native	measured	129	129	1	126bc22ca2dd4a58abc22ca2ddca58b7	compression-derived-random256k-level6-v1	c5-gzip-level6-random256k-v1	true	true	ok	262144	04f7209a1428aceb9b838a3043af314defd245fab3da383edf7753f23133d184	262244	bc620013d295a3b741947823c358090ccb586c99ebd5750d79d760b1f6c299c0	false	4096	/guest/c5_native_function_warm_low_contention_352_direct_events	0.0.1@1784741948012	7c95d7eb747a585de4ba37797448eeea20f9011253d96f6672edd9740afe5c34	e37c0920ad877a89cf2f9f769aa05e9e08a4e9f802f6d509a45a4db56edbeba8	/guest/c5_native_function_warm_low_contention_352_direct_events	db7517d89754	8	db7517d89754:8		9	true	warm_no_init_interval	complete	5454321	5467427
native	measured	130	130	1	9d10776de07c48fd90776de07cf8fdc2	compression-derived-random256k-level6-v1	c5-gzip-level6-random256k-v1	true	true	ok	262144	04f7209a1428aceb9b838a3043af314defd245fab3da383edf7753f23133d184	262244	bc620013d295a3b741947823c358090ccb586c99ebd5750d79d760b1f6c299c0	false	4096	/guest/c5_native_function_warm_low_contention_352_direct_events	0.0.1@1784741948012	7c95d7eb747a585de4ba37797448eeea20f9011253d96f6672edd9740afe5c34	e37c0920ad877a89cf2f9f769aa05e9e08a4e9f802f6d509a45a4db56edbeba8	/guest/c5_native_function_warm_low_contention_352_direct_events	db7517d89754	8	db7517d89754:8		95	true	warm_no_init_interval	complete	5527272	5540050
native	measured	131	131	1	2f7c7eef9bb34302bc7eef9bb39302d7	compression-derived-random256k-level6-v1	c5-gzip-level6-random256k-v1	true	true	ok	262144	04f7209a1428aceb9b838a3043af314defd245fab3da383edf7753f23133d184	262244	bc620013d295a3b741947823c358090ccb586c99ebd5750d79d760b1f6c299c0	false	4096	/guest/c5_native_function_warm_low_contention_352_direct_events	0.0.1@1784741948012	7c95d7eb747a585de4ba37797448eeea20f9011253d96f6672edd9740afe5c34	e37c0920ad877a89cf2f9f769aa05e9e08a4e9f802f6d509a45a4db56edbeba8	/guest/c5_native_function_warm_low_contention_352_direct_events	db7517d89754	8	db7517d89754:8		63	true	warm_no_init_interval	complete	7743831	7766037
native	measured	132	132	1	72d3a67978444f9b93a67978443f9b82	compression-derived-random256k-level6-v1	c5-gzip-level6-random256k-v1	true	true	ok	262144	04f7209a1428aceb9b838a3043af314defd245fab3da383edf7753f23133d184	262244	bc620013d295a3b741947823c358090ccb586c99ebd5750d79d760b1f6c299c0	false	4096	/guest/c5_native_function_warm_low_contention_352_direct_events	0.0.1@1784741948012	7c95d7eb747a585de4ba37797448eeea20f9011253d96f6672edd9740afe5c34	e37c0920ad877a89cf2f9f769aa05e9e08a4e9f802f6d509a45a4db56edbeba8	/guest/c5_native_function_warm_low_contention_352_direct_events	412815d5a6fc	8	412815d5a6fc:8		35	true	warm_no_init_interval	complete	5698253	5720519
native	measured	133	133	1	3e9f305940f3462c9f305940f3562cb8	compression-derived-random256k-level6-v1	c5-gzip-level6-random256k-v1	true	true	ok	262144	04f7209a1428aceb9b838a3043af314defd245fab3da383edf7753f23133d184	262244	bc620013d295a3b741947823c358090ccb586c99ebd5750d79d760b1f6c299c0	false	4096	/guest/c5_native_function_warm_low_contention_352_direct_events	0.0.1@1784741948012	7c95d7eb747a585de4ba37797448eeea20f9011253d96f6672edd9740afe5c34	e37c0920ad877a89cf2f9f769aa05e9e08a4e9f802f6d509a45a4db56edbeba8	/guest/c5_native_function_warm_low_contention_352_direct_events	db7517d89754	8	db7517d89754:8		25	true	warm_no_init_interval	complete	5477834	5492433
native	measured	134	134	1	47300d50576949f7b00d505769a9f743	compression-derived-random256k-level6-v1	c5-gzip-level6-random256k-v1	true	true	ok	262144	04f7209a1428aceb9b838a3043af314defd245fab3da383edf7753f23133d184	262244	bc620013d295a3b741947823c358090ccb586c99ebd5750d79d760b1f6c299c0	false	4096	/guest/c5_native_function_warm_low_contention_352_direct_events	0.0.1@1784741948012	7c95d7eb747a585de4ba37797448eeea20f9011253d96f6672edd9740afe5c34	e37c0920ad877a89cf2f9f769aa05e9e08a4e9f802f6d509a45a4db56edbeba8	/guest/c5_native_function_warm_low_contention_352_direct_events	db7517d89754	8	db7517d89754:8		23	true	warm_no_init_interval	complete	5450245	5464258
native	measured	135	135	1	4e78eb2af8434cddb8eb2af843fcdd90	compression-derived-random256k-level6-v1	c5-gzip-level6-random256k-v1	true	true	ok	262144	04f7209a1428aceb9b838a3043af314defd245fab3da383edf7753f23133d184	262244	bc620013d295a3b741947823c358090ccb586c99ebd5750d79d760b1f6c299c0	false	4096	/guest/c5_native_function_warm_low_contention_352_direct_events	0.0.1@1784741948012	7c95d7eb747a585de4ba37797448eeea20f9011253d96f6672edd9740afe5c34	e37c0920ad877a89cf2f9f769aa05e9e08a4e9f802f6d509a45a4db56edbeba8	/guest/c5_native_function_warm_low_contention_352_direct_events	412815d5a6fc	8	412815d5a6fc:8		12	true	warm_no_init_interval	complete	5881340	5908514
native	measured	136	136	1	407287dd41b64b33b287dd41b60b3310	compression-derived-random256k-level6-v1	c5-gzip-level6-random256k-v1	true	true	ok	262144	04f7209a1428aceb9b838a3043af314defd245fab3da383edf7753f23133d184	262244	bc620013d295a3b741947823c358090ccb586c99ebd5750d79d760b1f6c299c0	false	4096	/guest/c5_native_function_warm_low_contention_352_direct_events	0.0.1@1784741948012	7c95d7eb747a585de4ba37797448eeea20f9011253d96f6672edd9740afe5c34	e37c0920ad877a89cf2f9f769aa05e9e08a4e9f802f6d509a45a4db56edbeba8	/guest/c5_native_function_warm_low_contention_352_direct_events	db7517d89754	8	db7517d89754:8		11	true	warm_no_init_interval	complete	5544927	5557938
native	measured	137	137	1	87129e76ad9a4f42929e76ad9a8f42cd	compression-derived-random256k-level6-v1	c5-gzip-level6-random256k-v1	true	true	ok	262144	04f7209a1428aceb9b838a3043af314defd245fab3da383edf7753f23133d184	262244	bc620013d295a3b741947823c358090ccb586c99ebd5750d79d760b1f6c299c0	false	4096	/guest/c5_native_function_warm_low_contention_352_direct_events	0.0.1@1784741948012	7c95d7eb747a585de4ba37797448eeea20f9011253d96f6672edd9740afe5c34	e37c0920ad877a89cf2f9f769aa05e9e08a4e9f802f6d509a45a4db56edbeba8	/guest/c5_native_function_warm_low_contention_352_direct_events	db7517d89754	8	db7517d89754:8		11	true	warm_no_init_interval	complete	7798359	7816320
native	measured	138	138	1	1fb0d148c1894bfcb0d148c1891bfcf6	compression-derived-random256k-level6-v1	c5-gzip-level6-random256k-v1	true	true	ok	262144	04f7209a1428aceb9b838a3043af314defd245fab3da383edf7753f23133d184	262244	bc620013d295a3b741947823c358090ccb586c99ebd5750d79d760b1f6c299c0	false	4096	/guest/c5_native_function_warm_low_contention_352_direct_events	0.0.1@1784741948012	7c95d7eb747a585de4ba37797448eeea20f9011253d96f6672edd9740afe5c34	e37c0920ad877a89cf2f9f769aa05e9e08a4e9f802f6d509a45a4db56edbeba8	/guest/c5_native_function_warm_low_contention_352_direct_events	db7517d89754	8	db7517d89754:8		9	true	warm_no_init_interval	complete	5484040	5501453
native	measured	139	139	1	a399ae15c999498999ae15c9999989b6	compression-derived-random256k-level6-v1	c5-gzip-level6-random256k-v1	true	true	ok	262144	04f7209a1428aceb9b838a3043af314defd245fab3da383edf7753f23133d184	262244	bc620013d295a3b741947823c358090ccb586c99ebd5750d79d760b1f6c299c0	false	4096	/guest/c5_native_function_warm_low_contention_352_direct_events	0.0.1@1784741948012	7c95d7eb747a585de4ba37797448eeea20f9011253d96f6672edd9740afe5c34	e37c0920ad877a89cf2f9f769aa05e9e08a4e9f802f6d509a45a4db56edbeba8	/guest/c5_native_function_warm_low_contention_352_direct_events	db7517d89754	8	db7517d89754:8		24	true	warm_no_init_interval	complete	6009393	6027070
native	measured	140	140	1	950ce79c57dd452d8ce79c57dd352df6	compression-derived-random256k-level6-v1	c5-gzip-level6-random256k-v1	true	true	ok	262144	04f7209a1428aceb9b838a3043af314defd245fab3da383edf7753f23133d184	262244	bc620013d295a3b741947823c358090ccb586c99ebd5750d79d760b1f6c299c0	false	4096	/guest/c5_native_function_warm_low_contention_352_direct_events	0.0.1@1784741948012	7c95d7eb747a585de4ba37797448eeea20f9011253d96f6672edd9740afe5c34	e37c0920ad877a89cf2f9f769aa05e9e08a4e9f802f6d509a45a4db56edbeba8	/guest/c5_native_function_warm_low_contention_352_direct_events	412815d5a6fc	8	412815d5a6fc:8		9	true	warm_no_init_interval	complete	8573596	8602907
native	measured	141	141	1	1ca7506d56864c40a7506d5686cc400b	compression-derived-random256k-level6-v1	c5-gzip-level6-random256k-v1	true	true	ok	262144	04f7209a1428aceb9b838a3043af314defd245fab3da383edf7753f23133d184	262244	bc620013d295a3b741947823c358090ccb586c99ebd5750d79d760b1f6c299c0	false	4096	/guest/c5_native_function_warm_low_contention_352_direct_events	0.0.1@1784741948012	7c95d7eb747a585de4ba37797448eeea20f9011253d96f6672edd9740afe5c34	e37c0920ad877a89cf2f9f769aa05e9e08a4e9f802f6d509a45a4db56edbeba8	/guest/c5_native_function_warm_low_contention_352_direct_events	db7517d89754	8	db7517d89754:8		20	true	warm_no_init_interval	complete	5455992	5469889
native	measured	142	142	1	971c8a4515dc41459c8a4515dc514593	compression-derived-random256k-level6-v1	c5-gzip-level6-random256k-v1	true	true	ok	262144	04f7209a1428aceb9b838a3043af314defd245fab3da383edf7753f23133d184	262244	bc620013d295a3b741947823c358090ccb586c99ebd5750d79d760b1f6c299c0	false	4096	/guest/c5_native_function_warm_low_contention_352_direct_events	0.0.1@1784741948012	7c95d7eb747a585de4ba37797448eeea20f9011253d96f6672edd9740afe5c34	e37c0920ad877a89cf2f9f769aa05e9e08a4e9f802f6d509a45a4db56edbeba8	/guest/c5_native_function_warm_low_contention_352_direct_events	db7517d89754	8	db7517d89754:8		34	true	warm_no_init_interval	complete	5783916	5804724
native	measured	143	143	1	5fccc81a371747c28cc81a3717f7c2d6	compression-derived-random256k-level6-v1	c5-gzip-level6-random256k-v1	true	true	ok	262144	04f7209a1428aceb9b838a3043af314defd245fab3da383edf7753f23133d184	262244	bc620013d295a3b741947823c358090ccb586c99ebd5750d79d760b1f6c299c0	false	4096	/guest/c5_native_function_warm_low_contention_352_direct_events	0.0.1@1784741948012	7c95d7eb747a585de4ba37797448eeea20f9011253d96f6672edd9740afe5c34	e37c0920ad877a89cf2f9f769aa05e9e08a4e9f802f6d509a45a4db56edbeba8	/guest/c5_native_function_warm_low_contention_352_direct_events	db7517d89754	8	db7517d89754:8		28	true	warm_no_init_interval	complete	8075735	8092627
native	measured	144	144	1	ff92316e44f3435b92316e44f3335b7a	compression-derived-random256k-level6-v1	c5-gzip-level6-random256k-v1	true	true	ok	262144	04f7209a1428aceb9b838a3043af314defd245fab3da383edf7753f23133d184	262244	bc620013d295a3b741947823c358090ccb586c99ebd5750d79d760b1f6c299c0	false	4096	/guest/c5_native_function_warm_low_contention_352_direct_events	0.0.1@1784741948012	7c95d7eb747a585de4ba37797448eeea20f9011253d96f6672edd9740afe5c34	e37c0920ad877a89cf2f9f769aa05e9e08a4e9f802f6d509a45a4db56edbeba8	/guest/c5_native_function_warm_low_contention_352_direct_events	db7517d89754	8	db7517d89754:8		23	true	warm_no_init_interval	complete	8406387	8422939
native	measured	145	145	1	81d0091d26ba43f090091d26ba63f0cb	compression-derived-random256k-level6-v1	c5-gzip-level6-random256k-v1	true	true	ok	262144	04f7209a1428aceb9b838a3043af314defd245fab3da383edf7753f23133d184	262244	bc620013d295a3b741947823c358090ccb586c99ebd5750d79d760b1f6c299c0	false	4096	/guest/c5_native_function_warm_low_contention_352_direct_events	0.0.1@1784741948012	7c95d7eb747a585de4ba37797448eeea20f9011253d96f6672edd9740afe5c34	e37c0920ad877a89cf2f9f769aa05e9e08a4e9f802f6d509a45a4db56edbeba8	/guest/c5_native_function_warm_low_contention_352_direct_events	db7517d89754	8	db7517d89754:8		13	true	warm_no_init_interval	complete	19142289	19163725
native	measured	146	146	1	d965898eeae64bb1a5898eeae6abb18e	compression-derived-random256k-level6-v1	c5-gzip-level6-random256k-v1	true	true	ok	262144	04f7209a1428aceb9b838a3043af314defd245fab3da383edf7753f23133d184	262244	bc620013d295a3b741947823c358090ccb586c99ebd5750d79d760b1f6c299c0	false	4096	/guest/c5_native_function_warm_low_contention_352_direct_events	0.0.1@1784741948012	7c95d7eb747a585de4ba37797448eeea20f9011253d96f6672edd9740afe5c34	e37c0920ad877a89cf2f9f769aa05e9e08a4e9f802f6d509a45a4db56edbeba8	/guest/c5_native_function_warm_low_contention_352_direct_events	db7517d89754	8	db7517d89754:8		14	true	warm_no_init_interval	complete	7858966	7878941
native	measured	147	147	1	ab88f7c00ab942d088f7c00ab922d095	compression-derived-random256k-level6-v1	c5-gzip-level6-random256k-v1	true	true	ok	262144	04f7209a1428aceb9b838a3043af314defd245fab3da383edf7753f23133d184	262244	bc620013d295a3b741947823c358090ccb586c99ebd5750d79d760b1f6c299c0	false	4096	/guest/c5_native_function_warm_low_contention_352_direct_events	0.0.1@1784741948012	7c95d7eb747a585de4ba37797448eeea20f9011253d96f6672edd9740afe5c34	e37c0920ad877a89cf2f9f769aa05e9e08a4e9f802f6d509a45a4db56edbeba8	/guest/c5_native_function_warm_low_contention_352_direct_events	db7517d89754	8	db7517d89754:8		15	true	warm_no_init_interval	complete	8436470	8452450
native	measured	148	148	1	eb1e9cb68c7842129e9cb68c78a21261	compression-derived-random256k-level6-v1	c5-gzip-level6-random256k-v1	true	true	ok	262144	04f7209a1428aceb9b838a3043af314defd245fab3da383edf7753f23133d184	262244	bc620013d295a3b741947823c358090ccb586c99ebd5750d79d760b1f6c299c0	false	4096	/guest/c5_native_function_warm_low_contention_352_direct_events	0.0.1@1784741948012	7c95d7eb747a585de4ba37797448eeea20f9011253d96f6672edd9740afe5c34	e37c0920ad877a89cf2f9f769aa05e9e08a4e9f802f6d509a45a4db56edbeba8	/guest/c5_native_function_warm_low_contention_352_direct_events	db7517d89754	8	db7517d89754:8		25	true	warm_no_init_interval	complete	5445307	5460634
native	measured	149	149	1	6cd9f70aebb34a7499f70aebb36a7447	compression-derived-random256k-level6-v1	c5-gzip-level6-random256k-v1	true	true	ok	262144	04f7209a1428aceb9b838a3043af314defd245fab3da383edf7753f23133d184	262244	bc620013d295a3b741947823c358090ccb586c99ebd5750d79d760b1f6c299c0	false	4096	/guest/c5_native_function_warm_low_contention_352_direct_events	0.0.1@1784741948012	7c95d7eb747a585de4ba37797448eeea20f9011253d96f6672edd9740afe5c34	e37c0920ad877a89cf2f9f769aa05e9e08a4e9f802f6d509a45a4db56edbeba8	/guest/c5_native_function_warm_low_contention_352_direct_events	db7517d89754	8	db7517d89754:8		23	true	warm_no_init_interval	complete	5495267	5508427
native	measured	150	150	1	202d294d7e4c4f0dad294d7e4c6f0d05	compression-derived-random256k-level6-v1	c5-gzip-level6-random256k-v1	true	true	ok	262144	04f7209a1428aceb9b838a3043af314defd245fab3da383edf7753f23133d184	262244	bc620013d295a3b741947823c358090ccb586c99ebd5750d79d760b1f6c299c0	false	4096	/guest/c5_native_function_warm_low_contention_352_direct_events	0.0.1@1784741948012	7c95d7eb747a585de4ba37797448eeea20f9011253d96f6672edd9740afe5c34	e37c0920ad877a89cf2f9f769aa05e9e08a4e9f802f6d509a45a4db56edbeba8	/guest/c5_native_function_warm_low_contention_352_direct_events	db7517d89754	8	db7517d89754:8		16	true	warm_no_init_interval	complete	5952700	5967106
native	measured	151	151	1	6f7001b702924ce3b001b702921ce380	compression-derived-random256k-level6-v1	c5-gzip-level6-random256k-v1	true	true	ok	262144	04f7209a1428aceb9b838a3043af314defd245fab3da383edf7753f23133d184	262244	bc620013d295a3b741947823c358090ccb586c99ebd5750d79d760b1f6c299c0	false	4096	/guest/c5_native_function_warm_low_contention_352_direct_events	0.0.1@1784741948012	7c95d7eb747a585de4ba37797448eeea20f9011253d96f6672edd9740afe5c34	e37c0920ad877a89cf2f9f769aa05e9e08a4e9f802f6d509a45a4db56edbeba8	/guest/c5_native_function_warm_low_contention_352_direct_events	db7517d89754	8	db7517d89754:8		25	true	warm_no_init_interval	complete	5452476	5467455
native	measured	152	152	1	d32bdecd3cc84327abdecd3cc88327bf	compression-derived-random256k-level6-v1	c5-gzip-level6-random256k-v1	true	true	ok	262144	04f7209a1428aceb9b838a3043af314defd245fab3da383edf7753f23133d184	262244	bc620013d295a3b741947823c358090ccb586c99ebd5750d79d760b1f6c299c0	false	4096	/guest/c5_native_function_warm_low_contention_352_direct_events	0.0.1@1784741948012	7c95d7eb747a585de4ba37797448eeea20f9011253d96f6672edd9740afe5c34	e37c0920ad877a89cf2f9f769aa05e9e08a4e9f802f6d509a45a4db56edbeba8	/guest/c5_native_function_warm_low_contention_352_direct_events	db7517d89754	8	db7517d89754:8		20	true	warm_no_init_interval	complete	5782988	5796773
native	measured	153	153	1	7d04b95e2859483884b95e2859283810	compression-derived-random256k-level6-v1	c5-gzip-level6-random256k-v1	true	true	ok	262144	04f7209a1428aceb9b838a3043af314defd245fab3da383edf7753f23133d184	262244	bc620013d295a3b741947823c358090ccb586c99ebd5750d79d760b1f6c299c0	false	4096	/guest/c5_native_function_warm_low_contention_352_direct_events	0.0.1@1784741948012	7c95d7eb747a585de4ba37797448eeea20f9011253d96f6672edd9740afe5c34	e37c0920ad877a89cf2f9f769aa05e9e08a4e9f802f6d509a45a4db56edbeba8	/guest/c5_native_function_warm_low_contention_352_direct_events	db7517d89754	8	db7517d89754:8		12	true	warm_no_init_interval	complete	5441804	5455963
native	measured	154	154	1	495149afaba0428d9149afaba0928d9c	compression-derived-random256k-level6-v1	c5-gzip-level6-random256k-v1	true	true	ok	262144	04f7209a1428aceb9b838a3043af314defd245fab3da383edf7753f23133d184	262244	bc620013d295a3b741947823c358090ccb586c99ebd5750d79d760b1f6c299c0	false	4096	/guest/c5_native_function_warm_low_contention_352_direct_events	0.0.1@1784741948012	7c95d7eb747a585de4ba37797448eeea20f9011253d96f6672edd9740afe5c34	e37c0920ad877a89cf2f9f769aa05e9e08a4e9f802f6d509a45a4db56edbeba8	/guest/c5_native_function_warm_low_contention_352_direct_events	db7517d89754	8	db7517d89754:8		28	true	warm_no_init_interval	complete	5466281	5480348
native	measured	155	155	1	8737f7ca10fe4ff7b7f7ca10feeff721	compression-derived-random256k-level6-v1	c5-gzip-level6-random256k-v1	true	true	ok	262144	04f7209a1428aceb9b838a3043af314defd245fab3da383edf7753f23133d184	262244	bc620013d295a3b741947823c358090ccb586c99ebd5750d79d760b1f6c299c0	false	4096	/guest/c5_native_function_warm_low_contention_352_direct_events	0.0.1@1784741948012	7c95d7eb747a585de4ba37797448eeea20f9011253d96f6672edd9740afe5c34	e37c0920ad877a89cf2f9f769aa05e9e08a4e9f802f6d509a45a4db56edbeba8	/guest/c5_native_function_warm_low_contention_352_direct_events	db7517d89754	8	db7517d89754:8		53	true	warm_no_init_interval	complete	5555807	5569926
native	measured	156	156	1	d4b9a5c0e82e4ccbb9a5c0e82ebccbdd	compression-derived-random256k-level6-v1	c5-gzip-level6-random256k-v1	true	true	ok	262144	04f7209a1428aceb9b838a3043af314defd245fab3da383edf7753f23133d184	262244	bc620013d295a3b741947823c358090ccb586c99ebd5750d79d760b1f6c299c0	false	4096	/guest/c5_native_function_warm_low_contention_352_direct_events	0.0.1@1784741948012	7c95d7eb747a585de4ba37797448eeea20f9011253d96f6672edd9740afe5c34	e37c0920ad877a89cf2f9f769aa05e9e08a4e9f802f6d509a45a4db56edbeba8	/guest/c5_native_function_warm_low_contention_352_direct_events	db7517d89754	8	db7517d89754:8		42	true	warm_no_init_interval	complete	5718475	5732375
native	measured	157	157	1	b8cb54de234948c68b54de2349c8c62d	compression-derived-random256k-level6-v1	c5-gzip-level6-random256k-v1	true	true	ok	262144	04f7209a1428aceb9b838a3043af314defd245fab3da383edf7753f23133d184	262244	bc620013d295a3b741947823c358090ccb586c99ebd5750d79d760b1f6c299c0	false	4096	/guest/c5_native_function_warm_low_contention_352_direct_events	0.0.1@1784741948012	7c95d7eb747a585de4ba37797448eeea20f9011253d96f6672edd9740afe5c34	e37c0920ad877a89cf2f9f769aa05e9e08a4e9f802f6d509a45a4db56edbeba8	/guest/c5_native_function_warm_low_contention_352_direct_events	db7517d89754	8	db7517d89754:8		33	true	warm_no_init_interval	complete	5630223	5954769
native	measured	158	158	1	467e367d746e4cc1be367d746eecc105	compression-derived-random256k-level6-v1	c5-gzip-level6-random256k-v1	true	true	ok	262144	04f7209a1428aceb9b838a3043af314defd245fab3da383edf7753f23133d184	262244	bc620013d295a3b741947823c358090ccb586c99ebd5750d79d760b1f6c299c0	false	4096	/guest/c5_native_function_warm_low_contention_352_direct_events	0.0.1@1784741948012	7c95d7eb747a585de4ba37797448eeea20f9011253d96f6672edd9740afe5c34	e37c0920ad877a89cf2f9f769aa05e9e08a4e9f802f6d509a45a4db56edbeba8	/guest/c5_native_function_warm_low_contention_352_direct_events	db7517d89754	8	db7517d89754:8		18	true	warm_no_init_interval	complete	5397997	5411727
native	measured	159	159	1	81ece67ae0164299ace67ae01652997d	compression-derived-random256k-level6-v1	c5-gzip-level6-random256k-v1	true	true	ok	262144	04f7209a1428aceb9b838a3043af314defd245fab3da383edf7753f23133d184	262244	bc620013d295a3b741947823c358090ccb586c99ebd5750d79d760b1f6c299c0	false	4096	/guest/c5_native_function_warm_low_contention_352_direct_events	0.0.1@1784741948012	7c95d7eb747a585de4ba37797448eeea20f9011253d96f6672edd9740afe5c34	e37c0920ad877a89cf2f9f769aa05e9e08a4e9f802f6d509a45a4db56edbeba8	/guest/c5_native_function_warm_low_contention_352_direct_events	db7517d89754	8	db7517d89754:8		20	true	warm_no_init_interval	complete	6364480	6380576
native	measured	160	160	1	b130277da7b447cdb0277da7b4d7cda4	compression-derived-random256k-level6-v1	c5-gzip-level6-random256k-v1	true	true	ok	262144	04f7209a1428aceb9b838a3043af314defd245fab3da383edf7753f23133d184	262244	bc620013d295a3b741947823c358090ccb586c99ebd5750d79d760b1f6c299c0	false	4096	/guest/c5_native_function_warm_low_contention_352_direct_events	0.0.1@1784741948012	7c95d7eb747a585de4ba37797448eeea20f9011253d96f6672edd9740afe5c34	e37c0920ad877a89cf2f9f769aa05e9e08a4e9f802f6d509a45a4db56edbeba8	/guest/c5_native_function_warm_low_contention_352_direct_events	db7517d89754	8	db7517d89754:8		25	true	warm_no_init_interval	complete	5426383	5439868
native	measured	161	161	1	f475500267374c95b5500267371c9533	compression-derived-random256k-level6-v1	c5-gzip-level6-random256k-v1	true	true	ok	262144	04f7209a1428aceb9b838a3043af314defd245fab3da383edf7753f23133d184	262244	bc620013d295a3b741947823c358090ccb586c99ebd5750d79d760b1f6c299c0	false	4096	/guest/c5_native_function_warm_low_contention_352_direct_events	0.0.1@1784741948012	7c95d7eb747a585de4ba37797448eeea20f9011253d96f6672edd9740afe5c34	e37c0920ad877a89cf2f9f769aa05e9e08a4e9f802f6d509a45a4db56edbeba8	/guest/c5_native_function_warm_low_contention_352_direct_events	db7517d89754	8	db7517d89754:8		30	true	warm_no_init_interval	complete	9868314	9886186
native	measured	162	162	1	a09a43fc512641d19a43fc512651d125	compression-derived-random256k-level6-v1	c5-gzip-level6-random256k-v1	true	true	ok	262144	04f7209a1428aceb9b838a3043af314defd245fab3da383edf7753f23133d184	262244	bc620013d295a3b741947823c358090ccb586c99ebd5750d79d760b1f6c299c0	false	4096	/guest/c5_native_function_warm_low_contention_352_direct_events	0.0.1@1784741948012	7c95d7eb747a585de4ba37797448eeea20f9011253d96f6672edd9740afe5c34	e37c0920ad877a89cf2f9f769aa05e9e08a4e9f802f6d509a45a4db56edbeba8	/guest/c5_native_function_warm_low_contention_352_direct_events	db7517d89754	8	db7517d89754:8		20	true	warm_no_init_interval	complete	8051449	8068964
native	measured	163	163	1	b1a32ec129d54515a32ec129d5e515f7	compression-derived-random256k-level6-v1	c5-gzip-level6-random256k-v1	true	true	ok	262144	04f7209a1428aceb9b838a3043af314defd245fab3da383edf7753f23133d184	262244	bc620013d295a3b741947823c358090ccb586c99ebd5750d79d760b1f6c299c0	false	4096	/guest/c5_native_function_warm_low_contention_352_direct_events	0.0.1@1784741948012	7c95d7eb747a585de4ba37797448eeea20f9011253d96f6672edd9740afe5c34	e37c0920ad877a89cf2f9f769aa05e9e08a4e9f802f6d509a45a4db56edbeba8	/guest/c5_native_function_warm_low_contention_352_direct_events	db7517d89754	8	db7517d89754:8		19	true	warm_no_init_interval	complete	7868397	7885281
native	measured	164	164	1	aaad8503ce30433bad8503ce30e33bfe	compression-derived-random256k-level6-v1	c5-gzip-level6-random256k-v1	true	true	ok	262144	04f7209a1428aceb9b838a3043af314defd245fab3da383edf7753f23133d184	262244	bc620013d295a3b741947823c358090ccb586c99ebd5750d79d760b1f6c299c0	false	4096	/guest/c5_native_function_warm_low_contention_352_direct_events	0.0.1@1784741948012	7c95d7eb747a585de4ba37797448eeea20f9011253d96f6672edd9740afe5c34	e37c0920ad877a89cf2f9f769aa05e9e08a4e9f802f6d509a45a4db56edbeba8	/guest/c5_native_function_warm_low_contention_352_direct_events	db7517d89754	8	db7517d89754:8		32	true	warm_no_init_interval	complete	5677825	5693194
native	measured	165	165	1	7a4e96c3328149a38e96c33281e9a398	compression-derived-random256k-level6-v1	c5-gzip-level6-random256k-v1	true	true	ok	262144	04f7209a1428aceb9b838a3043af314defd245fab3da383edf7753f23133d184	262244	bc620013d295a3b741947823c358090ccb586c99ebd5750d79d760b1f6c299c0	false	4096	/guest/c5_native_function_warm_low_contention_352_direct_events	0.0.1@1784741948012	7c95d7eb747a585de4ba37797448eeea20f9011253d96f6672edd9740afe5c34	e37c0920ad877a89cf2f9f769aa05e9e08a4e9f802f6d509a45a4db56edbeba8	/guest/c5_native_function_warm_low_contention_352_direct_events	412815d5a6fc	8	412815d5a6fc:8		95	true	warm_no_init_interval	complete	5531256	5557200
native	measured	166	166	1	225eba02c8aa45449eba02c8aa5544e5	compression-derived-random256k-level6-v1	c5-gzip-level6-random256k-v1	true	true	ok	262144	04f7209a1428aceb9b838a3043af314defd245fab3da383edf7753f23133d184	262244	bc620013d295a3b741947823c358090ccb586c99ebd5750d79d760b1f6c299c0	false	4096	/guest/c5_native_function_warm_low_contention_352_direct_events	0.0.1@1784741948012	7c95d7eb747a585de4ba37797448eeea20f9011253d96f6672edd9740afe5c34	e37c0920ad877a89cf2f9f769aa05e9e08a4e9f802f6d509a45a4db56edbeba8	/guest/c5_native_function_warm_low_contention_352_direct_events	db7517d89754	8	db7517d89754:8		39	true	warm_no_init_interval	complete	5551506	5564834
native	measured	167	167	1	a3a51ef5ac6e471fa51ef5ac6e371ff3	compression-derived-random256k-level6-v1	c5-gzip-level6-random256k-v1	true	true	ok	262144	04f7209a1428aceb9b838a3043af314defd245fab3da383edf7753f23133d184	262244	bc620013d295a3b741947823c358090ccb586c99ebd5750d79d760b1f6c299c0	false	4096	/guest/c5_native_function_warm_low_contention_352_direct_events	0.0.1@1784741948012	7c95d7eb747a585de4ba37797448eeea20f9011253d96f6672edd9740afe5c34	e37c0920ad877a89cf2f9f769aa05e9e08a4e9f802f6d509a45a4db56edbeba8	/guest/c5_native_function_warm_low_contention_352_direct_events	db7517d89754	8	db7517d89754:8		51	true	warm_no_init_interval	complete	5642421	5656732
native	measured	168	168	1	ad82330ea8d74b1182330ea8d73b11e3	compression-derived-random256k-level6-v1	c5-gzip-level6-random256k-v1	true	true	ok	262144	04f7209a1428aceb9b838a3043af314defd245fab3da383edf7753f23133d184	262244	bc620013d295a3b741947823c358090ccb586c99ebd5750d79d760b1f6c299c0	false	4096	/guest/c5_native_function_warm_low_contention_352_direct_events	0.0.1@1784741948012	7c95d7eb747a585de4ba37797448eeea20f9011253d96f6672edd9740afe5c34	e37c0920ad877a89cf2f9f769aa05e9e08a4e9f802f6d509a45a4db56edbeba8	/guest/c5_native_function_warm_low_contention_352_direct_events	db7517d89754	8	db7517d89754:8		42	true	warm_no_init_interval	complete	5796422	5811513
native	measured	169	169	1	47caa1b660324aa78aa1b66032aaa7f0	compression-derived-random256k-level6-v1	c5-gzip-level6-random256k-v1	true	true	ok	262144	04f7209a1428aceb9b838a3043af314defd245fab3da383edf7753f23133d184	262244	bc620013d295a3b741947823c358090ccb586c99ebd5750d79d760b1f6c299c0	false	4096	/guest/c5_native_function_warm_low_contention_352_direct_events	0.0.1@1784741948012	7c95d7eb747a585de4ba37797448eeea20f9011253d96f6672edd9740afe5c34	e37c0920ad877a89cf2f9f769aa05e9e08a4e9f802f6d509a45a4db56edbeba8	/guest/c5_native_function_warm_low_contention_352_direct_events	412815d5a6fc	8	412815d5a6fc:8		54	true	warm_no_init_interval	complete	7898510	7937606
native	measured	170	170	1	871d450acbf54aab9d450acbf59aabe2	compression-derived-random256k-level6-v1	c5-gzip-level6-random256k-v1	true	true	ok	262144	04f7209a1428aceb9b838a3043af314defd245fab3da383edf7753f23133d184	262244	bc620013d295a3b741947823c358090ccb586c99ebd5750d79d760b1f6c299c0	false	4096	/guest/c5_native_function_warm_low_contention_352_direct_events	0.0.1@1784741948012	7c95d7eb747a585de4ba37797448eeea20f9011253d96f6672edd9740afe5c34	e37c0920ad877a89cf2f9f769aa05e9e08a4e9f802f6d509a45a4db56edbeba8	/guest/c5_native_function_warm_low_contention_352_direct_events	db7517d89754	8	db7517d89754:8		16	true	warm_no_init_interval	complete	6605742	6624422
native	measured	171	171	1	beceacf84f8b4f3d8eacf84f8b0f3dfd	compression-derived-random256k-level6-v1	c5-gzip-level6-random256k-v1	true	true	ok	262144	04f7209a1428aceb9b838a3043af314defd245fab3da383edf7753f23133d184	262244	bc620013d295a3b741947823c358090ccb586c99ebd5750d79d760b1f6c299c0	false	4096	/guest/c5_native_function_warm_low_contention_352_direct_events	0.0.1@1784741948012	7c95d7eb747a585de4ba37797448eeea20f9011253d96f6672edd9740afe5c34	e37c0920ad877a89cf2f9f769aa05e9e08a4e9f802f6d509a45a4db56edbeba8	/guest/c5_native_function_warm_low_contention_352_direct_events	db7517d89754	8	db7517d89754:8		106	true	warm_no_init_interval	complete	6464838	6480951
native	measured	172	172	1	f447fcf96f6d437987fcf96f6db37971	compression-derived-random256k-level6-v1	c5-gzip-level6-random256k-v1	true	true	ok	262144	04f7209a1428aceb9b838a3043af314defd245fab3da383edf7753f23133d184	262244	bc620013d295a3b741947823c358090ccb586c99ebd5750d79d760b1f6c299c0	false	4096	/guest/c5_native_function_warm_low_contention_352_direct_events	0.0.1@1784741948012	7c95d7eb747a585de4ba37797448eeea20f9011253d96f6672edd9740afe5c34	e37c0920ad877a89cf2f9f769aa05e9e08a4e9f802f6d509a45a4db56edbeba8	/guest/c5_native_function_warm_low_contention_352_direct_events	412815d5a6fc	8	412815d5a6fc:8		54	true	warm_no_init_interval	complete	5526930	5554347
native	measured	173	173	1	52606fd2ec3e4c5fa06fd2ec3e7c5fa5	compression-derived-random256k-level6-v1	c5-gzip-level6-random256k-v1	true	true	ok	262144	04f7209a1428aceb9b838a3043af314defd245fab3da383edf7753f23133d184	262244	bc620013d295a3b741947823c358090ccb586c99ebd5750d79d760b1f6c299c0	false	4096	/guest/c5_native_function_warm_low_contention_352_direct_events	0.0.1@1784741948012	7c95d7eb747a585de4ba37797448eeea20f9011253d96f6672edd9740afe5c34	e37c0920ad877a89cf2f9f769aa05e9e08a4e9f802f6d509a45a4db56edbeba8	/guest/c5_native_function_warm_low_contention_352_direct_events	db7517d89754	8	db7517d89754:8		36	true	warm_no_init_interval	complete	5556275	5571396
native	measured	174	174	1	f343d8c24b1b4be283d8c24b1bbbe286	compression-derived-random256k-level6-v1	c5-gzip-level6-random256k-v1	true	true	ok	262144	04f7209a1428aceb9b838a3043af314defd245fab3da383edf7753f23133d184	262244	bc620013d295a3b741947823c358090ccb586c99ebd5750d79d760b1f6c299c0	false	4096	/guest/c5_native_function_warm_low_contention_352_direct_events	0.0.1@1784741948012	7c95d7eb747a585de4ba37797448eeea20f9011253d96f6672edd9740afe5c34	e37c0920ad877a89cf2f9f769aa05e9e08a4e9f802f6d509a45a4db56edbeba8	/guest/c5_native_function_warm_low_contention_352_direct_events	db7517d89754	8	db7517d89754:8		38	true	warm_no_init_interval	complete	6377420	6393292
native	measured	175	175	1	ecb49e698b124fc4b49e698b12bfc41b	compression-derived-random256k-level6-v1	c5-gzip-level6-random256k-v1	true	true	ok	262144	04f7209a1428aceb9b838a3043af314defd245fab3da383edf7753f23133d184	262244	bc620013d295a3b741947823c358090ccb586c99ebd5750d79d760b1f6c299c0	false	4096	/guest/c5_native_function_warm_low_contention_352_direct_events	0.0.1@1784741948012	7c95d7eb747a585de4ba37797448eeea20f9011253d96f6672edd9740afe5c34	e37c0920ad877a89cf2f9f769aa05e9e08a4e9f802f6d509a45a4db56edbeba8	/guest/c5_native_function_warm_low_contention_352_direct_events	db7517d89754	8	db7517d89754:8		40	true	warm_no_init_interval	complete	8604403	8621473
native	measured	176	176	1	d1438710a43248d0838710a43238d0c2	compression-derived-random256k-level6-v1	c5-gzip-level6-random256k-v1	true	true	ok	262144	04f7209a1428aceb9b838a3043af314defd245fab3da383edf7753f23133d184	262244	bc620013d295a3b741947823c358090ccb586c99ebd5750d79d760b1f6c299c0	false	4096	/guest/c5_native_function_warm_low_contention_352_direct_events	0.0.1@1784741948012	7c95d7eb747a585de4ba37797448eeea20f9011253d96f6672edd9740afe5c34	e37c0920ad877a89cf2f9f769aa05e9e08a4e9f802f6d509a45a4db56edbeba8	/guest/c5_native_function_warm_low_contention_352_direct_events	db7517d89754	8	db7517d89754:8		13	true	warm_no_init_interval	complete	5484138	5497095
native	measured	177	177	1	67e727f78a8746f8a727f78a87a6f821	compression-derived-random256k-level6-v1	c5-gzip-level6-random256k-v1	true	true	ok	262144	04f7209a1428aceb9b838a3043af314defd245fab3da383edf7753f23133d184	262244	bc620013d295a3b741947823c358090ccb586c99ebd5750d79d760b1f6c299c0	false	4096	/guest/c5_native_function_warm_low_contention_352_direct_events	0.0.1@1784741948012	7c95d7eb747a585de4ba37797448eeea20f9011253d96f6672edd9740afe5c34	e37c0920ad877a89cf2f9f769aa05e9e08a4e9f802f6d509a45a4db56edbeba8	/guest/c5_native_function_warm_low_contention_352_direct_events	db7517d89754	8	db7517d89754:8		16	true	warm_no_init_interval	complete	7410424	7425609
native	measured	178	178	1	b6ee34d2457040b9ae34d24570a0b963	compression-derived-random256k-level6-v1	c5-gzip-level6-random256k-v1	true	true	ok	262144	04f7209a1428aceb9b838a3043af314defd245fab3da383edf7753f23133d184	262244	bc620013d295a3b741947823c358090ccb586c99ebd5750d79d760b1f6c299c0	false	4096	/guest/c5_native_function_warm_low_contention_352_direct_events	0.0.1@1784741948012	7c95d7eb747a585de4ba37797448eeea20f9011253d96f6672edd9740afe5c34	e37c0920ad877a89cf2f9f769aa05e9e08a4e9f802f6d509a45a4db56edbeba8	/guest/c5_native_function_warm_low_contention_352_direct_events	db7517d89754	8	db7517d89754:8		14	true	warm_no_init_interval	complete	5484040	5500119
native	measured	179	179	1	38c62563552e44d8862563552e94d83a	compression-derived-random256k-level6-v1	c5-gzip-level6-random256k-v1	true	true	ok	262144	04f7209a1428aceb9b838a3043af314defd245fab3da383edf7753f23133d184	262244	bc620013d295a3b741947823c358090ccb586c99ebd5750d79d760b1f6c299c0	false	4096	/guest/c5_native_function_warm_low_contention_352_direct_events	0.0.1@1784741948012	7c95d7eb747a585de4ba37797448eeea20f9011253d96f6672edd9740afe5c34	e37c0920ad877a89cf2f9f769aa05e9e08a4e9f802f6d509a45a4db56edbeba8	/guest/c5_native_function_warm_low_contention_352_direct_events	db7517d89754	8	db7517d89754:8		13	true	warm_no_init_interval	complete	5408733	5422038
native	measured	180	180	1	2828b6cbf81e4dc5a8b6cbf81ebdc5a8	compression-derived-random256k-level6-v1	c5-gzip-level6-random256k-v1	true	true	ok	262144	04f7209a1428aceb9b838a3043af314defd245fab3da383edf7753f23133d184	262244	bc620013d295a3b741947823c358090ccb586c99ebd5750d79d760b1f6c299c0	false	4096	/guest/c5_native_function_warm_low_contention_352_direct_events	0.0.1@1784741948012	7c95d7eb747a585de4ba37797448eeea20f9011253d96f6672edd9740afe5c34	e37c0920ad877a89cf2f9f769aa05e9e08a4e9f802f6d509a45a4db56edbeba8	/guest/c5_native_function_warm_low_contention_352_direct_events	db7517d89754	8	db7517d89754:8		22	true	warm_no_init_interval	complete	5403061	5416116
native	measured	181	181	1	401aee91112b4bfe9aee91112bbbfe8a	compression-derived-random256k-level6-v1	c5-gzip-level6-random256k-v1	true	true	ok	262144	04f7209a1428aceb9b838a3043af314defd245fab3da383edf7753f23133d184	262244	bc620013d295a3b741947823c358090ccb586c99ebd5750d79d760b1f6c299c0	false	4096	/guest/c5_native_function_warm_low_contention_352_direct_events	0.0.1@1784741948012	7c95d7eb747a585de4ba37797448eeea20f9011253d96f6672edd9740afe5c34	e37c0920ad877a89cf2f9f769aa05e9e08a4e9f802f6d509a45a4db56edbeba8	/guest/c5_native_function_warm_low_contention_352_direct_events	412815d5a6fc	8	412815d5a6fc:8		36	true	warm_no_init_interval	complete	5657518	5680391
native	measured	182	182	1	92457ab3255b475c857ab3255b675cdf	compression-derived-random256k-level6-v1	c5-gzip-level6-random256k-v1	true	true	ok	262144	04f7209a1428aceb9b838a3043af314defd245fab3da383edf7753f23133d184	262244	bc620013d295a3b741947823c358090ccb586c99ebd5750d79d760b1f6c299c0	false	4096	/guest/c5_native_function_warm_low_contention_352_direct_events	0.0.1@1784741948012	7c95d7eb747a585de4ba37797448eeea20f9011253d96f6672edd9740afe5c34	e37c0920ad877a89cf2f9f769aa05e9e08a4e9f802f6d509a45a4db56edbeba8	/guest/c5_native_function_warm_low_contention_352_direct_events	db7517d89754	8	db7517d89754:8		32	true	warm_no_init_interval	complete	5515176	5528616
native	measured	183	183	1	e305022e1eb4482d85022e1eb4282d42	compression-derived-random256k-level6-v1	c5-gzip-level6-random256k-v1	true	true	ok	262144	04f7209a1428aceb9b838a3043af314defd245fab3da383edf7753f23133d184	262244	bc620013d295a3b741947823c358090ccb586c99ebd5750d79d760b1f6c299c0	false	4096	/guest/c5_native_function_warm_low_contention_352_direct_events	0.0.1@1784741948012	7c95d7eb747a585de4ba37797448eeea20f9011253d96f6672edd9740afe5c34	e37c0920ad877a89cf2f9f769aa05e9e08a4e9f802f6d509a45a4db56edbeba8	/guest/c5_native_function_warm_low_contention_352_direct_events	db7517d89754	8	db7517d89754:8		39	true	warm_no_init_interval	complete	5632604	5645591
native	measured	184	184	1	b79013edc1594ef69013edc1595ef647	compression-derived-random256k-level6-v1	c5-gzip-level6-random256k-v1	true	true	ok	262144	04f7209a1428aceb9b838a3043af314defd245fab3da383edf7753f23133d184	262244	bc620013d295a3b741947823c358090ccb586c99ebd5750d79d760b1f6c299c0	false	4096	/guest/c5_native_function_warm_low_contention_352_direct_events	0.0.1@1784741948012	7c95d7eb747a585de4ba37797448eeea20f9011253d96f6672edd9740afe5c34	e37c0920ad877a89cf2f9f769aa05e9e08a4e9f802f6d509a45a4db56edbeba8	/guest/c5_native_function_warm_low_contention_352_direct_events	db7517d89754	8	db7517d89754:8		9	true	warm_no_init_interval	complete	5428989	5451672
native	measured	185	185	1	c7286e349fce4335a86e349fce7335f4	compression-derived-random256k-level6-v1	c5-gzip-level6-random256k-v1	true	true	ok	262144	04f7209a1428aceb9b838a3043af314defd245fab3da383edf7753f23133d184	262244	bc620013d295a3b741947823c358090ccb586c99ebd5750d79d760b1f6c299c0	false	4096	/guest/c5_native_function_warm_low_contention_352_direct_events	0.0.1@1784741948012	7c95d7eb747a585de4ba37797448eeea20f9011253d96f6672edd9740afe5c34	e37c0920ad877a89cf2f9f769aa05e9e08a4e9f802f6d509a45a4db56edbeba8	/guest/c5_native_function_warm_low_contention_352_direct_events	db7517d89754	8	db7517d89754:8		19	true	warm_no_init_interval	complete	8032830	8050963
native	measured	186	186	1	8510198268b7462c90198268b7662c2d	compression-derived-random256k-level6-v1	c5-gzip-level6-random256k-v1	true	true	ok	262144	04f7209a1428aceb9b838a3043af314defd245fab3da383edf7753f23133d184	262244	bc620013d295a3b741947823c358090ccb586c99ebd5750d79d760b1f6c299c0	false	4096	/guest/c5_native_function_warm_low_contention_352_direct_events	0.0.1@1784741948012	7c95d7eb747a585de4ba37797448eeea20f9011253d96f6672edd9740afe5c34	e37c0920ad877a89cf2f9f769aa05e9e08a4e9f802f6d509a45a4db56edbeba8	/guest/c5_native_function_warm_low_contention_352_direct_events	db7517d89754	8	db7517d89754:8		23	true	warm_no_init_interval	complete	5434818	5449311
native	measured	187	187	1	97e768db47f641d2a768db47f6f1d2c4	compression-derived-random256k-level6-v1	c5-gzip-level6-random256k-v1	true	true	ok	262144	04f7209a1428aceb9b838a3043af314defd245fab3da383edf7753f23133d184	262244	bc620013d295a3b741947823c358090ccb586c99ebd5750d79d760b1f6c299c0	false	4096	/guest/c5_native_function_warm_low_contention_352_direct_events	0.0.1@1784741948012	7c95d7eb747a585de4ba37797448eeea20f9011253d96f6672edd9740afe5c34	e37c0920ad877a89cf2f9f769aa05e9e08a4e9f802f6d509a45a4db56edbeba8	/guest/c5_native_function_warm_low_contention_352_direct_events	412815d5a6fc	8	412815d5a6fc:8		8	true	warm_no_init_interval	complete	5725958	5748086
native	measured	188	188	1	d3b9e0a9b6c948a9b9e0a9b6c918a9f8	compression-derived-random256k-level6-v1	c5-gzip-level6-random256k-v1	true	true	ok	262144	04f7209a1428aceb9b838a3043af314defd245fab3da383edf7753f23133d184	262244	bc620013d295a3b741947823c358090ccb586c99ebd5750d79d760b1f6c299c0	false	4096	/guest/c5_native_function_warm_low_contention_352_direct_events	0.0.1@1784741948012	7c95d7eb747a585de4ba37797448eeea20f9011253d96f6672edd9740afe5c34	e37c0920ad877a89cf2f9f769aa05e9e08a4e9f802f6d509a45a4db56edbeba8	/guest/c5_native_function_warm_low_contention_352_direct_events	db7517d89754	8	db7517d89754:8		7	true	warm_no_init_interval	complete	7778433	7798172
native	measured	189	189	1	3679c30ff9a94e97b9c30ff9a96e977a	compression-derived-random256k-level6-v1	c5-gzip-level6-random256k-v1	true	true	ok	262144	04f7209a1428aceb9b838a3043af314defd245fab3da383edf7753f23133d184	262244	bc620013d295a3b741947823c358090ccb586c99ebd5750d79d760b1f6c299c0	false	4096	/guest/c5_native_function_warm_low_contention_352_direct_events	0.0.1@1784741948012	7c95d7eb747a585de4ba37797448eeea20f9011253d96f6672edd9740afe5c34	e37c0920ad877a89cf2f9f769aa05e9e08a4e9f802f6d509a45a4db56edbeba8	/guest/c5_native_function_warm_low_contention_352_direct_events	db7517d89754	8	db7517d89754:8		8	true	warm_no_init_interval	complete	6587766	6603271
native	measured	190	190	1	b0b87b89a457451bb87b89a457e51bbf	compression-derived-random256k-level6-v1	c5-gzip-level6-random256k-v1	true	true	ok	262144	04f7209a1428aceb9b838a3043af314defd245fab3da383edf7753f23133d184	262244	bc620013d295a3b741947823c358090ccb586c99ebd5750d79d760b1f6c299c0	false	4096	/guest/c5_native_function_warm_low_contention_352_direct_events	0.0.1@1784741948012	7c95d7eb747a585de4ba37797448eeea20f9011253d96f6672edd9740afe5c34	e37c0920ad877a89cf2f9f769aa05e9e08a4e9f802f6d509a45a4db56edbeba8	/guest/c5_native_function_warm_low_contention_352_direct_events	db7517d89754	8	db7517d89754:8		8	true	warm_no_init_interval	complete	5861398	5879081
native	measured	191	191	1	c09fbbe64fe241c79fbbe64fe2b1c745	compression-derived-random256k-level6-v1	c5-gzip-level6-random256k-v1	true	true	ok	262144	04f7209a1428aceb9b838a3043af314defd245fab3da383edf7753f23133d184	262244	bc620013d295a3b741947823c358090ccb586c99ebd5750d79d760b1f6c299c0	false	4096	/guest/c5_native_function_warm_low_contention_352_direct_events	0.0.1@1784741948012	7c95d7eb747a585de4ba37797448eeea20f9011253d96f6672edd9740afe5c34	e37c0920ad877a89cf2f9f769aa05e9e08a4e9f802f6d509a45a4db56edbeba8	/guest/c5_native_function_warm_low_contention_352_direct_events	db7517d89754	8	db7517d89754:8		7	true	warm_no_init_interval	complete	5896665	5911596
native	measured	192	192	1	208dc76bafef41bc8dc76bafef71bc4b	compression-derived-random256k-level6-v1	c5-gzip-level6-random256k-v1	true	true	ok	262144	04f7209a1428aceb9b838a3043af314defd245fab3da383edf7753f23133d184	262244	bc620013d295a3b741947823c358090ccb586c99ebd5750d79d760b1f6c299c0	false	4096	/guest/c5_native_function_warm_low_contention_352_direct_events	0.0.1@1784741948012	7c95d7eb747a585de4ba37797448eeea20f9011253d96f6672edd9740afe5c34	e37c0920ad877a89cf2f9f769aa05e9e08a4e9f802f6d509a45a4db56edbeba8	/guest/c5_native_function_warm_low_contention_352_direct_events	db7517d89754	8	db7517d89754:8		7	true	warm_no_init_interval	complete	5946544	5988886
native	measured	193	193	1	ded1e27b72154bb291e27b72157bb205	compression-derived-random256k-level6-v1	c5-gzip-level6-random256k-v1	true	true	ok	262144	04f7209a1428aceb9b838a3043af314defd245fab3da383edf7753f23133d184	262244	bc620013d295a3b741947823c358090ccb586c99ebd5750d79d760b1f6c299c0	false	4096	/guest/c5_native_function_warm_low_contention_352_direct_events	0.0.1@1784741948012	7c95d7eb747a585de4ba37797448eeea20f9011253d96f6672edd9740afe5c34	e37c0920ad877a89cf2f9f769aa05e9e08a4e9f802f6d509a45a4db56edbeba8	/guest/c5_native_function_warm_low_contention_352_direct_events	db7517d89754	8	db7517d89754:8		28	true	warm_no_init_interval	complete	7172446	7187815
native	measured	194	194	1	578da1ca0c8346c18da1ca0c8396c150	compression-derived-random256k-level6-v1	c5-gzip-level6-random256k-v1	true	true	ok	262144	04f7209a1428aceb9b838a3043af314defd245fab3da383edf7753f23133d184	262244	bc620013d295a3b741947823c358090ccb586c99ebd5750d79d760b1f6c299c0	false	4096	/guest/c5_native_function_warm_low_contention_352_direct_events	0.0.1@1784741948012	7c95d7eb747a585de4ba37797448eeea20f9011253d96f6672edd9740afe5c34	e37c0920ad877a89cf2f9f769aa05e9e08a4e9f802f6d509a45a4db56edbeba8	/guest/c5_native_function_warm_low_contention_352_direct_events	db7517d89754	8	db7517d89754:8		8	true	warm_no_init_interval	complete	5472686	5486134
native	measured	195	195	1	653010449eaa45f0b010449eaa05f083	compression-derived-random256k-level6-v1	c5-gzip-level6-random256k-v1	true	true	ok	262144	04f7209a1428aceb9b838a3043af314defd245fab3da383edf7753f23133d184	262244	bc620013d295a3b741947823c358090ccb586c99ebd5750d79d760b1f6c299c0	false	4096	/guest/c5_native_function_warm_low_contention_352_direct_events	0.0.1@1784741948012	7c95d7eb747a585de4ba37797448eeea20f9011253d96f6672edd9740afe5c34	e37c0920ad877a89cf2f9f769aa05e9e08a4e9f802f6d509a45a4db56edbeba8	/guest/c5_native_function_warm_low_contention_352_direct_events	db7517d89754	8	db7517d89754:8		20	true	warm_no_init_interval	complete	8057005	8075065
native	measured	196	196	1	a75a5279800743289a52798007a328e1	compression-derived-random256k-level6-v1	c5-gzip-level6-random256k-v1	true	true	ok	262144	04f7209a1428aceb9b838a3043af314defd245fab3da383edf7753f23133d184	262244	bc620013d295a3b741947823c358090ccb586c99ebd5750d79d760b1f6c299c0	false	4096	/guest/c5_native_function_warm_low_contention_352_direct_events	0.0.1@1784741948012	7c95d7eb747a585de4ba37797448eeea20f9011253d96f6672edd9740afe5c34	e37c0920ad877a89cf2f9f769aa05e9e08a4e9f802f6d509a45a4db56edbeba8	/guest/c5_native_function_warm_low_contention_352_direct_events	412815d5a6fc	8	412815d5a6fc:8		14	true	warm_no_init_interval	complete	5727159	5753257
native	measured	197	197	1	0420a2207cbb455ca0a2207cbba55c65	compression-derived-random256k-level6-v1	c5-gzip-level6-random256k-v1	true	true	ok	262144	04f7209a1428aceb9b838a3043af314defd245fab3da383edf7753f23133d184	262244	bc620013d295a3b741947823c358090ccb586c99ebd5750d79d760b1f6c299c0	false	4096	/guest/c5_native_function_warm_low_contention_352_direct_events	0.0.1@1784741948012	7c95d7eb747a585de4ba37797448eeea20f9011253d96f6672edd9740afe5c34	e37c0920ad877a89cf2f9f769aa05e9e08a4e9f802f6d509a45a4db56edbeba8	/guest/c5_native_function_warm_low_contention_352_direct_events	db7517d89754	8	db7517d89754:8		24	true	warm_no_init_interval	complete	7697251	7715646
native	measured	198	198	1	eaed59c508eb4b24ad59c508eb9b2401	compression-derived-random256k-level6-v1	c5-gzip-level6-random256k-v1	true	true	ok	262144	04f7209a1428aceb9b838a3043af314defd245fab3da383edf7753f23133d184	262244	bc620013d295a3b741947823c358090ccb586c99ebd5750d79d760b1f6c299c0	false	4096	/guest/c5_native_function_warm_low_contention_352_direct_events	0.0.1@1784741948012	7c95d7eb747a585de4ba37797448eeea20f9011253d96f6672edd9740afe5c34	e37c0920ad877a89cf2f9f769aa05e9e08a4e9f802f6d509a45a4db56edbeba8	/guest/c5_native_function_warm_low_contention_352_direct_events	db7517d89754	8	db7517d89754:8		27	true	warm_no_init_interval	complete	7974114	7992830
native	measured	199	199	1	6ee0277236154dd0a0277236152dd01d	compression-derived-random256k-level6-v1	c5-gzip-level6-random256k-v1	true	true	ok	262144	04f7209a1428aceb9b838a3043af314defd245fab3da383edf7753f23133d184	262244	bc620013d295a3b741947823c358090ccb586c99ebd5750d79d760b1f6c299c0	false	4096	/guest/c5_native_function_warm_low_contention_352_direct_events	0.0.1@1784741948012	7c95d7eb747a585de4ba37797448eeea20f9011253d96f6672edd9740afe5c34	e37c0920ad877a89cf2f9f769aa05e9e08a4e9f802f6d509a45a4db56edbeba8	/guest/c5_native_function_warm_low_contention_352_direct_events	412815d5a6fc	8	412815d5a6fc:8		15	true	warm_no_init_interval	complete	7206988	7239095
native	measured	200	200	1	4eb27715f02d47f0b27715f02d87f004	compression-derived-random256k-level6-v1	c5-gzip-level6-random256k-v1	true	true	ok	262144	04f7209a1428aceb9b838a3043af314defd245fab3da383edf7753f23133d184	262244	bc620013d295a3b741947823c358090ccb586c99ebd5750d79d760b1f6c299c0	false	4096	/guest/c5_native_function_warm_low_contention_352_direct_events	0.0.1@1784741948012	7c95d7eb747a585de4ba37797448eeea20f9011253d96f6672edd9740afe5c34	e37c0920ad877a89cf2f9f769aa05e9e08a4e9f802f6d509a45a4db56edbeba8	/guest/c5_native_function_warm_low_contention_352_direct_events	db7517d89754	8	db7517d89754:8		28	true	warm_no_init_interval	complete	5463163	5478586
native	measured	201	201	1	f68e67f4dca54cf58e67f4dca56cf52c	compression-derived-random256k-level6-v1	c5-gzip-level6-random256k-v1	true	true	ok	262144	04f7209a1428aceb9b838a3043af314defd245fab3da383edf7753f23133d184	262244	bc620013d295a3b741947823c358090ccb586c99ebd5750d79d760b1f6c299c0	false	4096	/guest/c5_native_function_warm_low_contention_352_direct_events	0.0.1@1784741948012	7c95d7eb747a585de4ba37797448eeea20f9011253d96f6672edd9740afe5c34	e37c0920ad877a89cf2f9f769aa05e9e08a4e9f802f6d509a45a4db56edbeba8	/guest/c5_native_function_warm_low_contention_352_direct_events	db7517d89754	8	db7517d89754:8		18	true	warm_no_init_interval	complete	5416781	5430112
native	measured	202	202	1	eae7f652ceef4997a7f652ceef999766	compression-derived-random256k-level6-v1	c5-gzip-level6-random256k-v1	true	true	ok	262144	04f7209a1428aceb9b838a3043af314defd245fab3da383edf7753f23133d184	262244	bc620013d295a3b741947823c358090ccb586c99ebd5750d79d760b1f6c299c0	false	4096	/guest/c5_native_function_warm_low_contention_352_direct_events	0.0.1@1784741948012	7c95d7eb747a585de4ba37797448eeea20f9011253d96f6672edd9740afe5c34	e37c0920ad877a89cf2f9f769aa05e9e08a4e9f802f6d509a45a4db56edbeba8	/guest/c5_native_function_warm_low_contention_352_direct_events	db7517d89754	8	db7517d89754:8		17	true	warm_no_init_interval	complete	5445128	5459983
native	measured	203	203	1	74b46ece896d4114b46ece896d211409	compression-derived-random256k-level6-v1	c5-gzip-level6-random256k-v1	true	true	ok	262144	04f7209a1428aceb9b838a3043af314defd245fab3da383edf7753f23133d184	262244	bc620013d295a3b741947823c358090ccb586c99ebd5750d79d760b1f6c299c0	false	4096	/guest/c5_native_function_warm_low_contention_352_direct_events	0.0.1@1784741948012	7c95d7eb747a585de4ba37797448eeea20f9011253d96f6672edd9740afe5c34	e37c0920ad877a89cf2f9f769aa05e9e08a4e9f802f6d509a45a4db56edbeba8	/guest/c5_native_function_warm_low_contention_352_direct_events	db7517d89754	8	db7517d89754:8		21	true	warm_no_init_interval	complete	5441310	5455830
native	measured	204	204	1	1b8072ec7f18442c8072ec7f18442cb7	compression-derived-random256k-level6-v1	c5-gzip-level6-random256k-v1	true	true	ok	262144	04f7209a1428aceb9b838a3043af314defd245fab3da383edf7753f23133d184	262244	bc620013d295a3b741947823c358090ccb586c99ebd5750d79d760b1f6c299c0	false	4096	/guest/c5_native_function_warm_low_contention_352_direct_events	0.0.1@1784741948012	7c95d7eb747a585de4ba37797448eeea20f9011253d96f6672edd9740afe5c34	e37c0920ad877a89cf2f9f769aa05e9e08a4e9f802f6d509a45a4db56edbeba8	/guest/c5_native_function_warm_low_contention_352_direct_events	db7517d89754	8	db7517d89754:8		13	true	warm_no_init_interval	complete	5852966	5869509
native	measured	205	205	1	0fd977cbfd7541209977cbfd751120f2	compression-derived-random256k-level6-v1	c5-gzip-level6-random256k-v1	true	true	ok	262144	04f7209a1428aceb9b838a3043af314defd245fab3da383edf7753f23133d184	262244	bc620013d295a3b741947823c358090ccb586c99ebd5750d79d760b1f6c299c0	false	4096	/guest/c5_native_function_warm_low_contention_352_direct_events	0.0.1@1784741948012	7c95d7eb747a585de4ba37797448eeea20f9011253d96f6672edd9740afe5c34	e37c0920ad877a89cf2f9f769aa05e9e08a4e9f802f6d509a45a4db56edbeba8	/guest/c5_native_function_warm_low_contention_352_direct_events	db7517d89754	8	db7517d89754:8		9	true	warm_no_init_interval	complete	5435717	5448469
native	measured	206	206	1	b291b32784f4473391b32784f40733e2	compression-derived-random256k-level6-v1	c5-gzip-level6-random256k-v1	true	true	ok	262144	04f7209a1428aceb9b838a3043af314defd245fab3da383edf7753f23133d184	262244	bc620013d295a3b741947823c358090ccb586c99ebd5750d79d760b1f6c299c0	false	4096	/guest/c5_native_function_warm_low_contention_352_direct_events	0.0.1@1784741948012	7c95d7eb747a585de4ba37797448eeea20f9011253d96f6672edd9740afe5c34	e37c0920ad877a89cf2f9f769aa05e9e08a4e9f802f6d509a45a4db56edbeba8	/guest/c5_native_function_warm_low_contention_352_direct_events	412815d5a6fc	8	412815d5a6fc:8		21	true	warm_no_init_interval	complete	5722235	5745591
native	measured	207	207	1	a502a258f9914bcc82a258f991cbccd3	compression-derived-random256k-level6-v1	c5-gzip-level6-random256k-v1	true	true	ok	262144	04f7209a1428aceb9b838a3043af314defd245fab3da383edf7753f23133d184	262244	bc620013d295a3b741947823c358090ccb586c99ebd5750d79d760b1f6c299c0	false	4096	/guest/c5_native_function_warm_low_contention_352_direct_events	0.0.1@1784741948012	7c95d7eb747a585de4ba37797448eeea20f9011253d96f6672edd9740afe5c34	e37c0920ad877a89cf2f9f769aa05e9e08a4e9f802f6d509a45a4db56edbeba8	/guest/c5_native_function_warm_low_contention_352_direct_events	db7517d89754	8	db7517d89754:8		11	true	warm_no_init_interval	complete	7903043	7928345
native	measured	208	208	1	ad5e4dbcaf184f0f9e4dbcaf18bf0f89	compression-derived-random256k-level6-v1	c5-gzip-level6-random256k-v1	true	true	ok	262144	04f7209a1428aceb9b838a3043af314defd245fab3da383edf7753f23133d184	262244	bc620013d295a3b741947823c358090ccb586c99ebd5750d79d760b1f6c299c0	false	4096	/guest/c5_native_function_warm_low_contention_352_direct_events	0.0.1@1784741948012	7c95d7eb747a585de4ba37797448eeea20f9011253d96f6672edd9740afe5c34	e37c0920ad877a89cf2f9f769aa05e9e08a4e9f802f6d509a45a4db56edbeba8	/guest/c5_native_function_warm_low_contention_352_direct_events	db7517d89754	8	db7517d89754:8		17	true	warm_no_init_interval	complete	5470903	5484311
native	measured	209	209	1	f64feb0db5d7469c8feb0db5d7669c89	compression-derived-random256k-level6-v1	c5-gzip-level6-random256k-v1	true	true	ok	262144	04f7209a1428aceb9b838a3043af314defd245fab3da383edf7753f23133d184	262244	bc620013d295a3b741947823c358090ccb586c99ebd5750d79d760b1f6c299c0	false	4096	/guest/c5_native_function_warm_low_contention_352_direct_events	0.0.1@1784741948012	7c95d7eb747a585de4ba37797448eeea20f9011253d96f6672edd9740afe5c34	e37c0920ad877a89cf2f9f769aa05e9e08a4e9f802f6d509a45a4db56edbeba8	/guest/c5_native_function_warm_low_contention_352_direct_events	db7517d89754	8	db7517d89754:8		15	true	warm_no_init_interval	complete	5443381	5457322
native	measured	210	210	1	cc6a3be409624d1baa3be409627d1b6f	compression-derived-random256k-level6-v1	c5-gzip-level6-random256k-v1	true	true	ok	262144	04f7209a1428aceb9b838a3043af314defd245fab3da383edf7753f23133d184	262244	bc620013d295a3b741947823c358090ccb586c99ebd5750d79d760b1f6c299c0	false	4096	/guest/c5_native_function_warm_low_contention_352_direct_events	0.0.1@1784741948012	7c95d7eb747a585de4ba37797448eeea20f9011253d96f6672edd9740afe5c34	e37c0920ad877a89cf2f9f769aa05e9e08a4e9f802f6d509a45a4db56edbeba8	/guest/c5_native_function_warm_low_contention_352_direct_events	db7517d89754	8	db7517d89754:8		13	true	warm_no_init_interval	complete	5411370	5424119
native	measured	211	211	1	5c79a80c127d40a5b9a80c127d10a527	compression-derived-random256k-level6-v1	c5-gzip-level6-random256k-v1	true	true	ok	262144	04f7209a1428aceb9b838a3043af314defd245fab3da383edf7753f23133d184	262244	bc620013d295a3b741947823c358090ccb586c99ebd5750d79d760b1f6c299c0	false	4096	/guest/c5_native_function_warm_low_contention_352_direct_events	0.0.1@1784741948012	7c95d7eb747a585de4ba37797448eeea20f9011253d96f6672edd9740afe5c34	e37c0920ad877a89cf2f9f769aa05e9e08a4e9f802f6d509a45a4db56edbeba8	/guest/c5_native_function_warm_low_contention_352_direct_events	412815d5a6fc	8	412815d5a6fc:8		21	true	warm_no_init_interval	complete	5704210	5727514
native	measured	212	212	1	63c3db0b18cd4a4b83db0b18cd5a4bd7	compression-derived-random256k-level6-v1	c5-gzip-level6-random256k-v1	true	true	ok	262144	04f7209a1428aceb9b838a3043af314defd245fab3da383edf7753f23133d184	262244	bc620013d295a3b741947823c358090ccb586c99ebd5750d79d760b1f6c299c0	false	4096	/guest/c5_native_function_warm_low_contention_352_direct_events	0.0.1@1784741948012	7c95d7eb747a585de4ba37797448eeea20f9011253d96f6672edd9740afe5c34	e37c0920ad877a89cf2f9f769aa05e9e08a4e9f802f6d509a45a4db56edbeba8	/guest/c5_native_function_warm_low_contention_352_direct_events	db7517d89754	8	db7517d89754:8		23	true	warm_no_init_interval	complete	5405936	5418884
native	measured	213	213	1	72951fa5dfd94c96951fa5dfd99c9698	compression-derived-random256k-level6-v1	c5-gzip-level6-random256k-v1	true	true	ok	262144	04f7209a1428aceb9b838a3043af314defd245fab3da383edf7753f23133d184	262244	bc620013d295a3b741947823c358090ccb586c99ebd5750d79d760b1f6c299c0	false	4096	/guest/c5_native_function_warm_low_contention_352_direct_events	0.0.1@1784741948012	7c95d7eb747a585de4ba37797448eeea20f9011253d96f6672edd9740afe5c34	e37c0920ad877a89cf2f9f769aa05e9e08a4e9f802f6d509a45a4db56edbeba8	/guest/c5_native_function_warm_low_contention_352_direct_events	db7517d89754	8	db7517d89754:8		15	true	warm_no_init_interval	complete	5501254	5515578
native	measured	214	214	1	017ab0b8fc5a4a1ebab0b8fc5aca1e67	compression-derived-random256k-level6-v1	c5-gzip-level6-random256k-v1	true	true	ok	262144	04f7209a1428aceb9b838a3043af314defd245fab3da383edf7753f23133d184	262244	bc620013d295a3b741947823c358090ccb586c99ebd5750d79d760b1f6c299c0	false	4096	/guest/c5_native_function_warm_low_contention_352_direct_events	0.0.1@1784741948012	7c95d7eb747a585de4ba37797448eeea20f9011253d96f6672edd9740afe5c34	e37c0920ad877a89cf2f9f769aa05e9e08a4e9f802f6d509a45a4db56edbeba8	/guest/c5_native_function_warm_low_contention_352_direct_events	db7517d89754	8	db7517d89754:8		7	true	warm_no_init_interval	complete	5443574	5456901
native	measured	215	215	1	b2ef5b49c0884d87af5b49c0888d878e	compression-derived-random256k-level6-v1	c5-gzip-level6-random256k-v1	true	true	ok	262144	04f7209a1428aceb9b838a3043af314defd245fab3da383edf7753f23133d184	262244	bc620013d295a3b741947823c358090ccb586c99ebd5750d79d760b1f6c299c0	false	4096	/guest/c5_native_function_warm_low_contention_352_direct_events	0.0.1@1784741948012	7c95d7eb747a585de4ba37797448eeea20f9011253d96f6672edd9740afe5c34	e37c0920ad877a89cf2f9f769aa05e9e08a4e9f802f6d509a45a4db56edbeba8	/guest/c5_native_function_warm_low_contention_352_direct_events	db7517d89754	8	db7517d89754:8		6	true	warm_no_init_interval	complete	5433337	5472998
native	measured	216	216	1	6f3ab5b3d7434801bab5b3d74388015a	compression-derived-random256k-level6-v1	c5-gzip-level6-random256k-v1	true	true	ok	262144	04f7209a1428aceb9b838a3043af314defd245fab3da383edf7753f23133d184	262244	bc620013d295a3b741947823c358090ccb586c99ebd5750d79d760b1f6c299c0	false	4096	/guest/c5_native_function_warm_low_contention_352_direct_events	0.0.1@1784741948012	7c95d7eb747a585de4ba37797448eeea20f9011253d96f6672edd9740afe5c34	e37c0920ad877a89cf2f9f769aa05e9e08a4e9f802f6d509a45a4db56edbeba8	/guest/c5_native_function_warm_low_contention_352_direct_events	db7517d89754	8	db7517d89754:8		7	true	warm_no_init_interval	complete	5470432	5483874
native	measured	217	217	1	51f2b723d1aa4adeb2b723d1aaaade5f	compression-derived-random256k-level6-v1	c5-gzip-level6-random256k-v1	true	true	ok	262144	04f7209a1428aceb9b838a3043af314defd245fab3da383edf7753f23133d184	262244	bc620013d295a3b741947823c358090ccb586c99ebd5750d79d760b1f6c299c0	false	4096	/guest/c5_native_function_warm_low_contention_352_direct_events	0.0.1@1784741948012	7c95d7eb747a585de4ba37797448eeea20f9011253d96f6672edd9740afe5c34	e37c0920ad877a89cf2f9f769aa05e9e08a4e9f802f6d509a45a4db56edbeba8	/guest/c5_native_function_warm_low_contention_352_direct_events	db7517d89754	8	db7517d89754:8		9	true	warm_no_init_interval	complete	5849091	5865262
native	measured	218	218	1	b58fa4021ed34e168fa4021ed38e16f7	compression-derived-random256k-level6-v1	c5-gzip-level6-random256k-v1	true	true	ok	262144	04f7209a1428aceb9b838a3043af314defd245fab3da383edf7753f23133d184	262244	bc620013d295a3b741947823c358090ccb586c99ebd5750d79d760b1f6c299c0	false	4096	/guest/c5_native_function_warm_low_contention_352_direct_events	0.0.1@1784741948012	7c95d7eb747a585de4ba37797448eeea20f9011253d96f6672edd9740afe5c34	e37c0920ad877a89cf2f9f769aa05e9e08a4e9f802f6d509a45a4db56edbeba8	/guest/c5_native_function_warm_low_contention_352_direct_events	412815d5a6fc	8	412815d5a6fc:8		32	true	warm_no_init_interval	complete	6475955	6503555
native	measured	219	219	1	3a0888f225124ac78888f22512fac7ce	compression-derived-random256k-level6-v1	c5-gzip-level6-random256k-v1	true	true	ok	262144	04f7209a1428aceb9b838a3043af314defd245fab3da383edf7753f23133d184	262244	bc620013d295a3b741947823c358090ccb586c99ebd5750d79d760b1f6c299c0	false	4096	/guest/c5_native_function_warm_low_contention_352_direct_events	0.0.1@1784741948012	7c95d7eb747a585de4ba37797448eeea20f9011253d96f6672edd9740afe5c34	e37c0920ad877a89cf2f9f769aa05e9e08a4e9f802f6d509a45a4db56edbeba8	/guest/c5_native_function_warm_low_contention_352_direct_events	db7517d89754	8	db7517d89754:8		20	true	warm_no_init_interval	complete	5424894	5438551
native	measured	220	220	1	8ab3f3b990c9423fb3f3b990c9823f56	compression-derived-random256k-level6-v1	c5-gzip-level6-random256k-v1	true	true	ok	262144	04f7209a1428aceb9b838a3043af314defd245fab3da383edf7753f23133d184	262244	bc620013d295a3b741947823c358090ccb586c99ebd5750d79d760b1f6c299c0	false	4096	/guest/c5_native_function_warm_low_contention_352_direct_events	0.0.1@1784741948012	7c95d7eb747a585de4ba37797448eeea20f9011253d96f6672edd9740afe5c34	e37c0920ad877a89cf2f9f769aa05e9e08a4e9f802f6d509a45a4db56edbeba8	/guest/c5_native_function_warm_low_contention_352_direct_events	db7517d89754	8	db7517d89754:8		14	true	warm_no_init_interval	complete	5432246	5445261
native	measured	221	221	1	2d15fa85c7d4401695fa85c7d46016fc	compression-derived-random256k-level6-v1	c5-gzip-level6-random256k-v1	true	true	ok	262144	04f7209a1428aceb9b838a3043af314defd245fab3da383edf7753f23133d184	262244	bc620013d295a3b741947823c358090ccb586c99ebd5750d79d760b1f6c299c0	false	4096	/guest/c5_native_function_warm_low_contention_352_direct_events	0.0.1@1784741948012	7c95d7eb747a585de4ba37797448eeea20f9011253d96f6672edd9740afe5c34	e37c0920ad877a89cf2f9f769aa05e9e08a4e9f802f6d509a45a4db56edbeba8	/guest/c5_native_function_warm_low_contention_352_direct_events	db7517d89754	8	db7517d89754:8		15	true	warm_no_init_interval	complete	6467691	6482797
native	measured	222	222	1	2eb121956180429cb121956180729c3a	compression-derived-random256k-level6-v1	c5-gzip-level6-random256k-v1	true	true	ok	262144	04f7209a1428aceb9b838a3043af314defd245fab3da383edf7753f23133d184	262244	bc620013d295a3b741947823c358090ccb586c99ebd5750d79d760b1f6c299c0	false	4096	/guest/c5_native_function_warm_low_contention_352_direct_events	0.0.1@1784741948012	7c95d7eb747a585de4ba37797448eeea20f9011253d96f6672edd9740afe5c34	e37c0920ad877a89cf2f9f769aa05e9e08a4e9f802f6d509a45a4db56edbeba8	/guest/c5_native_function_warm_low_contention_352_direct_events	db7517d89754	8	db7517d89754:8		34	true	warm_no_init_interval	complete	5433046	5445744
native	measured	223	223	1	7f37733e54e34fd8b7733e54e32fd896	compression-derived-random256k-level6-v1	c5-gzip-level6-random256k-v1	true	true	ok	262144	04f7209a1428aceb9b838a3043af314defd245fab3da383edf7753f23133d184	262244	bc620013d295a3b741947823c358090ccb586c99ebd5750d79d760b1f6c299c0	false	4096	/guest/c5_native_function_warm_low_contention_352_direct_events	0.0.1@1784741948012	7c95d7eb747a585de4ba37797448eeea20f9011253d96f6672edd9740afe5c34	e37c0920ad877a89cf2f9f769aa05e9e08a4e9f802f6d509a45a4db56edbeba8	/guest/c5_native_function_warm_low_contention_352_direct_events	412815d5a6fc	8	412815d5a6fc:8		65	true	warm_no_init_interval	complete	5510519	5538280
native	measured	224	224	1	ddbc92e84d0d4ec9bc92e84d0d1ec957	compression-derived-random256k-level6-v1	c5-gzip-level6-random256k-v1	true	true	ok	262144	04f7209a1428aceb9b838a3043af314defd245fab3da383edf7753f23133d184	262244	bc620013d295a3b741947823c358090ccb586c99ebd5750d79d760b1f6c299c0	false	4096	/guest/c5_native_function_warm_low_contention_352_direct_events	0.0.1@1784741948012	7c95d7eb747a585de4ba37797448eeea20f9011253d96f6672edd9740afe5c34	e37c0920ad877a89cf2f9f769aa05e9e08a4e9f802f6d509a45a4db56edbeba8	/guest/c5_native_function_warm_low_contention_352_direct_events	db7517d89754	8	db7517d89754:8		21	true	warm_no_init_interval	complete	5423262	5436029
native	measured	225	225	1	5d4c28c67c14446c8c28c67c14146c1f	compression-derived-random256k-level6-v1	c5-gzip-level6-random256k-v1	true	true	ok	262144	04f7209a1428aceb9b838a3043af314defd245fab3da383edf7753f23133d184	262244	bc620013d295a3b741947823c358090ccb586c99ebd5750d79d760b1f6c299c0	false	4096	/guest/c5_native_function_warm_low_contention_352_direct_events	0.0.1@1784741948012	7c95d7eb747a585de4ba37797448eeea20f9011253d96f6672edd9740afe5c34	e37c0920ad877a89cf2f9f769aa05e9e08a4e9f802f6d509a45a4db56edbeba8	/guest/c5_native_function_warm_low_contention_352_direct_events	db7517d89754	8	db7517d89754:8		14	true	warm_no_init_interval	complete	5921515	5937041
native	measured	226	226	1	748d8b4fbed14cee8d8b4fbed12ceee2	compression-derived-random256k-level6-v1	c5-gzip-level6-random256k-v1	true	true	ok	262144	04f7209a1428aceb9b838a3043af314defd245fab3da383edf7753f23133d184	262244	bc620013d295a3b741947823c358090ccb586c99ebd5750d79d760b1f6c299c0	false	4096	/guest/c5_native_function_warm_low_contention_352_direct_events	0.0.1@1784741948012	7c95d7eb747a585de4ba37797448eeea20f9011253d96f6672edd9740afe5c34	e37c0920ad877a89cf2f9f769aa05e9e08a4e9f802f6d509a45a4db56edbeba8	/guest/c5_native_function_warm_low_contention_352_direct_events	db7517d89754	8	db7517d89754:8		28	true	warm_no_init_interval	complete	5433043	5445997
native	measured	227	227	1	2fabe20e7f69478cabe20e7f69178ce3	compression-derived-random256k-level6-v1	c5-gzip-level6-random256k-v1	true	true	ok	262144	04f7209a1428aceb9b838a3043af314defd245fab3da383edf7753f23133d184	262244	bc620013d295a3b741947823c358090ccb586c99ebd5750d79d760b1f6c299c0	false	4096	/guest/c5_native_function_warm_low_contention_352_direct_events	0.0.1@1784741948012	7c95d7eb747a585de4ba37797448eeea20f9011253d96f6672edd9740afe5c34	e37c0920ad877a89cf2f9f769aa05e9e08a4e9f802f6d509a45a4db56edbeba8	/guest/c5_native_function_warm_low_contention_352_direct_events	db7517d89754	8	db7517d89754:8		41	true	warm_no_init_interval	complete	7866899	7883916
native	measured	228	228	1	e80e364b3d1b42758e364b3d1b127515	compression-derived-random256k-level6-v1	c5-gzip-level6-random256k-v1	true	true	ok	262144	04f7209a1428aceb9b838a3043af314defd245fab3da383edf7753f23133d184	262244	bc620013d295a3b741947823c358090ccb586c99ebd5750d79d760b1f6c299c0	false	4096	/guest/c5_native_function_warm_low_contention_352_direct_events	0.0.1@1784741948012	7c95d7eb747a585de4ba37797448eeea20f9011253d96f6672edd9740afe5c34	e37c0920ad877a89cf2f9f769aa05e9e08a4e9f802f6d509a45a4db56edbeba8	/guest/c5_native_function_warm_low_contention_352_direct_events	412815d5a6fc	8	412815d5a6fc:8		52	true	warm_no_init_interval	complete	7222567	7254294
native	measured	229	229	1	dbdbea48e0bf4b829bea48e0bfeb8213	compression-derived-random256k-level6-v1	c5-gzip-level6-random256k-v1	true	true	ok	262144	04f7209a1428aceb9b838a3043af314defd245fab3da383edf7753f23133d184	262244	bc620013d295a3b741947823c358090ccb586c99ebd5750d79d760b1f6c299c0	false	4096	/guest/c5_native_function_warm_low_contention_352_direct_events	0.0.1@1784741948012	7c95d7eb747a585de4ba37797448eeea20f9011253d96f6672edd9740afe5c34	e37c0920ad877a89cf2f9f769aa05e9e08a4e9f802f6d509a45a4db56edbeba8	/guest/c5_native_function_warm_low_contention_352_direct_events	db7517d89754	8	db7517d89754:8		27	true	warm_no_init_interval	complete	8070087	8088658
native	measured	230	230	1	ab921729267349cf9217292673c9cf60	compression-derived-random256k-level6-v1	c5-gzip-level6-random256k-v1	true	true	ok	262144	04f7209a1428aceb9b838a3043af314defd245fab3da383edf7753f23133d184	262244	bc620013d295a3b741947823c358090ccb586c99ebd5750d79d760b1f6c299c0	false	4096	/guest/c5_native_function_warm_low_contention_352_direct_events	0.0.1@1784741948012	7c95d7eb747a585de4ba37797448eeea20f9011253d96f6672edd9740afe5c34	e37c0920ad877a89cf2f9f769aa05e9e08a4e9f802f6d509a45a4db56edbeba8	/guest/c5_native_function_warm_low_contention_352_direct_events	db7517d89754	8	db7517d89754:8		56	true	warm_no_init_interval	complete	5478180	5492219
native	measured	231	231	1	1d2b4da4c5dd48b7ab4da4c5dd28b7b5	compression-derived-random256k-level6-v1	c5-gzip-level6-random256k-v1	true	true	ok	262144	04f7209a1428aceb9b838a3043af314defd245fab3da383edf7753f23133d184	262244	bc620013d295a3b741947823c358090ccb586c99ebd5750d79d760b1f6c299c0	false	4096	/guest/c5_native_function_warm_low_contention_352_direct_events	0.0.1@1784741948012	7c95d7eb747a585de4ba37797448eeea20f9011253d96f6672edd9740afe5c34	e37c0920ad877a89cf2f9f769aa05e9e08a4e9f802f6d509a45a4db56edbeba8	/guest/c5_native_function_warm_low_contention_352_direct_events	db7517d89754	8	db7517d89754:8		37	true	warm_no_init_interval	complete	5667583	5682252
native	measured	232	232	1	9d88be616273451b88be616273a51b15	compression-derived-random256k-level6-v1	c5-gzip-level6-random256k-v1	true	true	ok	262144	04f7209a1428aceb9b838a3043af314defd245fab3da383edf7753f23133d184	262244	bc620013d295a3b741947823c358090ccb586c99ebd5750d79d760b1f6c299c0	false	4096	/guest/c5_native_function_warm_low_contention_352_direct_events	0.0.1@1784741948012	7c95d7eb747a585de4ba37797448eeea20f9011253d96f6672edd9740afe5c34	e37c0920ad877a89cf2f9f769aa05e9e08a4e9f802f6d509a45a4db56edbeba8	/guest/c5_native_function_warm_low_contention_352_direct_events	db7517d89754	8	db7517d89754:8		65	true	warm_no_init_interval	complete	5469001	5483631
native	measured	233	233	1	741d0e3f130147ac9d0e3f1301a7ac96	compression-derived-random256k-level6-v1	c5-gzip-level6-random256k-v1	true	true	ok	262144	04f7209a1428aceb9b838a3043af314defd245fab3da383edf7753f23133d184	262244	bc620013d295a3b741947823c358090ccb586c99ebd5750d79d760b1f6c299c0	false	4096	/guest/c5_native_function_warm_low_contention_352_direct_events	0.0.1@1784741948012	7c95d7eb747a585de4ba37797448eeea20f9011253d96f6672edd9740afe5c34	e37c0920ad877a89cf2f9f769aa05e9e08a4e9f802f6d509a45a4db56edbeba8	/guest/c5_native_function_warm_low_contention_352_direct_events	db7517d89754	8	db7517d89754:8		45	true	warm_no_init_interval	complete	5802939	5821789
native	measured	234	234	1	7bb888fbee3b46f6b888fbee3b36f649	compression-derived-random256k-level6-v1	c5-gzip-level6-random256k-v1	true	true	ok	262144	04f7209a1428aceb9b838a3043af314defd245fab3da383edf7753f23133d184	262244	bc620013d295a3b741947823c358090ccb586c99ebd5750d79d760b1f6c299c0	false	4096	/guest/c5_native_function_warm_low_contention_352_direct_events	0.0.1@1784741948012	7c95d7eb747a585de4ba37797448eeea20f9011253d96f6672edd9740afe5c34	e37c0920ad877a89cf2f9f769aa05e9e08a4e9f802f6d509a45a4db56edbeba8	/guest/c5_native_function_warm_low_contention_352_direct_events	db7517d89754	8	db7517d89754:8		53	true	warm_no_init_interval	complete	6032713	6046514
native	measured	235	235	1	6aca2dfd9dfb44ea8a2dfd9dfb74ea8c	compression-derived-random256k-level6-v1	c5-gzip-level6-random256k-v1	true	true	ok	262144	04f7209a1428aceb9b838a3043af314defd245fab3da383edf7753f23133d184	262244	bc620013d295a3b741947823c358090ccb586c99ebd5750d79d760b1f6c299c0	false	4096	/guest/c5_native_function_warm_low_contention_352_direct_events	0.0.1@1784741948012	7c95d7eb747a585de4ba37797448eeea20f9011253d96f6672edd9740afe5c34	e37c0920ad877a89cf2f9f769aa05e9e08a4e9f802f6d509a45a4db56edbeba8	/guest/c5_native_function_warm_low_contention_352_direct_events	db7517d89754	8	db7517d89754:8		39	true	warm_no_init_interval	complete	5437489	5450435
native	measured	236	236	1	997bfb01480748debbfb01480768de70	compression-derived-random256k-level6-v1	c5-gzip-level6-random256k-v1	true	true	ok	262144	04f7209a1428aceb9b838a3043af314defd245fab3da383edf7753f23133d184	262244	bc620013d295a3b741947823c358090ccb586c99ebd5750d79d760b1f6c299c0	false	4096	/guest/c5_native_function_warm_low_contention_352_direct_events	0.0.1@1784741948012	7c95d7eb747a585de4ba37797448eeea20f9011253d96f6672edd9740afe5c34	e37c0920ad877a89cf2f9f769aa05e9e08a4e9f802f6d509a45a4db56edbeba8	/guest/c5_native_function_warm_low_contention_352_direct_events	db7517d89754	8	db7517d89754:8		52	true	warm_no_init_interval	complete	7745855	7763352
native	measured	237	237	1	b621f0ccf7f7403da1f0ccf7f7003d8b	compression-derived-random256k-level6-v1	c5-gzip-level6-random256k-v1	true	true	ok	262144	04f7209a1428aceb9b838a3043af314defd245fab3da383edf7753f23133d184	262244	bc620013d295a3b741947823c358090ccb586c99ebd5750d79d760b1f6c299c0	false	4096	/guest/c5_native_function_warm_low_contention_352_direct_events	0.0.1@1784741948012	7c95d7eb747a585de4ba37797448eeea20f9011253d96f6672edd9740afe5c34	e37c0920ad877a89cf2f9f769aa05e9e08a4e9f802f6d509a45a4db56edbeba8	/guest/c5_native_function_warm_low_contention_352_direct_events	db7517d89754	8	db7517d89754:8		67	true	warm_no_init_interval	complete	6161719	6179123
native	measured	238	238	1	f34bba6038704b248bba603870cb24ca	compression-derived-random256k-level6-v1	c5-gzip-level6-random256k-v1	true	true	ok	262144	04f7209a1428aceb9b838a3043af314defd245fab3da383edf7753f23133d184	262244	bc620013d295a3b741947823c358090ccb586c99ebd5750d79d760b1f6c299c0	false	4096	/guest/c5_native_function_warm_low_contention_352_direct_events	0.0.1@1784741948012	7c95d7eb747a585de4ba37797448eeea20f9011253d96f6672edd9740afe5c34	e37c0920ad877a89cf2f9f769aa05e9e08a4e9f802f6d509a45a4db56edbeba8	/guest/c5_native_function_warm_low_contention_352_direct_events	db7517d89754	8	db7517d89754:8		41	true	warm_no_init_interval	complete	7683444	7699782
native	measured	239	239	1	b2b1d8ce7e9b4ee2b1d8ce7e9bbee2cf	compression-derived-random256k-level6-v1	c5-gzip-level6-random256k-v1	true	true	ok	262144	04f7209a1428aceb9b838a3043af314defd245fab3da383edf7753f23133d184	262244	bc620013d295a3b741947823c358090ccb586c99ebd5750d79d760b1f6c299c0	false	4096	/guest/c5_native_function_warm_low_contention_352_direct_events	0.0.1@1784741948012	7c95d7eb747a585de4ba37797448eeea20f9011253d96f6672edd9740afe5c34	e37c0920ad877a89cf2f9f769aa05e9e08a4e9f802f6d509a45a4db56edbeba8	/guest/c5_native_function_warm_low_contention_352_direct_events	db7517d89754	8	db7517d89754:8		14	true	warm_no_init_interval	complete	5425378	5439265
native	measured	240	240	1	60c16efa6bb740e0816efa6bb790e022	compression-derived-random256k-level6-v1	c5-gzip-level6-random256k-v1	true	true	ok	262144	04f7209a1428aceb9b838a3043af314defd245fab3da383edf7753f23133d184	262244	bc620013d295a3b741947823c358090ccb586c99ebd5750d79d760b1f6c299c0	false	4096	/guest/c5_native_function_warm_low_contention_352_direct_events	0.0.1@1784741948012	7c95d7eb747a585de4ba37797448eeea20f9011253d96f6672edd9740afe5c34	e37c0920ad877a89cf2f9f769aa05e9e08a4e9f802f6d509a45a4db56edbeba8	/guest/c5_native_function_warm_low_contention_352_direct_events	db7517d89754	8	db7517d89754:8		32	true	warm_no_init_interval	complete	5443288	5456374
native	measured	241	241	1	5a96c2d8158c481796c2d8158c381720	compression-derived-random256k-level6-v1	c5-gzip-level6-random256k-v1	true	true	ok	262144	04f7209a1428aceb9b838a3043af314defd245fab3da383edf7753f23133d184	262244	bc620013d295a3b741947823c358090ccb586c99ebd5750d79d760b1f6c299c0	false	4096	/guest/c5_native_function_warm_low_contention_352_direct_events	0.0.1@1784741948012	7c95d7eb747a585de4ba37797448eeea20f9011253d96f6672edd9740afe5c34	e37c0920ad877a89cf2f9f769aa05e9e08a4e9f802f6d509a45a4db56edbeba8	/guest/c5_native_function_warm_low_contention_352_direct_events	db7517d89754	8	db7517d89754:8		33	true	warm_no_init_interval	complete	7878173	7895422
native	measured	242	242	1	fd486c54f0e34f40886c54f0e38f408b	compression-derived-random256k-level6-v1	c5-gzip-level6-random256k-v1	true	true	ok	262144	04f7209a1428aceb9b838a3043af314defd245fab3da383edf7753f23133d184	262244	bc620013d295a3b741947823c358090ccb586c99ebd5750d79d760b1f6c299c0	false	4096	/guest/c5_native_function_warm_low_contention_352_direct_events	0.0.1@1784741948012	7c95d7eb747a585de4ba37797448eeea20f9011253d96f6672edd9740afe5c34	e37c0920ad877a89cf2f9f769aa05e9e08a4e9f802f6d509a45a4db56edbeba8	/guest/c5_native_function_warm_low_contention_352_direct_events	db7517d89754	8	db7517d89754:8		24	true	warm_no_init_interval	complete	5785441	5800925
native	measured	243	243	1	f3b598d708464176b598d70846717648	compression-derived-random256k-level6-v1	c5-gzip-level6-random256k-v1	true	true	ok	262144	04f7209a1428aceb9b838a3043af314defd245fab3da383edf7753f23133d184	262244	bc620013d295a3b741947823c358090ccb586c99ebd5750d79d760b1f6c299c0	false	4096	/guest/c5_native_function_warm_low_contention_352_direct_events	0.0.1@1784741948012	7c95d7eb747a585de4ba37797448eeea20f9011253d96f6672edd9740afe5c34	e37c0920ad877a89cf2f9f769aa05e9e08a4e9f802f6d509a45a4db56edbeba8	/guest/c5_native_function_warm_low_contention_352_direct_events	db7517d89754	8	db7517d89754:8		52	true	warm_no_init_interval	complete	6005944	6020744
native	measured	244	244	1	d0075f6631314083875f66313110830f	compression-derived-random256k-level6-v1	c5-gzip-level6-random256k-v1	true	true	ok	262144	04f7209a1428aceb9b838a3043af314defd245fab3da383edf7753f23133d184	262244	bc620013d295a3b741947823c358090ccb586c99ebd5750d79d760b1f6c299c0	false	4096	/guest/c5_native_function_warm_low_contention_352_direct_events	0.0.1@1784741948012	7c95d7eb747a585de4ba37797448eeea20f9011253d96f6672edd9740afe5c34	e37c0920ad877a89cf2f9f769aa05e9e08a4e9f802f6d509a45a4db56edbeba8	/guest/c5_native_function_warm_low_contention_352_direct_events	412815d5a6fc	8	412815d5a6fc:8		25	true	warm_no_init_interval	complete	5670490	5697733
native	measured	245	245	1	6fd3a7584a324bc193a7584a322bc112	compression-derived-random256k-level6-v1	c5-gzip-level6-random256k-v1	true	true	ok	262144	04f7209a1428aceb9b838a3043af314defd245fab3da383edf7753f23133d184	262244	bc620013d295a3b741947823c358090ccb586c99ebd5750d79d760b1f6c299c0	false	4096	/guest/c5_native_function_warm_low_contention_352_direct_events	0.0.1@1784741948012	7c95d7eb747a585de4ba37797448eeea20f9011253d96f6672edd9740afe5c34	e37c0920ad877a89cf2f9f769aa05e9e08a4e9f802f6d509a45a4db56edbeba8	/guest/c5_native_function_warm_low_contention_352_direct_events	db7517d89754	8	db7517d89754:8		36	true	warm_no_init_interval	complete	5513665	5527869
native	measured	246	246	1	e4658bd93e444684a58bd93e4446842a	compression-derived-random256k-level6-v1	c5-gzip-level6-random256k-v1	true	true	ok	262144	04f7209a1428aceb9b838a3043af314defd245fab3da383edf7753f23133d184	262244	bc620013d295a3b741947823c358090ccb586c99ebd5750d79d760b1f6c299c0	false	4096	/guest/c5_native_function_warm_low_contention_352_direct_events	0.0.1@1784741948012	7c95d7eb747a585de4ba37797448eeea20f9011253d96f6672edd9740afe5c34	e37c0920ad877a89cf2f9f769aa05e9e08a4e9f802f6d509a45a4db56edbeba8	/guest/c5_native_function_warm_low_contention_352_direct_events	db7517d89754	8	db7517d89754:8		84	true	warm_no_init_interval	complete	6059440	6075784
native	measured	247	247	1	0efc751cb0d84728bc751cb0d81728f4	compression-derived-random256k-level6-v1	c5-gzip-level6-random256k-v1	true	true	ok	262144	04f7209a1428aceb9b838a3043af314defd245fab3da383edf7753f23133d184	262244	bc620013d295a3b741947823c358090ccb586c99ebd5750d79d760b1f6c299c0	false	4096	/guest/c5_native_function_warm_low_contention_352_direct_events	0.0.1@1784741948012	7c95d7eb747a585de4ba37797448eeea20f9011253d96f6672edd9740afe5c34	e37c0920ad877a89cf2f9f769aa05e9e08a4e9f802f6d509a45a4db56edbeba8	/guest/c5_native_function_warm_low_contention_352_direct_events	412815d5a6fc	8	412815d5a6fc:8		77	true	warm_no_init_interval	complete	5910059	5939136
native	measured	248	248	1	16a2d411148f44a3a2d411148f34a352	compression-derived-random256k-level6-v1	c5-gzip-level6-random256k-v1	true	true	ok	262144	04f7209a1428aceb9b838a3043af314defd245fab3da383edf7753f23133d184	262244	bc620013d295a3b741947823c358090ccb586c99ebd5750d79d760b1f6c299c0	false	4096	/guest/c5_native_function_warm_low_contention_352_direct_events	0.0.1@1784741948012	7c95d7eb747a585de4ba37797448eeea20f9011253d96f6672edd9740afe5c34	e37c0920ad877a89cf2f9f769aa05e9e08a4e9f802f6d509a45a4db56edbeba8	/guest/c5_native_function_warm_low_contention_352_direct_events	db7517d89754	8	db7517d89754:8		35	true	warm_no_init_interval	complete	5614612	5628400
native	measured	249	249	1	b57f230ea53f4527bf230ea53f8527e0	compression-derived-random256k-level6-v1	c5-gzip-level6-random256k-v1	true	true	ok	262144	04f7209a1428aceb9b838a3043af314defd245fab3da383edf7753f23133d184	262244	bc620013d295a3b741947823c358090ccb586c99ebd5750d79d760b1f6c299c0	false	4096	/guest/c5_native_function_warm_low_contention_352_direct_events	0.0.1@1784741948012	7c95d7eb747a585de4ba37797448eeea20f9011253d96f6672edd9740afe5c34	e37c0920ad877a89cf2f9f769aa05e9e08a4e9f802f6d509a45a4db56edbeba8	/guest/c5_native_function_warm_low_contention_352_direct_events	db7517d89754	8	db7517d89754:8		38	true	warm_no_init_interval	complete	5423767	5437329
native	measured	250	250	1	26fc280526674f9bbc28052667af9b45	compression-derived-random256k-level6-v1	c5-gzip-level6-random256k-v1	true	true	ok	262144	04f7209a1428aceb9b838a3043af314defd245fab3da383edf7753f23133d184	262244	bc620013d295a3b741947823c358090ccb586c99ebd5750d79d760b1f6c299c0	false	4096	/guest/c5_native_function_warm_low_contention_352_direct_events	0.0.1@1784741948012	7c95d7eb747a585de4ba37797448eeea20f9011253d96f6672edd9740afe5c34	e37c0920ad877a89cf2f9f769aa05e9e08a4e9f802f6d509a45a4db56edbeba8	/guest/c5_native_function_warm_low_contention_352_direct_events	db7517d89754	8	db7517d89754:8		100	true	warm_no_init_interval	complete	5383565	5396867
native	measured	251	251	1	ef0f246a30eb467a8f246a30eb467a74	compression-derived-random256k-level6-v1	c5-gzip-level6-random256k-v1	true	true	ok	262144	04f7209a1428aceb9b838a3043af314defd245fab3da383edf7753f23133d184	262244	bc620013d295a3b741947823c358090ccb586c99ebd5750d79d760b1f6c299c0	false	4096	/guest/c5_native_function_warm_low_contention_352_direct_events	0.0.1@1784741948012	7c95d7eb747a585de4ba37797448eeea20f9011253d96f6672edd9740afe5c34	e37c0920ad877a89cf2f9f769aa05e9e08a4e9f802f6d509a45a4db56edbeba8	/guest/c5_native_function_warm_low_contention_352_direct_events	db7517d89754	8	db7517d89754:8		39	true	warm_no_init_interval	complete	5419177	5433172
native	measured	252	252	1	ee62b5a74a5640afa2b5a74a5610afb0	compression-derived-random256k-level6-v1	c5-gzip-level6-random256k-v1	true	true	ok	262144	04f7209a1428aceb9b838a3043af314defd245fab3da383edf7753f23133d184	262244	bc620013d295a3b741947823c358090ccb586c99ebd5750d79d760b1f6c299c0	false	4096	/guest/c5_native_function_warm_low_contention_352_direct_events	0.0.1@1784741948012	7c95d7eb747a585de4ba37797448eeea20f9011253d96f6672edd9740afe5c34	e37c0920ad877a89cf2f9f769aa05e9e08a4e9f802f6d509a45a4db56edbeba8	/guest/c5_native_function_warm_low_contention_352_direct_events	db7517d89754	8	db7517d89754:8		82	true	warm_no_init_interval	complete	5418196	5432061
native	measured	253	253	1	e30fcca74a76432c8fcca74a76132cc4	compression-derived-random256k-level6-v1	c5-gzip-level6-random256k-v1	true	true	ok	262144	04f7209a1428aceb9b838a3043af314defd245fab3da383edf7753f23133d184	262244	bc620013d295a3b741947823c358090ccb586c99ebd5750d79d760b1f6c299c0	false	4096	/guest/c5_native_function_warm_low_contention_352_direct_events	0.0.1@1784741948012	7c95d7eb747a585de4ba37797448eeea20f9011253d96f6672edd9740afe5c34	e37c0920ad877a89cf2f9f769aa05e9e08a4e9f802f6d509a45a4db56edbeba8	/guest/c5_native_function_warm_low_contention_352_direct_events	db7517d89754	8	db7517d89754:8		41	true	warm_no_init_interval	complete	5419190	5432149
native	measured	254	254	1	acb5f9bda6cf4b97b5f9bda6cf5b9720	compression-derived-random256k-level6-v1	c5-gzip-level6-random256k-v1	true	true	ok	262144	04f7209a1428aceb9b838a3043af314defd245fab3da383edf7753f23133d184	262244	bc620013d295a3b741947823c358090ccb586c99ebd5750d79d760b1f6c299c0	false	4096	/guest/c5_native_function_warm_low_contention_352_direct_events	0.0.1@1784741948012	7c95d7eb747a585de4ba37797448eeea20f9011253d96f6672edd9740afe5c34	e37c0920ad877a89cf2f9f769aa05e9e08a4e9f802f6d509a45a4db56edbeba8	/guest/c5_native_function_warm_low_contention_352_direct_events	db7517d89754	8	db7517d89754:8		34	true	warm_no_init_interval	complete	5454959	5468939
native	measured	255	255	1	fa12a64280244ef992a64280246ef95f	compression-derived-random256k-level6-v1	c5-gzip-level6-random256k-v1	true	true	ok	262144	04f7209a1428aceb9b838a3043af314defd245fab3da383edf7753f23133d184	262244	bc620013d295a3b741947823c358090ccb586c99ebd5750d79d760b1f6c299c0	false	4096	/guest/c5_native_function_warm_low_contention_352_direct_events	0.0.1@1784741948012	7c95d7eb747a585de4ba37797448eeea20f9011253d96f6672edd9740afe5c34	e37c0920ad877a89cf2f9f769aa05e9e08a4e9f802f6d509a45a4db56edbeba8	/guest/c5_native_function_warm_low_contention_352_direct_events	db7517d89754	8	db7517d89754:8		43	true	warm_no_init_interval	complete	5430048	5444180
native	measured	256	256	1	d7e16fdbca8b4926a16fdbca8be92663	compression-derived-random256k-level6-v1	c5-gzip-level6-random256k-v1	true	true	ok	262144	04f7209a1428aceb9b838a3043af314defd245fab3da383edf7753f23133d184	262244	bc620013d295a3b741947823c358090ccb586c99ebd5750d79d760b1f6c299c0	false	4096	/guest/c5_native_function_warm_low_contention_352_direct_events	0.0.1@1784741948012	7c95d7eb747a585de4ba37797448eeea20f9011253d96f6672edd9740afe5c34	e37c0920ad877a89cf2f9f769aa05e9e08a4e9f802f6d509a45a4db56edbeba8	/guest/c5_native_function_warm_low_contention_352_direct_events	412815d5a6fc	8	412815d5a6fc:8		46	true	warm_no_init_interval	complete	5724129	5748956
native	measured	257	257	1	5d56671e74334b5d96671e7433cb5d3c	compression-derived-random256k-level6-v1	c5-gzip-level6-random256k-v1	true	true	ok	262144	04f7209a1428aceb9b838a3043af314defd245fab3da383edf7753f23133d184	262244	bc620013d295a3b741947823c358090ccb586c99ebd5750d79d760b1f6c299c0	false	4096	/guest/c5_native_function_warm_low_contention_352_direct_events	0.0.1@1784741948012	7c95d7eb747a585de4ba37797448eeea20f9011253d96f6672edd9740afe5c34	e37c0920ad877a89cf2f9f769aa05e9e08a4e9f802f6d509a45a4db56edbeba8	/guest/c5_native_function_warm_low_contention_352_direct_events	412815d5a6fc	8	412815d5a6fc:8		36	true	warm_no_init_interval	complete	5676182	5699513
native	measured	258	258	1	51628b746d3049faa28b746d3019fa19	compression-derived-random256k-level6-v1	c5-gzip-level6-random256k-v1	true	true	ok	262144	04f7209a1428aceb9b838a3043af314defd245fab3da383edf7753f23133d184	262244	bc620013d295a3b741947823c358090ccb586c99ebd5750d79d760b1f6c299c0	false	4096	/guest/c5_native_function_warm_low_contention_352_direct_events	0.0.1@1784741948012	7c95d7eb747a585de4ba37797448eeea20f9011253d96f6672edd9740afe5c34	e37c0920ad877a89cf2f9f769aa05e9e08a4e9f802f6d509a45a4db56edbeba8	/guest/c5_native_function_warm_low_contention_352_direct_events	db7517d89754	8	db7517d89754:8		21	true	warm_no_init_interval	complete	5425363	5438365
native	measured	259	259	1	a1aba31108bc4e31aba31108bc1e3184	compression-derived-random256k-level6-v1	c5-gzip-level6-random256k-v1	true	true	ok	262144	04f7209a1428aceb9b838a3043af314defd245fab3da383edf7753f23133d184	262244	bc620013d295a3b741947823c358090ccb586c99ebd5750d79d760b1f6c299c0	false	4096	/guest/c5_native_function_warm_low_contention_352_direct_events	0.0.1@1784741948012	7c95d7eb747a585de4ba37797448eeea20f9011253d96f6672edd9740afe5c34	e37c0920ad877a89cf2f9f769aa05e9e08a4e9f802f6d509a45a4db56edbeba8	/guest/c5_native_function_warm_low_contention_352_direct_events	db7517d89754	8	db7517d89754:8		27	true	warm_no_init_interval	complete	5420970	5433851
native	measured	260	260	1	a482f996dc9d44a382f996dc9d54a344	compression-derived-random256k-level6-v1	c5-gzip-level6-random256k-v1	true	true	ok	262144	04f7209a1428aceb9b838a3043af314defd245fab3da383edf7753f23133d184	262244	bc620013d295a3b741947823c358090ccb586c99ebd5750d79d760b1f6c299c0	false	4096	/guest/c5_native_function_warm_low_contention_352_direct_events	0.0.1@1784741948012	7c95d7eb747a585de4ba37797448eeea20f9011253d96f6672edd9740afe5c34	e37c0920ad877a89cf2f9f769aa05e9e08a4e9f802f6d509a45a4db56edbeba8	/guest/c5_native_function_warm_low_contention_352_direct_events	db7517d89754	8	db7517d89754:8		19	true	warm_no_init_interval	complete	5404657	5418622
native	measured	261	261	1	b0421ef72e2d42d6821ef72e2d42d616	compression-derived-random256k-level6-v1	c5-gzip-level6-random256k-v1	true	true	ok	262144	04f7209a1428aceb9b838a3043af314defd245fab3da383edf7753f23133d184	262244	bc620013d295a3b741947823c358090ccb586c99ebd5750d79d760b1f6c299c0	false	4096	/guest/c5_native_function_warm_low_contention_352_direct_events	0.0.1@1784741948012	7c95d7eb747a585de4ba37797448eeea20f9011253d96f6672edd9740afe5c34	e37c0920ad877a89cf2f9f769aa05e9e08a4e9f802f6d509a45a4db56edbeba8	/guest/c5_native_function_warm_low_contention_352_direct_events	db7517d89754	8	db7517d89754:8		8	true	warm_no_init_interval	complete	5420967	5434173
native	measured	262	262	1	53c1d86219264a6f81d86219260a6fc9	compression-derived-random256k-level6-v1	c5-gzip-level6-random256k-v1	true	true	ok	262144	04f7209a1428aceb9b838a3043af314defd245fab3da383edf7753f23133d184	262244	bc620013d295a3b741947823c358090ccb586c99ebd5750d79d760b1f6c299c0	false	4096	/guest/c5_native_function_warm_low_contention_352_direct_events	0.0.1@1784741948012	7c95d7eb747a585de4ba37797448eeea20f9011253d96f6672edd9740afe5c34	e37c0920ad877a89cf2f9f769aa05e9e08a4e9f802f6d509a45a4db56edbeba8	/guest/c5_native_function_warm_low_contention_352_direct_events	db7517d89754	8	db7517d89754:8		13	true	warm_no_init_interval	complete	5440076	5453064
native	measured	263	263	1	1e2eacd44c4c4593aeacd44c4cc59387	compression-derived-random256k-level6-v1	c5-gzip-level6-random256k-v1	true	true	ok	262144	04f7209a1428aceb9b838a3043af314defd245fab3da383edf7753f23133d184	262244	bc620013d295a3b741947823c358090ccb586c99ebd5750d79d760b1f6c299c0	false	4096	/guest/c5_native_function_warm_low_contention_352_direct_events	0.0.1@1784741948012	7c95d7eb747a585de4ba37797448eeea20f9011253d96f6672edd9740afe5c34	e37c0920ad877a89cf2f9f769aa05e9e08a4e9f802f6d509a45a4db56edbeba8	/guest/c5_native_function_warm_low_contention_352_direct_events	412815d5a6fc	8	412815d5a6fc:8		34	true	warm_no_init_interval	complete	5975636	6000812
native	measured	264	264	1	730934badaf248e68934badaf248e686	compression-derived-random256k-level6-v1	c5-gzip-level6-random256k-v1	true	true	ok	262144	04f7209a1428aceb9b838a3043af314defd245fab3da383edf7753f23133d184	262244	bc620013d295a3b741947823c358090ccb586c99ebd5750d79d760b1f6c299c0	false	4096	/guest/c5_native_function_warm_low_contention_352_direct_events	0.0.1@1784741948012	7c95d7eb747a585de4ba37797448eeea20f9011253d96f6672edd9740afe5c34	e37c0920ad877a89cf2f9f769aa05e9e08a4e9f802f6d509a45a4db56edbeba8	/guest/c5_native_function_warm_low_contention_352_direct_events	db7517d89754	8	db7517d89754:8		11	true	warm_no_init_interval	complete	5679372	5694493
native	measured	265	265	1	cb9508a854824f719508a854828f7111	compression-derived-random256k-level6-v1	c5-gzip-level6-random256k-v1	true	true	ok	262144	04f7209a1428aceb9b838a3043af314defd245fab3da383edf7753f23133d184	262244	bc620013d295a3b741947823c358090ccb586c99ebd5750d79d760b1f6c299c0	false	4096	/guest/c5_native_function_warm_low_contention_352_direct_events	0.0.1@1784741948012	7c95d7eb747a585de4ba37797448eeea20f9011253d96f6672edd9740afe5c34	e37c0920ad877a89cf2f9f769aa05e9e08a4e9f802f6d509a45a4db56edbeba8	/guest/c5_native_function_warm_low_contention_352_direct_events	db7517d89754	8	db7517d89754:8		10	true	warm_no_init_interval	complete	6969507	6987977
native	measured	266	266	1	cd66a54a86b045f6a6a54a86b0d5f651	compression-derived-random256k-level6-v1	c5-gzip-level6-random256k-v1	true	true	ok	262144	04f7209a1428aceb9b838a3043af314defd245fab3da383edf7753f23133d184	262244	bc620013d295a3b741947823c358090ccb586c99ebd5750d79d760b1f6c299c0	false	4096	/guest/c5_native_function_warm_low_contention_352_direct_events	0.0.1@1784741948012	7c95d7eb747a585de4ba37797448eeea20f9011253d96f6672edd9740afe5c34	e37c0920ad877a89cf2f9f769aa05e9e08a4e9f802f6d509a45a4db56edbeba8	/guest/c5_native_function_warm_low_contention_352_direct_events	db7517d89754	8	db7517d89754:8		11	true	warm_no_init_interval	complete	5474362	5487420
native	measured	267	267	1	b5bc225088bf4f22bc225088bf0f22e0	compression-derived-random256k-level6-v1	c5-gzip-level6-random256k-v1	true	true	ok	262144	04f7209a1428aceb9b838a3043af314defd245fab3da383edf7753f23133d184	262244	bc620013d295a3b741947823c358090ccb586c99ebd5750d79d760b1f6c299c0	false	4096	/guest/c5_native_function_warm_low_contention_352_direct_events	0.0.1@1784741948012	7c95d7eb747a585de4ba37797448eeea20f9011253d96f6672edd9740afe5c34	e37c0920ad877a89cf2f9f769aa05e9e08a4e9f802f6d509a45a4db56edbeba8	/guest/c5_native_function_warm_low_contention_352_direct_events	db7517d89754	8	db7517d89754:8		23	true	warm_no_init_interval	complete	5430517	5445650
native	measured	268	268	1	b67df1b58e024826bdf1b58e029826b8	compression-derived-random256k-level6-v1	c5-gzip-level6-random256k-v1	true	true	ok	262144	04f7209a1428aceb9b838a3043af314defd245fab3da383edf7753f23133d184	262244	bc620013d295a3b741947823c358090ccb586c99ebd5750d79d760b1f6c299c0	false	4096	/guest/c5_native_function_warm_low_contention_352_direct_events	0.0.1@1784741948012	7c95d7eb747a585de4ba37797448eeea20f9011253d96f6672edd9740afe5c34	e37c0920ad877a89cf2f9f769aa05e9e08a4e9f802f6d509a45a4db56edbeba8	/guest/c5_native_function_warm_low_contention_352_direct_events	db7517d89754	8	db7517d89754:8		9	true	warm_no_init_interval	complete	5422605	5435670
native	measured	269	269	1	e40922a6844c48ca8922a6844c98caae	compression-derived-random256k-level6-v1	c5-gzip-level6-random256k-v1	true	true	ok	262144	04f7209a1428aceb9b838a3043af314defd245fab3da383edf7753f23133d184	262244	bc620013d295a3b741947823c358090ccb586c99ebd5750d79d760b1f6c299c0	false	4096	/guest/c5_native_function_warm_low_contention_352_direct_events	0.0.1@1784741948012	7c95d7eb747a585de4ba37797448eeea20f9011253d96f6672edd9740afe5c34	e37c0920ad877a89cf2f9f769aa05e9e08a4e9f802f6d509a45a4db56edbeba8	/guest/c5_native_function_warm_low_contention_352_direct_events	412815d5a6fc	8	412815d5a6fc:8		14	true	warm_no_init_interval	complete	5690234	5718532
native	measured	270	270	1	513086fdcfa34c60b086fdcfa36c606e	compression-derived-random256k-level6-v1	c5-gzip-level6-random256k-v1	true	true	ok	262144	04f7209a1428aceb9b838a3043af314defd245fab3da383edf7753f23133d184	262244	bc620013d295a3b741947823c358090ccb586c99ebd5750d79d760b1f6c299c0	false	4096	/guest/c5_native_function_warm_low_contention_352_direct_events	0.0.1@1784741948012	7c95d7eb747a585de4ba37797448eeea20f9011253d96f6672edd9740afe5c34	e37c0920ad877a89cf2f9f769aa05e9e08a4e9f802f6d509a45a4db56edbeba8	/guest/c5_native_function_warm_low_contention_352_direct_events	db7517d89754	8	db7517d89754:8		15	true	warm_no_init_interval	complete	5432807	5446227
native	measured	271	271	1	49dea50a97d545dd9ea50a97d525dd1f	compression-derived-random256k-level6-v1	c5-gzip-level6-random256k-v1	true	true	ok	262144	04f7209a1428aceb9b838a3043af314defd245fab3da383edf7753f23133d184	262244	bc620013d295a3b741947823c358090ccb586c99ebd5750d79d760b1f6c299c0	false	4096	/guest/c5_native_function_warm_low_contention_352_direct_events	0.0.1@1784741948012	7c95d7eb747a585de4ba37797448eeea20f9011253d96f6672edd9740afe5c34	e37c0920ad877a89cf2f9f769aa05e9e08a4e9f802f6d509a45a4db56edbeba8	/guest/c5_native_function_warm_low_contention_352_direct_events	412815d5a6fc	8	412815d5a6fc:8		30	true	warm_no_init_interval	complete	5758988	5782891
native	measured	272	272	1	641d2d552ee547e39d2d552ee577e325	compression-derived-random256k-level6-v1	c5-gzip-level6-random256k-v1	true	true	ok	262144	04f7209a1428aceb9b838a3043af314defd245fab3da383edf7753f23133d184	262244	bc620013d295a3b741947823c358090ccb586c99ebd5750d79d760b1f6c299c0	false	4096	/guest/c5_native_function_warm_low_contention_352_direct_events	0.0.1@1784741948012	7c95d7eb747a585de4ba37797448eeea20f9011253d96f6672edd9740afe5c34	e37c0920ad877a89cf2f9f769aa05e9e08a4e9f802f6d509a45a4db56edbeba8	/guest/c5_native_function_warm_low_contention_352_direct_events	db7517d89754	8	db7517d89754:8		23	true	warm_no_init_interval	complete	5533477	5546509
native	measured	273	273	1	5de29a4ed7344f51a29a4ed7340f511a	compression-derived-random256k-level6-v1	c5-gzip-level6-random256k-v1	true	true	ok	262144	04f7209a1428aceb9b838a3043af314defd245fab3da383edf7753f23133d184	262244	bc620013d295a3b741947823c358090ccb586c99ebd5750d79d760b1f6c299c0	false	4096	/guest/c5_native_function_warm_low_contention_352_direct_events	0.0.1@1784741948012	7c95d7eb747a585de4ba37797448eeea20f9011253d96f6672edd9740afe5c34	e37c0920ad877a89cf2f9f769aa05e9e08a4e9f802f6d509a45a4db56edbeba8	/guest/c5_native_function_warm_low_contention_352_direct_events	db7517d89754	8	db7517d89754:8		22	true	warm_no_init_interval	complete	5606984	5621383
native	measured	274	274	1	71bdee8daa104101bdee8daa10210102	compression-derived-random256k-level6-v1	c5-gzip-level6-random256k-v1	true	true	ok	262144	04f7209a1428aceb9b838a3043af314defd245fab3da383edf7753f23133d184	262244	bc620013d295a3b741947823c358090ccb586c99ebd5750d79d760b1f6c299c0	false	4096	/guest/c5_native_function_warm_low_contention_352_direct_events	0.0.1@1784741948012	7c95d7eb747a585de4ba37797448eeea20f9011253d96f6672edd9740afe5c34	e37c0920ad877a89cf2f9f769aa05e9e08a4e9f802f6d509a45a4db56edbeba8	/guest/c5_native_function_warm_low_contention_352_direct_events	db7517d89754	8	db7517d89754:8		23	true	warm_no_init_interval	complete	5597673	5610563
native	measured	275	275	1	35d204f602c848089204f602c8380811	compression-derived-random256k-level6-v1	c5-gzip-level6-random256k-v1	true	true	ok	262144	04f7209a1428aceb9b838a3043af314defd245fab3da383edf7753f23133d184	262244	bc620013d295a3b741947823c358090ccb586c99ebd5750d79d760b1f6c299c0	false	4096	/guest/c5_native_function_warm_low_contention_352_direct_events	0.0.1@1784741948012	7c95d7eb747a585de4ba37797448eeea20f9011253d96f6672edd9740afe5c34	e37c0920ad877a89cf2f9f769aa05e9e08a4e9f802f6d509a45a4db56edbeba8	/guest/c5_native_function_warm_low_contention_352_direct_events	db7517d89754	8	db7517d89754:8		16	true	warm_no_init_interval	complete	6187242	6204942
native	measured	276	276	1	1c9bf53f721f4f199bf53f721f4f191c	compression-derived-random256k-level6-v1	c5-gzip-level6-random256k-v1	true	true	ok	262144	04f7209a1428aceb9b838a3043af314defd245fab3da383edf7753f23133d184	262244	bc620013d295a3b741947823c358090ccb586c99ebd5750d79d760b1f6c299c0	false	4096	/guest/c5_native_function_warm_low_contention_352_direct_events	0.0.1@1784741948012	7c95d7eb747a585de4ba37797448eeea20f9011253d96f6672edd9740afe5c34	e37c0920ad877a89cf2f9f769aa05e9e08a4e9f802f6d509a45a4db56edbeba8	/guest/c5_native_function_warm_low_contention_352_direct_events	db7517d89754	8	db7517d89754:8		9	true	warm_no_init_interval	complete	5426136	5436586
native	measured	277	277	1	7cada47bc4bd473eada47bc4bd073e48	compression-derived-random256k-level6-v1	c5-gzip-level6-random256k-v1	true	true	ok	262144	04f7209a1428aceb9b838a3043af314defd245fab3da383edf7753f23133d184	262244	bc620013d295a3b741947823c358090ccb586c99ebd5750d79d760b1f6c299c0	false	4096	/guest/c5_native_function_warm_low_contention_352_direct_events	0.0.1@1784741948012	7c95d7eb747a585de4ba37797448eeea20f9011253d96f6672edd9740afe5c34	e37c0920ad877a89cf2f9f769aa05e9e08a4e9f802f6d509a45a4db56edbeba8	/guest/c5_native_function_warm_low_contention_352_direct_events	db7517d89754	8	db7517d89754:8		13	true	warm_no_init_interval	complete	5430086	5440686
native	measured	278	278	1	61effeb841bf47f9affeb841bf67f949	compression-derived-random256k-level6-v1	c5-gzip-level6-random256k-v1	true	true	ok	262144	04f7209a1428aceb9b838a3043af314defd245fab3da383edf7753f23133d184	262244	bc620013d295a3b741947823c358090ccb586c99ebd5750d79d760b1f6c299c0	false	4096	/guest/c5_native_function_warm_low_contention_352_direct_events	0.0.1@1784741948012	7c95d7eb747a585de4ba37797448eeea20f9011253d96f6672edd9740afe5c34	e37c0920ad877a89cf2f9f769aa05e9e08a4e9f802f6d509a45a4db56edbeba8	/guest/c5_native_function_warm_low_contention_352_direct_events	db7517d89754	8	db7517d89754:8		13	true	warm_no_init_interval	complete	5476263	5487044
native	measured	279	279	1	eb8a6b4454b94cb58a6b4454b9acb5c7	compression-derived-random256k-level6-v1	c5-gzip-level6-random256k-v1	true	true	ok	262144	04f7209a1428aceb9b838a3043af314defd245fab3da383edf7753f23133d184	262244	bc620013d295a3b741947823c358090ccb586c99ebd5750d79d760b1f6c299c0	false	4096	/guest/c5_native_function_warm_low_contention_352_direct_events	0.0.1@1784741948012	7c95d7eb747a585de4ba37797448eeea20f9011253d96f6672edd9740afe5c34	e37c0920ad877a89cf2f9f769aa05e9e08a4e9f802f6d509a45a4db56edbeba8	/guest/c5_native_function_warm_low_contention_352_direct_events	db7517d89754	8	db7517d89754:8		8	true	warm_no_init_interval	complete	5460703	5474401
native	measured	280	280	1	3360567b5b9a4f59a0567b5b9a4f5946	compression-derived-random256k-level6-v1	c5-gzip-level6-random256k-v1	true	true	ok	262144	04f7209a1428aceb9b838a3043af314defd245fab3da383edf7753f23133d184	262244	bc620013d295a3b741947823c358090ccb586c99ebd5750d79d760b1f6c299c0	false	4096	/guest/c5_native_function_warm_low_contention_352_direct_events	0.0.1@1784741948012	7c95d7eb747a585de4ba37797448eeea20f9011253d96f6672edd9740afe5c34	e37c0920ad877a89cf2f9f769aa05e9e08a4e9f802f6d509a45a4db56edbeba8	/guest/c5_native_function_warm_low_contention_352_direct_events	db7517d89754	8	db7517d89754:8		6	true	warm_no_init_interval	complete	5437295	5447658
native	measured	281	281	1	2a1180e1b537419d9180e1b537e19dd7	compression-derived-random256k-level6-v1	c5-gzip-level6-random256k-v1	true	true	ok	262144	04f7209a1428aceb9b838a3043af314defd245fab3da383edf7753f23133d184	262244	bc620013d295a3b741947823c358090ccb586c99ebd5750d79d760b1f6c299c0	false	4096	/guest/c5_native_function_warm_low_contention_352_direct_events	0.0.1@1784741948012	7c95d7eb747a585de4ba37797448eeea20f9011253d96f6672edd9740afe5c34	e37c0920ad877a89cf2f9f769aa05e9e08a4e9f802f6d509a45a4db56edbeba8	/guest/c5_native_function_warm_low_contention_352_direct_events	db7517d89754	8	db7517d89754:8		7	true	warm_no_init_interval	complete	5424892	5435266
native	measured	282	282	1	f292ce44b23d423692ce44b23de2360e	compression-derived-random256k-level6-v1	c5-gzip-level6-random256k-v1	true	true	ok	262144	04f7209a1428aceb9b838a3043af314defd245fab3da383edf7753f23133d184	262244	bc620013d295a3b741947823c358090ccb586c99ebd5750d79d760b1f6c299c0	false	4096	/guest/c5_native_function_warm_low_contention_352_direct_events	0.0.1@1784741948012	7c95d7eb747a585de4ba37797448eeea20f9011253d96f6672edd9740afe5c34	e37c0920ad877a89cf2f9f769aa05e9e08a4e9f802f6d509a45a4db56edbeba8	/guest/c5_native_function_warm_low_contention_352_direct_events	412815d5a6fc	8	412815d5a6fc:8		18	true	warm_no_init_interval	complete	5880682	5906326
native	measured	283	283	1	3246bc2964954b3486bc2964952b34ba	compression-derived-random256k-level6-v1	c5-gzip-level6-random256k-v1	true	true	ok	262144	04f7209a1428aceb9b838a3043af314defd245fab3da383edf7753f23133d184	262244	bc620013d295a3b741947823c358090ccb586c99ebd5750d79d760b1f6c299c0	false	4096	/guest/c5_native_function_warm_low_contention_352_direct_events	0.0.1@1784741948012	7c95d7eb747a585de4ba37797448eeea20f9011253d96f6672edd9740afe5c34	e37c0920ad877a89cf2f9f769aa05e9e08a4e9f802f6d509a45a4db56edbeba8	/guest/c5_native_function_warm_low_contention_352_direct_events	db7517d89754	8	db7517d89754:8		17	true	warm_no_init_interval	complete	9627168	9645429
native	measured	284	284	1	9cdc43f390a946119c43f390a9c611af	compression-derived-random256k-level6-v1	c5-gzip-level6-random256k-v1	true	true	ok	262144	04f7209a1428aceb9b838a3043af314defd245fab3da383edf7753f23133d184	262244	bc620013d295a3b741947823c358090ccb586c99ebd5750d79d760b1f6c299c0	false	4096	/guest/c5_native_function_warm_low_contention_352_direct_events	0.0.1@1784741948012	7c95d7eb747a585de4ba37797448eeea20f9011253d96f6672edd9740afe5c34	e37c0920ad877a89cf2f9f769aa05e9e08a4e9f802f6d509a45a4db56edbeba8	/guest/c5_native_function_warm_low_contention_352_direct_events	db7517d89754	8	db7517d89754:8		16	true	warm_no_init_interval	complete	5409688	5420224
native	measured	285	285	1	07e9c8e06293493da9c8e06293e93d0b	compression-derived-random256k-level6-v1	c5-gzip-level6-random256k-v1	true	true	ok	262144	04f7209a1428aceb9b838a3043af314defd245fab3da383edf7753f23133d184	262244	bc620013d295a3b741947823c358090ccb586c99ebd5750d79d760b1f6c299c0	false	4096	/guest/c5_native_function_warm_low_contention_352_direct_events	0.0.1@1784741948012	7c95d7eb747a585de4ba37797448eeea20f9011253d96f6672edd9740afe5c34	e37c0920ad877a89cf2f9f769aa05e9e08a4e9f802f6d509a45a4db56edbeba8	/guest/c5_native_function_warm_low_contention_352_direct_events	db7517d89754	8	db7517d89754:8		16	true	warm_no_init_interval	complete	5491264	5500944
native	measured	286	286	1	d4e905fda2ff4621a905fda2ff1621dc	compression-derived-random256k-level6-v1	c5-gzip-level6-random256k-v1	true	true	ok	262144	04f7209a1428aceb9b838a3043af314defd245fab3da383edf7753f23133d184	262244	bc620013d295a3b741947823c358090ccb586c99ebd5750d79d760b1f6c299c0	false	4096	/guest/c5_native_function_warm_low_contention_352_direct_events	0.0.1@1784741948012	7c95d7eb747a585de4ba37797448eeea20f9011253d96f6672edd9740afe5c34	e37c0920ad877a89cf2f9f769aa05e9e08a4e9f802f6d509a45a4db56edbeba8	/guest/c5_native_function_warm_low_contention_352_direct_events	db7517d89754	8	db7517d89754:8		15	true	warm_no_init_interval	complete	5432381	5442690
native	measured	287	287	1	9cc91a4941c34ef0891a4941c3bef0ed	compression-derived-random256k-level6-v1	c5-gzip-level6-random256k-v1	true	true	ok	262144	04f7209a1428aceb9b838a3043af314defd245fab3da383edf7753f23133d184	262244	bc620013d295a3b741947823c358090ccb586c99ebd5750d79d760b1f6c299c0	false	4096	/guest/c5_native_function_warm_low_contention_352_direct_events	0.0.1@1784741948012	7c95d7eb747a585de4ba37797448eeea20f9011253d96f6672edd9740afe5c34	e37c0920ad877a89cf2f9f769aa05e9e08a4e9f802f6d509a45a4db56edbeba8	/guest/c5_native_function_warm_low_contention_352_direct_events	db7517d89754	8	db7517d89754:8		18	true	warm_no_init_interval	complete	5434912	5445212
native	measured	288	288	1	ce36049e79be48c1b6049e79bef8c1f9	compression-derived-random256k-level6-v1	c5-gzip-level6-random256k-v1	true	true	ok	262144	04f7209a1428aceb9b838a3043af314defd245fab3da383edf7753f23133d184	262244	bc620013d295a3b741947823c358090ccb586c99ebd5750d79d760b1f6c299c0	false	4096	/guest/c5_native_function_warm_low_contention_352_direct_events	0.0.1@1784741948012	7c95d7eb747a585de4ba37797448eeea20f9011253d96f6672edd9740afe5c34	e37c0920ad877a89cf2f9f769aa05e9e08a4e9f802f6d509a45a4db56edbeba8	/guest/c5_native_function_warm_low_contention_352_direct_events	db7517d89754	8	db7517d89754:8		13	true	warm_no_init_interval	complete	5405209	5416126
native	measured	289	289	1	b55579e4aed74c799579e4aed7bc798d	compression-derived-random256k-level6-v1	c5-gzip-level6-random256k-v1	true	true	ok	262144	04f7209a1428aceb9b838a3043af314defd245fab3da383edf7753f23133d184	262244	bc620013d295a3b741947823c358090ccb586c99ebd5750d79d760b1f6c299c0	false	4096	/guest/c5_native_function_warm_low_contention_352_direct_events	0.0.1@1784741948012	7c95d7eb747a585de4ba37797448eeea20f9011253d96f6672edd9740afe5c34	e37c0920ad877a89cf2f9f769aa05e9e08a4e9f802f6d509a45a4db56edbeba8	/guest/c5_native_function_warm_low_contention_352_direct_events	db7517d89754	8	db7517d89754:8		16	true	warm_no_init_interval	complete	5449276	5460014
native	measured	290	290	1	cf2af698aff14a31aaf698aff13a310e	compression-derived-random256k-level6-v1	c5-gzip-level6-random256k-v1	true	true	ok	262144	04f7209a1428aceb9b838a3043af314defd245fab3da383edf7753f23133d184	262244	bc620013d295a3b741947823c358090ccb586c99ebd5750d79d760b1f6c299c0	false	4096	/guest/c5_native_function_warm_low_contention_352_direct_events	0.0.1@1784741948012	7c95d7eb747a585de4ba37797448eeea20f9011253d96f6672edd9740afe5c34	e37c0920ad877a89cf2f9f769aa05e9e08a4e9f802f6d509a45a4db56edbeba8	/guest/c5_native_function_warm_low_contention_352_direct_events	412815d5a6fc	8	412815d5a6fc:8		16	true	warm_no_init_interval	complete	5619676	5647613
native	measured	291	291	1	b683acfcfab0405383acfcfab0205377	compression-derived-random256k-level6-v1	c5-gzip-level6-random256k-v1	true	true	ok	262144	04f7209a1428aceb9b838a3043af314defd245fab3da383edf7753f23133d184	262244	bc620013d295a3b741947823c358090ccb586c99ebd5750d79d760b1f6c299c0	false	4096	/guest/c5_native_function_warm_low_contention_352_direct_events	0.0.1@1784741948012	7c95d7eb747a585de4ba37797448eeea20f9011253d96f6672edd9740afe5c34	e37c0920ad877a89cf2f9f769aa05e9e08a4e9f802f6d509a45a4db56edbeba8	/guest/c5_native_function_warm_low_contention_352_direct_events	db7517d89754	8	db7517d89754:8		21	true	warm_no_init_interval	complete	5444838	5454896
native	measured	292	292	1	51a5076fdb404f76a5076fdb40ff7610	compression-derived-random256k-level6-v1	c5-gzip-level6-random256k-v1	true	true	ok	262144	04f7209a1428aceb9b838a3043af314defd245fab3da383edf7753f23133d184	262244	bc620013d295a3b741947823c358090ccb586c99ebd5750d79d760b1f6c299c0	false	4096	/guest/c5_native_function_warm_low_contention_352_direct_events	0.0.1@1784741948012	7c95d7eb747a585de4ba37797448eeea20f9011253d96f6672edd9740afe5c34	e37c0920ad877a89cf2f9f769aa05e9e08a4e9f802f6d509a45a4db56edbeba8	/guest/c5_native_function_warm_low_contention_352_direct_events	412815d5a6fc	8	412815d5a6fc:8		35	true	warm_no_init_interval	complete	5511937	5542247
native	measured	293	293	1	c93859d644a8430cb859d644a8530c2d	compression-derived-random256k-level6-v1	c5-gzip-level6-random256k-v1	true	true	ok	262144	04f7209a1428aceb9b838a3043af314defd245fab3da383edf7753f23133d184	262244	bc620013d295a3b741947823c358090ccb586c99ebd5750d79d760b1f6c299c0	false	4096	/guest/c5_native_function_warm_low_contention_352_direct_events	0.0.1@1784741948012	7c95d7eb747a585de4ba37797448eeea20f9011253d96f6672edd9740afe5c34	e37c0920ad877a89cf2f9f769aa05e9e08a4e9f802f6d509a45a4db56edbeba8	/guest/c5_native_function_warm_low_contention_352_direct_events	db7517d89754	8	db7517d89754:8		7	true	warm_no_init_interval	complete	5432006	5442145
native	measured	294	294	1	85c086c6824640b38086c6824640b30c	compression-derived-random256k-level6-v1	c5-gzip-level6-random256k-v1	true	true	ok	262144	04f7209a1428aceb9b838a3043af314defd245fab3da383edf7753f23133d184	262244	bc620013d295a3b741947823c358090ccb586c99ebd5750d79d760b1f6c299c0	false	4096	/guest/c5_native_function_warm_low_contention_352_direct_events	0.0.1@1784741948012	7c95d7eb747a585de4ba37797448eeea20f9011253d96f6672edd9740afe5c34	e37c0920ad877a89cf2f9f769aa05e9e08a4e9f802f6d509a45a4db56edbeba8	/guest/c5_native_function_warm_low_contention_352_direct_events	db7517d89754	8	db7517d89754:8		21	true	warm_no_init_interval	complete	5402475	5412568
native	measured	295	295	1	e328bd946dae478da8bd946dae978dff	compression-derived-random256k-level6-v1	c5-gzip-level6-random256k-v1	true	true	ok	262144	04f7209a1428aceb9b838a3043af314defd245fab3da383edf7753f23133d184	262244	bc620013d295a3b741947823c358090ccb586c99ebd5750d79d760b1f6c299c0	false	4096	/guest/c5_native_function_warm_low_contention_352_direct_events	0.0.1@1784741948012	7c95d7eb747a585de4ba37797448eeea20f9011253d96f6672edd9740afe5c34	e37c0920ad877a89cf2f9f769aa05e9e08a4e9f802f6d509a45a4db56edbeba8	/guest/c5_native_function_warm_low_contention_352_direct_events	db7517d89754	8	db7517d89754:8		22	true	warm_no_init_interval	complete	5375967	5386054
native	measured	296	296	1	18dc30666a7b46de9c30666a7b26de91	compression-derived-random256k-level6-v1	c5-gzip-level6-random256k-v1	true	true	ok	262144	04f7209a1428aceb9b838a3043af314defd245fab3da383edf7753f23133d184	262244	bc620013d295a3b741947823c358090ccb586c99ebd5750d79d760b1f6c299c0	false	4096	/guest/c5_native_function_warm_low_contention_352_direct_events	0.0.1@1784741948012	7c95d7eb747a585de4ba37797448eeea20f9011253d96f6672edd9740afe5c34	e37c0920ad877a89cf2f9f769aa05e9e08a4e9f802f6d509a45a4db56edbeba8	/guest/c5_native_function_warm_low_contention_352_direct_events	db7517d89754	8	db7517d89754:8		6	true	warm_no_init_interval	complete	5763560	5776925
native	measured	297	297	1	386a4bbb627f4b4faa4bbb627fdb4f2c	compression-derived-random256k-level6-v1	c5-gzip-level6-random256k-v1	true	true	ok	262144	04f7209a1428aceb9b838a3043af314defd245fab3da383edf7753f23133d184	262244	bc620013d295a3b741947823c358090ccb586c99ebd5750d79d760b1f6c299c0	false	4096	/guest/c5_native_function_warm_low_contention_352_direct_events	0.0.1@1784741948012	7c95d7eb747a585de4ba37797448eeea20f9011253d96f6672edd9740afe5c34	e37c0920ad877a89cf2f9f769aa05e9e08a4e9f802f6d509a45a4db56edbeba8	/guest/c5_native_function_warm_low_contention_352_direct_events	db7517d89754	8	db7517d89754:8		18	true	warm_no_init_interval	complete	5441587	5452068
native	measured	298	298	1	9d67ba5751d1446da7ba5751d1646d00	compression-derived-random256k-level6-v1	c5-gzip-level6-random256k-v1	true	true	ok	262144	04f7209a1428aceb9b838a3043af314defd245fab3da383edf7753f23133d184	262244	bc620013d295a3b741947823c358090ccb586c99ebd5750d79d760b1f6c299c0	false	4096	/guest/c5_native_function_warm_low_contention_352_direct_events	0.0.1@1784741948012	7c95d7eb747a585de4ba37797448eeea20f9011253d96f6672edd9740afe5c34	e37c0920ad877a89cf2f9f769aa05e9e08a4e9f802f6d509a45a4db56edbeba8	/guest/c5_native_function_warm_low_contention_352_direct_events	412815d5a6fc	8	412815d5a6fc:8		28	true	warm_no_init_interval	complete	5541683	5564311
native	measured	299	299	1	52d8f8c9e6344c8e98f8c9e634fc8eca	compression-derived-random256k-level6-v1	c5-gzip-level6-random256k-v1	true	true	ok	262144	04f7209a1428aceb9b838a3043af314defd245fab3da383edf7753f23133d184	262244	bc620013d295a3b741947823c358090ccb586c99ebd5750d79d760b1f6c299c0	false	4096	/guest/c5_native_function_warm_low_contention_352_direct_events	0.0.1@1784741948012	7c95d7eb747a585de4ba37797448eeea20f9011253d96f6672edd9740afe5c34	e37c0920ad877a89cf2f9f769aa05e9e08a4e9f802f6d509a45a4db56edbeba8	/guest/c5_native_function_warm_low_contention_352_direct_events	db7517d89754	8	db7517d89754:8		21	true	warm_no_init_interval	complete	5567513	5578849
native	measured	300	300	1	14665eb57b23450aa65eb57b23f50ad5	compression-derived-random256k-level6-v1	c5-gzip-level6-random256k-v1	true	true	ok	262144	04f7209a1428aceb9b838a3043af314defd245fab3da383edf7753f23133d184	262244	bc620013d295a3b741947823c358090ccb586c99ebd5750d79d760b1f6c299c0	false	4096	/guest/c5_native_function_warm_low_contention_352_direct_events	0.0.1@1784741948012	7c95d7eb747a585de4ba37797448eeea20f9011253d96f6672edd9740afe5c34	e37c0920ad877a89cf2f9f769aa05e9e08a4e9f802f6d509a45a4db56edbeba8	/guest/c5_native_function_warm_low_contention_352_direct_events	db7517d89754	8	db7517d89754:8		11	true	warm_no_init_interval	complete	5389598	5400663
