logical_request_id	activation_id	completion_status	completion_reason	completed_so_far	inflight_after_completion	completion_elapsed_ns	rolling_completion_qps	run_id	planned_submit_offset_ns	unix_ns
1	6c5fd3ab0abd45809fd3ab0abdb580d6	completed	blocking_activation_result_ready	6	20	2471871527		334_reusable-concurrency-c1-topology-3x4-w20-formal-child2-internal-queue		
2	68dc6ce4bf1a43739c6ce4bf1a237326	completed	blocking_activation_result_ready	3	20	2071444164		334_reusable-concurrency-c1-topology-3x4-w20-formal-child2-internal-queue		
3	3aaf6d59bfa542cfaf6d59bfa552cf2f	completed	blocking_activation_result_ready	5	20	2468538823		334_reusable-concurrency-c1-topology-3x4-w20-formal-child2-internal-queue		
4	d2e7a5b401fc49faa7a5b401fcf9faff	completed	blocking_activation_result_ready	7	20	2518279455		334_reusable-concurrency-c1-topology-3x4-w20-formal-child2-internal-queue		
5	2a616ea1273140b5a16ea1273130b518	completed	blocking_activation_result_ready	2	20	1618930318		334_reusable-concurrency-c1-topology-3x4-w20-formal-child2-internal-queue		
6	822a078bdd0b45adaa078bdd0bf5adb4	completed	blocking_activation_result_ready	22	20	3000170408	14.47974189628394	334_reusable-concurrency-c1-topology-3x4-w20-formal-child2-internal-queue		
7	ca70a15f3c1a4b8bb0a15f3c1adb8bab	completed	blocking_activation_result_ready	10	20	2746733266		334_reusable-concurrency-c1-topology-3x4-w20-formal-child2-internal-queue		
8	7b29662eae0d4a40a9662eae0dfa409a	completed	blocking_activation_result_ready	8	20	2589418952		334_reusable-concurrency-c1-topology-3x4-w20-formal-child2-internal-queue		
9	ae4a3c057ed74f9c8a3c057ed75f9caf	completed	blocking_activation_result_ready	11	20	2761133782		334_reusable-concurrency-c1-topology-3x4-w20-formal-child2-internal-queue		
10	6c95bfd1475c444195bfd1475c5441b2	completed	blocking_activation_result_ready	12	20	2809525726		334_reusable-concurrency-c1-topology-3x4-w20-formal-child2-internal-queue		
11	3621ecfb425f45c7a1ecfb425f25c74c	completed	blocking_activation_result_ready	4	20	2347289650		334_reusable-concurrency-c1-topology-3x4-w20-formal-child2-internal-queue		
12	81547449ef654454947449ef65a45409	completed	blocking_activation_result_ready	14	20	2936677371		334_reusable-concurrency-c1-topology-3x4-w20-formal-child2-internal-queue		
13	ec2365e81acb4775a365e81acbb775c2	completed	blocking_activation_result_ready	1	20	1265718311		334_reusable-concurrency-c1-topology-3x4-w20-formal-child2-internal-queue		
14	59ca49b3e7cb463c8a49b3e7cbf63c9a	completed	blocking_activation_result_ready	19	20	2983409486		334_reusable-concurrency-c1-topology-3x4-w20-formal-child2-internal-queue		
15	e51ef33da38644bc9ef33da386c4bc35	completed	blocking_activation_result_ready	15	20	2938505507		334_reusable-concurrency-c1-topology-3x4-w20-formal-child2-internal-queue		
16	aa4827ccf8ff4d508827ccf8ffed5011	completed	blocking_activation_result_ready	17	20	2950807626		334_reusable-concurrency-c1-topology-3x4-w20-formal-child2-internal-queue		
17	235a2ea9b66f48bc9a2ea9b66f28bcf2	completed	blocking_activation_result_ready	20	20	2990321406		334_reusable-concurrency-c1-topology-3x4-w20-formal-child2-internal-queue		
18	4898460bc85d466998460bc85d66696e	completed	blocking_activation_result_ready	9	20	2676183960		334_reusable-concurrency-c1-topology-3x4-w20-formal-child2-internal-queue		
19	400baaa8d0a641ad8baaa8d0a6b1adbd	completed	blocking_activation_result_ready	16	20	2946016565		334_reusable-concurrency-c1-topology-3x4-w20-formal-child2-internal-queue		
20	5fb8c8aad2eb45a0b8c8aad2ebe5a039	completed	blocking_activation_result_ready	23	20	3008466432	21.344209932906313	334_reusable-concurrency-c1-topology-3x4-w20-formal-child2-internal-queue		
21	10890916dc1b429e890916dc1b629e4c	completed	blocking_activation_result_ready	13	20	2837866179		334_reusable-concurrency-c1-topology-3x4-w20-formal-child2-internal-queue		
22	618cfc48811e43e58cfc48811ec3e59d	completed	blocking_activation_result_ready	18	20	2979404534		334_reusable-concurrency-c1-topology-3x4-w20-formal-child2-internal-queue		
23	fd84995b030d4e4d84995b030d9e4d30	completed	blocking_activation_result_ready	21	20	2996994575	11.552171317702534	334_reusable-concurrency-c1-topology-3x4-w20-formal-child2-internal-queue		
24	ed0bec54d8f84dd38bec54d8f89dd3c9	completed	blocking_activation_result_ready	24	20	3036794601	29.00631818668406	334_reusable-concurrency-c1-topology-3x4-w20-formal-child2-internal-queue		
25	a651c1694db24dc591c1694db26dc539	completed	blocking_activation_result_ready	25	20	3043244110	34.80044546727826	334_reusable-concurrency-c1-topology-3x4-w20-formal-child2-internal-queue		
26	090b5a6d9a724c1f8b5a6d9a72cc1f63	completed	blocking_activation_result_ready	26	20	3118532579	30.928103584008642	334_reusable-concurrency-c1-topology-3x4-w20-formal-child2-internal-queue		
27	7d6dd70a24564befadd70a24566bef16	completed	blocking_activation_result_ready	27	20	3186818108	29.915996495119632	334_reusable-concurrency-c1-topology-3x4-w20-formal-child2-internal-queue		
28	324381a9d3bf40798381a9d3bf4079b4	completed	blocking_activation_result_ready	28	20	3206670050	32.4017244599539	334_reusable-concurrency-c1-topology-3x4-w20-formal-child2-internal-queue		
29	5cecf7de6e8642b5acf7de6e8692b515	completed	blocking_activation_result_ready	31	20	3276937024	38.77447517090248	334_reusable-concurrency-c1-topology-3x4-w20-formal-child2-internal-queue		
30	e630a1aa2f754dffb0a1aa2f755dff1d	completed	blocking_activation_result_ready	29	20	3226878016	36.31780619763944	334_reusable-concurrency-c1-topology-3x4-w20-formal-child2-internal-queue		
31	c20ba19ffa7440d28ba19ffa7410d281	completed	blocking_activation_result_ready	33	20	3306154523	42.70872904750326	334_reusable-concurrency-c1-topology-3x4-w20-formal-child2-internal-queue		
32	277ac81e76594bc6bac81e7659fbc6cd	completed	blocking_activation_result_ready	30	20	3269271660	38.27469948552718	334_reusable-concurrency-c1-topology-3x4-w20-formal-child2-internal-queue		
33	259d4810ccc149d39d4810ccc169d35b	completed	blocking_activation_result_ready	32	20	3300398980	40.74371507721217	334_reusable-concurrency-c1-topology-3x4-w20-formal-child2-internal-queue		
34	1d528f7dd138413a928f7dd138f13a4a	completed	blocking_activation_result_ready	38	20	3408004816	46.66352506039648	334_reusable-concurrency-c1-topology-3x4-w20-formal-child2-internal-queue		
35	b061fdb0c8784d95a1fdb0c8780d95dd	completed	blocking_activation_result_ready	34	20	3385194943	44.5913410054757	334_reusable-concurrency-c1-topology-3x4-w20-formal-child2-internal-queue		
36	435908d5fafc47f09908d5fafc37f0a6	completed	blocking_activation_result_ready	36	20	3395299104	44.515417947279715	334_reusable-concurrency-c1-topology-3x4-w20-formal-child2-internal-queue		
37	58a53f5efc714339a53f5efc71a33990	completed	blocking_activation_result_ready	35	20	3391067280	44.19286204272494	334_reusable-concurrency-c1-topology-3x4-w20-formal-child2-internal-queue		
38	42c8986a57664d5088986a57663d50b9	completed	blocking_activation_result_ready	37	20	3400344017	44.490280209594864	334_reusable-concurrency-c1-topology-3x4-w20-formal-child2-internal-queue		
39	23398e23a3584fb2b98e23a358ffb2ed	completed	blocking_activation_result_ready	40	20	3452212336	43.30026571424557	334_reusable-concurrency-c1-topology-3x4-w20-formal-child2-internal-queue		
40	3fa6f805cd854574a6f805cd85c574c0	completed	blocking_activation_result_ready	39	20	3445897015	43.24440929952081	334_reusable-concurrency-c1-topology-3x4-w20-formal-child2-internal-queue		
41	3f3a38f8fcc74a30ba38f8fcc7aa3001	completed	blocking_activation_result_ready	42	20	3650956558	30.732061522821283	334_reusable-concurrency-c1-topology-3x4-w20-formal-child2-internal-queue		
42	94f6e3edf1904a95b6e3edf1909a95a9	completed	blocking_activation_result_ready	44	20	3659746935	32.10518511356922	334_reusable-concurrency-c1-topology-3x4-w20-formal-child2-internal-queue		
43	861162fd9c8e44f69162fd9c8e94f65d	completed	blocking_activation_result_ready	41	20	3483971427	41.069713925539936	334_reusable-concurrency-c1-topology-3x4-w20-formal-child2-internal-queue		
44	85feff3a757847ecbeff3a757877ece5	completed	blocking_activation_result_ready	43	20	3657011771	30.838244911047	334_reusable-concurrency-c1-topology-3x4-w20-formal-child2-internal-queue		
45	00c71626a32d46ac871626a32d86ac2c	completed	blocking_activation_result_ready	45	20	3671993159	31.809193241419916	334_reusable-concurrency-c1-topology-3x4-w20-formal-child2-internal-queue		
46	06c43ab1e788459e843ab1e788a59ed8	completed	blocking_activation_result_ready	46	20	3674441799	35.977097123879325	334_reusable-concurrency-c1-topology-3x4-w20-formal-child2-internal-queue		
47	42382ad61091471db82ad61091871d70	completed	blocking_activation_result_ready	55	20	3755890933	54.82100690439608	334_reusable-concurrency-c1-topology-3x4-w20-formal-child2-internal-queue		
48	df56b7f551da415096b7f551dae15091	completed	blocking_activation_result_ready	51	20	3706163562	46.59544140301968	334_reusable-concurrency-c1-topology-3x4-w20-formal-child2-internal-queue		
49	8800c9c683ef4c8e80c9c683ef0c8e09	completed	blocking_activation_result_ready	47	20	3675007439	40.96771217640559	334_reusable-concurrency-c1-topology-3x4-w20-formal-child2-internal-queue		
50	fd6e100891ce4dc5ae100891cefdc50f	completed	blocking_activation_result_ready	48	20	3675502416	42.65917084743249	334_reusable-concurrency-c1-topology-3x4-w20-formal-child2-internal-queue		
51	49be9cb23cbb45cabe9cb23cbb65cabe	completed	blocking_activation_result_ready	54	20	3743812358	55.769740016669296	334_reusable-concurrency-c1-topology-3x4-w20-formal-child2-internal-queue		
52	d12e9e6de93e43e2ae9e6de93ee3e295	completed	blocking_activation_result_ready	50	20	3676838207	49.071740914987316	334_reusable-concurrency-c1-topology-3x4-w20-formal-child2-internal-queue		
53	8d80429035b7447880429035b73478aa	completed	blocking_activation_result_ready	49	20	3676163399	44.51513616235318	334_reusable-concurrency-c1-topology-3x4-w20-formal-child2-internal-queue		
54	fc4330fc174f4d5a8330fc174ffd5a0e	completed	blocking_activation_result_ready	56	20	3761636528	54.594476812175216	334_reusable-concurrency-c1-topology-3x4-w20-formal-child2-internal-queue		
55	1d31552c8e1c4870b1552c8e1c28703b	completed	blocking_activation_result_ready	52	20	3712497650	48.53206636167984	334_reusable-concurrency-c1-topology-3x4-w20-formal-child2-internal-queue		
56	1c3e52db9a494286be52db9a492286de	completed	blocking_activation_result_ready	53	20	3733216436	46.83161712901333	334_reusable-concurrency-c1-topology-3x4-w20-formal-child2-internal-queue		
57	69e3cfe0b7d3465ea3cfe0b7d3465e0a	completed	blocking_activation_result_ready	57	20	3768194158	54.36996692628697	334_reusable-concurrency-c1-topology-3x4-w20-formal-child2-internal-queue		
58	9cad159dbeb447a4ad159dbeb4e7a4ed	completed	blocking_activation_result_ready	58	20	3771185120	55.06906563963887	334_reusable-concurrency-c1-topology-3x4-w20-formal-child2-internal-queue		
59	32ee7b0dd0504ad1ae7b0dd0501ad1cc	completed	blocking_activation_result_ready	62	20	3942631531	68.56947579112315	334_reusable-concurrency-c1-topology-3x4-w20-formal-child2-internal-queue		
60	79b0e7b61ad244f4b0e7b61ad274f486	completed	blocking_activation_result_ready	59	20	3792869804	57.64140772433887	334_reusable-concurrency-c1-topology-3x4-w20-formal-child2-internal-queue		
61	d725a8c6270047c4a5a8c6270017c454	completed	blocking_activation_result_ready	60	20	3845683300	50.82967189416294	334_reusable-concurrency-c1-topology-3x4-w20-formal-child2-internal-queue		
62	ece6712cd0194215a6712cd019b215b9	completed	blocking_activation_result_ready	63	20	3945530351	69.31962579325047	334_reusable-concurrency-c1-topology-3x4-w20-formal-child2-internal-queue		
63	d54653ae14d045d28653ae14d035d246	completed	blocking_activation_result_ready	61	20	3928837335	44.957367243344706	334_reusable-concurrency-c1-topology-3x4-w20-formal-child2-internal-queue		
64	5290ce4a7c6f479f90ce4a7c6fb79fd1	completed	blocking_activation_result_ready	64	20	3952134773	68.40229790953207	334_reusable-concurrency-c1-topology-3x4-w20-formal-child2-internal-queue		
65	77cb2df10c4a49cf8b2df10c4ad9cf37	completed	blocking_activation_result_ready	67	20	4010254404	59.65751248486321	334_reusable-concurrency-c1-topology-3x4-w20-formal-child2-internal-queue		
66	76df38b20aa6471c9f38b20aa6e71c5a	completed	blocking_activation_result_ready	65	20	3984037188	64.0935193155066	334_reusable-concurrency-c1-topology-3x4-w20-formal-child2-internal-queue		
67	477a622f3ba24da8ba622f3ba21da856	completed	blocking_activation_result_ready	68	20	4017893159	58.41279418001088	334_reusable-concurrency-c1-topology-3x4-w20-formal-child2-internal-queue		
68	ae7f813edd8b4202bf813edd8bc2028f	completed	blocking_activation_result_ready	73	20	4145629910	48.49502080041158	334_reusable-concurrency-c1-topology-3x4-w20-formal-child2-internal-queue		
69	682e2b8ca6c44657ae2b8ca6c406571b	completed	blocking_activation_result_ready	66	20	4002171444	61.02591054892211	334_reusable-concurrency-c1-topology-3x4-w20-formal-child2-internal-queue		
70	e3a57bef60154d03a57bef6015bd033c	completed	blocking_activation_result_ready	71	20	4117624383	48.60730105819723	334_reusable-concurrency-c1-topology-3x4-w20-formal-child2-internal-queue		
71	0f01ad021547445a81ad021547c45a11	completed	blocking_activation_result_ready	69	20	4027392805	56.94284037253988	334_reusable-concurrency-c1-topology-3x4-w20-formal-child2-internal-queue		
72	172a3b11a8d74e7faa3b11a8d7ae7f53	completed	blocking_activation_result_ready	70	20	4064625837	51.57462088205341	334_reusable-concurrency-c1-topology-3x4-w20-formal-child2-internal-queue		
73	e13a829ebc15420dba829ebc15a20d76	completed	blocking_activation_result_ready	76	20	4346638536	34.18791683874015	334_reusable-concurrency-c1-topology-3x4-w20-formal-child2-internal-queue		
74	fe6b2e8b202f47b0ab2e8b202f47b0ce	completed	blocking_activation_result_ready	72	20	4131322496	47.752658876402954	334_reusable-concurrency-c1-topology-3x4-w20-formal-child2-internal-queue		
75	82f5c9eefa19403bb5c9eefa19c03bef	completed	blocking_activation_result_ready	74	20	4147201918	49.579865180447406	334_reusable-concurrency-c1-topology-3x4-w20-formal-child2-internal-queue		
76	db24947b27694e67a4947b27695e6735	completed	blocking_activation_result_ready	81	20	4364268012	45.931536422271876	334_reusable-concurrency-c1-topology-3x4-w20-formal-child2-internal-queue		
77	0e552248a1224eed952248a122ceed15	completed	blocking_activation_result_ready	82	20	4368920931	46.916484435221705	334_reusable-concurrency-c1-topology-3x4-w20-formal-child2-internal-queue		
78	6399171ad57746ec99171ad577f6ec9e	completed	blocking_activation_result_ready	78	20	4356894588	34.14662233187598	334_reusable-concurrency-c1-topology-3x4-w20-formal-child2-internal-queue		
79	2e20a2f13d674bb0a0a2f13d67dbb07b	completed	blocking_activation_result_ready	75	20	4338215443	34.345111113389336	334_reusable-concurrency-c1-topology-3x4-w20-formal-child2-internal-queue		
80	ea0fca6f90ad42e28fca6f90ad22e23e	completed	blocking_activation_result_ready	83	20	4369471471	47.176362604316374	334_reusable-concurrency-c1-topology-3x4-w20-formal-child2-internal-queue		
81	4b10994cfac5439890994cfac5239823	completed	blocking_activation_result_ready	79	20	4361586076	35.16692063278963	334_reusable-concurrency-c1-topology-3x4-w20-formal-child2-internal-queue		
82	b2f5291f6c2248a8b5291f6c2268a801	completed	blocking_activation_result_ready	88	20	4434001967	48.06435147606873	334_reusable-concurrency-c1-topology-3x4-w20-formal-child2-internal-queue		
83	464eca8c5ea246a78eca8c5ea236a768	completed	blocking_activation_result_ready	77	20	4348261730	34.47874172838608	334_reusable-concurrency-c1-topology-3x4-w20-formal-child2-internal-queue		
84	f0fbc2496448486ebbc2496448c86e69	completed	blocking_activation_result_ready	80	20	4363628758	38.61410442178257	334_reusable-concurrency-c1-topology-3x4-w20-formal-child2-internal-queue		
85	ddc5e7a5d1464c3a85e7a5d146cc3aa3	completed	blocking_activation_result_ready	87	20	4425178053	48.20163914060247	334_reusable-concurrency-c1-topology-3x4-w20-formal-child2-internal-queue		
86	c249baf1a106418d89baf1a106f18dc9	completed	blocking_activation_result_ready	90	20	4443894167	52.73311378252964	334_reusable-concurrency-c1-topology-3x4-w20-formal-child2-internal-queue		
87	3416fab76ad8454e96fab76ad8054e2d	completed	blocking_activation_result_ready	84	20	4373969846	47.411894553395754	334_reusable-concurrency-c1-topology-3x4-w20-formal-child2-internal-queue		
88	b18642a1fc854d3a8642a1fc855d3add	completed	blocking_activation_result_ready	91	20	4445476077	61.00319249837398	334_reusable-concurrency-c1-topology-3x4-w20-formal-child2-internal-queue		
89	6c8c0a94753c4b178c0a94753c1b172f	completed	blocking_activation_result_ready	85	20	4390879440	49.15910258013221	334_reusable-concurrency-c1-topology-3x4-w20-formal-child2-internal-queue		
90	42f0a70894d249f5b0a70894d2c9f57b	completed	blocking_activation_result_ready	86	20	4417442685	48.161293211248406	334_reusable-concurrency-c1-topology-3x4-w20-formal-child2-internal-queue		
91	26df0c83d92a4acf9f0c83d92a1acf6a	completed	blocking_activation_result_ready	89	20	4434594768	49.1156767827271	334_reusable-concurrency-c1-topology-3x4-w20-formal-child2-internal-queue		
92	4a5341a08fbd41539341a08fbdb1537d	completed	blocking_activation_result_ready	92	20	4541555977	48.752724792835714	334_reusable-concurrency-c1-topology-3x4-w20-formal-child2-internal-queue		
93	fb22213436574806a221343657b806cc	completed	blocking_activation_result_ready	100	20	4656832302	68.21199951116553	334_reusable-concurrency-c1-topology-3x4-w20-formal-child2-internal-queue		
94	ab33c0e3a31e4876b3c0e3a31ee876f6	completed	blocking_activation_result_ready	101	20	4657460924	68.21447307020847	334_reusable-concurrency-c1-topology-3x4-w20-formal-child2-internal-queue		
95	1ff9da1c59fe4af6b9da1c59fe3af644	completed	blocking_activation_result_ready	94	20	4593285479	44.83464926428885	334_reusable-concurrency-c1-topology-3x4-w20-formal-child2-internal-queue		
96	91597d3431e3497f997d3431e3697fb4	completed	blocking_activation_result_ready	95	20	4612170793	73.00459728200234	334_reusable-concurrency-c1-topology-3x4-w20-formal-child2-internal-queue		
97	e70bfd38ce1d43d18bfd38ce1d03d1ad	completed	blocking_activation_result_ready	99	20	4644594245	70.66933817023494	334_reusable-concurrency-c1-topology-3x4-w20-formal-child2-internal-queue		
98	602a88646e4d42a9aa88646e4d82a970	completed	blocking_activation_result_ready	93	20	4571037842	47.013697901617874	334_reusable-concurrency-c1-topology-3x4-w20-formal-child2-internal-queue		
99	c6467d3a00c24c43867d3a00c25c43a8	completed	blocking_activation_result_ready	97	20	4633206476	70.18904640550909	334_reusable-concurrency-c1-topology-3x4-w20-formal-child2-internal-queue		
100	b39e0d46d0e44d109e0d46d0e46d10ad	completed	blocking_activation_result_ready	104	20	4756682791	52.25848840832912	334_reusable-concurrency-c1-topology-3x4-w20-formal-child2-internal-queue		
101	693852f34e594ee1b852f34e59cee1bf	completed	blocking_activation_result_ready	98	20	4635019168	71.910220952064	334_reusable-concurrency-c1-topology-3x4-w20-formal-child2-internal-queue		
102	27c37be6061b4451837be6061b645175	completed	blocking_activation_result_ready	102	20	4660114245	68.68289565192421	334_reusable-concurrency-c1-topology-3x4-w20-formal-child2-internal-queue		
103	0ce1db0b7b7b4a82a1db0b7b7bba82cd	completed	blocking_activation_result_ready	103	20	4690533933	62.29317459105512	334_reusable-concurrency-c1-topology-3x4-w20-formal-child2-internal-queue		
104	f92d8c78a7564ff0ad8c78a756fff09d	completed	blocking_activation_result_ready	96	20	4622393917	72.52804977901773	334_reusable-concurrency-c1-topology-3x4-w20-formal-child2-internal-queue		
105	70dca8376a0e49699ca8376a0eb9697f	completed	blocking_activation_result_ready	105	20	4784183994	50.85117829578958	334_reusable-concurrency-c1-topology-3x4-w20-formal-child2-internal-queue		
106	7606f26870c143a686f26870c143a6db	completed	blocking_activation_result_ready	107	20	4807622511	52.295175368968216	334_reusable-concurrency-c1-topology-3x4-w20-formal-child2-internal-queue		
107	311773b1a41d41d39773b1a41db1d369	completed	blocking_activation_result_ready	108	20	4840503049	49.200361046025456	334_reusable-concurrency-c1-topology-3x4-w20-formal-child2-internal-queue		
108	65249c11254b4c36a49c11254b8c3641	completed	blocking_activation_result_ready	110	20	4857486727	48.356769280375836	334_reusable-concurrency-c1-topology-3x4-w20-formal-child2-internal-queue		
109	9b7d39d751a24894bd39d751a26894e3	completed	blocking_activation_result_ready	111	20	4861341705	48.09245740309175	334_reusable-concurrency-c1-topology-3x4-w20-formal-child2-internal-queue		
110	2a1326f0e8344ef99326f0e8348ef9c8	completed	blocking_activation_result_ready	109	20	4848281459	48.345766095723874	334_reusable-concurrency-c1-topology-3x4-w20-formal-child2-internal-queue		
111	dbde957871084d219e957871086d21b6	completed	blocking_activation_result_ready	106	20	4796906907	52.70589120257034	334_reusable-concurrency-c1-topology-3x4-w20-formal-child2-internal-queue		
112	221e869bf49341929e869bf49351926f	completed	blocking_activation_result_ready	112	20	4907388554	54.66981689823648	334_reusable-concurrency-c1-topology-3x4-w20-formal-child2-internal-queue		
113	37ef97455f404702af97455f40e70216	completed	blocking_activation_result_ready	115	20	4943285270	60.40207055036135	334_reusable-concurrency-c1-topology-3x4-w20-formal-child2-internal-queue		
114	8f2143d51c144e66a143d51c144e66ab	completed	blocking_activation_result_ready	114	20	4942469671	57.27636146827632	334_reusable-concurrency-c1-topology-3x4-w20-formal-child2-internal-queue		
115	df9b9f603b7a4dd29b9f603b7aedd2f5	completed	blocking_activation_result_ready	119	20	5003308637	55.754662890693275	334_reusable-concurrency-c1-topology-3x4-w20-formal-child2-internal-queue		
116	0bfe8ae236444411be8ae23644341194	completed	blocking_activation_result_ready	120	20	5024380893	54.414573990299964	334_reusable-concurrency-c1-topology-3x4-w20-formal-child2-internal-queue		
117	66deaef32e854c169eaef32e85fc167b	completed	blocking_activation_result_ready	113	20	4932825389	55.281062507107244	334_reusable-concurrency-c1-topology-3x4-w20-formal-child2-internal-queue		
118	9022990bc1354b4ea2990bc1356b4e7e	completed	blocking_activation_result_ready	118	20	5002612177	54.40799882023872	334_reusable-concurrency-c1-topology-3x4-w20-formal-child2-internal-queue		
119	8430f6b684b04b47b0f6b684b02b47e2	completed	blocking_activation_result_ready	121	20	5041010354	52.144517591904645	334_reusable-concurrency-c1-topology-3x4-w20-formal-child2-internal-queue		
120	0137be3efef8480db7be3efef8380db0	completed	blocking_activation_result_ready	116	20	4966798316	58.07126755079572	334_reusable-concurrency-c1-topology-3x4-w20-formal-child2-internal-queue		
121	e26e934b2c644380ae934b2c64138070	completed	blocking_activation_result_ready	122	20	5072173522	48.53670604290266	334_reusable-concurrency-c1-topology-3x4-w20-formal-child2-internal-queue		
122	cfe060d3ebc64afaa060d3ebc6fafac2	completed	blocking_activation_result_ready	117	20	4998899092	54.69074059728895	334_reusable-concurrency-c1-topology-3x4-w20-formal-child2-internal-queue		
123	ff00fb8d276547b980fb8d2765a7b9b7	completed	blocking_activation_result_ready	123	20	5082121458	51.074150025591344	334_reusable-concurrency-c1-topology-3x4-w20-formal-child2-internal-queue		
124	faf8a860e3bb44aab8a860e3bb24aa46	completed	blocking_activation_result_ready	124	20	5087132687	60.52354756982584	334_reusable-concurrency-c1-topology-3x4-w20-formal-child2-internal-queue		
125	3c5d67ba8c9f49eb9d67ba8c9fb9eb3d	completed	blocking_activation_result_ready	129	20	5201351986	56.64590632907742	334_reusable-concurrency-c1-topology-3x4-w20-formal-child2-internal-queue		
126	752c62d378a748daac62d378a748da75	completed	blocking_activation_result_ready	126	20	5170235843	53.572059573758835	334_reusable-concurrency-c1-topology-3x4-w20-formal-child2-internal-queue		
127	ab117833573d4532917833573d35325c	completed	blocking_activation_result_ready	125	20	5157872098	53.52056912146178	334_reusable-concurrency-c1-topology-3x4-w20-formal-child2-internal-queue		
128	69bc3a195a704d02bc3a195a70dd025f	completed	blocking_activation_result_ready	127	20	5174065237	54.57878839161348	334_reusable-concurrency-c1-topology-3x4-w20-formal-child2-internal-queue		
129	0f76156d4f9e4c12b6156d4f9e3c124f	completed	blocking_activation_result_ready	130	20	5215176332	55.91440097902761	334_reusable-concurrency-c1-topology-3x4-w20-formal-child2-internal-queue		
130	fe620e2af7e34242a20e2af7e3624276	completed	blocking_activation_result_ready	128	20	5174630446	59.85740822085296	334_reusable-concurrency-c1-topology-3x4-w20-formal-child2-internal-queue		
131	3383f885632b455d83f885632b255d47	completed	blocking_activation_result_ready	133	20	5262466602	60.672025254317944	334_reusable-concurrency-c1-topology-3x4-w20-formal-child2-internal-queue		
132	6f2ab3978b1b4a4caab3978b1b6a4c41	completed	blocking_activation_result_ready	131	20	5249011205	51.59033661404882	334_reusable-concurrency-c1-topology-3x4-w20-formal-child2-internal-queue		
133	54403e4c930b4995803e4c930b4995fc	completed	blocking_activation_result_ready	132	20	5252491528	57.953716736153076	334_reusable-concurrency-c1-topology-3x4-w20-formal-child2-internal-queue		
134	88ca4f2ee99143188a4f2ee991c318da	completed	blocking_activation_result_ready	135	20	5292594580	57.255845829016124	334_reusable-concurrency-c1-topology-3x4-w20-formal-child2-internal-queue		
135	232a1d4fbebf4424aa1d4fbebf9424b8	completed	blocking_activation_result_ready	134	20	5272226241	60.65080068002891	334_reusable-concurrency-c1-topology-3x4-w20-formal-child2-internal-queue		
136	09d9fc3b3bb34e3099fc3b3bb3de300a	completed	blocking_activation_result_ready	136	20	5352636833	51.83515672697861	334_reusable-concurrency-c1-topology-3x4-w20-formal-child2-internal-queue		
137	64792e06733047d6b92e06733007d6ba	completed	blocking_activation_result_ready	137	20	5356429493	55.93929899124858	334_reusable-concurrency-c1-topology-3x4-w20-formal-child2-internal-queue		
138	2c304bd8c4ba4421b04bd8c4bac421fb	completed	blocking_activation_result_ready	142	20	5482305880	48.7647453556932	334_reusable-concurrency-c1-topology-3x4-w20-formal-child2-internal-queue		
139	c42ab01544ca45f3aab01544ca25f314	completed	blocking_activation_result_ready	143	20	5484328070	49.72568675723312	334_reusable-concurrency-c1-topology-3x4-w20-formal-child2-internal-queue		
140	28a6b6dbd0e143faa6b6dbd0e123fa09	completed	blocking_activation_result_ready	140	20	5447656862	47.250497228204324	334_reusable-concurrency-c1-topology-3x4-w20-formal-child2-internal-queue		
141	8e5b6b6cbb0340349b6b6cbb03e034f4	completed	blocking_activation_result_ready	139	20	5438692042	45.93652346487575	334_reusable-concurrency-c1-topology-3x4-w20-formal-child2-internal-queue		
142	e54af63ae7244a9e8af63ae724fa9e52	completed	blocking_activation_result_ready	138	20	5377221895	53.388897935637644	334_reusable-concurrency-c1-topology-3x4-w20-formal-child2-internal-queue		
143	95e140512ee0457da140512ee0c57d28	completed	blocking_activation_result_ready	145	20	5504244536	57.7413148560048	334_reusable-concurrency-c1-topology-3x4-w20-formal-child2-internal-queue		
144	532d450293184071ad45029318007123	completed	blocking_activation_result_ready	141	20	5473058160	46.29117362072659	334_reusable-concurrency-c1-topology-3x4-w20-formal-child2-internal-queue		
145	cda3ca1440c24dc7a3ca1440c22dc74f	completed	blocking_activation_result_ready	144	20	5486438834	50.086882333920094	334_reusable-concurrency-c1-topology-3x4-w20-formal-child2-internal-queue		
146	48b8f557d2ae46a8b8f557d2ae56a817	completed	blocking_activation_result_ready	148	20	5578581185	49.51098752662512	334_reusable-concurrency-c1-topology-3x4-w20-formal-child2-internal-queue		
147	293eacf89003477abeacf89003177a43	completed	blocking_activation_result_ready	146	20	5552786099	52.28071262877419	334_reusable-concurrency-c1-topology-3x4-w20-formal-child2-internal-queue		
148	886380619f6c4a1fa380619f6c3a1f70	completed	blocking_activation_result_ready	149	20	5579435788	52.898325435269506	334_reusable-concurrency-c1-topology-3x4-w20-formal-child2-internal-queue		
149	99b7daa2e47a46c3b7daa2e47ad6c3c9	completed	blocking_activation_result_ready	147	20	5577273517	49.60215598747129	334_reusable-concurrency-c1-topology-3x4-w20-formal-child2-internal-queue		
150	bd6500e6c2ee4c59a500e6c2eebc599c	completed	blocking_activation_result_ready	155	20	5661076895	54.27668896402803	334_reusable-concurrency-c1-topology-3x4-w20-formal-child2-internal-queue		
151	7e54fc7821654a3194fc782165aa317f	completed	blocking_activation_result_ready	151	20	5622883950	53.494137423684094	334_reusable-concurrency-c1-topology-3x4-w20-formal-child2-internal-queue		
152	bae7f655c5ae49a5a7f655c5aed9a563	completed	blocking_activation_result_ready	150	20	5614753613	50.05289577512291	334_reusable-concurrency-c1-topology-3x4-w20-formal-child2-internal-queue		
153	2162b0c694a74b28a2b0c694a7fb288c	completed	blocking_activation_result_ready	152	20	5626296190	53.50388059098096	334_reusable-concurrency-c1-topology-3x4-w20-formal-child2-internal-queue		
154	b4a62924845441f4a62924845461f4d3	completed	blocking_activation_result_ready	153	20	5630962680	54.27466177808275	334_reusable-concurrency-c1-topology-3x4-w20-formal-child2-internal-queue		
155	e8678939c78849e1a78939c78859e191	completed	blocking_activation_result_ready	157	20	5668531823	64.08154658762079	334_reusable-concurrency-c1-topology-3x4-w20-formal-child2-internal-queue		
156	d8d78224c37b42db978224c37b32dba7	completed	blocking_activation_result_ready	154	20	5631564488	55.65786599944091	334_reusable-concurrency-c1-topology-3x4-w20-formal-child2-internal-queue		
157	c06cdb3ccfca4800acdb3ccfcab800a9	completed	blocking_activation_result_ready	156	20	5661586668	64.73542864976768	334_reusable-concurrency-c1-topology-3x4-w20-formal-child2-internal-queue		
158	b15b08985c1048ac9b08985c10a8ace4	completed	blocking_activation_result_ready	160	20	5736689098	69.1964338538349	334_reusable-concurrency-c1-topology-3x4-w20-formal-child2-internal-queue		
159	c3a5d65cfd0d4f72a5d65cfd0dbf72f6	completed	blocking_activation_result_ready	164	20	5806055978	62.57486613421463	334_reusable-concurrency-c1-topology-3x4-w20-formal-child2-internal-queue		
160	5630c6a4dd884641b0c6a4dd88464172	completed	blocking_activation_result_ready	159	20	5732825163	67.99642261301133	334_reusable-concurrency-c1-topology-3x4-w20-formal-child2-internal-queue		
161	6a06ac987a9b45e986ac987a9b05e908	completed	blocking_activation_result_ready	166	20	5835911634	70.64004311726951	334_reusable-concurrency-c1-topology-3x4-w20-formal-child2-internal-queue		
162	a1a695b5231f4b67a695b5231f7b6787	completed	blocking_activation_result_ready	161	20	5763468440	68.86808552369428	334_reusable-concurrency-c1-topology-3x4-w20-formal-child2-internal-queue		
163	f5c27b2991164c28827b2991164c28ff	completed	blocking_activation_result_ready	158	20	5719283724	58.46896176188078	334_reusable-concurrency-c1-topology-3x4-w20-formal-child2-internal-queue		
164	ff9de418cdcb47539de418cdcbd7538a	completed	blocking_activation_result_ready	163	20	5791451641	65.12036811397977	334_reusable-concurrency-c1-topology-3x4-w20-formal-child2-internal-queue		
165	3efd3bf9548b4acebd3bf9548b2acef4	completed	blocking_activation_result_ready	162	20	5765514015	70.61944036318025	334_reusable-concurrency-c1-topology-3x4-w20-formal-child2-internal-queue		
166	f2dc994bbd6946419c994bbd69764145	completed	blocking_activation_result_ready	165	20	5806715169	66.12212168048724	334_reusable-concurrency-c1-topology-3x4-w20-formal-child2-internal-queue		
167	2783b8577b45466383b8577b45e66365	completed	blocking_activation_result_ready	168	20	5854220484	72.55859404866648	334_reusable-concurrency-c1-topology-3x4-w20-formal-child2-internal-queue		
168	83155272554c4910955272554ce910c9	completed	blocking_activation_result_ready	167	20	5846379658	74.32011742905563	334_reusable-concurrency-c1-topology-3x4-w20-formal-child2-internal-queue		
169	26fb37dfd9444b36bb37dfd9440b36f3	completed	blocking_activation_result_ready	169	20	5858256829	71.73059797879458	334_reusable-concurrency-c1-topology-3x4-w20-formal-child2-internal-queue		
170	02505af211d84924905af211d839249a	completed	blocking_activation_result_ready	173	20	5978124301	57.610054770426366	334_reusable-concurrency-c1-topology-3x4-w20-formal-child2-internal-queue		
171	a02c03f6c9bf4b8fac03f6c9bf6b8f9f	completed	blocking_activation_result_ready	174	20	5985330602	56.53452721591079	334_reusable-concurrency-c1-topology-3x4-w20-formal-child2-internal-queue		
172	703002259f174cc1b002259f170cc1f8	completed	blocking_activation_result_ready	170	20	5939648180	61.558431661924345	334_reusable-concurrency-c1-topology-3x4-w20-formal-child2-internal-queue		
173	ea07d10074e349a487d10074e3e9a4af	completed	blocking_activation_result_ready	171	20	5958051716	59.67160935159857	334_reusable-concurrency-c1-topology-3x4-w20-formal-child2-internal-queue		
174	19e559f93aa049fba559f93aa039fb43	completed	blocking_activation_result_ready	178	20	6058501030	58.95925604691879	334_reusable-concurrency-c1-topology-3x4-w20-formal-child2-internal-queue		
175	47cca4ade8af4bf38ca4ade8afebf31b	completed	blocking_activation_result_ready	172	20	5961328977	59.6956500260376	334_reusable-concurrency-c1-topology-3x4-w20-formal-child2-internal-queue		
176	3c3ceb93ba224f54bceb93ba22df5434	completed	blocking_activation_result_ready	181	20	6074976065	64.20388585993682	334_reusable-concurrency-c1-topology-3x4-w20-formal-child2-internal-queue		
177	8d04a61cb956473884a61cb9563738ba	completed	blocking_activation_result_ready	180	20	6067738066	60.41402310005087	334_reusable-concurrency-c1-topology-3x4-w20-formal-child2-internal-queue		
178	a8aead3eff754433aead3eff75d43353	completed	blocking_activation_result_ready	176	20	6047061451	51.88406838016172	334_reusable-concurrency-c1-topology-3x4-w20-formal-child2-internal-queue		
179	ebb1a4738c234c10b1a4738c23ac10eb	completed	blocking_activation_result_ready	175	20	6008331943	57.594555112126116	334_reusable-concurrency-c1-topology-3x4-w20-formal-child2-internal-queue		
180	815dea6ef18144579dea6ef181345776	completed	blocking_activation_result_ready	177	20	6056075792	51.60704745736864	334_reusable-concurrency-c1-topology-3x4-w20-formal-child2-internal-queue		
181	51fd83eef7de4c41bd83eef7deac410d	completed	blocking_activation_result_ready	179	20	6061755713	60.80310874134373	334_reusable-concurrency-c1-topology-3x4-w20-formal-child2-internal-queue		
182	a103d923a7ab46d383d923a7ab96d3ca	completed	blocking_activation_result_ready	185	20	6238511590	46.31812360482719	334_reusable-concurrency-c1-topology-3x4-w20-formal-child2-internal-queue		
183	edf1ad289a3349f2b1ad289a33a9f27a	completed	blocking_activation_result_ready	183	20	6175380701	52.09295696449755	334_reusable-concurrency-c1-topology-3x4-w20-formal-child2-internal-queue		
184	3ae8d058228f49e8a8d058228f19e826	completed	blocking_activation_result_ready	182	20	6168160996	49.6713025149939	334_reusable-concurrency-c1-topology-3x4-w20-formal-child2-internal-queue		
185	2efb0d2d59084d43bb0d2d59089d4314	completed	blocking_activation_result_ready	189	20	6265500904	49.11059786443793	334_reusable-concurrency-c1-topology-3x4-w20-formal-child2-internal-queue		
186	6c03db9181fa42b583db9181fa42b524	completed	blocking_activation_result_ready	186	20	6239086854	49.60622331898275	334_reusable-concurrency-c1-topology-3x4-w20-formal-child2-internal-queue		
187	da6079edda094eb0a079edda09eeb0f8	completed	blocking_activation_result_ready	190	20	6277230808	59.24475473897905	334_reusable-concurrency-c1-topology-3x4-w20-formal-child2-internal-queue		
188	63948f3cc9dc4e8b948f3cc9dc7e8b1f	completed	blocking_activation_result_ready	187	20	6239465788	50.87943448933189	334_reusable-concurrency-c1-topology-3x4-w20-formal-child2-internal-queue		
189	f956e2e02bca401996e2e02bca2019bf	completed	blocking_activation_result_ready	184	20	6226409659	47.578981472033306	334_reusable-concurrency-c1-topology-3x4-w20-formal-child2-internal-queue		
190	102b324122b34f59ab324122b3ff5970	completed	blocking_activation_result_ready	188	20	6247139481	50.90107669189637	334_reusable-concurrency-c1-topology-3x4-w20-formal-child2-internal-queue		
191	973f8bf857384e53bf8bf857381e539c	completed	blocking_activation_result_ready	191	20	6319802447	55.286688556822845	334_reusable-concurrency-c1-topology-3x4-w20-formal-child2-internal-queue		
192	8537faba78954f4bb7faba78956f4b3e	completed	blocking_activation_result_ready	194	20	6355636959	54.00933476278399	334_reusable-concurrency-c1-topology-3x4-w20-formal-child2-internal-queue		
193	d16a98930ca74db9aa98930ca78db9d2	completed	blocking_activation_result_ready	192	20	6339566880	52.87677369552252	334_reusable-concurrency-c1-topology-3x4-w20-formal-child2-internal-queue		
194	347c41835f5e4b65bc41835f5e2b65d9	completed	blocking_activation_result_ready	193	20	6351721051	53.533656275114815	334_reusable-concurrency-c1-topology-3x4-w20-formal-child2-internal-queue		
195	b6a39af27855476aa39af27855b76a3b	completed	blocking_activation_result_ready	197	20	6414386331	55.81750415663883	334_reusable-concurrency-c1-topology-3x4-w20-formal-child2-internal-queue		
196	4b4460ac3cb14e8c8460ac3cb11e8c69	completed	blocking_activation_result_ready	195	20	6373975026	54.69814945193425	334_reusable-concurrency-c1-topology-3x4-w20-formal-child2-internal-queue		
197	fef446d6f5c5446ab446d6f5c5f46a22	completed	blocking_activation_result_ready	199	20	6430874750	54.18306290173812	334_reusable-concurrency-c1-topology-3x4-w20-formal-child2-internal-queue		
198	8e7897fc19fb4977b897fc19fb79777a	completed	blocking_activation_result_ready	196	20	6392486726	57.89964269406748	334_reusable-concurrency-c1-topology-3x4-w20-formal-child2-internal-queue		
199	abfcd5e5b5604729bcd5e5b560472964	completed	blocking_activation_result_ready	198	20	6425197395	54.54103696937383	334_reusable-concurrency-c1-topology-3x4-w20-formal-child2-internal-queue		
200	9c78fcb31efe49a5b8fcb31efe59a5ce	completed	blocking_activation_result_ready	200	20	6448005437	52.59457299059193	334_reusable-concurrency-c1-topology-3x4-w20-formal-child2-internal-queue		
201	fcade071e4e5401fade071e4e5101fae	completed	blocking_activation_result_ready	201	20	6493621381	47.77313691478158	334_reusable-concurrency-c1-topology-3x4-w20-formal-child2-internal-queue		
202	6ca0642812754c00a0642812757c008e	completed	blocking_activation_result_ready	202	20	6510293562	58.45687311742198	334_reusable-concurrency-c1-topology-3x4-w20-formal-child2-internal-queue		
203	557c33185e984dccbc33185e985dcce2	completed	blocking_activation_result_ready	209	20	6603939604	59.09489665336736	334_reusable-concurrency-c1-topology-3x4-w20-formal-child2-internal-queue		
204	101c7423119d42c99c7423119da2c9b9	completed	blocking_activation_result_ready	211	20	6641764412	62.11913882436393	334_reusable-concurrency-c1-topology-3x4-w20-formal-child2-internal-queue		
205	edc107130fa244b98107130fa214b9d6	completed	blocking_activation_result_ready	205	20	6588894480	57.08041280212056	334_reusable-concurrency-c1-topology-3x4-w20-formal-child2-internal-queue		
206	d1abda68b01b4b60abda68b01b7b6034	completed	blocking_activation_result_ready	212	20	6658867778	62.63684231793172	334_reusable-concurrency-c1-topology-3x4-w20-formal-child2-internal-queue		
207	dc4c1bbca1564f4a8c1bbca1561f4a8d	completed	blocking_activation_result_ready	204	20	6573604014	57.604623208807645	334_reusable-concurrency-c1-topology-3x4-w20-formal-child2-internal-queue		
208	bd28e756292c45c8a8e756292c35c872	completed	blocking_activation_result_ready	203	20	6559033284	52.13049745060624	334_reusable-concurrency-c1-topology-3x4-w20-formal-child2-internal-queue		
209	a03973de510a459bb973de510ab59bf5	completed	blocking_activation_result_ready	207	20	6595601086	56.15843223717746	334_reusable-concurrency-c1-topology-3x4-w20-formal-child2-internal-queue		
210	26081bd8c3864f67881bd8c386ef6756	completed	blocking_activation_result_ready	206	20	6595004898	56.19271160076391	334_reusable-concurrency-c1-topology-3x4-w20-formal-child2-internal-queue		
211	9bc5d78d46b34fe385d78d46b36fe3c4	completed	blocking_activation_result_ready	208	20	6598498243	56.921876335618464	334_reusable-concurrency-c1-topology-3x4-w20-formal-child2-internal-queue		
212	18af077bf53248c1af077bf53228c1b9	completed	blocking_activation_result_ready	210	20	6636735923	55.632031827975524	334_reusable-concurrency-c1-topology-3x4-w20-formal-child2-internal-queue		
213	f8ac3ccf17a04c76ac3ccf17a06c76ea	completed	blocking_activation_result_ready	213	20	6713165360	55.333559007564844	334_reusable-concurrency-c1-topology-3x4-w20-formal-child2-internal-queue		
214	4cc660e0163043508660e01630135024	completed	blocking_activation_result_ready	214	20	6716716334	55.38948326804875	334_reusable-concurrency-c1-topology-3x4-w20-formal-child2-internal-queue		
215	5e5ce13de9c74a389ce13de9c7da387b	completed	blocking_activation_result_ready	216	20	6733766920	58.60287339147492	334_reusable-concurrency-c1-topology-3x4-w20-formal-child2-internal-queue		
216	c586df9a4145477d86df9a4145077de4	completed	blocking_activation_result_ready	215	20	6731132854	55.997652667996405	334_reusable-concurrency-c1-topology-3x4-w20-formal-child2-internal-queue		
217	feca3f93f9b34cba8a3f93f9b3fcbab9	completed	blocking_activation_result_ready	217	20	6787771004	53.56406260414444	334_reusable-concurrency-c1-topology-3x4-w20-formal-child2-internal-queue		
218	790868ea9ef543748868ea9ef5a37450	completed	blocking_activation_result_ready	222	20	6847672565	59.280511893622496	334_reusable-concurrency-c1-topology-3x4-w20-formal-child2-internal-queue		
219	e0d1d4454e0d4b3791d4454e0d7b3763	completed	blocking_activation_result_ready	221	20	6835279802	58.53799810191126	334_reusable-concurrency-c1-topology-3x4-w20-formal-child2-internal-queue		
220	0e8b40211d794ec68b40211d795ec67f	completed	blocking_activation_result_ready	220	20	6826035393	52.9058601906141	334_reusable-concurrency-c1-topology-3x4-w20-formal-child2-internal-queue		
221	efb409935323424cb409935323624cda	completed	blocking_activation_result_ready	223	20	6848537079	69.08372306483928	334_reusable-concurrency-c1-topology-3x4-w20-formal-child2-internal-queue		
222	20dcc820836842af9cc820836852afa3	completed	blocking_activation_result_ready	224	20	6849044776	72.61089409852852	334_reusable-concurrency-c1-topology-3x4-w20-formal-child2-internal-queue		
223	3a10411feb494a7d90411feb49ba7d28	completed	blocking_activation_result_ready	218	20	6804170540	52.774187996883	334_reusable-concurrency-c1-topology-3x4-w20-formal-child2-internal-queue		
224	4fe014a817f74d3aa014a817f7ad3ac4	completed	blocking_activation_result_ready	219	20	6822063645	51.126195696327216	334_reusable-concurrency-c1-topology-3x4-w20-formal-child2-internal-queue		
225	91f56811e1444177b56811e144917762	completed	blocking_activation_result_ready	230	20	6983507547	57.67484596721213	334_reusable-concurrency-c1-topology-3x4-w20-formal-child2-internal-queue		
226	1ec107c0da3845c98107c0da3835c9b0	completed	blocking_activation_result_ready	227	20	6958096688	55.17308317577878	334_reusable-concurrency-c1-topology-3x4-w20-formal-child2-internal-queue		
227	064c3ce7fad240098c3ce7fad220090f	completed	blocking_activation_result_ready	228	20	6965263995	54.53071856065776	334_reusable-concurrency-c1-topology-3x4-w20-formal-child2-internal-queue		
228	8d90a093af444fc390a093af44dfc3db	completed	blocking_activation_result_ready	229	20	6968380430	54.87859365130514	334_reusable-concurrency-c1-topology-3x4-w20-formal-child2-internal-queue		
229	93151609c934478e951609c934078ede	completed	blocking_activation_result_ready	225	20	6900778810	64.12633812028966	334_reusable-concurrency-c1-topology-3x4-w20-formal-child2-internal-queue		
230	9c51ab0413d74a3f91ab0413d7ca3f19	completed	blocking_activation_result_ready	226	20	6956349660	55.34880286987528	334_reusable-concurrency-c1-topology-3x4-w20-formal-child2-internal-queue		
231	38821392daa54e7a821392daa5ce7ad0	completed	blocking_activation_result_ready	233	20	7091847350	52.814764177192586	334_reusable-concurrency-c1-topology-3x4-w20-formal-child2-internal-queue		
232	bef114f918154388b114f91815538812	completed	blocking_activation_result_ready	232	20	7078109025	47.705229728982275	334_reusable-concurrency-c1-topology-3x4-w20-formal-child2-internal-queue		
233	10fb7d116bc84327bb7d116bc863275b	completed	blocking_activation_result_ready	231	20	7062665531	47.51709866563695	334_reusable-concurrency-c1-topology-3x4-w20-formal-child2-internal-queue		
234	8d18d4a7b30c4b8198d4a7b30ceb8105	completed	blocking_activation_result_ready	236	20	7134758002	49.87642094244879	334_reusable-concurrency-c1-topology-3x4-w20-formal-child2-internal-queue		
235	e652deb14f89409192deb14f89a09157	completed	blocking_activation_result_ready	235	20	7126900438	50.53470978563014	334_reusable-concurrency-c1-topology-3x4-w20-formal-child2-internal-queue		
236	d661855f1fa3469aa1855f1fa3769a2d	completed	blocking_activation_result_ready	238	20	7164289659	55.53717907434956	334_reusable-concurrency-c1-topology-3x4-w20-formal-child2-internal-queue		
237	5602c920cd874d4682c920cd872d46ca	completed	blocking_activation_result_ready	237	20	7136089128	57.41877502762389	334_reusable-concurrency-c1-topology-3x4-w20-formal-child2-internal-queue		
238	7ffe2c688b58489bbe2c688b58789b4e	completed	blocking_activation_result_ready	239	20	7174452173	56.75553660475576	334_reusable-concurrency-c1-topology-3x4-w20-formal-child2-internal-queue		
239	e829d036381d45aaa9d036381de5aa3f	completed	blocking_activation_result_ready	234	20	7097362623	52.542217218358324	334_reusable-concurrency-c1-topology-3x4-w20-formal-child2-internal-queue		
240	9de91d229657446da91d229657e46d1a	completed	blocking_activation_result_ready	245	20	7275799957	53.33032592959351	334_reusable-concurrency-c1-topology-3x4-w20-formal-child2-internal-queue		
241	00ad95c5d4b34ea5ad95c5d4b35ea58e	completed	blocking_activation_result_ready	240	20	7200431482	53.419361439964185	334_reusable-concurrency-c1-topology-3x4-w20-formal-child2-internal-queue		
242	28007e34a73a4dfe807e34a73a8dfe75	completed	blocking_activation_result_ready	246	20	7281474322	61.514865950095164	334_reusable-concurrency-c1-topology-3x4-w20-formal-child2-internal-queue		
243	c5344bb5332d4107b44bb5332de1075a	completed	blocking_activation_result_ready	242	20	7234622204	51.686312595319414	334_reusable-concurrency-c1-topology-3x4-w20-formal-child2-internal-queue		
244	e2ba8f36d0044c81ba8f36d0048c81ca	completed	blocking_activation_result_ready	241	20	7215032486	52.66585554929218	334_reusable-concurrency-c1-topology-3x4-w20-formal-child2-internal-queue		
245	6a1ff3f1a5aa490b9ff3f1a5aa090b92	completed	blocking_activation_result_ready	244	20	7251304728	49.7190930903308	334_reusable-concurrency-c1-topology-3x4-w20-formal-child2-internal-queue		
246	d7a97ab324a948a4a97ab324a918a41b	completed	blocking_activation_result_ready	243	20	7237718037	51.38997576546384	334_reusable-concurrency-c1-topology-3x4-w20-formal-child2-internal-queue		
247	7ecbd9e18261471a8bd9e18261171a14	completed	blocking_activation_result_ready	250	20	7390627637	49.125554084054166	334_reusable-concurrency-c1-topology-3x4-w20-formal-child2-internal-queue		
248	d21928e700af492a9928e700af992a42	completed	blocking_activation_result_ready	251	20	7401601050	59.00827407823256	334_reusable-concurrency-c1-topology-3x4-w20-formal-child2-internal-queue		
249	05ba5f4c3bd34991ba5f4c3bd3b99194	completed	blocking_activation_result_ready	247	20	7335494040	52.99454247363135	334_reusable-concurrency-c1-topology-3x4-w20-formal-child2-internal-queue		
250	ae3099bdc44e4c93b099bdc44e2c937a	completed	blocking_activation_result_ready	248	20	7336613970	53.8575504145382	334_reusable-concurrency-c1-topology-3x4-w20-formal-child2-internal-queue		
251	4ef19f9e650848deb19f9e650858de9a	completed	blocking_activation_result_ready	258	20	7523023723	55.751605456681695	334_reusable-concurrency-c1-topology-3x4-w20-formal-child2-internal-queue		
252	37f64e1aef364e5db64e1aef36be5d24	completed	blocking_activation_result_ready	249	20	7356242182	51.56476475669609	334_reusable-concurrency-c1-topology-3x4-w20-formal-child2-internal-queue		
253	474caba8218a41fe8caba8218a31fe3e	completed	blocking_activation_result_ready	252	20	7408853332	60.469672725160464	334_reusable-concurrency-c1-topology-3x4-w20-formal-child2-internal-queue		
254	c0b49634870048a5b49634870058a5c3	completed	blocking_activation_result_ready	255	20	7453994934	61.14441008509052	334_reusable-concurrency-c1-topology-3x4-w20-formal-child2-internal-queue		
255	26c12112e98e4a02812112e98e8a02f5	completed	blocking_activation_result_ready	254	20	7442951120	57.87229660019616	334_reusable-concurrency-c1-topology-3x4-w20-formal-child2-internal-queue		
256	bcd551e1236444c19551e12364e4c109	completed	blocking_activation_result_ready	253	20	7423814343	60.24695352769605	334_reusable-concurrency-c1-topology-3x4-w20-formal-child2-internal-queue		
257	9cf6d28cabf44f21b6d28cabf47f21de	completed	blocking_activation_result_ready	256	20	7473583930	59.02735991325906	334_reusable-concurrency-c1-topology-3x4-w20-formal-child2-internal-queue		
258	1fe1ef5dce1b4937a1ef5dce1b39378f	completed	blocking_activation_result_ready	260	20	7577832368	52.99404623019353	334_reusable-concurrency-c1-topology-3x4-w20-formal-child2-internal-queue		
259	93ebb2b338f54bbbabb2b338f53bbb6d	completed	blocking_activation_result_ready	261	20	7584210002	54.17448011649767	334_reusable-concurrency-c1-topology-3x4-w20-formal-child2-internal-queue		
260	bfbf05132ae042cfbf05132ae002cf95	completed	blocking_activation_result_ready	257	20	7497513268	55.33664685485591	334_reusable-concurrency-c1-topology-3x4-w20-formal-child2-internal-queue		
261	6615d54363324b6e95d54363329b6e2a	completed	blocking_activation_result_ready	259	20	7559955851	51.88017946744466	334_reusable-concurrency-c1-topology-3x4-w20-formal-child2-internal-queue		
262	52656cc5268f4ffaa56cc5268fdffa6b	completed	blocking_activation_result_ready	265	20	7650028040	53.44334353442951	334_reusable-concurrency-c1-topology-3x4-w20-formal-child2-internal-queue		
263	09cf3c8eb16043d08f3c8eb160c3d0f8	completed	blocking_activation_result_ready	262	20	7601160921	54.56449502440966	334_reusable-concurrency-c1-topology-3x4-w20-formal-child2-internal-queue		
264	ab4040e70e134f6d8040e70e135f6d1f	completed	blocking_activation_result_ready	263	20	7612793909	53.32254483167608	334_reusable-concurrency-c1-topology-3x4-w20-formal-child2-internal-queue		
265	67098e31e8f44312898e31e8f453125a	completed	blocking_activation_result_ready	267	20	7651532541	63.28342887564828	334_reusable-concurrency-c1-topology-3x4-w20-formal-child2-internal-queue		
266	3c01f81c685f43cf81f81c685f23cf3f	completed	blocking_activation_result_ready	264	20	7646365388	50.62513690935463	334_reusable-concurrency-c1-topology-3x4-w20-formal-child2-internal-queue		
267	19b89b4d3be64de4b89b4d3be67de436	completed	blocking_activation_result_ready	266	20	7650579656	54.185074442733466	334_reusable-concurrency-c1-topology-3x4-w20-formal-child2-internal-queue		
268	412c573b994644dbac573b9946a4db3e	completed	blocking_activation_result_ready	268	20	7700479039	54.965430056161836	334_reusable-concurrency-c1-topology-3x4-w20-formal-child2-internal-queue		
269	24807b0dd66c4f4c807b0dd66c3f4cae	completed	blocking_activation_result_ready	269	20	7702791024	57.71192275402265	334_reusable-concurrency-c1-topology-3x4-w20-formal-child2-internal-queue		
270	17f3685fcff443e4b3685fcff423e405	completed	blocking_activation_result_ready	273	20	7924696681	39.92953730382883	334_reusable-concurrency-c1-topology-3x4-w20-formal-child2-internal-queue		
271	1d5272688b9742859272688b97128541	completed	blocking_activation_result_ready	270	20	7901723589	39.131595391700536	334_reusable-concurrency-c1-topology-3x4-w20-formal-child2-internal-queue		
272	93a9bf4e2897456ca9bf4e2897456c8d	completed	blocking_activation_result_ready	274	20	7929826356	41.07828560826618	334_reusable-concurrency-c1-topology-3x4-w20-formal-child2-internal-queue		
273	fc4db3d516484a038db3d516483a030e	completed	blocking_activation_result_ready	271	20	7911585551	39.216878083124335	334_reusable-concurrency-c1-topology-3x4-w20-formal-child2-internal-queue		
274	827446af2c334a86b446af2c337a86ea	completed	blocking_activation_result_ready	276	20	7940786630	42.80797178612195	334_reusable-concurrency-c1-topology-3x4-w20-formal-child2-internal-queue		
275	c22e26ebfaa3496aae26ebfaa3696a24	completed	blocking_activation_result_ready	272	20	7912256352	39.7295987616443	334_reusable-concurrency-c1-topology-3x4-w20-formal-child2-internal-queue		
276	94b6fb49e0ee4fb0b6fb49e0ee6fb06e	completed	blocking_activation_result_ready	277	20	7941179169	45.078965850025966	334_reusable-concurrency-c1-topology-3x4-w20-formal-child2-internal-queue		
277	10ec9284729f43c9ac9284729fa3c97a	completed	blocking_activation_result_ready	278	20	7941525157	47.78956145703434	334_reusable-concurrency-c1-topology-3x4-w20-formal-child2-internal-queue		
278	cd8dd14443b349d88dd14443b3d9d848	completed	blocking_activation_result_ready	280	20	7947776680	54.062190852119386	334_reusable-concurrency-c1-topology-3x4-w20-formal-child2-internal-queue		
279	e3fafd90800a4276bafd90800a727625	completed	blocking_activation_result_ready	281	20	7948131411	54.95692065755878	334_reusable-concurrency-c1-topology-3x4-w20-formal-child2-internal-queue		
280	aca9f1179b7d402aa9f1179b7df02a9f	completed	blocking_activation_result_ready	282	20	7954845355	56.547583318297804	334_reusable-concurrency-c1-topology-3x4-w20-formal-child2-internal-queue		
281	a6b6b0c5656c4776b6b0c5656c07764a	completed	blocking_activation_result_ready	283	20	7957834398	57.964211846453765	334_reusable-concurrency-c1-topology-3x4-w20-formal-child2-internal-queue		
282	de4273d2e9854e0c8273d2e985de0c19	completed	blocking_activation_result_ready	284	20	7961486021	63.46775775866127	334_reusable-concurrency-c1-topology-3x4-w20-formal-child2-internal-queue		
283	33181627f12b43f8981627f12b93f800	completed	blocking_activation_result_ready	279	20	7947341440	51.628146652610766	334_reusable-concurrency-c1-topology-3x4-w20-formal-child2-internal-queue		
284	b7049b141b304ba4849b141b308ba4e6	completed	blocking_activation_result_ready	285	20	7965781603	63.34053623964965	334_reusable-concurrency-c1-topology-3x4-w20-formal-child2-internal-queue		
285	efda1d478e7b410c9a1d478e7b410c6d	completed	blocking_activation_result_ready	286	20	7974469280	61.74943103456751	334_reusable-concurrency-c1-topology-3x4-w20-formal-child2-internal-queue		
286	eef86a5310bc4ee3b86a5310bc6ee3ac	completed	blocking_activation_result_ready	275	20	7934244606	41.645005017306914	334_reusable-concurrency-c1-topology-3x4-w20-formal-child2-internal-queue		
287	5a15d0f8bb12488995d0f8bb128889f9	completed	blocking_activation_result_ready	287	20	7977187620	61.4146724240097	334_reusable-concurrency-c1-topology-3x4-w20-formal-child2-internal-queue		
288	11b8bf4f2e4e45c2b8bf4f2e4ef5c2e0	completed	blocking_activation_result_ready	288	20	8078871813	52.855131953444754	334_reusable-concurrency-c1-topology-3x4-w20-formal-child2-internal-queue		
289	b38775d326ef42148775d326ef4214a9	completed	blocking_activation_result_ready	289	20	8098628528	50.525783428545466	334_reusable-concurrency-c1-topology-3x4-w20-formal-child2-internal-queue		
290	d4d2b1670c9240bd92b1670c92a0bd89	completed	blocking_activation_result_ready	290	20	8109841942	96.09916526679413	334_reusable-concurrency-c1-topology-3x4-w20-formal-child2-internal-queue		
291	cd66abff759f4da7a6abff759fdda7be	completed	blocking_activation_result_ready	291	20	8121039109	95.48656127388392	334_reusable-concurrency-c1-topology-3x4-w20-formal-child2-internal-queue		
292	cb288e0c23dd4b2ca88e0c23dd0b2c8f	completed	blocking_activation_result_ready	297	20	8166082454	88.92711371467962	334_reusable-concurrency-c1-topology-3x4-w20-formal-child2-internal-queue		
293	daec180bce0d484dac180bce0d884d62	completed	blocking_activation_result_ready	293	20	8152597667	87.75740882490082	334_reusable-concurrency-c1-topology-3x4-w20-formal-child2-internal-queue		
294	fa722404401749b8b22404401729b803	completed	blocking_activation_result_ready	306	20	8346600049	53.74454806235063	334_reusable-concurrency-c1-topology-3x4-w20-formal-child2-internal-queue		
295	efe49030fac34806a49030fac3e80643	completed	blocking_activation_result_ready	295	20	8157097602	89.74525969576824	334_reusable-concurrency-c1-topology-3x4-w20-formal-child2-internal-queue		
296	0f51daa112f447c891daa112f4f7c826	completed	blocking_activation_result_ready	298	20	8189961190	80.5036200203696	334_reusable-concurrency-c1-topology-3x4-w20-formal-child2-internal-queue		
297	11089861eb304a84889861eb302a8443	completed	blocking_activation_result_ready	292	20	8125661680	93.71837239227692	334_reusable-concurrency-c1-topology-3x4-w20-formal-child2-internal-queue		
298	259893eff08042c19893eff080e2c1c8	completed	blocking_activation_result_ready	296	20	8165260515	89.09722393765315	334_reusable-concurrency-c1-topology-3x4-w20-formal-child2-internal-queue		
299	57bca9ce993d4c9fbca9ce993ddc9f47	completed	blocking_activation_result_ready	294	20	8156377302	88.28036409964936	334_reusable-concurrency-c1-topology-3x4-w20-formal-child2-internal-queue		
300	761994dbfeae44219994dbfeae1421cc	completed	blocking_activation_result_ready	299	20	8201913274	78.56328677743666	334_reusable-concurrency-c1-topology-3x4-w20-formal-child2-internal-queue		
301	3b3ba414ec6a4314bba414ec6ae31423	completed	blocking_activation_result_ready	302	20	8316400496	55.31659692262542	334_reusable-concurrency-c1-topology-3x4-w20-formal-child2-internal-queue		
302	58926e2ff9024df2926e2ff9025df27d	completed	blocking_activation_result_ready	305	20	8341765512	53.19376580022737	334_reusable-concurrency-c1-topology-3x4-w20-formal-child2-internal-queue		
303	fc366647b00b4bb6b66647b00b5bb67e	completed	blocking_activation_result_ready	300	20	8297944182	57.1155229590666	334_reusable-concurrency-c1-topology-3x4-w20-formal-child2-internal-queue		
304	23f4b0534de94b54b4b0534de9bb54ea	completed	blocking_activation_result_ready	304	20	8336402374	53.3452324497566	334_reusable-concurrency-c1-topology-3x4-w20-formal-child2-internal-queue		
305	c55178097d444ddf9178097d448ddf65	completed	blocking_activation_result_ready	301	20	8306818053	55.758976382510504	334_reusable-concurrency-c1-topology-3x4-w20-formal-child2-internal-queue		
306	1a06791f6cc94e8f86791f6cc90e8ff4	completed	blocking_activation_result_ready	308	20	8362509268	70.51254919770733	334_reusable-concurrency-c1-topology-3x4-w20-formal-child2-internal-queue		
307	475d07f8dcc148fa9d07f8dcc148fa01	completed	blocking_activation_result_ready	303	20	8319222472	55.34216937108998	334_reusable-concurrency-c1-topology-3x4-w20-formal-child2-internal-queue		
308	042de5708849470dade5708849c70d90	completed	blocking_activation_result_ready	307	20	8353765170	53.109910561582865	334_reusable-concurrency-c1-topology-3x4-w20-formal-child2-internal-queue		
309	91994dcf003d47bb994dcf003db7bba5	completed	blocking_activation_result_ready	309	20	8390842858	68.44291311791588	334_reusable-concurrency-c1-topology-3x4-w20-formal-child2-internal-queue		
310	70a74f87f2ad4db2a74f87f2adedb217	completed	blocking_activation_result_ready	311	20	8424749831	65.85213675795087	334_reusable-concurrency-c1-topology-3x4-w20-formal-child2-internal-queue		
311	aa821d9f52504505821d9f5250a50551	completed	blocking_activation_result_ready	310	20	8422068483	64.05605345382858	334_reusable-concurrency-c1-topology-3x4-w20-formal-child2-internal-queue		
312	72223a9ac33243caa23a9ac33273cad8	completed	blocking_activation_result_ready	312	20	8447053968	62.22924677022742	334_reusable-concurrency-c1-topology-3x4-w20-formal-child2-internal-queue		
313	ed6c64c869264966ac64c8692689663f	completed	blocking_activation_result_ready	319	20	8571574993	54.10351943962041	334_reusable-concurrency-c1-topology-3x4-w20-formal-child2-internal-queue		
314	5defc77fbac948d2afc77fbac978d230	completed	blocking_activation_result_ready	315	20	8522807360	54.68817706526715	334_reusable-concurrency-c1-topology-3x4-w20-formal-child2-internal-queue		
315	85056b64838d4ab8856b64838d7ab8e9	completed	blocking_activation_result_ready	313	20	8497005681	58.07065801900882	334_reusable-concurrency-c1-topology-3x4-w20-formal-child2-internal-queue		
316	9e51c08300754ec091c08300750ec0c0	completed	blocking_activation_result_ready	316	20	8549517475	52.04850420926663	334_reusable-concurrency-c1-topology-3x4-w20-formal-child2-internal-queue		
317	4f21c808b7e244c8a1c808b7e294c8b4	completed	blocking_activation_result_ready	314	20	8517758985	55.34314809198561	334_reusable-concurrency-c1-topology-3x4-w20-formal-child2-internal-queue		
318	690e680279ca4d8c8e680279cadd8c16	completed	blocking_activation_result_ready	320	20	8578113537	71.38539473740802	334_reusable-concurrency-c1-topology-3x4-w20-formal-child2-internal-queue		
319	bf460cd68b644acb860cd68b64eacb91	completed	blocking_activation_result_ready	317	20	8556324704	51.25021701263766	334_reusable-concurrency-c1-topology-3x4-w20-formal-child2-internal-queue		
320	902f58e455514003af58e455519003bd	completed	blocking_activation_result_ready	318	20	8570480318	52.559775654694555	334_reusable-concurrency-c1-topology-3x4-w20-formal-child2-internal-queue		
321	f823e6af2094473ba3e6af2094673bfe	completed	blocking_activation_result_ready	322	20	8645710647	60.73302003982258	334_reusable-concurrency-c1-topology-3x4-w20-formal-child2-internal-queue		
322	f5f9398ba0d54dfab9398ba0d52dfa69	completed	blocking_activation_result_ready	321	20	8642395177	59.59881818404284	334_reusable-concurrency-c1-topology-3x4-w20-formal-child2-internal-queue		
323	e70f07fcdbed4a418f07fcdbedba4135	completed	blocking_activation_result_ready	323	20	8652018190	60.09692708846693	334_reusable-concurrency-c1-topology-3x4-w20-formal-child2-internal-queue		
324	e8a42341f6cb405ba42341f6cbf05b90	completed	blocking_activation_result_ready	327	20	8709797010	56.174751112147725	334_reusable-concurrency-c1-topology-3x4-w20-formal-child2-internal-queue		
325	0b5759d8bbd94da19759d8bbd9cda10f	completed	blocking_activation_result_ready	324	20	8668794185	60.16995406664817	334_reusable-concurrency-c1-topology-3x4-w20-formal-child2-internal-queue		
326	269da62799c44bb39da62799c4cbb386	completed	blocking_activation_result_ready	325	20	8680386417	59.06309889520849	334_reusable-concurrency-c1-topology-3x4-w20-formal-child2-internal-queue		
327	b9bf49c499b648b4bf49c499b638b427	completed	blocking_activation_result_ready	326	20	8682269339	59.58245390872665	334_reusable-concurrency-c1-topology-3x4-w20-formal-child2-internal-queue		
328	8ca1220b90b14ef0a1220b90b19ef0eb	completed	blocking_activation_result_ready	328	20	8725510904	55.096170420565265	334_reusable-concurrency-c1-topology-3x4-w20-formal-child2-internal-queue		
329	8159802aebb846aa99802aebb8f6aa89	completed	blocking_activation_result_ready	330	20	8755644593	59.95633200471101	334_reusable-concurrency-c1-topology-3x4-w20-formal-child2-internal-queue		
330	51194f57f44549dc994f57f44529dcae	completed	blocking_activation_result_ready	332	20	8793232868	57.77359625326674	334_reusable-concurrency-c1-topology-3x4-w20-formal-child2-internal-queue		
331	e6a252e8f2c14c63a252e8f2c18c6380	completed	blocking_activation_result_ready	331	20	8774279053	57.219822381546116	334_reusable-concurrency-c1-topology-3x4-w20-formal-child2-internal-queue		
332	b3c08f372c34487c808f372c34c87cee	completed	blocking_activation_result_ready	329	20	8752393931	55.31721931855531	334_reusable-concurrency-c1-topology-3x4-w20-formal-child2-internal-queue		
333	716ade4f0c7a45f7aade4f0c7a15f7e3	completed	blocking_activation_result_ready	334	20	8847050548	60.73644832497576	334_reusable-concurrency-c1-topology-3x4-w20-formal-child2-internal-queue		
334	c10c235f8ca241bd8c235f8ca271bdf2	completed	blocking_activation_result_ready	338	20	8903338606	60.085630194673115	334_reusable-concurrency-c1-topology-3x4-w20-formal-child2-internal-queue		
335	e90bb922f23b445d8bb922f23b845da1	completed	blocking_activation_result_ready	333	20	8824923082	60.9909688812153	334_reusable-concurrency-c1-topology-3x4-w20-formal-child2-internal-queue		
336	b3d689e892a34f9e9689e892a3ff9eb7	completed	blocking_activation_result_ready	340	20	8918543116	58.74930156994378	334_reusable-concurrency-c1-topology-3x4-w20-formal-child2-internal-queue		
337	4d2db9463536456eadb9463536056e16	completed	blocking_activation_result_ready	336	20	8881506338	60.242984717231316	334_reusable-concurrency-c1-topology-3x4-w20-formal-child2-internal-queue		
338	6cc39e572f394864839e572f39686498	completed	blocking_activation_result_ready	335	20	8870827782	57.46789192733063	334_reusable-concurrency-c1-topology-3x4-w20-formal-child2-internal-queue		
339	874581abd69844148581abd698d4146c	completed	blocking_activation_result_ready	337	20	8895591860	58.95059290678877	334_reusable-concurrency-c1-topology-3x4-w20-formal-child2-internal-queue		
340	a7ef4caec2954a75af4caec2950a75cd	completed	blocking_activation_result_ready	339	20	8904914839	59.99882774290356	334_reusable-concurrency-c1-topology-3x4-w20-formal-child2-internal-queue		
341	a93880e2dc51458eb880e2dc51f58e34	completed	blocking_activation_result_ready	343	20	8973798475	62.15421184054206	334_reusable-concurrency-c1-topology-3x4-w20-formal-child2-internal-queue		
342	9b35ca32da2c4708b5ca32da2c67086d	completed	blocking_activation_result_ready	342	20	8966066175	62.43063800041559	334_reusable-concurrency-c1-topology-3x4-w20-formal-child2-internal-queue		
343	dcd3287681d4419693287681d4e19670	completed	blocking_activation_result_ready	346	20	9053929629	53.81258245264782	334_reusable-concurrency-c1-topology-3x4-w20-formal-child2-internal-queue		
344	c7e0af563fee4baaa0af563feecbaad1	completed	blocking_activation_result_ready	341	20	8939989637	67.20555214636724	334_reusable-concurrency-c1-topology-3x4-w20-formal-child2-internal-queue		
345	1ff92426738c4faab92426738c3faa8d	completed	blocking_activation_result_ready	344	20	9032909408	54.92766777290166	334_reusable-concurrency-c1-topology-3x4-w20-formal-child2-internal-queue		
346	4338d914cd354d47b8d914cd35dd4784	completed	blocking_activation_result_ready	347	20	9064803066	56.33706710625804	334_reusable-concurrency-c1-topology-3x4-w20-formal-child2-internal-queue		
347	aea4d72f8e064835a4d72f8e06a835f6	completed	blocking_activation_result_ready	345	20	9042475197	55.23507245930128	334_reusable-concurrency-c1-topology-3x4-w20-formal-child2-internal-queue		
348	c762aaf97bdd460aa2aaf97bdd260a59	completed	blocking_activation_result_ready	351	20	9141310310	54.49127184282291	334_reusable-concurrency-c1-topology-3x4-w20-formal-child2-internal-queue		
349	e576fa214aea4dafb6fa214aea9daf3f	completed	blocking_activation_result_ready	349	20	9130396206	52.90973447183618	334_reusable-concurrency-c1-topology-3x4-w20-formal-child2-internal-queue		
350	c7d88230d7254e45988230d7250e4591	completed	blocking_activation_result_ready	350	20	9136297333	52.54132677463454	334_reusable-concurrency-c1-topology-3x4-w20-formal-child2-internal-queue		
351	7fd935fe52e841059935fe52e801056a	completed	blocking_activation_result_ready	355	20	9209784861	59.0045207464158	334_reusable-concurrency-c1-topology-3x4-w20-formal-child2-internal-queue		
352	cd2c8b53e6bb4111ac8b53e6bb51111d	completed	blocking_activation_result_ready	348	20	9101121080	53.24669372109876	334_reusable-concurrency-c1-topology-3x4-w20-formal-child2-internal-queue		
353	8e983a6eee6745fb983a6eee6725fb8e	completed	blocking_activation_result_ready	354	20	9177254626	60.56860388017376	334_reusable-concurrency-c1-topology-3x4-w20-formal-child2-internal-queue		
354	47addb61a7aa47f0addb61a7aa47f0a5	completed	blocking_activation_result_ready	358	20	9254506375	56.952834985263124	334_reusable-concurrency-c1-topology-3x4-w20-formal-child2-internal-queue		
355	c1cfdb1460c7491b8fdb1460c7891bac	completed	blocking_activation_result_ready	352	20	9148802102	56.24783611058993	334_reusable-concurrency-c1-topology-3x4-w20-formal-child2-internal-queue		
356	60dece27c2204bd89ece27c2206bd870	completed	blocking_activation_result_ready	353	20	9166438929	58.56243619640877	334_reusable-concurrency-c1-topology-3x4-w20-formal-child2-internal-queue		
357	990b5f2535ed40ec8b5f2535ed70ecd0	completed	blocking_activation_result_ready	357	20	9232116132	59.43107723296702	334_reusable-concurrency-c1-topology-3x4-w20-formal-child2-internal-queue		
358	75a5432e061849c3a5432e0618b9c3c3	completed	blocking_activation_result_ready	356	20	9228545270	57.630421707268276	334_reusable-concurrency-c1-topology-3x4-w20-formal-child2-internal-queue		
359	f7efa31ecfb7497eafa31ecfb7997e98	completed	blocking_activation_result_ready	361	20	9288432925	57.39814968110392	334_reusable-concurrency-c1-topology-3x4-w20-formal-child2-internal-queue		
360	ba1ba5821112463f9ba5821112063f7a	completed	blocking_activation_result_ready	359	20	9268729818	54.972997689575614	334_reusable-concurrency-c1-topology-3x4-w20-formal-child2-internal-queue		
361	15f0c0e111304220b0c0e11130d220b6	completed	blocking_activation_result_ready	360	20	9272410565	56.51833774628985	334_reusable-concurrency-c1-topology-3x4-w20-formal-child2-internal-queue		
362	42a10379a28c4746a10379a28cd74666	completed	blocking_activation_result_ready	363	20	9332176049	55.80706341853857	334_reusable-concurrency-c1-topology-3x4-w20-formal-child2-internal-queue		
363	fc83186d2daa431c83186d2daa331c36	completed	blocking_activation_result_ready	366	20	9376847652	61.93522372704481	334_reusable-concurrency-c1-topology-3x4-w20-formal-child2-internal-queue		
364	476f04868ad44ab3af04868ad46ab319	completed	blocking_activation_result_ready	362	20	9302668092	59.41736808349787	334_reusable-concurrency-c1-topology-3x4-w20-formal-child2-internal-queue		
365	e1593610f23648ac993610f23618ac6c	completed	blocking_activation_result_ready	365	20	9369418360	61.172712151194304	334_reusable-concurrency-c1-topology-3x4-w20-formal-child2-internal-queue		
366	5e28254222f24f30a8254222f2ef3071	completed	blocking_activation_result_ready	368	20	9403996603	66.03372831815135	334_reusable-concurrency-c1-topology-3x4-w20-formal-child2-internal-queue		
367	cfa7bf5645454070a7bf564545b0700c	completed	blocking_activation_result_ready	364	20	9360860934	60.98462246521152	334_reusable-concurrency-c1-topology-3x4-w20-formal-child2-internal-queue		
368	72bceac0f5b642a0bceac0f5b6b2a048	completed	blocking_activation_result_ready	369	20	9406113732	72.53800761290742	334_reusable-concurrency-c1-topology-3x4-w20-formal-child2-internal-queue		
369	8d13c6f96111489693c6f96111389682	completed	blocking_activation_result_ready	370	20	9408446994	73.48897634673152	334_reusable-concurrency-c1-topology-3x4-w20-formal-child2-internal-queue		
370	56d414c7b2ad4a2b9414c7b2ad7a2b25	completed	blocking_activation_result_ready	367	20	9386392776	62.19104460773947	334_reusable-concurrency-c1-topology-3x4-w20-formal-child2-internal-queue		
371	0bbf233a96a44d5ebf233a96a48d5e05	completed	blocking_activation_result_ready	371	20	9409230110	74.64920472469747	334_reusable-concurrency-c1-topology-3x4-w20-formal-child2-internal-queue		
372	e7ba16ae78f74fe2ba16ae78f7afe2d4	completed	blocking_activation_result_ready	372	20	9410481097	76.4295200690449	334_reusable-concurrency-c1-topology-3x4-w20-formal-child2-internal-queue		
373	d04cd1242bdf48b28cd1242bdf38b22e	completed	blocking_activation_result_ready	374	20	9501698050	61.64402949957771	334_reusable-concurrency-c1-topology-3x4-w20-formal-child2-internal-queue		
374	190f57f7fd864c1d8f57f7fd864c1da7	completed	blocking_activation_result_ready	373	20	9434414866	74.63356681909839	334_reusable-concurrency-c1-topology-3x4-w20-formal-child2-internal-queue		
375	bf96a477c03f4d4896a477c03f5d48d8	completed	blocking_activation_result_ready	376	20	9511349757	70.72023577900303	334_reusable-concurrency-c1-topology-3x4-w20-formal-child2-internal-queue		
376	131d95672d25446f9d95672d25246f02	completed	blocking_activation_result_ready	375	20	9506505564	67.40345313889338	334_reusable-concurrency-c1-topology-3x4-w20-formal-child2-internal-queue		
377	7608134de03b423988134de03be2393f	completed	blocking_activation_result_ready	381	20	9603046683	63.57001081942513	334_reusable-concurrency-c1-topology-3x4-w20-formal-child2-internal-queue		
378	e878b1e3ff214a37b8b1e3ff21da3701	completed	blocking_activation_result_ready	378	20	9578088339	61.80814206319608	334_reusable-concurrency-c1-topology-3x4-w20-formal-child2-internal-queue		
379	2ccc01f581384de58c01f58138dde5e6	completed	blocking_activation_result_ready	383	20	9625554812	68.17126023535657	334_reusable-concurrency-c1-topology-3x4-w20-formal-child2-internal-queue		
380	1fa6d0a36f164b5fa6d0a36f16cb5fb9	completed	blocking_activation_result_ready	384	20	9629131788	74.55152023335341	334_reusable-concurrency-c1-topology-3x4-w20-formal-child2-internal-queue		
381	4e980f6bb4d24d42980f6bb4d2dd42c8	completed	blocking_activation_result_ready	385	20	9633370234	75.7713885372907	334_reusable-concurrency-c1-topology-3x4-w20-formal-child2-internal-queue		
382	c8803f87695f4a4b803f87695ffa4b9c	completed	blocking_activation_result_ready	377	20	9572934004	58.68236862883764	334_reusable-concurrency-c1-topology-3x4-w20-formal-child2-internal-queue		
383	9f34a4c5cdad43a6b4a4c5cdadb3a69f	completed	blocking_activation_result_ready	379	20	9583144511	63.61025882464087	334_reusable-concurrency-c1-topology-3x4-w20-formal-child2-internal-queue		
384	41c5b0ad0802497085b0ad0802797021	completed	blocking_activation_result_ready	382	20	9607972085	65.50847829887374	334_reusable-concurrency-c1-topology-3x4-w20-formal-child2-internal-queue		
385	7cf04c9b0fe24f73b04c9b0fe28f7334	completed	blocking_activation_result_ready	380	20	9599242024	61.19361967539361	334_reusable-concurrency-c1-topology-3x4-w20-formal-child2-internal-queue		
386	23ca3e732a1545708a3e732a150570db	completed	blocking_activation_result_ready	387	20	9674287121	69.46993001894496	334_reusable-concurrency-c1-topology-3x4-w20-formal-child2-internal-queue		
387	1236ca9376b9489ab6ca9376b9089ab4	completed	blocking_activation_result_ready	388	20	9705077231	66.4273890115574	334_reusable-concurrency-c1-topology-3x4-w20-formal-child2-internal-queue		
388	7e8860fa514949788860fa51497978a7	completed	blocking_activation_result_ready	386	20	9634029197	77.76607765537764	334_reusable-concurrency-c1-topology-3x4-w20-formal-child2-internal-queue		
389	2fe1f2b48762472ea1f2b48762a72e7a	completed	blocking_activation_result_ready	389	20	9723601463	62.994560252786584	334_reusable-concurrency-c1-topology-3x4-w20-formal-child2-internal-queue		
390	bc5e6d7a297847069e6d7a297847061a	completed	blocking_activation_result_ready	391	20	9756177773	57.64558212343399	334_reusable-concurrency-c1-topology-3x4-w20-formal-child2-internal-queue		
391	314d4127748546548d4127748526546d	completed	blocking_activation_result_ready	393	20	9776677528	58.43465332481987	334_reusable-concurrency-c1-topology-3x4-w20-formal-child2-internal-queue		
392	c27cfc684aa34bb4bcfc684aa3dbb4e0	completed	blocking_activation_result_ready	390	20	9749852633	58.58134053843206	334_reusable-concurrency-c1-topology-3x4-w20-formal-child2-internal-queue		
393	a87deb482d064d89bdeb482d06dd89ee	completed	blocking_activation_result_ready	397	20	9816698038	82.04655818913794	334_reusable-concurrency-c1-topology-3x4-w20-formal-child2-internal-queue		
394	09276f36d1d44fbea76f36d1d42fbe67	completed	blocking_activation_result_ready	392	20	9768245473	55.90271514344402	334_reusable-concurrency-c1-topology-3x4-w20-formal-child2-internal-queue		
395	5304960889a4421784960889a49217b8	completed	blocking_activation_result_ready	394	20	9795122933	68.16054519820666	334_reusable-concurrency-c1-topology-3x4-w20-formal-child2-internal-queue		
396	fee4da9c364f43aea4da9c364f13ae39	completed	blocking_activation_result_ready	396	20	9809873833	66.99627134931656	334_reusable-concurrency-c1-topology-3x4-w20-formal-child2-internal-queue		
397	1172db05b9c64d3bb2db05b9c68d3b77	completed	blocking_activation_result_ready	402	20	9914167348	65.31779689877175	334_reusable-concurrency-c1-topology-3x4-w20-formal-child2-internal-queue		
398	adef28870dfa4b75af28870dfa5b75ac	completed	blocking_activation_result_ready	398	20	9833061776	78.4395434886027	334_reusable-concurrency-c1-topology-3x4-w20-formal-child2-internal-queue		
399	5861628de92a4dc8a1628de92afdc818	completed	blocking_activation_result_ready	395	20	9802728813	67.51664519080337	334_reusable-concurrency-c1-topology-3x4-w20-formal-child2-internal-queue		
400	77049cc64a2944b2849cc64a2974b2c0	completed	blocking_activation_result_ready	399	20	9839874484	77.90286333259576	334_reusable-concurrency-c1-topology-3x4-w20-formal-child2-internal-queue		
401	92876e20008f4abe876e20008f2abe80	completed	blocking_activation_result_ready	400	20	9874302754	72.71121544685786	334_reusable-concurrency-c1-topology-3x4-w20-formal-child2-internal-queue		
402	89b1780bed994cf0b1780bed99fcf05d	completed	blocking_activation_result_ready	403	20	9916961680	68.63256222224659	334_reusable-concurrency-c1-topology-3x4-w20-formal-child2-internal-queue		
403	ca222529bf4b4061a22529bf4b2061cb	completed	blocking_activation_result_ready	406	20	9961782872	61.02143629663344	334_reusable-concurrency-c1-topology-3x4-w20-formal-child2-internal-queue		
404	91152aa437c24d4a952aa437c2cd4aae	completed	blocking_activation_result_ready	401	20	9896082281	68.25109350707623	334_reusable-concurrency-c1-topology-3x4-w20-formal-child2-internal-queue		
405	8088ccf3a98e487788ccf3a98e787760	completed	blocking_activation_result_ready	408	20	9989040044	70.4317575555219	334_reusable-concurrency-c1-topology-3x4-w20-formal-child2-internal-queue		
406	7eaaa03bc8604b13aaa03bc8608b13d0	completed	blocking_activation_result_ready	407	20	9984800386	64.40948666073895	334_reusable-concurrency-c1-topology-3x4-w20-formal-child2-internal-queue		
407	0efb42ea819747d0bb42ea819767d0fb	completed	blocking_activation_result_ready	404	20	9927125458	67.11551960147341	334_reusable-concurrency-c1-topology-3x4-w20-formal-child2-internal-queue		
408	8e8d4763956246628d476395627662ae	completed	blocking_activation_result_ready	409	20	9997996408	72.88764011304946	334_reusable-concurrency-c1-topology-3x4-w20-formal-child2-internal-queue		
409	21c93855143343528938551433b352dc	completed	blocking_activation_result_ready	405	20	9959402835	61.34355870749257	334_reusable-concurrency-c1-topology-3x4-w20-formal-child2-internal-queue		
410	3455ea55ef8b47a395ea55ef8b97a371	completed	blocking_activation_result_ready	411	20	10010462335	78.65204180189279	334_reusable-concurrency-c1-topology-3x4-w20-formal-child2-internal-queue		
411	25b04bfa807d4fe8b04bfa807dcfe8e3	completed	blocking_activation_result_ready	413	20	10039728787	76.03080888504701	334_reusable-concurrency-c1-topology-3x4-w20-formal-child2-internal-queue		
412	c9639c756d10412ba39c756d10312b23	completed	blocking_activation_result_ready	410	20	10001260266	79.55207947087271	334_reusable-concurrency-c1-topology-3x4-w20-formal-child2-internal-queue		
413	1be37fdbf38b4f96a37fdbf38b1f96e9	completed	blocking_activation_result_ready	412	20	10030070493	76.3868938117526	334_reusable-concurrency-c1-topology-3x4-w20-formal-child2-internal-queue		
414	ffc36969d2b44283836969d2b4f283d3	completed	blocking_activation_result_ready	416	20	10077721634	74.6692708520687	334_reusable-concurrency-c1-topology-3x4-w20-formal-child2-internal-queue		
415	6a9305ce822d47fa9305ce822d37fad7	completed	blocking_activation_result_ready	418	20	10105859373	73.31442879242078	334_reusable-concurrency-c1-topology-3x4-w20-formal-child2-internal-queue		
416	6d13af92308248b693af923082b8b6f7	completed	blocking_activation_result_ready	415	20	10053673623	79.69879911044983	334_reusable-concurrency-c1-topology-3x4-w20-formal-child2-internal-queue		
417	812d5289332f43f1ad5289332fd3f198	completed	blocking_activation_result_ready	417	20	10090353008	73.08473147774367	334_reusable-concurrency-c1-topology-3x4-w20-formal-child2-internal-queue		
418	524c13f501ef46ac8c13f501eff6ac20	completed	blocking_activation_result_ready	414	20	10048350128	78.98045863517937	334_reusable-concurrency-c1-topology-3x4-w20-formal-child2-internal-queue		
419	dfa68069dfe5472ea68069dfe5072e0e	completed	blocking_activation_result_ready	422	20	10188683575	72.855438159581	334_reusable-concurrency-c1-topology-3x4-w20-formal-child2-internal-queue		
420	c038900a3050400eb8900a3050e00e17	completed	blocking_activation_result_ready	419	20	10129143098	69.13988947311097	334_reusable-concurrency-c1-topology-3x4-w20-formal-child2-internal-queue		
421	22019fd22a5e4262819fd22a5ec2625a	completed	blocking_activation_result_ready	423	20	10192789871	72.50890464637098	334_reusable-concurrency-c1-topology-3x4-w20-formal-child2-internal-queue		
422	a1f64f6cdcb942ffb64f6cdcb972ff68	completed	blocking_activation_result_ready	420	20	10176410469	66.20155331021586	334_reusable-concurrency-c1-topology-3x4-w20-formal-child2-internal-queue		
423	fed29e1be19c4c68929e1be19c7c6868	completed	blocking_activation_result_ready	421	20	10178215522	70.88849200863928	334_reusable-concurrency-c1-topology-3x4-w20-formal-child2-internal-queue		
424	6e1133240e5840429133240e58e042f1	completed	blocking_activation_result_ready	425	20	10212247638	79.09990540719161	334_reusable-concurrency-c1-topology-3x4-w20-formal-child2-internal-queue		
425	491c41199e93495b9c41199e93295b39	completed	blocking_activation_result_ready	426	20	10221303557	77.06514800544704	334_reusable-concurrency-c1-topology-3x4-w20-formal-child2-internal-queue		
426	97ac41af0a504594ac41af0a50d59480	completed	blocking_activation_result_ready	424	20	10194145196	74.90082999032828	334_reusable-concurrency-c1-topology-3x4-w20-formal-child2-internal-queue		
427	42885e76ae7d44a5885e76ae7dc4a5c5	completed	blocking_activation_result_ready	428	20	10247713053	77.31769185087262	334_reusable-concurrency-c1-topology-3x4-w20-formal-child2-internal-queue		
428	e7ab968c74524f86ab968c7452ff8640	completed	blocking_activation_result_ready	429	20	10256549589	77.35352519217314	334_reusable-concurrency-c1-topology-3x4-w20-formal-child2-internal-queue		
429	95a77005aaf6479ba77005aaf6f79b99	completed	blocking_activation_result_ready	430	20	10280129575	71.71818251251162	334_reusable-concurrency-c1-topology-3x4-w20-formal-child2-internal-queue		
430	45cc272b86ce45588c272b86ce05586f	completed	blocking_activation_result_ready	427	20	10244136857	77.11988955074506	334_reusable-concurrency-c1-topology-3x4-w20-formal-child2-internal-queue		
431	0629273208844d2ca9273208845d2c94	completed	blocking_activation_result_ready	431	20	10325877884	63.40841490981791	334_reusable-concurrency-c1-topology-3x4-w20-formal-child2-internal-queue		
432	ca81a546694b457b81a546694b557beb	completed	blocking_activation_result_ready	432	20	10328040032	67.12095493761193	334_reusable-concurrency-c1-topology-3x4-w20-formal-child2-internal-queue		
433	9a8c392ea194434d8c392ea194734d29	completed	blocking_activation_result_ready	435	20	10364927957	64.25613337804961	334_reusable-concurrency-c1-topology-3x4-w20-formal-child2-internal-queue		
434	12f6c754613e4241b6c754613e724128	completed	blocking_activation_result_ready	434	20	10358085720	64.57120368653015	334_reusable-concurrency-c1-topology-3x4-w20-formal-child2-internal-queue		
435	3f693850f15b4eb5a93850f15bbeb563	completed	blocking_activation_result_ready	436	20	10368543902	68.7705248210223	334_reusable-concurrency-c1-topology-3x4-w20-formal-child2-internal-queue		
436	fb9fdfacc3f045089fdfacc3f0850803	completed	blocking_activation_result_ready	433	20	10332162473	68.39157373955885	334_reusable-concurrency-c1-topology-3x4-w20-formal-child2-internal-queue		
437	25c6fca5ba53486986fca5ba5348690e	completed	blocking_activation_result_ready	440	20	10436639191	76.8554671686087	334_reusable-concurrency-c1-topology-3x4-w20-formal-child2-internal-queue		
438	c122fae4ecb24678a2fae4ecb2067863	completed	blocking_activation_result_ready	437	20	10380221571	68.99678872731018	334_reusable-concurrency-c1-topology-3x4-w20-formal-child2-internal-queue		
439	4bf6055c63d64fd4b6055c63d6efd4de	completed	blocking_activation_result_ready	438	20	10412666435	65.18754773643379	334_reusable-concurrency-c1-topology-3x4-w20-formal-child2-internal-queue		
440	00b2a60897344cdfb2a60897347cdf3f	completed	blocking_activation_result_ready	443	20	10464452999	73.62059086649404	334_reusable-concurrency-c1-topology-3x4-w20-formal-child2-internal-queue		
441	3ff7f6555f8c45b2b7f6555f8c85b26d	completed	blocking_activation_result_ready	444	20	10472974073	71.72858211525917	334_reusable-concurrency-c1-topology-3x4-w20-formal-child2-internal-queue		
442	cb253315bfb849d3a53315bfb869d33c	completed	blocking_activation_result_ready	439	20	10433441986	65.72485404547388	334_reusable-concurrency-c1-topology-3x4-w20-formal-child2-internal-queue		
443	5bd242aeb9424be59242aeb9420be537	completed	blocking_activation_result_ready	442	20	10443987961	78.33786294607567	334_reusable-concurrency-c1-topology-3x4-w20-formal-child2-internal-queue		
444	596d027daa9d4fdaad027daa9ddfda90	completed	blocking_activation_result_ready	441	20	10440137902	76.35849979677185	334_reusable-concurrency-c1-topology-3x4-w20-formal-child2-internal-queue		
445	979ab05a49b74b419ab05a49b7bb4168	completed	blocking_activation_result_ready	446	20	10524501240	65.96356476774264	334_reusable-concurrency-c1-topology-3x4-w20-formal-child2-internal-queue		
446	2f6ece8d12194976aece8d121999768a	completed	blocking_activation_result_ready	448	20	10563051910	63.42383615603706	334_reusable-concurrency-c1-topology-3x4-w20-formal-child2-internal-queue		
447	fcfa4ecd85eb4734ba4ecd85eb1734a3	completed	blocking_activation_result_ready	445	20	10523533221	64.24968290291812	334_reusable-concurrency-c1-topology-3x4-w20-formal-child2-internal-queue		
448	b4cca944fd3445838ca944fd345583ed	completed	blocking_activation_result_ready	447	20	10548647950	65.67905228989474	334_reusable-concurrency-c1-topology-3x4-w20-formal-child2-internal-queue		
449	25091983d89940b9891983d89970b908	completed	blocking_activation_result_ready	454	20	10634434554	72.37229739858428	334_reusable-concurrency-c1-topology-3x4-w20-formal-child2-internal-queue		
450	24bf214cac334bc0bf214cac334bc0b3	completed	blocking_activation_result_ready	450	20	10576534289	67.47531012614057	334_reusable-concurrency-c1-topology-3x4-w20-formal-child2-internal-queue		
451	3db59a8d45ca4f21b59a8d45ca0f21be	completed	blocking_activation_result_ready	449	20	10572645104	63.272014473220224	334_reusable-concurrency-c1-topology-3x4-w20-formal-child2-internal-queue		
452	2dc20bc1b8ab4c53820bc1b8abec5380	completed	blocking_activation_result_ready	453	20	10624110858	68.50525992805201	334_reusable-concurrency-c1-topology-3x4-w20-formal-child2-internal-queue		
453	48e88aad67ba4756a88aad67ba975671	completed	blocking_activation_result_ready	452	20	10599646992	73.63581551812958	334_reusable-concurrency-c1-topology-3x4-w20-formal-child2-internal-queue		
454	81b67b5e37e84350b67b5e37e883500e	completed	blocking_activation_result_ready	456	20	10668633342	66.64679703491066	334_reusable-concurrency-c1-topology-3x4-w20-formal-child2-internal-queue		
455	240ebcf40dd040d08ebcf40dd0b0d002	completed	blocking_activation_result_ready	451	20	10596163555	73.99578352046639	334_reusable-concurrency-c1-topology-3x4-w20-formal-child2-internal-queue		
456	98d9ebb6206f4a7b99ebb6206f9a7b05	completed	blocking_activation_result_ready	457	20	10674591060	67.94182395716969	334_reusable-concurrency-c1-topology-3x4-w20-formal-child2-internal-queue		
457	1dff31557d874d96bf31557d875d962a	completed	blocking_activation_result_ready	459	20	10704744453	73.71845977353387	334_reusable-concurrency-c1-topology-3x4-w20-formal-child2-internal-queue		
458	af567bf534f144cf967bf534f144cf70	completed	blocking_activation_result_ready	458	20	10684492342	73.5765042439461	334_reusable-concurrency-c1-topology-3x4-w20-formal-child2-internal-queue		
459	c195ad0f9140445f95ad0f9140045fbd	completed	blocking_activation_result_ready	455	20	10659321171	67.93634855999092	334_reusable-concurrency-c1-topology-3x4-w20-formal-child2-internal-queue		
460	b1a486d73f1e4401a486d73f1ea4014d	completed	blocking_activation_result_ready	460	20	10717352046	71.24718246337525	334_reusable-concurrency-c1-topology-3x4-w20-formal-child2-internal-queue		
461	e17773508dd644b3b773508dd614b365	completed	blocking_activation_result_ready	462	20	10749221501	65.5235987499932	334_reusable-concurrency-c1-topology-3x4-w20-formal-child2-internal-queue		
462	2186cb189f5146f386cb189f5116f397	completed	blocking_activation_result_ready	461	20	10743134271	66.00739165953503	334_reusable-concurrency-c1-topology-3x4-w20-formal-child2-internal-queue		
463	b77980753b3e40b1b980753b3e80b1a4	completed	blocking_activation_result_ready	463	20	10749684945	70.1183730661081	334_reusable-concurrency-c1-topology-3x4-w20-formal-child2-internal-queue		
464	146e4f9505a34465ae4f9505a3a46514	completed	blocking_activation_result_ready	465	20	10832590993	64.71282010018503	334_reusable-concurrency-c1-topology-3x4-w20-formal-child2-internal-queue		
465	e017938eeee6450f97938eeee6350f98	completed	blocking_activation_result_ready	464	20	10827408073	56.42799505690763	334_reusable-concurrency-c1-topology-3x4-w20-formal-child2-internal-queue		
466	57d789c2b63e45fb9789c2b63e55fb68	completed	blocking_activation_result_ready	466	20	10832981710	64.83392611532263	334_reusable-concurrency-c1-topology-3x4-w20-formal-child2-internal-queue		
467	8188811ea7754df988811ea775ddf9ca	completed	blocking_activation_result_ready	467	20	10833797685	70.13858876635463	334_reusable-concurrency-c1-topology-3x4-w20-formal-child2-internal-queue		
468	24f72dfd1ab0431bb72dfd1ab0231bc3	completed	blocking_activation_result_ready	469	20	10847243499	72.8336376474451	334_reusable-concurrency-c1-topology-3x4-w20-formal-child2-internal-queue		
469	b50aa8bf87e14b0a8aa8bf87e13b0ad6	completed	blocking_activation_result_ready	468	20	10834092027	73.78981466422552	334_reusable-concurrency-c1-topology-3x4-w20-formal-child2-internal-queue		
470	ed148355c92e42a4948355c92ec2a48a	completed	blocking_activation_result_ready	470	20	10861744138	70.12380557727514	334_reusable-concurrency-c1-topology-3x4-w20-formal-child2-internal-queue		
471	ed4fb702dd8e4c498fb702dd8eac495f	completed	blocking_activation_result_ready	473	20	10962719998	59.06515104701545	334_reusable-concurrency-c1-topology-3x4-w20-formal-child2-internal-queue		
472	d528eac5eb7b4101a8eac5eb7ba101b2	completed	blocking_activation_result_ready	472	20	10959898390	55.516786641310965	334_reusable-concurrency-c1-topology-3x4-w20-formal-child2-internal-queue		
473	382cf80d1d0247d7acf80d1d0237d7a2	completed	blocking_activation_result_ready	476	20	10990423251	62.15235295025985	334_reusable-concurrency-c1-topology-3x4-w20-formal-child2-internal-queue		
474	a136d329d9c44af0b6d329d9c49af05c	completed	blocking_activation_result_ready	471	20	10948033943	56.83911088306755	334_reusable-concurrency-c1-topology-3x4-w20-formal-child2-internal-queue		
475	d5d4c5d48204400994c5d482047009c6	completed	blocking_activation_result_ready	475	20	10986920065	61.05026715993736	334_reusable-concurrency-c1-topology-3x4-w20-formal-child2-internal-queue		
476	d078f11b3ff942f0b8f11b3ff9d2f0f1	completed	blocking_activation_result_ready	477	20	10990816731	63.2459722095111	334_reusable-concurrency-c1-topology-3x4-w20-formal-child2-internal-queue		
477	8bdbff2ea2e74e8e9bff2ea2e7fe8e95	completed	blocking_activation_result_ready	480	20	11011325335	68.03339197256115	334_reusable-concurrency-c1-topology-3x4-w20-formal-child2-internal-queue		
478	b4b0587a33c44d24b0587a33c4cd24a1	completed	blocking_activation_result_ready	479	20	11002863661	67.08725725582902	334_reusable-concurrency-c1-topology-3x4-w20-formal-child2-internal-queue		
479	345c8d4257aa421c9c8d4257aa321c7c	completed	blocking_activation_result_ready	478	20	10991701403	65.1022464470864	334_reusable-concurrency-c1-topology-3x4-w20-formal-child2-internal-queue		
480	621659b6dcbf4d189659b6dcbf1d18c8	completed	blocking_activation_result_ready	474	20	10968878613	59.80073337167577	334_reusable-concurrency-c1-topology-3x4-w20-formal-child2-internal-queue		
481	54033666028546c4833666028556c43e	completed	blocking_activation_result_ready	483	20	11060676357	64.31045755051268	334_reusable-concurrency-c1-topology-3x4-w20-formal-child2-internal-queue		
482	e46cb9afbe7d4e38acb9afbe7d9e3814	completed	blocking_activation_result_ready	484	20	11087532437	76.8863004312814	334_reusable-concurrency-c1-topology-3x4-w20-formal-child2-internal-queue		
483	80ca4550731f4f768a4550731f7f7680	completed	blocking_activation_result_ready	481	20	11011683027	74.47437216949908	334_reusable-concurrency-c1-topology-3x4-w20-formal-child2-internal-queue		
484	26998a40e5da4484998a40e5daf4847a	completed	blocking_activation_result_ready	485	20	11096941485	75.65713174462334	334_reusable-concurrency-c1-topology-3x4-w20-formal-child2-internal-queue		
485	8b86528c799f436986528c799f43690d	completed	blocking_activation_result_ready	482	20	11028672135	71.56899132316873	334_reusable-concurrency-c1-topology-3x4-w20-formal-child2-internal-queue		
486	1243f77e099743a383f77e0997f3a371	completed	blocking_activation_result_ready	491	20	11199784942	79.4435775009576	334_reusable-concurrency-c1-topology-3x4-w20-formal-child2-internal-queue		
487	7debc7d345d8438babc7d345d8238b95	completed	blocking_activation_result_ready	486	20	11175136305	58.45310947818778	334_reusable-concurrency-c1-topology-3x4-w20-formal-child2-internal-queue		
488	e19c7b7de1d349069c7b7de1d3b90645	completed	blocking_activation_result_ready	490	20	11198547083	59.381903563818305	334_reusable-concurrency-c1-topology-3x4-w20-formal-child2-internal-queue		
489	91303c3f9e864c8eb03c3f9e865c8eb4	completed	blocking_activation_result_ready	489	20	11196669283	57.23676075375136	334_reusable-concurrency-c1-topology-3x4-w20-formal-child2-internal-queue		
490	e47ed2deee3c4807bed2deee3c2807fe	completed	blocking_activation_result_ready	493	20	11210508311	80.71405692164343	334_reusable-concurrency-c1-topology-3x4-w20-formal-child2-internal-queue		
491	d3f635a3bd304244b635a3bd30e244be	completed	blocking_activation_result_ready	492	20	11206471208	81.11194154418108	334_reusable-concurrency-c1-topology-3x4-w20-formal-child2-internal-queue		
492	02bf0502931a4f5fbf0502931a5f5f59	completed	blocking_activation_result_ready	488	20	11190926705	56.04836422316555	334_reusable-concurrency-c1-topology-3x4-w20-formal-child2-internal-queue		
493	cbf960dca9cc4f8fb960dca9cc1f8f6b	completed	blocking_activation_result_ready	496	20	11356323316	54.65973338922473	334_reusable-concurrency-c1-topology-3x4-w20-formal-child2-internal-queue		
494	8ce4367839814eeba4367839815eebcf	completed	blocking_activation_result_ready	487	20	11182231909	57.399642808910755	334_reusable-concurrency-c1-topology-3x4-w20-formal-child2-internal-queue		
495	fb270008d03b441ca70008d03b241c92	completed	blocking_activation_result_ready	494	20	11221442445	79.18790209043075	334_reusable-concurrency-c1-topology-3x4-w20-formal-child2-internal-queue		
496	4eef5288d69d4a4faf5288d69d7a4f88	completed	blocking_activation_result_ready	495	20	11269551177	70.76361784261033	334_reusable-concurrency-c1-topology-3x4-w20-formal-child2-internal-queue		
497	b1fc143679364355bc14367936235558	completed	blocking_activation_result_ready	499	20	11377749279	53.34960595901014	334_reusable-concurrency-c1-topology-3x4-w20-formal-child2-internal-queue		
498	f9b33be4fccf4ef4b33be4fccf3ef42e	completed	blocking_activation_result_ready	500	20	11380340303	54.19834352085144	334_reusable-concurrency-c1-topology-3x4-w20-formal-child2-internal-queue		
499	8a5a7bd2e9b14e0a9a7bd2e9b1ee0a66	completed	blocking_activation_result_ready	498	20	11370425271	52.808924099814064	334_reusable-concurrency-c1-topology-3x4-w20-formal-child2-internal-queue		
500	987a7983b5f348e2ba7983b5f3f8e219	completed	blocking_activation_result_ready	497	20	11369849007	52.76595494996843	334_reusable-concurrency-c1-topology-3x4-w20-formal-child2-internal-queue		
501	692f0f79fa6742e8af0f79fa67c2e843	completed	blocking_activation_result_ready	501	20	11380636812	54.20733114311322	334_reusable-concurrency-c1-topology-3x4-w20-formal-child2-internal-queue		
502	9933764f660247d8b3764f660257d858	completed	blocking_activation_result_ready	506	20	11403859434	87.44196569643816	334_reusable-concurrency-c1-topology-3x4-w20-formal-child2-internal-queue		
503	148aa80935d44e4a8aa80935d4de4a96	completed	blocking_activation_result_ready	502	20	11385642956	56.02698826748083	334_reusable-concurrency-c1-topology-3x4-w20-formal-child2-internal-queue		
504	db06e8a725ef40ad86e8a725efa0ad70	completed	blocking_activation_result_ready	507	20	11410754739	87.51860809705533	334_reusable-concurrency-c1-topology-3x4-w20-formal-child2-internal-queue		
505	e686b50ff128422786b50ff128422783	completed	blocking_activation_result_ready	504	20	11388801764	66.38578244641546	334_reusable-concurrency-c1-topology-3x4-w20-formal-child2-internal-queue		
506	fe4a65ebc47e49038a65ebc47ef903a4	completed	blocking_activation_result_ready	503	20	11385957460	61.48528093253545	334_reusable-concurrency-c1-topology-3x4-w20-formal-child2-internal-queue		
507	fafac55e9194446abac55e9194946a82	completed	blocking_activation_result_ready	508	20	11422822541	86.24561934781786	334_reusable-concurrency-c1-topology-3x4-w20-formal-child2-internal-queue		
508	5a1498ec6b1c43419498ec6b1cc34132	completed	blocking_activation_result_ready	505	20	11401038708	65.76844011495626	334_reusable-concurrency-c1-topology-3x4-w20-formal-child2-internal-queue		
509	cf498b9b94d44dd4898b9b94d4edd4b8	completed	blocking_activation_result_ready	510	20	11469422395	73.8347096024757	334_reusable-concurrency-c1-topology-3x4-w20-formal-child2-internal-queue		
510	3bdf62300ae343dc9f62300ae3d3dc79	completed	blocking_activation_result_ready	514	20	11532900241	64.21415760612395	334_reusable-concurrency-c1-topology-3x4-w20-formal-child2-internal-queue		
511	34532853cdbe4e8d932853cdbece8d1e	completed	blocking_activation_result_ready	512	20	11513312341	65.18030944697365	334_reusable-concurrency-c1-topology-3x4-w20-formal-child2-internal-queue		
512	ea6c38baf2c04eadac38baf2c08ead9f	completed	blocking_activation_result_ready	513	20	11526344209	63.32402404745011	334_reusable-concurrency-c1-topology-3x4-w20-formal-child2-internal-queue		
513	cadb29a3bde042099b29a3bde0b2091a	completed	blocking_activation_result_ready	509	20	11463637748	74.91521517344755	334_reusable-concurrency-c1-topology-3x4-w20-formal-child2-internal-queue		
514	0c9dff3c1ee342269dff3c1ee36226e6	completed	blocking_activation_result_ready	516	20	11546138680	105.36554880773508	334_reusable-concurrency-c1-topology-3x4-w20-formal-child2-internal-queue		
515	3b088ad412574dc0888ad412572dc0e1	completed	blocking_activation_result_ready	511	20	11502976640	65.9648668876151	334_reusable-concurrency-c1-topology-3x4-w20-formal-child2-internal-queue		
516	a71074050f5a43749074050f5ad37422	completed	blocking_activation_result_ready	515	20	11538234975	74.43694092786346	334_reusable-concurrency-c1-topology-3x4-w20-formal-child2-internal-queue		
517	26fbbfba30fb4128bbbfba30fba1286c	completed	blocking_activation_result_ready	517	20	11559877444	105.24740568170857	334_reusable-concurrency-c1-topology-3x4-w20-formal-child2-internal-queue		
518	1ea65e2e0dda4cfaa65e2e0dda2cfa54	completed	blocking_activation_result_ready	520	20	11609230431	87.37816774692878	334_reusable-concurrency-c1-topology-3x4-w20-formal-child2-internal-queue		
519	eec1bf12a0d8465c81bf12a0d8a65c7b	completed	blocking_activation_result_ready	519	20	11576200580	100.78039246515195	334_reusable-concurrency-c1-topology-3x4-w20-formal-child2-internal-queue		
520	33bcb0aaca66442fbcb0aaca66442f9e	completed	blocking_activation_result_ready	518	20	11573809711	98.33593956351824	334_reusable-concurrency-c1-topology-3x4-w20-formal-child2-internal-queue		
521	7d393fb74d104eb0b93fb74d10deb03e	completed	blocking_activation_result_ready	522	20	11634224112	80.4566215791514	334_reusable-concurrency-c1-topology-3x4-w20-formal-child2-internal-queue		
522	0e22409cdc8043f8a2409cdc8093f8e0	completed	blocking_activation_result_ready	523	20	11645438552	77.07690701409565	334_reusable-concurrency-c1-topology-3x4-w20-formal-child2-internal-queue		
523	57f1d81c28db4142b1d81c28db5142da	completed	blocking_activation_result_ready	525	20	11686437129	70.07747250290498	334_reusable-concurrency-c1-topology-3x4-w20-formal-child2-internal-queue		
524	242abb35ad8b4fffaabb35ad8b9fffa4	completed	blocking_activation_result_ready	521	20	11622380872	82.73212586898723	334_reusable-concurrency-c1-topology-3x4-w20-formal-child2-internal-queue		
525	ae3a1d494fb44248ba1d494fb4224897	completed	blocking_activation_result_ready	529	20	11720419908	77.88703078126612	334_reusable-concurrency-c1-topology-3x4-w20-formal-child2-internal-queue		
526	8ddb505cebb448e39b505cebb4d8e30f	completed	blocking_activation_result_ready	526	20	11706546193	66.07490881356988	334_reusable-concurrency-c1-topology-3x4-w20-formal-child2-internal-queue		
527	83773625bf1b40f3b73625bf1bf0f38b	completed	blocking_activation_result_ready	524	20	11673394838	70.27577909362616	334_reusable-concurrency-c1-topology-3x4-w20-formal-child2-internal-queue		
528	a3f88fe77dd84792b88fe77dd86792e8	completed	blocking_activation_result_ready	527	20	11712314118	66.32192991749065	334_reusable-concurrency-c1-topology-3x4-w20-formal-child2-internal-queue		
529	ef60a396d6c64055a0a396d6c620554a	completed	blocking_activation_result_ready	528	20	11715290358	68.38359244155743	334_reusable-concurrency-c1-topology-3x4-w20-formal-child2-internal-queue		
530	1a525bad11cc41d4925bad11cc81d44a	completed	blocking_activation_result_ready	531	20	11750051020	80.94728397173353	334_reusable-concurrency-c1-topology-3x4-w20-formal-child2-internal-queue		
531	d7dc92034d694ae09c92034d69fae09b	completed	blocking_activation_result_ready	530	20	11732347351	76.06733230755015	334_reusable-concurrency-c1-topology-3x4-w20-formal-child2-internal-queue		
532	d98166c4c31049608166c4c3106960b1	completed	blocking_activation_result_ready	532	20	11764904871	79.49361612604316	334_reusable-concurrency-c1-topology-3x4-w20-formal-child2-internal-queue		
533	a2b943122f9e4142b943122f9ec142bf	completed	blocking_activation_result_ready	533	20	11777125798	79.75067101118017	334_reusable-concurrency-c1-topology-3x4-w20-formal-child2-internal-queue		
534	57adfd875a134ea0adfd875a132ea07b	completed	blocking_activation_result_ready	534	20	11791643579	77.29667613702966	334_reusable-concurrency-c1-topology-3x4-w20-formal-child2-internal-queue		
535	81994ca1d5074ecc994ca1d5077ecc33	completed	blocking_activation_result_ready	536	20	11837630532	68.61255250455508	334_reusable-concurrency-c1-topology-3x4-w20-formal-child2-internal-queue		
536	667d908f522c473bbd908f522cd73b80	completed	blocking_activation_result_ready	538	20	11852880296	71.66645671380952	334_reusable-concurrency-c1-topology-3x4-w20-formal-child2-internal-queue		
537	badc65ac7d114c5a9c65ac7d118c5a12	completed	blocking_activation_result_ready	535	20	11817875985	71.52026807512961	334_reusable-concurrency-c1-topology-3x4-w20-formal-child2-internal-queue		
538	96be58ecd37c443bbe58ecd37c643bb9	completed	blocking_activation_result_ready	537	20	11847564205	69.52005692051988	334_reusable-concurrency-c1-topology-3x4-w20-formal-child2-internal-queue		
539	4076ed7f2c30457db6ed7f2c30157d7b	completed	blocking_activation_result_ready	542	20	11900394140	75.13994024902007	334_reusable-concurrency-c1-topology-3x4-w20-formal-child2-internal-queue		
540	f046b974fe6943fa86b974fe69b3facb	completed	blocking_activation_result_ready	539	20	11868469887	68.43003873821071	334_reusable-concurrency-c1-topology-3x4-w20-formal-child2-internal-queue		
541	7d03336e56b541fa83336e56b5c1fa37	completed	blocking_activation_result_ready	540	20	11875701200	75.05513672308275	334_reusable-concurrency-c1-topology-3x4-w20-formal-child2-internal-queue		
542	8891fcf4963b427091fcf4963be27081	completed	blocking_activation_result_ready	541	20	11882026633	77.02802434737227	334_reusable-concurrency-c1-topology-3x4-w20-formal-child2-internal-queue		
543	66446d7cd2024c00846d7cd202fc00b8	completed	blocking_activation_result_ready	544	20	11931289036	77.55118244265425	334_reusable-concurrency-c1-topology-3x4-w20-formal-child2-internal-queue		
544	adb0406219f94924b0406219f9892447	completed	blocking_activation_result_ready	543	20	11927426742	70.92495611252372	334_reusable-concurrency-c1-topology-3x4-w20-formal-child2-internal-queue		
545	d7aeba45a52d4a5caeba45a52dda5c95	completed	blocking_activation_result_ready	545	20	11933390618	80.98691004928463	334_reusable-concurrency-c1-topology-3x4-w20-formal-child2-internal-queue		
546	77885f2f831f411c885f2f831f811c65	completed	blocking_activation_result_ready	546	20	11948737128	82.57947391796476	334_reusable-concurrency-c1-topology-3x4-w20-formal-child2-internal-queue		
547	fbce8fe90d484ddb8e8fe90d484ddbb8	completed	blocking_activation_result_ready	547	20	11976915995	75.58525369039616	334_reusable-concurrency-c1-topology-3x4-w20-formal-child2-internal-queue		
548	d6b53e7371c9493fb53e7371c9893f38	completed	blocking_activation_result_ready	549	20	12011666272	68.6703851863366	334_reusable-concurrency-c1-topology-3x4-w20-formal-child2-internal-queue		
549	d41a204c98b846b79a204c98b8e6b70d	completed	blocking_activation_result_ready	548	20	11994418646	71.65164141299789	334_reusable-concurrency-c1-topology-3x4-w20-formal-child2-internal-queue		
550	3653b49504f540f593b49504f5b0f5e8	completed	blocking_activation_result_ready	551	20	12022599864	73.3813422448418	334_reusable-concurrency-c1-topology-3x4-w20-formal-child2-internal-queue		
551	0e49e7106da3490c89e7106da3890c13	completed	blocking_activation_result_ready	553	20	12059817018	70.74857153327932	334_reusable-concurrency-c1-topology-3x4-w20-formal-child2-internal-queue		
552	5f69dd3de70848e1a9dd3de70828e1f8	completed	blocking_activation_result_ready	550	20	12020874446	69.31758003524764	334_reusable-concurrency-c1-topology-3x4-w20-formal-child2-internal-queue		
553	da2e7a7c12e04162ae7a7c12e08162b4	completed	blocking_activation_result_ready	552	20	12044015591	71.65615136530765	334_reusable-concurrency-c1-topology-3x4-w20-formal-child2-internal-queue		
554	6f6090ffc8844aeda090ffc884aaedc2	completed	blocking_activation_result_ready	554	20	12068962215	72.11920658660675	334_reusable-concurrency-c1-topology-3x4-w20-formal-child2-internal-queue		
555	f1e26d584cd94e47a26d584cd91e47c9	completed	blocking_activation_result_ready	555	20	12070002579	79.32522976929597	334_reusable-concurrency-c1-topology-3x4-w20-formal-child2-internal-queue		
556	59b5b2440c634c29b5b2440c63ac2999	completed	blocking_activation_result_ready	558	20	12152522130	66.74635424905323	334_reusable-concurrency-c1-topology-3x4-w20-formal-child2-internal-queue		
557	c7cbab2465e549088bab2465e5d90873	completed	blocking_activation_result_ready	560	20	12158355410	70.75783516544827	334_reusable-concurrency-c1-topology-3x4-w20-formal-child2-internal-queue		
558	cb9ad4b57192475d9ad4b57192b75dc4	completed	blocking_activation_result_ready	556	20	12129556791	68.51045215497383	334_reusable-concurrency-c1-topology-3x4-w20-formal-child2-internal-queue		
559	a734806f518b4a25b4806f518b3a25a8	completed	blocking_activation_result_ready	559	20	12157462351	69.20595687228716	334_reusable-concurrency-c1-topology-3x4-w20-formal-child2-internal-queue		
560	99910da99b6e46e6910da99b6ec6e6c7	completed	blocking_activation_result_ready	557	20	12148080745	66.55207729997157	334_reusable-concurrency-c1-topology-3x4-w20-formal-child2-internal-queue		
561	2ad73a513942421c973a513942f21cde	completed	blocking_activation_result_ready	562	20	12196769131	67.48207712303228	334_reusable-concurrency-c1-topology-3x4-w20-formal-child2-internal-queue		
562	850bfcf09502479d8bfcf09502379d21	completed	blocking_activation_result_ready	561	20	12181638843	66.75295375979503	334_reusable-concurrency-c1-topology-3x4-w20-formal-child2-internal-queue		
563	2821e734590e47d9a1e734590ea7d9fa	completed	blocking_activation_result_ready	564	20	12199558862	74.55180591200741	334_reusable-concurrency-c1-topology-3x4-w20-formal-child2-internal-queue		
564	1e3b476991c74e58bb476991c75e587e	completed	blocking_activation_result_ready	566	20	12251466894	66.06552194804657	334_reusable-concurrency-c1-topology-3x4-w20-formal-child2-internal-queue		
565	0d0d7bd2bf87486b8d7bd2bf87086bae	completed	blocking_activation_result_ready	563	20	12198756967	73.71091812568983	334_reusable-concurrency-c1-topology-3x4-w20-formal-child2-internal-queue		
566	aca031d59880420aa031d59880420a77	completed	blocking_activation_result_ready	565	20	12242455596	64.71131128936906	334_reusable-concurrency-c1-topology-3x4-w20-formal-child2-internal-queue		
567	b2d01cbcf9894db9901cbcf9894db980	completed	blocking_activation_result_ready	567	20	12258971547	70.90801743906108	334_reusable-concurrency-c1-topology-3x4-w20-formal-child2-internal-queue		
568	f194eacc78e74ccc94eacc78e76ccc34	completed	blocking_activation_result_ready	568	20	12291425569	67.33849769555708	334_reusable-concurrency-c1-topology-3x4-w20-formal-child2-internal-queue		
569	d4ff6148cdb4441fbf6148cdb4341fd8	completed	blocking_activation_result_ready	570	20	12300534126	71.5154934025527	334_reusable-concurrency-c1-topology-3x4-w20-formal-child2-internal-queue		
570	c408858b08b846a288858b08b816a2bd	completed	blocking_activation_result_ready	572	20	12316187483	73.48297376718092	334_reusable-concurrency-c1-topology-3x4-w20-formal-child2-internal-queue		
571	0072b5f950e44c9bb2b5f950e43c9bfd	completed	blocking_activation_result_ready	575	20	12341800338	73.58412399566546	334_reusable-concurrency-c1-topology-3x4-w20-formal-child2-internal-queue		
572	3e1b078af70c46829b078af70c7682de	completed	blocking_activation_result_ready	573	20	12318437138	77.33350367326409	334_reusable-concurrency-c1-topology-3x4-w20-formal-child2-internal-queue		
573	e46c63cfb4d741b8ac63cfb4d761b8d6	completed	blocking_activation_result_ready	579	20	12398450358	82.99168182257303	334_reusable-concurrency-c1-topology-3x4-w20-formal-child2-internal-queue		
574	93e72ccb0a44406fa72ccb0a44e06f5e	completed	blocking_activation_result_ready	569	20	12295862891	70.37381398263574	334_reusable-concurrency-c1-topology-3x4-w20-formal-child2-internal-queue		
575	501b7008a3044ff79b7008a304eff7e1	completed	blocking_activation_result_ready	571	20	12313315108	68.79584202333744	334_reusable-concurrency-c1-topology-3x4-w20-formal-child2-internal-queue		
576	0f6df8c81ab545c5adf8c81ab515c51a	completed	blocking_activation_result_ready	574	20	12327697426	77.29910406357486	334_reusable-concurrency-c1-topology-3x4-w20-formal-child2-internal-queue		
577	485f0c7a7a6946979f0c7a7a697697d4	completed	blocking_activation_result_ready	576	20	12344299601	93.13466653435336	334_reusable-concurrency-c1-topology-3x4-w20-formal-child2-internal-queue		
578	4faada08a6fc42e5aada08a6fcd2e55a	completed	blocking_activation_result_ready	578	20	12376830464	89.16298223676344	334_reusable-concurrency-c1-topology-3x4-w20-formal-child2-internal-queue		
579	cda3159c8c0242cba3159c8c0282cba5	completed	blocking_activation_result_ready	580	20	12450643518	68.42563707723613	334_reusable-concurrency-c1-topology-3x4-w20-formal-child2-internal-queue		
580	5408e14bfc934f7e88e14bfc930f7ec3	completed	blocking_activation_result_ready	577	20	12364816529	92.27825526033116	334_reusable-concurrency-c1-topology-3x4-w20-formal-child2-internal-queue		
581	a4fd49255e464022bd49255e46202239	completed	blocking_activation_result_ready	581	20	12459511714	71.97536027185612	334_reusable-concurrency-c1-topology-3x4-w20-formal-child2-internal-queue		
582	46c865d7d07b4fba8865d7d07b4fbaf6	completed	blocking_activation_result_ready	586	20	12506146771	78.52995782623218	334_reusable-concurrency-c1-topology-3x4-w20-formal-child2-internal-queue		
583	1a24bff4aea7410ca4bff4aea7810c79	completed	blocking_activation_result_ready	584	20	12503179310	65.87171625542163	334_reusable-concurrency-c1-topology-3x4-w20-formal-child2-internal-queue		
584	0a01b648609e49dc81b648609ef9dce0	completed	blocking_activation_result_ready	583	20	12501318290	66.10230217693753	334_reusable-concurrency-c1-topology-3x4-w20-formal-child2-internal-queue		
585	4a015c9b65bb4fec815c9b65bbbfec6d	completed	blocking_activation_result_ready	585	20	12505088506	76.15191866091725	334_reusable-concurrency-c1-topology-3x4-w20-formal-child2-internal-queue		
586	a8a86b8fa29040f9a86b8fa29070f909	completed	blocking_activation_result_ready	582	20	12489709337	68.27331854883724	334_reusable-concurrency-c1-topology-3x4-w20-formal-child2-internal-queue		
587	920cbf02bab549338cbf02bab5493373	completed	blocking_activation_result_ready	588	20	12513102819	90.22125635355003	334_reusable-concurrency-c1-topology-3x4-w20-formal-child2-internal-queue		
588	62d0db94f35141ca90db94f35161cad1	completed	blocking_activation_result_ready	587	20	12507527359	80.46482534071663	334_reusable-concurrency-c1-topology-3x4-w20-formal-child2-internal-queue		
589	3fbe161b676c415fbe161b676c915f16	completed	blocking_activation_result_ready	589	20	12514564127	91.44895733465357	334_reusable-concurrency-c1-topology-3x4-w20-formal-child2-internal-queue		
590	acadc5132e984ea0adc5132e989ea09a	completed	blocking_activation_result_ready	590	20	12517424790	92.2123600488401	334_reusable-concurrency-c1-topology-3x4-w20-formal-child2-internal-queue		
591	aafeb498a8be49cebeb498a8be79ced2	completed	blocking_activation_result_ready	591	20	12584606006	73.72160344281068	334_reusable-concurrency-c1-topology-3x4-w20-formal-child2-internal-queue		
592	b4ec8c7545494c85ac8c754549ac85e8	completed	blocking_activation_result_ready	593	20	12593289217	72.76641338412433	334_reusable-concurrency-c1-topology-3x4-w20-formal-child2-internal-queue		
593	7e5b639ee4fe4cc09b639ee4fe4cc014	completed	blocking_activation_result_ready	592	20	12590065165	73.02530039669315	334_reusable-concurrency-c1-topology-3x4-w20-formal-child2-internal-queue		
594	36ff751788854e6abf751788855e6a03	completed	blocking_activation_result_ready	594	20	12650149961	62.02463255561008	334_reusable-concurrency-c1-topology-3x4-w20-formal-child2-internal-queue		
595	ce2d3c03786841f7ad3c037868d1f7bd	completed	blocking_activation_result_ready	595	20	12654686924	63.920925008910416	334_reusable-concurrency-c1-topology-3x4-w20-formal-child2-internal-queue		
596	053307a5fa444318b307a5fa4413186c	completed	blocking_activation_result_ready	596	20	12655057219	64.35884059324975	334_reusable-concurrency-c1-topology-3x4-w20-formal-child2-internal-queue		
597	aeef63cdecc24853af63cdecc2785313	completed	blocking_activation_result_ready	597	20	12664373132	66.76534517918806	334_reusable-concurrency-c1-topology-3x4-w20-formal-child2-internal-queue		
598	a5c817c01a69454d8817c01a69b54d87	completed	blocking_activation_result_ready	600	20	12689896921	83.59337735313215	334_reusable-concurrency-c1-topology-3x4-w20-formal-child2-internal-queue		
599	418dba1c010642cb8dba1c010682cbc2	completed	blocking_activation_result_ready	601	20	12691284197	86.29152063750381	334_reusable-concurrency-c1-topology-3x4-w20-formal-child2-internal-queue		
600	3b68ebc06857449ba8ebc06857849bf9	completed	blocking_activation_result_ready	599	20	12688408558	68.97545922136364	334_reusable-concurrency-c1-topology-3x4-w20-formal-child2-internal-queue		
601	d522dc7e44cf4349a2dc7e44cfe34957	completed	blocking_activation_result_ready	598	20	12687382441	64.4014576664569	334_reusable-concurrency-c1-topology-3x4-w20-formal-child2-internal-queue		
602	e8daee87a5684e819aee87a5688e8129	completed	blocking_activation_result_ready	602	20	12705421796	92.71601692695924	334_reusable-concurrency-c1-topology-3x4-w20-formal-child2-internal-queue		
603	927f44620d7142b0bf44620d7102b0ed	completed	blocking_activation_result_ready	609	20	12831517484	63.10076722108988	334_reusable-concurrency-c1-topology-3x4-w20-formal-child2-internal-queue		
604	a6c90bf83567475b890bf83567875bb4	completed	blocking_activation_result_ready	606	20	12799762866	68.11615691571676	334_reusable-concurrency-c1-topology-3x4-w20-formal-child2-internal-queue		
605	1ea6d75149cd47a2a6d75149cdc7a25f	completed	blocking_activation_result_ready	605	20	12732121128	88.0930670835489	334_reusable-concurrency-c1-topology-3x4-w20-formal-child2-internal-queue		
606	98d89481fff94287989481fff9128711	completed	blocking_activation_result_ready	603	20	12719033280	91.86321989128999	334_reusable-concurrency-c1-topology-3x4-w20-formal-child2-internal-queue		
607	1fd3842e48d448cd93842e48d478cd39	completed	blocking_activation_result_ready	604	20	12730319987	88.05115959040661	334_reusable-concurrency-c1-topology-3x4-w20-formal-child2-internal-queue		
608	e8f042d17bb646f5b042d17bb6f6f5b2	completed	blocking_activation_result_ready	607	20	12822283388	63.541276917049935	334_reusable-concurrency-c1-topology-3x4-w20-formal-child2-internal-queue		
609	1f4a23f2dae247078a23f2dae287072f	completed	blocking_activation_result_ready	610	20	12846780310	60.724654015211286	334_reusable-concurrency-c1-topology-3x4-w20-formal-child2-internal-queue		
610	a1aa2ca98ee1490faa2ca98ee1490f1f	completed	blocking_activation_result_ready	608	20	12827414555	63.6310952130658	334_reusable-concurrency-c1-topology-3x4-w20-formal-child2-internal-queue		
611	7d6a91560f2d46beaa91560f2d36bef9	completed	blocking_activation_result_ready	617	20	12940251217	72.49579103030239	334_reusable-concurrency-c1-topology-3x4-w20-formal-child2-internal-queue		
612	97b2f81457574212b2f81457570212c8	completed	blocking_activation_result_ready	614	20	12913637760	75.90484294113368	334_reusable-concurrency-c1-topology-3x4-w20-formal-child2-internal-queue		
613	a3b672c8f6cf40dab672c8f6cf20da18	completed	blocking_activation_result_ready	611	20	12852188475	74.74331212632619	334_reusable-concurrency-c1-topology-3x4-w20-formal-child2-internal-queue		
614	3fe4ed07a145470ea4ed07a145470e5c	completed	blocking_activation_result_ready	616	20	12937985109	70.68939014813986	334_reusable-concurrency-c1-topology-3x4-w20-formal-child2-internal-queue		
615	ff91f33a11c54e2691f33a11c5be2656	completed	blocking_activation_result_ready	615	20	12929246782	72.84386051802227	334_reusable-concurrency-c1-topology-3x4-w20-formal-child2-internal-queue		
616	bac783793c3643258783793c36d325b4	completed	blocking_activation_result_ready	613	20	12895876122	66.0967136036505	334_reusable-concurrency-c1-topology-3x4-w20-formal-child2-internal-queue		
617	083a2f5ee12841e4ba2f5ee12831e42e	completed	blocking_activation_result_ready	612	20	12863527975	73.13608749942999	334_reusable-concurrency-c1-topology-3x4-w20-formal-child2-internal-queue		
618	bfcc465022024d678c46502202ed67bd	completed	blocking_activation_result_ready	618	20	12969033571	71.0098340454022	334_reusable-concurrency-c1-topology-3x4-w20-formal-child2-internal-queue		
619	13c0f2748e324a1f80f2748e321a1f13	completed	blocking_activation_result_ready	623	20	13008262003	69.14942538400655	334_reusable-concurrency-c1-topology-3x4-w20-formal-child2-internal-queue		
620	cf94e71bfe12490294e71bfe12c902ba	completed	blocking_activation_result_ready	620	20	12997993471	64.91471585774005	334_reusable-concurrency-c1-topology-3x4-w20-formal-child2-internal-queue		
621	afba3f73edbd460aba3f73edbd660a51	completed	blocking_activation_result_ready	622	20	13002400402	67.34491844170081	334_reusable-concurrency-c1-topology-3x4-w20-formal-child2-internal-queue		
622	81c0ed3d9e0b42c580ed3d9e0b52c5bb	completed	blocking_activation_result_ready	621	20	13001275371	64.51796592118458	334_reusable-concurrency-c1-topology-3x4-w20-formal-child2-internal-queue		
623	8997749908a3478997749908a3f789c7	completed	blocking_activation_result_ready	619	20	12987929175	66.77336672286569	334_reusable-concurrency-c1-topology-3x4-w20-formal-child2-internal-queue		
624	42bd568f7861400bbd568f7861700b4c	completed	blocking_activation_result_ready	626	20	13074628733	72.76276322807298	334_reusable-concurrency-c1-topology-3x4-w20-formal-child2-internal-queue		
625	d907c3332ea24c7287c3332ea26c72a6	completed	blocking_activation_result_ready	624	20	13012126645	70.97064399379805	334_reusable-concurrency-c1-topology-3x4-w20-formal-child2-internal-queue		
626	c01a10e40b5947f89a10e40b59a7f811	completed	blocking_activation_result_ready	625	20	13054077604	62.12019788662366	334_reusable-concurrency-c1-topology-3x4-w20-formal-child2-internal-queue		
627	25947dddb87a4879947dddb87a38790d	completed	blocking_activation_result_ready	627	20	13084440710	76.29006829723413	334_reusable-concurrency-c1-topology-3x4-w20-formal-child2-internal-queue		
628	b9847166cafb48fc847166cafbb8fce9	completed	blocking_activation_result_ready	628	20	13085555023	77.47719741485864	334_reusable-concurrency-c1-topology-3x4-w20-formal-child2-internal-queue		
629	f2f5221ddbe04ac7b5221ddbe02ac7cc	completed	blocking_activation_result_ready	631	20	13142485767	68.8948900012474	334_reusable-concurrency-c1-topology-3x4-w20-formal-child2-internal-queue		
630	099746299cec44859746299cec14859b	completed	blocking_activation_result_ready	629	20	13133300367	66.27281110572464	334_reusable-concurrency-c1-topology-3x4-w20-formal-child2-internal-queue		
631	265a8a5b848741aa9a8a5b848721aae7	completed	blocking_activation_result_ready	630	20	13138680305	68.51661645283687	334_reusable-concurrency-c1-topology-3x4-w20-formal-child2-internal-queue		
632	5a0bd36a9213472e8bd36a9213872e46	completed	blocking_activation_result_ready	637	20	13225586110	70.09307480666236	334_reusable-concurrency-c1-topology-3x4-w20-formal-child2-internal-queue		
633	f48c1bba357d45f18c1bba357d75f1e0	completed	blocking_activation_result_ready	633	20	13210742616	63.51898465258739	334_reusable-concurrency-c1-topology-3x4-w20-formal-child2-internal-queue		
634	3bf738512dee4d7ab738512deedd7a02	completed	blocking_activation_result_ready	634	20	13213553276	66.68544617744952	334_reusable-concurrency-c1-topology-3x4-w20-formal-child2-internal-queue		
635	c9124b549b0a4ed4924b549b0a5ed478	completed	blocking_activation_result_ready	632	20	13204873173	58.59171336577584	334_reusable-concurrency-c1-topology-3x4-w20-formal-child2-internal-queue		
636	9e2ed0a2bea24491aed0a2bea24491c2	completed	blocking_activation_result_ready	635	20	13215441470	69.88249900710946	334_reusable-concurrency-c1-topology-3x4-w20-formal-child2-internal-queue		
637	263b16640e484271bb16640e48f27130	completed	blocking_activation_result_ready	636	20	13216526581	71.80259318799034	334_reusable-concurrency-c1-topology-3x4-w20-formal-child2-internal-queue		
638	5f7650613f4340e9b650613f4380e915	completed	blocking_activation_result_ready	638	20	13236454875	74.78835717591146	334_reusable-concurrency-c1-topology-3x4-w20-formal-child2-internal-queue		
639	1eb61d087c94459bb61d087c94b59b90	completed	blocking_activation_result_ready	641	20	13288140258	69.71923336159298	334_reusable-concurrency-c1-topology-3x4-w20-formal-child2-internal-queue		
640	7a35a05f34fa41cab5a05f34fa31ca8d	completed	blocking_activation_result_ready	640	20	13277934103	71.44371953836269	334_reusable-concurrency-c1-topology-3x4-w20-formal-child2-internal-queue		
641	c92a201538994e19aa20153899ee191c	completed	blocking_activation_result_ready	643	20	13322852456	63.57472011396354	334_reusable-concurrency-c1-topology-3x4-w20-formal-child2-internal-queue		
642	b474a34e12ed4d4bb4a34e12edbd4bd8	completed	blocking_activation_result_ready	639	20	13247726501	76.98308642329906	334_reusable-concurrency-c1-topology-3x4-w20-formal-child2-internal-queue		
643	2c33bdf50c3e4d15b3bdf50c3ead1514	completed	blocking_activation_result_ready	642	20	13309588428	65.10670438697373	334_reusable-concurrency-c1-topology-3x4-w20-formal-child2-internal-queue		
644	ffd3cf481c2c4c1c93cf481c2c2c1c3b	completed	blocking_activation_result_ready	647	20	13395724633	64.25002553055077	334_reusable-concurrency-c1-topology-3x4-w20-formal-child2-internal-queue		
645	8a1635963d3b4b5b9635963d3b5b5b53	completed	blocking_activation_result_ready	644	20	13376355546	54.91052452205049	334_reusable-concurrency-c1-topology-3x4-w20-formal-child2-internal-queue		
646	f4742e1a25874019b42e1a2587a019bb	completed	blocking_activation_result_ready	648	20	13399369467	63.731929432795646	334_reusable-concurrency-c1-topology-3x4-w20-formal-child2-internal-queue		
647	6eaff5403b2b491eaff5403b2bd91e54	completed	blocking_activation_result_ready	649	20	13408801582	72.59496115107878	334_reusable-concurrency-c1-topology-3x4-w20-formal-child2-internal-queue		
648	fc346187aba74eeab46187aba7aeeabc	completed	blocking_activation_result_ready	645	20	13378478457	61.652119022017494	334_reusable-concurrency-c1-topology-3x4-w20-formal-child2-internal-queue		
649	5de17dbb418a42e1a17dbb418a82e1e0	completed	blocking_activation_result_ready	651	20	13434624633	68.46059298388596	334_reusable-concurrency-c1-topology-3x4-w20-formal-child2-internal-queue		
650	2d3a20313189471dba20313189a71dc5	completed	blocking_activation_result_ready	650	20	13418781678	71.40272032868614	334_reusable-concurrency-c1-topology-3x4-w20-formal-child2-internal-queue		
651	ce5fcda2331d44b59fcda2331d44b52c	completed	blocking_activation_result_ready	646	20	13383848768	64.67886209249022	334_reusable-concurrency-c1-topology-3x4-w20-formal-child2-internal-queue		
652	bf26c846bd53419ea6c846bd53419efa	completed	blocking_activation_result_ready	654	20	13483357083	74.127938454182	334_reusable-concurrency-c1-topology-3x4-w20-formal-child2-internal-queue		
653	3255f0f74d874ec495f0f74d87eec495	completed	blocking_activation_result_ready	653	20	13448895711	83.97959304287018	334_reusable-concurrency-c1-topology-3x4-w20-formal-child2-internal-queue		
654	df5782354c704d4a9782354c70dd4a03	completed	blocking_activation_result_ready	652	20	13443803713	83.70633574092287	334_reusable-concurrency-c1-topology-3x4-w20-formal-child2-internal-queue		
655	8433aa77538d4e3ab3aa77538d2e3a17	completed	blocking_activation_result_ready	657	20	13560891553	59.64710808467252	334_reusable-concurrency-c1-topology-3x4-w20-formal-child2-internal-queue		
656	0acd913c76b04d7e8d913c76b00d7ef1	completed	blocking_activation_result_ready	655	20	13556922532	58.56840166439449	334_reusable-concurrency-c1-topology-3x4-w20-formal-child2-internal-queue		
657	284581617a994f108581617a99ef1048	completed	blocking_activation_result_ready	658	20	13565901792	60.70780744322461	334_reusable-concurrency-c1-topology-3x4-w20-formal-child2-internal-queue		
658	812d58beb6cb4debad58beb6cb1deb14	completed	blocking_activation_result_ready	659	20	13566589506	62.72286118610718	334_reusable-concurrency-c1-topology-3x4-w20-formal-child2-internal-queue		
659	5bd2aec5ab84469292aec5ab84c69272	completed	blocking_activation_result_ready	661	20	13575498332	69.59957561519569	334_reusable-concurrency-c1-topology-3x4-w20-formal-child2-internal-queue		
660	ce879126a526420b879126a526d20bda	completed	blocking_activation_result_ready	656	20	13559711303	58.27765258151556	334_reusable-concurrency-c1-topology-3x4-w20-formal-child2-internal-queue		
661	c7358966466d44cab58966466d64caac	completed	blocking_activation_result_ready	660	20	13574650058	67.40453171788486	334_reusable-concurrency-c1-topology-3x4-w20-formal-child2-internal-queue		
662	39c0affb740b409780affb740ba0973f	completed	blocking_activation_result_ready	662	20	13583981542	72.8881264855648	334_reusable-concurrency-c1-topology-3x4-w20-formal-child2-internal-queue		
663	93fd7b4338dd424ebd7b4338dd624edd	completed	blocking_activation_result_ready	665	20	13611440600	85.85085860924623	334_reusable-concurrency-c1-topology-3x4-w20-formal-child2-internal-queue		
664	0daa902a59864fd9aa902a59868fd9e3	completed	blocking_activation_result_ready	664	20	13590015067	93.60687464987811	334_reusable-concurrency-c1-topology-3x4-w20-formal-child2-internal-queue		
665	d2183666316c41d3983666316c61d369	completed	blocking_activation_result_ready	663	20	13584653591	76.3938628455526	334_reusable-concurrency-c1-topology-3x4-w20-formal-child2-internal-queue		
666	f1e7e2f2657349d9a7e2f26573a9d9fb	completed	blocking_activation_result_ready	669	20	13697286777	69.32764781915412	334_reusable-concurrency-c1-topology-3x4-w20-formal-child2-internal-queue		
667	76ceb18421dc435e8eb18421dcd35e31	completed	blocking_activation_result_ready	666	20	13626184700	82.53006409301284	334_reusable-concurrency-c1-topology-3x4-w20-formal-child2-internal-queue		
668	ab7fdab4e35342edbfdab4e353c2ed2b	completed	blocking_activation_result_ready	667	20	13684459297	69.26774819112124	334_reusable-concurrency-c1-topology-3x4-w20-formal-child2-internal-queue		
669	4fede27788be4c75ade27788be9c7570	completed	blocking_activation_result_ready	668	20	13692747071	68.17152954865635	334_reusable-concurrency-c1-topology-3x4-w20-formal-child2-internal-queue		
670	1222a3b26bbd4edba2a3b26bbd2edbcf	completed	blocking_activation_result_ready	674	20	13742203070	77.26602305795068	334_reusable-concurrency-c1-topology-3x4-w20-formal-child2-internal-queue		
671	2e52826d95dc494192826d95dcf941ed	completed	blocking_activation_result_ready	671	20	13721367000	69.74902317103353	334_reusable-concurrency-c1-topology-3x4-w20-formal-child2-internal-queue		
672	c627b29ed8904f33a7b29ed8908f3368	completed	blocking_activation_result_ready	673	20	13737345438	69.33617239998289	334_reusable-concurrency-c1-topology-3x4-w20-formal-child2-internal-queue		
673	87597405760b470f997405760bd70f40	completed	blocking_activation_result_ready	670	20	13708467954	69.04020541173307	334_reusable-concurrency-c1-topology-3x4-w20-formal-child2-internal-queue		
674	78bad29cd0934dffbad29cd0937dff10	completed	blocking_activation_result_ready	672	20	13731648832	69.48181045932553	334_reusable-concurrency-c1-topology-3x4-w20-formal-child2-internal-queue		
675	573db4fef9104cabbdb4fef9100cabec	completed	blocking_activation_result_ready	676	20	13751990934	104.01517776992198	334_reusable-concurrency-c1-topology-3x4-w20-formal-child2-internal-queue		
676	7ce677cb4c564318a677cb4c56f318b9	completed	blocking_activation_result_ready	677	20	13766687610	97.18359181196557	334_reusable-concurrency-c1-topology-3x4-w20-formal-child2-internal-queue		
677	c1abb6411b8b43c9abb6411b8bd3c9d7	completed	blocking_activation_result_ready	678	20	13792025575	88.44713163143923	334_reusable-concurrency-c1-topology-3x4-w20-formal-child2-internal-queue		
678	57baa90c0c7b4c3abaa90c0c7bec3a9d	completed	blocking_activation_result_ready	675	20	13742637926	107.69166502158674	334_reusable-concurrency-c1-topology-3x4-w20-formal-child2-internal-queue		
679	7904c7b1559f409084c7b1559f2090d1	completed	blocking_activation_result_ready	679	20	13828859391	76.257325540826	334_reusable-concurrency-c1-topology-3x4-w20-formal-child2-internal-queue		
680	aea9ef2eaad9490ea9ef2eaad9690e79	completed	blocking_activation_result_ready	680	20	13834312369	77.023114840875	334_reusable-concurrency-c1-topology-3x4-w20-formal-child2-internal-queue		
681	4cffcacbcf654162bfcacbcf651162da	completed	blocking_activation_result_ready	681	20	13865950283	68.85820505299343	334_reusable-concurrency-c1-topology-3x4-w20-formal-child2-internal-queue		
682	effdcf0393d34002bdcf0393d3e002f7	completed	blocking_activation_result_ready	682	20	13868628249	70.26253776405008	334_reusable-concurrency-c1-topology-3x4-w20-formal-child2-internal-queue		
683	1543aa5dd8db47ba83aa5dd8db97ba68	completed	blocking_activation_result_ready	688	20	13914837558	90.05338441173305	334_reusable-concurrency-c1-topology-3x4-w20-formal-child2-internal-queue		
684	de2c0ebcf02a40efac0ebcf02a70ef9a	completed	blocking_activation_result_ready	683	20	13880711638	67.5543198459321	334_reusable-concurrency-c1-topology-3x4-w20-formal-child2-internal-queue		
685	587be52438914082bbe5243891808215	completed	blocking_activation_result_ready	685	20	13886505742	72.71004917082514	334_reusable-concurrency-c1-topology-3x4-w20-formal-child2-internal-queue		
686	b92728defd3c4b74a728defd3c9b74fb	completed	blocking_activation_result_ready	684	20	13884748130	67.85801293016115	334_reusable-concurrency-c1-topology-3x4-w20-formal-child2-internal-queue		
687	65a98b5ae008472ea98b5ae008b72e5d	completed	blocking_activation_result_ready	686	20	13886850820	76.72650362080043	334_reusable-concurrency-c1-topology-3x4-w20-formal-child2-internal-queue		
688	ad7a98ce19874666ba98ce1987f66639	completed	blocking_activation_result_ready	687	20	13887141063	98.67685877574206	334_reusable-concurrency-c1-topology-3x4-w20-formal-child2-internal-queue		
689	7da81529b98740e0a81529b987d0e0bd	completed	blocking_activation_result_ready	689	20	13932875224	84.89380635884916	334_reusable-concurrency-c1-topology-3x4-w20-formal-child2-internal-queue		
690	e3fa0a607e324b6bba0a607e320b6be4	completed	blocking_activation_result_ready	690	20	13944936246	84.57793571748724	334_reusable-concurrency-c1-topology-3x4-w20-formal-child2-internal-queue		
691	b74b4bc6f3c14f4a8b4bc6f3c1bf4aca	completed	blocking_activation_result_ready	694	20	14004463394	76.26010558882707	334_reusable-concurrency-c1-topology-3x4-w20-formal-child2-internal-queue		
692	2e8939d0d49e495b8939d0d49e595bd5	completed	blocking_activation_result_ready	698	20	14034441230	82.50292251133699	334_reusable-concurrency-c1-topology-3x4-w20-formal-child2-internal-queue		
693	f8aabfbd236d4218aabfbd236d1218ae	completed	blocking_activation_result_ready	693	20	13999233823	76.36841168041875	334_reusable-concurrency-c1-topology-3x4-w20-formal-child2-internal-queue		
694	e5fbb43a8f3046f9bbb43a8f3046f96a	completed	blocking_activation_result_ready	691	20	13990168690	74.40429410990683	334_reusable-concurrency-c1-topology-3x4-w20-formal-child2-internal-queue		
695	626b2735dc0d4cdaab2735dc0dccda24	completed	blocking_activation_result_ready	692	20	13996011175	75.65374013953266	334_reusable-concurrency-c1-topology-3x4-w20-formal-child2-internal-queue		
696	9b3769e5501e4620b769e5501e4620a7	completed	blocking_activation_result_ready	695	20	14011673797	74.33952924441068	334_reusable-concurrency-c1-topology-3x4-w20-formal-child2-internal-queue		
697	9315fb4f8838486195fb4f8838986161	completed	blocking_activation_result_ready	697	20	14024626871	77.53763394708648	334_reusable-concurrency-c1-topology-3x4-w20-formal-child2-internal-queue		
698	2b0c6a980b6340498c6a980b63e049f1	completed	blocking_activation_result_ready	696	20	14014663005	76.14056539722489	334_reusable-concurrency-c1-topology-3x4-w20-formal-child2-internal-queue		
699	5332e87d2e134626b2e87d2e1306264e	completed	blocking_activation_result_ready	699	20	14079528063	79.7865957497872	334_reusable-concurrency-c1-topology-3x4-w20-formal-child2-internal-queue		
700	fa054310c86e4ad7854310c86efad7f3	completed	blocking_activation_result_ready	701	20	14107027332	82.96102877881171	334_reusable-concurrency-c1-topology-3x4-w20-formal-child2-internal-queue		
701	d6f8cf291af34666b8cf291af3466657	completed	blocking_activation_result_ready	702	20	14115051579	81.16114655215478	334_reusable-concurrency-c1-topology-3x4-w20-formal-child2-internal-queue		
702	4f6e9fa1602b4df3ae9fa1602b1df380	completed	blocking_activation_result_ready	700	20	14091706519	77.70184365106977	334_reusable-concurrency-c1-topology-3x4-w20-formal-child2-internal-queue		
703	06fc8c60300c41abbc8c60300cf1abc7	completed	blocking_activation_result_ready	706	20	14196933863	64.49885103842973	334_reusable-concurrency-c1-topology-3x4-w20-formal-child2-internal-queue		
704	559d011642014c8f9d011642017c8fca	completed	blocking_activation_result_ready	707	20	14207609307	62.40867971929225	334_reusable-concurrency-c1-topology-3x4-w20-formal-child2-internal-queue		
705	d8e0af15b9fe4428a0af15b9fe1428b4	completed	blocking_activation_result_ready	703	20	14181748648	66.43701384092275	334_reusable-concurrency-c1-topology-3x4-w20-formal-child2-internal-queue		
706	3925d81654c2487ba5d81654c2087bd7	completed	blocking_activation_result_ready	708	20	14208664940	68.0671755772578	334_reusable-concurrency-c1-topology-3x4-w20-formal-child2-internal-queue		
707	555bf9c7ee054c4d9bf9c7ee05fc4d3c	completed	blocking_activation_result_ready	709	20	14209857533	72.20677765380316	334_reusable-concurrency-c1-topology-3x4-w20-formal-child2-internal-queue		
708	85e77232805148aca77232805138ac28	completed	blocking_activation_result_ready	710	20	14228944786	70.42041763955407	334_reusable-concurrency-c1-topology-3x4-w20-formal-child2-internal-queue		
709	957ee91155a84603bee91155a8160312	completed	blocking_activation_result_ready	705	20	14193639995	65.11810325499579	334_reusable-concurrency-c1-topology-3x4-w20-formal-child2-internal-queue		
710	eecca53fdd7747db8ca53fdd7777db93	completed	blocking_activation_result_ready	704	20	14186589689	66.25992811016458	334_reusable-concurrency-c1-topology-3x4-w20-formal-child2-internal-queue		
711	3e60a1453a3a4984a0a1453a3ac98496	completed	blocking_activation_result_ready	711	20	14265085084	72.7493901291314	334_reusable-concurrency-c1-topology-3x4-w20-formal-child2-internal-queue		
712	93661c5e11f84ed3a61c5e11f8eed3dc	completed	blocking_activation_result_ready	712	20	14277384750	71.07988019130795	334_reusable-concurrency-c1-topology-3x4-w20-formal-child2-internal-queue		
713	c2b131dd00f74d09b131dd00f7dd09c5	completed	blocking_activation_result_ready	713	20	14309130509	64.53763755318118	334_reusable-concurrency-c1-topology-3x4-w20-formal-child2-internal-queue		
714	c6991206c22c425e991206c22cc25e17	completed	blocking_activation_result_ready	714	20	14317243644	63.94265622589661	334_reusable-concurrency-c1-topology-3x4-w20-formal-child2-internal-queue		
715	3e6b17f818084e62ab17f81808ee62e3	completed	blocking_activation_result_ready	716	20	14330147429	63.39457189810423	334_reusable-concurrency-c1-topology-3x4-w20-formal-child2-internal-queue		
716	1553bd069e944f7a93bd069e941f7a02	completed	blocking_activation_result_ready	715	20	14319514787	64.96860603261443	334_reusable-concurrency-c1-topology-3x4-w20-formal-child2-internal-queue		
717	ea2b7a7d97d84077ab7a7d97d8807731	completed	blocking_activation_result_ready	719	20	14352590652	73.24328123176186	334_reusable-concurrency-c1-topology-3x4-w20-formal-child2-internal-queue		
718	f19f789d544a42549f789d544ad2548d	completed	blocking_activation_result_ready	718	20	14347838192	63.816827937215294	334_reusable-concurrency-c1-topology-3x4-w20-formal-child2-internal-queue		
719	24d9e043236445ef99e043236495ef9f	completed	blocking_activation_result_ready	717	20	14335360592	64.36379011468794	334_reusable-concurrency-c1-topology-3x4-w20-formal-child2-internal-queue		
720	a0b640e8f1f242e8b640e8f1f232e88b	completed	blocking_activation_result_ready	720	20	14354486214	76.10938128229428	334_reusable-concurrency-c1-topology-3x4-w20-formal-child2-internal-queue		
721	4a6038c9ca8d498aa038c9ca8dc98ab5	completed	blocking_activation_result_ready	721	20	14356783654	80.07805303923398	334_reusable-concurrency-c1-topology-3x4-w20-formal-child2-internal-queue		
722	baaac81d46bd4e57aac81d46bdde5796	completed	blocking_activation_result_ready	722	20	14387103097	73.51548760702008	334_reusable-concurrency-c1-topology-3x4-w20-formal-child2-internal-queue		
723	e29a9c579bfd4f769a9c579bfd3f7653	completed	blocking_activation_result_ready	723	20	14432754441	79.67943592441311	334_reusable-concurrency-c1-topology-3x4-w20-formal-child2-internal-queue		
724	404c6c41ee2f46d18c6c41ee2f26d144	completed	blocking_activation_result_ready	724	20	14436017807	80.1834218225549	334_reusable-concurrency-c1-topology-3x4-w20-formal-child2-internal-queue		
725	766f836584fb466daf836584fb266df1	completed	blocking_activation_result_ready	729	20	14484047247	72.94219651142713	334_reusable-concurrency-c1-topology-3x4-w20-formal-child2-internal-queue		
726	0b26f412299042c9a6f412299042c92d	completed	blocking_activation_result_ready	725	20	14449776852	78.08325687388286	334_reusable-concurrency-c1-topology-3x4-w20-formal-child2-internal-queue		
727	6d42f0c706a7446d82f0c706a7846d42	completed	blocking_activation_result_ready	726	20	14451700242	78.50329418859464	334_reusable-concurrency-c1-topology-3x4-w20-formal-child2-internal-queue		
728	3cae1dbbfd734067ae1dbbfd73b067cc	completed	blocking_activation_result_ready	728	20	14473932844	75.39547641617435	334_reusable-concurrency-c1-topology-3x4-w20-formal-child2-internal-queue		
729	1212104a73a34e5c92104a73a39e5c7c	completed	blocking_activation_result_ready	727	20	14462691576	78.40607690376159	334_reusable-concurrency-c1-topology-3x4-w20-formal-child2-internal-queue		
730	52e896d19bd64fbda896d19bd68fbd49	completed	blocking_activation_result_ready	732	20	14508584005	86.50546905957806	334_reusable-concurrency-c1-topology-3x4-w20-formal-child2-internal-queue		
731	8be61c6ef8644b21a61c6ef864db21d0	completed	blocking_activation_result_ready	730	20	14488405084	77.08308421044055	334_reusable-concurrency-c1-topology-3x4-w20-formal-child2-internal-queue		
732	6deb53ddd1fc4e54ab53ddd1fc5e54d6	completed	blocking_activation_result_ready	731	20	14496471859	86.43536347312849	334_reusable-concurrency-c1-topology-3x4-w20-formal-child2-internal-queue		
733	41b2f2b64f40405bb2f2b64f40205b4b	completed	blocking_activation_result_ready	733	20	14522338989	93.80489931732546	334_reusable-concurrency-c1-topology-3x4-w20-formal-child2-internal-queue		
734	09238538b46749f9a38538b467b9f993	completed	blocking_activation_result_ready	734	20	14565796843	80.465671254547	334_reusable-concurrency-c1-topology-3x4-w20-formal-child2-internal-queue		
735	e5fa6328a34b41faba6328a34b11fa59	completed	blocking_activation_result_ready	741	20	14618444360	76.43486217605788	334_reusable-concurrency-c1-topology-3x4-w20-formal-child2-internal-queue		
736	f10b116588d448008b116588d4a8000b	completed	blocking_activation_result_ready	735	20	14581791999	76.2551952092582	334_reusable-concurrency-c1-topology-3x4-w20-formal-child2-internal-queue		
737	c07f44437d2946b3bf44437d2946b35b	completed	blocking_activation_result_ready	740	20	14617750643	75.969245355209	334_reusable-concurrency-c1-topology-3x4-w20-formal-child2-internal-queue		
738	226a0a6eae2f4563aa0a6eae2f1563f0	completed	blocking_activation_result_ready	736	20	14586178148	78.11562642996756	334_reusable-concurrency-c1-topology-3x4-w20-formal-child2-internal-queue		
739	0aae403d3f2b4ebaae403d3f2b1eba9f	completed	blocking_activation_result_ready	738	20	14609734464	76.36611184751801	334_reusable-concurrency-c1-topology-3x4-w20-formal-child2-internal-queue		
740	33a6addfc66f4da3a6addfc66f1da3fa	completed	blocking_activation_result_ready	737	20	14604305588	74.36464815281411	334_reusable-concurrency-c1-topology-3x4-w20-formal-child2-internal-queue		
741	aed6e8eab2084ff296e8eab2089ff247	completed	blocking_activation_result_ready	739	20	14613055731	76.78572527567121	334_reusable-concurrency-c1-topology-3x4-w20-formal-child2-internal-queue		
742	3910bf7337544a7890bf7337547a78dd	completed	blocking_activation_result_ready	743	20	14713014178	71.3623733972176	334_reusable-concurrency-c1-topology-3x4-w20-formal-child2-internal-queue		
743	bb737dfa93d3441db37dfa93d3f41db1	completed	blocking_activation_result_ready	742	20	14709773805	61.982694753934716	334_reusable-concurrency-c1-topology-3x4-w20-formal-child2-internal-queue		
744	1151d6f03564400291d6f03564c0027a	completed	blocking_activation_result_ready	745	20	14720664536	73.83133741879531	334_reusable-concurrency-c1-topology-3x4-w20-formal-child2-internal-queue		
745	24b5e50874e54b63b5e50874e5eb633a	completed	blocking_activation_result_ready	746	20	14720980015	74.272195706285	334_reusable-concurrency-c1-topology-3x4-w20-formal-child2-internal-queue		
746	692b99a029f94ecfab99a029f96ecf37	completed	blocking_activation_result_ready	747	20	14744946453	70.85794304982018	334_reusable-concurrency-c1-topology-3x4-w20-formal-child2-internal-queue		
747	d07183078b73470cb183078b73b70c9a	completed	blocking_activation_result_ready	744	20	14719485756	70.55471375354679	334_reusable-concurrency-c1-topology-3x4-w20-formal-child2-internal-queue		
748	c4c6b197b5e34d2786b197b5e33d2777	completed	blocking_activation_result_ready	748	20	14769869306	67.58207442515143	334_reusable-concurrency-c1-topology-3x4-w20-formal-child2-internal-queue		
749	1ffcaba488734f5cbcaba48873bf5cbf	completed	blocking_activation_result_ready	754	20	14833310977	74.76240489035244	334_reusable-concurrency-c1-topology-3x4-w20-formal-child2-internal-queue		
750	b51286649e6543939286649e6593934c	completed	blocking_activation_result_ready	757	20	14844136586	83.39205593432088	334_reusable-concurrency-c1-topology-3x4-w20-formal-child2-internal-queue		
751	85e6fac2f5b649f6a6fac2f5b639f69e	completed	blocking_activation_result_ready	749	20	14782745213	66.95726880175675	334_reusable-concurrency-c1-topology-3x4-w20-formal-child2-internal-queue		
752	623d74f3eccd4441bd74f3eccd5441ff	completed	blocking_activation_result_ready	751	20	14800944225	65.68740625873417	334_reusable-concurrency-c1-topology-3x4-w20-formal-child2-internal-queue		
753	6ee45577858c4c98a45577858cbc9897	completed	blocking_activation_result_ready	750	20	14793702383	65.5099146488027	334_reusable-concurrency-c1-topology-3x4-w20-formal-child2-internal-queue		
754	59e1557fe0ef4dfaa1557fe0ef7dfab9	completed	blocking_activation_result_ready	755	20	14834788243	79.05255700159722	334_reusable-concurrency-c1-topology-3x4-w20-formal-child2-internal-queue		
755	2911248148474e729124814847fe728d	completed	blocking_activation_result_ready	752	20	14815826229	65.09521946436632	334_reusable-concurrency-c1-topology-3x4-w20-formal-child2-internal-queue		
756	60cb4b0c30e845338b4b0c30e825332f	completed	blocking_activation_result_ready	753	20	14825338788	66.00664444665193	334_reusable-concurrency-c1-topology-3x4-w20-formal-child2-internal-queue		
757	c5f3de7fa05942edb3de7fa05962ed3f	completed	blocking_activation_result_ready	758	20	14851813979	82.61748211119804	334_reusable-concurrency-c1-topology-3x4-w20-formal-child2-internal-queue		
758	86a17d52520244b7a17d525202a4b749	completed	blocking_activation_result_ready	756	20	14840824000	78.54045075904084	334_reusable-concurrency-c1-topology-3x4-w20-formal-child2-internal-queue		
759	e65f6e3041d44e0c9f6e3041d4be0c1f	completed	blocking_activation_result_ready	760	20	14913719396	67.57470103609215	334_reusable-concurrency-c1-topology-3x4-w20-formal-child2-internal-queue		
760	6e9d8b6c7f5f42b09d8b6c7f5fa2b092	completed	blocking_activation_result_ready	761	20	14924501332	65.34731056543289	334_reusable-concurrency-c1-topology-3x4-w20-formal-child2-internal-queue		
761	8ec88588e80141c4888588e80161c4c3	completed	blocking_activation_result_ready	763	20	14946708454	85.58189931874925	334_reusable-concurrency-c1-topology-3x4-w20-formal-child2-internal-queue		
762	d734b89b484f4892b4b89b484f08923f	completed	blocking_activation_result_ready	759	20	14911383536	67.04034845159673	334_reusable-concurrency-c1-topology-3x4-w20-formal-child2-internal-queue		
763	ce07713bf75f4bb487713bf75fabb47a	completed	blocking_activation_result_ready	767	20	14977001570	86.18642096136152	334_reusable-concurrency-c1-topology-3x4-w20-formal-child2-internal-queue		
764	2936963a17994446b6963a1799f44619	completed	blocking_activation_result_ready	770	20	14995378532	99.16889081415374	334_reusable-concurrency-c1-topology-3x4-w20-formal-child2-internal-queue		
765	d8883c2229d34515883c2229d3051554	completed	blocking_activation_result_ready	765	20	14954735713	85.44409549408127	334_reusable-concurrency-c1-topology-3x4-w20-formal-child2-internal-queue		
766	d83e0a68b64e4902be0a68b64e490204	completed	blocking_activation_result_ready	762	20	14940420504	86.71270860026486	334_reusable-concurrency-c1-topology-3x4-w20-formal-child2-internal-queue		
767	136a24095f634a94aa24095f634a9496	completed	blocking_activation_result_ready	766	20	14962261631	82.89069151459927	334_reusable-concurrency-c1-topology-3x4-w20-formal-child2-internal-queue		
768	ca9b033a15074b299b033a15075b29a9	completed	blocking_activation_result_ready	764	20	14952431168	85.85702473504823	334_reusable-concurrency-c1-topology-3x4-w20-formal-child2-internal-queue		
769	d591dcee35264a5391dcee35261a532f	completed	blocking_activation_result_ready	769	20	14989127096	96.90773099497304	334_reusable-concurrency-c1-topology-3x4-w20-formal-child2-internal-queue		
770	66249eb193224f17a49eb193224f17a7	completed	blocking_activation_result_ready	768	20	14987700160	91.814357942149	334_reusable-concurrency-c1-topology-3x4-w20-formal-child2-internal-queue		
771	1c6142456d594f1fa142456d59cf1faf	completed	blocking_activation_result_ready	777	20	15101316699	77.76651066328756	334_reusable-concurrency-c1-topology-3x4-w20-formal-child2-internal-queue		
772	86ebe11b73834524abe11b738315245d	completed	blocking_activation_result_ready	771	20	15073712344	73.32235186913468	334_reusable-concurrency-c1-topology-3x4-w20-formal-child2-internal-queue		
773	e7d396872482434d9396872482a34db5	completed	blocking_activation_result_ready	776	20	15098388455	77.65046617166178	334_reusable-concurrency-c1-topology-3x4-w20-formal-child2-internal-queue		
774	53cfcdaaaceb41548fcdaaaceb415402	completed	blocking_activation_result_ready	773	20	15083643899	77.42781365251422	334_reusable-concurrency-c1-topology-3x4-w20-formal-child2-internal-queue		
775	efec564fdffc47b4ac564fdffc97b4c3	completed	blocking_activation_result_ready	775	20	15095300060	76.77194927399397	334_reusable-concurrency-c1-topology-3x4-w20-formal-child2-internal-queue		
776	4d2140b955a145b5a140b955a165b58f	completed	blocking_activation_result_ready	781	20	15139734693	92.92239784333434	334_reusable-concurrency-c1-topology-3x4-w20-formal-child2-internal-queue		
777	0f86417f36cc403386417f36ccd033e6	completed	blocking_activation_result_ready	772	20	15078838927	76.04195596670394	334_reusable-concurrency-c1-topology-3x4-w20-formal-child2-internal-queue		
778	71afd5e654a34834afd5e654a3783487	completed	blocking_activation_result_ready	779	20	15121682130	95.10287073055753	334_reusable-concurrency-c1-topology-3x4-w20-formal-child2-internal-queue		
779	efba7fa847ac4f24ba7fa847ac8f2473	completed	blocking_activation_result_ready	778	20	15112298693	76.77993726725937	334_reusable-concurrency-c1-topology-3x4-w20-formal-child2-internal-queue		
780	0a065454139345298654541393c52983	completed	blocking_activation_result_ready	774	20	15091436627	77.48164508254023	334_reusable-concurrency-c1-topology-3x4-w20-formal-child2-internal-queue		
781	363c881884cf4d4cbc881884cf3d4cd8	completed	blocking_activation_result_ready	780	20	15133068771	91.17874167637815	334_reusable-concurrency-c1-topology-3x4-w20-formal-child2-internal-queue		
782	75941b9f1035401a941b9f1035001abd	completed	blocking_activation_result_ready	782	20	15154399909	93.46693902621142	334_reusable-concurrency-c1-topology-3x4-w20-formal-child2-internal-queue		
783	8fc685c027c64a4b8685c027c6ca4bad	completed	blocking_activation_result_ready	783	20	15266636965	62.51396581531929	334_reusable-concurrency-c1-topology-3x4-w20-formal-child2-internal-queue		
784	26cb53fb33bd4be38b53fb33bd9be331	completed	blocking_activation_result_ready	789	20	15326980626	59.197250358757536	334_reusable-concurrency-c1-topology-3x4-w20-formal-child2-internal-queue		
785	79419bd20f274919819bd20f27691902	completed	blocking_activation_result_ready	784	20	15293029018	58.720276713431986	334_reusable-concurrency-c1-topology-3x4-w20-formal-child2-internal-queue		
786	92512261f8b340f8912261f8b390f8cd	completed	blocking_activation_result_ready	790	20	15342146475	57.675458195396104	334_reusable-concurrency-c1-topology-3x4-w20-formal-child2-internal-queue		
787	8069ca29b3ce49c0a9ca29b3ceb9c00f	completed	blocking_activation_result_ready	791	20	15349329639	72.56438678857218	334_reusable-concurrency-c1-topology-3x4-w20-formal-child2-internal-queue		
788	682d147ebc1a44e0ad147ebc1af4e0c7	completed	blocking_activation_result_ready	788	20	15319730660	60.23543017885405	334_reusable-concurrency-c1-topology-3x4-w20-formal-child2-internal-queue		
789	020eddef941045cf8eddef941015cfc8	completed	blocking_activation_result_ready	786	20	15303301616	58.64414989345018	334_reusable-concurrency-c1-topology-3x4-w20-formal-child2-internal-queue		
790	6603e030172a4f3183e030172aff3122	completed	blocking_activation_result_ready	787	20	15307221718	60.565656339055366	334_reusable-concurrency-c1-topology-3x4-w20-formal-child2-internal-queue		
791	84b022bae79b409ab022bae79b909aee	completed	blocking_activation_result_ready	785	20	15300503920	57.84221798044029	334_reusable-concurrency-c1-topology-3x4-w20-formal-child2-internal-queue		
792	2514196b9577414e94196b9577814ebd	completed	blocking_activation_result_ready	793	20	15376829327	68.21621434746068	334_reusable-concurrency-c1-topology-3x4-w20-formal-child2-internal-queue		
793	c66d80a55b2f43ddad80a55b2fd3dd20	completed	blocking_activation_result_ready	792	20	15353518215	72.81218815449965	334_reusable-concurrency-c1-topology-3x4-w20-formal-child2-internal-queue		
794	7a91eb14014b481291eb14014b8812a8	completed	blocking_activation_result_ready	802	20	15494945144	58.72934912743677	334_reusable-concurrency-c1-topology-3x4-w20-formal-child2-internal-queue		
795	e9d72a60c0814527972a60c081c52703	completed	blocking_activation_result_ready	801	20	15489238303	57.22401551159944	334_reusable-concurrency-c1-topology-3x4-w20-formal-child2-internal-queue		
796	690e33f18c1940368e33f18c19003633	completed	blocking_activation_result_ready	797	20	15474711796	53.56256726638272	334_reusable-concurrency-c1-topology-3x4-w20-formal-child2-internal-queue		
797	f704e2f759a444c484e2f759a454c4ad	completed	blocking_activation_result_ready	794	20	15379844823	69.3461568616448	334_reusable-concurrency-c1-topology-3x4-w20-formal-child2-internal-queue		
798	0a3f561a3bd84d51bf561a3bd86d51da	completed	blocking_activation_result_ready	795	20	15464715860	54.13953599169283	334_reusable-concurrency-c1-topology-3x4-w20-formal-child2-internal-queue		
799	a0cd1a7ff6cd458c8d1a7ff6cd058c86	completed	blocking_activation_result_ready	798	20	15475190894	55.11278540813832	334_reusable-concurrency-c1-topology-3x4-w20-formal-child2-internal-queue		
800	5297a2204128420b97a2204128d20b0a	completed	blocking_activation_result_ready	799	20	15475414940	56.53984995058841	334_reusable-concurrency-c1-topology-3x4-w20-formal-child2-internal-queue		
801	43d10e24448d467c910e24448d967c22	completed	blocking_activation_result_ready	800	20	15475613677	58.38650538858108	334_reusable-concurrency-c1-topology-3x4-w20-formal-child2-internal-queue		
802	7f9558fe604c47869558fe604c1786e5	completed	blocking_activation_result_ready	803	20	15503451210	84.4543790007227	334_reusable-concurrency-c1-topology-3x4-w20-formal-child2-internal-queue		
803	6aca9c87a33f4cd38a9c87a33fbcd330	completed	blocking_activation_result_ready	796	20	15472956190	53.39488196974574	334_reusable-concurrency-c1-topology-3x4-w20-formal-child2-internal-queue		
804	97a7cbcb999e4b23a7cbcb999e4b23af	completed	blocking_activation_result_ready	804	20	15527548448	85.28078036007507	334_reusable-concurrency-c1-topology-3x4-w20-formal-child2-internal-queue		
805	53ee24618dbf4b93ae24618dbf1b937c	completed	blocking_activation_result_ready	809	20	15592890529	75.21344551052692	334_reusable-concurrency-c1-topology-3x4-w20-formal-child2-internal-queue		
806	bdacad4bc72a4a20acad4bc72aaa2043	completed	blocking_activation_result_ready	806	20	15582030171	71.75439918597505	334_reusable-concurrency-c1-topology-3x4-w20-formal-child2-internal-queue		
807	10958d22e6994054958d22e699e054dc	completed	blocking_activation_result_ready	805	20	15578599330	71.91776376316315	334_reusable-concurrency-c1-topology-3x4-w20-formal-child2-internal-queue		
808	2c3ac27df25344e6bac27df253a4e62a	completed	blocking_activation_result_ready	810	20	15594949601	79.11294577900117	334_reusable-concurrency-c1-topology-3x4-w20-formal-child2-internal-queue		
809	50e0416a5b784a66a0416a5b784a6617	completed	blocking_activation_result_ready	812	20	15604164798	79.79362718860604	334_reusable-concurrency-c1-topology-3x4-w20-formal-child2-internal-queue		
810	4b924838a5224197924838a5220197ef	completed	blocking_activation_result_ready	808	20	15591167918	73.68185247435707	334_reusable-concurrency-c1-topology-3x4-w20-formal-child2-internal-queue		
811	6fe51a0ecc454e97a51a0ecc457e9727	completed	blocking_activation_result_ready	807	20	15586190652	71.69257061433227	334_reusable-concurrency-c1-topology-3x4-w20-formal-child2-internal-queue		
812	9e4635e107c74c948635e107c72c948b	completed	blocking_activation_result_ready	811	20	15601816582	79.2120169160589	334_reusable-concurrency-c1-topology-3x4-w20-formal-child2-internal-queue		
813	e05385784982477e9385784982777ee6	completed	blocking_activation_result_ready	814	20	15641901996	76.31922366803522	334_reusable-concurrency-c1-topology-3x4-w20-formal-child2-internal-queue		
814	d642eef6f7db43c082eef6f7db03c0f8	completed	blocking_activation_result_ready	813	20	15622650710	81.35988723161647	334_reusable-concurrency-c1-topology-3x4-w20-formal-child2-internal-queue		
815	f906009662044dae86009662040dae6e	completed	blocking_activation_result_ready	820	20	15805345506	60.655351534170514	334_reusable-concurrency-c1-topology-3x4-w20-formal-child2-internal-queue		
816	d7f053460202406eb053460202f06e0f	completed	blocking_activation_result_ready	818	20	15795150043	62.50797972962479	334_reusable-concurrency-c1-topology-3x4-w20-formal-child2-internal-queue		
817	5bb4f51bd17a4e74b4f51bd17a0e74c5	completed	blocking_activation_result_ready	819	20	15802775557	61.094704009554086	334_reusable-concurrency-c1-topology-3x4-w20-formal-child2-internal-queue		
818	07f69888512641c2b698885126b1c23a	completed	blocking_activation_result_ready	816	20	15676862753	98.0841406267046	334_reusable-concurrency-c1-topology-3x4-w20-formal-child2-internal-queue		
819	5fd63585770b480f963585770b780f4e	completed	blocking_activation_result_ready	815	20	15646372527	110.09780334679377	334_reusable-concurrency-c1-topology-3x4-w20-formal-child2-internal-queue		
820	4bba71762d784f25ba71762d786f25d4	completed	blocking_activation_result_ready	817	20	15780302725	65.44696881365873	334_reusable-concurrency-c1-topology-3x4-w20-formal-child2-internal-queue		
821	03302bd72bed4367b02bd72bed1367a4	completed	blocking_activation_result_ready	822	20	15821750673	61.198475011112805	334_reusable-concurrency-c1-topology-3x4-w20-formal-child2-internal-queue		
822	a93e179a6a4340c2be179a6a4320c274	completed	blocking_activation_result_ready	824	20	15835527255	64.93953332314844	334_reusable-concurrency-c1-topology-3x4-w20-formal-child2-internal-queue		
823	d740736d009f48ee80736d009f18ee49	completed	blocking_activation_result_ready	823	20	15828776609	61.47690915457849	334_reusable-concurrency-c1-topology-3x4-w20-formal-child2-internal-queue		
824	b52e2276f87d49ebae2276f87d79eb0f	completed	blocking_activation_result_ready	826	20	15857159242	72.69315426140483	334_reusable-concurrency-c1-topology-3x4-w20-formal-child2-internal-queue		
825	aac13c131fbf417f813c131fbf817f25	completed	blocking_activation_result_ready	827	20	15860996105	72.77875959761249	334_reusable-concurrency-c1-topology-3x4-w20-formal-child2-internal-queue		
826	68b3cffa94e14a63b3cffa94e1ca6374	completed	blocking_activation_result_ready	844	20	16104528094	74.34921048703495	334_reusable-concurrency-c1-topology-3x4-w20-formal-child2-internal-queue		
827	c69b92d6ae9c42569b92d6ae9c525600	completed	blocking_activation_result_ready	829	20	15921614512	60.8413168320609	334_reusable-concurrency-c1-topology-3x4-w20-formal-child2-internal-queue		
828	7ee5c42e4bd24b0fa5c42e4bd24b0ff1	completed	blocking_activation_result_ready	834	20	15999629970	55.908403741441816	334_reusable-concurrency-c1-topology-3x4-w20-formal-child2-internal-queue		
829	4c9845bfa6024ed49845bfa602ded43a	completed	blocking_activation_result_ready	833	20	15987272910	54.85129539561771	334_reusable-concurrency-c1-topology-3x4-w20-formal-child2-internal-queue		
830	a9eb5da3bb2147c3ab5da3bb21e7c3b1	completed	blocking_activation_result_ready	832	20	15960223980	56.170437419024346	334_reusable-concurrency-c1-topology-3x4-w20-formal-child2-internal-queue		
831	6add5ba3862f43419d5ba3862f93416c	completed	blocking_activation_result_ready	821	20	15820333810	60.40553126563569	334_reusable-concurrency-c1-topology-3x4-w20-formal-child2-internal-queue		
832	42ad577d0c32459dad577d0c32f59d3b	completed	blocking_activation_result_ready	828	20	15870688511	71.5510788859839	334_reusable-concurrency-c1-topology-3x4-w20-formal-child2-internal-queue		
833	1890a3d286254ba490a3d28625dba432	completed	blocking_activation_result_ready	825	20	15845597977	74.90674662482466	334_reusable-concurrency-c1-topology-3x4-w20-formal-child2-internal-queue		
834	8418ca50bb514e1798ca50bb511e17b3	completed	blocking_activation_result_ready	830	20	15951295093	56.125306616759445	334_reusable-concurrency-c1-topology-3x4-w20-formal-child2-internal-queue		
835	236101e472ac45c5a101e472ac25c5c0	completed	blocking_activation_result_ready	831	20	15951816349	57.14289518369879	334_reusable-concurrency-c1-topology-3x4-w20-formal-child2-internal-queue		
836	bf5a65785f8445519a65785f84955191	completed	blocking_activation_result_ready	836	20	16029133226	56.774556861596515	334_reusable-concurrency-c1-topology-3x4-w20-formal-child2-internal-queue		
837	72325266cce04a13b25266cce09a13a7	completed	blocking_activation_result_ready	841	20	16083710494	75.93686615023219	334_reusable-concurrency-c1-topology-3x4-w20-formal-child2-internal-queue		
838	f91fce849390437a9fce849390337abe	completed	blocking_activation_result_ready	837	20	16032257753	79.37924541041507	334_reusable-concurrency-c1-topology-3x4-w20-formal-child2-internal-queue		
839	9004496c795f4c5684496c795fac5620	completed	blocking_activation_result_ready	843	20	16091711434	76.06447719506156	334_reusable-concurrency-c1-topology-3x4-w20-formal-child2-internal-queue		
840	9123c12ca030483ca3c12ca030183cf8	completed	blocking_activation_result_ready	835	20	16011604477	54.75972186989665	334_reusable-concurrency-c1-topology-3x4-w20-formal-child2-internal-queue		
841	ab367aef1f5a4417b67aef1f5ae4173c	completed	blocking_activation_result_ready	839	20	16060567367	77.58198369451691	334_reusable-concurrency-c1-topology-3x4-w20-formal-child2-internal-queue		
842	8bda3dcbeb02402e9a3dcbeb02b02e5f	completed	blocking_activation_result_ready	838	20	16051142374	78.12734046317973	334_reusable-concurrency-c1-topology-3x4-w20-formal-child2-internal-queue		
843	15b8de1aa5f94370b8de1aa5f9d37096	completed	blocking_activation_result_ready	840	20	16074270749	74.37011035814143	334_reusable-concurrency-c1-topology-3x4-w20-formal-child2-internal-queue		
844	ab212c5fb1054bf0a12c5fb1051bf04d	completed	blocking_activation_result_ready	842	20	16088473633	74.98417084153535	334_reusable-concurrency-c1-topology-3x4-w20-formal-child2-internal-queue		
845	4b27eb9b35fa4008a7eb9b35fad008c6	completed	blocking_activation_result_ready	845	20	16127273788	71.00361202119694	334_reusable-concurrency-c1-topology-3x4-w20-formal-child2-internal-queue		
846	d77048f6311c4516b048f6311c35167a	completed	blocking_activation_result_ready	846	20	16180667487	61.82222650925017	334_reusable-concurrency-c1-topology-3x4-w20-formal-child2-internal-queue		
847	0816471f87ba44ee96471f87ba54ee72	completed	blocking_activation_result_ready	848	20	16195049356	61.659723447816276	334_reusable-concurrency-c1-topology-3x4-w20-formal-child2-internal-queue		
848	6ea7979deee64e85a7979deee66e852b	completed	blocking_activation_result_ready	851	20	16307390900	56.246995021868145	334_reusable-concurrency-c1-topology-3x4-w20-formal-child2-internal-queue		
849	bb1edd5660564e489edd566056be48c4	completed	blocking_activation_result_ready	849	20	16205531082	70.44322915002812	334_reusable-concurrency-c1-topology-3x4-w20-formal-child2-internal-queue		
850	956c1c6ab0e24f1aac1c6ab0e27f1a30	completed	blocking_activation_result_ready	850	20	16301804702	57.059776640816715	334_reusable-concurrency-c1-topology-3x4-w20-formal-child2-internal-queue		
851	3762b866635b4bc6a2b866635b3bc6e6	completed	blocking_activation_result_ready	847	20	16187715502	61.214608571281126	334_reusable-concurrency-c1-topology-3x4-w20-formal-child2-internal-queue		
852	cefb0e8d7b614f3ebb0e8d7b61bf3e4c	completed	blocking_activation_result_ready	854	20	16319466058	62.53203046930714	334_reusable-concurrency-c1-topology-3x4-w20-formal-child2-internal-queue		
853	9589c43f7268467b89c43f7268967b94	completed	blocking_activation_result_ready	852	20	16309735809	57.22266985132569	334_reusable-concurrency-c1-topology-3x4-w20-formal-child2-internal-queue		
854	e4cb58540503433e8b58540503d33e57	completed	blocking_activation_result_ready	853	20	16311040888	61.77263151082841	334_reusable-concurrency-c1-topology-3x4-w20-formal-child2-internal-queue		
855	3d0c3b3519d84f3f8c3b3519d89f3f38	completed	blocking_activation_result_ready	859	20	16394363889	59.91674173285724	334_reusable-concurrency-c1-topology-3x4-w20-formal-child2-internal-queue		
856	3870f7c88d53449fb0f7c88d53849f41	completed	blocking_activation_result_ready	858	20	16393715704	58.38166094249077	334_reusable-concurrency-c1-topology-3x4-w20-formal-child2-internal-queue		
857	ee3f80c96dd94123bf80c96dd9b123c0	completed	blocking_activation_result_ready	856	20	16363211576	59.86619605849945	334_reusable-concurrency-c1-topology-3x4-w20-formal-child2-internal-queue		
858	9b90311fb10c454890311fb10c754813	completed	blocking_activation_result_ready	855	20	16340524947	60.80497209553422	334_reusable-concurrency-c1-topology-3x4-w20-formal-child2-internal-queue		
859	b3a99fca77ac42bba99fca77acd2bb18	completed	blocking_activation_result_ready	862	20	16416987714	60.880191007702955	334_reusable-concurrency-c1-topology-3x4-w20-formal-child2-internal-queue		
860	e5e0c6b6411048b4a0c6b6411058b489	completed	blocking_activation_result_ready	865	20	16444982180	62.95080804790325	334_reusable-concurrency-c1-topology-3x4-w20-formal-child2-internal-queue		
861	9eec233cadba459cac233cadbaa59c87	completed	blocking_activation_result_ready	863	20	16421767301	60.59580210401168	334_reusable-concurrency-c1-topology-3x4-w20-formal-child2-internal-queue		
862	fca7177fcd46417ba7177fcd46517b47	completed	blocking_activation_result_ready	860	20	16401830076	61.05764162838202	334_reusable-concurrency-c1-topology-3x4-w20-formal-child2-internal-queue		
863	f9f7284007264ccab7284007268ccabf	completed	blocking_activation_result_ready	857	20	16370285888	59.1666726203131	334_reusable-concurrency-c1-topology-3x4-w20-formal-child2-internal-queue		
864	6267fde0b1794e87a7fde0b1798e87f9	completed	blocking_activation_result_ready	861	20	16405431557	62.1656531080155	334_reusable-concurrency-c1-topology-3x4-w20-formal-child2-internal-queue		
865	f2db6b165af3450f9b6b165af3c50fd5	completed	blocking_activation_result_ready	864	20	16443792084	58.95114303171403	334_reusable-concurrency-c1-topology-3x4-w20-formal-child2-internal-queue		
866	22023e32c3584251823e32c3580251a2	completed	blocking_activation_result_ready	866	20	16461485174	71.22058519056174	334_reusable-concurrency-c1-topology-3x4-w20-formal-child2-internal-queue		
867	25a0f46506384310a0f4650638a310e8	completed	blocking_activation_result_ready	867	20	16461888851	72.94655032280326	334_reusable-concurrency-c1-topology-3x4-w20-formal-child2-internal-queue		
868	97aecf30a7834511aecf30a7839511d1	completed	blocking_activation_result_ready	870	20	16552956278	79.63318533983637	334_reusable-concurrency-c1-topology-3x4-w20-formal-child2-internal-queue		
869	0cf8da34e189424fb8da34e189624f9a	completed	blocking_activation_result_ready	869	20	16550519636	57.97293784999024	334_reusable-concurrency-c1-topology-3x4-w20-formal-child2-internal-queue		
870	63b2d0e715594550b2d0e715592550a6	completed	blocking_activation_result_ready	872	20	16561251317	79.51795958442452	334_reusable-concurrency-c1-topology-3x4-w20-formal-child2-internal-queue		
871	8352a49c2e3247d992a49c2e3227d90d	completed	blocking_activation_result_ready	868	20	16532763362	59.22170725723469	334_reusable-concurrency-c1-topology-3x4-w20-formal-child2-internal-queue		
872	6d3033f981134b39b033f981132b39d2	completed	blocking_activation_result_ready	871	20	16555716175	80.53952623227741	334_reusable-concurrency-c1-topology-3x4-w20-formal-child2-internal-queue		
873	507a4112afb04c66ba4112afb0ac6653	completed	blocking_activation_result_ready	875	20	16579756140	83.60113808402903	334_reusable-concurrency-c1-topology-3x4-w20-formal-child2-internal-queue		
874	91d4dc2c3160440e94dc2c3160f40efb	completed	blocking_activation_result_ready	873	20	16570219384	77.1668958214805	334_reusable-concurrency-c1-topology-3x4-w20-formal-child2-internal-queue		
875	4385f036c57d473785f036c57db737f4	completed	blocking_activation_result_ready	876	20	16583473663	90.80091936112456	334_reusable-concurrency-c1-topology-3x4-w20-formal-child2-internal-queue		
876	e8d40a1253d34d5e940a1253d34d5e04	completed	blocking_activation_result_ready	877	20	16591967337	90.21954741914377	334_reusable-concurrency-c1-topology-3x4-w20-formal-child2-internal-queue		
877	3da93475f4584771a93475f4585771e2	completed	blocking_activation_result_ready	874	20	16576764451	77.73076141987409	334_reusable-concurrency-c1-topology-3x4-w20-formal-child2-internal-queue		
878	411c6f785629483c9c6f785629183c9a	completed	blocking_activation_result_ready	878	20	16594348313	99.68469283076512	334_reusable-concurrency-c1-topology-3x4-w20-formal-child2-internal-queue		
879	ed9e0a33a25048129e0a33a250f81257	completed	blocking_activation_result_ready	879	20	16615156465	90.58275582599299	334_reusable-concurrency-c1-topology-3x4-w20-formal-child2-internal-queue		
880	86e6faa416f445b7a6faa416f475b78d	completed	blocking_activation_result_ready	880	20	16690596563	69.26011466143576	334_reusable-concurrency-c1-topology-3x4-w20-formal-child2-internal-queue		
881	13371c14a0d04261b71c14a0d0b261fa	completed	blocking_activation_result_ready	881	20	16696533471	68.70446066527752	334_reusable-concurrency-c1-topology-3x4-w20-formal-child2-internal-queue		
882	3b8e8e82ca9741028e8e82ca9721025e	completed	blocking_activation_result_ready	883	20	16718007066	67.51288099354251	334_reusable-concurrency-c1-topology-3x4-w20-formal-child2-internal-queue		
883	4d32cf768c9645d7b2cf768c96e5d75a	completed	blocking_activation_result_ready	882	20	16709882984	68.2837930431584	334_reusable-concurrency-c1-topology-3x4-w20-formal-child2-internal-queue		
884	56215cb8734a4e8ea15cb8734a3e8e50	completed	blocking_activation_result_ready	886	20	16752327087	68.76587969630086	334_reusable-concurrency-c1-topology-3x4-w20-formal-child2-internal-queue		
885	75429496d92a44a4829496d92a84a422	completed	blocking_activation_result_ready	884	20	16728895275	70.15003911338194	334_reusable-concurrency-c1-topology-3x4-w20-formal-child2-internal-queue		
886	17655fe374214af9a55fe374216af9bf	completed	blocking_activation_result_ready	888	20	16761606087	87.39626745836033	334_reusable-concurrency-c1-topology-3x4-w20-formal-child2-internal-queue		
887	9e74f293fdb44bedb4f293fdb4dbeda9	completed	blocking_activation_result_ready	889	20	16786853473	84.62605378001797	334_reusable-concurrency-c1-topology-3x4-w20-formal-child2-internal-queue		
888	183cec9a51b040a4bcec9a51b060a448	completed	blocking_activation_result_ready	887	20	16759617572	67.1752457499725	334_reusable-concurrency-c1-topology-3x4-w20-formal-child2-internal-queue		
889	2e64c3fb60e644bea4c3fb60e6d4be40	completed	blocking_activation_result_ready	885	20	16742489134	67.22531937858501	334_reusable-concurrency-c1-topology-3x4-w20-formal-child2-internal-queue		
890	6554dd9de7ed423e94dd9de7ed323ee2	completed	blocking_activation_result_ready	893	20	16848773131	71.79942907032589	334_reusable-concurrency-c1-topology-3x4-w20-formal-child2-internal-queue		
891	3da4bb78507d4312a4bb78507de31230	completed	blocking_activation_result_ready	891	20	16818609702	76.07642617994166	334_reusable-concurrency-c1-topology-3x4-w20-formal-child2-internal-queue		
892	bad06793973d4476906793973d547665	completed	blocking_activation_result_ready	890	20	16813165920	76.86110263354499	334_reusable-concurrency-c1-topology-3x4-w20-formal-child2-internal-queue		
893	c2a3c5f8fcbe4227a3c5f8fcbe122707	completed	blocking_activation_result_ready	892	20	16827315704	75.16977460046165	334_reusable-concurrency-c1-topology-3x4-w20-formal-child2-internal-queue		
894	42155524551143eb955524551113ebe9	completed	blocking_activation_result_ready	896	20	16863750600	71.35799404001621	334_reusable-concurrency-c1-topology-3x4-w20-formal-child2-internal-queue		
895	8fd24cf1ee0045e0924cf1ee0035e06a	completed	blocking_activation_result_ready	895	20	16855313660	72.5801277352184	334_reusable-concurrency-c1-topology-3x4-w20-formal-child2-internal-queue		
896	8232aba253d04daeb2aba253d05daeae	completed	blocking_activation_result_ready	894	20	16851384706	72.82784002949819	334_reusable-concurrency-c1-topology-3x4-w20-formal-child2-internal-queue		
897	7c75becdad3648b9b5becdad3648b99e	completed	blocking_activation_result_ready	897	20	16876100860	70.3894415161987	334_reusable-concurrency-c1-topology-3x4-w20-formal-child2-internal-queue		
898	40d10492c49d46e0910492c49de6e0ca	completed	blocking_activation_result_ready	898	20	16886147942	68.54018309941031	334_reusable-concurrency-c1-topology-3x4-w20-formal-child2-internal-queue		
899	7c83a8e6c103445183a8e6c103b45147	completed	blocking_activation_result_ready	901	20	16935833136	83.57721687575284	334_reusable-concurrency-c1-topology-3x4-w20-formal-child2-internal-queue		
900	9a3a4f82be3349d1ba4f82be3399d110	completed	blocking_activation_result_ready	899	20	16906665208	68.60857686179244	334_reusable-concurrency-c1-topology-3x4-w20-formal-child2-internal-queue		
901	2c1dfbc214a74e3b9dfbc214a7de3bbd	completed	blocking_activation_result_ready	900	20	16922091749	86.39488511869098	334_reusable-concurrency-c1-topology-3x4-w20-formal-child2-internal-queue		
902	a011d14172ac415c91d14172ace15cf0	completed	blocking_activation_result_ready	902	20	16976180171	75.10406033691974	334_reusable-concurrency-c1-topology-3x4-w20-formal-child2-internal-queue		
903	a8643f19300944eca43f193009e4ec8c	completed	blocking_activation_result_ready	903	20	16993298772	72.65020908403248	334_reusable-concurrency-c1-topology-3x4-w20-formal-child2-internal-queue		
904	8759695d83e941a899695d83e9b1a87d	completed	blocking_activation_result_ready	904	20	16994339047	75.34552364634119	334_reusable-concurrency-c1-topology-3x4-w20-formal-child2-internal-queue		
905	7ac7a879e735431c87a879e735631cca	completed	blocking_activation_result_ready	906	20	17008007578	78.22262825676441	334_reusable-concurrency-c1-topology-3x4-w20-formal-child2-internal-queue		
906	7e777add836e4c91b77add836eac91c2	completed	blocking_activation_result_ready	905	20	16999504959	77.81622007127382	334_reusable-concurrency-c1-topology-3x4-w20-formal-child2-internal-queue		
907	742c8e781668430bac8e781668230b20	completed	blocking_activation_result_ready	907	20	17011436711	79.42208078155647	334_reusable-concurrency-c1-topology-3x4-w20-formal-child2-internal-queue		
908	d69f808db2e44c2f9f808db2e43c2fc6	completed	blocking_activation_result_ready	909	20	17036269486	80.1873133943489	334_reusable-concurrency-c1-topology-3x4-w20-formal-child2-internal-queue		
909	b0e4ae81c2694cc7a4ae81c2698cc76c	completed	blocking_activation_result_ready	908	20	17031342516	74.14645501961472	334_reusable-concurrency-c1-topology-3x4-w20-formal-child2-internal-queue		
910	405e2a3fa39041169e2a3fa3907116dc	completed	blocking_activation_result_ready	911	20	17061694763	82.2757265202735	334_reusable-concurrency-c1-topology-3x4-w20-formal-child2-internal-queue		
911	30e4a431c7784e51a4a431c7783e51da	completed	blocking_activation_result_ready	910	20	17057977484	81.69548722788275	334_reusable-concurrency-c1-topology-3x4-w20-formal-child2-internal-queue		
912	092014ac502444e3a014ac502444e3fb	completed	blocking_activation_result_ready	912	20	17063688303	84.61217621929181	334_reusable-concurrency-c1-topology-3x4-w20-formal-child2-internal-queue		
913	8238cfeb3d024bc0b8cfeb3d023bc03e	completed	blocking_activation_result_ready	913	20	17126056382	72.12840994856916	334_reusable-concurrency-c1-topology-3x4-w20-formal-child2-internal-queue		
914	a4aba85e60aa4e6aaba85e60aa8e6ac1	completed	blocking_activation_result_ready	921	20	17185809839	80.00745573478501	334_reusable-concurrency-c1-topology-3x4-w20-formal-child2-internal-queue		
915	61ddab4a16e749fa9dab4a16e789faed	completed	blocking_activation_result_ready	918	20	17175835193	69.03997304320444	334_reusable-concurrency-c1-topology-3x4-w20-formal-child2-internal-queue		
916	9073d583200b4293b3d583200b729394	completed	blocking_activation_result_ready	914	20	17131647296	71.3616469468865	334_reusable-concurrency-c1-topology-3x4-w20-formal-child2-internal-queue		
917	84e9ac77dc344a9ba9ac77dc345a9bad	completed	blocking_activation_result_ready	916	20	17147326385	70.52788375424933	334_reusable-concurrency-c1-topology-3x4-w20-formal-child2-internal-queue		
918	dc99cb68e29e4e1099cb68e29e3e104c	completed	blocking_activation_result_ready	915	20	17143954362	69.29029711132009	334_reusable-concurrency-c1-topology-3x4-w20-formal-child2-internal-queue		
919	004d35308c2a48b88d35308c2ad8b8eb	completed	blocking_activation_result_ready	917	20	17159338300	70.61213376310702	334_reusable-concurrency-c1-topology-3x4-w20-formal-child2-internal-queue		
920	02c78ca3a2434901878ca3a243690171	completed	blocking_activation_result_ready	919	20	17179062607	73.42214012843786	334_reusable-concurrency-c1-topology-3x4-w20-formal-child2-internal-queue		
921	305836f61ce24f9e9836f61ce2cf9e83	completed	blocking_activation_result_ready	920	20	17182028856	76.94168882167331	334_reusable-concurrency-c1-topology-3x4-w20-formal-child2-internal-queue		
922	27a3b451d7af4265a3b451d7af7265c1	completed	blocking_activation_result_ready	923	20	17228190579	85.14558364311107	334_reusable-concurrency-c1-topology-3x4-w20-formal-child2-internal-queue		
923	22b017a9d470435cb017a9d470f35c35	completed	blocking_activation_result_ready	922	20	17205606135	87.17409159496874	334_reusable-concurrency-c1-topology-3x4-w20-formal-child2-internal-queue		
924	889cac207747482c9cac207747882cc9	completed	blocking_activation_result_ready	924	20	17245556911	79.61217280312518	334_reusable-concurrency-c1-topology-3x4-w20-formal-child2-internal-queue		
925	6283328ba8bd401983328ba8bde01943	completed	blocking_activation_result_ready	929	20	17333369687	67.3173560054239	334_reusable-concurrency-c1-topology-3x4-w20-formal-child2-internal-queue		
926	b1bf060bffaa4c0bbf060bffaabc0b74	completed	blocking_activation_result_ready	928	20	17326492578	67.76214060222695	334_reusable-concurrency-c1-topology-3x4-w20-formal-child2-internal-queue		
927	e3e67740de544cb0a67740de54ccb0a0	completed	blocking_activation_result_ready	925	20	17285025926	70.04739515329534	334_reusable-concurrency-c1-topology-3x4-w20-formal-child2-internal-queue		
928	bab7c91fc33d47ebb7c91fc33de7eb0a	completed	blocking_activation_result_ready	926	20	17301299197	68.19151555776301	334_reusable-concurrency-c1-topology-3x4-w20-formal-child2-internal-queue		
929	909df977c16c4ab29df977c16ceab268	completed	blocking_activation_result_ready	927	20	17307221523	67.61672401218492	334_reusable-concurrency-c1-topology-3x4-w20-formal-child2-internal-queue		
930	79bde1a844ed4924bde1a844ed092417	completed	blocking_activation_result_ready	931	20	17359307000	67.20153781848694	334_reusable-concurrency-c1-topology-3x4-w20-formal-child2-internal-queue		
931	90a8919c33bb4da8a8919c33bb3da8ea	completed	blocking_activation_result_ready	932	20	17362990688	66.8220535563056	334_reusable-concurrency-c1-topology-3x4-w20-formal-child2-internal-queue		
932	1b3386a62875415bb386a62875f15b78	completed	blocking_activation_result_ready	933	20	17365465272	83.53908662289024	334_reusable-concurrency-c1-topology-3x4-w20-formal-child2-internal-queue		
933	4f530de306e04fc2930de306e0bfc206	completed	blocking_activation_result_ready	934	20	17366714425	85.08207883034127	334_reusable-concurrency-c1-topology-3x4-w20-formal-child2-internal-queue		
934	2a825dfa9d5d4c4f825dfa9d5d4c4ffd	completed	blocking_activation_result_ready	930	20	17348652136	68.80544919341642	334_reusable-concurrency-c1-topology-3x4-w20-formal-child2-internal-queue		
935	941142bbb4084cbf9142bbb408bcbf19	completed	blocking_activation_result_ready	935	20	17401854194	77.5494882834976	334_reusable-concurrency-c1-topology-3x4-w20-formal-child2-internal-queue		
936	c60b6e94aa1d4c268b6e94aa1dcc26e8	completed	blocking_activation_result_ready	936	20	17405323136	77.52035606060791	334_reusable-concurrency-c1-topology-3x4-w20-formal-child2-internal-queue		
937	7e75aa822a954f91b5aa822a958f9170	completed	blocking_activation_result_ready	938	20	17475387265	66.76635506630714	334_reusable-concurrency-c1-topology-3x4-w20-formal-child2-internal-queue		
938	dd3d20ac7e9d4675bd20ac7e9d167559	completed	blocking_activation_result_ready	937	20	17474537427	63.45195239071839	334_reusable-concurrency-c1-topology-3x4-w20-formal-child2-internal-queue		
939	137cc16954a24f5cbcc16954a29f5c2d	completed	blocking_activation_result_ready	941	20	17500840881	63.485807217689995	334_reusable-concurrency-c1-topology-3x4-w20-formal-child2-internal-queue		
940	19dc9a88369e40b69c9a88369e10b6b3	completed	blocking_activation_result_ready	939	20	17482221897	65.9719185910483	334_reusable-concurrency-c1-topology-3x4-w20-formal-child2-internal-queue		
941	ecf26d86401348f8b26d864013d8f85c	completed	blocking_activation_result_ready	940	20	17494112747	64.08533274791809	334_reusable-concurrency-c1-topology-3x4-w20-formal-child2-internal-queue		
942	5d3cde288d534b16bcde288d537b1647	completed	blocking_activation_result_ready	942	20	17518030435	64.01550711644389	334_reusable-concurrency-c1-topology-3x4-w20-formal-child2-internal-queue		
943	bef0abbca3e94cb5b0abbca3e9ccb58a	completed	blocking_activation_result_ready	944	20	17539716145	67.99038645851246	334_reusable-concurrency-c1-topology-3x4-w20-formal-child2-internal-queue		
944	e158df45aa6e47bb98df45aa6e77bb24	completed	blocking_activation_result_ready	943	20	17522073586	68.05429209454087	334_reusable-concurrency-c1-topology-3x4-w20-formal-child2-internal-queue		
945	a217f7637f46420497f7637f4612044a	completed	blocking_activation_result_ready	948	20	17579791647	78.95804780869526	334_reusable-concurrency-c1-topology-3x4-w20-formal-child2-internal-queue		
946	89f80d95ccff477db80d95ccff177d00	completed	blocking_activation_result_ready	946	20	17563694875	76.22076763017415	334_reusable-concurrency-c1-topology-3x4-w20-formal-child2-internal-queue		
947	6ef18c35331149d7b18c35331169d7f3	completed	blocking_activation_result_ready	945	20	17556293507	73.72794023624961	334_reusable-concurrency-c1-topology-3x4-w20-formal-child2-internal-queue		
948	35c7f8ee4a4e45fe87f8ee4a4e65fe80	completed	blocking_activation_result_ready	947	20	17571075083	75.79962157796923	334_reusable-concurrency-c1-topology-3x4-w20-formal-child2-internal-queue		
949	349f30c4c5274e029f30c4c527fe0271	completed	blocking_activation_result_ready	951	20	17649168250	68.9985294688407	334_reusable-concurrency-c1-topology-3x4-w20-formal-child2-internal-queue		
950	0d05505f906b4a3285505f906b7a32d4	completed	blocking_activation_result_ready	950	20	17642944994	67.95951534780365	334_reusable-concurrency-c1-topology-3x4-w20-formal-child2-internal-queue		
951	e45ef83a4eee41039ef83a4eee8103cb	completed	blocking_activation_result_ready	953	20	17665228517	66.71932044237111	334_reusable-concurrency-c1-topology-3x4-w20-formal-child2-internal-queue		
952	a2a48aa8facf41c6a48aa8facf71c645	completed	blocking_activation_result_ready	949	20	17638169653	65.61680521972237	334_reusable-concurrency-c1-topology-3x4-w20-formal-child2-internal-queue		
953	5077889288d44820b7889288d4f82022	completed	blocking_activation_result_ready	954	20	17666928674	66.61908975546328	334_reusable-concurrency-c1-topology-3x4-w20-formal-child2-internal-queue		
954	9ee2b300d8a547b7a2b300d8a5f7b79e	completed	blocking_activation_result_ready	952	20	17656806128	68.06994213782639	334_reusable-concurrency-c1-topology-3x4-w20-formal-child2-internal-queue		
955	e72098eb397f4b36a098eb397ffb3666	completed	blocking_activation_result_ready	955	20	17676497511	72.82172462255835	334_reusable-concurrency-c1-topology-3x4-w20-formal-child2-internal-queue		
956	a52a2abfcaa7460aaa2abfcaa7460aff	completed	blocking_activation_result_ready	956	20	17710480100	65.5400412228508	334_reusable-concurrency-c1-topology-3x4-w20-formal-child2-internal-queue		
957	53c0f52fc8804e9180f52fc880fe919e	completed	blocking_activation_result_ready	959	20	17754937891	73.3363661832023	334_reusable-concurrency-c1-topology-3x4-w20-formal-child2-internal-queue		
958	2e7a6203fbfc4772ba6203fbfc8772d0	completed	blocking_activation_result_ready	957	20	17712687720	83.98058111983931	334_reusable-concurrency-c1-topology-3x4-w20-formal-child2-internal-queue		
959	44aa2bddb7e94036aa2bddb7e9403664	completed	blocking_activation_result_ready	958	20	17750308947	72.74799082598368	334_reusable-concurrency-c1-topology-3x4-w20-formal-child2-internal-queue		
960	3ea57eebd85e49eaa57eebd85e39eab9	completed	blocking_activation_result_ready	960	20	17770543989	72.35072220961189	334_reusable-concurrency-c1-topology-3x4-w20-formal-child2-internal-queue		
961	b4cb839b188746df8b839b188736df33	completed	blocking_activation_result_ready	964	20	17812570259	73.29924297934537	334_reusable-concurrency-c1-topology-3x4-w20-formal-child2-internal-queue		
962	a3edb85385354b5cadb85385350b5cef	completed	blocking_activation_result_ready	966	20	17828641846	75.48680373477454	334_reusable-concurrency-c1-topology-3x4-w20-formal-child2-internal-queue		
963	d023214662d8493ca3214662d8893cf2	completed	blocking_activation_result_ready	967	20	17834886579	75.81170761413672	334_reusable-concurrency-c1-topology-3x4-w20-formal-child2-internal-queue		
964	73b22cb9842446f0b22cb9842406f0ff	completed	blocking_activation_result_ready	961	20	17792772275	68.50924707330381	334_reusable-concurrency-c1-topology-3x4-w20-formal-child2-internal-queue		
965	ff99a9df6874429899a9df68744298e4	completed	blocking_activation_result_ready	965	20	17818598491	76.24712155679055	334_reusable-concurrency-c1-topology-3x4-w20-formal-child2-internal-queue		
966	cd77014251c44e6db7014251c47e6d5d	completed	blocking_activation_result_ready	963	20	17810354217	69.37684273349603	334_reusable-concurrency-c1-topology-3x4-w20-formal-child2-internal-queue		
967	243aba68c6c34e98baba68c6c34e9814	completed	blocking_activation_result_ready	962	20	17802064944	70.41397916898893	334_reusable-concurrency-c1-topology-3x4-w20-formal-child2-internal-queue		
968	e4e5d7c8ef7f4b62a5d7c8ef7fab6203	completed	blocking_activation_result_ready	968	20	17852677338	73.29076114877712	334_reusable-concurrency-c1-topology-3x4-w20-formal-child2-internal-queue		
969	31930a301aea4084930a301aeae0845e	completed	blocking_activation_result_ready	970	20	17916110759	73.215616898406	334_reusable-concurrency-c1-topology-3x4-w20-formal-child2-internal-queue		
970	0718dea13add46f498dea13add46f41f	completed	blocking_activation_result_ready	969	20	17875012347	84.44423453484278	334_reusable-concurrency-c1-topology-3x4-w20-formal-child2-internal-queue		
971	929265eded6c4dbc9265eded6ccdbc87	completed	blocking_activation_result_ready	972	20	17932740051	72.4811207790497	334_reusable-concurrency-c1-topology-3x4-w20-formal-child2-internal-queue		
972	fb99418ec9334bee99418ec9330bee87	completed	blocking_activation_result_ready	971	20	17925491731	72.37893764084421	334_reusable-concurrency-c1-topology-3x4-w20-formal-child2-internal-queue		
973	f864aaa0cf7a409ca4aaa0cf7a709ccb	completed	blocking_activation_result_ready	977	20	17996148668	70.55645633415436	334_reusable-concurrency-c1-topology-3x4-w20-formal-child2-internal-queue		
974	2fb61413a6d049b7b61413a6d0c9b72f	completed	blocking_activation_result_ready	976	20	17992781438	70.84628128825943	334_reusable-concurrency-c1-topology-3x4-w20-formal-child2-internal-queue		
975	fb60671c38144345a0671c3814234549	completed	blocking_activation_result_ready	975	20	17971092054	67.88992014695941	334_reusable-concurrency-c1-topology-3x4-w20-formal-child2-internal-queue		
976	75717e72886a4f3db17e72886abf3dbb	completed	blocking_activation_result_ready	979	20	18005867935	79.70348899313149	334_reusable-concurrency-c1-topology-3x4-w20-formal-child2-internal-queue		
977	f4249fbed1ff40ada49fbed1ffd0adb3	completed	blocking_activation_result_ready	974	20	17960105487	68.21821888076803	334_reusable-concurrency-c1-topology-3x4-w20-formal-child2-internal-queue		
978	172adea15ea24be8aadea15ea2abe88d	completed	blocking_activation_result_ready	980	20	18014165233	82.0946468855565	334_reusable-concurrency-c1-topology-3x4-w20-formal-child2-internal-queue		
979	6927ab6fffc344c0a7ab6fffc394c02e	completed	blocking_activation_result_ready	978	20	18000371520	79.97998165043275	334_reusable-concurrency-c1-topology-3x4-w20-formal-child2-internal-queue		
980	a5cfff17071245348fff170712e53484	completed	blocking_activation_result_ready	973	20	17959390537	67.98974252352497	334_reusable-concurrency-c1-topology-3x4-w20-formal-child2-internal-queue		
981	88a4c5f8d3fd45bda4c5f8d3fd15bd64	completed	blocking_activation_result_ready	981	20	18023470800	86.69322874951195	334_reusable-concurrency-c1-topology-3x4-w20-formal-child2-internal-queue		
982	0ed7c909f4c14da797c909f4c16da7ef	completed	blocking_activation_result_ready	982	20	18095174933	68.23377145294083	334_reusable-concurrency-c1-topology-3x4-w20-formal-child2-internal-queue		
983	cdca2596894649078a259689461907d1	completed	blocking_activation_result_ready	984	20	18117321208	65.62735921127518	334_reusable-concurrency-c1-topology-3x4-w20-formal-child2-internal-queue		
984	c63c5522fb9e41a2bc5522fb9e91a220	completed	blocking_activation_result_ready	985	20	18124600230	65.35910568795819	334_reusable-concurrency-c1-topology-3x4-w20-formal-child2-internal-queue		
985	49d95638e6b0468f995638e6b0b68f44	completed	blocking_activation_result_ready	983	20	18104778882	67.92909147064836	334_reusable-concurrency-c1-topology-3x4-w20-formal-child2-internal-queue		
986	1468b7e832664832a8b7e83266a83227	completed	blocking_activation_result_ready	986	20	18127864148	66.83993761935565	334_reusable-concurrency-c1-topology-3x4-w20-formal-child2-internal-queue		
987	7da725d420334216a725d420339216e6	completed	blocking_activation_result_ready	987	20	18130283612	67.70548707576219	334_reusable-concurrency-c1-topology-3x4-w20-formal-child2-internal-queue		
988	f5ed8901ef4b497ead8901ef4b697ede	completed	blocking_activation_result_ready	989	20	18149526305	72.85604034750028	334_reusable-concurrency-c1-topology-3x4-w20-formal-child2-internal-queue		
989	ce8021bf5fa24cc08021bf5fa21cc0c2	completed	blocking_activation_result_ready	992	20	18182281307	80.14706794615155	334_reusable-concurrency-c1-topology-3x4-w20-formal-child2-internal-queue		
990	3f023bf975b94105823bf975b951056e	completed	blocking_activation_result_ready	993	20	18192909867	85.64601482883666	334_reusable-concurrency-c1-topology-3x4-w20-formal-child2-internal-queue		
991	2a4cede899cd44648cede899cdd464e3	completed	blocking_activation_result_ready	988	20	18145947456	68.19651499577601	334_reusable-concurrency-c1-topology-3x4-w20-formal-child2-internal-queue		
992	ca081c45a6234187881c45a623618713	completed	blocking_activation_result_ready	990	20	18153605109	84.21252968754835	334_reusable-concurrency-c1-topology-3x4-w20-formal-child2-internal-queue		
993	74511201fd7844ea911201fd78a4eaa0	completed	blocking_activation_result_ready	991	20	18158286593	85.9125490492999	334_reusable-concurrency-c1-topology-3x4-w20-formal-child2-internal-queue		
994	ee51a42f9c70469191a42f9c7056915d	completed	blocking_activation_result_ready	994	20	18237814010	72.01795531496886	334_reusable-concurrency-c1-topology-3x4-w20-formal-child2-internal-queue		
995	ffef19efacd54c3daf19efacd52c3d66	completed	blocking_activation_result_ready	1000	20	18300932999	69.74284550516741	334_reusable-concurrency-c1-topology-3x4-w20-formal-child2-internal-queue		
996	dcc6e4bcfe5d470f86e4bcfe5d670f28	completed	blocking_activation_result_ready	999	20	18295794251	68.98304464366042	334_reusable-concurrency-c1-topology-3x4-w20-formal-child2-internal-queue		
997	d501c340352a49a981c340352a09a960	completed	blocking_activation_result_ready	998	20	18293264907	68.28423203696299	334_reusable-concurrency-c1-topology-3x4-w20-formal-child2-internal-queue		
998	60de60f49bd844929e60f49bd82492c8	completed	blocking_activation_result_ready	1002	20	18304280087	95.64565778230411	334_reusable-concurrency-c1-topology-3x4-w20-formal-child2-internal-queue		
999	f7858c812e124b7d858c812e126b7d70	completed	blocking_activation_result_ready	995	20	18274171946	65.98920128953985	334_reusable-concurrency-c1-topology-3x4-w20-formal-child2-internal-queue		
1000	59b365dd81184cbab365dd8118dcba13	completed	blocking_activation_result_ready	997	20	18292847353	67.40845514701219	334_reusable-concurrency-c1-topology-3x4-w20-formal-child2-internal-queue		
1001	dfbdc49c02d6489bbdc49c02d6389bb4	completed	blocking_activation_result_ready	996	20	18284741724	68.50246748970508	334_reusable-concurrency-c1-topology-3x4-w20-formal-child2-internal-queue		
1002	d07a02003ef8426eba02003ef8826e2f	completed	blocking_activation_result_ready	1001	20	18302616724	71.64711457509944	334_reusable-concurrency-c1-topology-3x4-w20-formal-child2-internal-queue		
1003	4ff8568b78674e5db8568b7867de5dd4	completed	blocking_activation_result_ready	1003	20	18310882508	97.03856447435815	334_reusable-concurrency-c1-topology-3x4-w20-formal-child2-internal-queue		
1004	0c862907ca5b4875862907ca5b68757e	completed	blocking_activation_result_ready	1004	20	18313451649	101.97295176631964	334_reusable-concurrency-c1-topology-3x4-w20-formal-child2-internal-queue		
1005	6eeffd91af5941fbaffd91af59d1fb3e	completed	blocking_activation_result_ready	1005	20	18320374233	102.15860989469577	334_reusable-concurrency-c1-topology-3x4-w20-formal-child2-internal-queue		
1006	fa2248e4d5704890a248e4d570189073	completed	blocking_activation_result_ready	1006	20	18401620320	73.0577135627101	334_reusable-concurrency-c1-topology-3x4-w20-formal-child2-internal-queue		
1007	f07154ad560541beb154ad560521bee9	completed	blocking_activation_result_ready	1007	20	18411133736	71.21235951457155	334_reusable-concurrency-c1-topology-3x4-w20-formal-child2-internal-queue		
1008	b70a2c86ebbe47b38a2c86ebbe17b325	completed	blocking_activation_result_ready	1008	20	18422020656	72.44455456016738	334_reusable-concurrency-c1-topology-3x4-w20-formal-child2-internal-queue		
1009	6236aa6df9804577b6aa6df980b57785	completed	blocking_activation_result_ready	1011	20	18459056353	66.49604667703295	334_reusable-concurrency-c1-topology-3x4-w20-formal-child2-internal-queue		
1010	34b1ba93af4247d8b1ba93af42e7d8cd	completed	blocking_activation_result_ready	1015	20	18514820028	83.10891087841706	334_reusable-concurrency-c1-topology-3x4-w20-formal-child2-internal-queue		
1011	b244123da233408584123da233c0855e	completed	blocking_activation_result_ready	1009	20	18431674128	70.88482834049725	334_reusable-concurrency-c1-topology-3x4-w20-formal-child2-internal-queue		
1012	5c8f3f65d5dd480a8f3f65d5dd480ac0	completed	blocking_activation_result_ready	1010	20	18457729540	65.7625562479063	334_reusable-concurrency-c1-topology-3x4-w20-formal-child2-internal-queue		
1013	b5057060bacd495f857060bacda95f21	completed	blocking_activation_result_ready	1017	20	18517932197	88.8553829061898	334_reusable-concurrency-c1-topology-3x4-w20-formal-child2-internal-queue		
1014	1017c0c9a030402497c0c9a030b024a6	completed	blocking_activation_result_ready	1016	20	18517576311	85.89789110670229	334_reusable-concurrency-c1-topology-3x4-w20-formal-child2-internal-queue		
1015	f74bd6c947224b398bd6c94722bb3922	completed	blocking_activation_result_ready	1012	20	18472924172	68.8129743009518	334_reusable-concurrency-c1-topology-3x4-w20-formal-child2-internal-queue		
1016	e1ef7034bacd40d9af7034bacd60d9b7	completed	blocking_activation_result_ready	1014	20	18505258057	74.78199729755062	334_reusable-concurrency-c1-topology-3x4-w20-formal-child2-internal-queue		
1017	5f8bfa5f414342d68bfa5f4143c2d6a4	completed	blocking_activation_result_ready	1018	20	18530355486	84.35594566581238	334_reusable-concurrency-c1-topology-3x4-w20-formal-child2-internal-queue		
1018	5660dc25885f4e4fa0dc25885f5e4fad	completed	blocking_activation_result_ready	1013	20	18489977705	67.32468965556615	334_reusable-concurrency-c1-topology-3x4-w20-formal-child2-internal-queue		
1019	fe9e5cb817984b6c9e5cb817983b6cc8	completed	blocking_activation_result_ready	1021	20	18574357137	73.59965262141557	334_reusable-concurrency-c1-topology-3x4-w20-formal-child2-internal-queue		
1020	d3fc97575b6d4cd4bc97575b6d5cd442	completed	blocking_activation_result_ready	1026	20	18730651859	60.784446563342975	334_reusable-concurrency-c1-topology-3x4-w20-formal-child2-internal-queue		
1021	8aa918681ad24d3da918681ad2ed3d14	completed	blocking_activation_result_ready	1019	20	18547883533	79.33697078005879	334_reusable-concurrency-c1-topology-3x4-w20-formal-child2-internal-queue		
1022	5d7a651a357d4e21ba651a357d2e2102	completed	blocking_activation_result_ready	1020	20	18559430902	77.37006671191449	334_reusable-concurrency-c1-topology-3x4-w20-formal-child2-internal-queue		
1023	82e715ec61504052a715ec6150c05217	completed	blocking_activation_result_ready	1022	20	18590973581	69.76091337461602	334_reusable-concurrency-c1-topology-3x4-w20-formal-child2-internal-queue		
1024	f9e97115da884777a97115da884777dc	completed	blocking_activation_result_ready	1024	20	18616451339	66.00666819164073	334_reusable-concurrency-c1-topology-3x4-w20-formal-child2-internal-queue		
1025	c66383a18d904372a383a18d90d37238	completed	blocking_activation_result_ready	1023	20	18602715820	68.53227228562585	334_reusable-concurrency-c1-topology-3x4-w20-formal-child2-internal-queue		
1026	f1b15f219abb40f8b15f219abb80f80b	completed	blocking_activation_result_ready	1025	20	18632862545	64.00239379193165	334_reusable-concurrency-c1-topology-3x4-w20-formal-child2-internal-queue		
1027	9af5922cc3a8476ab5922cc3a8076ad0	completed	blocking_activation_result_ready	1031	20	18746742364	69.52023815992916	334_reusable-concurrency-c1-topology-3x4-w20-formal-child2-internal-queue		
1028	79fd11ac35d64126bd11ac35d65126a2	completed	blocking_activation_result_ready	1029	20	18746205936	63.58657373056527	334_reusable-concurrency-c1-topology-3x4-w20-formal-child2-internal-queue		
1029	5ede85d23d524fcd9e85d23d525fcddf	completed	blocking_activation_result_ready	1028	20	18745833055	61.764157462049496	334_reusable-concurrency-c1-topology-3x4-w20-formal-child2-internal-queue		
1030	2b19e0d5b08b476299e0d5b08b57628d	completed	blocking_activation_result_ready	1032	20	18747104286	72.94475047158234	334_reusable-concurrency-c1-topology-3x4-w20-formal-child2-internal-queue		
1031	4c9e63cd8b3e4b109e63cd8b3e0b10d7	completed	blocking_activation_result_ready	1030	20	18746505653	69.25780595987176	334_reusable-concurrency-c1-topology-3x4-w20-formal-child2-internal-queue		
1032	2f58644717774bee98644717779beed8	completed	blocking_activation_result_ready	1027	20	18731634549	62.402337806238265	334_reusable-concurrency-c1-topology-3x4-w20-formal-child2-internal-queue		
1033	f8097bb33fcd4928897bb33fcde9281b	completed	blocking_activation_result_ready	1034	20	18766271271	76.62447311958697	334_reusable-concurrency-c1-topology-3x4-w20-formal-child2-internal-queue		
1034	1eec7439916a46e9ac7439916a96e90f	completed	blocking_activation_result_ready	1035	20	18767175302	79.25334661323544	334_reusable-concurrency-c1-topology-3x4-w20-formal-child2-internal-queue		
1035	e1d8703781d5447998703781d5b47978	completed	blocking_activation_result_ready	1033	20	18759898231	74.09588406033264	334_reusable-concurrency-c1-topology-3x4-w20-formal-child2-internal-queue		
1036	ef0529648a1f4a898529648a1f7a8966	completed	blocking_activation_result_ready	1037	20	18773961833	78.11595685743193	334_reusable-concurrency-c1-topology-3x4-w20-formal-child2-internal-queue		
1037	a134c8e5d6364d8cb4c8e5d6367d8ca6	completed	blocking_activation_result_ready	1036	20	18772362514	78.4971861290307	334_reusable-concurrency-c1-topology-3x4-w20-formal-child2-internal-queue		
1038	9251c450d89c466291c450d89c766259	completed	blocking_activation_result_ready	1038	20	18780594131	79.92370642831766	334_reusable-concurrency-c1-topology-3x4-w20-formal-child2-internal-queue		
1039	3a0b386c9fbc4ffc8b386c9fbc2ffcb0	completed	blocking_activation_result_ready	1039	20	18820726363	73.30227442663602	334_reusable-concurrency-c1-topology-3x4-w20-formal-child2-internal-queue		
1040	928ee93335cb4fd48ee93335cb4fd419	completed	blocking_activation_result_ready	1043	20	18879736723	72.19671794947546	334_reusable-concurrency-c1-topology-3x4-w20-formal-child2-internal-queue		
1041	e89ded2cf1b849699ded2cf1b8c969d6	completed	blocking_activation_result_ready	1044	20	18882200657	75.25889492593166	334_reusable-concurrency-c1-topology-3x4-w20-formal-child2-internal-queue		
1042	e1441f94eac34aec841f94eac34aec76	completed	blocking_activation_result_ready	1040	20	18835641977	72.40839274819085	334_reusable-concurrency-c1-topology-3x4-w20-formal-child2-internal-queue		
1043	2918ce75dbfe46ea98ce75dbfe66ea88	completed	blocking_activation_result_ready	1041	20	18845397625	73.78971366078709	334_reusable-concurrency-c1-topology-3x4-w20-formal-child2-internal-queue		
1044	55f256f3d727486fb256f3d727b86ffe	completed	blocking_activation_result_ready	1042	20	18867865539	72.23033902631437	334_reusable-concurrency-c1-topology-3x4-w20-formal-child2-internal-queue		
1045	0df9faadfae14c6bb9faadfae15c6b0b	completed	blocking_activation_result_ready	1045	20	18895537710	76.13966855222114	334_reusable-concurrency-c1-topology-3x4-w20-formal-child2-internal-queue		
1046	311ffae21a04453e9ffae21a04f53ed8	completed	blocking_activation_result_ready	1047	20	18914760524	109.21443558184468	334_reusable-concurrency-c1-topology-3x4-w20-formal-child2-internal-queue		
1047	abc30892e07b4797830892e07b279726	completed	blocking_activation_result_ready	1046	20	18899509855	118.44271798653823	334_reusable-concurrency-c1-topology-3x4-w20-formal-child2-internal-queue		
1048	5efe7031233f40e6be7031233f00e64d	completed	blocking_activation_result_ready	1048	20	18921763418	113.68134333923929	334_reusable-concurrency-c1-topology-3x4-w20-formal-child2-internal-queue		
1049	cab3adba05e04c23b3adba05e05c2389	completed	blocking_activation_result_ready	1054	20	19016070714	80.06422976691745	334_reusable-concurrency-c1-topology-3x4-w20-formal-child2-internal-queue		
1050	3b78983e8b534c7db8983e8b53fc7d82	completed	blocking_activation_result_ready	1049	20	18929228771	109.27598187406505	334_reusable-concurrency-c1-topology-3x4-w20-formal-child2-internal-queue		
1051	c3b1a3e6c74644e0b1a3e6c74684e00b	completed	blocking_activation_result_ready	1052	20	18993442384	81.18922798535206	334_reusable-concurrency-c1-topology-3x4-w20-formal-child2-internal-queue		
1052	21229976541042e0a299765410d2e01d	completed	blocking_activation_result_ready	1051	20	18985963964	83.6044905643972	334_reusable-concurrency-c1-topology-3x4-w20-formal-child2-internal-queue		
1053	6cc99a8ae5cd4bec899a8ae5cdbbec1a	completed	blocking_activation_result_ready	1056	20	19029063052	77.911796195768	334_reusable-concurrency-c1-topology-3x4-w20-formal-child2-internal-queue		
1054	f7cb40bce0744af48b40bce0743af463	completed	blocking_activation_result_ready	1050	20	18964324779	91.8193014877858	334_reusable-concurrency-c1-topology-3x4-w20-formal-child2-internal-queue		
1055	72b2c83cdb2c40bbb2c83cdb2c60bb2b	completed	blocking_activation_result_ready	1053	20	18999004893	83.64467904286164	334_reusable-concurrency-c1-topology-3x4-w20-formal-child2-internal-queue		
1056	155097e55e834b899097e55e83ab8964	completed	blocking_activation_result_ready	1058	20	19054589093	72.99404286126983	334_reusable-concurrency-c1-topology-3x4-w20-formal-child2-internal-queue		
1057	81e706b16e7e47fba706b16e7ec7fb07	completed	blocking_activation_result_ready	1055	20	19023568334	78.00524001759923	334_reusable-concurrency-c1-topology-3x4-w20-formal-child2-internal-queue		
1058	0a47baab45a14ddb87baab45a1addb74	completed	blocking_activation_result_ready	1057	20	19035704867	76.41082054546675	334_reusable-concurrency-c1-topology-3x4-w20-formal-child2-internal-queue		
1059	23054934df6943b3854934df6983b332	completed	blocking_activation_result_ready	1059	20	19067251168	81.12773884964639	334_reusable-concurrency-c1-topology-3x4-w20-formal-child2-internal-queue		
1060	52229dd862824e45a29dd862824e4541	completed	blocking_activation_result_ready	1061	20	19097256986	79.40939705631986	334_reusable-concurrency-c1-topology-3x4-w20-formal-child2-internal-queue		
1061	6fef0612c7dc4235af0612c7dc223531	completed	blocking_activation_result_ready	1060	20	19075022104	83.5491243598513	334_reusable-concurrency-c1-topology-3x4-w20-formal-child2-internal-queue		
1062	85ae22e500444612ae22e500447612a6	completed	blocking_activation_result_ready	1062	20	19117412722	80.14516437158099	334_reusable-concurrency-c1-topology-3x4-w20-formal-child2-internal-queue		
1063	0e5a12810a5943489a12810a599348ca	completed	blocking_activation_result_ready	1063	20	19130121310	79.87712119037103	334_reusable-concurrency-c1-topology-3x4-w20-formal-child2-internal-queue		
1064	47afcf4d07b44ebbafcf4d07b48ebbfa	completed	blocking_activation_result_ready	1064	20	19145536308	75.94869864392193	334_reusable-concurrency-c1-topology-3x4-w20-formal-child2-internal-queue		
1065	2e177ee152ae4106977ee152ae710656	completed	blocking_activation_result_ready	1066	20	19154248658	78.51179233184982	334_reusable-concurrency-c1-topology-3x4-w20-formal-child2-internal-queue		
1066	d9dd56f7003d498d9d56f7003d698d10	completed	blocking_activation_result_ready	1065	20	19146715982	79.62472167974784	334_reusable-concurrency-c1-topology-3x4-w20-formal-child2-internal-queue		
1067	893216106bbd480bb216106bbd780b9c	completed	blocking_activation_result_ready	1068	20	19178856056	77.79297048560372	334_reusable-concurrency-c1-topology-3x4-w20-formal-child2-internal-queue		
1068	d7527db40571469b927db40571769b04	completed	blocking_activation_result_ready	1070	20	19193768852	87.16721133171306	334_reusable-concurrency-c1-topology-3x4-w20-formal-child2-internal-queue		
1069	57ad6e30b50a4ed2ad6e30b50a4ed20b	completed	blocking_activation_result_ready	1067	20	19171810102	77.80600207793377	334_reusable-concurrency-c1-topology-3x4-w20-formal-child2-internal-queue		
1070	96c02f1ad7ed4613802f1ad7ede61369	completed	blocking_activation_result_ready	1069	20	19190479716	76.5547470077094	334_reusable-concurrency-c1-topology-3x4-w20-formal-child2-internal-queue		
1071	26fb6a9506e34bb8bb6a9506e3abb816	completed	blocking_activation_result_ready	1071	20	19211927903	88.50969800097174	334_reusable-concurrency-c1-topology-3x4-w20-formal-child2-internal-queue		
1072	799e1f1bccef451d9e1f1bcceff51d81	completed	blocking_activation_result_ready	1072	20	19214258046	90.57328551269158	334_reusable-concurrency-c1-topology-3x4-w20-formal-child2-internal-queue		
1073	0149738755c0414d89738755c0714d7d	completed	blocking_activation_result_ready	1073	20	19256007248	77.82029857275043	334_reusable-concurrency-c1-topology-3x4-w20-formal-child2-internal-queue		
1074	4e60ec9fe7c445faa0ec9fe7c475fa99	completed	blocking_activation_result_ready	1075	20	19282758118	77.16353511834402	334_reusable-concurrency-c1-topology-3x4-w20-formal-child2-internal-queue		
1075	e345d97cab0944d485d97cab0944d4bf	completed	blocking_activation_result_ready	1077	20	19305046532	74.25512870427974	334_reusable-concurrency-c1-topology-3x4-w20-formal-child2-internal-queue		
1076	ed5ef60fb53f48509ef60fb53f38508a	completed	blocking_activation_result_ready	1074	20	19270433824	78.62775384370792	334_reusable-concurrency-c1-topology-3x4-w20-formal-child2-internal-queue		
1077	3c0ec8b807cf41b48ec8b807cf11b4bd	completed	blocking_activation_result_ready	1076	20	19289592395	76.76678476865465	334_reusable-concurrency-c1-topology-3x4-w20-formal-child2-internal-queue		
1078	dd3eb7ed0dc14438beb7ed0dc114382c	completed	blocking_activation_result_ready	1081	20	19351285190	78.73141519356646	334_reusable-concurrency-c1-topology-3x4-w20-formal-child2-internal-queue		
1079	7d8cbee5796a4c948cbee5796aec94fe	completed	blocking_activation_result_ready	1078	20	19310290540	78.2162175249638	334_reusable-concurrency-c1-topology-3x4-w20-formal-child2-internal-queue		
1080	bf706630c2c24b6ab06630c2c2eb6a68	completed	blocking_activation_result_ready	1079	20	19329242238	76.33847978100933	334_reusable-concurrency-c1-topology-3x4-w20-formal-child2-internal-queue		
1081	13576bb46f1f4489976bb46f1fa4898e	completed	blocking_activation_result_ready	1080	20	19346142811	73.76788081332349	334_reusable-concurrency-c1-topology-3x4-w20-formal-child2-internal-queue		
1082	855adabd8c774ab89adabd8c77fab88d	completed	blocking_activation_result_ready	1082	20	19353763435	84.62001127959364	334_reusable-concurrency-c1-topology-3x4-w20-formal-child2-internal-queue		
1083	3021224cb88240f8a1224cb88210f868	completed	blocking_activation_result_ready	1083	20	19358326300	87.64050251486613	334_reusable-concurrency-c1-topology-3x4-w20-formal-child2-internal-queue		
1084	12658060343d40a5a58060343d50a5ba	completed	blocking_activation_result_ready	1084	20	19363298584	91.84327224794436	334_reusable-concurrency-c1-topology-3x4-w20-formal-child2-internal-queue		
1085	61eb6e7d66a144f3ab6e7d66a174f309	completed	blocking_activation_result_ready	1086	20	19422778671	74.47957037115252	334_reusable-concurrency-c1-topology-3x4-w20-formal-child2-internal-queue		
1086	d0985e49403040fc985e49403000fc66	completed	blocking_activation_result_ready	1085	20	19385120542	83.89101282290909	334_reusable-concurrency-c1-topology-3x4-w20-formal-child2-internal-queue		
1087	a730bd670a154d19b0bd670a153d19f0	completed	blocking_activation_result_ready	1089	20	19483315444	68.29767711950777	334_reusable-concurrency-c1-topology-3x4-w20-formal-child2-internal-queue		
1088	e25e77b9936c496f9e77b9936c796f87	completed	blocking_activation_result_ready	1087	20	19428677931	77.86105437127357	334_reusable-concurrency-c1-topology-3x4-w20-formal-child2-internal-queue		
1089	43fdee46971f4565bdee46971fa565dc	completed	blocking_activation_result_ready	1093	20	19513395896	77.70350462387137	334_reusable-concurrency-c1-topology-3x4-w20-formal-child2-internal-queue		
1090	a075dfa303bc406bb5dfa303bc706bae	completed	blocking_activation_result_ready	1090	20	19486968560	68.21289194462636	334_reusable-concurrency-c1-topology-3x4-w20-formal-child2-internal-queue		
1091	f19de8d72ae041e19de8d72ae071e169	completed	blocking_activation_result_ready	1088	20	19479314118	66.56503029697369	334_reusable-concurrency-c1-topology-3x4-w20-formal-child2-internal-queue		
1092	16714e3d177342aeb14e3d1773e2ae25	completed	blocking_activation_result_ready	1097	20	19530550929	88.6900666508955	334_reusable-concurrency-c1-topology-3x4-w20-formal-child2-internal-queue		
1093	edce85f35b0248fc8e85f35b02c8fcb8	completed	blocking_activation_result_ready	1091	20	19492180031	71.36431092505389	334_reusable-concurrency-c1-topology-3x4-w20-formal-child2-internal-queue		
1094	b0fcd591c2734355bcd591c273835529	completed	blocking_activation_result_ready	1095	20	19514306024	86.3752142936676	334_reusable-concurrency-c1-topology-3x4-w20-formal-child2-internal-queue		
1095	dedb6144f4b54bd19b6144f4b5abd170	completed	blocking_activation_result_ready	1098	20	19571281138	76.63111297212323	334_reusable-concurrency-c1-topology-3x4-w20-formal-child2-internal-queue		
1096	33e9c02603dd4177a9c02603dd7177a4	completed	blocking_activation_result_ready	1092	20	19508579273	67.95296487398784	334_reusable-concurrency-c1-topology-3x4-w20-formal-child2-internal-queue		
1097	167ebd0a4d724ab7bebd0a4d721ab755	completed	blocking_activation_result_ready	1096	20	19520442680	86.6362369879682	334_reusable-concurrency-c1-topology-3x4-w20-formal-child2-internal-queue		
1098	5c4ec7601abd4e018ec7601abdee018b	completed	blocking_activation_result_ready	1094	20	19513757476	82.19505105899036	334_reusable-concurrency-c1-topology-3x4-w20-formal-child2-internal-queue		
1099	a506568b43fe414a86568b43fe914a9e	completed	blocking_activation_result_ready	1099	20	19575795300	81.11844094639555	334_reusable-concurrency-c1-topology-3x4-w20-formal-child2-internal-queue		
1100	12fce045dff74befbce045dff7cbefd0	completed	blocking_activation_result_ready	1109	20	19687295655	98.04872689341418	334_reusable-concurrency-c1-topology-3x4-w20-formal-child2-internal-queue		
1101	df105bda65af47e1905bda65af47e15b	completed	blocking_activation_result_ready	1104	20	19658892543	67.6603813814747	334_reusable-concurrency-c1-topology-3x4-w20-formal-child2-internal-queue		
1102	fc999c874b4747ee999c874b47d7ee6b	completed	blocking_activation_result_ready	1103	20	19650440437	68.46638853360254	334_reusable-concurrency-c1-topology-3x4-w20-formal-child2-internal-queue		
1103	f532defce1074b6db2defce107ab6dcb	completed	blocking_activation_result_ready	1100	20	19633213470	69.6692586754399	334_reusable-concurrency-c1-topology-3x4-w20-formal-child2-internal-queue		
1104	b835a4b4654b4268b5a4b4654bc26887	completed	blocking_activation_result_ready	1107	20	19679907291	79.60852983106751	334_reusable-concurrency-c1-topology-3x4-w20-formal-child2-internal-queue		
1105	acf8bcf06b484afab8bcf06b486afa1d	completed	blocking_activation_result_ready	1105	20	19671363606	69.87068863963809	334_reusable-concurrency-c1-topology-3x4-w20-formal-child2-internal-queue		
1106	2cee7fec7e5540ccae7fec7e55e0cc01	completed	blocking_activation_result_ready	1106	20	19679415516	77.9311326088037	334_reusable-concurrency-c1-topology-3x4-w20-formal-child2-internal-queue		
1107	37f590b12fc0487eb590b12fc0887e17	completed	blocking_activation_result_ready	1102	20	19642896654	69.1722662279079	334_reusable-concurrency-c1-topology-3x4-w20-formal-child2-internal-queue		
1108	f640b107eb8c428480b107eb8cf2847e	completed	blocking_activation_result_ready	1101	20	19636033563	70.23745136552544	334_reusable-concurrency-c1-topology-3x4-w20-formal-child2-internal-queue		
1109	9608982fc564477588982fc5648775c3	completed	blocking_activation_result_ready	1113	20	19786275205	73.29247524589708	334_reusable-concurrency-c1-topology-3x4-w20-formal-child2-internal-queue		
1110	165244f539434cec9244f539432cec20	completed	blocking_activation_result_ready	1115	20	19803014707	69.27398162112083	334_reusable-concurrency-c1-topology-3x4-w20-formal-child2-internal-queue		
1111	e4ed06ad39e5433dad06ad39e5933d36	completed	blocking_activation_result_ready	1111	20	19704577923	94.16289310441933	334_reusable-concurrency-c1-topology-3x4-w20-formal-child2-internal-queue		
1112	ca7ee766bbb54ebdbee766bbb55ebd75	completed	blocking_activation_result_ready	1114	20	19797964827	70.37115658560147	334_reusable-concurrency-c1-topology-3x4-w20-formal-child2-internal-queue		
1113	d68b87f6fa5f428d8b87f6fa5f928d2e	completed	blocking_activation_result_ready	1110	20	19700657914	93.59380626888881	334_reusable-concurrency-c1-topology-3x4-w20-formal-child2-internal-queue		
1114	31271886cd2d4881a71886cd2da881cd	completed	blocking_activation_result_ready	1108	20	19680493101	99.41396313749135	334_reusable-concurrency-c1-topology-3x4-w20-formal-child2-internal-queue		
1115	6ab33f14ff19441cb33f14ff19741c12	completed	blocking_activation_result_ready	1112	20	19780946793	73.4301946135134	334_reusable-concurrency-c1-topology-3x4-w20-formal-child2-internal-queue		
1116	9ddb041c2719495e9b041c2719a95e3e	completed	blocking_activation_result_ready	1121	20	19839822478	98.14076491844514	334_reusable-concurrency-c1-topology-3x4-w20-formal-child2-internal-queue		
1117	8ad397039f724e929397039f720e92e3	completed	blocking_activation_result_ready	1117	20	19817790224	69.62835638487415	334_reusable-concurrency-c1-topology-3x4-w20-formal-child2-internal-queue		
1118	2b796ce0d75847edb96ce0d75897ed76	completed	blocking_activation_result_ready	1119	20	19824367093	80.45965215369388	334_reusable-concurrency-c1-topology-3x4-w20-formal-child2-internal-queue		
1119	24c1151c4e034c3781151c4e037c3796	completed	blocking_activation_result_ready	1116	20	19808676578	69.38809119529724	334_reusable-concurrency-c1-topology-3x4-w20-formal-child2-internal-queue		
1120	b2a97308276e43f1a97308276e83f1af	completed	blocking_activation_result_ready	1120	20	19831191406	101.02135825883143	334_reusable-concurrency-c1-topology-3x4-w20-formal-child2-internal-queue		
1121	d827c8c5c8a041eca7c8c5c8a071ec0d	completed	blocking_activation_result_ready	1118	20	19822160047	79.7197344317214	334_reusable-concurrency-c1-topology-3x4-w20-formal-child2-internal-queue		
1122	e6d97885445043649978854450b36483	completed	blocking_activation_result_ready	1122	20	19846271942	98.34036473497213	334_reusable-concurrency-c1-topology-3x4-w20-formal-child2-internal-queue		
1123	67871603f08544e0871603f08524e036	completed	blocking_activation_result_ready	1123	20	19854257403	98.12725796340231	334_reusable-concurrency-c1-topology-3x4-w20-formal-child2-internal-queue		
1124	94e772d33c6149c3a772d33c61a9c30f	completed	blocking_activation_result_ready	1125	20	19922619145	79.60023520118297	334_reusable-concurrency-c1-topology-3x4-w20-formal-child2-internal-queue		
1125	8ebd3bc88b5b4f55bd3bc88b5b1f559d	completed	blocking_activation_result_ready	1124	20	19919601971	76.7137581230856	334_reusable-concurrency-c1-topology-3x4-w20-formal-child2-internal-queue		
1126	e0c4b562610e43ce84b562610ed3ce42	completed	blocking_activation_result_ready	1127	20	19955812680	72.488616741009	334_reusable-concurrency-c1-topology-3x4-w20-formal-child2-internal-queue		
1127	24f0734c18b14490b0734c18b1f49092	completed	blocking_activation_result_ready	1135	20	20012792875	95.33880570450972	334_reusable-concurrency-c1-topology-3x4-w20-formal-child2-internal-queue		
1128	eb8f6e58a604436d8f6e58a604936df4	completed	blocking_activation_result_ready	1126	20	19948361638	74.36433680943725	334_reusable-concurrency-c1-topology-3x4-w20-formal-child2-internal-queue		
1129	b0ea44e219c245f0aa44e219c2f5f01e	completed	blocking_activation_result_ready	1128	20	19960468733	71.43478829614715	334_reusable-concurrency-c1-topology-3x4-w20-formal-child2-internal-queue		
1130	d5f18b8c3e6e404db18b8c3e6ed04de4	completed	blocking_activation_result_ready	1130	20	19985383980	70.24295415229037	334_reusable-concurrency-c1-topology-3x4-w20-formal-child2-internal-queue		
1131	ada37d935caf4674a37d935caf2674d4	completed	blocking_activation_result_ready	1131	20	20004310748	66.72609181193285	334_reusable-concurrency-c1-topology-3x4-w20-formal-child2-internal-queue		
1132	2d3bc5c2eb934c2cbbc5c2eb93ac2cfe	completed	blocking_activation_result_ready	1134	20	20011047678	93.86020463936819	334_reusable-concurrency-c1-topology-3x4-w20-formal-child2-internal-queue		
1133	d99f1d1445ed4b789f1d1445edbb78d3	completed	blocking_activation_result_ready	1133	20	20009449491	89.61605908307914	334_reusable-concurrency-c1-topology-3x4-w20-formal-child2-internal-queue		
1134	c6a6af572b2b4876a6af572b2b2876fe	completed	blocking_activation_result_ready	1129	20	19981707832	67.93197280016037	334_reusable-concurrency-c1-topology-3x4-w20-formal-child2-internal-queue		
1135	d64cccdb01414cd68cccdb0141fcd63a	completed	blocking_activation_result_ready	1132	20	20007654353	88.21937830392599	334_reusable-concurrency-c1-topology-3x4-w20-formal-child2-internal-queue		
1136	f7808f68f590490e808f68f590390ed7	completed	blocking_activation_result_ready	1137	20	20098503813	71.24699616875334	334_reusable-concurrency-c1-topology-3x4-w20-formal-child2-internal-queue		
1137	b295e61cd70242eb95e61cd70202ebb6	completed	blocking_activation_result_ready	1143	20	20134819540	71.28545645487438	334_reusable-concurrency-c1-topology-3x4-w20-formal-child2-internal-queue		
1138	f3aaefb7a19049aeaaefb7a19079ae28	completed	blocking_activation_result_ready	1138	20	20118208488	67.5565118074714	334_reusable-concurrency-c1-topology-3x4-w20-formal-child2-internal-queue		
1139	832c66657b6847d6ac66657b6837d619	completed	blocking_activation_result_ready	1136	20	20085375884	72.28062942810561	334_reusable-concurrency-c1-topology-3x4-w20-formal-child2-internal-queue		
1140	ee5f5308a0f447839f5308a0f4b783ad	completed	blocking_activation_result_ready	1139	20	20120258273	67.59241691489419	334_reusable-concurrency-c1-topology-3x4-w20-formal-child2-internal-queue		
1141	eeecf507830e4621acf507830ef621a7	completed	blocking_activation_result_ready	1144	20	20135112055	92.80308201262638	334_reusable-concurrency-c1-topology-3x4-w20-formal-child2-internal-queue		
1142	d73ff5dcf8a0432cbff5dcf8a0a32c6d	completed	blocking_activation_result_ready	1140	20	20122572434	68.63864863569636	334_reusable-concurrency-c1-topology-3x4-w20-formal-child2-internal-queue		
1143	414ed055578f4d478ed055578f2d47b1	completed	blocking_activation_result_ready	1142	20	20130532506	70.35798324807377	334_reusable-concurrency-c1-topology-3x4-w20-formal-child2-internal-queue		
1144	ef767ab66f2f4f05b67ab66f2f2f052b	completed	blocking_activation_result_ready	1141	20	20125961617	69.896065494207	334_reusable-concurrency-c1-topology-3x4-w20-formal-child2-internal-queue		
1145	8d5ca9df4b82433a9ca9df4b82933a26	completed	blocking_activation_result_ready	1147	20	20154761294	100.52847113576775	334_reusable-concurrency-c1-topology-3x4-w20-formal-child2-internal-queue		
1146	a3a1ee40e81c4078a1ee40e81c507888	completed	blocking_activation_result_ready	1145	20	20139654125	92.1510440390761	334_reusable-concurrency-c1-topology-3x4-w20-formal-child2-internal-queue		
1147	007e1eb4debc42d9be1eb4debc82d9a2	completed	blocking_activation_result_ready	1146	20	20151381381	98.51258653203989	334_reusable-concurrency-c1-topology-3x4-w20-formal-child2-internal-queue		
1148	8c864087855a4287864087855a6287e6	completed	blocking_activation_result_ready	1149	20	20246691919	75.47623038963846	334_reusable-concurrency-c1-topology-3x4-w20-formal-child2-internal-queue		
1149	74b12be1b68948d9b12be1b68958d9d4	completed	blocking_activation_result_ready	1148	20	20229936284	74.22043925429819	334_reusable-concurrency-c1-topology-3x4-w20-formal-child2-internal-queue		
1150	b15b68305d4b4f939b68305d4baf933c	completed	blocking_activation_result_ready	1153	20	20281349418	73.55647432740943	334_reusable-concurrency-c1-topology-3x4-w20-formal-child2-internal-queue		
1151	ac5b6a233a724e2f9b6a233a727e2fc6	completed	blocking_activation_result_ready	1158	20	20313998588	102.15021086357278	334_reusable-concurrency-c1-topology-3x4-w20-formal-child2-internal-queue		
1152	d55189dbcbc742e59189dbcbc762e5e7	completed	blocking_activation_result_ready	1154	20	20283935098	73.2902967824607	334_reusable-concurrency-c1-topology-3x4-w20-formal-child2-internal-queue		
1153	4ceddcfb19f540d3addcfb19f570d312	completed	blocking_activation_result_ready	1156	20	20296662235	94.65826782156884	334_reusable-concurrency-c1-topology-3x4-w20-formal-child2-internal-queue		
1154	73091f1378c64519891f1378c68519c5	completed	blocking_activation_result_ready	1155	20	20293274687	71.30587134113352	334_reusable-concurrency-c1-topology-3x4-w20-formal-child2-internal-queue		
1155	ef2ae65cfff04128aae65cfff04128e1	completed	blocking_activation_result_ready	1150	20	20264174304	71.73850122574555	334_reusable-concurrency-c1-topology-3x4-w20-formal-child2-internal-queue		
1156	d0c9476ba1f94d9389476ba1f92d9306	completed	blocking_activation_result_ready	1152	20	20273481036	75.2369919162705	334_reusable-concurrency-c1-topology-3x4-w20-formal-child2-internal-queue		
1157	6cb3983d3d904a7bb3983d3d90ea7ba4	completed	blocking_activation_result_ready	1151	20	20267193407	76.07957130409275	334_reusable-concurrency-c1-topology-3x4-w20-formal-child2-internal-queue		
1158	46614bf2747c49a3a14bf2747cf9a388	completed	blocking_activation_result_ready	1159	20	20350301505	86.94018000929495	334_reusable-concurrency-c1-topology-3x4-w20-formal-child2-internal-queue		
1159	62bb4454d9434e3cbb4454d9431e3ced	completed	blocking_activation_result_ready	1160	20	20371528695	80.33539674665985	334_reusable-concurrency-c1-topology-3x4-w20-formal-child2-internal-queue		
1160	1aeae2d6c14b4c66aae2d6c14bac6693	completed	blocking_activation_result_ready	1157	20	20313257703	93.12986134965936	334_reusable-concurrency-c1-topology-3x4-w20-formal-child2-internal-queue		
1161	466468dfa69a4b21a468dfa69a0b2117	completed	blocking_activation_result_ready	1164	20	20419202436	70.40013086539527	334_reusable-concurrency-c1-topology-3x4-w20-formal-child2-internal-queue		
1162	c68259e0040b4eba8259e0040b9ebae4	completed	blocking_activation_result_ready	1163	20	20406048002	73.73857394066556	334_reusable-concurrency-c1-topology-3x4-w20-formal-child2-internal-queue		
1163	3f697e5852f242e1a97e5852f2b2e1be	completed	blocking_activation_result_ready	1161	20	20379257546	78.95902661743924	334_reusable-concurrency-c1-topology-3x4-w20-formal-child2-internal-queue		
1164	80f03ce82ded47beb03ce82ded37becf	completed	blocking_activation_result_ready	1169	20	20476643817	86.9747115546748	334_reusable-concurrency-c1-topology-3x4-w20-formal-child2-internal-queue		
1165	3b1c5e5fd33245939c5e5fd332459372	completed	blocking_activation_result_ready	1162	20	20384377568	78.78821767271565	334_reusable-concurrency-c1-topology-3x4-w20-formal-child2-internal-queue		
1166	376ad68d782d4ff2aad68d782d4ff2c4	completed	blocking_activation_result_ready	1165	20	20434775139	67.76881025490107	334_reusable-concurrency-c1-topology-3x4-w20-formal-child2-internal-queue		
1167	dcc0557fee694e2a80557fee69ee2a0e	completed	blocking_activation_result_ready	1171	20	20483266439	92.56129658975675	334_reusable-concurrency-c1-topology-3x4-w20-formal-child2-internal-queue		
1168	d2e08dec88b948b6a08dec88b998b69b	completed	blocking_activation_result_ready	1166	20	20435878602	70.29945645760807	334_reusable-concurrency-c1-topology-3x4-w20-formal-child2-internal-queue		
1169	a39ac74f13cb437c9ac74f13cb137ce4	completed	blocking_activation_result_ready	1170	20	20479494898	92.88475211990173	334_reusable-concurrency-c1-topology-3x4-w20-formal-child2-internal-queue		
1170	0e00452f313d446a80452f313d546ab8	completed	blocking_activation_result_ready	1168	20	20475062934	81.59047578058119	334_reusable-concurrency-c1-topology-3x4-w20-formal-child2-internal-queue		
1171	7c53f7120185410b93f7120185d10b69	completed	blocking_activation_result_ready	1167	20	20471974933	63.04899140859451	334_reusable-concurrency-c1-topology-3x4-w20-formal-child2-internal-queue		
1172	b42cc1ffdfa447feacc1ffdfa457fe6f	completed	blocking_activation_result_ready	1173	20	20525674970	81.85799576132749	334_reusable-concurrency-c1-topology-3x4-w20-formal-child2-internal-queue		
1173	6bfb010291b24bcabb010291b22bca38	completed	blocking_activation_result_ready	1174	20	20528230625	81.86805647080062	334_reusable-concurrency-c1-topology-3x4-w20-formal-child2-internal-queue		
1174	5b6f03b917014f0faf03b91701cf0fb8	completed	blocking_activation_result_ready	1172	20	20508946189	84.93825835876444	334_reusable-concurrency-c1-topology-3x4-w20-formal-child2-internal-queue		
1175	a33e8779a24f4444be8779a24fc44415	completed	blocking_activation_result_ready	1179	20	20584633405	85.3490284506719	334_reusable-concurrency-c1-topology-3x4-w20-formal-child2-internal-queue		
1176	e9e52ff9f0674e76a52ff9f0676e7645	completed	blocking_activation_result_ready	1177	20	20572251873	77.2218154563093	334_reusable-concurrency-c1-topology-3x4-w20-formal-child2-internal-queue		
1177	47c76cc9b73545b3876cc9b73525b3c6	completed	blocking_activation_result_ready	1178	20	20583215566	74.28951973452432	334_reusable-concurrency-c1-topology-3x4-w20-formal-child2-internal-queue		
1178	07f424442c124c5fb424442c124c5f97	completed	blocking_activation_result_ready	1175	20	20559832954	75.03049980438236	334_reusable-concurrency-c1-topology-3x4-w20-formal-child2-internal-queue		
1179	33dbf60c24844a789bf60c2484ca786e	completed	blocking_activation_result_ready	1176	20	20563203706	75.0352278201391	334_reusable-concurrency-c1-topology-3x4-w20-formal-child2-internal-queue		
1180	64dd217d9cfe4c579d217d9cfe7c5791	completed	blocking_activation_result_ready	1181	20	20623760751	81.79851875561305	334_reusable-concurrency-c1-topology-3x4-w20-formal-child2-internal-queue		
1181	c16159d7b1754e38a159d7b1757e382d	completed	blocking_activation_result_ready	1184	20	20659183604	83.3398727353473	334_reusable-concurrency-c1-topology-3x4-w20-formal-child2-internal-queue		
1182	b1f04ef84cbc4089b04ef84cbcd089fe	completed	blocking_activation_result_ready	1180	20	20599977669	87.54690226798742	334_reusable-concurrency-c1-topology-3x4-w20-formal-child2-internal-queue		
1183	73dd165ad7404f039d165ad7400f0364	completed	blocking_activation_result_ready	1182	20	20633680223	80.22377459237248	334_reusable-concurrency-c1-topology-3x4-w20-formal-child2-internal-queue		
1184	92d50e7799914b78950e779991fb7845	completed	blocking_activation_result_ready	1186	20	20677277894	82.85028441591287	334_reusable-concurrency-c1-topology-3x4-w20-formal-child2-internal-queue		
1185	c75e6786004f4e989e6786004fee9805	completed	blocking_activation_result_ready	1185	20	20674808227	83.32184602816092	334_reusable-concurrency-c1-topology-3x4-w20-formal-child2-internal-queue		
1186	bb9dc52a4b9042979dc52a4b902297b0	completed	blocking_activation_result_ready	1183	20	20657122158	79.65774063978134	334_reusable-concurrency-c1-topology-3x4-w20-formal-child2-internal-queue		
1187	ab36855d136f4a75b6855d136f1a75c5	completed	blocking_activation_result_ready	1187	20	20703002283	86.56983686130668	334_reusable-concurrency-c1-topology-3x4-w20-formal-child2-internal-queue		
1188	b2b095da323b4a97b095da323b4a9704	completed	blocking_activation_result_ready	1189	20	20717501907	83.03644689700894	334_reusable-concurrency-c1-topology-3x4-w20-formal-child2-internal-queue		
1189	7d3651eb8d454de6b651eb8d450de64e	completed	blocking_activation_result_ready	1191	20	20735101928	79.41692443514187	334_reusable-concurrency-c1-topology-3x4-w20-formal-child2-internal-queue		
1190	49a78dbf713f41caa78dbf713ff1cab7	completed	blocking_activation_result_ready	1190	20	20732553371	79.03311737757937	334_reusable-concurrency-c1-topology-3x4-w20-formal-child2-internal-queue		
1191	b5f2ad1481a9435eb2ad1481a9935ea5	completed	blocking_activation_result_ready	1188	20	20705785476	86.68420444154087	334_reusable-concurrency-c1-topology-3x4-w20-formal-child2-internal-queue		
1192	42aceddc6d0b4b12aceddc6d0bab12c2	completed	blocking_activation_result_ready	1193	20	20763866924	83.96589248350513	334_reusable-concurrency-c1-topology-3x4-w20-formal-child2-internal-queue		
1193	9240194fca9d410580194fca9d71059a	completed	blocking_activation_result_ready	1192	20	20752269490	82.19516962742503	334_reusable-concurrency-c1-topology-3x4-w20-formal-child2-internal-queue		
1194	490e944c7b0d42488e944c7b0de2481c	completed	blocking_activation_result_ready	1194	20	20776992763	80.39808694681665	334_reusable-concurrency-c1-topology-3x4-w20-formal-child2-internal-queue		
1195	9f6062276eed461ca062276eedf61cde	completed	blocking_activation_result_ready	1195	20	20789220552	87.18867181302453	334_reusable-concurrency-c1-topology-3x4-w20-formal-child2-internal-queue		
1196	2f1eab6d3524448b9eab6d3524448bd0	completed	blocking_activation_result_ready	1196	20	20817866977	78.53507858225854	334_reusable-concurrency-c1-topology-3x4-w20-formal-child2-internal-queue		
1197	f92a2e4fe6ff493eaa2e4fe6ff093e3d	completed	blocking_activation_result_ready	1198	20	20838136620	78.4556618065764	334_reusable-concurrency-c1-topology-3x4-w20-formal-child2-internal-queue		
1198	3233af1328004bb3b3af1328006bb35b	completed	blocking_activation_result_ready	1197	20	20825517970	78.96832713460262	334_reusable-concurrency-c1-topology-3x4-w20-formal-child2-internal-queue		
1199	17032d1f4de74de3832d1f4de77de32a	completed	blocking_activation_result_ready	1199	20	20850603221	75.1965027490187	334_reusable-concurrency-c1-topology-3x4-w20-formal-child2-internal-queue		
1200	82f9a21322b545adb9a21322b5b5adef	completed	blocking_activation_result_ready	1202	20	20899215599	75.3195310593945	334_reusable-concurrency-c1-topology-3x4-w20-formal-child2-internal-queue		
1201	d4827e43baf642ed827e43baf6b2ed25	completed	blocking_activation_result_ready	1203	20	20901514374	81.83566697557994	334_reusable-concurrency-c1-topology-3x4-w20-formal-child2-internal-queue		
1202	19488ad3703e4059888ad3703e905957	completed	blocking_activation_result_ready	1200	20	20871682722	73.6092309626645	334_reusable-concurrency-c1-topology-3x4-w20-formal-child2-internal-queue		
1203	fa6c51dc60e543bfac51dc60e523bfe1	completed	blocking_activation_result_ready	1205	20	20917433871	82.43151742031027	334_reusable-concurrency-c1-topology-3x4-w20-formal-child2-internal-queue		
1204	f430ad24d8eb4bc6b0ad24d8eb5bc68a	completed	blocking_activation_result_ready	1204	20	20908566976	80.19780885792177	334_reusable-concurrency-c1-topology-3x4-w20-formal-child2-internal-queue		
1205	ee32ee17319a466eb2ee17319a166e22	completed	blocking_activation_result_ready	1201	20	20896485057	73.33413106201102	334_reusable-concurrency-c1-topology-3x4-w20-formal-child2-internal-queue		
1206	607656fcf77e44d7b656fcf77e44d775	completed	blocking_activation_result_ready	1206	20	20933477352	78.06417763772163	334_reusable-concurrency-c1-topology-3x4-w20-formal-child2-internal-queue		
1207	71c65ebee373467e865ebee373367e84	completed	blocking_activation_result_ready	1207	20	20935614945	85.97984231829994	334_reusable-concurrency-c1-topology-3x4-w20-formal-child2-internal-queue		
1208	8966f32737dd473da6f32737dd973d51	completed	blocking_activation_result_ready	1209	20	20959705839	82.57504258849109	334_reusable-concurrency-c1-topology-3x4-w20-formal-child2-internal-queue		
1209	d976c61d157e429bb6c61d157e529b6b	completed	blocking_activation_result_ready	1211	20	21024631283	69.07762427060288	334_reusable-concurrency-c1-topology-3x4-w20-formal-child2-internal-queue		
1210	1f6e257d1d1d42a5ae257d1d1da2a51f	completed	blocking_activation_result_ready	1208	20	20956563003	79.75196278253433	334_reusable-concurrency-c1-topology-3x4-w20-formal-child2-internal-queue		
1211	2667d76da7c54fe4a7d76da7c59fe449	completed	blocking_activation_result_ready	1210	20	20979714583	80.91884579365147	334_reusable-concurrency-c1-topology-3x4-w20-formal-child2-internal-queue		
1212	f0d337d88f55454d9337d88f55754ddc	completed	blocking_activation_result_ready	1212	20	21047690029	67.70009989048188	334_reusable-concurrency-c1-topology-3x4-w20-formal-child2-internal-queue		
1213	cf3c9698dfbb4fe6bc9698dfbbafe66f	completed	blocking_activation_result_ready	1220	20	21101168753	87.151274144438	334_reusable-concurrency-c1-topology-3x4-w20-formal-child2-internal-queue		
1214	1681271ebf8046dd81271ebf80d6dd7c	completed	blocking_activation_result_ready	1213	20	21053490615	69.05512436135619	334_reusable-concurrency-c1-topology-3x4-w20-formal-child2-internal-queue		
1215	b5dd737c7b8246d39d737c7b8296d369	completed	blocking_activation_result_ready	1221	20	21104619539	96.091718238211	334_reusable-concurrency-c1-topology-3x4-w20-formal-child2-internal-queue		
1216	6dbc7f47493346bebc7f47493326be5e	completed	blocking_activation_result_ready	1215	20	21075162688	69.94422116228439	334_reusable-concurrency-c1-topology-3x4-w20-formal-child2-internal-queue		
1217	c48608078c3f46728608078c3f3672fa	completed	blocking_activation_result_ready	1218	20	21085962688	80.70176055894169	334_reusable-concurrency-c1-topology-3x4-w20-formal-child2-internal-queue		
1218	cc832e5028154030832e5028159030f7	completed	blocking_activation_result_ready	1214	20	21072777641	67.61670892451777	334_reusable-concurrency-c1-topology-3x4-w20-formal-child2-internal-queue		
1219	69bc390f2b32498abc390f2b32498a2a	completed	blocking_activation_result_ready	1217	20	21085450302	76.94310225324335	334_reusable-concurrency-c1-topology-3x4-w20-formal-child2-internal-queue		
1220	e8cfe0f6a49046058fe0f6a490860535	completed	blocking_activation_result_ready	1216	20	21080052313	76.28191684984243	334_reusable-concurrency-c1-topology-3x4-w20-formal-child2-internal-queue		
1221	e604c25ed3e74bb384c25ed3e71bb306	completed	blocking_activation_result_ready	1219	20	21089918452	83.57178068620296	334_reusable-concurrency-c1-topology-3x4-w20-formal-child2-internal-queue		
1222	d8ab0aedc77144fdab0aedc77164fd8d	completed	blocking_activation_result_ready	1222	20	21104921441	97.22621295315473	334_reusable-concurrency-c1-topology-3x4-w20-formal-child2-internal-queue		
1223	f8419c5808654aef819c5808658aefbb	completed	blocking_activation_result_ready	1223	20	21121999753	90.70896261107636	334_reusable-concurrency-c1-topology-3x4-w20-formal-child2-internal-queue		
1224	4acd4b7a445442808d4b7a4454d280d4	completed	blocking_activation_result_ready	1224	20	21182671661	72.96482364028182	334_reusable-concurrency-c1-topology-3x4-w20-formal-child2-internal-queue		
1225	3a94d102b62343c194d102b62383c139	completed	blocking_activation_result_ready	1225	20	21188128210	73.88407187931625	334_reusable-concurrency-c1-topology-3x4-w20-formal-child2-internal-queue		
1226	0546fe83533741d386fe83533731d394	completed	blocking_activation_result_ready	1233	20	21256783305	98.3803205122624	334_reusable-concurrency-c1-topology-3x4-w20-formal-child2-internal-queue		
1227	5510476ef37244bb90476ef37244bb96	completed	blocking_activation_result_ready	1227	20	21230852172	67.74213470037775	334_reusable-concurrency-c1-topology-3x4-w20-formal-child2-internal-queue		
1228	6d1469ab2fe5409a9469ab2fe5409a41	completed	blocking_activation_result_ready	1229	20	21242997605	70.59859268906531	334_reusable-concurrency-c1-topology-3x4-w20-formal-child2-internal-queue		
1229	e94658e81b914c668658e81b91ec665c	completed	blocking_activation_result_ready	1234	20	21274634893	99.07991811956303	334_reusable-concurrency-c1-topology-3x4-w20-formal-child2-internal-queue		
1230	0500be4ca6864e8c80be4ca6863e8c97	completed	blocking_activation_result_ready	1231	20	21248242115	89.44110542909657	334_reusable-concurrency-c1-topology-3x4-w20-formal-child2-internal-queue		
1231	ebb361e4f47a4feeb361e4f47affeefa	completed	blocking_activation_result_ready	1228	20	21235337910	71.74246855725792	334_reusable-concurrency-c1-topology-3x4-w20-formal-child2-internal-queue		
1232	cc44e73207c646f384e73207c696f321	completed	blocking_activation_result_ready	1230	20	21245318914	75.29997694201757	334_reusable-concurrency-c1-topology-3x4-w20-formal-child2-internal-queue		
1233	046eb22cd5654a11aeb22cd565ea11d1	completed	blocking_activation_result_ready	1226	20	21223635882	68.9278374824962	334_reusable-concurrency-c1-topology-3x4-w20-formal-child2-internal-queue		
1234	279869a53355486f9869a53355486f2e	completed	blocking_activation_result_ready	1232	20	21253704608	97.08050807413974	334_reusable-concurrency-c1-topology-3x4-w20-formal-child2-internal-queue		
1235	c9e3ac4024b4486fa3ac4024b4386f02	completed	blocking_activation_result_ready	1235	20	21296775406	90.24752812246092	334_reusable-concurrency-c1-topology-3x4-w20-formal-child2-internal-queue		
1236	42096c9c7b8b4d0f896c9c7b8b7d0fb6	completed	blocking_activation_result_ready	1236	20	21317407720	84.26182597980589	334_reusable-concurrency-c1-topology-3x4-w20-formal-child2-internal-queue		
1237	1be5316607ec4e7aa5316607ec9e7a2e	completed	blocking_activation_result_ready	1238	20	21394213637	64.88220089794436	334_reusable-concurrency-c1-topology-3x4-w20-formal-child2-internal-queue		
1238	cb06722102af431586722102af031542	completed	blocking_activation_result_ready	1240	20	21412571848	64.22543745109535	334_reusable-concurrency-c1-topology-3x4-w20-formal-child2-internal-queue		
1239	1072ff24d5c14f0db2ff24d5c1cf0db4	completed	blocking_activation_result_ready	1237	20	21377471553	68.48816629444546	334_reusable-concurrency-c1-topology-3x4-w20-formal-child2-internal-queue		
1240	9b3d3c58c5b14519bd3c58c5b18519d1	completed	blocking_activation_result_ready	1239	20	21399343315	64.63604703930983	334_reusable-concurrency-c1-topology-3x4-w20-formal-child2-internal-queue		
1241	713a9cf48962469cba9cf48962969c9b	completed	blocking_activation_result_ready	1242	20	21440467135	59.60440070496032	334_reusable-concurrency-c1-topology-3x4-w20-formal-child2-internal-queue		
1242	c8375bf61f8f4d04b75bf61f8fad0460	completed	blocking_activation_result_ready	1244	20	21451427137	74.41708834241577	334_reusable-concurrency-c1-topology-3x4-w20-formal-child2-internal-queue		
1243	104036df536e481d8036df536e481dc7	completed	blocking_activation_result_ready	1241	20	21417565708	63.90875486320461	334_reusable-concurrency-c1-topology-3x4-w20-formal-child2-internal-queue		
1244	9fd0de734b25432f90de734b25632fa5	completed	blocking_activation_result_ready	1247	20	21467743016	84.42707055406498	334_reusable-concurrency-c1-topology-3x4-w20-formal-child2-internal-queue		
1245	b7c2389d09eb440482389d09eb34044a	completed	blocking_activation_result_ready	1246	20	21458444721	85.17566921746077	334_reusable-concurrency-c1-topology-3x4-w20-formal-child2-internal-queue		
1246	a13557170d7e4043b557170d7e004348	completed	blocking_activation_result_ready	1248	20	21469315390	85.47831184437067	334_reusable-concurrency-c1-topology-3x4-w20-formal-child2-internal-queue		
1247	512584beec9c46c4a584beec9c66c427	completed	blocking_activation_result_ready	1245	20	21457951277	74.12264719383684	334_reusable-concurrency-c1-topology-3x4-w20-formal-child2-internal-queue		
1248	cafdd74c3d714065bdd74c3d71f0658b	completed	blocking_activation_result_ready	1243	20	21444209004	62.07146423614014	334_reusable-concurrency-c1-topology-3x4-w20-formal-child2-internal-queue		
1249	6ba424e128b446e2a424e128b4a6e223	completed	blocking_activation_result_ready	1252	20	21584121091	60.52966794637784	334_reusable-concurrency-c1-topology-3x4-w20-formal-child2-internal-queue		
1250	3749d9ba5343469989d9ba534326997f	completed	blocking_activation_result_ready	1249	20	21499198137	78.06385039044338	334_reusable-concurrency-c1-topology-3x4-w20-formal-child2-internal-queue		
1251	b23597b04d4b447cb597b04d4bf47c3b	completed	blocking_activation_result_ready	1250	20	21534144549	69.24593102686332	334_reusable-concurrency-c1-topology-3x4-w20-formal-child2-internal-queue		
1252	12b662be9bfa40c6b662be9bfaa0c679	completed	blocking_activation_result_ready	1253	20	21596291015	58.90882419135636	334_reusable-concurrency-c1-topology-3x4-w20-formal-child2-internal-queue		
1253	af1004ab747b47539004ab747b2753df	completed	blocking_activation_result_ready	1254	20	21607724077	60.04397909239827	334_reusable-concurrency-c1-topology-3x4-w20-formal-child2-internal-queue		
1254	9bcbd48f146547678bd48f1465176747	completed	blocking_activation_result_ready	1251	20	21568141920	62.519575465199175	334_reusable-concurrency-c1-topology-3x4-w20-formal-child2-internal-queue		
1255	2210f9a92c19441490f9a92c19841465	completed	blocking_activation_result_ready	1255	20	21619345746	62.00198071527593	334_reusable-concurrency-c1-topology-3x4-w20-formal-child2-internal-queue		
1256	b552619271af43df92619271afb3df21	completed	blocking_activation_result_ready	1256	20	21620755365	65.93095522465651	334_reusable-concurrency-c1-topology-3x4-w20-formal-child2-internal-queue		
1257	d0e4d9f92b48454aa4d9f92b48254a29	completed	blocking_activation_result_ready	1259	20	21659823428	76.78129347248863	334_reusable-concurrency-c1-topology-3x4-w20-formal-child2-internal-queue		
1258	4dc47f4a747e4e70847f4a747eee700b	completed	blocking_activation_result_ready	1260	20	21663827656	79.60014997941859	334_reusable-concurrency-c1-topology-3x4-w20-formal-child2-internal-queue		
1259	e11349beaead48229349beaeadb8228c	completed	blocking_activation_result_ready	1258	20	21655503490	76.54334743722329	334_reusable-concurrency-c1-topology-3x4-w20-formal-child2-internal-queue		
1260	30ba34f251954d36ba34f25195ed36b6	completed	blocking_activation_result_ready	1261	20	21684770907	74.84884304215952	334_reusable-concurrency-c1-topology-3x4-w20-formal-child2-internal-queue		
1261	94d910529d8a47809910529d8a278061	completed	blocking_activation_result_ready	1257	20	21648069264	73.9104552144567	334_reusable-concurrency-c1-topology-3x4-w20-formal-child2-internal-queue		
1262	ce4b4ec914f047d68b4ec914f0c7d6c4	completed	blocking_activation_result_ready	1263	20	21712786452	74.46641610802706	334_reusable-concurrency-c1-topology-3x4-w20-formal-child2-internal-queue		
1263	c9a8fc3d038f4ce2a8fc3d038f7ce282	completed	blocking_activation_result_ready	1262	20	21711367179	73.82796881347129	334_reusable-concurrency-c1-topology-3x4-w20-formal-child2-internal-queue		
1264	0a502a87fe184763902a87fe18c763c5	completed	blocking_activation_result_ready	1264	20	21744474432	68.24836926066831	334_reusable-concurrency-c1-topology-3x4-w20-formal-child2-internal-queue		
1265	94a62064a761437da62064a761437dd2	completed	blocking_activation_result_ready	1267	20	21782546654	63.53166731827921	334_reusable-concurrency-c1-topology-3x4-w20-formal-child2-internal-queue		
1266	edcb2fd97db94c678b2fd97db93c672d	completed	blocking_activation_result_ready	1266	20	21761908774	65.90566428637266	334_reusable-concurrency-c1-topology-3x4-w20-formal-child2-internal-queue		
1267	f123e7358f344920a3e7358f34c920a0	completed	blocking_activation_result_ready	1269	20	21787652817	69.3349818418616	334_reusable-concurrency-c1-topology-3x4-w20-formal-child2-internal-queue		
1268	7ac7093c746a457e87093c746af57e90	completed	blocking_activation_result_ready	1265	20	21755033089	67.32152286724305	334_reusable-concurrency-c1-topology-3x4-w20-formal-child2-internal-queue		
1269	0bf8e89d1a144372b8e89d1a14537203	completed	blocking_activation_result_ready	1270	20	21795945449	76.39393141887595	334_reusable-concurrency-c1-topology-3x4-w20-formal-child2-internal-queue		
1270	bced297bb5cf489cad297bb5cfc89c87	completed	blocking_activation_result_ready	1274	20	21855682150	80.65879750565733	334_reusable-concurrency-c1-topology-3x4-w20-formal-child2-internal-queue		
1271	34134194d3af47a0934194d3af27a0bf	completed	blocking_activation_result_ready	1268	20	21786354027	63.08379379009253	334_reusable-concurrency-c1-topology-3x4-w20-formal-child2-internal-queue		
1272	8f96987d124f447e96987d124fb47ea1	completed	blocking_activation_result_ready	1272	20	21847839697	75.83841088557855	334_reusable-concurrency-c1-topology-3x4-w20-formal-child2-internal-queue		
1273	67630b44cdaa4bbda30b44cdaa0bbd15	completed	blocking_activation_result_ready	1271	20	21815516798	80.84895346567892	334_reusable-concurrency-c1-topology-3x4-w20-formal-child2-internal-queue		
1274	a01368f9d61a468b9368f9d61ad68b3d	completed	blocking_activation_result_ready	1277	20	21905059852	77.82386178282918	334_reusable-concurrency-c1-topology-3x4-w20-formal-child2-internal-queue		
1275	2934134aa9374dbcb4134aa937cdbce0	completed	blocking_activation_result_ready	1275	20	21879466021	76.88750905710829	334_reusable-concurrency-c1-topology-3x4-w20-formal-child2-internal-queue		
1276	05dc071af1654d469c071af1657d461a	completed	blocking_activation_result_ready	1273	20	21852172368	78.16122497992262	334_reusable-concurrency-c1-topology-3x4-w20-formal-child2-internal-queue		
1277	54ae9625c386430cae9625c386d30c66	completed	blocking_activation_result_ready	1276	20	21901421850	71.25895348708984	334_reusable-concurrency-c1-topology-3x4-w20-formal-child2-internal-queue		
1278	790883712d7541068883712d75010691	completed	blocking_activation_result_ready	1278	20	21905374558	80.04127952900893	334_reusable-concurrency-c1-topology-3x4-w20-formal-child2-internal-queue		
1279	6a248fb53bca489fa48fb53bca689f8c	completed	blocking_activation_result_ready	1283	20	21967991716	78.36828945659992	334_reusable-concurrency-c1-topology-3x4-w20-formal-child2-internal-queue		
1280	c9f1dedb93064868b1dedb9306f8686d	completed	blocking_activation_result_ready	1279	20	21930358913	73.92745539462226	334_reusable-concurrency-c1-topology-3x4-w20-formal-child2-internal-queue		
1281	f8c2d8ac97b84e3082d8ac97b8fe30c9	completed	blocking_activation_result_ready	1281	20	21939594834	78.48556544692131	334_reusable-concurrency-c1-topology-3x4-w20-formal-child2-internal-queue		
1282	359754c3ea6f45a69754c3ea6f05a6ad	completed	blocking_activation_result_ready	1280	20	21935125198	73.71979802161275	334_reusable-concurrency-c1-topology-3x4-w20-formal-child2-internal-queue		
1283	f54f42e208f445498f42e208f47549b1	completed	blocking_activation_result_ready	1282	20	21958453710	80.94330321874162	334_reusable-concurrency-c1-topology-3x4-w20-formal-child2-internal-queue		
1284	fb7e4b8389144b33be4b8389145b334c	completed	blocking_activation_result_ready	1284	20	22007573720	76.01692939587126	334_reusable-concurrency-c1-topology-3x4-w20-formal-child2-internal-queue		
1285	cef13e05ac5741a5b13e05ac57b1a58f	completed	blocking_activation_result_ready	1285	20	22021674182	75.00719328359489	334_reusable-concurrency-c1-topology-3x4-w20-formal-child2-internal-queue		
1286	0506ad8e57a0438d86ad8e57a0d38d37	completed	blocking_activation_result_ready	1287	20	22045528738	76.05080808470588	334_reusable-concurrency-c1-topology-3x4-w20-formal-child2-internal-queue		
1287	aeed4478313a46f8ad4478313a66f8d1	completed	blocking_activation_result_ready	1286	20	22036599969	72.8090319749783	334_reusable-concurrency-c1-topology-3x4-w20-formal-child2-internal-queue		
1288	8ffeae49d1164c84beae49d1169c84a7	completed	blocking_activation_result_ready	1288	20	22048654985	76.2482918571727	334_reusable-concurrency-c1-topology-3x4-w20-formal-child2-internal-queue		
1289	4d56b979bd92431196b979bd92c31183	completed	blocking_activation_result_ready	1289	20	22070843914	70.62368913384307	334_reusable-concurrency-c1-topology-3x4-w20-formal-child2-internal-queue		
1290	cb0407136f15410d8407136f15410de0	completed	blocking_activation_result_ready	1290	20	22079723179	70.4776939332061	334_reusable-concurrency-c1-topology-3x4-w20-formal-child2-internal-queue		
1291	c55770855e3c4a7e9770855e3caa7edd	completed	blocking_activation_result_ready	1292	20	22089087030	82.90247088451751	334_reusable-concurrency-c1-topology-3x4-w20-formal-child2-internal-queue		
1292	41b87024a2e04ffbb87024a2e0cffb6c	completed	blocking_activation_result_ready	1291	20	22085576954	74.05757404657649	334_reusable-concurrency-c1-topology-3x4-w20-formal-child2-internal-queue		
1293	15bddd95a2064c34bddd95a2068c342a	completed	blocking_activation_result_ready	1294	20	22106648828	79.69185454971038	334_reusable-concurrency-c1-topology-3x4-w20-formal-child2-internal-queue		
1294	8abfc41ae0b9486abfc41ae0b9286a38	completed	blocking_activation_result_ready	1295	20	22116569918	84.35120743713462	334_reusable-concurrency-c1-topology-3x4-w20-formal-child2-internal-queue		
1295	84748cd93d4c45d2b48cd93d4c45d25c	completed	blocking_activation_result_ready	1293	20	22099086692	80.99975601253495	334_reusable-concurrency-c1-topology-3x4-w20-formal-child2-internal-queue		
1296	c467ecf7029b474ea7ecf7029b574e8f	completed	blocking_activation_result_ready	1300	20	22209268695	72.95449360960038	334_reusable-concurrency-c1-topology-3x4-w20-formal-child2-internal-queue		
1297	edd2a286cf59411f92a286cf59711f2e	completed	blocking_activation_result_ready	1298	20	22193379222	69.44331984845913	334_reusable-concurrency-c1-topology-3x4-w20-formal-child2-internal-queue		
1298	73a0d84c0326495da0d84c0326a95df4	completed	blocking_activation_result_ready	1299	20	22207602197	72.13880787820996	334_reusable-concurrency-c1-topology-3x4-w20-formal-child2-internal-queue		
1299	ab4354547fad42988354547fad62985f	completed	blocking_activation_result_ready	1297	20	22187466067	70.81997115396345	334_reusable-concurrency-c1-topology-3x4-w20-formal-child2-internal-queue		
1300	bf087320b71d4307887320b71dc307f4	completed	blocking_activation_result_ready	1302	20	22252635318	67.98521544555565	334_reusable-concurrency-c1-topology-3x4-w20-formal-child2-internal-queue		
1301	e17ba17fa4dc45cbbba17fa4dc55cbdc	completed	blocking_activation_result_ready	1296	20	22165180218	75.82697812264291	334_reusable-concurrency-c1-topology-3x4-w20-formal-child2-internal-queue		
1302	aa5b853538bd416a9b853538bdd16a99	completed	blocking_activation_result_ready	1305	20	22279795335	77.48299497174492	334_reusable-concurrency-c1-topology-3x4-w20-formal-child2-internal-queue		
1303	e550c92218ad49e990c92218ad89e994	completed	blocking_activation_result_ready	1301	20	22240229954	66.52582705573454	334_reusable-concurrency-c1-topology-3x4-w20-formal-child2-internal-queue		
1304	30b03289ef664578b03289ef660578a8	completed	blocking_activation_result_ready	1307	20	22284748441	83.60515354372797	334_reusable-concurrency-c1-topology-3x4-w20-formal-child2-internal-queue		
1305	d994fbeb0878483694fbeb0878b836c9	completed	blocking_activation_result_ready	1306	20	22282973719	81.17747933779471	334_reusable-concurrency-c1-topology-3x4-w20-formal-child2-internal-queue		
1306	35e400f3508a4df6a400f3508a6df6bf	completed	blocking_activation_result_ready	1308	20	22291601470	82.32265636607173	334_reusable-concurrency-c1-topology-3x4-w20-formal-child2-internal-queue		
1307	996a317bffd141c1aa317bffd1d1c133	completed	blocking_activation_result_ready	1309	20	22293594959	89.78633523357881	334_reusable-concurrency-c1-topology-3x4-w20-formal-child2-internal-queue		
1308	6401f6667476449d81f6667476249da7	completed	blocking_activation_result_ready	1303	20	22266469975	67.00655540878104	334_reusable-concurrency-c1-topology-3x4-w20-formal-child2-internal-queue		
1309	7de3c98b54ba4afba3c98b54ba0afbe8	completed	blocking_activation_result_ready	1311	20	22319388425	85.53900248974526	334_reusable-concurrency-c1-topology-3x4-w20-formal-child2-internal-queue		
1310	807dc76e34f647b6bdc76e34f6e7b605	completed	blocking_activation_result_ready	1304	20	22277024474	74.22506600222762	334_reusable-concurrency-c1-topology-3x4-w20-formal-child2-internal-queue		
1311	bc6e1e19876b49f0ae1e19876b09f02d	completed	blocking_activation_result_ready	1312	20	22322839488	85.56059761305269	334_reusable-concurrency-c1-topology-3x4-w20-formal-child2-internal-queue		
1312	d70d7ba5b44d4cf38d7ba5b44d4cf32f	completed	blocking_activation_result_ready	1313	20	22379009641	71.44823270635092	334_reusable-concurrency-c1-topology-3x4-w20-formal-child2-internal-queue		
1313	a1461ec3ac464193861ec3ac46319333	completed	blocking_activation_result_ready	1310	20	22298973420	91.2199681458959	334_reusable-concurrency-c1-topology-3x4-w20-formal-child2-internal-queue		
1314	2afb29d65f8d4d72bb29d65f8ded7203	completed	blocking_activation_result_ready	1314	20	22385653746	71.68332423444951	334_reusable-concurrency-c1-topology-3x4-w20-formal-child2-internal-queue		
1315	bef3015bd67d45d8b3015bd67d55d864	completed	blocking_activation_result_ready	1315	20	22406844831	68.90020151345287	334_reusable-concurrency-c1-topology-3x4-w20-formal-child2-internal-queue		
1316	fdd7befdebd04e1f97befdebd0ae1f66	completed	blocking_activation_result_ready	1316	20	22415697247	79.83489218211989	334_reusable-concurrency-c1-topology-3x4-w20-formal-child2-internal-queue		
1317	f7695611cfda44d8a95611cfda54d8c3	completed	blocking_activation_result_ready	1321	20	22458610475	91.58325984578084	334_reusable-concurrency-c1-topology-3x4-w20-formal-child2-internal-queue		
1318	36b4e653bcfe4a3cb4e653bcfe9a3cef	completed	blocking_activation_result_ready	1320	20	22456708734	80.82766265648705	334_reusable-concurrency-c1-topology-3x4-w20-formal-child2-internal-queue		
1319	8981363fa2014fbf81363fa201dfbf0d	completed	blocking_activation_result_ready	1318	20	22435941436	82.45307325567205	334_reusable-concurrency-c1-topology-3x4-w20-formal-child2-internal-queue		
1320	98c031233db843a88031233db8f3a8b9	completed	blocking_activation_result_ready	1317	20	22419862031	86.06001436410487	334_reusable-concurrency-c1-topology-3x4-w20-formal-child2-internal-queue		
1321	7408e2e54e8b4a4688e2e54e8b1a4691	completed	blocking_activation_result_ready	1323	20	22479102048	94.05918739267523	334_reusable-concurrency-c1-topology-3x4-w20-formal-child2-internal-queue		
1322	b6a6286c27614871a6286c27610871a6	completed	blocking_activation_result_ready	1319	20	22445322148	84.13261030833714	334_reusable-concurrency-c1-topology-3x4-w20-formal-child2-internal-queue		
1323	1a6d9f331498405fad9f331498905fef	completed	blocking_activation_result_ready	1322	20	22477241740	89.04464895487271	334_reusable-concurrency-c1-topology-3x4-w20-formal-child2-internal-queue		
1324	d2f73c71d5eb41b2b73c71d5eb41b2e9	completed	blocking_activation_result_ready	1324	20	22516757903	83.42599562950397	334_reusable-concurrency-c1-topology-3x4-w20-formal-child2-internal-queue		
1325	3f584d5fdf924f67984d5fdf923f67c0	completed	blocking_activation_result_ready	1326	20	22545923891	76.06003771695575	334_reusable-concurrency-c1-topology-3x4-w20-formal-child2-internal-queue		
1326	92c5b196877c4b5385b196877c1b5320	completed	blocking_activation_result_ready	1327	20	22567364515	70.76738317439086	334_reusable-concurrency-c1-topology-3x4-w20-formal-child2-internal-queue		
1327	45e5a3537f4449aba5a3537f44f9abab	completed	blocking_activation_result_ready	1325	20	22523813673	81.96105327133242	334_reusable-concurrency-c1-topology-3x4-w20-formal-child2-internal-queue		
1328	6492fff202ce4dae92fff202ce1dae4b	completed	blocking_activation_result_ready	1329	20	22578108714	70.295371132408	334_reusable-concurrency-c1-topology-3x4-w20-formal-child2-internal-queue		
1329	23155df76c6344cb955df76c6344cb2c	completed	blocking_activation_result_ready	1328	20	22573346885	70.9860708824667	334_reusable-concurrency-c1-topology-3x4-w20-formal-child2-internal-queue		
1330	92a5dd53b7954335a5dd53b7950335db	completed	blocking_activation_result_ready	1330	20	22580268671	71.09967171113031	334_reusable-concurrency-c1-topology-3x4-w20-formal-child2-internal-queue		
1331	96a18fd5ada54e74a18fd5ada51e7445	completed	blocking_activation_result_ready	1335	20	22624646233	91.82677345667408	334_reusable-concurrency-c1-topology-3x4-w20-formal-child2-internal-queue		
1332	f3c95f74893a405c895f74893a605c54	completed	blocking_activation_result_ready	1334	20	22615088907	87.17059718671455	334_reusable-concurrency-c1-topology-3x4-w20-formal-child2-internal-queue		
1333	e1479b36ce6a4ab4879b36ce6a0ab4c3	completed	blocking_activation_result_ready	1331	20	22605767207	69.83757616512246	334_reusable-concurrency-c1-topology-3x4-w20-formal-child2-internal-queue		
1334	1f8fb1e4811647098fb1e481164709d6	completed	blocking_activation_result_ready	1333	20	22614746131	84.84049287405611	334_reusable-concurrency-c1-topology-3x4-w20-formal-child2-internal-queue		
1335	435b072881a54bb49b072881a51bb48b	completed	blocking_activation_result_ready	1332	20	22607816985	70.18097993891777	334_reusable-concurrency-c1-topology-3x4-w20-formal-child2-internal-queue		
1336	e318099e8c50416298099e8c50a162e8	completed	blocking_activation_result_ready	1336	20	22634565198	91.37929929265889	334_reusable-concurrency-c1-topology-3x4-w20-formal-child2-internal-queue		
1337	76b53cfa1b8a41b6b53cfa1b8aa1b6db	completed	blocking_activation_result_ready	1337	20	22640598833	90.60564354828335	334_reusable-concurrency-c1-topology-3x4-w20-formal-child2-internal-queue		
1338	8cf9d554b7b7496eb9d554b7b7796ea1	completed	blocking_activation_result_ready	1339	20	22707494110	76.285808167389	334_reusable-concurrency-c1-topology-3x4-w20-formal-child2-internal-queue		
1339	35d94f64bdb14905994f64bdb1390589	completed	blocking_activation_result_ready	1340	20	22726905312	74.02018244657414	334_reusable-concurrency-c1-topology-3x4-w20-formal-child2-internal-queue		
1340	169caa2cc38d419a9caa2cc38da19a00	completed	blocking_activation_result_ready	1338	20	22694070697	77.48056118287187	334_reusable-concurrency-c1-topology-3x4-w20-formal-child2-internal-queue		
1341	1047db5820684f7a87db5820685f7aa2	completed	blocking_activation_result_ready	1343	20	22756104601	72.20150061216223	334_reusable-concurrency-c1-topology-3x4-w20-formal-child2-internal-queue		
1342	ca6ecc7463364756aecc746336f756be	completed	blocking_activation_result_ready	1341	20	22732376221	73.05515862455634	334_reusable-concurrency-c1-topology-3x4-w20-formal-child2-internal-queue		
1343	ebc5e99fd5e244a385e99fd5e224a365	completed	blocking_activation_result_ready	1342	20	22755605681	71.84838642588409	334_reusable-concurrency-c1-topology-3x4-w20-formal-child2-internal-queue		
1344	d1b6e955902748c1b6e955902748c11e	completed	blocking_activation_result_ready	1344	20	22765002126	80.56582247233202	334_reusable-concurrency-c1-topology-3x4-w20-formal-child2-internal-queue		
1345	3ff629eff1014981b629eff101c981af	completed	blocking_activation_result_ready	1347	20	22798093231	86.68188488510464	334_reusable-concurrency-c1-topology-3x4-w20-formal-child2-internal-queue		
1346	c8cf0345dc1d4abc8f0345dc1d8abcf1	completed	blocking_activation_result_ready	1349	20	22819516519	82.84736278514276	334_reusable-concurrency-c1-topology-3x4-w20-formal-child2-internal-queue		
1347	4b8c6b1b25b540678c6b1b25b5c06701	completed	blocking_activation_result_ready	1346	20	22786248344	83.22082813603657	334_reusable-concurrency-c1-topology-3x4-w20-formal-child2-internal-queue		
1348	c115e6860de9449a95e6860de9b49a87	completed	blocking_activation_result_ready	1350	20	22825712198	81.48513934938687	334_reusable-concurrency-c1-topology-3x4-w20-formal-child2-internal-queue		
1349	345c7af87be448ab9c7af87be488ab6d	completed	blocking_activation_result_ready	1348	20	22812913964	83.48392476747608	334_reusable-concurrency-c1-topology-3x4-w20-formal-child2-internal-queue		
1350	0aa28fce3e3d4cb9a28fce3e3d3cb969	completed	blocking_activation_result_ready	1345	20	22774463294	79.79266004954383	334_reusable-concurrency-c1-topology-3x4-w20-formal-child2-internal-queue		
1351	47875dee02114f66875dee02116f6647	completed	blocking_activation_result_ready	1351	20	22839787283	85.46275320413109	334_reusable-concurrency-c1-topology-3x4-w20-formal-child2-internal-queue		
1352	fafab076b1fb4615bab076b1fb26151e	completed	blocking_activation_result_ready	1356	20	22898628966	75.73928127845241	334_reusable-concurrency-c1-topology-3x4-w20-formal-child2-internal-queue		
1353	be8f0560e5454b818f0560e5459b8194	completed	blocking_activation_result_ready	1352	20	22857899301	79.9736675503277	334_reusable-concurrency-c1-topology-3x4-w20-formal-child2-internal-queue		
1354	b82d52eb09b04eb3ad52eb09b0deb3ce	completed	blocking_activation_result_ready	1355	20	22892456706	74.67967841571304	334_reusable-concurrency-c1-topology-3x4-w20-formal-child2-internal-queue		
1355	cbfa70720cb8458eba70720cb8658ec8	completed	blocking_activation_result_ready	1353	20	22861330707	81.10807384805771	334_reusable-concurrency-c1-topology-3x4-w20-formal-child2-internal-queue		
1356	adf128299ec84988b128299ec8e98826	completed	blocking_activation_result_ready	1357	20	22910244192	74.17149723685769	334_reusable-concurrency-c1-topology-3x4-w20-formal-child2-internal-queue		
1357	9a9c853b45d94aa69c853b45d9eaa6ca	completed	blocking_activation_result_ready	1354	20	22883621026	74.47898625489937	334_reusable-concurrency-c1-topology-3x4-w20-formal-child2-internal-queue		
1358	4b834995172f4f31834995172f3f31c0	completed	blocking_activation_result_ready	1359	20	22922291793	93.11087401254696	334_reusable-concurrency-c1-topology-3x4-w20-formal-child2-internal-queue		
1359	f4812ddbfc614c30812ddbfc61fc3073	completed	blocking_activation_result_ready	1360	20	22937570684	94.93729230449891	334_reusable-concurrency-c1-topology-3x4-w20-formal-child2-internal-queue		
1360	d0ccbffd4b7140bf8cbffd4b71a0bf12	completed	blocking_activation_result_ready	1358	20	22919416129	88.75263111612576	334_reusable-concurrency-c1-topology-3x4-w20-formal-child2-internal-queue		
1361	e693eedd99ca46e793eedd99ca46e7f7	completed	blocking_activation_result_ready	1361	20	22941340237	95.71025855475519	334_reusable-concurrency-c1-topology-3x4-w20-formal-child2-internal-queue		
1362	8590bd14d4e34fc890bd14d4e30fc892	completed	blocking_activation_result_ready	1364	20	23007625005	82.4324568335536	334_reusable-concurrency-c1-topology-3x4-w20-formal-child2-internal-queue		
1363	0f973498045f449b973498045f649baf	completed	blocking_activation_result_ready	1362	20	22965969630	95.0733245647523	334_reusable-concurrency-c1-topology-3x4-w20-formal-child2-internal-queue		
1364	8027f28d2c234dc7a7f28d2c23fdc72b	completed	blocking_activation_result_ready	1363	20	22981169870	88.86311108267887	334_reusable-concurrency-c1-topology-3x4-w20-formal-child2-internal-queue		
1365	2eada326d47c4a20ada326d47cea20a0	completed	blocking_activation_result_ready	1365	20	23017224405	82.38551849435225	334_reusable-concurrency-c1-topology-3x4-w20-formal-child2-internal-queue		
1366	3cd654e852854e2b9654e85285de2b09	completed	blocking_activation_result_ready	1370	20	23062065728	84.61900272866667	334_reusable-concurrency-c1-topology-3x4-w20-formal-child2-internal-queue		
1367	f6334bfd4440420bb34bfd4440e20b15	completed	blocking_activation_result_ready	1366	20	23047543094	76.54191291635213	334_reusable-concurrency-c1-topology-3x4-w20-formal-child2-internal-queue		
1368	553f073ed4214179bf073ed4218179a8	completed	blocking_activation_result_ready	1367	20	23053905236	78.18241368304822	334_reusable-concurrency-c1-topology-3x4-w20-formal-child2-internal-queue		
1369	80c39d3a7b4f4433839d3a7b4fe43365	completed	blocking_activation_result_ready	1371	20	23064227183	89.11071516250007	334_reusable-concurrency-c1-topology-3x4-w20-formal-child2-internal-queue		
1370	573fae16504e4049bfae16504ee04971	completed	blocking_activation_result_ready	1368	20	23057665760	81.71543713615895	334_reusable-concurrency-c1-topology-3x4-w20-formal-child2-internal-queue		
1371	d3b8649a3fcc45ceb8649a3fcc85ce40	completed	blocking_activation_result_ready	1369	20	23061617779	82.61006159158362	334_reusable-concurrency-c1-topology-3x4-w20-formal-child2-internal-queue		
1372	68c8c6176039409688c6176039f0960f	completed	blocking_activation_result_ready	1374	20	23101472794	91.80554366673765	334_reusable-concurrency-c1-topology-3x4-w20-formal-child2-internal-queue		
1373	a63478212e404161b478212e40a161cb	completed	blocking_activation_result_ready	1372	20	23074995702	92.12497262909486	334_reusable-concurrency-c1-topology-3x4-w20-formal-child2-internal-queue		
1374	e055d76be168410495d76be1687104c3	completed	blocking_activation_result_ready	1375	20	23125086278	85.97359238575223	334_reusable-concurrency-c1-topology-3x4-w20-formal-child2-internal-queue		
1375	486669ad8e554241a669ad8e55e2416f	completed	blocking_activation_result_ready	1373	20	23097226446	84.78321857267629	334_reusable-concurrency-c1-topology-3x4-w20-formal-child2-internal-queue		
1376	926bd885495245f9abd885495225f9b0	completed	blocking_activation_result_ready	1376	20	23137038448	83.88928088019587	334_reusable-concurrency-c1-topology-3x4-w20-formal-child2-internal-queue		
1377	f2acaec0bf1442b6acaec0bf1422b68c	completed	blocking_activation_result_ready	1377	20	23141491948	86.48732574079551	334_reusable-concurrency-c1-topology-3x4-w20-formal-child2-internal-queue		
1378	1fe90d9e57a94088a90d9e57a9108858	completed	blocking_activation_result_ready	1379	20	23206047953	70.48305136353692	334_reusable-concurrency-c1-topology-3x4-w20-formal-child2-internal-queue		
1379	2cff27d3bc884e48bf27d3bc88ce48bd	completed	blocking_activation_result_ready	1380	20	23213000173	72.61386597569442	334_reusable-concurrency-c1-topology-3x4-w20-formal-child2-internal-queue		
1380	414317496cf246ca8317496cf2f6ca6c	completed	blocking_activation_result_ready	1381	20	23218362597	72.19633823060347	334_reusable-concurrency-c1-topology-3x4-w20-formal-child2-internal-queue		
1381	704ca6133c4b49cc8ca6133c4b49ccf2	completed	blocking_activation_result_ready	1378	20	23200197902	71.229694813559	334_reusable-concurrency-c1-topology-3x4-w20-formal-child2-internal-queue		
1382	eeedb5dbcce64896adb5dbcce6c89667	completed	blocking_activation_result_ready	1384	20	23239771342	86.15255471379676	334_reusable-concurrency-c1-topology-3x4-w20-formal-child2-internal-queue		
1383	34b48999428b4495b48999428bb4952c	completed	blocking_activation_result_ready	1383	20	23223816218	82.4244838830214	334_reusable-concurrency-c1-topology-3x4-w20-formal-child2-internal-queue		
1384	c6e3582848c24ccea3582848c24cce07	completed	blocking_activation_result_ready	1382	20	23218898234	79.07369780920469	334_reusable-concurrency-c1-topology-3x4-w20-formal-child2-internal-queue		
1385	5929023b3ea54c5ea9023b3ea52c5ece	completed	blocking_activation_result_ready	1389	20	23280885684	91.2126195577962	334_reusable-concurrency-c1-topology-3x4-w20-formal-child2-internal-queue		
1386	e59ad629cb23441d9ad629cb23441deb	completed	blocking_activation_result_ready	1387	20	23256568952	98.68564731143093	334_reusable-concurrency-c1-topology-3x4-w20-formal-child2-internal-queue		
1387	cfa0748f6ec34c63a0748f6ec3dc6337	completed	blocking_activation_result_ready	1385	20	23244226791	88.1048008015211	334_reusable-concurrency-c1-topology-3x4-w20-formal-child2-internal-queue		
1388	4dfde80699ff4c86bde80699ff9c86ec	completed	blocking_activation_result_ready	1391	20	23358660829	67.92701945483499	334_reusable-concurrency-c1-topology-3x4-w20-formal-child2-internal-queue		
1389	5dafd2f3327f4b68afd2f3327ffb68c4	completed	blocking_activation_result_ready	1390	20	23353374630	68.65564307403143	334_reusable-concurrency-c1-topology-3x4-w20-formal-child2-internal-queue		
1390	7562a349d7b0414aa2a349d7b0f14a15	completed	blocking_activation_result_ready	1386	20	23252626291	97.52139762088846	334_reusable-concurrency-c1-topology-3x4-w20-formal-child2-internal-queue		
1391	19a4c33a1147486ba4c33a1147686b6d	completed	blocking_activation_result_ready	1388	20	23271845803	93.37938175687079	334_reusable-concurrency-c1-topology-3x4-w20-formal-child2-internal-queue		
1392	8e6f5ef3f11c4fd7af5ef3f11c0fd706	completed	blocking_activation_result_ready	1393	20	23426246561	60.786557077217	334_reusable-concurrency-c1-topology-3x4-w20-formal-child2-internal-queue		
1393	b1787616923c41afb87616923ca1af69	completed	blocking_activation_result_ready	1396	20	23431238039	67.98105983770725	334_reusable-concurrency-c1-topology-3x4-w20-formal-child2-internal-queue		
1394	78eac22686664dd0aac22686660dd02f	completed	blocking_activation_result_ready	1392	20	23423075467	57.458094411204854	334_reusable-concurrency-c1-topology-3x4-w20-formal-child2-internal-queue		
1395	3c888d2e282e4cb0888d2e282e3cb05a	completed	blocking_activation_result_ready	1395	20	23429069971	65.79300291611366	334_reusable-concurrency-c1-topology-3x4-w20-formal-child2-internal-queue		
1396	5141815c18554ed981815c1855eed9d4	completed	blocking_activation_result_ready	1394	20	23426644298	61.50600453599403	334_reusable-concurrency-c1-topology-3x4-w20-formal-child2-internal-queue		
1397	63fb5973095e4e9fbb5973095eee9f33	completed	blocking_activation_result_ready	1397	20	23431558066	68.94979716314195	334_reusable-concurrency-c1-topology-3x4-w20-formal-child2-internal-queue		
1398	08567b0d71074674967b0d71076674c5	completed	blocking_activation_result_ready	1400	20	23444444451	86.41388835717943	334_reusable-concurrency-c1-topology-3x4-w20-formal-child2-internal-queue		
1399	5555c02a281541df95c02a2815d1dff9	completed	blocking_activation_result_ready	1399	20	23438713153	85.96042725770764	334_reusable-concurrency-c1-topology-3x4-w20-formal-child2-internal-queue		
1400	7a198a571b9d406b998a571b9d906b4c	completed	blocking_activation_result_ready	1398	20	23438420253	83.95517849624446	334_reusable-concurrency-c1-topology-3x4-w20-formal-child2-internal-queue		
1401	ebd0c3f50afa44a590c3f50afae4a5bc	completed	blocking_activation_result_ready	1408	20	23541685270	74.11814225085169	334_reusable-concurrency-c1-topology-3x4-w20-formal-child2-internal-queue		
1402	e2fee9471e6144e0bee9471e6144e0d2	completed	blocking_activation_result_ready	1401	20	23449288553	86.60784758210549	334_reusable-concurrency-c1-topology-3x4-w20-formal-child2-internal-queue		
1403	106f8fddc1924ee3af8fddc1920ee36f	completed	blocking_activation_result_ready	1402	20	23499490987	71.2776783654138	334_reusable-concurrency-c1-topology-3x4-w20-formal-child2-internal-queue		
1404	1486e1c6508a493e86e1c6508ac93e08	completed	blocking_activation_result_ready	1403	20	23502110708	71.86631686455596	334_reusable-concurrency-c1-topology-3x4-w20-formal-child2-internal-queue		
1405	92495cccb5114f00895cccb511ff0036	completed	blocking_activation_result_ready	1411	20	23562704613	98.01817829451741	334_reusable-concurrency-c1-topology-3x4-w20-formal-child2-internal-queue		
1406	c99edf2de1024f989edf2de102df985a	completed	blocking_activation_result_ready	1404	20	23513011957	73.19556062337219	334_reusable-concurrency-c1-topology-3x4-w20-formal-child2-internal-queue		
1407	273ba11e40034271bba11e4003d271e1	completed	blocking_activation_result_ready	1406	20	23524595334	73.5377812834382	334_reusable-concurrency-c1-topology-3x4-w20-formal-child2-internal-queue		
1408	773181791654496ab181791654396a4b	completed	blocking_activation_result_ready	1405	20	23514847052	73.90429647098745	334_reusable-concurrency-c1-topology-3x4-w20-formal-child2-internal-queue		
1409	ffdfeb9e41ad403f9feb9e41ada03f6d	completed	blocking_activation_result_ready	1409	20	23550130327	74.28188645521166	334_reusable-concurrency-c1-topology-3x4-w20-formal-child2-internal-queue		
1410	6aa95d48ffc143f1a95d48ffc163f181	completed	blocking_activation_result_ready	1407	20	23535195881	71.78057078610661	334_reusable-concurrency-c1-topology-3x4-w20-formal-child2-internal-queue		
1411	f6deecf24fef42b39eecf24fef82b338	completed	blocking_activation_result_ready	1410	20	23560986017	96.33382970462984	334_reusable-concurrency-c1-topology-3x4-w20-formal-child2-internal-queue		
1412	fd48663f65954c0688663f65959c0623	completed	blocking_activation_result_ready	1413	20	23613005338	107.09001376679609	334_reusable-concurrency-c1-topology-3x4-w20-formal-child2-internal-queue		
1413	8dca7c5424af4d728a7c5424af3d7262	completed	blocking_activation_result_ready	1412	20	23591013577	119.09149150243503	334_reusable-concurrency-c1-topology-3x4-w20-formal-child2-internal-queue		
1414	03a36089ac9e4203a36089ac9eb20388	completed	blocking_activation_result_ready	1416	20	23678121908	81.00974794752588	334_reusable-concurrency-c1-topology-3x4-w20-formal-child2-internal-queue		
1415	a08d102fafdb462e8d102fafdb662efd	completed	blocking_activation_result_ready	1414	20	23649619882	89.69591935231797	334_reusable-concurrency-c1-topology-3x4-w20-formal-child2-internal-queue		
1416	f5332852d01e4671b32852d01ea671bf	completed	blocking_activation_result_ready	1417	20	23679981445	80.50772065216938	334_reusable-concurrency-c1-topology-3x4-w20-formal-child2-internal-queue		
1417	ee9fe4af969c4a4c9fe4af969c1a4c0a	completed	blocking_activation_result_ready	1415	20	23661006008	86.23067057061081	334_reusable-concurrency-c1-topology-3x4-w20-formal-child2-internal-queue		
1418	3e697e4c102140b9a97e4c102140b9fb	completed	blocking_activation_result_ready	1418	20	23693797741	78.31543867327883	334_reusable-concurrency-c1-topology-3x4-w20-formal-child2-internal-queue		
1419	4f0f56532caa45278f56532caa8527c3	completed	blocking_activation_result_ready	1422	20	23750602358	79.6459352690962	334_reusable-concurrency-c1-topology-3x4-w20-formal-child2-internal-queue		
1420	96156508a6f34322956508a6f3332263	completed	blocking_activation_result_ready	1419	20	23721106128	70.823291549657	334_reusable-concurrency-c1-topology-3x4-w20-formal-child2-internal-queue		
1421	51c7566d835748e587566d8357e8e54c	completed	blocking_activation_result_ready	1420	20	23740176314	67.62883037733408	334_reusable-concurrency-c1-topology-3x4-w20-formal-child2-internal-queue		
1422	ca77fc8cbba74861b7fc8cbba758619d	completed	blocking_activation_result_ready	1423	20	23750966834	80.36772219141594	334_reusable-concurrency-c1-topology-3x4-w20-formal-child2-internal-queue		
1423	89ad2948c2934f8ead2948c2939f8e21	completed	blocking_activation_result_ready	1424	20	23765387222	79.24706884408819	334_reusable-concurrency-c1-topology-3x4-w20-formal-child2-internal-queue		
1424	261999cdc89149f39999cdc891d9f3dc	completed	blocking_activation_result_ready	1421	20	23741955432	68.33708026113881	334_reusable-concurrency-c1-topology-3x4-w20-formal-child2-internal-queue		
1425	46ad4e90a9224b22ad4e90a9222b22d2	completed	blocking_activation_result_ready	1425	20	23786418060	73.6455638151183	334_reusable-concurrency-c1-topology-3x4-w20-formal-child2-internal-queue		
1426	d281447fe75d49fc81447fe75dd9fce8	completed	blocking_activation_result_ready	1426	20	23805574096	71.17975699529917	334_reusable-concurrency-c1-topology-3x4-w20-formal-child2-internal-queue		
1427	17bc3ff058a441c7bc3ff058a4f1c72b	completed	blocking_activation_result_ready	1436	20	23925189249	80.94959017671219	334_reusable-concurrency-c1-topology-3x4-w20-formal-child2-internal-queue		
1428	28ce38fea6ab40218e38fea6abe021ec	completed	blocking_activation_result_ready	1427	20	23825763822	68.83071797655751	334_reusable-concurrency-c1-topology-3x4-w20-formal-child2-internal-queue		
1429	0d563a3c2b084d0a963a3c2b08ed0ac1	completed	blocking_activation_result_ready	1428	20	23864448067	61.96501017432936	334_reusable-concurrency-c1-topology-3x4-w20-formal-child2-internal-queue		
1430	2ae4df15ef524c70a4df15ef520c7002	completed	blocking_activation_result_ready	1430	20	23891309217	60.54676147482223	334_reusable-concurrency-c1-topology-3x4-w20-formal-child2-internal-queue		
1431	5c0cfa8ad0a34f338cfa8ad0a32f3325	completed	blocking_activation_result_ready	1434	20	23917168735	74.75270320071228	334_reusable-concurrency-c1-topology-3x4-w20-formal-child2-internal-queue		
1432	effdaba5d8a2429dbdaba5d8a2f29d51	completed	blocking_activation_result_ready	1431	20	23903343741	58.71316110226773	334_reusable-concurrency-c1-topology-3x4-w20-formal-child2-internal-queue		
1433	d9f5d817b2bb4fdab5d817b2bbefda4f	completed	blocking_activation_result_ready	1435	20	23924862693	75.79872384131559	334_reusable-concurrency-c1-topology-3x4-w20-formal-child2-internal-queue		
1434	8f50be28829c4cbf90be28829cecbf02	completed	blocking_activation_result_ready	1433	20	23910153997	67.30637811830071	334_reusable-concurrency-c1-topology-3x4-w20-formal-child2-internal-queue		
1435	03007616985e40c2807616985ed0c283	completed	blocking_activation_result_ready	1429	20	23876126121	61.35048478570248	334_reusable-concurrency-c1-topology-3x4-w20-formal-child2-internal-queue		
1436	66eacec05a6e40f1aacec05a6ec0f13e	completed	blocking_activation_result_ready	1438	20	23947259257	78.90744250105409	334_reusable-concurrency-c1-topology-3x4-w20-formal-child2-internal-queue		
1437	f51f2bda63a845e29f2bda63a825e2df	completed	blocking_activation_result_ready	1432	20	23903751273	63.951356858496524	334_reusable-concurrency-c1-topology-3x4-w20-formal-child2-internal-queue		
1438	6d58f46506f64dd398f46506f6edd38c	completed	blocking_activation_result_ready	1437	20	23936312651	78.02405455073621	334_reusable-concurrency-c1-topology-3x4-w20-formal-child2-internal-queue		
1439	25a994a6b08942aba994a6b08982ab67	completed	blocking_activation_result_ready	1439	20	23975309400	78.67719342337969	334_reusable-concurrency-c1-topology-3x4-w20-formal-child2-internal-queue		
1440	55c37a05580e4052837a05580ea052c2	completed	blocking_activation_result_ready	1445	20	24051549640	75.43424287668788	334_reusable-concurrency-c1-topology-3x4-w20-formal-child2-internal-queue		
1441	221045fbbf5847409045fbbf585740ff	completed	blocking_activation_result_ready	1440	20	23996782781	77.9403583776398	334_reusable-concurrency-c1-topology-3x4-w20-formal-child2-internal-queue		
1442	3d69ada0b3974b48a9ada0b3979b48f1	completed	blocking_activation_result_ready	1442	20	24033579325	70.67713041111222	334_reusable-concurrency-c1-topology-3x4-w20-formal-child2-internal-queue		
1443	5e52a7b03236455292a7b03236c552bd	completed	blocking_activation_result_ready	1441	20	24013820429	73.56592507567277	334_reusable-concurrency-c1-topology-3x4-w20-formal-child2-internal-queue		
1444	8a3bcab6423f4ba2bbcab6423f7ba26f	completed	blocking_activation_result_ready	1446	20	24056566527	79.68367779186138	334_reusable-concurrency-c1-topology-3x4-w20-formal-child2-internal-queue		
1445	64ec9f2fe90241d7ac9f2fe90261d714	completed	blocking_activation_result_ready	1448	20	24067606618	98.44527784607008	334_reusable-concurrency-c1-topology-3x4-w20-formal-child2-internal-queue		
1446	392f54e825e24905af54e825e25905f8	completed	blocking_activation_result_ready	1447	20	24067195373	82.83921433284418	334_reusable-concurrency-c1-topology-3x4-w20-formal-child2-internal-queue		
1447	6e59d5fdef07491399d5fdef07a913d1	completed	blocking_activation_result_ready	1444	20	24048723849	70.58741473618234	334_reusable-concurrency-c1-topology-3x4-w20-formal-child2-internal-queue		
1448	f777c170905446e7b7c1709054d6e7c9	completed	blocking_activation_result_ready	1443	20	24041103693	68.9329858637506	334_reusable-concurrency-c1-topology-3x4-w20-formal-child2-internal-queue		
1449	33cd435f9c4449ca8d435f9c4449cadf	completed	blocking_activation_result_ready	1449	20	24069377266	103.49227167580301	334_reusable-concurrency-c1-topology-3x4-w20-formal-child2-internal-queue		
1450	f1ae5dec4849450eae5dec4849e50e58	completed	blocking_activation_result_ready	1450	20	24093955366	98.69420217800437	334_reusable-concurrency-c1-topology-3x4-w20-formal-child2-internal-queue		
1451	93029f40d0ad490e829f40d0ada90e3b	completed	blocking_activation_result_ready	1451	20	24134251913	86.61451791320751	334_reusable-concurrency-c1-topology-3x4-w20-formal-child2-internal-queue		
1452	13d1025b2b8147a891025b2b8107a886	completed	blocking_activation_result_ready	1452	20	24161970172	77.45366461344877	334_reusable-concurrency-c1-topology-3x4-w20-formal-child2-internal-queue		
1453	2cded48170074f979ed4817007bf97d7	completed	blocking_activation_result_ready	1455	20	24229264530	65.7026258353362	334_reusable-concurrency-c1-topology-3x4-w20-formal-child2-internal-queue		
1454	9dc06a712d104aa7806a712d10faa775	completed	blocking_activation_result_ready	1453	20	24202971583	68.301908615557	334_reusable-concurrency-c1-topology-3x4-w20-formal-child2-internal-queue		
1455	248879d042dd40548879d042ddb054c4	completed	blocking_activation_result_ready	1459	20	24236597684	76.543807069436	334_reusable-concurrency-c1-topology-3x4-w20-formal-child2-internal-queue		
1456	2fdce2aee4da43e29ce2aee4da73e2f2	completed	blocking_activation_result_ready	1456	20	24231403981	65.31364402154237	334_reusable-concurrency-c1-topology-3x4-w20-formal-child2-internal-queue		
1457	58dd9d2e5af345659d9d2e5af3f5657c	completed	blocking_activation_result_ready	1454	20	24209089704	68.5116936563745	334_reusable-concurrency-c1-topology-3x4-w20-formal-child2-internal-queue		
1458	32145fb392a94da2945fb392a90da2ba	completed	blocking_activation_result_ready	1462	20	24262318280	87.43591575820568	334_reusable-concurrency-c1-topology-3x4-w20-formal-child2-internal-queue		
1459	20e479b156ff4d78a479b156ff7d780f	completed	blocking_activation_result_ready	1461	20	24261683724	80.68963982747022	334_reusable-concurrency-c1-topology-3x4-w20-formal-child2-internal-queue		
1460	8174c683d81a4e2eb4c683d81a0e2eac	completed	blocking_activation_result_ready	1457	20	24232428054	67.54123492859978	334_reusable-concurrency-c1-topology-3x4-w20-formal-child2-internal-queue		
1461	ca1e65a631914e049e65a631910e04b7	completed	blocking_activation_result_ready	1458	20	24235793285	69.31591444735939	334_reusable-concurrency-c1-topology-3x4-w20-formal-child2-internal-queue		
1462	01e0ea6ebfc54d2ea0ea6ebfc5dd2e06	completed	blocking_activation_result_ready	1463	20	24264027890	89.71659545778245	334_reusable-concurrency-c1-topology-3x4-w20-formal-child2-internal-queue		
1463	5fc80b2021bd4742880b2021bdd7428c	completed	blocking_activation_result_ready	1460	20	24243418618	81.09121627770583	334_reusable-concurrency-c1-topology-3x4-w20-formal-child2-internal-queue		
1464	e496d892bc784eb196d892bc786eb109	completed	blocking_activation_result_ready	1464	20	24305741563	77.8156481463375	334_reusable-concurrency-c1-topology-3x4-w20-formal-child2-internal-queue		
1465	97bfe98db14f4520bfe98db14f05200e	completed	blocking_activation_result_ready	1466	20	24364930230	64.85847655033511	334_reusable-concurrency-c1-topology-3x4-w20-formal-child2-internal-queue		
1466	cd3b317605ee4db1bb317605eefdb194	completed	blocking_activation_result_ready	1465	20	24324062337	73.39107579269967	334_reusable-concurrency-c1-topology-3x4-w20-formal-child2-internal-queue		
1467	ee892133cbf74260892133cbf7926003	completed	blocking_activation_result_ready	1474	20	24416277175	96.53093357175058	334_reusable-concurrency-c1-topology-3x4-w20-formal-child2-internal-queue		
1468	55298d43dbb94596a98d43dbb99596ed	completed	blocking_activation_result_ready	1467	20	24379933542	63.95126013543937	334_reusable-concurrency-c1-topology-3x4-w20-formal-child2-internal-queue		
1469	b245fb58c198461d85fb58c198561d70	completed	blocking_activation_result_ready	1469	20	24397224888	61.003950182685784	334_reusable-concurrency-c1-topology-3x4-w20-formal-child2-internal-queue		
1470	e2de8a098c464c7f9e8a098c466c7fd8	completed	blocking_activation_result_ready	1473	20	24415654586	94.03666356920868	334_reusable-concurrency-c1-topology-3x4-w20-formal-child2-internal-queue		
1471	a5f35b6a0c0e40e9b35b6a0c0ec0e939	completed	blocking_activation_result_ready	1471	20	24407573416	73.17389879858813	334_reusable-concurrency-c1-topology-3x4-w20-formal-child2-internal-queue		
1472	b483c0da09d0482e83c0da09d0682e0f	completed	blocking_activation_result_ready	1470	20	24399341562	65.49084491035738	334_reusable-concurrency-c1-topology-3x4-w20-formal-child2-internal-queue		
1473	32f3393f53064a37b3393f53065a3771	completed	blocking_activation_result_ready	1468	20	24386456968	62.72535062294898	334_reusable-concurrency-c1-topology-3x4-w20-formal-child2-internal-queue		
1474	9e25dac2054d4391a5dac2054de39176	completed	blocking_activation_result_ready	1472	20	24415178726	78.9862731098729	334_reusable-concurrency-c1-topology-3x4-w20-formal-child2-internal-queue		
1475	69f33c5255374ad0b33c5255377ad04d	completed	blocking_activation_result_ready	1475	20	24428695674	100.28523930043745	334_reusable-concurrency-c1-topology-3x4-w20-formal-child2-internal-queue		
1476	4b00eb5e4d8e422080eb5e4d8e7220b2	completed	blocking_activation_result_ready	1484	20	24591757602	69.92614844232564	334_reusable-concurrency-c1-topology-3x4-w20-formal-child2-internal-queue		
1477	b03f688653c4428cbf688653c4628c79	completed	blocking_activation_result_ready	1477	20	24449889467	91.97033958387827	334_reusable-concurrency-c1-topology-3x4-w20-formal-child2-internal-queue		
1478	19746bb08c1d42fab46bb08c1df2fa7b	completed	blocking_activation_result_ready	1478	20	24504737107	74.36497277115367	334_reusable-concurrency-c1-topology-3x4-w20-formal-child2-internal-queue		
1479	f018bed0f9d2420d98bed0f9d2c20dd0	completed	blocking_activation_result_ready	1476	20	24440782587	95.52074293588525	334_reusable-concurrency-c1-topology-3x4-w20-formal-child2-internal-queue		
1480	49c0ea2f5955460680ea2f59556606e9	completed	blocking_activation_result_ready	1482	20	24588594429	61.2977689644118	334_reusable-concurrency-c1-topology-3x4-w20-formal-child2-internal-queue		
1481	7315aaecc0ee4b9a95aaecc0eecb9a09	completed	blocking_activation_result_ready	1486	20	24592788106	87.77401225314678	334_reusable-concurrency-c1-topology-3x4-w20-formal-child2-internal-queue		
1482	dd2c949570f547b4ac949570f5c7b495	completed	blocking_activation_result_ready	1480	20	24537545780	67.99780021676474	334_reusable-concurrency-c1-topology-3x4-w20-formal-child2-internal-queue		
1483	3c5342e5df3e471e9342e5df3ea71ed3	completed	blocking_activation_result_ready	1479	20	24537053581	66.5655099457076	334_reusable-concurrency-c1-topology-3x4-w20-formal-child2-internal-queue		
1484	71486246d7b94a79886246d7b99a79a8	completed	blocking_activation_result_ready	1487	20	24595033303	92.98011260923717	334_reusable-concurrency-c1-topology-3x4-w20-formal-child2-internal-queue		
1485	0940850c644744ef80850c644764eff7	completed	blocking_activation_result_ready	1481	20	24550083341	69.34821969614474	334_reusable-concurrency-c1-topology-3x4-w20-formal-child2-internal-queue		
1486	c11106ab92b747889106ab92b7978893	completed	blocking_activation_result_ready	1483	20	24591374911	61.09724151117294	334_reusable-concurrency-c1-topology-3x4-w20-formal-child2-internal-queue		
1487	0c159eea32dc4c1a959eea32dc5c1ac0	completed	blocking_activation_result_ready	1485	20	24592303810	74.5596860035137	334_reusable-concurrency-c1-topology-3x4-w20-formal-child2-internal-queue		
1488	71ccab4ca155431f8cab4ca155c31fae	completed	blocking_activation_result_ready	1488	20	24606880784	90.73429705980591	334_reusable-concurrency-c1-topology-3x4-w20-formal-child2-internal-queue		
1489	9adb352426b148a59b352426b118a559	completed	blocking_activation_result_ready	1489	20	24611901104	93.16355753168297	334_reusable-concurrency-c1-topology-3x4-w20-formal-child2-internal-queue		
1490	915b4030f67243089b4030f67233085b	completed	blocking_activation_result_ready	1490	20	24627183233	87.78025508775346	334_reusable-concurrency-c1-topology-3x4-w20-formal-child2-internal-queue		
1491	89a0df5e8cbd449fa0df5e8cbd249fee	completed	blocking_activation_result_ready	1491	20	24637576734	86.95526731488282	334_reusable-concurrency-c1-topology-3x4-w20-formal-child2-internal-queue		
1492	fde8e9e911c34f0ea8e9e911c34f0eda	completed	blocking_activation_result_ready	1497	20	24733962154	70.40451586955982	334_reusable-concurrency-c1-topology-3x4-w20-formal-child2-internal-queue		
1493	1bf98a7d32dd4c79b98a7d32dd2c79d7	completed	blocking_activation_result_ready	1493	20	24714689681	66.88178188583517	334_reusable-concurrency-c1-topology-3x4-w20-formal-child2-internal-queue		
1494	7d3f07ff73204ee0bf07ff73200ee0cc	completed	blocking_activation_result_ready	1492	20	24691815116	72.29706836472236	334_reusable-concurrency-c1-topology-3x4-w20-formal-child2-internal-queue		
1495	69ea093971944820aa093971948820e6	completed	blocking_activation_result_ready	1495	20	24729019534	66.59477538681075	334_reusable-concurrency-c1-topology-3x4-w20-formal-child2-internal-queue		
1496	3ff2a134417149a3b2a134417199a38a	completed	blocking_activation_result_ready	1496	20	24729749613	69.21204912840125	334_reusable-concurrency-c1-topology-3x4-w20-formal-child2-internal-queue		
1497	1d039cee4aae47f8839cee4aae77f8a8	completed	blocking_activation_result_ready	1494	20	24726736192	64.42074124070295	334_reusable-concurrency-c1-topology-3x4-w20-formal-child2-internal-queue		
1498	db082739063d4a47882739063d5a47ff	completed	blocking_activation_result_ready	1500	20	24756333283	91.41289939215586	334_reusable-concurrency-c1-topology-3x4-w20-formal-child2-internal-queue		
1499	563446c131fe4084b446c131fe4084b4	completed	blocking_activation_result_ready	1498	20	24741555318	84.45296464130455	334_reusable-concurrency-c1-topology-3x4-w20-formal-child2-internal-queue		
1500	582222d5834a48faa222d5834a08fa7e	completed	blocking_activation_result_ready	1499	20	24753820087	92.26517679811658	334_reusable-concurrency-c1-topology-3x4-w20-formal-child2-internal-queue		
1501	9d092c49d2d94196892c49d2d951965f	completed	blocking_activation_result_ready	1503	20	24798354454	96.62790684584708	334_reusable-concurrency-c1-topology-3x4-w20-formal-child2-internal-queue		
1502	a1aab196ef5649b7aab196ef56d9b7e6	completed	blocking_activation_result_ready	1502	20	24766990533	112.11007164147486	334_reusable-concurrency-c1-topology-3x4-w20-formal-child2-internal-queue		
1503	cc7ec434c49b45efbec434c49b65efeb	completed	blocking_activation_result_ready	1501	20	24764300722	93.36310576964807	334_reusable-concurrency-c1-topology-3x4-w20-formal-child2-internal-queue		
1504	e1ce7a5134b049fe8e7a5134b029feae	completed	blocking_activation_result_ready	1507	20	24897383613	66.14843556800058	334_reusable-concurrency-c1-topology-3x4-w20-formal-child2-internal-queue		
1505	ed0aaa0af8f44e888aaa0af8f46e8867	completed	blocking_activation_result_ready	1505	20	24847541226	78.35841748217668	334_reusable-concurrency-c1-topology-3x4-w20-formal-child2-internal-queue		
1506	ca06ad0337b440a386ad0337b430a31a	completed	blocking_activation_result_ready	1504	20	24836272686	81.79454483061667	334_reusable-concurrency-c1-topology-3x4-w20-formal-child2-internal-queue		
1507	68b3709d28474401b3709d284714019f	completed	blocking_activation_result_ready	1506	20	24896257877	65.90442248694352	334_reusable-concurrency-c1-topology-3x4-w20-formal-child2-internal-queue		
1508	3681868206564de681868206569de6ee	completed	blocking_activation_result_ready	1509	20	24902593347	68.80128548872217	334_reusable-concurrency-c1-topology-3x4-w20-formal-child2-internal-queue		
1509	467434109a0c4f8db434109a0c2f8dbf	completed	blocking_activation_result_ready	1508	20	24902108694	67.74427255200905	334_reusable-concurrency-c1-topology-3x4-w20-formal-child2-internal-queue		
1510	762a69e398104c3eaa69e398101c3e9d	completed	blocking_activation_result_ready	1511	20	24912705023	72.69336087791395	334_reusable-concurrency-c1-topology-3x4-w20-formal-child2-internal-queue		
1511	a8c9b7f2aa5b444d89b7f2aa5b244d34	completed	blocking_activation_result_ready	1512	20	24914751757	89.71158760753016	334_reusable-concurrency-c1-topology-3x4-w20-formal-child2-internal-queue		
1512	82cb64b7f02a4d768b64b7f02a9d7611	completed	blocking_activation_result_ready	1513	20	24915033258	99.82850610678675	334_reusable-concurrency-c1-topology-3x4-w20-formal-child2-internal-queue		
1513	83e2f4b1773344eaa2f4b1773354eaa3	completed	blocking_activation_result_ready	1510	20	24908211962	71.16710121120748	334_reusable-concurrency-c1-topology-3x4-w20-formal-child2-internal-queue		
1514	ec7630f64c7049a0b630f64c7079a0ce	completed	blocking_activation_result_ready	1514	20	24928099392	99.32301433429743	334_reusable-concurrency-c1-topology-3x4-w20-formal-child2-internal-queue		
1515	3571a71f22fd418cb1a71f22fdc18ce4	completed	blocking_activation_result_ready	1515	20	24955999400	88.11354219409047	334_reusable-concurrency-c1-topology-3x4-w20-formal-child2-internal-queue		
1516	9b36aff510ba4159b6aff510bad15901	completed	blocking_activation_result_ready	1516	20	24968911275	83.62544327861377	334_reusable-concurrency-c1-topology-3x4-w20-formal-child2-internal-queue		
1517	2f55b5e064284e3c95b5e06428ae3c52	completed	blocking_activation_result_ready	1520	20	25014765763	77.38965318910378	334_reusable-concurrency-c1-topology-3x4-w20-formal-child2-internal-queue		
1518	f7036bc8f5484025836bc8f548602500	completed	blocking_activation_result_ready	1517	20	24986543345	79.18245978973154	334_reusable-concurrency-c1-topology-3x4-w20-formal-child2-internal-queue		
1519	250a91ae7da643c28a91ae7da633c2fe	completed	blocking_activation_result_ready	1519	20	25012109605	77.43248798814979	334_reusable-concurrency-c1-topology-3x4-w20-formal-child2-internal-queue		
1520	cbe764382cb94277a764382cb99277b2	completed	blocking_activation_result_ready	1521	20	25029345355	75.4589888262329	334_reusable-concurrency-c1-topology-3x4-w20-formal-child2-internal-queue		
1521	e6bbba2e1aa242b2bbba2e1aa242b2bd	completed	blocking_activation_result_ready	1522	20	25032616208	75.2939263119049	334_reusable-concurrency-c1-topology-3x4-w20-formal-child2-internal-queue		
1522	25fafe18f39e41fdbafe18f39e81fdbb	completed	blocking_activation_result_ready	1518	20	25008969397	74.79037780953934	334_reusable-concurrency-c1-topology-3x4-w20-formal-child2-internal-queue		
1523	2404740fa440452a84740fa440b52a17	completed	blocking_activation_result_ready	1524	20	25053942668	91.882214608719	334_reusable-concurrency-c1-topology-3x4-w20-formal-child2-internal-queue		
1524	437a9d75db484f8fba9d75db481f8fc4	completed	blocking_activation_result_ready	1523	20	25037954392	83.47247568987268	334_reusable-concurrency-c1-topology-3x4-w20-formal-child2-internal-queue		
1525	f71292bc14234e259292bc14233e2522	completed	blocking_activation_result_ready	1525	20	25066402963	91.3818937661086	334_reusable-concurrency-c1-topology-3x4-w20-formal-child2-internal-queue		
1526	9e77191171b64e81b7191171b63e81be	completed	blocking_activation_result_ready	1526	20	25068223261	116.30247631697785	334_reusable-concurrency-c1-topology-3x4-w20-formal-child2-internal-queue		
1527	e83f3ae6583f4882bf3ae6583f788202	completed	blocking_activation_result_ready	1527	20	25095276176	101.06493996947222	334_reusable-concurrency-c1-topology-3x4-w20-formal-child2-internal-queue		
1528	a2841caad6a94f4e841caad6a9ef4e33	completed	blocking_activation_result_ready	1530	20	25144328812	84.70382355177108	334_reusable-concurrency-c1-topology-3x4-w20-formal-child2-internal-queue		
1529	fbdf58b26c4445589f58b26c444558e9	completed	blocking_activation_result_ready	1528	20	25132971479	86.63154609349445	334_reusable-concurrency-c1-topology-3x4-w20-formal-child2-internal-queue		
1530	fa2cf748219946a7acf7482199e6a752	completed	blocking_activation_result_ready	1531	20	25153541179	83.04400938868996	334_reusable-concurrency-c1-topology-3x4-w20-formal-child2-internal-queue		
1531	cbb5690c05004417b5690c0500b417ef	completed	blocking_activation_result_ready	1534	20	25179014993	79.70807682061985	334_reusable-concurrency-c1-topology-3x4-w20-formal-child2-internal-queue		
1532	9e6e526a798e437cae526a798e937c3a	completed	blocking_activation_result_ready	1535	20	25185133295	87.28520937506867	334_reusable-concurrency-c1-topology-3x4-w20-formal-child2-internal-queue		
1533	5e6873e142454bd2a873e142451bd24d	completed	blocking_activation_result_ready	1529	20	25137734358	85.05534578993539	334_reusable-concurrency-c1-topology-3x4-w20-formal-child2-internal-queue		
1534	958981e4186b40ba8981e4186bd0ba1d	completed	blocking_activation_result_ready	1532	20	25166025331	79.59452194523249	334_reusable-concurrency-c1-topology-3x4-w20-formal-child2-internal-queue		
1535	5834e33dc468426fb4e33dc468726fc2	completed	blocking_activation_result_ready	1533	20	25178346846	75.95506237224643	334_reusable-concurrency-c1-topology-3x4-w20-formal-child2-internal-queue		
1536	7b940d7e553c4b17940d7e553cbb17d8	completed	blocking_activation_result_ready	1536	20	25190152470	90.3990778028477	334_reusable-concurrency-c1-topology-3x4-w20-formal-child2-internal-queue		
1537	1b609eb524a1426da09eb524a1426de9	completed	blocking_activation_result_ready	1537	20	25207225298	90.62816296536944	334_reusable-concurrency-c1-topology-3x4-w20-formal-child2-internal-queue		
1538	57b696d528304cc8b696d52830ccc8e4	completed	blocking_activation_result_ready	1542	20	25291891197	77.13817702640034	334_reusable-concurrency-c1-topology-3x4-w20-formal-child2-internal-queue		
1539	6222643be4594d3aa2643be459bd3a58	completed	blocking_activation_result_ready	1538	20	25219248601	95.11164023618808	334_reusable-concurrency-c1-topology-3x4-w20-formal-child2-internal-queue		
1540	863fa50e206e47febfa50e206ee7feda	completed	blocking_activation_result_ready	1540	20	25277886637	76.0106930930915	334_reusable-concurrency-c1-topology-3x4-w20-formal-child2-internal-queue		
1541	be9b97a179cc42059b97a179cc020598	completed	blocking_activation_result_ready	1539	20	25273701163	76.45506664247934	334_reusable-concurrency-c1-topology-3x4-w20-formal-child2-internal-queue		
1542	da68b5a8035e4044a8b5a8035ed044ea	completed	blocking_activation_result_ready	1543	20	25298653806	76.71670485611449	334_reusable-concurrency-c1-topology-3x4-w20-formal-child2-internal-queue		
1543	e75ded08c54147679ded08c5411767d2	completed	blocking_activation_result_ready	1541	20	25288099276	77.29351471354128	334_reusable-concurrency-c1-topology-3x4-w20-formal-child2-internal-queue		
1544	d22a0933f80e4601aa0933f80e2601f1	completed	blocking_activation_result_ready	1544	20	25307165509	78.9818166521558	334_reusable-concurrency-c1-topology-3x4-w20-formal-child2-internal-queue		
1545	4d563d8e24f74345963d8e24f7b345c6	completed	blocking_activation_result_ready	1547	20	25337303792	82.63519812548995	334_reusable-concurrency-c1-topology-3x4-w20-formal-child2-internal-queue		
1546	4573f62dba77453bb3f62dba77953b51	completed	blocking_activation_result_ready	1545	20	25318556307	79.31681445398559	334_reusable-concurrency-c1-topology-3x4-w20-formal-child2-internal-queue		
1547	813ce0a693f34675bce0a693f3567579	completed	blocking_activation_result_ready	1548	20	25338578876	97.27276494823774	334_reusable-concurrency-c1-topology-3x4-w20-formal-child2-internal-queue		
1548	086a0fb8d15146f8aa0fb8d15136f8cd	completed	blocking_activation_result_ready	1546	20	25328148455	76.94521524527553	334_reusable-concurrency-c1-topology-3x4-w20-formal-child2-internal-queue		
1549	a787a72263f14cc987a72263f12cc982	completed	blocking_activation_result_ready	1551	20	25426965155	73.14647490898896	334_reusable-concurrency-c1-topology-3x4-w20-formal-child2-internal-queue		
1550	78db33f6d7314cbb9b33f6d731bcbb5c	completed	blocking_activation_result_ready	1549	20	25352130357	93.28532292246742	334_reusable-concurrency-c1-topology-3x4-w20-formal-child2-internal-queue		
1551	4f6430855505486da430855505986d2c	completed	blocking_activation_result_ready	1552	20	25433495878	74.7745881717586	334_reusable-concurrency-c1-topology-3x4-w20-formal-child2-internal-queue		
1552	6f80b67861584d7a80b67861583d7a0a	completed	blocking_activation_result_ready	1553	20	25436690019	77.41640612271956	334_reusable-concurrency-c1-topology-3x4-w20-formal-child2-internal-queue		
1553	5cd765657ad94c809765657ad9ec8082	completed	blocking_activation_result_ready	1550	20	25417132330	73.31283755658899	334_reusable-concurrency-c1-topology-3x4-w20-formal-child2-internal-queue		
1554	9909945702564f2789945702565f27e6	completed	blocking_activation_result_ready	1557	20	25476111465	74.38091822700571	334_reusable-concurrency-c1-topology-3x4-w20-formal-child2-internal-queue		
1555	21a881d066674175a881d06667b17506	completed	blocking_activation_result_ready	1554	20	25442652418	75.86176355652086	334_reusable-concurrency-c1-topology-3x4-w20-formal-child2-internal-queue		
1556	904e1d684b1b48b98e1d684b1b28b922	completed	blocking_activation_result_ready	1556	20	25465299347	72.68844995831081	334_reusable-concurrency-c1-topology-3x4-w20-formal-child2-internal-queue		
1557	5272fa37aa6b495fb2fa37aa6bc95fa3	completed	blocking_activation_result_ready	1559	20	25495869984	90.02163269345522	334_reusable-concurrency-c1-topology-3x4-w20-formal-child2-internal-queue		
1558	6f875bb3ad964c8f875bb3ad969c8fb8	completed	blocking_activation_result_ready	1555	20	25453824559	74.43487258298059	334_reusable-concurrency-c1-topology-3x4-w20-formal-child2-internal-queue		
1559	c80ac4d9255c44f28ac4d9255c34f2c4	completed	blocking_activation_result_ready	1562	20	25546030065	78.69713183738585	334_reusable-concurrency-c1-topology-3x4-w20-formal-child2-internal-queue		
1560	9a6b2e3e72df4e2eab2e3e72df0e2e0e	completed	blocking_activation_result_ready	1558	20	25488921034	74.164050724458	334_reusable-concurrency-c1-topology-3x4-w20-formal-child2-internal-queue		
1561	6554ff3339dc443694ff3339dce436b9	completed	blocking_activation_result_ready	1561	20	25540214705	79.32874270856307	334_reusable-concurrency-c1-topology-3x4-w20-formal-child2-internal-queue		
1562	1a1947fc269d45079947fc269d1507c2	completed	blocking_activation_result_ready	1560	20	25520267125	82.51489286546861	334_reusable-concurrency-c1-topology-3x4-w20-formal-child2-internal-queue		
1563	c10f4fa8d9ef40ff8f4fa8d9ef10ff1c	completed	blocking_activation_result_ready	1565	20	25582328437	75.82302193942931	334_reusable-concurrency-c1-topology-3x4-w20-formal-child2-internal-queue		
1564	1b0ca888c6364b038ca888c6364b03a0	completed	blocking_activation_result_ready	1563	20	25557758084	77.18899955793088	334_reusable-concurrency-c1-topology-3x4-w20-formal-child2-internal-queue		
1565	e7f1cb93976347c7b1cb93976367c7b8	completed	blocking_activation_result_ready	1566	20	25589756655	76.4502030135141	334_reusable-concurrency-c1-topology-3x4-w20-formal-child2-internal-queue		
1566	f9a1381aa9764d8ea1381aa976ad8ec6	completed	blocking_activation_result_ready	1564	20	25573798587	75.00944800254678	334_reusable-concurrency-c1-topology-3x4-w20-formal-child2-internal-queue		
1567	1c060b8333a04777860b8333a00777b8	completed	blocking_activation_result_ready	1567	20	25606429900	74.31460347206448	334_reusable-concurrency-c1-topology-3x4-w20-formal-child2-internal-queue		
1568	3eb52f2068c148e7b52f2068c178e706	completed	blocking_activation_result_ready	1568	20	25613115630	72.84999078848291	334_reusable-concurrency-c1-topology-3x4-w20-formal-child2-internal-queue		
1569	8498eb3866444a3698eb386644ba3638	completed	blocking_activation_result_ready	1570	20	25625250959	96.09903782327915	334_reusable-concurrency-c1-topology-3x4-w20-formal-child2-internal-queue		
1570	1c1d830a766947239d830a76699723c4	completed	blocking_activation_result_ready	1571	20	25647675796	90.6163831040661	334_reusable-concurrency-c1-topology-3x4-w20-formal-child2-internal-queue		
1571	93f37e2c35ec43e1b37e2c35ecb3e195	completed	blocking_activation_result_ready	1569	20	25618735034	75.01743864755981	334_reusable-concurrency-c1-topology-3x4-w20-formal-child2-internal-queue		
1572	ac051f48ccba4323851f48ccbab32395	completed	blocking_activation_result_ready	1572	20	25667129804	85.60400598669904	334_reusable-concurrency-c1-topology-3x4-w20-formal-child2-internal-queue		
1573	eeecf4bb2ed44bf0acf4bb2ed45bf018	completed	blocking_activation_result_ready	1573	20	25675681294	83.68506339823493	334_reusable-concurrency-c1-topology-3x4-w20-formal-child2-internal-queue		
1574	a1fbef9f98924e3abbef9f9892fe3ae1	completed	blocking_activation_result_ready	1578	20	25774461130	70.0427025141856	334_reusable-concurrency-c1-topology-3x4-w20-formal-child2-internal-queue		
1575	85176273fc634d82976273fc63dd82b0	completed	blocking_activation_result_ready	1575	20	25718733076	75.49776136491678	334_reusable-concurrency-c1-topology-3x4-w20-formal-child2-internal-queue		
1576	40cfee0930e742f08fee0930e712f0e0	completed	blocking_activation_result_ready	1574	20	25688466578	81.3622779094581	334_reusable-concurrency-c1-topology-3x4-w20-formal-child2-internal-queue		
1577	9183c81e662a415f83c81e662ae15ff0	completed	blocking_activation_result_ready	1576	20	25727855180	76.1742741400074	334_reusable-concurrency-c1-topology-3x4-w20-formal-child2-internal-queue		
1578	3e96287d8c914d5596287d8c914d5583	completed	blocking_activation_result_ready	1577	20	25732279178	78.07385156301879	334_reusable-concurrency-c1-topology-3x4-w20-formal-child2-internal-queue		
1579	5c57d80c46de416297d80c46de516221	completed	blocking_activation_result_ready	1579	20	25775440668	71.53825899714148	334_reusable-concurrency-c1-topology-3x4-w20-formal-child2-internal-queue		
1580	d57bae55e98b4e33bbae55e98b5e33dd	completed	blocking_activation_result_ready	1582	20	25804905325	77.25728599944236	334_reusable-concurrency-c1-topology-3x4-w20-formal-child2-internal-queue		
1581	03a88a1c811c4bada88a1c811c7badb9	completed	blocking_activation_result_ready	1580	20	25784363875	75.72982249876229	334_reusable-concurrency-c1-topology-3x4-w20-formal-child2-internal-queue		
1582	f201be1976d245e281be1976d255e2f3	completed	blocking_activation_result_ready	1581	20	25795888758	78.22459794150484	334_reusable-concurrency-c1-topology-3x4-w20-formal-child2-internal-queue		
1583	35c14c7a49a94eef814c7a49a94eefb8	completed	blocking_activation_result_ready	1583	20	25869812220	64.09144341544635	334_reusable-concurrency-c1-topology-3x4-w20-formal-child2-internal-queue		
1584	3144d783903d4cbc84d783903dccbc65	completed	blocking_activation_result_ready	1585	20	25873234202	68.75078601484573	334_reusable-concurrency-c1-topology-3x4-w20-formal-child2-internal-queue		
1585	cddb6666376044fe9b66663760c4fe63	completed	blocking_activation_result_ready	1586	20	25873600855	70.4611896244489	334_reusable-concurrency-c1-topology-3x4-w20-formal-child2-internal-queue		
1586	c833f71a41ec4fcfb3f71a41eccfcf35	completed	blocking_activation_result_ready	1584	20	25872199877	67.02383893849789	334_reusable-concurrency-c1-topology-3x4-w20-formal-child2-internal-queue		
1587	aabf9d7060ca4e37bf9d7060ca2e3770	completed	blocking_activation_result_ready	1589	20	25908326659	69.0627707206657	334_reusable-concurrency-c1-topology-3x4-w20-formal-child2-internal-queue		
1588	0c5148b0edba4d899148b0edbabd898b	completed	blocking_activation_result_ready	1588	20	25905345134	68.43935922363266	334_reusable-concurrency-c1-topology-3x4-w20-formal-child2-internal-queue		
1589	a42ab8047055428caab8047055d28c22	completed	blocking_activation_result_ready	1587	20	25874863380	74.50635442344971	334_reusable-concurrency-c1-topology-3x4-w20-formal-child2-internal-queue		
1590	26f4b56ef8c94e3fb4b56ef8c93e3fa3	completed	blocking_activation_result_ready	1597	20	25991424946	77.176641371971	334_reusable-concurrency-c1-topology-3x4-w20-formal-child2-internal-queue		
1591	6aeb0afbbaae4eebab0afbbaae1eeb9b	completed	blocking_activation_result_ready	1593	20	25943308952	74.73069169853888	334_reusable-concurrency-c1-topology-3x4-w20-formal-child2-internal-queue		
1592	bcc5a56534904d1e85a5653490bd1e26	completed	blocking_activation_result_ready	1592	20	25939440018	73.4456475437238	334_reusable-concurrency-c1-topology-3x4-w20-formal-child2-internal-queue		
1593	35cad69bd44e4afa8ad69bd44e6afa1f	completed	blocking_activation_result_ready	1590	20	25927531102	66.16379032214498	334_reusable-concurrency-c1-topology-3x4-w20-formal-child2-internal-queue		
1594	ed624978a3e14100a24978a3e1c100f6	completed	blocking_activation_result_ready	1591	20	25937669625	68.96698481125266	334_reusable-concurrency-c1-topology-3x4-w20-formal-child2-internal-queue		
1595	bca7fb0e997747cca7fb0e997747cc9f	completed	blocking_activation_result_ready	1599	20	26008886350	85.67303463766787	334_reusable-concurrency-c1-topology-3x4-w20-formal-child2-internal-queue		
1596	6ad2cb083bf2469c92cb083bf2369ce9	completed	blocking_activation_result_ready	1594	20	25950444137	76.34241679456217	334_reusable-concurrency-c1-topology-3x4-w20-formal-child2-internal-queue		
1597	b2e4c6ed42ce4e7ca4c6ed42cece7caf	completed	blocking_activation_result_ready	1595	20	25960085429	82.86639741191999	334_reusable-concurrency-c1-topology-3x4-w20-formal-child2-internal-queue		
1598	00396d0678fc440ab96d0678fc840a2b	completed	blocking_activation_result_ready	1596	20	25984606563	77.8963671638723	334_reusable-concurrency-c1-topology-3x4-w20-formal-child2-internal-queue		
1599	98cca89d63ca46be8ca89d63ca36be21	completed	blocking_activation_result_ready	1598	20	26007080374	85.97740950443463	334_reusable-concurrency-c1-topology-3x4-w20-formal-child2-internal-queue		
1600	a31846d7337848ea9846d73378c8eadd	completed	blocking_activation_result_ready	1600	20	26028154309	82.03767338959658	334_reusable-concurrency-c1-topology-3x4-w20-formal-child2-internal-queue		
1601	039ca75c458548009ca75c4585c80056	completed	blocking_activation_result_ready	1601	20	26054243061	77.41307099498938	334_reusable-concurrency-c1-topology-3x4-w20-formal-child2-internal-queue		
1602	dc74a0ca7a9840bcb4a0ca7a98e0bc9b	completed	blocking_activation_result_ready	1603	20	26078881920	95.6618773547769	334_reusable-concurrency-c1-topology-3x4-w20-formal-child2-internal-queue		
1603	f879157883254fb8b915788325efb8e2	completed	blocking_activation_result_ready	1606	20	26113153252	83.48904143923052	334_reusable-concurrency-c1-topology-3x4-w20-formal-child2-internal-queue		
1604	7d168d8407424237968d840742b2372b	completed	blocking_activation_result_ready	1602	20	26078161654	73.19135140690557	334_reusable-concurrency-c1-topology-3x4-w20-formal-child2-internal-queue		
1605	a8461008a9144856861008a9141856a0	completed	blocking_activation_result_ready	1605	20	26111655455	83.8851392161755	334_reusable-concurrency-c1-topology-3x4-w20-formal-child2-internal-queue		
1606	a2f025035e024cd7b025035e024cd78b	completed	blocking_activation_result_ready	1604	20	26099504163	87.98778215735008	334_reusable-concurrency-c1-topology-3x4-w20-formal-child2-internal-queue		
1607	a8d23ddf139e42a6923ddf139ef2a605	completed	blocking_activation_result_ready	1608	20	26132553245	88.02502653613453	334_reusable-concurrency-c1-topology-3x4-w20-formal-child2-internal-queue		
1608	39589bf0f40e4fd9989bf0f40eafd925	completed	blocking_activation_result_ready	1611	20	26166388970	87.44341236199325	334_reusable-concurrency-c1-topology-3x4-w20-formal-child2-internal-queue		
1609	d8845f3bc82f4f8d845f3bc82faf8db7	completed	blocking_activation_result_ready	1607	20	26123206504	80.53373766853315	334_reusable-concurrency-c1-topology-3x4-w20-formal-child2-internal-queue		
1610	8b2c770133514322ac77013351f322a7	completed	blocking_activation_result_ready	1610	20	26157805343	86.85296242057747	334_reusable-concurrency-c1-topology-3x4-w20-formal-child2-internal-queue		
1611	6118b904bc1a46a598b904bc1ad6a5d0	completed	blocking_activation_result_ready	1609	20	26154398616	81.2770388134882	334_reusable-concurrency-c1-topology-3x4-w20-formal-child2-internal-queue		
1612	52ce5f579ff54e498e5f579ff5ee49a6	completed	blocking_activation_result_ready	1612	20	26189033797	80.1302022836074	334_reusable-concurrency-c1-topology-3x4-w20-formal-child2-internal-queue		
1613	99a76e59a55f480da76e59a55fd80d10	completed	blocking_activation_result_ready	1613	20	26199296690	78.12874224467735	334_reusable-concurrency-c1-topology-3x4-w20-formal-child2-internal-queue		
1614	aff4605ce43e4cb0b4605ce43e7cb01d	completed	blocking_activation_result_ready	1614	20	26213822469	75.9363910012157	334_reusable-concurrency-c1-topology-3x4-w20-formal-child2-internal-queue		
1615	2dc6a6f679e3456e86a6f679e3656e04	completed	blocking_activation_result_ready	1617	20	26257160732	75.26272731667386	334_reusable-concurrency-c1-topology-3x4-w20-formal-child2-internal-queue		
1616	fdb63aade6f04e49b63aade6f04e496b	completed	blocking_activation_result_ready	1615	20	26238556140	71.82083863749678	334_reusable-concurrency-c1-topology-3x4-w20-formal-child2-internal-queue		
1617	df13fecc59b24ea993fecc59b28ea97e	completed	blocking_activation_result_ready	1616	20	26241197609	77.94504255616152	334_reusable-concurrency-c1-topology-3x4-w20-formal-child2-internal-queue		
1618	fbf3f2585c50400bb3f2585c50900b40	completed	blocking_activation_result_ready	1619	20	26276322415	74.78422926990045	334_reusable-concurrency-c1-topology-3x4-w20-formal-child2-internal-queue		
1619	4ef1a88078fb47e1b1a88078fb87e1f7	completed	blocking_activation_result_ready	1618	20	26271395010	75.66739512676854	334_reusable-concurrency-c1-topology-3x4-w20-formal-child2-internal-queue		
1620	c1d5b47f2aaa412a95b47f2aaa612a00	completed	blocking_activation_result_ready	1621	20	26303120104	80.36096764457298	334_reusable-concurrency-c1-topology-3x4-w20-formal-child2-internal-queue		
1621	5c3076f1ace04bc8b076f1ace08bc8df	completed	blocking_activation_result_ready	1622	20	26306336285	87.65216322405273	334_reusable-concurrency-c1-topology-3x4-w20-formal-child2-internal-queue		
1622	68f6cceb17ca4caab6cceb17caecaaa3	completed	blocking_activation_result_ready	1620	20	26298731899	73.91595142820216	334_reusable-concurrency-c1-topology-3x4-w20-formal-child2-internal-queue		
1623	9af7503939644e22b750393964be2274	completed	blocking_activation_result_ready	1626	20	26373219885	76.90336806875183	334_reusable-concurrency-c1-topology-3x4-w20-formal-child2-internal-queue		
1624	61a4ce7992d449cfa4ce7992d4a9cfa8	completed	blocking_activation_result_ready	1623	20	26332406500	78.88781434920432	334_reusable-concurrency-c1-topology-3x4-w20-formal-child2-internal-queue		
1625	9ce7fb99b6fd487fa7fb99b6fd687f4b	completed	blocking_activation_result_ready	1624	20	26342128048	82.43211504094084	334_reusable-concurrency-c1-topology-3x4-w20-formal-child2-internal-queue		
1626	26f5f2c09e2d4183b5f2c09e2dc183bf	completed	blocking_activation_result_ready	1625	20	26370184013	77.36089256336625	334_reusable-concurrency-c1-topology-3x4-w20-formal-child2-internal-queue		
1627	32e0afc5f02348eda0afc5f023d8ed40	completed	blocking_activation_result_ready	1628	20	26392733206	76.86987085066094	334_reusable-concurrency-c1-topology-3x4-w20-formal-child2-internal-queue		
1628	dbe6ab24d43a47a5a6ab24d43a47a590	completed	blocking_activation_result_ready	1632	20	26428638798	83.47071186548398	334_reusable-concurrency-c1-topology-3x4-w20-formal-child2-internal-queue		
1629	c645adfa27e648be85adfa27e658be5f	completed	blocking_activation_result_ready	1627	20	26389903934	74.99134881052285	334_reusable-concurrency-c1-topology-3x4-w20-formal-child2-internal-queue		
1630	f8ff752146dc40e4bf752146dc40e48a	completed	blocking_activation_result_ready	1629	20	26400693502	81.20347249110158	334_reusable-concurrency-c1-topology-3x4-w20-formal-child2-internal-queue		
1631	52b46131cbfc4013b46131cbfcf013c3	completed	blocking_activation_result_ready	1630	20	26405612806	80.70781952196492	334_reusable-concurrency-c1-topology-3x4-w20-formal-child2-internal-queue		
1632	a4298f30fac44a0ba98f30fac4ea0b6b	completed	blocking_activation_result_ready	1631	20	26413035627	81.08765893388939	334_reusable-concurrency-c1-topology-3x4-w20-formal-child2-internal-queue		
1633	e6d187afe19f41229187afe19fd12284	completed	blocking_activation_result_ready	1634	20	26483690255	74.11036454717868	334_reusable-concurrency-c1-topology-3x4-w20-formal-child2-internal-queue		
1634	cec22585aace48b9822585aacee8b9ae	completed	blocking_activation_result_ready	1637	20	26501613591	81.81536547298062	334_reusable-concurrency-c1-topology-3x4-w20-formal-child2-internal-queue		
1635	03be00be4c9b41c0be00be4c9b51c031	completed	blocking_activation_result_ready	1633	20	26455655947	78.01551710691687	334_reusable-concurrency-c1-topology-3x4-w20-formal-child2-internal-queue		
1636	551e0f891087495c9e0f891087895c69	completed	blocking_activation_result_ready	1636	20	26495565895	78.62615389089818	334_reusable-concurrency-c1-topology-3x4-w20-formal-child2-internal-queue		
1637	fd6f8abc1a6d438faf8abc1a6df38f57	completed	blocking_activation_result_ready	1638	20	26506505549	85.06636956840119	334_reusable-concurrency-c1-topology-3x4-w20-formal-child2-internal-queue		
1638	3a45f4f67bd443e685f4f67bd423e65b	completed	blocking_activation_result_ready	1639	20	26517937623	82.77624643561344	334_reusable-concurrency-c1-topology-3x4-w20-formal-child2-internal-queue		
1639	bf8483c7881745da8483c7881775da6e	completed	blocking_activation_result_ready	1635	20	26491855058	78.95809487824184	334_reusable-concurrency-c1-topology-3x4-w20-formal-child2-internal-queue		
1640	eaee496a719149e6ae496a719119e636	completed	blocking_activation_result_ready	1642	20	26570126115	75.81793430019648	334_reusable-concurrency-c1-topology-3x4-w20-formal-child2-internal-queue		
1641	fbe76619d2dd4a4aa76619d2dd9a4a34	completed	blocking_activation_result_ready	1644	20	26596807988	78.52993840033102	334_reusable-concurrency-c1-topology-3x4-w20-formal-child2-internal-queue		
1642	e8a72abf04804db9a72abf04807db967	completed	blocking_activation_result_ready	1640	20	26562543426	75.8116987056445	334_reusable-concurrency-c1-topology-3x4-w20-formal-child2-internal-queue		
1643	ee053d2ee1374ed7853d2ee1370ed708	completed	blocking_activation_result_ready	1643	20	26581023682	80.44496297122377	334_reusable-concurrency-c1-topology-3x4-w20-formal-child2-internal-queue		
1644	c78e697e73704e438e697e73706e4324	completed	blocking_activation_result_ready	1641	20	26563105139	76.92750469272202	334_reusable-concurrency-c1-topology-3x4-w20-formal-child2-internal-queue		
1645	199c79ec2212445f9c79ec2212345f96	completed	blocking_activation_result_ready	1648	20	26644118520	79.55914242468437	334_reusable-concurrency-c1-topology-3x4-w20-formal-child2-internal-queue		
1646	0b1a88ff349a437f9a88ff349a837fd6	completed	blocking_activation_result_ready	1645	20	26599563756	87.19165754754552	334_reusable-concurrency-c1-topology-3x4-w20-formal-child2-internal-queue		
1647	de64770d51544583a4770d5154758376	completed	blocking_activation_result_ready	1646	20	26623375915	79.95010154262522	334_reusable-concurrency-c1-topology-3x4-w20-formal-child2-internal-queue		
1648	82271b1c7d304dd2a71b1c7d300dd23d	completed	blocking_activation_result_ready	1650	20	26659819117	78.67625284881302	334_reusable-concurrency-c1-topology-3x4-w20-formal-child2-internal-queue		
1649	d716caad4ece474496caad4ece47442b	completed	blocking_activation_result_ready	1649	20	26654424825	78.82353571301088	334_reusable-concurrency-c1-topology-3x4-w20-formal-child2-internal-queue		
1650	17281181f9a24624a81181f9a26624f5	completed	blocking_activation_result_ready	1647	20	26628517140	83.81765760273973	334_reusable-concurrency-c1-topology-3x4-w20-formal-child2-internal-queue		
1651	3472ec7a98eb4c45b2ec7a98eb5c45b6	completed	blocking_activation_result_ready	1651	20	26666545248	78.8924693315683	334_reusable-concurrency-c1-topology-3x4-w20-formal-child2-internal-queue		
1652	14f8296a25744cebb8296a25744cebe8	completed	blocking_activation_result_ready	1655	20	26713170108	90.368910745112	334_reusable-concurrency-c1-topology-3x4-w20-formal-child2-internal-queue		
1653	1800d63388dc404780d63388dc904767	completed	blocking_activation_result_ready	1652	20	26693102715	75.62468342325883	334_reusable-concurrency-c1-topology-3x4-w20-formal-child2-internal-queue		
1654	ebcf7016859744df8f7016859704dfdd	completed	blocking_activation_result_ready	1653	20	26703789457	80.60176958767077	334_reusable-concurrency-c1-topology-3x4-w20-formal-child2-internal-queue		
1655	f8a0189d43384a0fa0189d43386a0f63	completed	blocking_activation_result_ready	1656	20	26743435848	80.68747243438578	334_reusable-concurrency-c1-topology-3x4-w20-formal-child2-internal-queue		
1656	6aeca5cd2b1c4976aca5cd2b1cf9769e	completed	blocking_activation_result_ready	1654	20	26706310720	89.83900020153133	334_reusable-concurrency-c1-topology-3x4-w20-formal-child2-internal-queue		
1657	ea33cec1e63c4092b3cec1e63ce092a2	completed	blocking_activation_result_ready	1657	20	26763759438	76.29340776853886	334_reusable-concurrency-c1-topology-3x4-w20-formal-child2-internal-queue		
1658	e24aefec2e0e4caa8aefec2e0eccaaa2	completed	blocking_activation_result_ready	1658	20	26769949697	75.91741988514393	334_reusable-concurrency-c1-topology-3x4-w20-formal-child2-internal-queue		
1659	4c32f661f14844ffb2f661f148e4ff96	completed	blocking_activation_result_ready	1659	20	26784389403	75.06048561582136	334_reusable-concurrency-c1-topology-3x4-w20-formal-child2-internal-queue		
1660	cc0c9ddc8da54c658c9ddc8da54c6548	completed	blocking_activation_result_ready	1660	20	26795240682	85.94858548740257	334_reusable-concurrency-c1-topology-3x4-w20-formal-child2-internal-queue		
1661	18349c5bc0da45e9b49c5bc0dac5e9ef	completed	blocking_activation_result_ready	1661	20	26796830170	85.57063791768199	334_reusable-concurrency-c1-topology-3x4-w20-formal-child2-internal-queue		
1662	d16e23fe3e354d98ae23fe3e35fd981e	completed	blocking_activation_result_ready	1662	20	26808546785	83.88534433696542	334_reusable-concurrency-c1-topology-3x4-w20-formal-child2-internal-queue		
1663	ca839fb3a2a64223839fb3a2a6e223ab	completed	blocking_activation_result_ready	1664	20	26872346844	72.58504404910501	334_reusable-concurrency-c1-topology-3x4-w20-formal-child2-internal-queue		
1664	ae11647b1a5a42b391647b1a5af2b3e1	completed	blocking_activation_result_ready	1668	20	26904143253	76.91576016347645	334_reusable-concurrency-c1-topology-3x4-w20-formal-child2-internal-queue		
1665	002c95760df54daaac95760df56daacf	completed	blocking_activation_result_ready	1663	20	26864443894	70.56659741684196	334_reusable-concurrency-c1-topology-3x4-w20-formal-child2-internal-queue		
1666	f72cf3ca77654f82acf3ca7765df829a	completed	blocking_activation_result_ready	1665	20	26889480964	68.98521180570972	334_reusable-concurrency-c1-topology-3x4-w20-formal-child2-internal-queue		
1667	892417077cff4384a417077cff938498	completed	blocking_activation_result_ready	1666	20	26891401586	74.61971804932072	334_reusable-concurrency-c1-topology-3x4-w20-formal-child2-internal-queue		
1668	3d10e5a0689846df90e5a0689816df28	completed	blocking_activation_result_ready	1670	20	26916994409	77.76796847187015	334_reusable-concurrency-c1-topology-3x4-w20-formal-child2-internal-queue		
1669	79c1d027e8b5412881d027e8b5112833	completed	blocking_activation_result_ready	1667	20	26900738364	73.46965716383671	334_reusable-concurrency-c1-topology-3x4-w20-formal-child2-internal-queue		
1670	a3e797aeccce4a65a797aeccceea65b8	completed	blocking_activation_result_ready	1669	20	26906254152	79.41886768414388	334_reusable-concurrency-c1-topology-3x4-w20-formal-child2-internal-queue		
1671	ab97f09cf70a4aff97f09cf70a8affdd	completed	blocking_activation_result_ready	1675	20	26999964352	69.73640656470079	334_reusable-concurrency-c1-topology-3x4-w20-formal-child2-internal-queue		
1672	09e977078bb641e0a977078bb6e1e000	completed	blocking_activation_result_ready	1672	20	26939080688	81.30809338769532	334_reusable-concurrency-c1-topology-3x4-w20-formal-child2-internal-queue		
1673	b68880ae650547558880ae65055755da	completed	blocking_activation_result_ready	1674	20	26986969601	71.26088413357566	334_reusable-concurrency-c1-topology-3x4-w20-formal-child2-internal-queue		
1674	7cfe6c237f204ad1be6c237f203ad196	completed	blocking_activation_result_ready	1671	20	26924192309	77.6255701205146	334_reusable-concurrency-c1-topology-3x4-w20-formal-child2-internal-queue		
1675	8aa89f8d0a8c4265a89f8d0a8ca265a3	completed	blocking_activation_result_ready	1673	20	26962827921	77.20861099608744	334_reusable-concurrency-c1-topology-3x4-w20-formal-child2-internal-queue		
1676	54cbd1d75a9748e18bd1d75a9718e1ca	completed	blocking_activation_result_ready	1677	20	27018111456	78.6311827099402	334_reusable-concurrency-c1-topology-3x4-w20-formal-child2-internal-queue		
1677	501ef288824244b89ef2888242c4b89d	completed	blocking_activation_result_ready	1679	20	27036002274	79.48718966765416	334_reusable-concurrency-c1-topology-3x4-w20-formal-child2-internal-queue		
1678	aaf2b82604804debb2b82604802deb96	completed	blocking_activation_result_ready	1676	20	27017246834	73.04308819807544	334_reusable-concurrency-c1-topology-3x4-w20-formal-child2-internal-queue		
1679	13feb3066fc945f6beb3066fc9a5f687	completed	blocking_activation_result_ready	1682	20	27065219597	77.92021228956654	334_reusable-concurrency-c1-topology-3x4-w20-formal-child2-internal-queue		
1680	e2dcfcb712cd44e49cfcb712cd54e4ed	completed	blocking_activation_result_ready	1681	20	27053467985	77.93083805673767	334_reusable-concurrency-c1-topology-3x4-w20-formal-child2-internal-queue		
1681	b69d187b095f402d9d187b095fe02df4	completed	blocking_activation_result_ready	1680	20	27036306680	82.96483189636723	334_reusable-concurrency-c1-topology-3x4-w20-formal-child2-internal-queue		
1682	4a38a02c67d24e13b8a02c67d26e136c	completed	blocking_activation_result_ready	1683	20	27071951592	96.38196651383988	334_reusable-concurrency-c1-topology-3x4-w20-formal-child2-internal-queue		
1683	afd15d624e2043f3915d624e2093f3d2	completed	blocking_activation_result_ready	1678	20	27032787455	76.0925681005086	334_reusable-concurrency-c1-topology-3x4-w20-formal-child2-internal-queue		
1684	fd63cdb7a20241c0a3cdb7a20241c03f	completed	blocking_activation_result_ready	1684	20	27078396431	97.06401401328701	334_reusable-concurrency-c1-topology-3x4-w20-formal-child2-internal-queue		
1685	d87f00c5ac734657bf00c5ac73865749	completed	blocking_activation_result_ready	1685	20	27100181321	94.92152877557773	334_reusable-concurrency-c1-topology-3x4-w20-formal-child2-internal-queue		
1686	9e37d9a01bed45b0b7d9a01bed75b073	completed	blocking_activation_result_ready	1688	20	27161087910	77.83777344706569	334_reusable-concurrency-c1-topology-3x4-w20-formal-child2-internal-queue		
1687	130345d8a6cb45348345d8a6cb4534dc	completed	blocking_activation_result_ready	1687	20	27157335288	77.94325702828768	334_reusable-concurrency-c1-topology-3x4-w20-formal-child2-internal-queue		
1688	c873c6d7fac8465eb3c6d7fac8e65ee2	completed	blocking_activation_result_ready	1691	20	27193891657	74.1566494257895	334_reusable-concurrency-c1-topology-3x4-w20-formal-child2-internal-queue		
1689	4a687dea0cec4709a87dea0cecc709d2	completed	blocking_activation_result_ready	1693	20	27205153654	82.53353761649407	334_reusable-concurrency-c1-topology-3x4-w20-formal-child2-internal-queue		
1690	541de05d71394dc49de05d7139ddc430	completed	blocking_activation_result_ready	1686	20	27132002055	83.1253574987836	334_reusable-concurrency-c1-topology-3x4-w20-formal-child2-internal-queue		
1691	cacb50c16c2949668b50c16c29c96633	completed	blocking_activation_result_ready	1689	20	27165060281	77.27792257964649	334_reusable-concurrency-c1-topology-3x4-w20-formal-child2-internal-queue		
1692	d35471f7241c4e219471f7241c6e21db	completed	blocking_activation_result_ready	1690	20	27169243349	79.28675537744579	334_reusable-concurrency-c1-topology-3x4-w20-formal-child2-internal-queue		
1693	e2067ca28e8641bf867ca28e86c1bfdc	completed	blocking_activation_result_ready	1696	20	27244973678	87.8245166388904	334_reusable-concurrency-c1-topology-3x4-w20-formal-child2-internal-queue		
1694	c884095798504e7e84095798509e7e8d	completed	blocking_activation_result_ready	1692	20	27203424017	75.65918185134151	334_reusable-concurrency-c1-topology-3x4-w20-formal-child2-internal-queue		
1695	c17a789b65c14335ba789b65c17335f3	completed	blocking_activation_result_ready	1695	20	27217431781	91.96779532442075	334_reusable-concurrency-c1-topology-3x4-w20-formal-child2-internal-queue		
1696	0bf4ceb379cf429cb4ceb379cfb29c18	completed	blocking_activation_result_ready	1694	20	27212038873	88.86153059578919	334_reusable-concurrency-c1-topology-3x4-w20-formal-child2-internal-queue		
1697	200bfdc9dbc94ff08bfdc9dbc9bff05d	completed	blocking_activation_result_ready	1697	20	27254299887	84.67815258910797	334_reusable-concurrency-c1-topology-3x4-w20-formal-child2-internal-queue		
1698	96b93e7142e0467ab93e7142e0967ad3	completed	blocking_activation_result_ready	1699	20	27319961782	70.43257730957895	334_reusable-concurrency-c1-topology-3x4-w20-formal-child2-internal-queue		
1699	8bee8206921f4bbdae8206921f2bbde4	completed	blocking_activation_result_ready	1698	20	27310787326	71.94247942654621	334_reusable-concurrency-c1-topology-3x4-w20-formal-child2-internal-queue		
1700	58bbec0c9c6a470dbbec0c9c6a770d90	completed	blocking_activation_result_ready	1700	20	27330011999	68.09546407976357	334_reusable-concurrency-c1-topology-3x4-w20-formal-child2-internal-queue		
1701	62246c59ff1c4be4a46c59ff1ccbe49b	completed	blocking_activation_result_ready	1701	20	27338694634	70.11967524815677	334_reusable-concurrency-c1-topology-3x4-w20-formal-child2-internal-queue		
1702	ef3b36fb4e244155bb36fb4e24415556	completed	blocking_activation_result_ready	1702	20	27345714421	71.30256350113612	334_reusable-concurrency-c1-topology-3x4-w20-formal-child2-internal-queue		
1703	b083a8f69e96407283a8f69e96c0720c	completed	blocking_activation_result_ready	1705	20	27373982100	73.04581116622754	334_reusable-concurrency-c1-topology-3x4-w20-formal-child2-internal-queue		
1704	ca6ed6c6026f405eaed6c6026fa05e2a	completed	blocking_activation_result_ready	1703	20	27352308045	71.33775515415013	334_reusable-concurrency-c1-topology-3x4-w20-formal-child2-internal-queue		
1705	d59d5c66332c49ce9d5c66332cb9cec9	completed	blocking_activation_result_ready	1707	20	27375550267	91.65273663454606	334_reusable-concurrency-c1-topology-3x4-w20-formal-child2-internal-queue		
1706	9604382ba65845dc84382ba658d5dcba	completed	blocking_activation_result_ready	1706	20	27375231801	82.22678487687932	334_reusable-concurrency-c1-topology-3x4-w20-formal-child2-internal-queue		
1707	ae4c32aa437b46308c32aa437b963005	completed	blocking_activation_result_ready	1708	20	27394500882	85.68504067545997	334_reusable-concurrency-c1-topology-3x4-w20-formal-child2-internal-queue		
1708	3304ca6cab9b42a784ca6cab9bf2a720	completed	blocking_activation_result_ready	1704	20	27364565087	69.88885603180805	334_reusable-concurrency-c1-topology-3x4-w20-formal-child2-internal-queue		
1709	b64b34bb2b2449258b34bb2b24392533	completed	blocking_activation_result_ready	1711	20	27439903277	81.29697288282561	334_reusable-concurrency-c1-topology-3x4-w20-formal-child2-internal-queue		
1710	b3b1b3ca9875475bb1b3ca9875975b7d	completed	blocking_activation_result_ready	1710	20	27412413880	82.24680810521403	334_reusable-concurrency-c1-topology-3x4-w20-formal-child2-internal-queue		
1711	e3dc4b586cfa45179c4b586cfa951723	completed	blocking_activation_result_ready	1709	20	27406459149	82.85042993656458	334_reusable-concurrency-c1-topology-3x4-w20-formal-child2-internal-queue		
1712	e917c705ba2c4adf97c705ba2ccadf07	completed	blocking_activation_result_ready	1719	20	27537699306	91.85371282168158	334_reusable-concurrency-c1-topology-3x4-w20-formal-child2-internal-queue		
1713	038657fa023a45f38657fa023a95f3a4	completed	blocking_activation_result_ready	1713	20	27498722173	68.12719588642268	334_reusable-concurrency-c1-topology-3x4-w20-formal-child2-internal-queue		
1714	247848faaf944b47b848faaf945b4762	completed	blocking_activation_result_ready	1716	20	27523706418	71.75332183797282	334_reusable-concurrency-c1-topology-3x4-w20-formal-child2-internal-queue		
1715	b7a98972c40f4a90a98972c40f2a9064	completed	blocking_activation_result_ready	1712	20	27492431705	69.2023113239811	334_reusable-concurrency-c1-topology-3x4-w20-formal-child2-internal-queue		
1716	c07817c61d9d409eb817c61d9de09e72	completed	blocking_activation_result_ready	1717	20	27524990503	73.88508805935112	334_reusable-concurrency-c1-topology-3x4-w20-formal-child2-internal-queue		
1717	3a1940b830d348be9940b830d398be86	completed	blocking_activation_result_ready	1714	20	27510192810	67.0794429254845	334_reusable-concurrency-c1-topology-3x4-w20-formal-child2-internal-queue		
1718	7c33324b6cc54427b3324b6cc55427af	completed	blocking_activation_result_ready	1718	20	27534538251	89.38510533531873	334_reusable-concurrency-c1-topology-3x4-w20-formal-child2-internal-queue		
1719	ba56a35a74b145dd96a35a74b1f5dd4f	completed	blocking_activation_result_ready	1715	20	27514721062	67.27454125734187	334_reusable-concurrency-c1-topology-3x4-w20-formal-child2-internal-queue		
1720	e64e0f7c38bf4ab28e0f7c38bf1ab2cb	completed	blocking_activation_result_ready	1723	20	27607741904	78.2981554532283	334_reusable-concurrency-c1-topology-3x4-w20-formal-child2-internal-queue		
1721	41fefd1647c54482befd1647c5f48242	completed	blocking_activation_result_ready	1720	20	27546549959	92.36255850937175	334_reusable-concurrency-c1-topology-3x4-w20-formal-child2-internal-queue		
1722	f3b09c60cdeb4ca3b09c60cdeb8ca347	completed	blocking_activation_result_ready	1721	20	27577232894	83.84399215454997	334_reusable-concurrency-c1-topology-3x4-w20-formal-child2-internal-queue		
1723	aa8bb8c91601459a8bb8c91601059aeb	completed	blocking_activation_result_ready	1722	20	27580393944	85.22260376334582	334_reusable-concurrency-c1-topology-3x4-w20-formal-child2-internal-queue		
1724	71d9817aaeba485499817aaebac854a0	completed	blocking_activation_result_ready	1724	20	27643568306	71.68376075259548	334_reusable-concurrency-c1-topology-3x4-w20-formal-child2-internal-queue		
1725	90f0965bec5b4460b0965bec5b3460de	completed	blocking_activation_result_ready	1726	20	27651979444	72.26800482633197	334_reusable-concurrency-c1-topology-3x4-w20-formal-child2-internal-queue		
1726	2da342e19d12481ca342e19d12f81cad	completed	blocking_activation_result_ready	1725	20	27647219828	73.19633399967373	334_reusable-concurrency-c1-topology-3x4-w20-formal-child2-internal-queue		
1727	814e82dcf78f4aec8e82dcf78ffaec2b	completed	blocking_activation_result_ready	1727	20	27673558296	67.11228575656934	334_reusable-concurrency-c1-topology-3x4-w20-formal-child2-internal-queue		
1728	9a6ae08cb4524cc8aae08cb4525cc8d1	completed	blocking_activation_result_ready	1731	20	27698308947	77.397682488933	334_reusable-concurrency-c1-topology-3x4-w20-formal-child2-internal-queue		
1729	0b929888661e434a929888661e734a45	completed	blocking_activation_result_ready	1730	20	27693697740	71.10255099599387	334_reusable-concurrency-c1-topology-3x4-w20-formal-child2-internal-queue		
1730	0efce54155c3412abce54155c3b12aa2	completed	blocking_activation_result_ready	1729	20	27685379552	71.70504482599647	334_reusable-concurrency-c1-topology-3x4-w20-formal-child2-internal-queue		
1731	7b9cf5482f2941c79cf5482f2981c75b	completed	blocking_activation_result_ready	1728	20	27675761055	71.10853906784733	334_reusable-concurrency-c1-topology-3x4-w20-formal-child2-internal-queue		
1732	89a8077145584f79a807714558df7967	completed	blocking_activation_result_ready	1732	20	27701296731	95.75561970820333	334_reusable-concurrency-c1-topology-3x4-w20-formal-child2-internal-queue		
1733	e9f29bc8c6a74048b29bc8c6a7904867	completed	blocking_activation_result_ready	1733	20	27706083368	96.45006144953977	334_reusable-concurrency-c1-topology-3x4-w20-formal-child2-internal-queue		
1734	0899e73d9310442a99e73d9310642ae7	completed	blocking_activation_result_ready	1734	20	27735532493	88.75489542603111	334_reusable-concurrency-c1-topology-3x4-w20-formal-child2-internal-queue		
1735	ca79bc413e184133b9bc413e18b13312	completed	blocking_activation_result_ready	1735	20	27761465552	81.05550806828553	334_reusable-concurrency-c1-topology-3x4-w20-formal-child2-internal-queue		
1736	b5fef07126d4414abef07126d4914a83	completed	blocking_activation_result_ready	1740	20	27828778703	70.86450414845059	334_reusable-concurrency-c1-topology-3x4-w20-formal-child2-internal-queue		
1737	ef5e4cef6373464b9e4cef6373964b0d	completed	blocking_activation_result_ready	1736	20	27776689744	79.05659363494968	334_reusable-concurrency-c1-topology-3x4-w20-formal-child2-internal-queue		
1738	56e1d12468fa4fe8a1d12468faefe8ae	completed	blocking_activation_result_ready	1738	20	27787781548	78.97543681087046	334_reusable-concurrency-c1-topology-3x4-w20-formal-child2-internal-queue		
1739	11192170cf7746b7992170cf7786b7d9	completed	blocking_activation_result_ready	1737	20	27783332917	77.4166335691204	334_reusable-concurrency-c1-topology-3x4-w20-formal-child2-internal-queue		
1740	049d4bcc218d49ab9d4bcc218d29ab1c	completed	blocking_activation_result_ready	1739	20	27825546057	69.4814165194451	334_reusable-concurrency-c1-topology-3x4-w20-formal-child2-internal-queue		
1741	32aa862e877744b5aa862e8777e4b557	completed	blocking_activation_result_ready	1742	20	27839661525	77.14038107988519	334_reusable-concurrency-c1-topology-3x4-w20-formal-child2-internal-queue		
1742	e74a6593c66146558a6593c6617655bb	completed	blocking_activation_result_ready	1743	20	27848610742	83.03274166166733	334_reusable-concurrency-c1-topology-3x4-w20-formal-child2-internal-queue		
1743	825f07b3921c4a549f07b3921c2a5434	completed	blocking_activation_result_ready	1744	20	27853481039	95.27768856213216	334_reusable-concurrency-c1-topology-3x4-w20-formal-child2-internal-queue		
1744	8eb2608929424ae4b260892942fae444	completed	blocking_activation_result_ready	1746	20	27890421949	83.87766266756843	334_reusable-concurrency-c1-topology-3x4-w20-formal-child2-internal-queue		
1745	6a2633db822040e0a633db8220f0e053	completed	blocking_activation_result_ready	1741	20	27836972706	77.0001327328288	334_reusable-concurrency-c1-topology-3x4-w20-formal-child2-internal-queue		
1746	967d5fd781d5417fbd5fd781d5417f94	completed	blocking_activation_result_ready	1745	20	27856956787	95.35753781955044	334_reusable-concurrency-c1-topology-3x4-w20-formal-child2-internal-queue		
1747	424a7714ef5449c98a7714ef5499c9c7	completed	blocking_activation_result_ready	1749	20	27960970211	72.57140017942335	334_reusable-concurrency-c1-topology-3x4-w20-formal-child2-internal-queue		
1748	0a2c1cd324944653ac1cd32494b653e7	completed	blocking_activation_result_ready	1748	20	27944261102	74.48788267809874	334_reusable-concurrency-c1-topology-3x4-w20-formal-child2-internal-queue		
1749	45329635b1f04369b29635b1f03369d5	completed	blocking_activation_result_ready	1750	20	27981174072	69.57094471345906	334_reusable-concurrency-c1-topology-3x4-w20-formal-child2-internal-queue		
1750	3f3642a8844142d5b642a8844112d5d6	completed	blocking_activation_result_ready	1747	20	27936362291	76.10234387799166	334_reusable-concurrency-c1-topology-3x4-w20-formal-child2-internal-queue		
1751	f469a1f344f244eca9a1f344f254ecac	completed	blocking_activation_result_ready	1755	20	28024170595	76.13100902672812	334_reusable-concurrency-c1-topology-3x4-w20-formal-child2-internal-queue		
1752	cec362b8ec8244398362b8ec82a43984	completed	blocking_activation_result_ready	1751	20	27984645937	69.84776923163159	334_reusable-concurrency-c1-topology-3x4-w20-formal-child2-internal-queue		
1753	dc56a62d38974b6196a62d38973b613b	completed	blocking_activation_result_ready	1756	20	28046042779	74.25199422757572	334_reusable-concurrency-c1-topology-3x4-w20-formal-child2-internal-queue		
1754	215165db0fe4404e9165db0fe4904e97	completed	blocking_activation_result_ready	1752	20	27997463513	67.52951787820687	334_reusable-concurrency-c1-topology-3x4-w20-formal-child2-internal-queue		
1755	d5d0f11fc45c4f6890f11fc45c8f68e4	completed	blocking_activation_result_ready	1753	20	28012444231	65.28249008098662	334_reusable-concurrency-c1-topology-3x4-w20-formal-child2-internal-queue		
1756	8cbd52263db84f8ebd52263db8af8e47	completed	blocking_activation_result_ready	1754	20	28014170129	71.77781252780942	334_reusable-concurrency-c1-topology-3x4-w20-formal-child2-internal-queue		
1757	c9ed643e74134dd5ad643e74137dd565	completed	blocking_activation_result_ready	1757	20	28047796459	75.62479065639981	334_reusable-concurrency-c1-topology-3x4-w20-formal-child2-internal-queue		
1758	ae9c1cdd9e5840889c1cdd9e586088ea	completed	blocking_activation_result_ready	1760	20	28100984470	73.47382908312886	334_reusable-concurrency-c1-topology-3x4-w20-formal-child2-internal-queue		
1759	723ac710ef654d1ebac710ef65bd1e87	completed	blocking_activation_result_ready	1759	20	28092480546	74.92475054431802	334_reusable-concurrency-c1-topology-3x4-w20-formal-child2-internal-queue		
1760	c1c90a63c9f54c62890a63c9f5bc62a4	completed	blocking_activation_result_ready	1758	20	28082615112	67.83488192002454	334_reusable-concurrency-c1-topology-3x4-w20-formal-child2-internal-queue		
1761	95b7b21daffd4563b7b21daffd5563c5	completed	blocking_activation_result_ready	1766	20	28230072497	58.88405043880571	334_reusable-concurrency-c1-topology-3x4-w20-formal-child2-internal-queue		
1762	c5f2f558adab4e95b2f558adabfe9539	completed	blocking_activation_result_ready	1761	20	28118149390	71.12965312586161	334_reusable-concurrency-c1-topology-3x4-w20-formal-child2-internal-queue		
1763	f5af2a14f17d445faf2a14f17d345fa3	completed	blocking_activation_result_ready	1769	20	28240788805	71.47487847072807	334_reusable-concurrency-c1-topology-3x4-w20-formal-child2-internal-queue		
1764	cc0933ceff694e058933ceff69de0515	completed	blocking_activation_result_ready	1763	20	28203205337	56.40243895990575	334_reusable-concurrency-c1-topology-3x4-w20-formal-child2-internal-queue		
1765	7d91181eeefd47b791181eeefd47b777	completed	blocking_activation_result_ready	1764	20	28228923560	53.270471194177816	334_reusable-concurrency-c1-topology-3x4-w20-formal-child2-internal-queue		
1766	bb9ca435211a42159ca435211a521553	completed	blocking_activation_result_ready	1772	20	28249790411	79.2622592300881	334_reusable-concurrency-c1-topology-3x4-w20-formal-child2-internal-queue		
1767	b7981ff80a034dcb981ff80a035dcbec	completed	blocking_activation_result_ready	1771	20	28244854534	76.861411308405	334_reusable-concurrency-c1-topology-3x4-w20-formal-child2-internal-queue		
1768	741401691390474c9401691390374c38	completed	blocking_activation_result_ready	1762	20	28202429581	55.131645880088186	334_reusable-concurrency-c1-topology-3x4-w20-formal-child2-internal-queue		
1769	dcb67b01b1fb4c8ab67b01b1fb1c8a72	completed	blocking_activation_result_ready	1765	20	28229809935	53.64042145622437	334_reusable-concurrency-c1-topology-3x4-w20-formal-child2-internal-queue		
1770	5de204dc109b4fb7a204dc109befb724	completed	blocking_activation_result_ready	1767	20	28230289211	68.04412470963871	334_reusable-concurrency-c1-topology-3x4-w20-formal-child2-internal-queue		
1771	756875b9179d4ebaa875b9179dbeba67	completed	blocking_activation_result_ready	1768	20	28233989443	69.03018162106551	334_reusable-concurrency-c1-topology-3x4-w20-formal-child2-internal-queue		
1772	834eb89c499347ca8eb89c499307cae4	completed	blocking_activation_result_ready	1775	20	28304644551	71.30786859939323	334_reusable-concurrency-c1-topology-3x4-w20-formal-child2-internal-queue		
1773	fb2f6383129c4073af6383129c707319	completed	blocking_activation_result_ready	1770	20	28243082925	76.36244354061601	334_reusable-concurrency-c1-topology-3x4-w20-formal-child2-internal-queue		
1774	d33093fba2214d49b093fba221ed4935	completed	blocking_activation_result_ready	1773	20	28284629193	73.4794452016787	334_reusable-concurrency-c1-topology-3x4-w20-formal-child2-internal-queue		
1775	1a96ecafaac7436396ecafaac70363f3	completed	blocking_activation_result_ready	1774	20	28292002979	71.98572810954501	334_reusable-concurrency-c1-topology-3x4-w20-formal-child2-internal-queue		
1776	ec9fc9b61a984ee79fc9b61a982ee781	completed	blocking_activation_result_ready	1776	20	28375197799	60.761643556279346	334_reusable-concurrency-c1-topology-3x4-w20-formal-child2-internal-queue		
1777	d401b495a68e49fa81b495a68e39fa62	completed	blocking_activation_result_ready	1779	20	28388648140	67.52933273314163	334_reusable-concurrency-c1-topology-3x4-w20-formal-child2-internal-queue		
1778	caf461b40022467bb461b40022567bca	completed	blocking_activation_result_ready	1782	20	28410527042	96.10881316807608	334_reusable-concurrency-c1-topology-3x4-w20-formal-child2-internal-queue		
1779	0051f1bfaa6b4fc791f1bfaa6b8fc709	completed	blocking_activation_result_ready	1780	20	28394539706	68.13027855514048	334_reusable-concurrency-c1-topology-3x4-w20-formal-child2-internal-queue		
1780	5d58c7bd211f4ed598c7bd211ffed5bd	completed	blocking_activation_result_ready	1784	20	28418833458	105.31309958367731	334_reusable-concurrency-c1-topology-3x4-w20-formal-child2-internal-queue		
1781	4093251a6e3c4e1593251a6e3cee156e	completed	blocking_activation_result_ready	1781	20	28408883468	68.7913853703796	334_reusable-concurrency-c1-topology-3x4-w20-formal-child2-internal-queue		
1782	a5f4aa312812495cb4aa312812495c60	completed	blocking_activation_result_ready	1778	20	28388332718	65.41985023917792	334_reusable-concurrency-c1-topology-3x4-w20-formal-child2-internal-queue		
1783	cd81d056f2e64fb581d056f2e6afb5e4	completed	blocking_activation_result_ready	1786	20	28430853040	99.61124569724866	334_reusable-concurrency-c1-topology-3x4-w20-formal-child2-internal-queue		
1784	978ac18f9c4e4ddf8ac18f9c4e9ddf63	completed	blocking_activation_result_ready	1785	20	28426401448	101.7337915294441	334_reusable-concurrency-c1-topology-3x4-w20-formal-child2-internal-queue		
1785	ae5db70a39484c269db70a39487c26fa	completed	blocking_activation_result_ready	1790	20	28556007096	63.913247532418964	334_reusable-concurrency-c1-topology-3x4-w20-formal-child2-internal-queue		
1786	e31761624b1442cc9761624b1412cc83	completed	blocking_activation_result_ready	1783	20	28410856085	96.31556925573896	334_reusable-concurrency-c1-topology-3x4-w20-formal-child2-internal-queue		
1787	5236eca2a1364083b6eca2a136a0839d	completed	blocking_activation_result_ready	1777	20	28381613238	59.91310580586484	334_reusable-concurrency-c1-topology-3x4-w20-formal-child2-internal-queue		
1788	7332614cd5f84dc7b2614cd5f83dc7d8	completed	blocking_activation_result_ready	1796	20	28583934685	95.81440244346656	334_reusable-concurrency-c1-topology-3x4-w20-formal-child2-internal-queue		
1789	f112e79028904d4d92e7902890bd4df4	completed	blocking_activation_result_ready	1787	20	28489543992	77.14418967648662	334_reusable-concurrency-c1-topology-3x4-w20-formal-child2-internal-queue		
1790	bb8a87b8120e46ed8a87b8120eb6ed59	completed	blocking_activation_result_ready	1789	20	28553117491	64.03510435157403	334_reusable-concurrency-c1-topology-3x4-w20-formal-child2-internal-queue		
1791	f807d01b501d43a087d01b501d43a03b	completed	blocking_activation_result_ready	1788	20	28544581402	64.39316737108446	334_reusable-concurrency-c1-topology-3x4-w20-formal-child2-internal-queue		
1792	3f2112398517444ea112398517344ed5	completed	blocking_activation_result_ready	1791	20	28562612584	62.940970338910375	334_reusable-concurrency-c1-topology-3x4-w20-formal-child2-internal-queue		
1793	dc64b8203ab04abea4b8203ab04abe2b	completed	blocking_activation_result_ready	1792	20	28562923549	63.870595516466864	334_reusable-concurrency-c1-topology-3x4-w20-formal-child2-internal-queue		
1794	98d1ace434c14cb091ace434c18cb04b	completed	blocking_activation_result_ready	1797	20	28584205289	98.72055641511818	334_reusable-concurrency-c1-topology-3x4-w20-formal-child2-internal-queue		
1795	ab5940e5f5b64eb49940e5f5b6feb405	completed	blocking_activation_result_ready	1794	20	28577231254	70.11927551712746	334_reusable-concurrency-c1-topology-3x4-w20-formal-child2-internal-queue		
1796	93052f2b3e7c4ecf852f2b3e7c1ecf10	completed	blocking_activation_result_ready	1793	20	28563565379	71.70098755132473	334_reusable-concurrency-c1-topology-3x4-w20-formal-child2-internal-queue		
1797	7d676faeacbe4d0da76faeacbead0d31	completed	blocking_activation_result_ready	1795	20	28582509914	71.97730506626694	334_reusable-concurrency-c1-topology-3x4-w20-formal-child2-internal-queue		
1798	16bf5bff28774020bf5bff2877b020cc	completed	blocking_activation_result_ready	1798	20	28584462195	101.97345297565852	334_reusable-concurrency-c1-topology-3x4-w20-formal-child2-internal-queue		
1799	716125ec89ed4cdda125ec89ed0cddb8	completed	blocking_activation_result_ready	1801	20	28667968549	77.19471890394183	334_reusable-concurrency-c1-topology-3x4-w20-formal-child2-internal-queue		
1800	a821a2b266ae467da1a2b266aee67d4e	completed	blocking_activation_result_ready	1799	20	28653380193	75.54808635129649	334_reusable-concurrency-c1-topology-3x4-w20-formal-child2-internal-queue		
1801	bc10b65d8c20435990b65d8c205359f0	completed	blocking_activation_result_ready	1807	20	28732681143	82.25809966819921	334_reusable-concurrency-c1-topology-3x4-w20-formal-child2-internal-queue		
1802	1cc8ddb0fe1346f288ddb0fe1366f25e	completed	blocking_activation_result_ready	1800	20	28659145120	75.58424333675954	334_reusable-concurrency-c1-topology-3x4-w20-formal-child2-internal-queue		
1803	e671bc90ddfc4d6fb1bc90ddfc2d6f7b	completed	blocking_activation_result_ready	1802	20	28696883063	69.84312720283259	334_reusable-concurrency-c1-topology-3x4-w20-formal-child2-internal-queue		
1804	eb9acd72b6274c0f9acd72b6271c0f5f	completed	blocking_activation_result_ready	1804	20	28706295408	69.57442541525931	334_reusable-concurrency-c1-topology-3x4-w20-formal-child2-internal-queue		
1805	6559221fe6b1422899221fe6b112285f	completed	blocking_activation_result_ready	1808	20	28743621459	100.48228633696583	334_reusable-concurrency-c1-topology-3x4-w20-formal-child2-internal-queue		
1806	e49181b074f641af9181b074f6f1afb1	completed	blocking_activation_result_ready	1803	20	28700167758	69.129599205629	334_reusable-concurrency-c1-topology-3x4-w20-formal-child2-internal-queue		
1807	8dc5c4b8bfdc454e85c4b8bfdcf54ee9	completed	blocking_activation_result_ready	1810	20	28747252105	104.57789253993029	334_reusable-concurrency-c1-topology-3x4-w20-formal-child2-internal-queue		
1808	24c045dd33434b4f8045dd3343bb4f84	completed	blocking_activation_result_ready	1805	20	28713712986	69.61084869484078	334_reusable-concurrency-c1-topology-3x4-w20-formal-child2-internal-queue		
1809	4efd01eb105d4798bd01eb105dd798ba	completed	blocking_activation_result_ready	1811	20	28781755857	91.26449434749476	334_reusable-concurrency-c1-topology-3x4-w20-formal-child2-internal-queue		
1810	dca26933e04d467ea26933e04d167e7b	completed	blocking_activation_result_ready	1809	20	28746691982	103.31939862882037	334_reusable-concurrency-c1-topology-3x4-w20-formal-child2-internal-queue		
1811	a3713d46d9b64eb8b13d46d9b6beb8be	completed	blocking_activation_result_ready	1806	20	28723366822	68.37284678777974	334_reusable-concurrency-c1-topology-3x4-w20-formal-child2-internal-queue		
1812	481626006102465e9626006102265e4a	completed	blocking_activation_result_ready	1814	20	28837133477	76.952015912538	334_reusable-concurrency-c1-topology-3x4-w20-formal-child2-internal-queue		
1813	30cfdb12119740c18fdb121197b0c1a8	completed	blocking_activation_result_ready	1812	20	28821631324	77.3073016456502	334_reusable-concurrency-c1-topology-3x4-w20-formal-child2-internal-queue		
1814	42ec6db907c44693ac6db907c4669364	completed	blocking_activation_result_ready	1813	20	28833895407	73.98364195042365	334_reusable-concurrency-c1-topology-3x4-w20-formal-child2-internal-queue		
1815	58639f93132a4ae2a39f93132a6ae2ce	completed	blocking_activation_result_ready	1817	20	28861227177	72.19646124135866	334_reusable-concurrency-c1-topology-3x4-w20-formal-child2-internal-queue		
1816	5356a1395341499796a1395341c997c6	completed	blocking_activation_result_ready	1816	20	28851543500	74.73595367178021	334_reusable-concurrency-c1-topology-3x4-w20-formal-child2-internal-queue		
1817	5808b06b6aee4f0d88b06b6aee6f0dbd	completed	blocking_activation_result_ready	1819	20	28882007217	87.47872255031409	334_reusable-concurrency-c1-topology-3x4-w20-formal-child2-internal-queue		
1818	81bca52235a34eb6bca52235a33eb6ba	completed	blocking_activation_result_ready	1815	20	28843110361	76.74583919650759	334_reusable-concurrency-c1-topology-3x4-w20-formal-child2-internal-queue		
1819	adf985601c9d4d06b985601c9d4d06a7	completed	blocking_activation_result_ready	1821	20	28891697695	89.39380656286956	334_reusable-concurrency-c1-topology-3x4-w20-formal-child2-internal-queue		
1820	733a2e384d814c45ba2e384d812c4513	completed	blocking_activation_result_ready	1820	20	28888008505	87.38837800550752	334_reusable-concurrency-c1-topology-3x4-w20-formal-child2-internal-queue		
1821	10dd42748a4d448d9d42748a4dd48d93	completed	blocking_activation_result_ready	1818	20	28872155928	69.5183721641931	334_reusable-concurrency-c1-topology-3x4-w20-formal-child2-internal-queue		
1822	112455b58c1142c7a455b58c1102c788	completed	blocking_activation_result_ready	1823	19	28920748166	90.66988397265092	334_reusable-concurrency-c1-topology-3x4-w20-formal-child2-internal-queue		
1823	0c1f2f25d5e84da29f2f25d5e8eda2b3	completed	blocking_activation_result_ready	1822	20	28898542168	99.17727245690196	334_reusable-concurrency-c1-topology-3x4-w20-formal-child2-internal-queue		
1824	9034d50f43564495b4d50f4356f49536	completed	blocking_activation_result_ready	1827	15	28990654276	77.52745321738601	334_reusable-concurrency-c1-topology-3x4-w20-formal-child2-internal-queue		
1825	fff8ad93f24d49a4b8ad93f24da9a4bb	completed	blocking_activation_result_ready	1824	18	28953692646	80.8416462596078	334_reusable-concurrency-c1-topology-3x4-w20-formal-child2-internal-queue		
1826	7d50dbac3de14b9e90dbac3de1ab9eb5	completed	blocking_activation_result_ready	1831	11	29006484931	88.99605041757971	334_reusable-concurrency-c1-topology-3x4-w20-formal-child2-internal-queue		
1827	edc729b62fec40508729b62fecc050b6	completed	blocking_activation_result_ready	1825	17	28986644530	73.27844816647503	334_reusable-concurrency-c1-topology-3x4-w20-formal-child2-internal-queue		
1828	4e15cb53ac014d8f95cb53ac012d8f59	completed	blocking_activation_result_ready	1829	13	28994998599	80.54557805038276	334_reusable-concurrency-c1-topology-3x4-w20-formal-child2-internal-queue		
1829	7c335c4f7def4a9bb35c4f7def5a9bfc	completed	blocking_activation_result_ready	1826	16	28987014741	75.85874402445027	334_reusable-concurrency-c1-topology-3x4-w20-formal-child2-internal-queue		
1830	ba005716b81440f0805716b814e0f095	completed	blocking_activation_result_ready	1830	12	28995829456	80.45785313723131	334_reusable-concurrency-c1-topology-3x4-w20-formal-child2-internal-queue		
1831	1eaa0ae1a9be4695aa0ae1a9be16957a	completed	blocking_activation_result_ready	1828	14	28993109374	80.16420354468873	334_reusable-concurrency-c1-topology-3x4-w20-formal-child2-internal-queue		
1832	f7c95b5d40784730895b5d40787730ae	completed	blocking_activation_result_ready	1832	10	29020598159	100.51926493176614	334_reusable-concurrency-c1-topology-3x4-w20-formal-child2-internal-queue		
1833	e04a1a53ad104fb88a1a53ad10afb829	completed	blocking_activation_result_ready	1833	9	29038757073	97.62685421097767	334_reusable-concurrency-c1-topology-3x4-w20-formal-child2-internal-queue		
1834	66df19dbe6a84b759f19dbe6a8bb75c1	completed	blocking_activation_result_ready	1835	7	29053668237	94.98576058964424	334_reusable-concurrency-c1-topology-3x4-w20-formal-child2-internal-queue		
1835	79969da4330c4d80969da4330c4d80b9	completed	blocking_activation_result_ready	1834	8	29046235741	95.64697969984677	334_reusable-concurrency-c1-topology-3x4-w20-formal-child2-internal-queue		
1836	f59e16306c104e489e16306c103e48f2	completed	blocking_activation_result_ready	1841	1	29139490865	80.71247484343495	334_reusable-concurrency-c1-topology-3x4-w20-formal-child2-internal-queue		
1837	6d4c897c43a245c38c897c43a2a5c36b	completed	blocking_activation_result_ready	1837	5	29104495710	82.21367454869306	334_reusable-concurrency-c1-topology-3x4-w20-formal-child2-internal-queue		
1838	a2b5f60363ab4a3fb5f60363ab6a3fc6	completed	blocking_activation_result_ready	1839	3	29116104023	85.43474104469414	334_reusable-concurrency-c1-topology-3x4-w20-formal-child2-internal-queue		
1839	52ea9b93c93b42ddaa9b93c93be2dd00	completed	blocking_activation_result_ready	1836	6	29094951507	82.16656570381434	334_reusable-concurrency-c1-topology-3x4-w20-formal-child2-internal-queue		
1840	bf9c84f2d9be42359c84f2d9be22359f	completed	blocking_activation_result_ready	1840	2	29127928251	83.36120862682141	334_reusable-concurrency-c1-topology-3x4-w20-formal-child2-internal-queue		
1841	b7a887977011428ca887977011c28cbf	completed	blocking_activation_result_ready	1838	4	29116020030	82.01289093382019	334_reusable-concurrency-c1-topology-3x4-w20-formal-child2-internal-queue		
1842	75854d34e7ea4d89854d34e7ea4d890a	completed	blocking_activation_result_ready	1842	0	29177959593	71.57749735901403	334_reusable-concurrency-c1-topology-3x4-w20-formal-child2-internal-queue		
